seed,k,gamma_0.00,gamma_0.30,gamma_0.50,gamma_0.70,gamma_0.90,gamma_1.00,gamma_1.20,gamma_1.50,gamma_2.00
191664964,1,0.03931428571428571,0.08105714285714286,0.1477,0.2473857142857143,0.34272857142857144,0.38734285714285716,0.4460571428571429,0.5016,0.5496428571428571
191664964,2,0.06402142857142858,0.1194,0.19882857142857144,0.2998571428571429,0.3837357142857143,0.4177142857142857,0.46090714285714285,0.4979928571428571,0.5232071428571429
191664964,3,0.08329999999999997,0.1459095238095238,0.22907142857142856,0.32377142857142854,0.3975142857142857,0.4235761904761905,0.45700952380952375,0.4816047619047618,0.49470952380952377
191664964,4,0.09999642857142857,0.16597857142857142,0.24926428571428572,0.3361607142857143,0.39963571428571426,0.421925,0.44752142857142857,0.4640892857142857,0.4683785714285714
191664964,5,0.11383142857142857,0.18313714285714286,0.2635857142857143,0.34369428571428573,0.39896857142857145,0.41759428571428575,0.4379542857142858,0.44849714285714287,0.4466742857142858
191664964,6,0.1265261904761905,0.19694761904761904,0.27519523809523805,0.3490214285714286,0.39666428571428564,0.41217619047619053,0.42792619047619046,0.43425476190476187,0.42944047619047615
191664964,7,0.1373551020408163,0.20875306122448972,0.28424897959183665,0.3522551020408163,0.3936673469387755,0.4069061224489796,0.418969387755102,0.4221755102040816,0.41418775510204076
191664964,8,0.14760178571428573,0.21874821428571428,0.2916017857142857,0.35417857142857145,0.39095714285714284,0.4020625,0.4108928571428571,0.4119357142857143,0.4014892857142857
191664964,9,0.15694603174603175,0.2276619047619048,0.2975777777777778,0.3554269841269841,0.38799841269841273,0.39751904761904766,0.40388571428571424,0.40261746031746026,0.39036031746031746
191664964,10,0.1656457142857143,0.23563142857142858,0.3022671428571429,0.3562242857142857,0.3851,0.3933828571428572,0.3978514285714286,0.39506,0.3813085714285715
191664964,11,0.17327662337662333,0.24257012987012982,0.3066311688311688,0.3566636363636363,0.38204805194805186,0.38916103896103893,0.39179220779220775,0.3880961038961038,0.373103896103896
191664964,12,0.1803690476190476,0.2487666666666667,0.3102869047619047,0.3567940476190476,0.3794559523809524,0.3852916666666667,0.3864345238095238,0.38196547619047616,0.36593571428571425
191664964,13,0.18732527472527474,0.2545527472527473,0.31345054945054945,0.35693076923076933,0.37699120879120884,0.38191648351648355,0.3818857142857142,0.3763285714285714,0.359578021978022
191664964,14,0.19404183673469388,0.26006632653061224,0.31638979591836736,0.35714183673469385,0.3749704081632653,0.3787438775510204,0.37813163265306116,0.3716632653061224,0.35423163265306123
191664964,15,0.20021047619047622,0.2649457142857143,0.31913904761904754,0.356812380952381,0.3727780952380953,0.37587619047619053,0.3744438095238095,0.3671857142857144,0.34939333333333333
191664964,16,0.20603660714285715,0.26966875,0.32146071428571427,0.3566580357142857,0.3707392857142857,0.37333571428571427,0.37088482142857143,0.3630339285714286,0.345175
191664964,17,0.21173025210084032,0.2740714285714286,0.3236966386554621,0.3568193277310925,0.36918991596638656,0.3709336134453781,0.3678268907563024,0.35970588235294115,0.34113865546218486
191664964,18,0.21703888888888886,0.27813730158730154,0.3257150793650793,0.35677063492063493,0.36758412698412707,0.3688309523809524,0.3650555555555555,0.35653015873015875,0.3377142857142857
191664964,19,0.22217368421052633,0.28194661654135333,0.32751278195488726,0.35639699248120293,0.36606165413533825,0.36690902255639096,0.3626187969924811,0.35353759398496243,0.3345511278195489
191664964,20,0.22688999999999995,0.2854735714285714,0.329095,0.35632857142857144,0.3646307142857143,0.365155,0.36043285714285717,0.35090428571428567,0.3316357142857143
191664964,21,0.23144353741496598,0.2889727891156462,0.33076938775510195,0.3561829931972789,0.36341564625850337,0.3633877551020408,0.35828503401360545,0.34835238095238097,0.32879795918367344
191664964,22,0.2359012987012987,0.2922707792207792,0.3322363636363636,0.35617857142857146,0.3621103896103896,0.36189675324675324,0.3563233766233766,0.34605974025974023,0.3263571428571428
191664964,23,0.24007018633540372,0.2951428571428572,0.33363354037267084,0.35589689440993794,0.36104782608695646,0.36042546583850926,0.35442236024844714,0.3439316770186336,0.3239378881987578
191664964,24,0.2440482142857143,0.2980255952380952,0.33493571428571434,0.35580773809523814,0.35998511904761904,0.3590190476190476,0.35267500000000007,0.3419720238095238,0.32174523809523814
191664964,25,0.24790399999999999,0.30048971428571436,0.3361862857142857,0.35568971428571433,0.3590068571428572,0.35786400000000007,0.35104171428571435,0.3402200000000001,0.319792
191664964,26,0.2515906593406594,0.3030576923076923,0.3373895604395604,0.35557912087912086,0.35811208791208793,0.3565148351648352,0.3495868131868132,0.3384384615384616,0.31783186813186814
191664964,27,0.25517089947089944,0.3054322751322751,0.33831746031746024,0.35552169312169307,0.35726825396825396,0.3554232804232804,0.34828888888888887,0.3368132275132275,0.3160978835978836
191664964,28,0.25857091836734686,0.3077872448979592,0.3393959183673469,0.3554969387755102,0.35647295918367344,0.3543744897959184,0.34709183673469385,0.3353357142857143,0.31454387755102037
191664964,29,0.26182857142857147,0.3099418719211823,0.3404334975369458,0.3554374384236454,0.3556847290640395,0.3534527093596059,0.3459108374384236,0.3339847290640394,0.3131226600985222
191664964,30,0.2649561904761905,0.31194,0.3412838095238095,0.3552942857142856,0.35489142857142847,0.3525790476190477,0.34469380952380946,0.33262857142857144,0.31173666666666666
191664964,31,0.2680285714285714,0.31398294930875575,0.34225299539170506,0.3552557603686635,0.3542797235023042,0.3517857142857142,0.3436562211981567,0.3314354838709678,0.31041520737327183
191664964,32,0.27088839285714283,0.3159241071428571,0.3430325892857143,0.35525625,0.3536991071428571,0.35097589285714287,0.3426102678571429,0.3302178571428571,0.30923482142857145
191664964,33,0.27375757575757564,0.3177935064935064,0.34376060606060593,0.35519999999999996,0.3531294372294371,0.3503268398268397,0.34172770562770555,0.3291147186147186,0.30812207792207785
191664964,34,0.27657521008403363,0.3196050420168067,0.3445579831932773,0.3551894957983194,0.35264957983193274,0.3496819327731092,0.34098151260504206,0.32819873949579825,0.3070525210084034
191664964,35,0.27920653061224493,0.32129510204081635,0.34533714285714284,0.3551367346938775,0.3521359183673469,0.3490416326530612,0.34015061224489795,0.3272644897959184,0.3060689795918367
191664964,36,0.28182539682539687,0.32301071428571426,0.3461039682539683,0.3551642857142857,0.35169801587301586,0.34848214285714285,0.33945793650793643,0.3264103174603175,0.3051579365079365
191664964,37,0.28429459459459455,0.3244432432432433,0.3467915057915058,0.35510115830115835,0.35120154440154433,0.34787027027027023,0.3387737451737452,0.32557413127413126,0.3042173745173745
191664964,38,0.2867172932330827,0.32594097744360906,0.34751466165413536,0.3551015037593985,0.3507413533834587,0.3473022556390977,0.33819849624060155,0.32477142857142854,0.30340451127819545
191664964,39,0.28914542124542125,0.3273805860805861,0.34814542124542125,0.3551014652014652,0.3503959706959708,0.3468728937728938,0.3375992673992674,0.32404761904761903,0.3027018315018315
191664964,40,0.2914792857142857,0.3287489285714286,0.34882678571428566,0.35511964285714287,0.35009857142857137,0.346375,0.3370228571428572,0.3233432142857143,0.3019971428571429
191664964,41,0.29380836236933805,0.3300780487804879,0.34933519163763077,0.35509337979094086,0.34977630662020914,0.34590313588850174,0.3365526132404182,0.3226829268292683,0.3013226480836238
191664964,42,0.29604557823129246,0.3314649659863945,0.3498877551020408,0.35506564625850334,0.34946734693877546,0.3453969387755102,0.3360275510204082,0.3220241496598639,0.3005897959183673
191664964,43,0.2981491694352159,0.33281727574750836,0.35045747508305647,0.3550936877076412,0.34920697674418605,0.3449784053156147,0.3355514950166113,0.3215023255813954,0.299975415282392
191664964,44,0.3002227272727273,0.3340551948051947,0.3509600649350649,0.35509155844155843,0.3489746753246753,0.3445860389610389,0.3351224025974026,0.3208987012987013,0.29933019480519474
191664964,45,0.3022171428571428,0.3352488888888889,0.35152730158730155,0.3551323809523809,0.3486907936507937,0.34421619047619045,0.3346806349206348,0.32043365079365077,0.29878857142857146
191664964,46,0.3042111801242236,0.3364586956521739,0.352039751552795,0.35523633540372673,0.34850031055900615,0.3438145962732919,0.3343052795031056,0.3199201863354037,0.2982329192546584
191664964,47,0.30606200607902734,0.3374741641337386,0.3525021276595745,0.3552486322188449,0.34827689969604864,0.3434653495440729,0.3339322188449848,0.3194671732522796,0.2977781155015198
191664964,48,0.3078919642857143,0.338628869047619,0.3529955357142857,0.35521577380952385,0.34805357142857146,0.3432074404761905,0.3335934523809524,0.31908690476190477,0.2973339285714286
191664964,49,0.30959300291545194,0.33969620991253646,0.35345451895043734,0.3552658892128279,0.3478221574344023,0.3428513119533528,0.3333218658892128,0.31859941690962096,0.29684635568513124
191664964,50,0.311324,0.34075142857142854,0.3538808571428572,0.35531285714285715,0.34761085714285717,0.3426248571428571,0.3330394285714286,0.31819371428571425,0.2965057142857143
191664964,51,0.31302268907563024,0.34184481792717086,0.3543347338935574,0.355353781512605,0.3475467787114846,0.3423957983193277,0.3327557422969188,0.31791904761904766,0.29617843137254907
191664964,52,0.3146870879120879,0.3428777472527472,0.35482032967032967,0.3554197802197802,0.3473678571428571,0.3421576923076923,0.3324958791208791,0.3176173076923077,0.29582912087912094
191664964,53,0.3162638814016172,0.3438312668463612,0.35525902964959566,0.3555086253369273,0.34728652291105117,0.3420285714285714,0.33231347708894887,0.3172792452830189,0.2955479784366577
191664964,54,0.317841798941799,0.34481640211640213,0.3557439153439153,0.35564338624338626,0.347187037037037,0.3419253968253968,0.33211428571428564,0.3170034391534392,0.2953174603174603
191664964,55,0.31933376623376625,0.34576597402597403,0.35619584415584415,0.35574675324675326,0.34707792207792204,0.34175766233766236,0.3319236363636363,0.3167405194805195,0.2950187012987012
191664964,56,0.32086479591836736,0.3467375,0.3566140306122449,0.3558051020408163,0.3470066326530612,0.34156301020408164,0.3317387755102041,0.3164637755102041,0.294775
191664964,57,0.3223285714285714,0.34760100250626563,0.35702380952380947,0.3559253132832081,0.34696917293233087,0.34150100250626564,0.33160952380952385,0.3162691729323308,0.2945471177944862
191664964,58,0.32382610837438425,0.34848768472906405,0.35749039408867,0.3560566502463054,0.34697512315270934,0.341451724137931,0.3315177339901477,0.3160487684729064,0.2943445812807882
191664964,59,0.32526924939467305,0.34937554479418886,0.3578576271186441,0.3561900726392252,0.3469491525423729,0.34135835351089583,0.3314307506053269,0.3158469733656174,0.29418353510895884
191664964,60,0.3266490476190476,0.3502057142857143,0.3582080952380952,0.3563166666666666,0.34688,0.34125428571428573,0.3312885714285715,0.31565404761904764,0.2940157142857143
191664964,61,0.3279695550351288,0.35099484777517564,0.3586248243559718,0.3564700234192038,0.34687517564402814,0.34120796252927404,0.33121053864168615,0.3154660421545667,0.2938770491803278
191664964,62,0.3292799539170507,0.3517857142857143,0.35895852534562206,0.35657926267281104,0.3468647465437788,0.341110599078341,0.3311322580645161,0.31532880184331796,0.29374285714285714
191664964,63,0.3306337868480725,0.35254421768707483,0.3593108843537415,0.3567396825396825,0.34686848072562365,0.3410859410430839,0.33106802721088435,0.31522607709750566,0.2936299319727891
191664964,64,0.3319667410714286,0.3533435267857143,0.3596729910714286,0.35689151785714285,0.3468761160714286,0.341065625,0.3310886160714286,0.3151477678571429,0.2935861607142857
191664964,65,0.33325054945054944,0.35411274725274733,0.3600492307692308,0.3570578021978022,0.3468953846153846,0.34106857142857144,0.3310336263736264,0.31503120879120877,0.293521978021978
191664964,66,0.33445367965367967,0.3548435064935065,0.3604045454545455,0.3571318181818181,0.34689848484848484,0.3410891774891775,0.33099329004329003,0.3149508658008658,0.2934075757575757
191664964,67,0.33562942430703624,0.35558017057569297,0.3607537313432836,0.3572620469083156,0.3469336886993604,0.34106588486140726,0.330981236673774,0.31488123667377405,0.2933196162046908
191664964,68,0.33682163865546216,0.35624012605042016,0.3610588235294117,0.3573271008403361,0.3469220588235295,0.34102415966386557,0.3309430672268908,0.31480189075630255,0.29329516806722694
191664964,69,0.337984265010352,0.35693995859213246,0.3614416149068323,0.3574786749482402,0.34694492753623196,0.34105217391304343,0.33094037267080756,0.31476045548654247,0.2932474120082816
191664964,70,0.3390995918367347,0.3576302040816326,0.3617463265306123,0.3575851020408164,0.34693163265306126,0.3410626530612245,0.33090061224489803,0.3146738775510204,0.29316734693877544
191664964,71,0.34018068410462765,0.3583148893360161,0.3621088531187122,0.35773561368209256,0.3469867203219316,0.34106016096579483,0.33088832997987927,0.314633199195171,0.29311509054325957
191664964,72,0.3412801587301587,0.3589144841269841,0.3624875000000001,0.35789980158730156,0.34703214285714284,0.34111369047619045,0.33087182539682536,0.314534126984127,0.29305039682539674
191664964,73,0.34234500978473575,0.3595135029354208,0.3628178082191781,0.3580217221135029,0.3470731898238748,0.341133072407045,0.33084070450097847,0.314471819960861,0.2930080234833659
191664964,74,0.34343861003861004,0.3600886100386101,0.36314073359073357,0.35816042471042464,0.3471501930501931,0.34118571428571426,0.33086235521235524,0.3144472972972973,0.292984555984556
191664964,75,0.3445180952380953,0.3606849523809524,0.36345257142857146,0.35832800000000004,0.3471990476190477,0.34122838095238095,0.3309015238095238,0.3144575238095238,0.2930601904761905
191664964,76,0.34552612781954883,0.36129605263157905,0.36374454887218055,0.3584580827067669,0.3472428571428571,0.3412545112781955,0.3309618421052632,0.31444605263157893,0.293059962406015
191664964,77,0.3465111317254175,0.3618369202226345,0.3640421150278294,0.35857551020408157,0.34731799628942484,0.3412827458256029,0.33097272727272725,0.3144118738404453,0.2930365491651206
191664964,78,0.3474527472527472,0.36242527472527475,0.3643274725274725,0.35867967032967035,0.3474042124542125,0.3413283882783883,0.3310307692307692,0.31441611721611723,0.2930490842490842
191664964,79,0.34841826401446657,0.36298444846292943,0.3646481012658228,0.3587811934900542,0.34750343580470155,0.341401808318264,0.3310886075949367,0.31445370705244124,0.29304792043399636
191664964,80,0.34934375,0.3635164285714285,0.3649482142857143,0.35892250000000003,0.34759214285714285,0.34145142857142863,0.33111214285714285,0.31441339285714287,0.2930716071428571
191664964,81,0.350279188712522,0.36407865961199287,0.3652400352733686,0.3590229276895943,0.347684126984127,0.34150970017636684,0.3311347442680776,0.31440052910052907,0.29302980599647266
191664964,82,0.3511787456445994,0.3646257839721254,0.3655163763066202,0.35918188153310104,0.3477891986062718,0.34157874564459934,0.33120069686411147,0.31441742160278746,0.2930867595818816
191664964,83,0.35202323580034417,0.3651432013769363,0.3657987951807229,0.35930998278829607,0.3479025817555938,0.3416528399311532,0.33125163511187605,0.31445094664371775,0.29311996557659215
191664964,84,0.3528950680272109,0.3656324829931973,0.36607482993197277,0.35944200680272115,0.3479732993197278,0.3417598639455783,0.33127721088435375,0.3144843537414966,0.29319710884353745
191664964,85,0.3537709243697479,0.3661699159663866,0.36640672268907565,0.35958268907563024,0.3480542857142857,0.34187546218487397,0.33135495798319325,0.3145509243697479,0.29328605042016803
191664964,86,0.3546099667774087,0.36669285714285715,0.3666878737541528,0.3597038205980066,0.3481196013289036,0.3419312292358804,0.33142275747508304,0.31459916943521593,0.2933131229235881
191664964,87,0.3554591133004926,0.3671648604269294,0.36696403940886696,0.35983940886699506,0.34819162561576356,0.34199211822660097,0.3314724137931035,0.31463842364532024,0.293391461412151
191664964,88,0.35624756493506493,0.36765470779220777,0.3672211038961039,0.3599762987012987,0.34832629870129866,0.34210470779220775,0.33155324675324677,0.31468912337662336,0.2934576298701299
191664964,89,0.3570370786516854,0.3681507223113965,0.36747897271268054,0.3600921348314606,0.348438683788122,0.34223515248796155,0.3316245585874799,0.3147727126805779,0.29356629213483143
191664964,90,0.3578660317460317,0.36868190476190477,0.3677573015873015,0.3602779365079365,0.34859095238095233,0.342357619047619,0.3317607936507936,0.314861746031746,0.29366730158730153
191664964,91,0.3585273155416012,0.3690623233908948,0.36798697017268445,0.36040486656200943,0.34867786499215064,0.34243422291993725,0.33181412872841437,0.31495368916797484,0.2937756671899529
191664964,92,0.3591639751552795,0.36945978260869566,0.3682295031055901,0.3605409937888198,0.3488295031055901,0.3425358695652174,0.3319217391304348,0.31506552795031056,0.2938784161490683
191664964,93,0.3598010752688172,0.3698658986175114,0.36847112135176646,0.36067142857142853,0.3489863287250384,0.3426437788018432,0.33198894009216584,0.315131797235023,0.2939869431643625
191664964,94,0.3604218844984802,0.3702843465045592,0.3687015197568389,0.3607755319148936,0.34911550151975684,0.34274422492401213,0.3321268996960486,0.31524300911854103,0.29408799392097257
191664964,95,0.36104526315789465,0.37066345864661654,0.3689174436090225,0.3608723308270676,0.3492151879699248,0.34283157894736843,0.3322027067669173,0.3153192481203007,0.294195939849624
191664964,96,0.3616513392857143,0.3710416666666667,0.369168005952381,0.3609953869047619,0.34936726190476186,0.342968005952381,0.33231994047619046,0.31543258928571427,0.29429181547619043
191664964,97,0.36224668630338736,0.3714369661266569,0.36940736377025035,0.36114020618556697,0.34949926362297506,0.3430780559646539,0.3324415316642121,0.3155634756995581,0.2944284241531664
191664964,98,0.3628655976676385,0.37180437317784254,0.3696160349854227,0.3612620991253644,0.3496316326530613,0.34318994169096206,0.3325559766763848,0.3156772594752187,0.29452521865889214
191664964,99,0.3634584415584416,0.37219292929292935,0.3698414141414141,0.361375036075036,0.3497763347763348,0.3433255411255411,0.33269480519480515,0.31579985569985575,0.29463852813852814
191664964,100,0.36404,0.3725594285714286,0.3700632857142857,0.36154957142857147,0.3499262857142857,0.3434821428571429,0.3328334285714286,0.31594857142857147,0.2947608571428571
191664964,101,0.36463932107496466,0.3729374823196606,0.37028953323903824,0.3617049504950495,0.3500719943422914,0.3436144271570014,0.3329540311173975,0.31608811881188115,0.294906647807638
191664964,102,0.3651921568627451,0.373283893557423,0.3704970588235294,0.361840056022409,0.3501827731092438,0.3437394957983193,0.3330589635854342,0.3162022408963585,0.2950296918767507
191664964,103,0.36575755894590845,0.3736456310679611,0.37069098474341194,0.361931067961165,0.3503002773925104,0.34386893203883495,0.33316352288488205,0.31632260748959773,0.29514563106796116
191664964,104,0.3663027472527472,0.37398859890109887,0.37088351648351653,0.36208749999999995,0.3504061813186813,0.3439733516483517,0.33323873626373635,0.3164596153846155,0.29525425824175816
191664964,105,0.366841224489796,0.37434122448979595,0.37110054421768707,0.36219306122448974,0.3505212244897959,0.34407850340136054,0.33335945578231296,0.31659673469387756,0.29539047619047615
191664964,106,0.3674249326145552,0.37472695417789753,0.3713427223719677,0.36232398921832887,0.3506535040431267,0.34420283018867914,0.3334830188679246,0.31674919137466306,0.29552196765498656
191664964,107,0.36794539385847796,0.37505887850467284,0.3715711615487316,0.36246728971962616,0.35078811748998656,0.34434098798397855,0.3336313751668891,0.3168750333778371,0.2956734312416555
191664964,108,0.3684347883597883,0.37543544973544973,0.37180291005291005,0.3626101851851852,0.3509473544973544,0.344496164021164,0.3337738095238096,0.31702817460317456,0.2958301587301587
191664964,109,0.3689203145478375,0.37577077326343383,0.3719878112712975,0.36273512450851914,0.3510551769331586,0.3446028833551769,0.3338770642201835,0.31715058977719535,0.29596631716906946
191664964,110,0.36942883116883113,0.37610025974025973,0.3722011688311688,0.3628744155844156,0.35116753246753246,0.34474155844155846,0.3339844155844156,0.3172823376623376,0.2960988311688312
191664964,111,0.36992857142857144,0.3764317889317889,0.37245688545688543,0.3630059202059202,0.35130501930501934,0.34488725868725867,0.33409768339768336,0.317409009009009,0.29623024453024455
191664964,112,0.37042295918367346,0.37675624999999996,0.372638137755102,0.363127168367347,0.35141913265306124,0.3450207908163266,0.33419260204081636,0.317547193877551,0.2963642857142857
191664964,113,0.37090670037926676,0.3770740834386852,0.37285094816687736,0.36327800252844505,0.35157648546144127,0.34515448798988624,0.33429646017699116,0.31763994943109986,0.2965125158027813
191664964,114,0.37140664160401005,0.37739072681704255,0.37304110275689223,0.36342067669172934,0.3517518796992481,0.3453093984962406,0.3344342105263158,0.31779586466165416,0.29667105263157895
191664964,115,0.37191850931677023,0.37772944099378886,0.37322993788819875,0.3636044720496894,0.3518940372670808,0.3454755279503105,0.3345972670807453,0.3179573913043478,0.2968452173913043
191664964,116,0.3723987684729064,0.37805923645320194,0.373426724137931,0.3637206896551724,0.35204692118226605,0.34560073891625614,0.3347599753694582,0.31808743842364534,0.2969988916256157
191664964,117,0.3729031746031747,0.37836312576312575,0.3736471306471307,0.36388156288156287,0.35219584859584857,0.3457487179487179,0.3349167277167277,0.31827326007326,0.2971796092796093
191664964,118,0.37340677966101693,0.37867203389830506,0.3738543583535109,0.3640572639225182,0.35235351089588385,0.3459217917675545,0.33506864406779663,0.3184490314769976,0.2973745762711864
191664964,119,0.37391308523409356,0.3789816326530612,0.37410360144057625,0.36422340936374553,0.35248523409363747,0.3460752701080433,0.33522653061224494,0.31861848739495796,0.2975603841536614
191664964,120,0.37434892857142854,0.3793027380952381,0.3742959523809523,0.3643809523809524,0.35261011904761896,0.34623035714285716,0.3353917857142857,0.31875738095238093,0.2977221428571428
191664964,121,0.37478476977567887,0.3796097992916175,0.3744919716646989,0.36453907910271544,0.352744746162928,0.34637390791027156,0.3355216056670603,0.31886906729634,0.29788902007083823
191664964,122,0.3752530444964871,0.37994461358313814,0.37470585480093677,0.36470456674473073,0.35289414519906326,0.34653793911007025,0.335673887587822,0.31903758782201397,0.29806381733021076
191664964,123,0.37571114982578396,0.3802577235772358,0.37493414634146344,0.3648472706155632,0.35303333333333337,0.3467135888501741,0.33582485481997676,0.31919895470383275,0.2982435540069687
191664964,124,0.37617142857142855,0.3805519585253456,0.3751115207373272,0.36498536866359443,0.353188594470046,0.34687177419354837,0.3359942396313364,0.3193448156682027,0.29841140552995393
191664964,125,0.37662354285714295,0.38088217142857145,0.3753092571428572,0.3651366857142858,0.3533332571428572,0.34703142857142866,0.33613771428571426,0.31952548571428574,0.29859680000000005
191664964,126,0.3770744897959184,0.3811789115646258,0.37551020408163266,0.36532879818594105,0.3534880952380953,0.3471825396825397,0.3362798185941043,0.3196802721088436,0.2987777777777778
191664964,127,0.3775352080989876,0.3814971878515186,0.3757066366704162,0.3654988751406074,0.35364184476940386,0.34734240719910014,0.33646962879640047,0.3198359955005625,0.29893655793025875
191664964,128,0.3779651785714286,0.38180345982142855,0.375934375,0.36572935267857143,0.35383035714285715,0.3475371651785714,0.33665691964285716,0.3200328125,0.2991310267857143
191664964,129,0.3783686600221483,0.38210664451827236,0.37615681063122924,0.36589501661129564,0.3539956810631229,0.34772812846068657,0.3368118493909192,0.32020863787375414,0.2992859357696567
191664964,130,0.37880593406593405,0.3824052747252747,0.37635593406593404,0.3660653846153846,0.35415967032967033,0.34789835164835164,0.33699648351648354,0.3203652747252747,0.299442087912088
191664964,131,0.3792422028353326,0.3827214830970556,0.3765873500545256,0.36624122137404586,0.35434907306434027,0.34808505997818967,0.3372044711014177,0.3205452562704471,0.2996382769901853
191664964,132,0.37965010822510825,0.38299415584415586,0.3767497835497836,0.36638192640692646,0.35450346320346315,0.34824577922077926,0.3373730519480519,0.3207270562770563,0.29978181818181815
191664964,133,0.38006670247046187,0.38329624060150375,0.37696992481203007,0.3665430719656283,0.35468356605800216,0.3484180451127819,0.3375466165413533,0.3209067669172932,0.2999428571428571
191664964,134,0.38047004264392326,0.3835902985074627,0.37716023454157777,0.36672004264392327,0.354840618336887,0.34859296375266524,0.3377243070362474,0.32109168443496805,0.3001420042643923
191664964,135,0.38087809523809524,0.38390476190476186,0.3773874074074074,0.36689767195767187,0.35502391534391536,0.34878243386243385,0.33790148148148147,0.3212744973544973,0.300318201058201
191664964,136,0.3812809873949579,0.3841714285714286,0.37756207983193274,0.36707132352941174,0.3551553571428571,0.3489443277310925,0.338064705882353,0.32145105042016814,0.3004654411764706
191664964,137,0.38168602711157457,0.384470802919708,0.37776068821689257,0.36724723670490095,0.35531428571428564,0.34912992700729933,0.33822909280500524,0.32165015641293015,0.30067174139728886
191664964,138,0.38208022774327133,0.3847250517598344,0.37793229813664597,0.36740527950310553,0.35545859213250514,0.3492895445134575,0.33837660455486546,0.32178995859213255,0.3008496894409938
191664964,139,0.3824764645426516,0.38499763617677285,0.3781166495375129,0.36758263103802674,0.35562764645426514,0.3494620760534429,0.338553134635149,0.3219654676258993,0.30105405960945525
191664964,140,0.38284489795918375,0.38528499999999993,0.37830469387755095,0.36776183673469387,0.35579510204081627,0.3496433673469388,0.33871448979591834,0.32215755102040816,0.3012229591836735
191664964,141,0.3832305977710233,0.38554883485309016,0.3784892603850051,0.36791702127659576,0.35598186423505573,0.3498179331306991,0.33889787234042557,0.32235015197568384,0.30139888551165145
191664964,142,0.38361217303822936,0.38581539235412476,0.37869788732394366,0.36808390342052316,0.3561424547283702,0.34998812877263585,0.339067907444668,0.3225313883299799,0.30156851106639837
191664964,143,0.3839792207792208,0.38607562437562437,0.37888741258741265,0.3682256743256743,0.3563241758241758,0.3501462537462538,0.33922687312687316,0.32267972027972025,0.30172297702297696
191664964,144,0.38435545634920637,0.3863082341269842,0.3790867063492064,0.3683775793650793,0.3564881944444444,0.3503222222222222,0.33940396825396824,0.32289821428571436,0.3019001984126984
191664964,145,0.38468472906403933,0.386552118226601,0.37928679802955667,0.3685375369458128,0.35667113300492614,0.3504935960591133,0.3395674876847291,0.3230898522167488,0.3020898522167488
191664964,146,0.38504843444227005,0.3867933463796477,0.3794559686888454,0.3686996086105675,0.3568110567514677,0.3506448140900195,0.3397457925636007,0.32327729941291583,0.30227015655577294
191664964,147,0.38541953352769687,0.3870449951409135,0.37965685131195337,0.36885626822157436,0.35697891156462586,0.35083197278911565,0.33993663751214775,0.32347638483965013,0.30246802721088434
191664964,148,0.3857600386100386,0.38729314671814674,0.3798519305019305,0.36900241312741316,0.35714054054054056,0.351002027027027,0.34010685328185336,0.32364044401544406,0.3026502895752896
191664964,149,0.38611658676893573,0.3875504314477469,0.38005033557046985,0.36917315436241616,0.3573291466922339,0.3511950143815915,0.3402929050814956,0.3238242569511026,0.30284736337488016
191664964,150,0.38647780952380945,0.3878092380952381,0.3802334285714286,0.36935133333333336,0.3574938095238095,0.35134952380952383,0.34047514285714287,0.32402114285714284,0.30304723809523804
191664964,151,0.3868377483443709,0.38805771050141913,0.38041769157994326,0.3695264900662252,0.35768438978240297,0.35152601702932834,0.34068457899716176,0.32420577105014187,0.3032340586565752
191664964,152,0.38720610902255637,0.3883123120300752,0.3806052631578947,0.3697019736842106,0.3578536654135338,0.3516864661654135,0.34085545112781956,0.32438176691729326,0.3034035714285715
191664964,153,0.38754864612511675,0.3885472455648926,0.3808109243697479,0.3698833800186741,0.3580301587301587,0.35186713352007476,0.3410338935574229,0.32458151260504203,0.30358720821661994
191664964,154,0.3879132653061224,0.38882717996289423,0.38102198515769947,0.37006966604823743,0.3582220779220779,0.3520547309833024,0.3412187384044527,0.3247916512059369,0.3037918367346939
191664964,155,0.3882420276497696,0.38906894009216586,0.38119640552995393,0.37024414746543777,0.35839216589861755,0.3522118894009217,0.34138543778801844,0.3249657142857143,0.3039786175115208
191664964,156,0.38862042124542123,0.38934020146520143,0.38141126373626366,0.37040833333333334,0.3585833333333333,0.35241602564102564,0.34158415750915755,0.3251467032967033,0.30415686813186815
191664964,157,0.38896087352138303,0.3895594176524113,0.38160627843494094,0.37058125568698813,0.3587630573248408,0.35258780709736126,0.3417759781619654,0.3253483166515014,0.3043363057324841
191664964,158,0.3892944846292948,0.38980641952983724,0.3817971971066908,0.37074981916817357,0.3589339963833635,0.352777034358047,0.34196012658227853,0.32554339963833634,0.3045385171790235
191664964,159,0.38963288409703506,0.39005103324348606,0.3819787960467205,0.3709142857142857,0.35910575022461816,0.35295525606469,0.3421332434860737,0.32571985624438454,0.30473234501347707
191664964,160,0.3899838392857143,0.3903016071428571,0.38217223214285706,0.3710800892857143,0.35927803571428574,0.35315053571428573,0.34232875000000007,0.32591892857142857,0.3049169642857143
191664964,161,0.3903426796805678,0.390556610470275,0.38237062999112686,0.3712461401952086,0.359447471162378,0.3533226264418811,0.3425143744454303,0.3261157054125998,0.30510346051464066
191664964,162,0.390678835978836,0.3907973544973545,0.3825498236331569,0.3714143738977072,0.35961984126984126,0.35348871252204583,0.34271040564373895,0.3263134038800706,0.30529611992945327
191664964,163,0.3909778264680105,0.39101665205959685,0.3827403155127082,0.3715969325153374,0.3597877300613496,0.3536596844872919,0.3428602979842244,0.32646923751095536,0.3054788781770377
191664964,164,0.3912978222996515,0.39123005226480845,0.3829321428571429,0.37177926829268293,0.3599772648083624,0.35383414634146343,0.34303937282229974,0.32664503484320556,0.30565182926829265
191664964,165,0.39159852813852813,0.39146095238095235,0.383107012987013,0.37193731601731606,0.3601338528138528,0.3540167965367966,0.3432234632034632,0.3268219913419913,0.30582580086580086
191664964,166,0.39191480206540447,0.39169741824440624,0.38329423407917385,0.3720877796901893,0.360307487091222,0.3542048192771084,0.34340800344234074,0.32699629948364883,0.3060349397590362
191664964,167,0.3922351582549187,0.39191497005988024,0.38348648417450815,0.3722291702309666,0.3604703165098375,0.35437818648417446,0.3435844311377246,0.3271779298545765,0.3062330196749358
191664964,168,0.39256556122448977,0.39216547619047615,0.3836824829931973,0.372399149659864,0.3606545918367347,0.3545526360544218,0.3437675170068027,0.32736887755102045,0.30643095238095247
191664964,169,0.3928656804733728,0.3923926458157228,0.3838791208791209,0.37255731191885044,0.3608508875739645,0.35473415046491963,0.3439644125105664,0.3275700760777684,0.30663093829247673
191664964,170,0.39318932773109244,0.39264445378151264,0.3840805882352942,0.37272243697478996,0.3610488235294117,0.35493655462184875,0.34417344537815125,0.3277689075630252,0.306831512605042
191664964,171,0.3934952380952381,0.39287468671679193,0.38425171261487046,0.3728837928153718,0.3611955722639933,0.35510559732665,0.344352798663325,0.32795045948203844,0.3070235588972431
191664964,172,0.39379169435215955,0.39308139534883724,0.3844431893687707,0.37304634551495014,0.3613681063122924,0.35529385382059797,0.3445669435215946,0.32815955149501663,0.3072402823920266
191664964,173,0.3940947976878613,0.3933045417010735,0.38463699421965314,0.3732053674649051,0.36153278282411233,0.35547407101568956,0.3447643270024773,0.3283563170933113,0.30744483897605285
191664964,174,0.39438054187192123,0.39350944170771757,0.384808210180624,0.3733738095238095,0.36170459770114943,0.3556494252873563,0.3449493431855501,0.3285565681444992,0.30764852216748767
191664964,175,0.39465926530612244,0.39374057142857144,0.38498399999999994,0.3735347755102041,0.3618620408163265,0.3558262857142857,0.34514032653061233,0.3287549387755102,0.3078458775510204
191664964,176,0.3949413149350649,0.3939616883116884,0.38514212662337666,0.37369512987012987,0.3620323051948052,0.3560084415584415,0.34534172077922076,0.3289284090909091,0.3080290584415585
191664964,177,0.39523373688458435,0.39418563357546405,0.38531840193704603,0.3738643260694108,0.3621947538337369,0.35617441485068596,0.3455192897497982,0.3291138821630347,0.30823397901533495
191664964,178,0.39551942215088287,0.3943991974317817,0.38548988764044945,0.37402423756019265,0.36234028892455855,0.356360353130016,0.3457276083467095,0.3292802568218299,0.30841605136436595
191664964,179,0.395829209896249,0.3946319233838787,0.38567741420590584,0.37418451715881884,0.3625111731843576,0.35653814844373505,0.3459078212290502,0.329464724660814,0.30862593774940145
191664964,180,0.39612174603174605,0.39487134920634914,0.3858746031746032,0.37433738095238095,0.3626881746031746,0.3567355555555556,0.3461022222222222,0.3296556349206349,0.3088249206349206
191664964,181,0.396408681925809,0.3950986582478295,0.3860576953433307,0.3744873717442778,0.3628513812154696,0.3569115232833464,0.3462936858721389,0.3298466456195738,0.3090200473559589
191664964,182,0.39667142857142856,0.39529568288854,0.3862362637362637,0.37463469387755105,0.3629958398744113,0.3570743328100471,0.3464673469387755,0.3300277080062794,0.3092030612244898
191664964,183,0.3969521467603435,0.39549687743950035,0.3863918813427011,0.3748007806401249,0.36316112412177987,0.35725230288836846,0.34666768149882904,0.3302380952380952,0.3093825136612022
191664964,184,0.3972343167701863,0.3957173136645963,0.386560403726708,0.374957298136646,0.36332554347826085,0.3574218167701863,0.34683680124223604,0.3304229037267081,0.3095861024844721
191664964,185,0.3975114285714286,0.39591274131274123,0.38673652509652506,0.37512030888030895,0.36350911196911195,0.35759922779922776,0.34702818532818536,0.33061945945945953,0.30979675675675683
191664964,186,0.3977805683563748,0.39612665130568353,0.3869356374807988,0.3752915514592934,0.3636785714285714,0.3577879416282642,0.34721021505376337,0.33081298003072196,0.3099909370199693
191664964,187,0.398036974789916,0.3963288770053476,0.38709618029029796,0.37545080213903737,0.3638339190221543,0.3579455309396486,0.3473878533231474,0.33099640947288,0.3101831932773109
191664964,188,0.3983074468085106,0.39652857142857145,0.3872609422492401,0.37560212765957446,0.36399247720364747,0.35810683890577505,0.34757857142857146,0.3311925531914893,0.31037895136778115
191664964,189,0.39856727135298564,0.3967312925170068,0.3874271352985639,0.37578412698412694,0.3641630385487529,0.35826969009826154,0.34776167800453517,0.3313801965230536,0.3105694633408919
191664964,190,0.3988144360902255,0.3969155639097744,0.38757586466165417,0.37593150375939843,0.3643397744360902,0.3584403007518797,0.34795864661654136,0.3315842857142857,0.31076406015037594
191664964,191,0.39909162303664913,0.39712692595362753,0.3877590127150337,0.3761020942408376,0.3645289454001496,0.3586178010471204,0.34815759162303667,0.3317820493642483,0.31098047868362005
191664964,192,0.3993660714285715,0.39733043154761905,0.3879456101190476,0.3762418154761904,0.3646963541666667,0.3587821428571429,0.34833549107142864,0.33197284226190477,0.3111769345238095
191664964,193,0.39963005181347155,0.39753515914137666,0.38811354552183563,0.3764018504811251,0.36486380458919315,0.35895181347150257,0.34852553663952623,0.33216180606957807,0.3113765358993338
191664964,194,0.39989285714285716,0.3977414580265096,0.38827606774668627,0.3765584683357879,0.36503181148748165,0.3591293078055965,0.34870868924889536,0.33235964653902794,0.31158365243004416
191664964,195,0.4001522344322345,0.3979330402930403,0.38844058608058607,0.3767186080586081,0.3651918681318681,0.35932783882783886,0.3488989010989011,0.3325539194139195,0.31177890109890116
191664964,196,0.4004303935860058,0.3981469387755102,0.38861858600583093,0.3768724489795919,0.3653530612244898,0.35950313411078716,0.34908666180758013,0.3327446064139941,0.31197230320699704
191664964,197,0.4006839738941262,0.3983431472081218,0.3887772298767223,0.37701841914430745,0.36550855692530815,0.3596690355329949,0.3492646120377085,0.33292204496011607,0.3121574329224075
191664964,198,0.4009386724386724,0.39854747474747476,0.3889396825396825,0.3771962481962482,0.3656578643578643,0.3598432900432901,0.349436507936508,0.3331051226551226,0.31234567099567095
191664964,199,0.40119404163675526,0.39875800430725056,0.3891185211773152,0.37735599425699934,0.3658164393395549,0.35997982770997844,0.3496316582914572,0.33328944723618087,0.3125259152907394
191664964,200,0.40145021428571426,0.3989691428571429,0.3893067142857143,0.37752842857142865,0.36598535714285707,0.36015935714285713,0.34983171428571425,0.33349192857142856,0.31272121428571426
1662057958,1,0.03955714285714286,0.0839,0.14668571428571428,0.24948571428571428,0.3452142857142857,0.38712857142857143,0.4460571428571429,0.5026142857142857,0.5498571428571428
1662057958,2,0.06438571428571428,0.12205,0.19757142857142856,0.29902142857142855,0.3857857142857143,0.4186357142857143,0.4613785714285714,0.4984142857142857,0.5228714285714285
1662057958,3,0.08333809523809523,0.14830476190476188,0.22750476190476188,0.32409999999999994,0.397595238095238,0.4241333333333333,0.4579142857142857,0.4819190476190475,0.4939333333333334
1662057958,4,0.09992857142857142,0.16832857142857144,0.2481357142857143,0.3367928571428571,0.40022857142857143,0.42185,0.44825714285714285,0.463575,0.46798214285714285
1662057958,5,0.11409714285714286,0.18461142857142857,0.2628342857142858,0.3441342857142858,0.39928571428571435,0.41757714285714287,0.43823428571428574,0.44836857142857145,0.44661999999999996
1662057958,6,0.12655714285714284,0.19874047619047616,0.2744142857142857,0.3494642857142858,0.39725,0.4115809523809524,0.4278595238095238,0.43431666666666663,0.42918809523809526
1662057958,7,0.13767346938775507,0.21080408163265302,0.2833408163265306,0.3528224489795918,0.3945816326530612,0.40639795918367344,0.4189897959183674,0.4221020408163265,0.41421224489795916
1662057958,8,0.14770178571428572,0.22118035714285714,0.2906892857142857,0.3546803571428571,0.3915392857142857,0.4014392857142857,0.4110892857142857,0.41154107142857144,0.40146785714285715
1662057958,9,0.1571047619047619,0.22993809523809525,0.2966555555555556,0.35596031746031753,0.38816031746031754,0.3969285714285714,0.4040507936507936,0.4025809523809524,0.39039682539682535
1662057958,10,0.1658557142857143,0.23760857142857142,0.3015842857142857,0.35694,0.3853571428571429,0.3928042857142858,0.39821285714285715,0.3946285714285715,0.3814471428571429
1662057958,11,0.17344025974025973,0.2444324675324675,0.3059207792207792,0.3573103896103895,0.38224415584415583,0.38855844155844144,0.3922142857142856,0.3875402597402597,0.3733324675324675
1662057958,12,0.18075476190476192,0.2508607142857143,0.30975833333333336,0.35746071428571435,0.3795023809523809,0.3848797619047619,0.3873059523809524,0.38126785714285716,0.3664630952380953
1662057958,13,0.1876142857142857,0.2564703296703297,0.31304615384615386,0.3574989010989011,0.37700329670329674,0.3812186813186814,0.382632967032967,0.3757824175824176,0.36030659340659343
1662057958,14,0.1940816326530612,0.2619234693877551,0.3161357142857143,0.3575551020408163,0.3746734693877551,0.37839999999999996,0.37860714285714286,0.371065306122449,0.355034693877551
1662057958,15,0.20027142857142857,0.267,0.31856285714285715,0.3572590476190476,0.372547619047619,0.3754038095238096,0.3748895238095238,0.36664666666666673,0.35015428571428575
1662057958,16,0.2060517857142857,0.27166964285714285,0.320975,0.35719285714285715,0.37064910714285715,0.37296875,0.37157410714285716,0.3626232142857143,0.3457089285714286
1662057958,17,0.2118126050420168,0.2759857142857142,0.3231512605042016,0.3573436974789916,0.36896890756302525,0.3704512605042017,0.3685361344537815,0.359009243697479,0.3416680672268907
1662057958,18,0.21714206349206347,0.28000714285714284,0.3251746031746031,0.35714126984126987,0.3674055555555556,0.3682928571428571,0.3659563492063492,0.3558420634920635,0.33816349206349205
1662057958,19,0.22234962406015032,0.2837466165413533,0.3270285714285714,0.3568578947368421,0.36576541353383457,0.36617443609022554,0.3634992481203007,0.35291804511278196,0.33494661654135344
1662057958,20,0.2271642857142857,0.287215,0.32856499999999994,0.35671714285714284,0.3643407142857143,0.3643335714285715,0.3611578571428572,0.3502178571428572,0.3319464285714286
1662057958,21,0.23179047619047619,0.2904034013605442,0.330191156462585,0.35649319727891154,0.3630666666666667,0.36266666666666664,0.35901768707482995,0.34772448979591836,0.32915918367346936
1662057958,22,0.2361831168831169,0.29365259740259736,0.33177857142857137,0.35634025974025985,0.3618811688311688,0.36121103896103895,0.3570655844155844,0.34553636363636364,0.326725974025974
1662057958,23,0.24032360248447204,0.2966447204968944,0.33312670807453415,0.3560757763975154,0.3607049689440994,0.35969192546583856,0.3552372670807454,0.3433627329192546,0.3242602484472049
1662057958,24,0.24426249999999994,0.2995345238095237,0.3344875,0.35585654761904756,0.35967857142857146,0.3583648809523809,0.35342797619047617,0.3414654761904762,0.322075
1662057958,25,0.24812857142857148,0.30212400000000006,0.33574857142857145,0.35563428571428585,0.35874571428571433,0.35714971428571435,0.35180400000000006,0.3396474285714285,0.3200262857142858
1662057958,26,0.25180549450549455,0.3045686813186813,0.3369483516483517,0.3554450549450549,0.35777912087912095,0.3560434065934066,0.3502543956043956,0.3379565934065934,0.31819505494505496
1662057958,27,0.2552693121693122,0.3068444444444444,0.3380380952380952,0.3553470899470899,0.35697830687830684,0.3549899470899471,0.3488455026455027,0.3363216931216931,0.31638835978835983
1662057958,28,0.2586627551020408,0.30914489795918365,0.33914540816326527,0.3552678571428571,0.35621785714285714,0.3540872448979592,0.34772295918367346,0.33480000000000004,0.314719387755102
1662057958,29,0.2618546798029557,0.3111857142857143,0.34018374384236455,0.3551423645320197,0.3554600985221675,0.3532093596059113,0.3465586206896552,0.33343349753694584,0.31320147783251234
1662057958,30,0.26492619047619054,0.31311666666666665,0.3410319047619048,0.3549909523809524,0.3547357142857143,0.35224333333333335,0.34540809523809524,0.33216142857142855,0.3118190476190476
1662057958,31,0.26802258064516127,0.315252534562212,0.34204470046082946,0.3550276497695851,0.3540940092165898,0.35147511520737323,0.3444110599078341,0.3310663594470045,0.31040138248847926
1662057958,32,0.27093705357142855,0.31718705357142857,0.34289107142857145,0.3548982142857143,0.3534227678571429,0.3506303571428571,0.34335223214285715,0.32989017857142855,0.30916607142857144
1662057958,33,0.2737562770562771,0.3189489177489177,0.3436987012987013,0.3548415584415584,0.35285497835497825,0.3498887445887446,0.3424848484848484,0.3287294372294372,0.3080294372294372
1662057958,34,0.27652983193277314,0.3206680672268908,0.34452773109243695,0.35493193277310925,0.35247689075630256,0.34934201680672267,0.3416966386554621,0.32787352941176473,0.30711176470588236
1662057958,35,0.2792302040816327,0.32233918367346936,0.34527877551020403,0.35494775510204085,0.3519836734693877,0.3487338775510203,0.3408730612244898,0.326929387755102,0.3061289795918367
1662057958,36,0.2817857142857143,0.32398333333333335,0.3460876984126984,0.3549757936507936,0.35159404761904756,0.3482154761904762,0.3401599206349206,0.32605198412698416,0.30518214285714285
1662057958,37,0.2842471042471043,0.3255096525096525,0.34682046332046335,0.3549405405405406,0.35107567567567566,0.3476617760617761,0.33937335907335914,0.3252671814671814,0.3043057915057915
1662057958,38,0.2866954887218045,0.32704285714285714,0.34754135338345865,0.3549112781954888,0.35070751879699247,0.3470838345864661,0.33873947368421053,0.32449624060150384,0.30342330827067665
1662057958,39,0.28903919413919416,0.3284556776556776,0.3481362637362637,0.3549201465201466,0.3503172161172161,0.3466626373626373,0.3381095238095238,0.3237578754578755,0.3026216117216117
1662057958,40,0.29136892857142865,0.32991571428571426,0.3488282142857143,0.3549421428571428,0.34994678571428567,0.3461692857142856,0.337465,0.32311035714285713,0.30186357142857145
1662057958,41,0.2936790940766551,0.3313066202090592,0.3494261324041812,0.3549682926829269,0.34964285714285726,0.34574668989547036,0.33689930313588856,0.3224557491289199,0.30118641114982575
1662057958,42,0.29593299319727895,0.33261802721088435,0.3499608843537415,0.35491564625850336,0.3493479591836735,0.34534625850340134,0.33631768707482995,0.3218095238095238,0.300469387755102
1662057958,43,0.2980282392026578,0.3339126245847176,0.3505458471760797,0.354956146179402,0.34908305647840526,0.3449225913621262,0.33582491694352157,0.3212970099667774,0.29985813953488377
1662057958,44,0.3000801948051948,0.3351389610389609,0.35110584415584417,0.35501103896103897,0.3488438311688311,0.3446159090909091,0.3353220779220779,0.3206863636363636,0.2992412337662338
1662057958,45,0.3020692063492063,0.3362882539682539,0.35167841269841266,0.3550225396825396,0.34857523809523816,0.34421809523809516,0.3348028571428571,0.3201955555555555,0.29873555555555553
1662057958,46,0.30407236024844714,0.33749503105590056,0.35213478260869563,0.3550875776397515,0.34831397515527956,0.34387701863354037,0.334377950310559,0.3197068322981367,0.2981928571428572
1662057958,47,0.30589878419452887,0.33854589665653495,0.35265623100303956,0.3551285714285714,0.34807629179331306,0.34356656534954405,0.33400273556230997,0.31922917933130696,0.2977203647416413
1662057958,48,0.30771934523809524,0.3396473214285714,0.35321875,0.3551913690476191,0.34787172619047624,0.34330059523809525,0.33365119047619046,0.3187931547619048,0.29733839285714286
1662057958,49,0.30942419825072887,0.34069970845481057,0.3536521865889213,0.35527434402332364,0.3476469387755102,0.3429720116618075,0.33329329446064143,0.31837463556851314,0.2968892128279883
1662057958,50,0.3111042857142857,0.34176285714285715,0.3541805714285714,0.3553194285714286,0.3474908571428571,0.3426925714285714,0.3329771428571428,0.31800200000000006,0.29650257142857145
1662057958,51,0.31284005602240894,0.34288907563025217,0.3546644257703081,0.3554282913165267,0.34735714285714286,0.34251484593837533,0.33269355742296913,0.31767731092436974,0.2961257703081232
1662057958,52,0.31449587912087906,0.3438826923076923,0.35517087912087913,0.3555052197802198,0.34722857142857144,0.3423186813186813,0.3324392857142857,0.3173557692307692,0.2957799450549451
1662057958,53,0.3161132075471698,0.3448185983827494,0.3556873315363882,0.35559568733153635,0.34714312668463615,0.3422148247978437,0.3322539083557951,0.3170307277628032,0.29543773584905664
1662057958,54,0.31771137566137564,0.34577301587301584,0.35614947089947085,0.35569206349206345,0.34706587301587305,0.3421066137566138,0.33202698412698417,0.31680846560846565,0.29517777777777776
1662057958,55,0.31931584415584413,0.34670441558441556,0.35662831168831166,0.35575688311688314,0.3469768831168831,0.34191090909090904,0.3318080519480519,0.31652623376623373,0.29489064935064935
1662057958,56,0.3208890306122449,0.34759183673469396,0.35705357142857136,0.3558163265306123,0.34685612244897956,0.3417589285714286,0.33151785714285714,0.31623596938775517,0.29462576530612244
1662057958,57,0.32236641604010025,0.3484827067669173,0.3574253132832081,0.3559308270676692,0.34685964912280703,0.34168546365914787,0.33136140350877186,0.31610401002506266,0.2944411027568922
1662057958,58,0.32386403940886693,0.34935714285714287,0.3578445812807882,0.35607931034482754,0.34683817733990147,0.3416364532019705,0.33122364532019705,0.31591674876847287,0.2942527093596059
1662057958,59,0.32531186440677967,0.35023777239709447,0.35829394673123494,0.35622179176755453,0.346818401937046,0.34156222760290555,0.33107457627118647,0.315718401937046,0.2940559322033898
1662057958,60,0.3266678571428572,0.35099619047619046,0.3586566666666667,0.35630190476190476,0.34675285714285714,0.3414461904761905,0.33098190476190475,0.3155438095238095,0.2939021428571429
1662057958,61,0.3279803278688525,0.3517641686182669,0.3590864168618267,0.35641100702576106,0.3467386416861827,0.3413934426229508,0.3308899297423888,0.31535245901639347,0.2937852459016394
1662057958,62,0.329308064516129,0.3524400921658986,0.3594228110599078,0.3565023041474654,0.3467069124423964,0.3413297235023041,0.33079354838709674,0.31522488479262667,0.2936516129032258
1662057958,63,0.3306276643990929,0.35323356009070295,0.35982063492063493,0.3567015873015873,0.34671678004535145,0.34134875283446714,0.3306877551020408,0.31511224489795914,0.2935573696145124
1662057958,64,0.3319183035714286,0.3540051339285714,0.3602390625,0.35684241071428574,0.3467645089285714,0.34132098214285717,0.3306247767857143,0.3150720982142857,0.29347477678571426
1662057958,65,0.33321296703296704,0.3547545054945055,0.36060813186813184,0.35698791208791203,0.34677362637362635,0.341321978021978,0.3305643956043956,0.31495406593406594,0.2933171428571429
1662057958,66,0.33438679653679654,0.35547251082251075,0.36095129870129866,0.3570982683982684,0.3467965367965368,0.341332683982684,0.3305348484848485,0.3148755411255411,0.29322900432900434
1662057958,67,0.33557164179104476,0.35621769722814495,0.36132068230277187,0.3572172707889125,0.34679829424307035,0.341310447761194,0.3304820895522388,0.31484968017057563,0.29320277185501065
1662057958,68,0.33672647058823524,0.35688529411764713,0.36165441176470586,0.35735168067226886,0.34675210084033614,0.34126827731092435,0.33039936974789913,0.3147426470588236,0.2931050420168067
1662057958,69,0.3378968944099379,0.3575391304347826,0.3620153209109731,0.35752215320910974,0.3467971014492754,0.3412438923395445,0.33035921325051765,0.3146741200828157,0.29304140786749483
1662057958,70,0.3390487755102041,0.358184693877551,0.36233000000000004,0.3576142857142858,0.3468110204081633,0.3412626530612245,0.33028693877551024,0.3146124489795918,0.2929969387755102
1662057958,71,0.34014647887323946,0.35888611670020126,0.3626579476861167,0.3577319919517103,0.34686961770623737,0.3412913480885311,0.3302720321931589,0.314543661971831,0.29300865191146874
1662057958,72,0.34123313492063495,0.3595162698412699,0.3629632936507937,0.3578928571428571,0.34692837301587304,0.3413271825396826,0.3302656746031746,0.31447500000000006,0.29292896825396825
1662057958,73,0.34230802348336586,0.36017495107632097,0.3632639921722114,0.35800508806262227,0.3469698630136986,0.34133737769080236,0.3302600782778865,0.3144246575342466,0.2928788649706458
1662057958,74,0.3433637065637065,0.3607918918918919,0.36360115830115836,0.358134749034749,0.34705501930501936,0.34135231660231663,0.3302486486486486,0.3144318532818533,0.2928212355212355
1662057958,75,0.3444152380952381,0.3614733333333333,0.3639329523809524,0.3582788571428571,0.3471192380952381,0.3414057142857143,0.33024019047619046,0.31442380952380955,0.29287047619047624
1662057958,76,0.3454050751879699,0.36208082706766925,0.3642375939849624,0.3584016917293233,0.3472080827067669,0.34142011278195483,0.33023665413533837,0.3144137218045113,0.29288966165413527
1662057958,77,0.3463849721706865,0.3626734693877551,0.36454656771799626,0.3585473098330241,0.3472628942486085,0.3414382189239332,0.3302493506493506,0.31438237476808906,0.2928556586270872
1662057958,78,0.3473283882783883,0.36329743589743596,0.36486794871794875,0.3586923076923077,0.3473479853479854,0.34151776556776564,0.3302630036630037,0.31440164835164836,0.2928919413919414
1662057958,79,0.3482987341772152,0.36385768535262214,0.3651799276672695,0.35885587703435806,0.3474188065099457,0.341591862567812,0.33027884267631097,0.31443960216998185,0.2928927667269439
1662057958,80,0.34919892857142854,0.3643685714285714,0.365465,0.3589867857142857,0.3475183928571428,0.3416523214285714,0.3303171428571428,0.31441910714285703,0.2928753571428572
1662057958,81,0.35010987654320985,0.3648675485008818,0.36575943562610225,0.35912204585537916,0.34759594356261025,0.34171410934744273,0.33033015873015875,0.31439841269841273,0.29289206349206354
1662057958,82,0.35101480836236937,0.3653834494773519,0.3659982578397213,0.3593062717770036,0.3477003484320558,0.34180435540069687,0.3303939024390244,0.314393031358885,0.29292543554006967
1662057958,83,0.3518629948364888,0.3658757314974182,0.36632065404475045,0.3594698795180723,0.3477910499139415,0.3418614457831325,0.33044148020654046,0.3144358003442341,0.29299156626506023
1662057958,84,0.3526789115646259,0.36636564625850343,0.3666107142857143,0.35963214285714284,0.3478865646258503,0.3419251700680272,0.33051411564625854,0.3144933673469388,0.2930406462585034
1662057958,85,0.35355478991596634,0.36689008403361345,0.3669265546218488,0.3597616806722689,0.3479991596638656,0.34204184873949584,0.3306073949579832,0.3145647058823529,0.29314588235294115
1662057958,86,0.35442890365448504,0.36738222591362124,0.3671857142857142,0.35990099667774084,0.3480895348837209,0.3421033222591362,0.3306857142857143,0.3145865448504983,0.2931990033222592
1662057958,87,0.35529277504105095,0.36785041050903117,0.3674316912972085,0.36004499178981936,0.3482059113300493,0.3421694581280788,0.3307525451559934,0.3146131362889984,0.29326124794745484
1662057958,88,0.3561220779220779,0.36833652597402594,0.3677246753246753,0.36019009740259744,0.3483327922077922,0.34225649350649345,0.33088668831168827,0.3146688311688312,0.2933300324675325
1662057958,89,0.3569248796147672,0.368838683788122,0.36801364365971106,0.3603473515248796,0.34843081861958264,0.3423701444622793,0.33096886035313,0.3147707865168539,0.29342375601926163
1662057958,90,0.35770936507936507,0.36933761904761914,0.36827999999999994,0.36052412698412706,0.348581746031746,0.34252079365079363,0.33110523809523806,0.31484253968253967,0.29352603174603176
1662057958,91,0.3583324960753532,0.3697419152276295,0.36851051805337526,0.3606613814756671,0.34866043956043963,0.3425960753532182,0.33122401883830455,0.3149001569858713,0.29358037676609106
1662057958,92,0.35896211180124227,0.37016226708074534,0.36873027950310555,0.36075916149068327,0.3487894409937888,0.3427173913043478,0.3313159937888199,0.31501055900621117,0.29367034161490685
1662057958,93,0.3596187403993855,0.3705503840245775,0.36898187403993854,0.3608688172043011,0.3488874039938556,0.3428311827956989,0.3314327188940092,0.3151066052227342,0.29377557603686627
1662057958,94,0.360233434650456,0.37093434650455925,0.3692402735562309,0.3610024316109422,0.3490379939209726,0.3429553191489362,0.3315498480243161,0.3152089665653495,0.2938969604863222
1662057958,95,0.36085924812030074,0.37130812030075194,0.36947699248120297,0.3611275187969925,0.34914676691729324,0.34300736842105267,0.33163864661654135,0.31526406015037595,0.29401669172932327
1662057958,96,0.36147038690476185,0.3717132440476191,0.36972172619047616,0.36125848214285716,0.34929345238095233,0.34314017857142853,0.33178973214285723,0.31537842261904764,0.29411130952380954
1662057958,97,0.3620933726067746,0.3721051546391752,0.3699832106038292,0.3613892488954345,0.3494354933726067,0.3432522827687776,0.33194138438880705,0.3154528718703976,0.2942350515463918
1662057958,98,0.36268148688046653,0.3724844023323615,0.37024125364431487,0.3614928571428571,0.3496016034985423,0.34336064139941697,0.3320430029154519,0.31558177842565593,0.29436880466472304
1662057958,99,0.3632812409812409,0.37286709956709957,0.37047691197691196,0.36162756132756135,0.34969841269841273,0.34344632034632033,0.33218138528138524,0.3157329004329004,0.29450505050505055
1662057958,100,0.36385285714285714,0.3732075714285714,0.37070485714285717,0.3617747142857143,0.3498471428571429,0.3436044285714286,0.3323248571428571,0.3158845714285714,0.294656
1662057958,101,0.3644158415841585,0.3736125884016973,0.37094398868458284,0.3619199434229137,0.35002192362093354,0.3437196605374824,0.3324492220650637,0.31601810466760966,0.2947903818953324
1662057958,102,0.36498921568627446,0.373946918767507,0.3711621848739496,0.3620156862745098,0.35014355742296915,0.3438521008403362,0.33258277310924367,0.31612829131652664,0.2948977591036415
1662057958,103,0.3655417475728155,0.37428959778085985,0.37137461858529813,0.3621421636615811,0.35027226074895973,0.34397267683772537,0.3327047156726768,0.316224133148405,0.2950228848821082
1662057958,104,0.3660881868131868,0.37464587912087915,0.37158063186813184,0.3622929945054945,0.35035219780219784,0.3440971153846154,0.3328173076923077,0.31636771978021977,0.29516689560439563
1662057958,105,0.3666153741496599,0.3749672108843537,0.37179197278911563,0.3623936054421769,0.35048163265306126,0.34423782312925166,0.3329621768707483,0.31649142857142865,0.2953172789115646
1662057958,106,0.36716900269541775,0.3753615902964959,0.37201266846361186,0.36251132075471704,0.3506464959568733,0.3443703504043127,0.3331025606469003,0.31662345013477095,0.29546994609164423
1662057958,107,0.3676949265687583,0.37571468624833115,0.372245126835781,0.36263257676902527,0.35079372496662214,0.3445421895861148,0.33324726301735647,0.316754606141522,0.2956538050734312
1662057958,108,0.36822870370370375,0.3760707671957672,0.3724833333333334,0.3627988095238096,0.3509425925925926,0.34470105820105823,0.3333730158730159,0.31690013227513225,0.2957919312169312
1662057958,109,0.3687398427260813,0.3763977719528179,0.37267391874180866,0.36292909567496723,0.3510608125819136,0.3448394495412844,0.33351533420707735,0.3170369593709043,0.29592542595019666
1662057958,110,0.3692092207792208,0.37673220779220784,0.37289740259740256,0.3630672727272727,0.3512098701298701,0.34498493506493505,0.3336462337662338,0.31713571428571424,0.2960571428571429
1662057958,111,0.36968455598455596,0.3770754182754183,0.3730828828828829,0.36321621621621625,0.3513166023166024,0.3451281853281854,0.3337786357786358,0.31727091377091377,0.29621055341055347
1662057958,112,0.37014923469387756,0.37735293367346934,0.3732886479591837,0.3633335459183674,0.3514438775510204,0.34525892857142854,0.3339052295918367,0.31741645408163266,0.2963334183673469
1662057958,113,0.37065297092288235,0.37766106194690263,0.3735037926675095,0.36348166877370425,0.3516098609355246,0.34538015170670044,0.33401908975979777,0.3175163084702907,0.2964667509481668
1662057958,114,0.37114210526315783,0.37797468671679196,0.37371203007518794,0.36361303258145367,0.35178107769423556,0.34555137844611533,0.33417857142857144,0.3176754385964912,0.296628320802005
1662057958,115,0.3716270807453416,0.37832807453416145,0.37394844720496895,0.3637711801242235,0.3519556521739131,0.3457150310559006,0.33434049689440987,0.3178209937888199,0.29680596273291926
1662057958,116,0.3721060344827586,0.3786369458128078,0.3741603448275862,0.36391600985221667,0.35210024630541875,0.34584741379310346,0.3344927339901478,0.31795504926108376,0.2969706896551724
1662057958,117,0.37257362637362634,0.37895641025641025,0.37438705738705735,0.36406446886446886,0.3522590964590965,0.3459866910866911,0.33464627594627594,0.3181123321123321,0.29713064713064713
1662057958,118,0.3730961259079903,0.3792834140435835,0.3746284503631961,0.3642667070217918,0.35242227602905574,0.3461503631961259,0.334835593220339,0.3182566585956416,0.29730641646489103
1662057958,119,0.37357274909963983,0.3796295318127251,0.3748605042016806,0.3644201680672269,0.35256854741896754,0.3463126050420168,0.3349833133253301,0.3184024009603842,0.2974726290516207
1662057958,120,0.3740414285714286,0.37993333333333335,0.3750513095238095,0.3645711904761904,0.3527135714285714,0.3464409523809524,0.3351590476190476,0.3185567857142857,0.2976395238095238
1662057958,121,0.37450566706021254,0.38021853600944505,0.3752612750885478,0.3647272727272727,0.3528569067296341,0.346580401416765,0.33532207792207797,0.3186873671782763,0.2977833530106258
1662057958,122,0.3749877049180328,0.3805745901639344,0.3754752927400469,0.3648991803278689,0.3530077283372365,0.34675796252927393,0.33549297423887586,0.3188514051522248,0.29794894613583145
1662057958,123,0.3754538908246226,0.38089059233449474,0.3757247386759581,0.36506109175377466,0.35318548199767713,0.3468915214866435,0.3356770034843206,0.31903205574912896,0.2981430894308943
1662057958,124,0.3758809907834101,0.3811677419354838,0.3759125576036866,0.36520357142857135,0.3533691244239631,0.3470513824884793,0.3358615207373272,0.319186866359447,0.29829550691244244
1662057958,125,0.3763418285714286,0.3814678857142857,0.3761040000000001,0.36534811428571434,0.35352845714285713,0.34721245714285726,0.3360131428571429,0.31934137142857144,0.2984893714285715
1662057958,126,0.3767536281179138,0.3817656462585034,0.3762996598639456,0.36552494331065766,0.3536753968253968,0.3473633786848072,0.33617562358276637,0.3194890022675737,0.29863344671201814
1662057958,127,0.3771883014623172,0.3820678290213723,0.3765131608548931,0.36571046119235096,0.3538516310461192,0.3475386951631046,0.33635883014623175,0.31965736782902143,0.2988147356580428
1662057958,128,0.37763928571428573,0.38235736607142856,0.3767283482142857,0.36591529017857144,0.3540455357142857,0.34773191964285716,0.3365642857142857,0.3198334821428571,0.29901183035714285
1662057958,129,0.37807696566998894,0.3826602436323366,0.3769500553709856,0.3660746400885936,0.3542220376522702,0.34789036544850493,0.3367057585825028,0.3200120708748616,0.29917441860465116
1662057958,130,0.37848516483516487,0.3829457142857142,0.37715461538461537,0.3662234065934067,0.3543679120879121,0.3480376923076923,0.3368846153846154,0.3201656043956044,0.2993394505494505
1662057958,131,0.3789029443838604,0.3832456924754635,0.3773766630316248,0.3663937840785169,0.3545515812431843,0.348208615049073,0.33707393675027264,0.3203431842966194,0.2995423118865867
1662057958,132,0.37931883116883114,0.38350162337662336,0.3775511904761905,0.366532683982684,0.3546972943722944,0.34835270562770565,0.3372353896103896,0.3205146103896104,0.2997250000000001
1662057958,133,0.3797384532760472,0.3838029001074114,0.377753813104189,0.36668807733619757,0.35487175080558536,0.3485085929108485,0.33741127819548866,0.32068356605800213,0.29988345864661653
1662057958,134,0.3801453091684435,0.3840857142857143,0.3779664179104477,0.3668607675906183,0.3550319829424307,0.34868113006396595,0.3375773987206823,0.3208689765458422,0.3000673773987207
1662057958,135,0.3805655026455027,0.38435989417989413,0.3782046560846561,0.3670349206349206,0.3552049735449736,0.3488548148148148,0.33776253968253966,0.3210692063492064,0.3002462433862434
1662057958,136,0.38094159663865546,0.38464810924369747,0.37840189075630254,0.367190231092437,0.35536995798319326,0.34900577731092436,0.3379232142857143,0.32124212184873946,0.30041386554621846
1662057958,137,0.38135443169968725,0.3849166840458811,0.37860688216892596,0.3673617309697602,0.3555379562043796,0.34918498435870693,0.3381052137643379,0.3214307612095933,0.3005874869655892
1662057958,138,0.38172422360248454,0.3851905797101449,0.37877991718426507,0.36749254658385094,0.35569399585921324,0.349332298136646,0.3382774327122154,0.32161066252587994,0.30077122153209107
1662057958,139,0.38209928057553955,0.38545313463514896,0.37896032887975334,0.3676522096608428,0.35588170606372044,0.349511305241521,0.3384789311408016,0.32180318602261043,0.30095775950668036
1662057958,140,0.38247193877551017,0.3857331632653061,0.37914683673469385,0.36780765306122454,0.35606204081632653,0.34968112244897964,0.3386510204081633,0.32197714285714285,0.3011430612244898
1662057958,141,0.3828376899696048,0.38599696048632226,0.3793337386018236,0.36796545086119553,0.35622158054711245,0.3498631205673759,0.3388591691995947,0.3221690982776089,0.3013398176291793
1662057958,142,0.38322002012072426,0.3862480885311871,0.3795430583501006,0.36812112676056336,0.3564022132796781,0.3500236418511067,0.33905412474849095,0.32234154929577463,0.30153299798792765
1662057958,143,0.3835769230769231,0.3865006993006993,0.3797496503496503,0.3682842157842158,0.35656163836163834,0.3501781218781219,0.33921808191808184,0.3225123876123876,0.3016951048951049
1662057958,144,0.38394900793650794,0.386746130952381,0.37992896825396827,0.36844464285714285,0.35675644841269843,0.35036458333333337,0.339425992063492,0.3227109126984127,0.30185446428571433
1662057958,145,0.38433428571428574,0.3869981280788178,0.38011596059113295,0.3686152709359606,0.35691960591133004,0.35052837438423645,0.3395968472906404,0.32288078817733995,0.30205418719211824
1662057958,146,0.38467974559686885,0.3872323874755382,0.38029902152641887,0.3687752446183953,0.3570898238747553,0.35067103718199605,0.33976653620352254,0.3230801369863014,0.3022712328767123
1662057958,147,0.3850571428571429,0.38751127308066086,0.38049844509232267,0.3689303206997085,0.3572787172011662,0.3508631681243926,0.33997259475218655,0.3232646258503401,0.30247998056365405
1662057958,148,0.38540801158301163,0.38774961389961393,0.38068368725868723,0.3690980694980695,0.3574385135135135,0.35100733590733596,0.34015164092664096,0.3234265444015444,0.3026460424710425
1662057958,149,0.3857688398849473,0.3879815915627996,0.38087046979865774,0.36927631831255986,0.35762070949185043,0.35117746883988493,0.3403394055608821,0.32359338446788105,0.3028303930968361
1662057958,150,0.3861101904761905,0.38822885714285715,0.3810647619047619,0.36944009523809523,0.35778571428571426,0.3513454285714286,0.3405295238095238,0.3237811428571429,0.303014
1662057958,151,0.3864641438032167,0.38846404919583727,0.3812508041627246,0.3695981078524124,0.35796896877956486,0.3515407757805109,0.3407245979186377,0.32397691579943233,0.3032199621570482
1662057958,152,0.386827537593985,0.3887205827067669,0.38145103383458645,0.3697544172932331,0.35814671052631575,0.3516949248120301,0.3408926691729323,0.32415704887218044,0.3034112781954887
1662057958,153,0.3871670401493931,0.3889788048552755,0.3816423902894491,0.36991951447245564,0.358319887955182,0.3518724556489262,0.3410879551820728,0.324350233426704,0.3035945845004669
1662057958,154,0.38753970315398883,0.3892644712430426,0.38186205936920226,0.3701060296846011,0.3585230983302412,0.3520626159554731,0.3413016697588126,0.324541094619666,0.3038110389610389
1662057958,155,0.3878813824884793,0.3895183410138249,0.38207069124423965,0.3702634101382488,0.358690599078341,0.35222691244239634,0.34150092165898616,0.32471953917050683,0.3039920737327189
1662057958,156,0.3882678571428571,0.3897826923076923,0.38228617216117217,0.37043589743589744,0.3588780219780219,0.35242426739926735,0.34167930402930413,0.32491272893772893,0.30418598901098903
1662057958,157,0.38862065514103733,0.39002757051865333,0.3824858962693357,0.37060573248407647,0.35907133757961796,0.35259499545040945,0.3418826205641492,0.32511747042766154,0.3043674249317561
1662057958,158,0.38895488245931287,0.39027169981916826,0.3826905063291139,0.3707712477396022,0.3592527124773961,0.35277468354430386,0.34207911392405055,0.3253084086799277,0.3045547016274865
1662057958,159,0.38927223719676557,0.3904981132075472,0.3828748427672956,0.3709380952380953,0.359421832884097,0.352933153638814,0.3422746630727764,0.32549038634321653,0.3047582210242588
1662057958,160,0.3896120535714286,0.3907627678571428,0.3830854464285715,0.37109330357142856,0.3596099107142857,0.35310946428571427,0.3424659821428571,0.3257064285714285,0.304958125
1662057958,161,0.38995838509316766,0.3910165927240462,0.38327462289263525,0.37126716947648625,0.35979866903283053,0.3532861579414374,0.34265865128660156,0.3259085181898847,0.30516317657497777
1662057958,162,0.39028245149911817,0.3912648148148148,0.3834723104056437,0.37144656084656086,0.35999479717813054,0.3534559964726631,0.34287081128747793,0.32611040564373894,0.3053840388007054
1662057958,163,0.39061866783523225,0.3914900087642419,0.3836550394390885,0.37159745836985103,0.3601762489044698,0.3536133216476775,0.34303435582822084,0.32628282208588955,0.3055812445223488
1662057958,164,0.39095435540069695,0.3917182055749129,0.3838489547038328,0.371780574912892,0.3603662020905923,0.35378283972125435,0.34320958188153305,0.3264586236933798,0.3057630662020906
1662057958,165,0.39126000000000005,0.39193610389610395,0.3840174891774891,0.37192935064935073,0.36053445887445884,0.35394675324675323,0.3433954978354978,0.32664597402597395,0.3059475324675325
1662057958,166,0.3915873493975904,0.3921760757314975,0.3842000860585198,0.37208218588640274,0.360725387263339,0.35414655765920827,0.34357917383820996,0.3268382099827883,0.30616118760757316
1662057958,167,0.39189546621043625,0.3923960650128315,0.3843625320786998,0.3722337040205303,0.36091146278870834,0.35433139435414884,0.3437711719418306,0.327020872540633,0.3063474764756202
1662057958,168,0.3922232142857143,0.3926368197278911,0.38454625850340135,0.3723912414965986,0.3610867346938776,0.35449948979591833,0.34395595238095245,0.3272289115646259,0.3065455782312925
1662057958,169,0.39253229078613694,0.39286813186813185,0.38472789518174133,0.37255257819103976,0.3612786982248521,0.3546899408284024,0.34416720202874046,0.32743389687235835,0.3067645815722738
1662057958,170,0.3928726890756302,0.39309983193277315,0.38492647058823526,0.3727331932773109,0.36146285714285714,0.3548955462184874,0.34438873949579835,0.3276496638655462,0.3069778991596639
1662057958,171,0.39318329156223897,0.39331395154553045,0.38511662489557225,0.37288671679197993,0.36163049289891386,0.3550711779448621,0.34457752715121137,0.3278281537176274,0.3071918964076859
1662057958,172,0.393483388704319,0.3935392026578073,0.3853058139534884,0.3730449335548172,0.3618220099667774,0.3552582225913621,0.3447800664451827,0.3280427740863787,0.30741220930232555
1662057958,173,0.3937772914946326,0.39377332782824115,0.38550057803468213,0.3732099917423617,0.36199917423616845,0.35543616845582165,0.3449755573905863,0.32824244426094135,0.30763088356729973
1662057958,174,0.3940450738916256,0.3939896551724137,0.38566477832512314,0.3733591133004926,0.3621908866995074,0.3556146962233169,0.3451705254515599,0.32844844006568136,0.3078307881773399
1662057958,175,0.3943403265306123,0.39421485714285714,0.3858347755102042,0.37353779591836733,0.36236873469387754,0.35578473469387756,0.3453570612244898,0.32864857142857146,0.3080380408163266
1662057958,176,0.39464163961038967,0.39441720779220785,0.3860257305194806,0.37369374999999994,0.36255324675324674,0.3559747564935065,0.34555064935064933,0.3288352272727273,0.30823238636363637
1662057958,177,0.39494140435835356,0.39464229217110575,0.3862046004842615,0.37385956416464894,0.36272558514931397,0.3561619854721549,0.3457388216303471,0.32903486682808714,0.3084269572235674
1662057958,178,0.3952357142857143,0.3948430176565008,0.38638346709470306,0.3740028089887641,0.36289221508828245,0.35634558587479936,0.34591878009630816,0.32922247191011234,0.30863033707865173
1662057958,179,0.39553112529928175,0.39506249002394256,0.3865663208300079,0.3741695131683958,0.3630793296089386,0.3565155626496408,0.34611963288108544,0.32941827613727054,0.3088256983240224
1662057958,180,0.3958185714285714,0.3952862698412698,0.38675706349206357,0.3743261904761904,0.36325555555555555,0.35672047619047614,0.3463314285714285,0.32963793650793655,0.30902476190476186
1662057958,181,0.39610339384372534,0.395524861878453,0.38692178374112074,0.3745014206787687,0.3634108918705604,0.35690915548539864,0.34652367797947914,0.329823046566693,0.3092355169692186
1662057958,182,0.3963893249607535,0.39574309262166407,0.3870941130298273,0.3746416797488226,0.36357315541601254,0.35707331240188384,0.34670313971742545,0.3300117739403454,0.3094182103610675
1662057958,183,0.39667189695550353,0.39595027322404375,0.3872831381733021,0.37480390320062457,0.3637484777517564,0.35725776736924286,0.3468892271662764,0.3302149102263856,0.30961600312256055
1662057958,184,0.39695434782608696,0.39618222049689444,0.3874621894409938,0.37496071428571426,0.3639271739130434,0.35743253105590056,0.34708625776397517,0.3304112577639752,0.30981909937888197
1662057958,185,0.39723590733590736,0.39639158301158306,0.38762656370656373,0.375135444015444,0.36409830115830116,0.3576153667953668,0.3472716602316603,0.33060702702702705,0.31002594594594596
1662057958,186,0.3975119815668203,0.3966036098310292,0.387836712749616,0.3753100614439324,0.36426520737327184,0.3577956989247312,0.34746774193548385,0.33081912442396316,0.31023993855606763
1662057958,187,0.39777593582887705,0.39681413292589757,0.3880006875477463,0.3754631779984721,0.3644267379679144,0.3579745607333843,0.34764728800611155,0.3310202444614209,0.31044033613445376
1662057958,188,0.39805471124620057,0.39700668693009117,0.3881557750759878,0.37560904255319144,0.36459901215805474,0.35814536474164127,0.34783700607902734,0.3312272036474164,0.31064878419452885
1662057958,189,0.3983272864701436,0.3972117157974301,0.38833499622071044,0.3757623582766439,0.364781179138322,0.3583109599395313,0.3480118669690098,0.3314171579743008,0.310845275888133
1662057958,190,0.39859345864661655,0.3974157894736842,0.38849157894736847,0.37592030075187965,0.3649454887218045,0.3584851127819549,0.34820556390977436,0.3316075187969925,0.31106120300751877
1662057958,191,0.398833133881825,0.3976283470456245,0.3886627524308153,0.3760774869109948,0.3651409872849664,0.3586761406133134,0.34840523560209424,0.33180261780104714,0.31127980553477935
1662057958,192,0.39909486607142863,0.3978313988095238,0.3888357886904762,0.37624605654761906,0.36532641369047625,0.35885044642857145,0.34859099702380947,0.33200587797619047,0.3114715773809524
1662057958,193,0.399359585492228,0.39804219096965215,0.38901369356032567,0.37640836417468543,0.3654974093264249,0.3590180606957809,0.3487942264988897,0.3322019985196151,0.311659881569208
1662057958,194,0.39961185567010316,0.3982531664212076,0.38920382916053015,0.37657555228276873,0.3656650957290132,0.3591972017673048,0.3489766568483063,0.33240633284241533,0.3118576583210604
1662057958,195,0.39987860805860803,0.39845377289377293,0.3893613186813186,0.37672520146520144,0.365836336996337,0.3593821978021978,0.3491787545787545,0.33259956043956046,0.31206417582417584
1662057958,196,0.4001419096209913,0.3986570699708455,0.38953571428571426,0.3768952623906705,0.36600823615160355,0.3595533527696793,0.3493733965014577,0.3328060495626822,0.3122500728862974
1662057958,197,0.40038368382886147,0.3988570703408267,0.38970014503263234,0.37704416243654826,0.3661701957940537,0.3597205946337925,0.34955424220449594,0.33301305293691075,0.31244350978970264
1662057958,198,0.40063816738816743,0.3990564213564213,0.3898672438672438,0.3772015151515152,0.366312987012987,0.35990014430014433,0.3497261904761905,0.33321926406926405,0.31264559884559884
1662057958,199,0.4008885139985642,0.3992489590811199,0.39003366834170855,0.3773506101938263,0.36646927494615933,0.36006109117013635,0.3499175161521896,0.3334084709260589,0.3128345297918162
1662057958,200,0.40115000000000006,0.3994581428571429,0.3902096428571428,0.37753678571428567,0.3666569285714285,0.3602452142857143,0.3501046428571429,0.33360114285714293,0.31303914285714285
1405681632,1,0.039414285714285714,0.08132857142857143,0.14842857142857144,0.24741428571428573,0.3452,0.38592857142857145,0.4472714285714286,0.5015714285714286,0.5485142857142857
1405681632,2,0.0647,0.12024285714285714,0.19957857142857144,0.2996714285714286,0.3860142857142857,0.41829285714285713,0.46222142857142856,0.49797142857142856,0.5246571428571428
1405681632,3,0.08348571428571427,0.1477238095238095,0.22950952380952377,0.3244714285714286,0.3996904761904761,0.4237047619047619,0.4579666666666666,0.48141428571428574,0.49515714285714285
1405681632,4,0.09958571428571429,0.1679142857142857,0.24938214285714286,0.3369464285714286,0.4013285714285714,0.42175714285714283,0.4478964285714286,0.46361785714285714,0.46872857142857144
1405681632,5,0.11373142857142858,0.18493428571428575,0.2638857142857144,0.34407714285714286,0.40041142857142864,0.4170028571428572,0.4374714285714286,0.44792000000000004,0.44715714285714286
1405681632,6,0.1262,0.19839999999999997,0.27559761904761904,0.34939047619047614,0.39788333333333326,0.41191190476190476,0.4275595238095238,0.43422380952380957,0.4295428571428571
1405681632,7,0.1369673469387755,0.21063877551020402,0.2846489795918367,0.35268367346938767,0.39451428571428565,0.4067326530612244,0.41904285714285716,0.4223612244897959,0.4141979591836735
1405681632,8,0.14713392857142857,0.22070714285714285,0.29188035714285715,0.35439464285714284,0.3912857142857143,0.4019125,0.41123571428571426,0.41193035714285714,0.4014142857142857
1405681632,9,0.15670317460317462,0.22961111111111113,0.29794603174603174,0.3554412698412698,0.3879857142857142,0.39711269841269836,0.4040857142857143,0.40271746031746025,0.39038888888888884
1405681632,10,0.16528857142857145,0.23733714285714289,0.30282000000000003,0.35626571428571424,0.38549285714285714,0.3928085714285714,0.39811714285714284,0.3948828571428571,0.3813585714285714
1405681632,11,0.17297662337662334,0.24429610389610384,0.3070480519480519,0.3568311688311688,0.38266103896103887,0.3887753246753246,0.39222207792207786,0.387812987012987,0.37301168831168824
1405681632,12,0.18021785714285712,0.2507488095238095,0.3109333333333333,0.35693928571428574,0.3798797619047619,0.3850761904761905,0.38709642857142856,0.38163571428571424,0.36583809523809524
1405681632,13,0.1870868131868132,0.2563153846153846,0.3141373626373627,0.357,0.3772087912087912,0.3817186813186814,0.3824857142857143,0.37609340659340657,0.35950769230769236
1405681632,14,0.19376530612244897,0.2616112244897959,0.31730204081632657,0.35711836734693875,0.37500204081632654,0.3785877551020408,0.37838673469387757,0.3713438775510204,0.35422346938775506
1405681632,15,0.19988095238095238,0.26642095238095237,0.31987428571428567,0.3570047619047619,0.37271809523809524,0.3758438095238095,0.37447523809523814,0.36685333333333336,0.34928857142857145
1405681632,16,0.20563571428571428,0.27123125,0.3220919642857143,0.35686339285714286,0.37088571428571426,0.373325,0.3711089285714286,0.36268660714285716,0.34493125
1405681632,17,0.21139075630252097,0.27558823529411763,0.3241781512605042,0.35681680672268906,0.3691789915966386,0.3710638655462185,0.3681781512605041,0.35915714285714284,0.3410277310924369
1405681632,18,0.21669920634920634,0.279868253968254,0.3261174603174603,0.3567166666666667,0.3676190476190477,0.3689888888888889,0.36568888888888884,0.3559785714285714,0.33773492063492067
1405681632,19,0.2216751879699248,0.2833849624060151,0.3278368421052631,0.35638872180451125,0.3660496240601504,0.3669353383458646,0.36330827067669164,0.35302932330827064,0.3345541353383459
1405681632,20,0.226465,0.28700999999999993,0.32936428571428567,0.3562785714285715,0.36454999999999993,0.36515642857142855,0.3611192857142858,0.3503735714285714,0.33156071428571426
1405681632,21,0.23113129251700681,0.2904108843537415,0.33102857142857145,0.3560700680272109,0.363278231292517,0.3635285714285714,0.3589877551020408,0.3479591836734694,0.32890476190476187
1405681632,22,0.2355415584415584,0.2936694805194805,0.33261363636363633,0.35600519480519477,0.3620681818181818,0.3620655844155844,0.35699740259740265,0.34586428571428574,0.32628116883116887
1405681632,23,0.23967639751552794,0.2965509316770186,0.3340503105590062,0.35569627329192544,0.3608801242236025,0.36054658385093163,0.35506645962732913,0.34382049689440997,0.3238614906832298
1405681632,24,0.24376130952380948,0.299402380952381,0.3353422619047619,0.3554339285714286,0.3597898809523809,0.35917261904761905,0.35332321428571434,0.3418220238095238,0.3217172619047619
1405681632,25,0.24758857142857144,0.3019640000000001,0.3365868571428572,0.3552582857142858,0.3587874285714287,0.35794742857142864,0.3516742857142858,0.34008914285714287,0.31981314285714296
1405681632,26,0.2512862637362637,0.3044796703296704,0.33777857142857143,0.35517747252747256,0.35780164835164835,0.3566159340659341,0.35019285714285714,0.33844340659340666,0.3179824175824176
1405681632,27,0.2547518518518519,0.30687248677248674,0.33882380952380947,0.35507460317460315,0.35693915343915344,0.35554285714285716,0.34878783068783076,0.3366931216931217,0.3161613756613757
1405681632,28,0.2581994897959184,0.30906173469387754,0.33983673469387754,0.35490153061224494,0.3560530612244899,0.3544979591836735,0.3475897959183674,0.33524897959183675,0.3147142857142857
1405681632,29,0.2614354679802956,0.3111891625615764,0.34086256157635475,0.35487438423645323,0.35526403940886697,0.3535980295566502,0.3464438423645321,0.33383940886699504,0.31325123152709355
1405681632,30,0.2645133333333333,0.31322809523809525,0.34168047619047615,0.3546542857142857,0.3545004761904762,0.3527290476190476,0.3453195238095238,0.332557619047619,0.3117909523809524
1405681632,31,0.26760414746543776,0.3152488479262673,0.342626728110599,0.35466820276497696,0.3539327188940091,0.3519244239631336,0.34424331797235014,0.3313907834101383,0.31045023041474656
1405681632,32,0.27058571428571426,0.3170620535714286,0.343434375,0.354584375,0.3533450892857143,0.3510535714285714,0.3432174107142857,0.33024151785714284,0.3092705357142857
1405681632,33,0.2735082251082251,0.3189116883116883,0.34416450216450206,0.3544619047619047,0.3526991341991341,0.35033679653679645,0.3423917748917749,0.3291043290043289,0.3082489177489177
1405681632,34,0.2763634453781512,0.32068781512605044,0.34501722689075626,0.35446260504201677,0.35226722689075624,0.34974705882352936,0.3415462184873951,0.328272268907563,0.30739663865546213
1405681632,35,0.27899265306122445,0.32238081632653065,0.34571020408163267,0.35446244897959184,0.35184571428571426,0.34913428571428573,0.3407040816326531,0.3273310204081633,0.3064387755102041
1405681632,36,0.28153730158730156,0.32395912698412693,0.34655753968253966,0.3545075396825397,0.3513984126984127,0.3485746031746032,0.339990873015873,0.32654880952380955,0.30559722222222224
1405681632,37,0.2840003861003861,0.3254027027027027,0.3472193050193051,0.3543915057915058,0.35088494208494203,0.34803243243243237,0.3392637065637066,0.32578378378378386,0.3046637065637065
1405681632,38,0.28639999999999993,0.32688195488721805,0.3479041353383459,0.3543887218045113,0.3505274436090225,0.34748195488721806,0.3385755639097744,0.3250616541353384,0.30382556390977444
1405681632,39,0.2887992673992674,0.3282051282051282,0.34859853479853475,0.3544245421245421,0.35020622710622706,0.34700952380952377,0.3379065934065934,0.32437472527472533,0.3030542124542125
1405681632,40,0.29108749999999994,0.32964,0.3491707142857142,0.3544835714285714,0.34999285714285716,0.34654392857142857,0.33727107142857143,0.32378464285714287,0.30230178571428573
1405681632,41,0.29342055749128926,0.3309522648083624,0.34976794425087115,0.35443205574912895,0.34962682926829275,0.34608606271777004,0.33672857142857154,0.3231602787456447,0.3016264808362369
1405681632,42,0.295589455782313,0.3322744897959184,0.3503704081632652,0.3544452380952381,0.3493312925170068,0.34559489795918363,0.336124149659864,0.322565306122449,0.3009146258503401
1405681632,43,0.29777475083056476,0.33362990033222595,0.35097009966777404,0.354509634551495,0.34914651162790705,0.3452249169435216,0.3356202657807309,0.3219641196013289,0.30030431893687703
1405681632,44,0.2998168831168831,0.33482435064935073,0.3515782467532467,0.35448506493506493,0.34887759740259744,0.3448646103896104,0.3351038961038961,0.3214214285714286,0.2997392857142857
1405681632,45,0.301831111111111,0.3360390476190476,0.35210349206349206,0.3545253968253968,0.3486276190476191,0.34450253968253963,0.33468476190476193,0.3209222222222222,0.29925269841269836
1405681632,46,0.30381521739130435,0.3372385093167703,0.3526583850931677,0.35460683229813666,0.3484195652173913,0.34410931677018636,0.33429409937888194,0.3204630434782609,0.29871521739130436
1405681632,47,0.305563829787234,0.33832249240121576,0.35316048632218844,0.35461580547112465,0.34821519756838903,0.3437601823708207,0.3338656534954407,0.3199547112462006,0.29821155015197565
1405681632,48,0.3074333333333334,0.33942261904761906,0.353657738095238,0.3546333333333333,0.34804017857142855,0.3434672619047619,0.33351220238095236,0.3195669642857143,0.29775744047619046
1405681632,49,0.3091498542274052,0.3404492711370263,0.3541218658892128,0.3546629737609329,0.34783469387755106,0.3430871720116618,0.3331897959183674,0.31914023323615165,0.2972413994169096
1405681632,50,0.31086257142857143,0.3414608571428571,0.3546082857142857,0.3546908571428571,0.34760828571428576,0.34281314285714287,0.3328108571428572,0.31874028571428575,0.29679114285714286
1405681632,51,0.31261316526610644,0.3425507002801121,0.3550481792717087,0.354766106442577,0.3474929971988795,0.34260084033613447,0.33254649859943974,0.3184484593837535,0.2964593837535014
1405681632,52,0.3142354395604396,0.3435645604395604,0.35549120879120877,0.35475906593406586,0.3473093406593406,0.3423950549450549,0.3323038461538462,0.3181107142857143,0.2961335164835165
1405681632,53,0.31579541778975745,0.34447654986522913,0.3559913746630728,0.35484932614555253,0.3472291105121294,0.3422808625336927,0.3320676549865229,0.3178145552560647,0.2957477088948787
1405681632,54,0.3173722222222222,0.34544338624338633,0.3564497354497354,0.35493386243386243,0.34715820105820105,0.34217222222222227,0.331818253968254,0.31760079365079363,0.2954830687830688
1405681632,55,0.31893246753246757,0.34631090909090906,0.35686285714285715,0.3549883116883117,0.34703168831168824,0.3419841558441558,0.33160675324675326,0.3173885714285714,0.29515870129870136
1405681632,56,0.3205316326530612,0.3472086734693877,0.3572956632653061,0.35505331632653064,0.34691683673469387,0.3417834183673469,0.33142346938775513,0.3171477040816327,0.2949030612244898
1405681632,57,0.32201854636591476,0.3480245614035088,0.3577137844611529,0.35514837092731827,0.34692681704260653,0.34167669172932336,0.3312802005012531,0.3169591478696742,0.2946907268170426
1405681632,58,0.3235177339901477,0.3489325123152709,0.35813965517241375,0.3552566502463054,0.34689236453201966,0.3416182266009852,0.3311687192118227,0.3167844827586207,0.29447364532019704
1405681632,59,0.32493946731234863,0.34981743341404353,0.3585433414043584,0.3553399515738499,0.3468656174334141,0.3414808716707022,0.3310493946731235,0.3165651331719128,0.29429346246973365
1405681632,60,0.32627261904761906,0.3506485714285715,0.35890857142857147,0.35543261904761897,0.34677714285714284,0.34138285714285715,0.3308571428571428,0.3163542857142857,0.2941261904761905
1405681632,61,0.3275934426229508,0.35139648711943794,0.3593206088992974,0.35555035128805623,0.3467444964871194,0.34131990632318493,0.33073512880562056,0.3162096018735363,0.29394707259953157
1405681632,62,0.3289550691244239,0.3521688940092166,0.35968525345622115,0.3556059907834101,0.3467481566820276,0.3412465437788018,0.3306548387096774,0.3160700460829493,0.29379999999999995
1405681632,63,0.3302641723356009,0.352912925170068,0.36006371882086163,0.3557149659863946,0.34675782312925163,0.34122267573696147,0.33055941043083903,0.31598752834467114,0.2936859410430839
1405681632,64,0.33153392857142855,0.35369040178571426,0.36046830357142856,0.35581964285714285,0.34684151785714284,0.3412296875,0.3305189732142857,0.3158917410714286,0.2936171875
1405681632,65,0.33284637362637365,0.3544720879120879,0.3608613186813187,0.3559670329670329,0.34686725274725283,0.3412035164835165,0.33048813186813186,0.3157986813186813,0.29352483516483524
1405681632,66,0.3340242424242424,0.35519458874458876,0.36120627705627706,0.3561192640692641,0.3469127705627706,0.34123419913419917,0.33049285714285714,0.3157203463203463,0.2933816017316017
1405681632,67,0.33517867803837953,0.35589253731343284,0.361536460554371,0.35621663113006397,0.34693326226012794,0.34120149253731347,0.33046993603411506,0.31568315565031985,0.2932931769722814
1405681632,68,0.3363651260504201,0.3565247899159663,0.3618464285714286,0.3563237394957983,0.34691995798319325,0.34112626050420164,0.330398319327731,0.3156065126050421,0.29315378151260507
1405681632,69,0.33749710144927536,0.35721118012422365,0.36218757763975157,0.3564184265010352,0.3469650103519669,0.3411801242236025,0.3304074534161491,0.3155792960662526,0.2930571428571428
1405681632,70,0.33860816326530613,0.3578520408163265,0.3625283673469388,0.3565248979591837,0.34700306122448976,0.34117775510204085,0.33035775510204085,0.315519387755102,0.2929655102040816
1405681632,71,0.33972997987927567,0.3585132796780685,0.3628881287726359,0.35668148893360163,0.3470263581488933,0.3411913480885312,0.3303621730382294,0.31549195171026156,0.29291830985915496
1405681632,72,0.3408228174603174,0.3591375,0.3632152777777778,0.35677123015873013,0.3470811507936508,0.3412079365079365,0.3303186507936508,0.31543988095238096,0.2928537698412699
1405681632,73,0.3418861056751467,0.35976555772994123,0.36350978473581214,0.356913698630137,0.34712426614481406,0.3412221135029354,0.3302884540117416,0.31538786692759296,0.2928119373776908
1405681632,74,0.34293725868725866,0.36036930501930503,0.363838416988417,0.3570583011583012,0.34720617760617767,0.3412237451737452,0.3303135135135135,0.3153642857142857,0.2927942084942085
1405681632,75,0.34403161904761903,0.3610057142857143,0.36415923809523804,0.35718190476190476,0.3472910476190476,0.3412761904761905,0.33033657142857137,0.3153539047619047,0.292836
1405681632,76,0.3450203007518798,0.36157744360902255,0.3644466165413534,0.35731033834586473,0.34737199248120304,0.34130281954887215,0.33035526315789476,0.31534229323308277,0.29284793233082707
1405681632,77,0.3460022263450835,0.3621502782931354,0.3647016697588126,0.3574430426716141,0.3474521335807049,0.34129888682745824,0.33039406307977737,0.3153124304267161,0.2928302411873841
1405681632,78,0.34695476190476193,0.362757326007326,0.36499706959706957,0.35761043956043953,0.347541391941392,0.34135183150183146,0.3304619047619048,0.3153098901098901,0.2928516483516484
1405681632,79,0.34793725135623865,0.3633014466546113,0.3653126582278481,0.35777613019891497,0.3476209764918625,0.3413889692585896,0.3304965641952984,0.3153260397830019,0.292816636528029
1405681632,80,0.3488166071428571,0.36385124999999996,0.36558875,0.35792178571428573,0.3477023214285714,0.3414646428571429,0.3304903571428571,0.3153485714285714,0.2928028571428571
1405681632,81,0.3497520282186949,0.3644100529100529,0.3658818342151675,0.3580310405643739,0.34776984126984123,0.3415548500881834,0.33051287477954144,0.3153499118165785,0.2927964726631393
1405681632,82,0.3506280487804878,0.364940243902439,0.36615818815331014,0.3581912891986063,0.3478911149825784,0.34162560975609757,0.33054634146341466,0.31536951219512194,0.29280087108013936
1405681632,83,0.3514800344234079,0.3654399311531841,0.3664125645438898,0.3583194492254733,0.3479803786574871,0.3417098106712565,0.3306,0.31538932874354564,0.2928220309810671
1405681632,84,0.35233350340136055,0.36591717687074826,0.3666921768707483,0.35843265306122446,0.34806615646258504,0.3417954081632653,0.3306602040816327,0.3154722789115646,0.2928353741496598
1405681632,85,0.3532146218487395,0.3664453781512605,0.36697731092436975,0.35858067226890755,0.3482005042016806,0.3418910924369748,0.33071663865546214,0.3155650420168067,0.29287865546218483
1405681632,86,0.35408803986710957,0.36694501661129575,0.3672616279069767,0.358706146179402,0.34830315614617946,0.3419476744186047,0.3307828903654485,0.3156059800664452,0.2928925249169435
1405681632,87,0.35494351395730706,0.36746042692939246,0.36749031198686366,0.35885123152709364,0.3483885057471264,0.3420001642036125,0.3308668308702791,0.31564384236453197,0.29294351395730706
1405681632,88,0.3557487012987013,0.36797256493506486,0.367764935064935,0.3589792207792207,0.3485089285714285,0.342061525974026,0.3309808441558441,0.3157319805194805,0.2930222402597402
1405681632,89,0.3565833065810594,0.36847142857142856,0.36802648475120386,0.35911268057784906,0.34862825040128415,0.34216099518459064,0.3310648475120385,0.31581219903691815,0.29309598715890856
1405681632,90,0.3573850793650794,0.3689847619047619,0.36834412698412694,0.35928984126984126,0.3487422222222222,0.34228174603174605,0.33116460317460317,0.31590587301587303,0.293174126984127
1405681632,91,0.3580529042386185,0.36935729984301413,0.36854364207221346,0.35939921507064365,0.3488437990580848,0.3423102040816326,0.33125227629513343,0.3159748822605965,0.2932722135007849
1405681632,92,0.3586956521739131,0.3697680124223602,0.3688108695652174,0.35953074534161494,0.34895496894409933,0.34241708074534166,0.33135,0.31609192546583853,0.2933729813664597
1405681632,93,0.3593199692780337,0.37017910906297996,0.3690768049155146,0.35965960061443925,0.3490884792626728,0.3425236559139785,0.33145591397849455,0.31618694316436247,0.2934786482334869
1405681632,94,0.35994893617021273,0.37058313069908816,0.36933905775075987,0.35980015197568394,0.34924088145896653,0.34267006079027357,0.331581914893617,0.31630562310030397,0.2935843465045592
1405681632,95,0.36058300751879696,0.3709590977443609,0.369576992481203,0.3599374436090226,0.3493747368421053,0.342738045112782,0.33165894736842105,0.31639518796992483,0.2936917293233082
1405681632,96,0.3612138392857143,0.3713803571428571,0.3698041666666667,0.3600416666666667,0.34947976190476193,0.342890625,0.3317925595238095,0.3164852678571429,0.29379940476190475
1405681632,97,0.3618493372606775,0.3718014727540501,0.37005316642120767,0.36021045655375555,0.34964374079528715,0.34300913107511044,0.331900147275405,0.31658851251840936,0.2939181148748159
1405681632,98,0.3624260932944607,0.3721565597667639,0.3703,0.36032944606413997,0.3497903790087463,0.34312434402332354,0.33203717201166183,0.3167192419825072,0.294004664723032
1405681632,99,0.36304054834054833,0.37251067821067824,0.37050548340548345,0.36048499278499285,0.3499109668109668,0.34324329004329,0.3321509379509379,0.3168692640692641,0.2941168831168831
1405681632,100,0.363621,0.3728821428571429,0.37070928571428574,0.3606492857142858,0.35005157142857146,0.343392,0.33229385714285714,0.3170152857142857,0.2942412857142857
1405681632,101,0.3642230551626591,0.37324356435643574,0.3709509193776521,0.36078543140028296,0.3501851485148515,0.3435299858557284,0.3324383309759548,0.3171452616690241,0.2943615275813296
1405681632,102,0.3647771708683474,0.3735735294117647,0.3711649859943978,0.36087843137254894,0.35031596638655466,0.3436393557422969,0.33255210084033615,0.3172687675070028,0.29447422969187675
1405681632,103,0.36531678224687936,0.37391206657420256,0.371371705963939,0.3610123439667129,0.3504493758668515,0.34376269070735094,0.3326668515950069,0.317426907073509,0.29457198335644935
1405681632,104,0.3658108516483516,0.37425604395604395,0.3715858516483516,0.36114793956043956,0.3505605769230769,0.3438578296703297,0.33279395604395606,0.31758516483516486,0.29469120879120875
1405681632,105,0.36638027210884355,0.37461428571428573,0.3717876190476191,0.36128707482993194,0.35070136054421774,0.34396095238095237,0.3329300680272109,0.3177291156462585,0.2947990476190476
1405681632,106,0.36693800539083565,0.3749809973045822,0.3719959568733153,0.36141212938005396,0.350838948787062,0.34408962264150944,0.3330424528301887,0.31788638814016174,0.29493584905660375
1405681632,107,0.36745140186915887,0.37531882510013354,0.37220680907877174,0.36155847797062746,0.35097316421895863,0.344248598130841,0.3331690253671562,0.3180272363150868,0.29506101468624835
1405681632,108,0.3679694444444444,0.37566190476190475,0.372448544973545,0.36169907407407403,0.3511350529100529,0.3443785714285714,0.33327645502645503,0.31814126984126984,0.29519880952380956
1405681632,109,0.36844901703800786,0.37598846657929236,0.37265137614678895,0.3618234600262123,0.3512901703800787,0.344508125819135,0.33340353866317174,0.31823486238532106,0.29532293577981655
1405681632,110,0.36895740259740256,0.3762955844155844,0.3728805194805194,0.3619892207792207,0.3514237662337662,0.34463428571428567,0.33356324675324683,0.31837168831168833,0.29542675324675327
1405681632,111,0.3694595881595882,0.37663075933075935,0.3730715572715573,0.3620966537966538,0.3515867438867438,0.34475842985842986,0.33369137709137714,0.3184900900900901,0.2955621621621622
1405681632,112,0.3699302295918367,0.37693456632653066,0.37324642857142865,0.36222576530612244,0.35169464285714286,0.3448868622448979,0.3338375,0.31861658163265305,0.29568329081632655
1405681632,113,0.3704203539823009,0.37725120101137793,0.37342958280657396,0.36240252844500626,0.35185044247787606,0.3450534766118837,0.33397838179519596,0.31872756005056885,0.29580429835651073
1405681632,114,0.3709071428571429,0.37759736842105257,0.3736285714285715,0.36253621553884713,0.35196817042606515,0.3451730576441103,0.33414235588972424,0.31889323308270684,0.2959551378446116
1405681632,115,0.3714111801242236,0.3779085714285715,0.37383316770186337,0.3627036024844721,0.35213304347826085,0.3453531677018633,0.33431751552795025,0.3190618633540373,0.2961100621118013
1405681632,116,0.37192179802955666,0.3782371921182266,0.3740317733990148,0.3628582512315271,0.3522850985221675,0.345465763546798,0.3344427339901478,0.3191954433497537,0.29623891625615767
1405681632,117,0.372409645909646,0.3785504273504273,0.37424200244200245,0.36301318681318684,0.35245494505494507,0.3456029304029304,0.3346075702075702,0.3193418803418804,0.29640354090354093
1405681632,118,0.37289309927360775,0.37891271186440684,0.3744709443099274,0.36321707021791766,0.3526299031476998,0.3457871670702179,0.3347964891041162,0.3195142857142857,0.29656561743341403
1405681632,119,0.3733541416566627,0.37924129651860744,0.3746795918367346,0.3633806722689076,0.35277707082833126,0.34593229291716693,0.3349773109243698,0.3196980792316927,0.29673109243697476
1405681632,120,0.37380285714285716,0.3795579761904762,0.3748902380952381,0.3635589285714285,0.35290464285714285,0.34610119047619053,0.33512821428571427,0.31986535714285713,0.29690250000000007
1405681632,121,0.3742500590318772,0.3798383707201889,0.375082054309327,0.3637212514757969,0.35307272727272726,0.3462524203069658,0.3352822904368359,0.3199852420306966,0.297068240850059
1405681632,122,0.3747179156908665,0.38018103044496493,0.3752968384074941,0.363905737704918,0.35323723653395783,0.34642622950819674,0.3354391100702576,0.32014754098360654,0.29721838407494144
1405681632,123,0.3751869918699187,0.3804732868757259,0.3755430894308943,0.36407351916376307,0.3533720092915215,0.34658048780487805,0.33560476190476196,0.32033193960511036,0.2973890824622532
1405681632,124,0.3756226958525346,0.3807347926267281,0.37570357142857136,0.36424815668202765,0.3535054147465438,0.3467319124423963,0.33579677419354836,0.3204883640552995,0.29756532258064516
1405681632,125,0.376076,0.3810353142857143,0.37589474285714286,0.36443497142857145,0.3536577142857143,0.3469002285714286,0.33596800000000004,0.32065485714285713,0.2977424
1405681632,126,0.37654399092970525,0.38132664399092975,0.37608843537414965,0.3646246031746032,0.35379829931972784,0.3470439909297052,0.3361391156462585,0.3208019274376417,0.297907596371882
1405681632,127,0.376985151856018,0.3816339707536559,0.3762994375703037,0.3647718785151856,0.35396861642294714,0.34721181102362203,0.3363084364454443,0.3209804274465692,0.2980797525309336
1405681632,128,0.3774083705357143,0.3819345982142857,0.3765003348214286,0.3649722098214286,0.35416171875,0.3473863839285714,0.3365171875,0.32117723214285715,0.2982738839285714
1405681632,129,0.3778512735326689,0.3822305647840531,0.3767221483942414,0.3651740863787375,0.354337984496124,0.347552934662237,0.33668205980066446,0.32132414174972307,0.2984756367663345
1405681632,130,0.3782835164835165,0.3825084615384615,0.376919010989011,0.36531461538461535,0.3544817582417582,0.3477162637362637,0.3368578021978022,0.3214704395604396,0.2986224175824176
1405681632,131,0.3787164667393675,0.3828267175572519,0.37716205016357685,0.3654813522355507,0.3546712104689204,0.34789836423118864,0.3370453653217012,0.3216649945474373,0.29880752453653214
1405681632,132,0.37913419913419916,0.38313300865800864,0.37734989177489175,0.3656442640692641,0.3548073593073593,0.3480459956709957,0.3372097402597402,0.32184621212121206,0.29896861471861474
1405681632,133,0.3795509129967776,0.3834361976369495,0.37755048335123514,0.3657949516648765,0.354993984962406,0.3482137486573577,0.3373563909774436,0.32200569280343716,0.29913082706766914
1405681632,134,0.37993699360341154,0.3836901918976546,0.377768763326226,0.3659530916844349,0.3551566098081023,0.34838816631130065,0.3375325159914711,0.32218049040511726,0.29931162046908316
1405681632,135,0.3803462433862434,0.3839853968253969,0.3780020105820106,0.3661371428571428,0.35534296296296297,0.34858962962962964,0.3377194708994709,0.322384126984127,0.2994900529100529
1405681632,136,0.3807384453781512,0.38423876050420175,0.378191281512605,0.3662944327731092,0.3554946428571429,0.3487588235294118,0.33787815126050424,0.3225691176470588,0.2996446428571428
1405681632,137,0.3811462982273201,0.3845215849843588,0.37839040667361834,0.3664650677789364,0.35566955161626707,0.3489359749739312,0.33805224191866523,0.32273149113660066,0.29982846715328465
1405681632,138,0.38153084886128363,0.38476759834368524,0.378570910973085,0.3666256728778468,0.35582577639751556,0.3490846790890269,0.33822370600414087,0.32287525879917184,0.2999898550724638
1405681632,139,0.38191644398766694,0.38503607399794443,0.3787538540596095,0.3667972250770812,0.3559855087358685,0.34926485097636173,0.33841747173689624,0.3230930113052415,0.3001585817060637
1405681632,140,0.3822983673469387,0.3853194897959184,0.3789564285714285,0.3669762244897959,0.35615336734693875,0.349439693877551,0.3385905102040816,0.32326704081632657,0.30032357142857147
1405681632,141,0.3826824721377913,0.3855764944275582,0.3791493414387032,0.3671492401215806,0.3563206686930091,0.3496200607902736,0.33876382978723407,0.32346494427558253,0.3005158054711246
1405681632,142,0.38306116700201204,0.38583299798792753,0.3793508048289739,0.36733521126760565,0.35648561368209253,0.34978118712273637,0.338929879275654,0.32362635814889334,0.30071167002012067
1405681632,143,0.38342367632367635,0.3860998001998002,0.3795446553446553,0.36751088911088914,0.35664335664335667,0.3499315684315685,0.3391063936063936,0.32378281718281715,0.3008680319680319
1405681632,144,0.38380515873015875,0.3863422619047619,0.3797443452380952,0.3676743055555555,0.35681567460317465,0.3501012896825397,0.3393149801587302,0.32398174603174607,0.30102996031746027
1405681632,145,0.38415881773399013,0.3865803940886699,0.37993576354679803,0.3678473891625616,0.3569795073891626,0.3502830541871921,0.3394742857142858,0.32413862068965515,0.30121655172413797
1405681632,146,0.3845145792563601,0.386812133072407,0.38011183953033273,0.36801692759295496,0.35713884540117424,0.35043424657534245,0.33964774951076326,0.32431007827788644,0.3013988258317025
1405681632,147,0.3848839650145772,0.38708843537414966,0.3803001943634597,0.3681720116618076,0.3573248785228377,0.3506244897959183,0.33984839650145776,0.32450728862973766,0.30159572400388723
1405681632,148,0.38525984555984555,0.3873322393822394,0.3804728764478765,0.36832799227799223,0.3574926640926641,0.3507805984555985,0.3400311776061776,0.3246852316602316,0.3017777027027027
1405681632,149,0.3856105465004794,0.3875767018216683,0.380667401725791,0.36850546500479386,0.35765426653883037,0.3509535953978907,0.3402222435282838,0.3248635666347075,0.3019409395973154
1405681632,150,0.38597152380952376,0.3878136190476191,0.3808538095238096,0.3686799047619048,0.35781666666666656,0.35111933333333334,0.340416,0.32504,0.30212399999999995
1405681632,151,0.3863050141911069,0.38805884578997163,0.3810487228003785,0.36886679280983914,0.35799678334910123,0.3512982024597919,0.34061589403973513,0.3252297067171239,0.30231996215704826
1405681632,152,0.38666654135338346,0.3883095864661654,0.38126005639097754,0.36904567669172933,0.3581619360902255,0.35147011278195484,0.3407892857142857,0.32541165413533835,0.302493984962406
1405681632,153,0.3870150326797385,0.3885633986928105,0.38144780578898224,0.36923706816059754,0.35834677871148457,0.3516451914098973,0.34097535014005603,0.32560196078431375,0.30268674136321194
1405681632,154,0.3873993506493506,0.388828293135436,0.3816433209647495,0.36943998144712425,0.3585514842300556,0.35183701298701303,0.34117755102040814,0.32580714285714285,0.30290269016697585
1405681632,155,0.38773198156682037,0.3890670967741936,0.38183262672811064,0.36961382488479266,0.3587235023041475,0.3519888479262673,0.3413531797235023,0.3259914285714286,0.3030809216589862
1405681632,156,0.3880826923076923,0.38933754578754576,0.3820222527472527,0.3698089743589744,0.3589199633699634,0.3521942307692308,0.34154166666666663,0.32618388278388283,0.3032731684981685
1405681632,157,0.38841383075523206,0.3895778889899909,0.3822154686078253,0.36999426751592357,0.359088262056415,0.35237133757961786,0.3417355777979982,0.32637379435850783,0.30346715195632396
1405681632,158,0.38875117540687154,0.38982585895117544,0.38239927667269435,0.3701789330922242,0.3592740506329114,0.35254358047016277,0.3419352622061483,0.3265501808318264,0.30367667269439425
1405681632,159,0.389089218328841,0.39004968553459124,0.38258445642407907,0.3703712488769093,0.3594411500449236,0.352706828391734,0.3421125786163522,0.3267413297394429,0.3038544474393531
1405681632,160,0.38943758928571426,0.3903019642857143,0.38276919642857143,0.3705458928571429,0.35962419642857135,0.3529034821428571,0.3422999107142857,0.3269273214285714,0.3040466964285714
1405681632,161,0.38977231588287486,0.3905318544809228,0.3829614906832299,0.3707269742679681,0.3598157054125999,0.35306779059449866,0.34248713398402836,0.3271088731144632,0.3042396628216504
1405681632,162,0.3901101410934744,0.39077707231040565,0.3831534391534391,0.37090731922398584,0.3599923280423281,0.35322945326278654,0.3426723104056438,0.3272902116402116,0.3044297178130511
1405681632,163,0.3904168273444347,0.39101761612620506,0.3833417177914111,0.3710769500438213,0.36015556529360215,0.35340534618755476,0.3428397896581946,0.32746906222611744,0.3045987730061351
1405681632,164,0.39074634146341464,0.3912466027874564,0.38352351916376315,0.3712565331010452,0.3603490418118467,0.353584668989547,0.3430227351916376,0.3276537456445993,0.3047752613240418
1405681632,165,0.39105108225108226,0.39144995670995675,0.3836889177489177,0.3714229437229437,0.360512380952381,0.3537613852813853,0.34319497835497836,0.32782,0.3049378354978355
1405681632,166,0.39137461273666085,0.391702925989673,0.3838684165232358,0.3715878657487091,0.3606972461273666,0.35393537005163517,0.343376678141136,0.32799251290877796,0.30514139414802066
1405681632,167,0.39169760479041915,0.39193575705731387,0.3840375534644995,0.37175098374679216,0.3608601368691189,0.3541021385799829,0.34356817792985456,0.3281534644995723,0.30531856287425146
1405681632,168,0.39202423469387754,0.392168962585034,0.3842212585034014,0.3719304421768707,0.3610376700680272,0.35429761904761903,0.34376173469387755,0.3283374149659864,0.3054966836734694
1405681632,169,0.39231910397295017,0.39240169061707525,0.3843963651732882,0.3721169061707524,0.36123981403212174,0.3544950972104818,0.34395756551141166,0.32852764158918013,0.3056942519019442
1405681632,170,0.39264033613445376,0.3926396638655461,0.3845897478991597,0.3722863865546219,0.36143344537815125,0.3546839495798319,0.3441668067226891,0.3287203361344538,0.3059120168067227
1405681632,171,0.3929340852130326,0.39285697577276524,0.38475956558061825,0.372458813700919,0.36161720969089384,0.354861821219716,0.3443662489557226,0.32889281537176274,0.306100417710944
1405681632,172,0.39322167774086386,0.39309136212624585,0.3849638704318937,0.37264260797342197,0.3618240863787376,0.35504800664451824,0.3445806478405315,0.3290883720930232,0.3062888704318937
1405681632,173,0.3935505367464905,0.3933098265895954,0.3851387283236994,0.372828323699422,0.3620189925681255,0.35523402146985966,0.34476878612716766,0.3292644921552436,0.3064814203137903
1405681632,174,0.39383530377668313,0.3935229064039409,0.38531330049261087,0.3729973727422004,0.3621804597701149,0.3554010673234811,0.3449619047619048,0.3294391625615763,0.3066761904761904
1405681632,175,0.39411828571428564,0.39373159183673473,0.3854969795918367,0.3731552653061225,0.3623621224489796,0.3555991836734693,0.34516155102040813,0.3296223673469388,0.30687608163265306
1405681632,176,0.3944043831168831,0.39393530844155844,0.38565462662337663,0.3732992694805195,0.3625344155844156,0.3557912337662338,0.3453394480519481,0.3297898538961039,0.30704740259740265
1405681632,177,0.39469039548022594,0.39417756255044384,0.3858390637610977,0.3734669895076675,0.36269564164648915,0.35595899919289753,0.34552405165456007,0.32996779661016945,0.30725932203389833
1405681632,178,0.3949750401284109,0.3943913322632424,0.38602150882825037,0.37362881219903693,0.3628635634028892,0.3561239967897271,0.3457220706260032,0.3301264847512038,0.307465088282504
1405681632,179,0.39527366320830004,0.3946277733439744,0.38620407023144443,0.37380766161213097,0.3630439744612929,0.35629337589784515,0.3459107741420591,0.33030303272146855,0.3076543495610535
1405681632,180,0.3955903968253969,0.3948440476190476,0.3863733333333333,0.3739780952380952,0.3632247619047619,0.35649388888888883,0.34611603174603167,0.3305005555555556,0.30785738095238097
1405681632,181,0.3958696921862668,0.39508460931333855,0.3865468823993687,0.37413235990528804,0.3633858721389109,0.35666771902131017,0.34630552486187843,0.33067095501183896,0.30806006314127854
1405681632,182,0.39615392464678173,0.3953001569858713,0.3867259811616955,0.3742828885400314,0.3635507849293564,0.356831240188383,0.34649897959183673,0.33083131868131876,0.30824332810047095
1405681632,183,0.39642490241998435,0.3955068696330992,0.38689445745511325,0.37444652615144414,0.36372786885245906,0.3570234192037471,0.3466968774395004,0.3310143637782981,0.3084421545667447
1405681632,184,0.3967153726708074,0.395708850931677,0.3870743788819876,0.37461490683229814,0.3639080745341615,0.357209549689441,0.3468812888198758,0.3311878881987578,0.3086305124223602
1405681632,185,0.3969878764478765,0.3959352123552123,0.38724247104247106,0.3747836293436293,0.3641064864864865,0.3574219305019305,0.34707451737451744,0.3313720463320463,0.308836833976834
1405681632,186,0.397252688172043,0.3961534562211982,0.387426574500768,0.3749647465437788,0.3642782642089094,0.3576133640552996,0.3472494623655914,0.331563440860215,0.3090478494623656
1405681632,187,0.3975281130634072,0.39635072574484337,0.3875946524064171,0.3751218487394958,0.3644504201680673,0.35778220015278844,0.3474245989304813,0.3317311688311689,0.30922314744079454
1405681632,188,0.3977969604863222,0.39655265957446806,0.38775676291793315,0.37528677811550154,0.36462188449848026,0.3579587386018237,0.34761033434650457,0.331923632218845,0.3094267477203648
1405681632,189,0.398066439909297,0.396754648526077,0.38791609977324265,0.37546424792139077,0.36479758125472406,0.35812517006802713,0.3477989417989417,0.3321043839758126,0.30964421768707484
1405681632,190,0.3983296240601504,0.3969524812030075,0.38807157894736843,0.3756157142857144,0.36497699248120297,0.35829255639097746,0.34799872180451125,0.3322878947368421,0.309850977443609
1405681632,191,0.39860067314884073,0.3971694839192221,0.38824360508601347,0.3757898279730741,0.3651626776364996,0.35849476439790573,0.34818563949139875,0.3324845175766643,0.310056918474196
1405681632,192,0.39887842261904755,0.39736897321428566,0.38843325892857145,0.3759572172619048,0.36534456845238095,0.35866860119047617,0.34835424107142865,0.3326747767857143,0.31025974702380954
1405681632,193,0.399141746854182,0.39757172464840856,0.38859674315321985,0.3761153219837158,0.3655289415247964,0.3588611398963731,0.3485356032568468,0.3328478904515174,0.31044766839378246
1405681632,194,0.399418703976436,0.39775839469808544,0.38877209131075113,0.3762719440353461,0.3657081737849779,0.35902974963181145,0.34873335787923415,0.33305058910162,0.3106367452135493
1405681632,195,0.3996775824175824,0.3979618315018315,0.38894249084249083,0.3764195604395605,0.36589692307692306,0.3592021245421246,0.3489238095238095,0.3332517948717949,0.31082637362637366
1405681632,196,0.3999637026239066,0.39817944606414,0.38911362973760927,0.3765782069970846,0.3660626093294461,0.35937602040816324,0.34910881924198256,0.33343403790087467,0.3110120991253644
1405681632,197,0.4002176214648296,0.3983644670050761,0.3892709209572153,0.37673023930384336,0.3662357505438724,0.35953538796229145,0.3492917331399565,0.3336,0.31119840464104426
1405681632,198,0.40047012987012987,0.3985675324675324,0.3894370851370851,0.37688831168831166,0.36639920634920636,0.35970627705627706,0.34948196248196245,0.3337976911976912,0.3113959595959596
1405681632,199,0.40072440775305096,0.3987732950466619,0.38960129217516154,0.3770578607322325,0.36656051687006463,0.3598679109834889,0.34965994256999283,0.33398291457286433,0.3115773151471644
1405681632,200,0.40099507142857144,0.39897028571428567,0.38979414285714287,0.37722021428571423,0.36674107142857143,0.360043,0.34985449999999996,0.33417928571428573,0.3117761428571429
942484272,1,0.040414285714285715,0.08201428571428572,0.14684285714285714,0.24964285714285714,0.34624285714285713,0.38692857142857146,0.4451428571428571,0.5019,0.5504714285714286
942484272,2,0.06485714285714286,0.12085714285714286,0.19847142857142858,0.30077857142857145,0.38645,0.4188928571428571,0.4609214285714286,0.4979928571428571,0.5242642857142857
942484272,3,0.08413809523809525,0.14703333333333338,0.2275190476190476,0.32462380952380954,0.39952380952380956,0.4247952380952381,0.45743333333333336,0.48117142857142847,0.49495714285714276
942484272,4,0.10063928571428571,0.16737142857142856,0.24687142857142857,0.33653214285714284,0.40127857142857143,0.42220714285714284,0.44812142857142856,0.4639642857142857,0.4684785714285714
942484272,5,0.11451714285714286,0.18492285714285714,0.26217714285714283,0.3441828571428572,0.40026,0.41787714285714295,0.43814857142857144,0.4484657142857143,0.44701428571428575
942484272,6,0.12721666666666664,0.19904761904761903,0.27345714285714284,0.34984047619047615,0.397847619047619,0.4122952380952381,0.42811428571428567,0.4340857142857143,0.42964285714285716
942484272,7,0.13801020408163264,0.21061836734693873,0.28276938775510196,0.35276734693877554,0.39456326530612246,0.4070836734693878,0.4191938775510204,0.42215918367346933,0.4144081632653061
942484272,8,0.14802142857142858,0.22074821428571428,0.2900125,0.35454821428571426,0.3913964285714286,0.40195892857142856,0.4112607142857143,0.41177857142857144,0.4016214285714286
942484272,9,0.15741746031746032,0.22967301587301586,0.2959190476190476,0.35551587301587306,0.3882984126984127,0.39710158730158734,0.40388888888888885,0.40279365079365076,0.39049841269841273
942484272,10,0.16576428571428573,0.23772714285714283,0.30088,0.3564185714285715,0.3857228571428571,0.39282571428571433,0.39793,0.39523,0.3813742857142857
942484272,11,0.17324675324675323,0.24449220779220776,0.30509350649350647,0.3568051948051948,0.3827883116883116,0.38855064935064926,0.39192597402597396,0.3880753246753246,0.3731753246753246
942484272,12,0.18050357142857143,0.25099285714285713,0.3089035714285714,0.3571285714285714,0.380097619047619,0.3849321428571429,0.38680119047619044,0.3818261904761905,0.36600952380952384
942484272,13,0.18732527472527472,0.2566582417582418,0.31220659340659346,0.35700109890109893,0.37729010989010997,0.38160329670329673,0.38211868131868143,0.37610769230769237,0.3598483516483516
942484272,14,0.19373265306122447,0.2619071428571429,0.315365306122449,0.3570448979591837,0.37503673469387755,0.3784438775510204,0.3782551020408163,0.37139591836734687,0.3546928571428571
942484272,15,0.20010190476190473,0.2671333333333334,0.31789904761904764,0.3568161904761905,0.3727314285714286,0.37542380952380955,0.37450476190476195,0.3668504761904763,0.34986761904761904
942484272,16,0.2058125,0.2715982142857143,0.3201758928571429,0.35664196428571426,0.37081071428571427,0.37270803571428573,0.37103660714285713,0.36274375,0.345525
942484272,17,0.21155294117647055,0.275853781512605,0.3225831932773109,0.35668823529411764,0.36913193277310924,0.3703731092436975,0.3679436974789916,0.3592176470588235,0.34144201680672265
942484272,18,0.21692460317460316,0.2799888888888889,0.3245984126984127,0.35644603174603173,0.3675126984126985,0.3682198412698413,0.3653055555555556,0.3560730158730159,0.3378904761904762
942484272,19,0.2218676691729323,0.28366766917293235,0.32643383458646613,0.3562624060150376,0.36582932330827067,0.3663022556390977,0.36280902255639097,0.35308195488721794,0.3347172932330827
942484272,20,0.22678571428571426,0.28716571428571425,0.32821428571428574,0.35608428571428574,0.3644871428571429,0.36450714285714286,0.3604478571428571,0.3503371428571429,0.3317785714285714
942484272,21,0.23148979591836735,0.2906163265306122,0.3298680272108844,0.35594625850340134,0.363178231292517,0.36296530612244904,0.3583421768707482,0.3477646258503401,0.3289639455782313
942484272,22,0.2359720779220779,0.2938435064935065,0.33147467532467534,0.35589935064935063,0.3619305194805194,0.3615084415584415,0.35659350649350646,0.34569805194805187,0.3264506493506493
942484272,23,0.24000807453416148,0.2968130434782608,0.3329329192546584,0.35566894409937894,0.3608571428571428,0.3600546583850932,0.3548055900621118,0.34344285714285716,0.3239826086956522
942484272,24,0.2440607142857143,0.2995279761904762,0.33432023809523814,0.3555142857142857,0.3598053571428571,0.3587791666666667,0.3530482142857143,0.34136726190476185,0.32185238095238095
942484272,25,0.24794400000000003,0.3020622857142858,0.3355822857142857,0.3552937142857144,0.35876857142857155,0.35748171428571435,0.3514440000000001,0.33956514285714295,0.3198702857142857
942484272,26,0.2516164835164835,0.30444835164835166,0.3367318681318681,0.3552450549450549,0.35778681318681316,0.35630879120879116,0.34994010989011,0.3378296703296704,0.31797912087912095
942484272,27,0.2551671957671957,0.3068962962962963,0.3377238095238095,0.3551253968253968,0.35686031746031743,0.3552074074074074,0.34859682539682546,0.33614021164021163,0.3162910052910053
942484272,28,0.2584285714285715,0.30917295918367355,0.3387576530612244,0.3549709183673469,0.35611632653061226,0.3542744897959183,0.3474341836734694,0.33473418367346935,0.31474438775510205
942484272,29,0.2616443349753695,0.3112197044334975,0.3397344827586207,0.35490788177339905,0.3554344827586207,0.3533748768472907,0.3463256157635468,0.3332866995073892,0.31331527093596057
942484272,30,0.26475047619047626,0.31324142857142856,0.3406519047619047,0.3548961904761904,0.3547004761904761,0.35237619047619045,0.34512,0.3319933333333333,0.3119252380952381
942484272,31,0.2677552995391705,0.31533732718894,0.34155898617511515,0.35481705069124425,0.3541566820276497,0.35166313364055296,0.3440520737327189,0.33081705069124423,0.3106511520737327
942484272,32,0.270715625,0.3171370535714286,0.3424504464285714,0.3547241071428571,0.3536303571428571,0.35084151785714285,0.34301785714285715,0.32954598214285713,0.30950714285714287
942484272,33,0.273612987012987,0.31899220779220777,0.34325670995670987,0.35465324675324666,0.3530268398268398,0.3501696969696969,0.3420783549783549,0.32842380952380956,0.30844025974025974
942484272,34,0.2764025210084034,0.32078529411764706,0.3440899159663866,0.3547344537815126,0.3525403361344538,0.3495638655462185,0.3413210084033614,0.3275521008403361,0.30747983193277306
942484272,35,0.2789857142857142,0.3224551020408163,0.3448542857142857,0.3547787755102041,0.35201224489795924,0.3489612244897959,0.3405273469387755,0.32659428571428567,0.30651061224489795
942484272,36,0.2816928571428572,0.3240797619047619,0.34575000000000006,0.35476269841269836,0.3516297619047619,0.3484297619047619,0.33986984126984127,0.3257019841269842,0.3055650793650794
942484272,37,0.28414247104247103,0.3255930501930502,0.34635830115830124,0.3546891891891893,0.3511316602316603,0.3478474903474904,0.33913243243243235,0.3248714285714286,0.3046903474903475
942484272,38,0.2865003759398496,0.3271436090225564,0.3470360902255638,0.3547022556390977,0.3507936090225564,0.34727932330827066,0.3384793233082707,0.32419360902255645,0.30386842105263157
942484272,39,0.28884945054945055,0.3286241758241758,0.34766336996337,0.35479890109890105,0.3505018315018315,0.34678168498168505,0.3378468864468864,0.3235,0.30313553113553116
942484272,40,0.29118821428571434,0.33003321428571436,0.34830321428571426,0.3548789285714286,0.3502032142857142,0.3463425,0.33723,0.3229014285714286,0.3024364285714285
942484272,41,0.2934979094076655,0.33139233449477357,0.3488937282229965,0.35489581881533105,0.3497637630662021,0.34592508710801395,0.3366296167247388,0.32225783972125444,0.3018243902439025
942484272,42,0.2956809523809524,0.33268945578231285,0.3495690476190476,0.35493435374149657,0.34938503401360543,0.345443537414966,0.33612380952380955,0.3216551020408163,0.3010962585034014
942484272,43,0.2977900332225914,0.33395116279069764,0.35016146179401997,0.35494019933554816,0.34910996677740874,0.3450362126245847,0.33562890365448506,0.32108239202657807,0.3005335548172758
942484272,44,0.29983409090909086,0.33514545454545447,0.35068668831168837,0.35497987012987015,0.3488275974025974,0.3445948051948051,0.3351448051948052,0.32046201298701305,0.29997435064935063
942484272,45,0.30184222222222223,0.3363996825396826,0.35122539682539683,0.355051746031746,0.3485933333333333,0.34417682539682537,0.3347073015873016,0.3199492063492063,0.29949174603174605
942484272,46,0.3038183229813665,0.33749006211180127,0.35178012422360244,0.3551490683229813,0.3483472049689441,0.343848447204969,0.3343531055900621,0.3194897515527951,0.2989801242236025
942484272,47,0.3056908814589665,0.33860668693009116,0.35220759878419455,0.3552030395136778,0.3481,0.34345349544072945,0.3339650455927052,0.31896990881458964,0.29847203647416415
942484272,48,0.30753541666666667,0.33971666666666656,0.3527389880952381,0.35518184523809526,0.34789791666666664,0.34318958333333327,0.333678869047619,0.3185714285714286,0.2980324404761905
942484272,49,0.30927609329446065,0.3407903790087464,0.35323090379008754,0.3551854227405248,0.34764664723032074,0.34280000000000005,0.33328221574344025,0.31813469387755106,0.29756355685131197
942484272,50,0.31095657142857136,0.3417922857142857,0.3536982857142858,0.35523200000000005,0.34749085714285716,0.34257057142857145,0.33299800000000007,0.3177385714285715,0.297208
942484272,51,0.3127168067226891,0.3428946778711485,0.35424901960784316,0.3552565826330532,0.3473492997198879,0.3424148459383754,0.33271512605042014,0.3173593837535014,0.2968599439775911
942484272,52,0.31436538461538466,0.3438895604395605,0.35469835164835156,0.3553321428571429,0.3472489010989011,0.3422019230769231,0.3324870879120879,0.31708021978021983,0.29653241758241766
942484272,53,0.31593126684636125,0.344856064690027,0.3552291105121294,0.3554258760107818,0.34718194070080866,0.34202749326145554,0.33226415094339623,0.31675175202156336,0.296189757412399
942484272,54,0.31750211640211634,0.34581243386243377,0.35572724867724864,0.3555812169312169,0.3471002645502646,0.34189973544973545,0.33209523809523805,0.31647248677248674,0.2959357142857143
942484272,55,0.31906987012987004,0.34669584415584404,0.3561779220779221,0.35567870129870127,0.34700285714285717,0.34173402597402597,0.3318994805194805,0.3161701298701299,0.2956394805194805
942484272,56,0.32063086734693874,0.3475923469387755,0.3565974489795919,0.35571352040816323,0.3468875,0.3415397959183673,0.33169107142857135,0.3159094387755102,0.29539795918367345
942484272,57,0.3220874686716792,0.348453634085213,0.35699147869674175,0.35584736842105263,0.34686867167919794,0.3414781954887218,0.33155238095238093,0.31573157894736836,0.2951724310776942
942484272,58,0.32359310344827585,0.349322906403941,0.3574652709359606,0.35598940886699504,0.3468687192118226,0.34141625615763543,0.33144113300492617,0.3155445812807882,0.2949714285714286
942484272,59,0.3249929782082325,0.3501634382566587,0.3579336561743341,0.35615302663438253,0.3468576271186441,0.34134043583535106,0.3313510895883777,0.31533874092009684,0.2947675544794188
942484272,60,0.3263314285714286,0.35094000000000003,0.3582657142857143,0.35618404761904765,0.3468504761904762,0.3412328571428571,0.33116452380952377,0.31511619047619044,0.29462047619047627
942484272,61,0.327655737704918,0.3517285714285714,0.3586686182669789,0.35630421545667446,0.3468060889929742,0.34116533957845435,0.3310622950819672,0.31494262295081965,0.29444707259953157
942484272,62,0.3290232718894009,0.3524769585253456,0.3590562211981567,0.3564129032258064,0.34679907834101387,0.3411288018433179,0.33097096774193546,0.314842396313364,0.2943361751152074
942484272,63,0.3303798185941043,0.35323356009070295,0.3594909297052154,0.35657891156462584,0.34677482993197273,0.34109614512471653,0.33091156462585036,0.3147424036281179,0.29422970521541947
942484272,64,0.3317,0.35400245535714286,0.3599252232142857,0.35672098214285713,0.3467888392857143,0.3410625,0.33084598214285715,0.31463370535714286,0.2941357142857143
942484272,65,0.3330092307692308,0.35472769230769224,0.36031120879120876,0.35684000000000005,0.34681384615384614,0.3410228571428572,0.3307883516483517,0.31449582417582417,0.2940002197802198
942484272,66,0.33420757575757576,0.35541666666666666,0.3606846320346321,0.35694545454545457,0.34683679653679655,0.34103722943722936,0.33074004329004325,0.31444870129870134,0.2938880952380952
942484272,67,0.3353904051172708,0.3561304904051173,0.36101364605543707,0.35707313432835824,0.34685948827292107,0.3410251599147121,0.33075245202558634,0.3143742004264393,0.29379978678038376
942484272,68,0.3365081932773109,0.35677457983193284,0.36133487394957975,0.35720483193277314,0.3468037815126051,0.3410098739495799,0.3306926470588235,0.3142817226890756,0.2936915966386555
942484272,69,0.3376401656314699,0.3574625258799172,0.3617070393374741,0.35732898550724645,0.34684658385093176,0.34099130434782604,0.33067370600414075,0.3142494824016563,0.2936225672877847
942484272,70,0.3387787755102041,0.35814102040816326,0.362015306122449,0.35742040816326526,0.34687408163265304,0.34099428571428575,0.33067469387755105,0.3142175510204081,0.29354224489795916
942484272,71,0.339858953722334,0.35880643863179074,0.3623621730382294,0.3575255533199195,0.3469255533199195,0.3409883299798793,0.3306676056338028,0.31414828973843056,0.2934845070422535
942484272,72,0.34092341269841264,0.35947658730158727,0.3627095238095238,0.3576803571428571,0.34699702380952385,0.34102301587301587,0.33065198412698416,0.314115873015873,0.29340694444444443
942484272,73,0.34200019569471624,0.36007475538160466,0.36298590998043045,0.35778532289628173,0.3470373776908023,0.3410516634050881,0.33063385518591,0.31408649706457925,0.29334951076320936
942484272,74,0.3430766409266409,0.360703667953668,0.36330888030888037,0.3579552123552124,0.3470915057915058,0.3410679536679537,0.33066389961389964,0.3140720077220077,0.29327953667953666
942484272,75,0.34412361904761907,0.3613194285714286,0.36363485714285715,0.3581,0.3471704761904762,0.34111828571428576,0.3306921904761905,0.31408114285714284,0.2932415238095239
942484272,76,0.34512312030075193,0.3618857142857143,0.3639684210526315,0.3582274436090226,0.3471932330827068,0.3411246240601504,0.33075018796992484,0.3140580827067669,0.29321954887218044
942484272,77,0.3461204081632654,0.36247717996289425,0.3642627087198516,0.35834174397031543,0.3472654916512059,0.34112894248608533,0.33078645640074217,0.31406141001855287,0.2931946196660482
942484272,78,0.3470694139194139,0.3630666666666667,0.36454981684981685,0.35847014652014647,0.34732875457875456,0.3412087912087912,0.33084157509157514,0.31404249084249086,0.29318443223443225
942484272,79,0.34805244122965645,0.3636350813743219,0.3648925858951176,0.3585858951175407,0.3473909584086799,0.34124358047016273,0.3309047016274865,0.31405605786618446,0.293145027124774
942484272,80,0.34892910714285713,0.36414107142857144,0.3651982142857143,0.3587455357142857,0.3474766071428571,0.3413178571428571,0.33093500000000003,0.3140537500000001,0.2931403571428571
942484272,81,0.349837037037037,0.36466701940035273,0.3655202821869488,0.35888730158730164,0.34756190476190474,0.34133721340388,0.3309552028218694,0.31403668430335097,0.29315149911816585
942484272,82,0.3507355400696864,0.3651923344947735,0.36581724738675964,0.3590393728222997,0.3476540069686411,0.3413883275261324,0.33098432055749133,0.3140820557491289,0.29318554006968645
942484272,83,0.3516211703958692,0.3657089500860585,0.36609776247848536,0.3591931153184165,0.347790017211704,0.3414619621342513,0.33103786574870914,0.3140895008605852,0.2932240963855422
942484272,84,0.35249659863945576,0.366214455782313,0.36638146258503396,0.3593545918367348,0.3478721088435374,0.3415894557823129,0.33111258503401364,0.3141448979591837,0.2932705782312925
942484272,85,0.3533732773109244,0.3667721008403361,0.3667043697478992,0.35952134453781515,0.34798117647058824,0.3416921008403361,0.3311811764705882,0.3142082352941177,0.293321512605042
942484272,86,0.3542169435215947,0.3672544850498339,0.3670061461794019,0.35961196013289043,0.34808056478405314,0.3417544850498339,0.33122043189368766,0.3142601328903654,0.2933681063122924
942484272,87,0.3550417077175698,0.36772643678160916,0.367255829228243,0.3597293924466339,0.3481972085385879,0.3418067323481117,0.3312766830870279,0.3142781609195402,0.2934070607553366
942484272,88,0.3558461038961039,0.3682459415584416,0.3675375,0.3598496753246753,0.3483194805194806,0.3419066558441558,0.33138896103896104,0.31435470779220775,0.29345925324675326
942484272,89,0.35665473515248797,0.3687364365971107,0.3678351524879615,0.3599894060995185,0.3484736757624398,0.342022632423756,0.3314696629213484,0.3144362760834671,0.2935154093097913
942484272,90,0.3574304761904762,0.36921777777777776,0.3681499999999999,0.3601728571428572,0.34863539682539685,0.3421379365079365,0.33161238095238094,0.31454238095238096,0.2936020634920635
942484272,91,0.35809686028257454,0.36961318681318683,0.3683835164835165,0.36028932496075355,0.3487441130298274,0.3421703296703297,0.3317026687598116,0.3146293563579278,0.2936996860282574
942484272,92,0.35876195652173914,0.37001568322981365,0.36860869565217397,0.3604420807453416,0.34886366459627327,0.34226086956521734,0.33180822981366465,0.3147111801242236,0.29377919254658386
942484272,93,0.35941612903225795,0.3703953917050691,0.3688723502304147,0.36058264208909363,0.34898264208909363,0.34234254992319507,0.33191121351766506,0.3148196620583717,0.29391105990783406
942484272,94,0.36002036474164134,0.3707835866261398,0.3691075987841945,0.3606931610942249,0.3491080547112461,0.34244665653495443,0.3320003039513678,0.3149454407294833,0.29406519756838906
942484272,95,0.3606353383458647,0.37119022556390974,0.3693326315789474,0.3608007518796992,0.3491966917293233,0.3425264661654135,0.3320962406015038,0.31501368421052633,0.29415488721804517
942484272,96,0.36124151785714287,0.37159241071428567,0.3695995535714286,0.3609537202380952,0.3493157738095238,0.34265773809523814,0.33222247023809515,0.315139880952381,0.29424434523809523
942484272,97,0.3618443298969072,0.37196730486008833,0.3698486008836524,0.3611019145802651,0.34947569955817376,0.34275714285714287,0.3322910162002946,0.3152583210603829,0.2943494845360825
942484272,98,0.36246588921282796,0.3723501457725948,0.37007623906705545,0.36118775510204076,0.34959941690962104,0.3428801749271137,0.3323922740524781,0.3153661807580175,0.2944306122448979
942484272,99,0.36304834054834056,0.3727360750360751,0.37032539682539684,0.3613253968253969,0.34971933621933626,0.3430069264069264,0.3325191919191919,0.31546349206349206,0.29452510822510825
942484272,100,0.3636552857142857,0.37308557142857146,0.37053842857142855,0.36150057142857145,0.34985871428571425,0.3431622857142857,0.3326442857142857,0.3155835714285714,0.2946435714285714
942484272,101,0.3642131541725601,0.37347482319660535,0.37082079207920793,0.36164158415841585,0.3500384724186704,0.3432940594059406,0.3327592644978784,0.315722630834512,0.2947581329561527
942484272,102,0.364766106442577,0.3738079831932773,0.3710173669467787,0.3617427170868347,0.3501824929971989,0.34342100840336137,0.33285,0.3158271708683473,0.2948505602240896
942484272,103,0.36533134535367545,0.37415353675450763,0.37121927877947297,0.36185312066574205,0.3503300970873786,0.34355228848821084,0.33293952843273233,0.3159692094313453,0.29495450762829406
942484272,104,0.36586510989010995,0.37449244505494506,0.3714625,0.3620118131868132,0.3504637362637363,0.343681043956044,0.3330726648351649,0.3161105769230769,0.2950743131868131
942484272,105,0.3663957823129252,0.37482299319727896,0.37168163265306126,0.3621466666666666,0.35060517006802716,0.3438076190476191,0.33321999999999996,0.31622462585034017,0.29519891156462585
942484272,106,0.36694029649595694,0.37521266846361195,0.37192520215633423,0.36227654986522906,0.3507598382749326,0.34394474393531005,0.33337237196765507,0.31636698113207545,0.2953307277628033
942484272,107,0.3674600801068091,0.37555874499332437,0.37215020026702267,0.3623981308411215,0.3508906542056075,0.34410680907877167,0.33350854472630176,0.3165431241655541,0.2954568758344459
942484272,108,0.36798928571428574,0.37587063492063494,0.3723825396825397,0.36254708994708995,0.35104814814814816,0.3442373015873016,0.33362433862433866,0.3167244708994709,0.2956050264550265
942484272,109,0.3684724770642202,0.376170249017038,0.372559633027523,0.36265884665792925,0.3511904325032765,0.34437745740498044,0.3337650065530799,0.3168698558322412,0.2957301441677589
942484272,110,0.36895844155844154,0.3765051948051948,0.37278350649350644,0.3627984415584416,0.3513268831168831,0.3445289610389611,0.33390675324675323,0.31699948051948046,0.29587805194805195
942484272,111,0.36945521235521234,0.37683320463320474,0.3730020592020592,0.3629265122265122,0.3514597168597169,0.3446786357786358,0.3340243243243243,0.3171428571428571,0.29600038610038604
942484272,112,0.3699522959183673,0.3771487244897959,0.3732082908163265,0.3630487244897959,0.351578443877551,0.34479489795918367,0.33414005102040817,0.3172738520408164,0.2961285714285714
942484272,113,0.37044437420986087,0.3774750948166877,0.37343944374209864,0.363194437420986,0.3517171934260431,0.3449338811630846,0.3342509481668773,0.31739102402022756,0.2962543615676359
942484272,114,0.3709525062656642,0.3777906015037594,0.3736459899749373,0.36332994987468675,0.35186378446115296,0.345071679197995,0.33440401002506265,0.3175348370927318,0.2964067669172932
942484272,115,0.37141527950310554,0.3781286956521739,0.37386049689441,0.36348608695652185,0.35200024844720496,0.34525118012422357,0.3345408695652174,0.31771031055900617,0.29658037267080745
942484272,116,0.3718965517241379,0.3784341133004926,0.37405221674876854,0.36362179802955663,0.3521418719211822,0.34539889162561577,0.33467463054187196,0.31783312807881775,0.2966981527093596
942484272,117,0.3723852258852259,0.3787665445665445,0.3742869352869353,0.3638009768009768,0.35231684981684985,0.34554529914529913,0.3348159951159951,0.31801050061050057,0.2968687423687424
942484272,118,0.37284285714285714,0.37911585956416466,0.3745342615012107,0.3639782082324455,0.35250217917675547,0.345696004842615,0.3349806295399516,0.3181887409200968,0.2970326876513317
942484272,119,0.3733249699879952,0.3794249699879952,0.3747548619447779,0.3641338535414166,0.3526641056422569,0.3458408163265306,0.3351336134453782,0.3183513805522209,0.29719867947178863
942484272,120,0.37376142857142863,0.3797419047619048,0.37497369047619045,0.3642925,0.35281452380952383,0.34599440476190474,0.3352842857142857,0.31852190476190473,0.2973571428571429
942484272,121,0.37420731995277445,0.3800453364817001,0.3751687131050767,0.3644270365997639,0.35294864226682415,0.3461407319952775,0.3354048406139315,0.3186883116883117,0.29752668240850066
942484272,122,0.37467435597189697,0.38037962529274005,0.37539297423887596,0.3646108899297424,0.3530962529274005,0.3463192037470726,0.33555199063231855,0.31884976580796254,0.29769086651053867
942484272,123,0.37513948896631816,0.380709756097561,0.37563170731707324,0.36474610917537753,0.35325528455284555,0.346466318234611,0.3357322880371661,0.31904901277584213,0.2978655052264808
942484272,124,0.375595737327189,0.3810049539170507,0.37584838709677426,0.36487142857142857,0.35339631336405536,0.3466226958525346,0.3359247695852535,0.3192192396313364,0.29802649769585254
942484272,125,0.3760515428571429,0.3812940571428573,0.37606914285714294,0.36499851428571434,0.3535537142857143,0.34680217142857145,0.3360939428571429,0.3193857142857142,0.29819508571428577
942484272,126,0.3764802721088435,0.3815858276643991,0.37627834467120175,0.36517063492063484,0.35371836734693884,0.34696496598639454,0.3362591836734694,0.31954024943310655,0.2983607709750567
942484272,127,0.3769494938132733,0.3818888638920135,0.3765116985376828,0.36532980877390325,0.35389763779527555,0.3471402699662542,0.33643329583802023,0.3197092238470191,0.2985150731158605
942484272,128,0.3774146205357143,0.38218705357142857,0.37673839285714283,0.3655110491071429,0.35407064732142857,0.34734174107142857,0.33661752232142855,0.31991495535714287,0.29869933035714286
942484272,129,0.3778267995570321,0.382478073089701,0.37697320044296795,0.3656579180509413,0.3542241417497231,0.3475272425249169,0.3367996677740864,0.3200897009966778,0.29885813953488377
942484272,130,0.37824065934065937,0.3827492307692308,0.37716208791208794,0.3658227472527472,0.3543679120879121,0.34770373626373624,0.33698428571428574,0.3202642857142857,0.2990017582417583
942484272,131,0.3786729552889858,0.3830357688113413,0.3774166848418757,0.3660176663031625,0.3545398037077427,0.3478928026172301,0.33716641221374044,0.32046564885496187,0.2991841875681571
942484272,132,0.37908777056277054,0.3832965367965368,0.37761829004329,0.36618603896103896,0.35471558441558443,0.3480386363636364,0.33733766233766227,0.3206309523809524,0.2993506493506493
942484272,133,0.3795077336197637,0.38360279269602576,0.3778299677765843,0.36633523093447906,0.3548801288936627,0.3482058002148227,0.3375076262083781,0.3207988184747582,0.29952685284640174
942484272,134,0.3799051172707889,0.38388283582089555,0.37803827292110875,0.3664830490405117,0.35505362473347546,0.3483879530916844,0.33767334754797446,0.32098912579957356,0.2997143923240938
942484272,135,0.38032634920634917,0.38417809523809526,0.3782593650793651,0.3666666666666667,0.355226455026455,0.348565291005291,0.3378719576719577,0.32119566137566136,0.2998918518518518
942484272,136,0.38072247899159667,0.38444149159663865,0.37844579831932773,0.3668165966386554,0.35539684873949584,0.3487181722689076,0.3380248949579832,0.32139674369747895,0.30005168067226895
942484272,137,0.3811490093847758,0.384748070907195,0.378659228362878,0.3670154327424401,0.3555408759124087,0.34889593326381646,0.338196558915537,0.3215808133472367,0.3002400417101147
942484272,138,0.38154886128364396,0.38497929606625253,0.3788463768115942,0.36716894409937884,0.3557090062111801,0.3490513457556935,0.3383649068322981,0.32175372670807456,0.3004036231884058
942484272,139,0.38193566289825276,0.3852434737923947,0.3790429599177801,0.3673421377183967,0.3558661870503598,0.34924254881808836,0.33854871531346353,0.3219637204522097,0.3005790339157245
942484272,140,0.38233551020408163,0.3855259183673469,0.37923459183673464,0.3675020408163265,0.3560334693877551,0.3494077551020408,0.3387113265306122,0.32213540816326536,0.30077520408163266
942484272,141,0.38271448834853095,0.38580111448834853,0.37940334346504556,0.36765390070921977,0.356214690982776,0.34956757852077,0.33888824721377914,0.32234387031408307,0.3009557244174266
942484272,142,0.38309678068410463,0.38606981891348086,0.3795983903420523,0.3678101609657948,0.35638329979879274,0.34974748490945684,0.33906338028169014,0.3225439637826961,0.3011261569416499
942484272,143,0.3834575424575425,0.38632087912087915,0.3797852147852149,0.367975924075924,0.3565412587412588,0.34990769230769236,0.33922207792207787,0.32272197802197794,0.30126643356643357
942484272,144,0.383815873015873,0.3865594246031746,0.37998918650793656,0.3681295634920635,0.3567045634920635,0.3501087301587302,0.33941259920634914,0.32292023809523807,0.30142093253968255
942484272,145,0.3841581280788178,0.38680837438423643,0.3801813793103448,0.3682714285714285,0.35686709359605906,0.3502821674876847,0.3395895566502463,0.3231053201970443,0.3016066995073892
942484272,146,0.3845163405088063,0.38704726027397257,0.3803630136986301,0.36843043052837576,0.35701839530332674,0.35045166340508804,0.33974452054794524,0.32330655577299416,0.3017877690802348
942484272,147,0.38488629737609326,0.3873239067055394,0.3805706511175899,0.3686204081632653,0.3571902818270165,0.3506348882410107,0.33992517006802725,0.3234968901846453,0.3019715257531584
942484272,148,0.3852323359073359,0.3875819498069499,0.3807563706563707,0.3688084942084942,0.35737432432432437,0.3507963320463321,0.34009777992277995,0.32365694980694976,0.3021539575289575
942484272,149,0.3855736337488015,0.38782895493767977,0.380955129434324,0.36897756471716203,0.35755196548418033,0.35097555129434316,0.34026327900287623,0.32383374880153404,0.3023118887823586
942484272,150,0.38592914285714286,0.3880750476190476,0.3811488571428571,0.369138761904762,0.35769742857142856,0.35113428571428573,0.3404387619047619,0.32403133333333334,0.3025016190476191
942484272,151,0.3862742667928098,0.38831977294228953,0.3813485335856197,0.36931381267738883,0.35787445600756856,0.35132147587511825,0.34062705771050145,0.3242185430463576,0.3026890255439924
942484272,152,0.3866232142857143,0.3885730263157895,0.3815510338345865,0.3694767857142857,0.35804746240601504,0.35149840225563905,0.34080413533834586,0.32440291353383455,0.3028596804511278
942484272,153,0.38697787114845944,0.3888169934640523,0.38175051353874884,0.3696660130718954,0.358216806722689,0.3516891690009337,0.3409922502334268,0.3245818860877684,0.30304817927170863
942484272,154,0.3873386827458256,0.3890925788497217,0.3819494434137291,0.369858348794063,0.358412615955473,0.35187328385899813,0.34118998144712426,0.3247837662337662,0.30324656771799624
942484272,155,0.3876692165898617,0.38932691244239637,0.3821595391705068,0.3700118894009216,0.358578801843318,0.35204248847926267,0.34135115207373273,0.324981935483871,0.30345253456221194
942484272,156,0.3880271062271062,0.3896007326007326,0.3823832417582418,0.37018653846153843,0.3587755494505494,0.3522372710622711,0.3415283882783883,0.325176282051282,0.30363333333333337
942484272,157,0.3883526842584168,0.38984804367606923,0.38258116469517744,0.3703657870791629,0.35896442220200186,0.3524022747952684,0.3417282984531393,0.3253646951774341,0.3038279344858963
942484272,158,0.38868770343580467,0.39007766726943943,0.38277296564195296,0.3705437613019892,0.3591548824593129,0.3525839059674503,0.3419021699819168,0.32554665461121157,0.3040080470162748
942484272,159,0.38903261455525606,0.39033369272237195,0.3829746630727763,0.37070467205750224,0.3593209344115004,0.3527451033243486,0.3420914645103325,0.32572785265049414,0.30420970350404314
942484272,160,0.3893685714285714,0.3905908928571428,0.38317803571428566,0.37088330357142857,0.35950580357142853,0.35293803571428567,0.3422965178571429,0.32592455357142863,0.3043988392857143
942484272,161,0.38972626441881103,0.3908362023070097,0.3833717834960071,0.37104614019520854,0.3596903283052351,0.3531275953859805,0.34250062111801244,0.32611472937000885,0.3046045252883762
942484272,162,0.3900650793650793,0.3910852733686067,0.3835611992945327,0.37120899470899466,0.3598718694885361,0.3533115520282186,0.34268174603174606,0.3263038800705467,0.3047799823633157
942484272,163,0.3903826468010517,0.39131446099912365,0.38376283961437335,0.37137212971078004,0.36005100788781774,0.3534670464504821,0.3428475898334794,0.3264828220858896,0.3049621384750219
942484272,164,0.3907202090592335,0.3915485191637631,0.3839521777003484,0.371530487804878,0.3602337108013937,0.3536498257839722,0.3430424216027875,0.3266641986062718,0.30514294425087113
942484272,165,0.39102354978354975,0.3917554978354978,0.3841215584415584,0.37168701298701295,0.3603857142857143,0.35380874458874456,0.34323099567099574,0.32684060606060605,0.3053133333333333
942484272,166,0.3913342512908778,0.39200223752151464,0.38431833046471603,0.3718618760757315,0.36056807228915666,0.35399165232358004,0.3434179862306368,0.32701876075731495,0.30552039586919105
942484272,167,0.3916348160821215,0.39221881950384946,0.38449478186484165,0.3720186484174508,0.3607518391787853,0.3541633875106929,0.34359589392643286,0.3271920444824637,0.3057090675791274
942484272,168,0.39194931972789115,0.3924322278911565,0.38469379251700675,0.3721825680272109,0.360921343537415,0.3543405612244898,0.3437902210884353,0.327385119047619,0.30590943877551013
942484272,169,0.39226601859678784,0.3926642434488588,0.3848831783601015,0.37234725274725267,0.3610952662721893,0.3545420963651733,0.3439746407438716,0.3275950972104818,0.3061157227387996
942484272,170,0.3925906722689076,0.3929065546218487,0.38508394957983194,0.37250588235294113,0.3613040336134454,0.3547410084033613,0.34418243697478995,0.32781235294117644,0.3063290756302521
942484272,171,0.3929021720969089,0.39311436925647447,0.38526198830409353,0.3726607351712614,0.36148320802005013,0.3549091060985798,0.34435363408521297,0.32800033416875524,0.30653191311612366
942484272,172,0.3931896179401993,0.3933308970099668,0.385460465116279,0.37280406976744185,0.36166985049833883,0.35509410299003324,0.34454676079734214,0.32821561461794024,0.306731976744186
942484272,173,0.3934981833195706,0.39356028075970273,0.3856549132947977,0.37296490503715934,0.3618478117258464,0.35526977704376544,0.3447397192402973,0.32842105697770435,0.3069185796862098
942484272,174,0.39377471264367814,0.39377446633825935,0.38582380952380957,0.3731310344827586,0.36202873563218385,0.35543834154351395,0.34492947454844003,0.32861995073891626,0.3071032019704434
942484272,175,0.3940787755102041,0.3940015510204082,0.38602269387755106,0.37329053061224493,0.3622185306122449,0.3556365714285714,0.3451164897959183,0.32881722448979595,0.3073104489795918
942484272,176,0.3943553571428571,0.39421558441558446,0.386211038961039,0.37345454545454543,0.36239813311688307,0.35581607142857147,0.3453106331168831,0.328998538961039,0.30748498376623384
942484272,177,0.39464713478611785,0.3944432606941082,0.3863881355932203,0.3736161420500404,0.36254971751412435,0.3559918482647296,0.3454905569007264,0.3291858757062147,0.30767861178369654
942484272,178,0.3949304975922953,0.3946609951845907,0.38655369181380417,0.3737729534510434,0.36272648475120384,0.3561583467094703,0.3456673354735152,0.32937327447833065,0.30787841091492774
942484272,179,0.39522434158020747,0.3948786113328013,0.38673016759776535,0.3739463687150838,0.3629108539505188,0.35634062250598564,0.3458506783719074,0.32957438148443735,0.308074221867518
942484272,180,0.3955329365079365,0.3951260317460317,0.3869011111111111,0.37413166666666664,0.36309912698412694,0.3565322222222222,0.34606476190476193,0.329772619047619,0.30826904761904755
942484272,181,0.3958304656669297,0.3953382004735596,0.3870824782951855,0.3742835043409629,0.36327016574585635,0.3567237569060774,0.34625745856353596,0.3299583267561168,0.3084556432517758
942484272,182,0.3961115384615384,0.3955542386185244,0.3872579277864992,0.37442825745682884,0.3634352433281005,0.35689097331240194,0.3464337519623234,0.3301513343799058,0.30864199372056517
942484272,183,0.39639320843091336,0.3957682279469164,0.38742302888368463,0.3746049960967993,0.3636174082747853,0.35708899297423885,0.34662638563622167,0.3303612802498048,0.3088248243559719
942484272,184,0.3966679347826087,0.39596933229813663,0.3876135869565217,0.3747724378881987,0.3637778726708074,0.35726304347826093,0.34680923913043477,0.33056746894409933,0.3090260869565218
942484272,185,0.3969425482625483,0.396179305019305,0.3877807722007722,0.3749323552123552,0.363957915057915,0.357452277992278,0.3469985328185328,0.3307667181467182,0.30922362934362935
942484272,186,0.39721850998463903,0.39639508448540706,0.38797711213517666,0.3750996159754224,0.3641260368663594,0.3576365591397849,0.34717764976958515,0.3309620583717358,0.3094209677419355
942484272,187,0.39748449197860963,0.3965973262032086,0.3881433155080214,0.3752411764705883,0.36429274255156613,0.3578178762414056,0.3473686783804431,0.3311532467532468,0.3095949579831932
942484272,188,0.39775934650455924,0.3968140577507599,0.3883113981762918,0.3754037993920972,0.3644553191489362,0.35799612462006075,0.3475579787234042,0.33135091185410337,0.30978617021276594
942484272,189,0.39803340891912314,0.3970219198790627,0.3884886621315193,0.3755433106575964,0.3646402872260015,0.35816243386243385,0.34773439153439145,0.33155268329554044,0.3099808767951625
942484272,190,0.3982943609022557,0.3972344360902256,0.3886418796992481,0.3757030075187969,0.36480864661654133,0.35834548872180455,0.34791902255639096,0.3317481954887218,0.3101798496240601
942484272,191,0.39855138369483917,0.39744323111443525,0.38883118922961857,0.3758602842183994,0.36499229618548995,0.3585392670157068,0.34811241585639496,0.33195654450261786,0.31039813014210915
942484272,192,0.3988302827380952,0.39765818452380947,0.3890104910714286,0.3760336309523809,0.36515126488095234,0.35871644345238096,0.34827752976190474,0.33215922619047616,0.3105924107142858
942484272,193,0.39906802368615835,0.3978665433012583,0.3892045151739452,0.37618852701702443,0.3653252405625463,0.3588908956328645,0.34847350111028863,0.3323382679496669,0.3107777202072538
942484272,194,0.3993439617083947,0.39806443298969074,0.38937452135493367,0.3763463181148748,0.36550611192930776,0.35906163475699565,0.3486626656848306,0.3325354933726068,0.31098136966126655
942484272,195,0.3995996336996337,0.39825897435897434,0.38955509157509155,0.3765027838827839,0.3656770695970696,0.3592482783882784,0.3488550915750915,0.3327250549450549,0.31117164835164834
942484272,196,0.39987711370262385,0.3984688775510204,0.38972820699708455,0.37666865889212825,0.36583534985422744,0.359425,0.34904030612244896,0.3329098396501457,0.3113501457725948
942484272,197,0.400137708484409,0.398647425670776,0.3898805656272662,0.3768191443074692,0.36597839013778105,0.35959572153734587,0.3492187817258883,0.3331179840464105,0.31153727338651194
942484272,198,0.4003772727272727,0.3988480519480519,0.3900349206349207,0.3769753968253968,0.3661397546897546,0.35975793650793647,0.34939603174603173,0.33330288600288605,0.31173037518037516
942484272,199,0.40063589375448677,0.399043144292893,0.3902023689877961,0.37713704235463036,0.36629755922469487,0.35991902368987794,0.3495683417085427,0.3334908111988515,0.3119251256281407
942484272,200,0.40088921428571433,0.39926114285714287,0.390365,0.3773222142857143,0.3664813571428571,0.36010549999999997,0.3497751428571429,0.33368321428571435,0.31213071428571426
929893138,1,0.0406,0.0813,0.14927142857142858,0.25207142857142856,0.3451,0.3865,0.4463,0.5033714285714286,0.5507285714285715
929893138,2,0.06453571428571428,0.12098571428571428,0.1989642857142857,0.3024,0.3857285714285714,0.4183142857142857,0.4611642857142857,0.49769285714285716,0.5224642857142857
929893138,3,0.08335714285714284,0.14791428571428572,0.2285428571428571,0.3269714285714286,0.39836666666666665,0.42412380952380946,0.457547619047619,0.4810904761904761,0.4944380952380952
929893138,4,0.09957857142857143,0.16856428571428572,0.24821428571428572,0.33907857142857145,0.4010285714285714,0.4209535714285714,0.44722142857142855,0.46365,0.468275
929893138,5,0.11358857142857146,0.1853685714285714,0.2633457142857143,0.345857142857143,0.4001171428571429,0.41712000000000005,0.4375657142857143,0.44809428571428567,0.4468628571428572
929893138,6,0.12601428571428572,0.19915952380952384,0.27514285714285713,0.3511190476190476,0.3975428571428571,0.41159761904761905,0.4275309523809524,0.4343214285714285,0.4297309523809523
929893138,7,0.13695102040816323,0.21120612244897952,0.2838938775510204,0.35439795918367345,0.39448367346938773,0.40631224489795914,0.4186714285714286,0.42228571428571426,0.4146795918367347
929893138,8,0.14694642857142856,0.2216267857142857,0.2913875,0.35605714285714285,0.3913535714285714,0.40145892857142856,0.41082857142857143,0.41154107142857144,0.40182321428571427
929893138,9,0.15632380952380953,0.2302761904761905,0.2973285714285715,0.3571920634920635,0.38817460317460317,0.3967079365079365,0.4036825396825397,0.4024682539682539,0.39080476190476193
929893138,10,0.1651,0.2379914285714286,0.30246428571428574,0.3579671428571428,0.3854142857142857,0.3924957142857143,0.39745,0.3948971428571429,0.3815542857142857
929893138,11,0.1727246753246753,0.24474285714285715,0.3068051948051947,0.3585415584415584,0.38238051948051943,0.3885116883116882,0.39150649350649347,0.38783766233766226,0.37312337662337663
929893138,12,0.17996428571428572,0.25112380952380947,0.3103916666666666,0.3586785714285714,0.37985833333333335,0.38495119047619053,0.38649285714285714,0.3816345238095238,0.36601547619047625
929893138,13,0.18692197802197807,0.2568373626373626,0.3135153846153846,0.3586329670329671,0.37733516483516477,0.38128901098901097,0.38186043956043964,0.37600000000000006,0.359510989010989
929893138,14,0.19336632653061223,0.26226836734693876,0.31657959183673473,0.35873163265306124,0.3752673469387755,0.37854795918367345,0.3780051020408163,0.37134591836734687,0.35436632653061223
929893138,15,0.1996238095238095,0.26739619047619045,0.31911904761904764,0.3585085714285714,0.3728504761904762,0.37562285714285715,0.3740752380952381,0.36700952380952384,0.3495761904761905
929893138,16,0.20561160714285714,0.27184375,0.32134107142857143,0.35836339285714286,0.3709491071428571,0.373025,0.37055535714285714,0.36294732142857145,0.3453669642857143
929893138,17,0.21123361344537817,0.2761420168067227,0.32354369747899153,0.3583865546218487,0.3691142857142857,0.3706310924369748,0.36758739495798315,0.3593100840336135,0.341372268907563
929893138,18,0.21659047619047617,0.2801230158730159,0.3256492063492063,0.35839365079365076,0.3674809523809524,0.3685222222222222,0.3650111111111111,0.3562531746031746,0.3378301587301587
929893138,19,0.22165338345864666,0.2837105263157894,0.3274496240601503,0.35808721804511273,0.3658954887218045,0.3666075187969925,0.362484962406015,0.3532984962406015,0.3346563909774436
929893138,20,0.22639214285714285,0.28721285714285716,0.329075,0.3579671428571429,0.3644957142857143,0.3648578571428571,0.36026714285714284,0.3506478571428571,0.331665
929893138,21,0.23117482993197278,0.2905557823129251,0.33068231292517003,0.35774285714285714,0.3631795918367347,0.3631768707482993,0.35804693877551014,0.3480823129251701,0.32890952380952376
929893138,22,0.2356292207792208,0.2937142857142857,0.33237597402597396,0.3576201298701298,0.3619733766233766,0.3618350649350649,0.3562123376623377,0.3458272727272727,0.3263792207792208
929893138,23,0.239755900621118,0.29665465838509314,0.33374968944099376,0.35735403726708076,0.36079440993788825,0.36033105590062114,0.3542894409937888,0.3436335403726708,0.3239093167701864
929893138,24,0.2438184523809524,0.2994761904761905,0.3349863095238095,0.3569273809523809,0.35968333333333335,0.3590107142857143,0.3524767857142857,0.3417642857142857,0.3216220238095238
929893138,25,0.24759200000000003,0.30209485714285716,0.33637657142857147,0.356704,0.358676,0.3576931428571429,0.3509017142857143,0.3401188571428571,0.31961828571428574
929893138,26,0.2512445054945055,0.3045994505494505,0.33756483516483515,0.3565192307692308,0.357789010989011,0.356493956043956,0.3493148351648351,0.33834725274725275,0.31768076923076927
929893138,27,0.25489312169312167,0.30690952380952385,0.3386111111111111,0.3563111111111111,0.3569756613756614,0.3554232804232804,0.3479380952380952,0.33668783068783065,0.3159037037037037
929893138,28,0.25818163265306115,0.30916377551020413,0.3395979591836735,0.3561841836734694,0.3562974489795918,0.35452142857142865,0.3466974489795918,0.3353020408163265,0.31421785714285716
929893138,29,0.2614113300492611,0.3111916256157636,0.3406,0.35603940886699503,0.3555019704433498,0.3536083743842364,0.3455477832512316,0.33388916256157636,0.31275073891625615
929893138,30,0.26450761904761905,0.31318904761904764,0.3415114285714285,0.35580952380952385,0.35467809523809524,0.35268285714285713,0.3443838095238095,0.33256380952380954,0.31130857142857143
929893138,31,0.26751152073732715,0.31524700460829486,0.3424663594470045,0.3557460829493087,0.35406682027649766,0.35195483870967725,0.34337235023041474,0.3314133640552995,0.3099336405529953
929893138,32,0.27041517857142855,0.31704910714285717,0.343303125,0.3556495535714286,0.35343526785714285,0.35117767857142856,0.3423700892857143,0.3301482142857143,0.3087214285714286
929893138,33,0.2733225108225108,0.3188935064935064,0.3440731601731602,0.35556147186147186,0.35285497835497825,0.35043246753246754,0.3414619047619047,0.3290766233766233,0.30766839826839826
929893138,34,0.2761,0.32060588235294113,0.34487899159663854,0.35557689075630244,0.3523747899159664,0.34985042016806717,0.3406915966386555,0.3282512605042017,0.3066789915966386
929893138,35,0.2788195918367347,0.32228857142857137,0.345604081632653,0.35553999999999997,0.3518228571428571,0.3492502040816326,0.3398742857142857,0.32732122448979595,0.3057248979591836
929893138,36,0.28145317460317465,0.3238781746031746,0.3464130952380952,0.3555523809523809,0.35146984126984127,0.34881230158730164,0.3391634920634921,0.32650277777777775,0.30482579365079365
929893138,37,0.2839050193050193,0.3253972972972973,0.3471386100386101,0.35547142857142855,0.35100733590733596,0.34828378378378383,0.3384185328185328,0.32567297297297293,0.3039799227799228
929893138,38,0.2863537593984962,0.3268631578947368,0.34779060150375934,0.35541090225563915,0.3505627819548872,0.3477977443609023,0.3377522556390977,0.32493195488721804,0.3031597744360902
929893138,39,0.288685347985348,0.32827509157509155,0.34842380952380947,0.35545347985347986,0.3502556776556776,0.34735164835164833,0.3371945054945055,0.3242333333333334,0.30235531135531135
929893138,40,0.29095928571428575,0.3296746428571429,0.34898857142857137,0.3554803571428571,0.34994214285714287,0.3468410714285714,0.3365971428571429,0.3235571428571429,0.3016328571428571
929893138,41,0.2932585365853659,0.33105609756097565,0.34955121951219514,0.35541149825783974,0.3495853658536585,0.34637317073170737,0.33605470383275265,0.3229491289198607,0.30098989547038335
929893138,42,0.2954608843537415,0.3323387755102041,0.35008639455782314,0.35543741496598635,0.34926632653061224,0.34592312925170066,0.335502380952381,0.32224251700680273,0.3002687074829932
929893138,43,0.2975601328903655,0.3335315614617941,0.3506036544850498,0.355521926910299,0.34907242524916937,0.34557076411960136,0.3350249169435216,0.3216607973421928,0.29966578073089695
929893138,44,0.29954577922077913,0.334662012987013,0.3511220779220779,0.3555538961038961,0.34887629870129866,0.34525649350649346,0.3345162337662338,0.3210827922077922,0.2990873376623376
929893138,45,0.30153714285714284,0.33593873015873016,0.351635873015873,0.35562888888888894,0.34863015873015873,0.3449076190476191,0.33408063492063494,0.32050888888888884,0.29855650793650795
929893138,46,0.30348913043478265,0.33715621118012423,0.3522024844720497,0.3556434782608696,0.3484167701863354,0.3445472049689441,0.3336490683229813,0.32005155279503106,0.29798726708074535
929893138,47,0.30534620060790274,0.33819726443768994,0.3527200607902735,0.3556510638297872,0.34818571428571427,0.34420729483282675,0.3332890577507599,0.3195908814589665,0.2974890577507599
929893138,48,0.3072285714285714,0.33934077380952377,0.35326904761904765,0.35564910714285713,0.3480119047619048,0.34391011904761903,0.3329398809523809,0.31914940476190473,0.29701726190476196
929893138,49,0.30898134110787173,0.3403620991253644,0.35377696793002916,0.35561486880466475,0.3478134110787172,0.3435944606413994,0.3325947521865889,0.31872915451895045,0.2965906705539358
929893138,50,0.3106854285714286,0.3413888571428572,0.35424142857142854,0.35563199999999995,0.34758257142857146,0.343366,0.33226657142857136,0.31837914285714286,0.29620742857142857
929893138,51,0.31242464985994395,0.34245378151260497,0.3547439775910365,0.3557893557422969,0.34745434173669465,0.343172268907563,0.3319658263305322,0.3180644257703081,0.29589495798319326
929893138,52,0.3140376373626374,0.3433887362637363,0.3552010989010989,0.35584313186813193,0.3473057692307692,0.3429467032967033,0.3317076923076923,0.31775851648351644,0.2955532967032967
929893138,53,0.31557493261455527,0.3443188679245283,0.3557318059299191,0.3558843665768194,0.3472606469002696,0.34279002695417793,0.33147547169811314,0.3174498652291105,0.29521698113207545
929893138,54,0.3171978835978836,0.3452558201058201,0.35620105820105813,0.35594629629629626,0.3471968253968254,0.3426833333333333,0.3312761904761905,0.31718465608465607,0.2949417989417989
929893138,55,0.3187142857142857,0.3461594805194805,0.35664935064935066,0.3560366233766234,0.34711298701298704,0.3425667532467533,0.33104207792207785,0.31691766233766233,0.2946028571428571
929893138,56,0.32025586734693884,0.34707755102040816,0.3570433673469388,0.35605408163265306,0.3470160714285713,0.3424280612244898,0.3308382653061224,0.3166969387755102,0.29432653061224495
929893138,57,0.32175864661654136,0.3479398496240601,0.3574804511278196,0.3561573934837093,0.34698320802005006,0.3423859649122807,0.33072305764411025,0.3164907268170426,0.2941203007518797
929893138,58,0.3232352216748769,0.3488396551724138,0.3579450738916256,0.35631231527093604,0.3469669950738916,0.34237733990147784,0.3306034482758621,0.3162800492610838,0.293906157635468
929893138,59,0.3246927360774819,0.34968692493946735,0.3583295399515738,0.356436803874092,0.3469145278450363,0.34231113801452784,0.3305152542372881,0.3160699757869249,0.2936987893462469
929893138,60,0.32604190476190476,0.3504399999999999,0.35868404761904765,0.3565254761904762,0.34689261904761903,0.34218190476190474,0.33035214285714287,0.31589142857142855,0.29348452380952383
929893138,61,0.32733723653395785,0.35119859484777516,0.3590508196721312,0.35664074941451984,0.3468653395784543,0.34212365339578454,0.33026112412177977,0.31571264637002344,0.2933264637002341
929893138,62,0.3286435483870968,0.3519716589861751,0.35937672811059906,0.3567518433179724,0.34680299539170506,0.3420783410138249,0.3301884792626728,0.3155790322580645,0.293194930875576
929893138,63,0.32998231292517,0.3527331065759637,0.35972653061224485,0.3569056689342403,0.34678843537414966,0.34210068027210877,0.3301272108843537,0.3154739229024943,0.29309002267573697
929893138,64,0.3313296875,0.35351941964285716,0.36011339285714283,0.3570283482142857,0.34682879464285715,0.34209955357142857,0.3300828125,0.31538660714285716,0.29305959821428573
929893138,65,0.33264109890109894,0.3542663736263736,0.3604837362637363,0.3571641758241759,0.3468371428571429,0.34210659340659344,0.33003604395604397,0.3152947252747253,0.2929556043956044
929893138,66,0.3338344155844156,0.3549577922077922,0.36082186147186146,0.35729069264069263,0.34686645021645024,0.34211471861471865,0.33001991341991344,0.3152290043290043,0.29287380952380954
929893138,67,0.33503965884861414,0.35569744136460557,0.36117356076759066,0.35740746268656715,0.3468925373134328,0.3421236673773988,0.33002238805970147,0.31516353944562897,0.29281449893390193
929893138,68,0.33619054621848743,0.35637584033613445,0.3614703781512605,0.35749096638655464,0.3468710084033613,0.34206785714285715,0.32997668067226893,0.31510168067226896,0.2927447478991597
929893138,69,0.3373360248447205,0.356991718426501,0.3618585921325052,0.35756563146997933,0.34695548654244307,0.34205569358178056,0.3299672877846791,0.31509544513457555,0.29269937888198755
929893138,70,0.33846959183673464,0.35766755102040815,0.36217081632653064,0.3576442857142857,0.3469820408163265,0.3420563265306122,0.3299673469387755,0.3150555102040817,0.29262244897959183
929893138,71,0.3395859154929578,0.358307444668008,0.3625064386317907,0.35777424547283704,0.34700885311871227,0.34207183098591554,0.3299736418511066,0.31501126760563386,0.29256539235412476
929893138,72,0.34069484126984123,0.3589297619047619,0.36284047619047616,0.3579440476190476,0.34705416666666666,0.3421117063492063,0.3299986111111112,0.31502599206349213,0.2924811507936508
929893138,73,0.3417671232876712,0.359552446183953,0.3631577299412916,0.35805557729941295,0.34713346379647747,0.342154794520548,0.329979843444227,0.31501232876712326,0.29243268101761244
929893138,74,0.3428362934362934,0.36018108108108104,0.36349169884169885,0.3582289575289575,0.3472007722007722,0.3422065637065637,0.33006138996138995,0.31499478764478767,0.2923936293436293
929893138,75,0.34385409523809524,0.360780761904762,0.36383466666666664,0.3583704761904762,0.3472502857142858,0.3422321904761904,0.3301064761904762,0.3150074285714286,0.29242457142857137
929893138,76,0.3448548872180451,0.3613618421052631,0.3641464285714286,0.3585016917293234,0.3473039473684211,0.3422669172932331,0.3301607142857143,0.3150003759398496,0.2924323308270677
929893138,77,0.3458098330241187,0.3619573283858998,0.36446641929499074,0.35863172541743965,0.3473964749536178,0.34229962894248606,0.33017940630797776,0.31498404452690165,0.29242226345083483
929893138,78,0.3468091575091575,0.3625272893772894,0.3647547619047619,0.35872637362637366,0.3474728937728938,0.34238534798534803,0.33021886446886445,0.314971978021978,0.29241153846153844
929893138,79,0.3477475587703436,0.3631014466546112,0.36506781193490057,0.358848643761302,0.34753905967450277,0.34244773960217,0.3302607594936709,0.3150262206148282,0.29240397830018083
929893138,80,0.34869535714285715,0.3636551785714285,0.3653403571428572,0.3590133928571429,0.3476605357142857,0.34250517857142854,0.33029625000000007,0.3150014285714286,0.2924248214285714
929893138,81,0.34961710758377423,0.36416331569664906,0.36564991181657847,0.3591299823633158,0.3477250440917108,0.3425761904761905,0.3303067019400352,0.315010934744268,0.292463315696649
929893138,82,0.35053310104529617,0.3647240418118467,0.3659494773519164,0.35927630662020915,0.3478024390243903,0.34267351916376304,0.33034477351916375,0.3150324041811847,0.2924825783972126
929893138,83,0.3513867469879518,0.3652091222030981,0.3662309810671257,0.35940929432013774,0.34789483648881236,0.3427373493975904,0.33035542168674703,0.3150895008605852,0.2925246127366609
929893138,84,0.35223265306122453,0.36570731292517006,0.36650544217687075,0.359552380952381,0.34797363945578236,0.34283231292517,0.33041938775510205,0.31516207482993197,0.2926119047619048
929893138,85,0.35313680672268916,0.3662346218487395,0.366838487394958,0.3596848739495798,0.3480648739495798,0.3428996638655462,0.3305095798319328,0.31522756302521004,0.2926912605042017
929893138,86,0.35398837209302325,0.36673538205980066,0.36711677740863785,0.3598372093023256,0.3481518272425249,0.3429596345514949,0.33058720930232555,0.31525215946843854,0.29274584717607977
929893138,87,0.3548730706075534,0.36720394088669955,0.3673881773399015,0.35996174055829233,0.34825747126436774,0.3430027914614122,0.3306617405582922,0.31526896551724143,0.2928310344827586
929893138,88,0.3556922077922078,0.367663474025974,0.36766883116883115,0.36009496753246756,0.3483819805194805,0.34306948051948044,0.3307829545454546,0.31530746753246747,0.29289350649350654
929893138,89,0.3564895666131621,0.36813483146067416,0.36793756019261636,0.3601953451043338,0.34848988764044947,0.34315746388443014,0.33090224719101125,0.31540288924558585,0.2929725521669342
929893138,90,0.3573182539682539,0.36863952380952386,0.36823666666666666,0.3603561904761905,0.34863825396825393,0.3432746031746032,0.3310220634920635,0.31550698412698414,0.2930453968253968
929893138,91,0.35799937205651494,0.36901208791208795,0.36845259026687593,0.36044725274725276,0.3487215070643642,0.34334270015698587,0.3310938775510204,0.31557174254317116,0.29313061224489795
929893138,92,0.3586504658385093,0.3693732919254658,0.3686785714285714,0.3605403726708074,0.3488439440993789,0.34344456521739136,0.3312211180124224,0.3156523291925466,0.29325621118012424
929893138,93,0.3592834101382488,0.36976405529953915,0.3689293394777265,0.360642703533026,0.34897142857142854,0.3435127496159754,0.3313419354838709,0.3157359447004608,0.2933525345622119
929893138,94,0.35990957446808514,0.3701907294832827,0.36913085106382987,0.36075212765957443,0.34909620060790275,0.3436303951367781,0.331476291793313,0.31586413373860184,0.2935053191489362
929893138,95,0.36054947368421053,0.3705715789473684,0.36938451127819544,0.3608654135338346,0.3492120300751879,0.3437036090225563,0.3315924812030075,0.3159383458646617,0.2936126315789474
929893138,96,0.3611604166666667,0.3709925595238095,0.3696388392857142,0.3609927083333333,0.3493194940476191,0.3438483630952381,0.3317316964285714,0.3160366071428571,0.29371517857142854
929893138,97,0.36178571428571427,0.3713874815905744,0.36989823269513994,0.36114830633284245,0.3494593519882179,0.34397098674521354,0.3318836524300442,0.3161463917525773,0.2938458026509572
929893138,98,0.3623714285714285,0.37177536443148684,0.37012405247813407,0.36125626822157436,0.34962069970845483,0.3440997084548105,0.3320037900874635,0.3162577259475219,0.2939457725947522
929893138,99,0.36296753246753244,0.37217532467532466,0.3703473304473304,0.3613857142857143,0.349762481962482,0.3442290043290043,0.3321337662337662,0.3163994227994228,0.29407792207792205
929893138,100,0.3635394285714286,0.3725225714285715,0.370582,0.36152271428571436,0.349903,0.34437871428571426,0.33230642857142856,0.31654928571428576,0.29420042857142853
929893138,101,0.3641350777934937,0.3729294200848656,0.3708080622347949,0.3616683168316832,0.3500669024045262,0.3445140028288543,0.3324473833097596,0.3166850070721358,0.294334936350778
929893138,102,0.3646810924369748,0.3732836134453782,0.37101470588235297,0.36176834733893554,0.3501925770308124,0.3446106442577031,0.3325649859943978,0.31680350140056024,0.29445518207282917
929893138,103,0.365237309292649,0.37362981969486825,0.3712389736477115,0.36186976421636613,0.35033619972260743,0.3447239944521498,0.33271054091539526,0.3169438280166435,0.2945661581137309
929893138,104,0.3657543956043956,0.3739616758241758,0.3714644230769231,0.3619866758241758,0.3504744505494505,0.34482857142857143,0.3328207417582417,0.31705796703296707,0.29469230769230764
929893138,105,0.36630625850340137,0.3743246258503401,0.3717038095238095,0.36212312925170065,0.35062734693877545,0.34493891156462586,0.3329555102040817,0.3172167346938775,0.29486054421768704
929893138,106,0.36684636118598385,0.37468207547169813,0.3719377358490566,0.36226105121293806,0.35078194070080865,0.34506536388140163,0.33310983827493257,0.317345013477089,0.29500997304582205
929893138,107,0.36734112149532705,0.37498811748998656,0.3721429906542056,0.36238090787716953,0.3509352469959947,0.34519786381842454,0.33325794392523367,0.31749692923898526,0.29514018691588784
929893138,108,0.3678572751322751,0.37536838624338625,0.3723976190476191,0.36252103174603173,0.3510748677248677,0.3453328042328042,0.33338465608465606,0.3176493386243386,0.2952869047619048
929893138,109,0.36836697247706424,0.37566710353866317,0.3726027522935779,0.36260773263433815,0.3511948885976409,0.3454577981651376,0.33353119266055054,0.3177863695937091,0.2954332896461337
929893138,110,0.36886,0.37600051948051944,0.3728002597402597,0.3627254545454545,0.35133272727272724,0.3456064935064935,0.3336525974025974,0.31792558441558444,0.29558233766233766
929893138,111,0.3693611325611326,0.376336036036036,0.3730086229086229,0.36284079794079793,0.3514622908622909,0.345753667953668,0.33381930501930507,0.31803616473616475,0.29572097812097814
929893138,112,0.3698452806122449,0.37662372448979586,0.3732024234693878,0.36295497448979597,0.35157665816326533,0.3458775510204082,0.3339492346938775,0.3181642857142858,0.2958478316326531
929893138,113,0.3703414664981037,0.3769275600505689,0.3734201011378002,0.36312313527180784,0.35172225031605564,0.3459984829329962,0.3340823008849558,0.3182750948166877,0.29599165613147915
929893138,114,0.3708234335839599,0.3772389724310776,0.37363709273182955,0.36326428571428565,0.3518799498746867,0.3461588972431077,0.33423909774436095,0.31841641604010024,0.2961436090225564
929893138,115,0.37128683229813664,0.3775409937888199,0.37384521739130433,0.3634295652173914,0.3520229813664596,0.34632559006211183,0.3344208695652174,0.31858919254658385,0.2963
929893138,116,0.3717988916256158,0.37786564039408865,0.37405689655172414,0.36356724137931035,0.35218349753694583,0.34647118226600987,0.33458522167487686,0.3187156403940887,0.29642032019704434
929893138,117,0.3722800976800977,0.3781786324786325,0.3742781440781441,0.36372112332112333,0.3523262515262516,0.3466236874236874,0.33474688644688644,0.3188710622710622,0.29658632478632485
929893138,118,0.3727668280871671,0.3784870460048426,0.3745387409200969,0.36391295399515733,0.35249588377723967,0.3468025423728814,0.3349418886198547,0.3190587167070218,0.2967313559322034
929893138,119,0.37326146458583437,0.3787992797118847,0.37474393757503,0.36407767106842737,0.3526244897959183,0.3469489795918368,0.3351082833133253,0.3192391356542617,0.2969046818727491
929893138,120,0.3736939285714286,0.379112619047619,0.3749485714285714,0.3642152380952381,0.35276071428571426,0.34709035714285713,0.33527714285714283,0.3193983333333333,0.2970683333333333
929893138,121,0.3741612750885479,0.3794165289256198,0.3751275088547815,0.36436552538370715,0.35291345926800477,0.3472453364817001,0.3354225501770956,0.31956375442739077,0.29723093270365997
929893138,122,0.3746341920374707,0.3797530444964871,0.375352224824356,0.36452154566744727,0.35306826697892274,0.34742154566744726,0.3356038641686182,0.31973243559718967,0.2973824355971897
929893138,123,0.3750924506387921,0.3800635307781649,0.37559140534262486,0.3646692218350755,0.3532203252032521,0.34756782810685244,0.33576434378629505,0.31993368176538906,0.2975612078977933
929893138,124,0.37553456221198156,0.38033963133640547,0.3758119815668202,0.3648016129032258,0.3533897465437788,0.34771566820276506,0.33592753456221197,0.32008951612903225,0.2977389400921659
929893138,125,0.37599794285714283,0.38063554285714285,0.3760166857142858,0.3649488000000001,0.35354571428571435,0.34790160000000003,0.33607634285714294,0.32024982857142864,0.2979377142857143
929893138,126,0.37644693877551016,0.38093786848072564,0.37625804988662137,0.3651132653061224,0.3536871882086169,0.3480303854875283,0.3362387755102041,0.3203902494331065,0.29809807256235826
929893138,127,0.37689606299212597,0.3812295838020247,0.3764840269966255,0.3652879640044994,0.3538438695163104,0.34819403824521933,0.3364163104611924,0.32055230596175477,0.2982736782902138
929893138,128,0.37734095982142857,0.38152745535714283,0.376696875,0.36545357142857143,0.35400848214285713,0.3483830357142857,0.3366111607142857,0.32074732142857143,0.29846517857142857
929893138,129,0.3777600221483942,0.3818085271317829,0.3769049833887043,0.3656132890365449,0.3541807308970099,0.34854640088593575,0.33676799557032117,0.3209191583610188,0.29864640088593575
929893138,130,0.3781876923076922,0.3820981318681319,0.37712780219780223,0.36576604395604395,0.35432681318681314,0.3487141758241758,0.33695065934065926,0.32110175824175824,0.2988007692307692
929893138,131,0.3786205016357688,0.38238669574700107,0.37736095965103594,0.36592475463467833,0.35452660850599776,0.34889978189749177,0.3371464558342421,0.32127677208287897,0.2989970556161396
929893138,132,0.3790204545454545,0.3826538961038961,0.37755779220779223,0.3660715367965368,0.35467337662337656,0.3490332251082251,0.33730335497835495,0.321424025974026,0.2991525974025975
929893138,133,0.37940676691729325,0.3829411385606874,0.3777457572502685,0.3662083780880773,0.3548459720730397,0.34919527389903326,0.3374602577873255,0.32158034371643396,0.2993297529538131
929893138,134,0.37982228144989344,0.3832202558635394,0.377955223880597,0.36638582089552246,0.35503368869936036,0.34937505330490404,0.3376298507462687,0.3217337953091684,0.29951705756929636
929893138,135,0.38025661375661374,0.38350888888888884,0.37819089947089946,0.3665661375661376,0.3552261375661375,0.3495492063492063,0.33782878306878306,0.32193216931216934,0.299685291005291
929893138,136,0.38066239495798315,0.38377489495798317,0.37839128151260504,0.366715231092437,0.3553735294117647,0.3496934873949579,0.33803298319327735,0.3221113445378151,0.29984149159663864
929893138,137,0.38105286757038587,0.3840602711157456,0.3786056308654849,0.36688759124087594,0.35556152241918665,0.3498629822732013,0.33823055265901975,0.3222982273201252,0.30003597497393114
929893138,138,0.3814390269151139,0.3843067287784679,0.3787718426501035,0.36704513457556937,0.35572691511387167,0.35001552795031055,0.33837981366459635,0.32245579710144934,0.30022360248447205
929893138,139,0.38183268242548823,0.38457780061664953,0.3789705035971223,0.36720801644398765,0.35591089414182947,0.3502055498458375,0.33856855087358695,0.3226551901336074,0.3004293936279548
929893138,140,0.3822133673469387,0.3848465306122449,0.3791616326530612,0.36738448979591837,0.356063163265306,0.350365306122449,0.3387521428571429,0.3228511224489796,0.30062122448979595
929893138,141,0.38258733535967576,0.38512765957446804,0.37934721377912867,0.3675302938196556,0.35623363728470114,0.3505268490374874,0.33893991894630193,0.32305025329280646,0.30081185410334343
929893138,142,0.3829721327967807,0.38539567404426567,0.3795503018108652,0.3677079476861167,0.35640865191146875,0.35067434607645875,0.33913299798792756,0.3232353118712274,0.30099889336016095
929893138,143,0.38335394605394607,0.3856393606393606,0.3797390609390609,0.367857042957043,0.35656853146853146,0.3508346653346653,0.3393096903096903,0.3234312687312687,0.30117642357642355
929893138,144,0.3837252976190476,0.3858911706349206,0.3799416666666667,0.3679931547619048,0.35675863095238086,0.35103125,0.33954097222222224,0.32362837301587305,0.3013549603174603
929893138,145,0.3840973399014779,0.3861283743842365,0.38014325123152715,0.3681453201970444,0.356928275862069,0.3511902463054188,0.33972945812807887,0.3238069950738916,0.30153812807881775
929893138,146,0.38444657534246574,0.3863843444227006,0.3803216242661448,0.3683127201565558,0.35706634050880626,0.3513369863013699,0.3398700587084149,0.3239763209393346,0.30173953033268097
929893138,147,0.38479902818270173,0.38664130223517984,0.38052186588921283,0.3684784256559767,0.3572436345966958,0.35151506316812436,0.3400608357628766,0.3241813411078717,0.3019616132167152
929893138,148,0.3851440154440155,0.3868814671814672,0.38071776061776064,0.36863291505791507,0.35741940154440155,0.35167277992277995,0.34024633204633203,0.3243537644787645,0.302148359073359
929893138,149,0.3854969319271333,0.3871159156279962,0.3809185043144775,0.3688083413231064,0.3576053691275167,0.35183739213806325,0.34044084372003836,0.32453336529242566,0.30232703739213806
929893138,150,0.3858413333333333,0.3873569523809524,0.38113142857142857,0.3689738095238095,0.3577880952380953,0.352007619047619,0.3406220952380953,0.3247291428571428,0.30252333333333326
929893138,151,0.3862117313150425,0.3876315042573321,0.3813283822138127,0.36914247871333966,0.3579688741721854,0.3521845789971618,0.3408044465468306,0.32491958372753077,0.302725449385052
929893138,152,0.3865643796992481,0.3878673872180451,0.3815154135338346,0.36928609022556386,0.3581443609022556,0.3523657894736842,0.34097716165413533,0.32509398496240605,0.30292058270676697
929893138,153,0.3869173669467787,0.3881056956115779,0.3817222222222222,0.3694706816059757,0.35832483660130715,0.3525557422969187,0.3411832866479925,0.32527469654528485,0.30312203548085903
929893138,154,0.3873009276437848,0.38838302411873843,0.3819399814471243,0.36966029684601115,0.3585228200371057,0.3527279220779221,0.34140176252319104,0.32546419294990725,0.30333144712430427
929893138,155,0.38765207373271887,0.3886134562211982,0.38213529953917047,0.3698287557603686,0.3586853456221198,0.3528971428571429,0.3416024884792626,0.32565705069124423,0.303514930875576
929893138,156,0.38803901098901106,0.3888831501831502,0.38234935897435895,0.3700095238095239,0.3588655677655678,0.35308388278388275,0.34178800366300366,0.32584056776556775,0.30370293040293034
929893138,157,0.3883651501364877,0.38913776160145586,0.3825388535031848,0.37019208371246587,0.35906078252957235,0.35325359417652413,0.342007279344859,0.32602866242038214,0.3038977252047316
929893138,158,0.3887091320072332,0.3893554249547921,0.3827388788426763,0.37036112115732367,0.35924864376130206,0.35343218806509946,0.34221934900542494,0.32621754068716097,0.30408698010849905
929893138,159,0.38902174303683745,0.38958086253369273,0.38294483378256966,0.3705447439353099,0.3594394429469901,0.3535921832884097,0.3424168912848158,0.3263984725965858,0.30428679245283025
929893138,160,0.3893710714285714,0.3898238392857143,0.3831538392857143,0.3707003571428571,0.3596263392857143,0.3537764285714286,0.34259107142857137,0.32658330357142856,0.30449080357142855
929893138,161,0.38968864241348716,0.3900758651286602,0.38335909494232473,0.3708494232475599,0.3598123336291038,0.3539447204968944,0.34280346051464056,0.3267906832298137,0.3046875776397515
929893138,162,0.3900127865961199,0.39031419753086416,0.3835443562610229,0.3710020282186948,0.35998897707231037,0.3541094356261022,0.3429917107583774,0.3269744268077601,0.3048952380952381
929893138,163,0.39033382997370725,0.3905558282208588,0.38371113058720424,0.37116082383873794,0.36017151621384746,0.35428501314636285,0.34315232252410166,0.3271646801051709,0.30507221735319895
929893138,164,0.3906767421602787,0.3907872822299651,0.38390583623693375,0.3713421602787456,0.3603551393728224,0.35446986062717767,0.3433405052264809,0.32733493031358885,0.30524808362369343
929893138,165,0.3909993073593074,0.3909912554112554,0.3840867532467533,0.3715039826839827,0.3605348051948052,0.35465168831168836,0.3435213852813853,0.32752259740259737,0.30541393939393946
929893138,166,0.3913300344234079,0.3912264199655766,0.38426910499139416,0.37167297762478485,0.36073898450946645,0.3548358003442341,0.3437194492254733,0.3277080034423408,0.30560507745266785
929893138,167,0.39165355004277164,0.39145158254918727,0.3844562874251497,0.3718207869974337,0.3609087254063301,0.35502061591103506,0.34389854576561163,0.3278728828058169,0.30578742514970064
929893138,168,0.39196785714285715,0.3916973639455783,0.38466003401360543,0.37199719387755104,0.361093537414966,0.35519141156462586,0.34409753401360543,0.3280666666666667,0.3059582482993197
929893138,169,0.3922726965342351,0.391934742180896,0.38486449704142023,0.37216187658495353,0.3612808114961961,0.3553706677937447,0.34428199492814876,0.3282663567202029,0.3061628064243449
929893138,170,0.392577731092437,0.39217176470588233,0.3850538655462185,0.37232226890756304,0.3614849579831933,0.355557731092437,0.3444884033613445,0.32849504201680674,0.30636579831932775
929893138,171,0.3928791979949874,0.3923870509607352,0.38523216374269004,0.3724760233918129,0.36165371762740184,0.355737343358396,0.34468462823725976,0.3286815371762741,0.3065661654135338
929893138,172,0.39316229235880396,0.3926299833887043,0.3854349667774086,0.37265157807308963,0.36183953488372095,0.3559323920265781,0.3448759136212624,0.3288853820598006,0.30677940199335546
929893138,173,0.39345879438480585,0.3928631709331131,0.38562378199834846,0.37281725846407937,0.36203047068538396,0.35612667217175886,0.3450827415359208,0.3290712634186623,0.3069815028901734
929893138,174,0.39372479474548444,0.39307857142857144,0.3858091133004926,0.3729823481116585,0.362207881773399,0.3562987684729064,0.3452824302134647,0.32925960591133,0.307176354679803
929893138,175,0.39402775510204086,0.3933049795918368,0.385982612244898,0.3731425306122449,0.3623943673469388,0.3564673469387756,0.34546759183673476,0.32944873469387753,0.30735640816326526
929893138,176,0.39431834415584416,0.3935271103896104,0.3861646103896104,0.3733004058441558,0.36256704545454543,0.35663579545454543,0.3456521103896104,0.32963319805194813,0.30755008116883115
929893138,177,0.3946136400322841,0.3937492332526231,0.3863573042776433,0.37347812752219534,0.3627298627925747,0.35681767554479416,0.34584067796610174,0.32982703793381757,0.30774156577885386
929893138,178,0.39489398073836274,0.3939612359550561,0.38651597110754415,0.3736428571428572,0.3628998394863563,0.35698555377207064,0.3460175762439808,0.33001372391653294,0.30794823434991975
929893138,179,0.3951964086193136,0.39419696727853154,0.3867104549082203,0.373807102952913,0.3630826815642458,0.3571797286512371,0.34621580207502,0.3302098164405427,0.3081537909018356
929893138,180,0.3954898412698412,0.39440912698412706,0.38688944444444445,0.37397539682539677,0.36325746031746026,0.35735674603174605,0.3464206349206349,0.3304042857142857,0.30835746031746036
929893138,181,0.39578658247829523,0.39461728492501974,0.3870646408839779,0.3741294396211523,0.36343070244672454,0.3575578531965272,0.3466134964483031,0.33057979479084454,0.3085514601420678
929893138,182,0.3960537676609105,0.39484215070643636,0.38724897959183674,0.3742751177394035,0.3635750392464678,0.3576952904238619,0.3468088697017269,0.3307796703296703,0.3087494505494505
929893138,183,0.39632779078844643,0.39504863387978145,0.38742677595628416,0.37443192818110854,0.3637483216237315,0.35787681498829044,0.3470003903200624,0.33097712724434036,0.3089173302107729
929893138,184,0.3966033385093168,0.39525240683229806,0.3876163043478261,0.37457631987577644,0.36392274844720496,0.35804052795031055,0.34718625776397516,0.33117344720496894,0.3091135869565217
929893138,185,0.3968814671814672,0.39544362934362937,0.3877953667953668,0.37474301158301165,0.3641136679536679,0.3582215444015444,0.34737953667953675,0.33136949806949806,0.30932000000000004
929893138,186,0.3971576804915515,0.3956619815668203,0.38798310291858684,0.3749246543778802,0.36427058371735793,0.35841658986175107,0.34759554531490017,0.33157872503840247,0.30951413210445466
929893138,187,0.39742192513368985,0.3958579831932773,0.3881614973262032,0.3750754010695187,0.3644354469060352,0.3585844155844156,0.34776653934300994,0.3317643239113828,0.3097003819709702
929893138,188,0.3977098784194529,0.3960547872340426,0.3883293313069909,0.375248632218845,0.36458434650455923,0.3587643617021277,0.34796436170212763,0.33194095744680846,0.3099034194528876
929893138,189,0.3979865457294029,0.3962659863945578,0.3884986394557823,0.3754052154195011,0.36476175359032503,0.3589280423280423,0.3481455782312925,0.33211519274376416,0.3100909297052154
929893138,190,0.39823390977443607,0.3964775187969925,0.38865872180451133,0.3755663909774436,0.3649318045112782,0.3591099248120301,0.348351052631579,0.332311052631579,0.3102818045112782
929893138,191,0.3985,0.39668608825729246,0.38883290949887805,0.375742483171279,0.36511047120418855,0.35929723261032165,0.3485501121914734,0.3325043380703067,0.31048324607329847
929893138,192,0.39875930059523806,0.39689330357142855,0.38900171130952377,0.3759188244047619,0.3652662946428572,0.3594615327380952,0.34872581845238104,0.3326989583333333,0.3106842261904762
929893138,193,0.3990277572168764,0.39710836417468537,0.3891567727609178,0.37608393782383415,0.36542805329385636,0.359620651369356,0.34890658771280536,0.3328842339008142,0.3108715025906736
929893138,194,0.39929447717231215,0.39730530191458036,0.3893269513991163,0.37625611192930775,0.3656070692194403,0.35978946980854193,0.34909867452135485,0.33308019145802653,0.311079381443299
929893138,195,0.39955699633699626,0.3975035897435897,0.38948087912087914,0.3763982417582417,0.3657726007326007,0.3599537728937729,0.34929054945054944,0.3332760439560439,0.31128578754578756
929893138,196,0.39983440233236145,0.3977239067055394,0.38965189504373177,0.37656027696793,0.36594227405247814,0.36012674927113697,0.34948214285714285,0.3334580174927114,0.3114688775510204
929893138,197,0.40010246555474976,0.39791174764321974,0.3898124728063815,0.3767079042784626,0.3661019579405367,0.3602850616388687,0.34966345177664976,0.33365917331399564,0.3116596809282089
929893138,198,0.40035865800865794,0.3980901875901876,0.3899753968253969,0.37685627705627706,0.3662751082251083,0.3604520202020202,0.3498430014430014,0.3338391053391053,0.3118498556998557
929893138,199,0.4005921751615219,0.39828076094759507,0.39013912419239055,0.37699964106245515,0.36643359655419955,0.3606020818377602,0.3500175161521895,0.33403517587939696,0.3120369705671213
929893138,200,0.4008603571428571,0.39849557142857145,0.39030600000000004,0.3771777142857143,0.3666188571428572,0.3607817142857143,0.3502212857142857,0.33423949999999997,0.31223150000000005
