seed,k,gamma_0.00,gamma_0.30,gamma_0.50,gamma_0.70,gamma_0.90,gamma_1.00,gamma_1.20,gamma_1.50,gamma_2.00
191664964,1,0.23541666666666666,0.41180555555555554,0.4979166666666667,0.5743055555555555,0.6291666666666667,0.6597222222222222,0.6902777777777778,0.7145833333333333,0.7534722222222222
191664964,2,0.3375,0.5711805555555556,0.6607638888888889,0.7142361111111111,0.7479166666666667,0.7722222222222223,0.8,0.8211805555555556,0.8510416666666667
191664964,3,0.3685185185185186,0.60625,0.6900462962962963,0.7363425925925925,0.7715277777777778,0.7949074074074073,0.8159722222222222,0.8256944444444444,0.8398148148148149
191664964,4,0.4019097222222222,0.6532986111111111,0.7263888888888889,0.7722222222222223,0.7993055555555556,0.821875,0.8401041666666667,0.8567708333333334,0.8645833333333334
191664964,5,0.42819444444444443,0.6683333333333333,0.7412500000000001,0.7836111111111111,0.8058333333333334,0.8256944444444444,0.8420833333333334,0.8554166666666666,0.8608333333333332
191664964,6,0.4467592592592593,0.6907407407407408,0.7517361111111112,0.8017361111111111,0.8197916666666667,0.8327546296296295,0.8462962962962963,0.85625,0.8555555555555555
191664964,7,0.4661706349206349,0.7074404761904761,0.7619047619047621,0.8089285714285714,0.825297619047619,0.8360119047619049,0.8489087301587301,0.8572420634920636,0.8484126984126983
191664964,8,0.47934027777777777,0.7212673611111111,0.7717881944444445,0.8152777777777778,0.8317708333333333,0.8388888888888889,0.84921875,0.8546006944444444,0.8391493055555556
191664964,9,0.4919753086419753,0.7313271604938272,0.7795524691358026,0.8165895061728397,0.832175925925926,0.8400462962962963,0.8443672839506174,0.848456790123457,0.8314814814814816
191664964,10,0.5059722222222223,0.7433333333333334,0.7831944444444444,0.8209722222222222,0.8333333333333334,0.8382638888888888,0.8420833333333334,0.8404861111111113,0.8197916666666667
191664964,11,0.5166666666666667,0.7515151515151514,0.7877525252525254,0.8230429292929292,0.8343434343434344,0.8385732323232323,0.8402777777777778,0.8375631313131312,0.8099747474747475
191664964,12,0.5258680555555556,0.7605324074074075,0.7942708333333334,0.827199074074074,0.8365740740740739,0.8370949074074073,0.8350694444444444,0.8320023148148149,0.8012731481481482
191664964,13,0.532051282051282,0.765758547008547,0.7996260683760684,0.8303418803418805,0.8381410256410258,0.8372329059829061,0.832905982905983,0.8290598290598292,0.7925213675213676
191664964,14,0.5414186507936508,0.7724206349206348,0.8042162698412697,0.8324900793650793,0.838392857142857,0.836061507936508,0.8282738095238096,0.8196428571428571,0.7852678571428571
191664964,15,0.5466203703703704,0.775462962962963,0.8074537037037038,0.8325925925925927,0.8370370370370371,0.8350000000000001,0.826064814814815,0.8155555555555556,0.7787037037037038
191664964,16,0.5523871527777777,0.7812934027777778,0.8111979166666666,0.8328993055555556,0.8373263888888889,0.8341579861111111,0.8217013888888889,0.8103732638888889,0.7733506944444445
191664964,17,0.5558006535947713,0.7845996732026145,0.8120506535947714,0.8338643790849674,0.836764705882353,0.8326797385620914,0.817483660130719,0.8051062091503269,0.7671568627450981
191664964,18,0.5623842592592593,0.7859182098765432,0.8112268518518517,0.8334104938271606,0.834837962962963,0.8301697530864197,0.8138117283950619,0.7996913580246914,0.7615740740740742
191664964,19,0.5685672514619883,0.787609649122807,0.8117690058479533,0.8311769005847953,0.8320175438596492,0.8255847953216374,0.8090277777777778,0.7932748538011696,0.7546418128654971
191664964,20,0.5730208333333334,0.7892013888888888,0.8125,0.8284374999999998,0.8296875,0.8246180555555555,0.8059722222222222,0.7877777777777778,0.7478819444444443
191664964,21,0.5793320105820106,0.790244708994709,0.8129629629629629,0.8259589947089947,0.826223544973545,0.8206679894179895,0.8016534391534391,0.7825396825396825,0.7411706349206348
191664964,22,0.5840909090909091,0.7921085858585858,0.8122790404040403,0.8239267676767678,0.821496212121212,0.8180871212121212,0.7974747474747476,0.7771780303030303,0.7347853535353535
191664964,23,0.5895833333333332,0.7946557971014492,0.8121678743961352,0.8230676328502416,0.8181763285024156,0.8150362318840579,0.7932669082125603,0.7716485507246377,0.7304045893719806
191664964,24,0.5951967592592592,0.7957175925925926,0.8131076388888889,0.8210069444444444,0.8148148148148148,0.8133391203703705,0.7908854166666667,0.7679976851851852,0.7259548611111111
191664964,25,0.6018055555555555,0.7956944444444444,0.8125833333333332,0.8190000000000001,0.8126944444444444,0.81075,0.7876944444444445,0.7634722222222221,0.7215277777777778
191664964,26,0.6077991452991454,0.7959668803418803,0.8118055555555556,0.8172008547008548,0.8106570512820512,0.8079861111111111,0.7840277777777778,0.7589209401709401,0.717094017094017
191664964,27,0.6130658436213993,0.7972736625514404,0.8122685185185184,0.8159465020576132,0.8086419753086419,0.8050668724279834,0.7819444444444444,0.7550668724279835,0.7134002057613169
191664964,28,0.6173115079365079,0.7973710317460317,0.8124007936507937,0.8147321428571429,0.8065972222222222,0.802405753968254,0.7795138888888888,0.7513888888888889,0.7095734126984127
191664964,29,0.6237547892720307,0.7971503831417626,0.8115900383141762,0.8137931034482758,0.8054837164750958,0.8004789272030651,0.7766522988505746,0.7468869731800767,0.7067049808429119
191664964,30,0.628912037037037,0.7981018518518519,0.8101388888888889,0.811550925925926,0.8032407407407408,0.7988425925925927,0.7742824074074074,0.7437268518518518,0.7036111111111112
191664964,31,0.6337813620071685,0.7990367383512544,0.810103046594982,0.8112455197132615,0.8022401433691756,0.7964605734767025,0.7721774193548387,0.7410618279569892,0.7019489247311828
191664964,32,0.6380859375,0.79921875,0.8090711805555556,0.8096788194444444,0.7991753472222223,0.793359375,0.7686414930555555,0.7372178819444445,0.6991970486111111
191664964,33,0.6445286195286195,0.8002104377104376,0.8091119528619528,0.8086069023569025,0.7977483164983165,0.7911826599326599,0.7671927609427608,0.7340698653198653,0.6958333333333335
191664964,34,0.6509395424836601,0.8010825163398693,0.8083333333333333,0.8076388888888889,0.7962418300653594,0.7887050653594772,0.7655841503267974,0.7303717320261438,0.6922589869281046
191664964,35,0.6561309523809524,0.8016468253968254,0.8077579365079365,0.8067658730158731,0.7950396825396827,0.7870833333333334,0.7648809523809524,0.7284325396825396,0.6898611111111111
191664964,36,0.6612847222222222,0.8012345679012346,0.8065779320987654,0.8051311728395062,0.7935378086419752,0.785300925925926,0.7640817901234568,0.7262538580246914,0.6879436728395061
191664964,37,0.6652777777777777,0.8008633633633634,0.8055555555555556,0.8042417417417418,0.7907469969969971,0.7837462462462462,0.7628566066066066,0.7242492492492493,0.685641891891892
191664964,38,0.6698099415204678,0.800858918128655,0.8048062865497077,0.8016630116959064,0.7888888888888889,0.7818165204678362,0.7606907894736843,0.7219115497076023,0.6833333333333333
191664964,39,0.6751246438746439,0.8006944444444445,0.8034366096866096,0.8001780626780626,0.7865384615384616,0.7792378917378916,0.7590455840455841,0.7199252136752137,0.6810897435897435
191664964,40,0.6794270833333333,0.8002604166666667,0.8032118055555556,0.798732638888889,0.7844444444444444,0.7781076388888888,0.7584375000000001,0.7184201388888888,0.6793923611111111
191664964,41,0.6836382113821139,0.8001016260162601,0.8021172086720867,0.7968665311653117,0.7829268292682927,0.7761856368563685,0.7569783197831979,0.7163787262872628,0.6777777777777777
191664964,42,0.6876984126984128,0.7997023809523809,0.8003637566137567,0.795271164021164,0.7810515873015873,0.7741236772486774,0.7555059523809524,0.7150793650793651,0.6766038359788359
191664964,43,0.6919089147286821,0.7992248062015505,0.8000322997416021,0.7937984496124031,0.7791989664082687,0.7725129198966407,0.7545704134366926,0.714001937984496,0.6755329457364341
191664964,44,0.6964015151515152,0.799810606060606,0.7995107323232323,0.7927083333333333,0.778125,0.7710385101010101,0.7534406565656566,0.7133838383838386,0.6744160353535353
191664964,45,0.7002006172839506,0.7992592592592593,0.7982561728395063,0.7906944444444444,0.7765895061728394,0.7695987654320989,0.7522376543209877,0.7121913580246915,0.673966049382716
191664964,46,0.704830917874396,0.7989885265700483,0.7967542270531401,0.788949275362319,0.775030193236715,0.7682518115942027,0.7510718599033817,0.7115640096618358,0.6735205314009661
191664964,47,0.707668439716312,0.7988327423167849,0.7956855791962176,0.7872340425531915,0.7737884160756502,0.7660313238770685,0.7494976359338061,0.710224586288416,0.6719267139479906
191664964,48,0.7109809027777778,0.7975839120370372,0.794111689814815,0.7847945601851851,0.7719762731481481,0.7645978009259259,0.7477575231481481,0.7089554398148148,0.6703848379629629
191664964,49,0.7144841269841269,0.797718253968254,0.7935090702947845,0.7834467120181405,0.7712159863945579,0.7632653061224489,0.7472222222222222,0.7083900226757369,0.6695578231292517
191664964,50,0.7174444444444446,0.7968888888888889,0.792638888888889,0.7818750000000001,0.770013888888889,0.761625,0.7464861111111112,0.7074444444444444,0.6690972222222222
191664964,51,0.7206154684095861,0.7964324618736385,0.791489651416122,0.7802423747276688,0.7690359477124183,0.7602668845315904,0.7459422657952068,0.7067674291938998,0.6685321350762526
191664964,52,0.723530982905983,0.7962206196581197,0.789997329059829,0.7784455128205129,0.7679754273504275,0.7585336538461538,0.7448985042735043,0.7058760683760684,0.6680956196581197
191664964,53,0.7268474842767296,0.795243710691824,0.7888364779874214,0.7771357442348008,0.767046645702306,0.7563417190775681,0.7430817610062893,0.7043238993710692,0.6667976939203354
191664964,54,0.7305298353909465,0.7945730452674897,0.7876286008230453,0.7750514403292181,0.7652649176954733,0.7544495884773662,0.7414866255144034,0.7030992798353909,0.666087962962963
191664964,55,0.7340277777777777,0.7942929292929293,0.7864267676767677,0.7740025252525252,0.7640025252525251,0.752790404040404,0.7394696969696971,0.7018181818181818,0.6654040404040404
191664964,56,0.737921626984127,0.7931051587301586,0.7854662698412698,0.7729290674603174,0.7623759920634919,0.7509300595238095,0.7380580357142859,0.7002976190476191,0.6642113095238096
191664964,57,0.7418494152046782,0.7930068226120859,0.7855019493177389,0.7720151072124757,0.7620857699805068,0.7503411306042886,0.7373050682261209,0.6989644249512671,0.6642178362573099
191664964,58,0.7457375478927203,0.7923251915708811,0.7847701149425288,0.7710608237547892,0.7615301724137932,0.7485392720306513,0.7362667624521072,0.6976412835249042,0.6637332375478926
191664964,59,0.7493761770244821,0.791960922787194,0.7836040489642185,0.7703625235404896,0.760699152542373,0.7474223163841807,0.7353578154425612,0.6972693032015067,0.6639948210922787
191664964,60,0.7531828703703703,0.7913773148148149,0.7830208333333333,0.7695717592592592,0.7596180555555555,0.7462268518518518,0.7344097222222223,0.6961689814814815,0.6644097222222223
191664964,61,0.7565687613843352,0.7905054644808741,0.78257058287796,0.7685678506375228,0.7581967213114754,0.744273679417122,0.7330942622950819,0.6957650273224044,0.6646288706739527
191664964,62,0.75956541218638,0.7895721326164875,0.781978046594982,0.7677083333333333,0.7568772401433692,0.7430891577060932,0.7319892473118279,0.6951612903225807,0.6649977598566308
191664964,63,0.7626984126984127,0.7893298059964725,0.7816909171075839,0.7669642857142858,0.7562720458553792,0.7420083774250442,0.7305996472663139,0.694675925925926,0.6654651675485008
191664964,64,0.7658528645833333,0.7891384548611111,0.7812825520833333,0.7664713541666667,0.7557183159722223,0.7414171006944444,0.7297092013888888,0.6942057291666667,0.6662543402777777
191664964,65,0.768258547008547,0.7888141025641027,0.7805341880341881,0.7654487179487179,0.75482905982906,0.7400534188034189,0.7286965811965812,0.6934294871794873,0.6666452991452991
191664964,66,0.7704545454545455,0.7888257575757575,0.7799768518518517,0.7646569865319867,0.7537037037037037,0.7390046296296295,0.7283775252525252,0.6927819865319864,0.6673085016835015
191664964,67,0.7734970978441128,0.7884328358208955,0.7795916252072969,0.7639925373134329,0.7529021558872304,0.738132255389718,0.7278296019900498,0.6924025704809287,0.6680555555555555
191664964,68,0.7768586601307188,0.7881331699346406,0.7794934640522876,0.7630821078431372,0.7525020424836603,0.7376123366013072,0.7271241830065359,0.6924734477124183,0.6686989379084967
191664964,69,0.7806260064412238,0.7884259259259259,0.7794685990338164,0.7631541867954912,0.7521839774557165,0.7372383252818034,0.7270732689210949,0.6929549114331723,0.6695148953301128
191664964,70,0.7838492063492064,0.7883630952380953,0.7801289682539683,0.7635019841269841,0.7527380952380953,0.7376388888888887,0.7277281746031747,0.6941369047619047,0.6712400793650795
191664964,71,0.7872946009389671,0.7889671361502347,0.7809272300469483,0.7640258215962441,0.7540199530516432,0.7384976525821596,0.728804773082942,0.6957061815336463,0.673141627543036
191664964,72,0.7847125771604938,0.784375,0.7769772376543209,0.7589023919753086,0.7483314043209877,0.7334587191358024,0.723244598765432,0.6903452932098765,0.667216435185185
191664964,73,0.7823820395738205,0.7794901065449011,0.7731164383561643,0.7539288432267884,0.7429889649923896,0.7285768645357688,0.7178177321156773,0.6849885844748859,0.6615772450532724
191664964,74,0.7792792792792792,0.7747184684684685,0.7684966216216215,0.748658033033033,0.7376501501501502,0.7231700450450451,0.712378003003003,0.6794951201201201,0.655762012012012
191664964,75,0.7769814814814816,0.7702407407407408,0.7643981481481481,0.7435925925925927,0.7326388888888888,0.7180740740740741,0.7069444444444444,0.6742314814814816,0.6503055555555556
191664964,76,0.7751644736842107,0.7656980994152046,0.7601151315789474,0.7390533625730994,0.7274945175438596,0.7129660087719298,0.7020650584795322,0.6691520467836257,0.6447368421052632
191664964,77,0.7729978354978354,0.7608585858585858,0.7558621933621934,0.7341630591630591,0.7224025974025974,0.7078914141414141,0.6974025974025975,0.6637896825396825,0.6392586580086579
191664964,78,0.7713319088319088,0.7565259971509972,0.7520388176638176,0.7296474358974359,0.7175836894586896,0.703062678062678,0.6929754273504274,0.6589298433048433,0.6340544871794872
191664964,79,0.7694268635724332,0.7521976090014064,0.7480045710267229,0.7256065400843882,0.712754922644163,0.6984704641350212,0.6881592827004219,0.6541666666666668,0.6291490857946553
191664964,80,0.7676822916666666,0.7477864583333333,0.7441493055555556,0.7212326388888889,0.7083506944444445,0.69375,0.6838368055555555,0.6494270833333333,0.6243749999999999
191664964,81,0.7661351165980796,0.743287037037037,0.7402434842249657,0.7170181755829904,0.7034293552812072,0.6890603566529492,0.6794324417009603,0.6446673525377229,0.6195901920438958
191664964,82,0.7649051490514905,0.738990514905149,0.7362804878048782,0.7127201897018971,0.6986703929539296,0.6840955284552845,0.6750423441734417,0.6400321815718157,0.614964430894309
191664964,83,0.7636211512717536,0.7350485274431058,0.7325635876840696,0.7086010709504685,0.6942520080321285,0.6796017402945114,0.670774765729585,0.6355756358768407,0.6106007362784471
191664964,84,0.7623842592592593,0.7305720899470899,0.7284308862433863,0.7045882936507936,0.6900214947089947,0.6751653439153439,0.6664599867724867,0.631332671957672,0.606084656084656
191664964,85,0.7611601307189542,0.7267401960784313,0.7247875816993463,0.700718954248366,0.685547385620915,0.6708006535947713,0.6622549019607844,0.6271650326797386,0.6015441176470588
191664964,86,0.7596899224806202,0.7226744186046512,0.7212047803617572,0.6964551033591732,0.681298449612403,0.6664163436692506,0.6582929586563306,0.622593669250646,0.5970607235142118
191664964,87,0.7580539591315453,0.7190293742017881,0.7178639846743294,0.6927362707535121,0.677234993614304,0.6622445721583653,0.6544939335887612,0.6182630906768839,0.5928081098339719
191664964,88,0.7566761363636363,0.7155066287878789,0.7149542297979798,0.689141414141414,0.6731691919191919,0.6581912878787879,0.6506313131313131,0.6143860479797979,0.5886521464646465
191664964,89,0.7553058676654183,0.7116416978776529,0.7116104868913857,0.6854088639200999,0.6691869538077404,0.6541432584269663,0.6468476903870163,0.6106429463171037,0.5847378277153558
191664964,90,0.7536496913580246,0.7083101851851852,0.7085493827160493,0.6818595679012346,0.6654166666666667,0.6503240740740741,0.643233024691358,0.6068518518518519,0.5808641975308642
191664964,91,0.7516483516483516,0.70491452991453,0.7055479242979243,0.6785027472527472,0.6615308302808303,0.6465125152625153,0.6396749084249085,0.6033043345543345,0.5769536019536019
191664964,92,0.7497886473429951,0.7017059178743962,0.7028683574879228,0.6749245169082125,0.6580238526570048,0.6429347826086956,0.6362545289855073,0.5997961956521739,0.5734903381642512
191664964,93,0.7478793309438471,0.6985588410991638,0.6998431899641577,0.6713560334528077,0.654696833930705,0.639247311827957,0.6328255675029869,0.5961618876941458,0.5697879330943847
191664964,94,0.7460771276595743,0.6953900709219858,0.6969267139479906,0.6678117612293144,0.6513002364066194,0.6358082151300236,0.6294991134751773,0.5929373522458629,0.5661125886524823
191664964,95,0.744298245614035,0.6924342105263158,0.6940716374269006,0.6646198830409357,0.6480263157894737,0.6323172514619883,0.6263742690058479,0.5895906432748538,0.5626608187134503
191664964,96,0.7423394097222222,0.6893590856481481,0.691087962962963,0.6612919560185185,0.6448133680555556,0.6288556134259259,0.6233506944444445,0.5863425925925926,0.5593243634259258
191664964,97,0.7403851660939289,0.6865836197021764,0.6885524054982818,0.6583476517754868,0.6418098510882015,0.6253865979381443,0.6203751431844214,0.5833190148911799,0.5563215922107675
191664964,98,0.7380031179138322,0.683545918367347,0.6860260770975057,0.655265022675737,0.6387329931972789,0.622264739229025,0.6173965419501134,0.580201247165533,0.5532029478458049
191664964,99,0.7360549943883277,0.6806537598204264,0.683179012345679,0.6522727272727272,0.635662177328844,0.6190656565656566,0.6144430415263749,0.5772236251402919,0.5500210437710438
191664964,100,0.7345069444444445,0.6780694444444444,0.6805486111111111,0.6494513888888889,0.6330555555555555,0.6160833333333333,0.6115902777777779,0.5742569444444444,0.5470763888888889
191664964,101,0.7326182618261825,0.6754331683168315,0.677880913091309,0.6461702420242025,0.6304111661166115,0.6129262926292629,0.6087389988998899,0.5712389988998899,0.5440456545654565
191664964,102,0.7312908496732026,0.6730528322440088,0.6758782679738563,0.6435593681917211,0.6277096949891068,0.6101171023965142,0.6059368191721133,0.5682938453159041,0.540951797385621
191664964,103,0.7296521035598705,0.6709546925566343,0.6736650485436892,0.6405474649406688,0.6250539374325783,0.6072882955771306,0.6032497303128371,0.565480043149946,0.5379449838187702
191664964,104,0.7279513888888889,0.6687232905982906,0.6715611645299145,0.6376602564102564,0.6227230235042734,0.6044270833333333,0.600534188034188,0.5627604166666667,0.5350894764957265
191664964,105,0.7267261904761905,0.6666005291005291,0.6695238095238095,0.6348875661375661,0.6205224867724868,0.6018716931216932,0.597857142857143,0.56010582010582,0.5323015873015873
191664964,106,0.7253930817610063,0.6644457547169812,0.6674266247379455,0.6324488993710692,0.6182586477987422,0.5993186582809225,0.5952044025157233,0.5575733752620545,0.5295728511530398
191664964,107,0.7243055555555555,0.6626492731048805,0.6656606957424713,0.6302570093457943,0.6164460020768432,0.5969755970924194,0.5927699896157839,0.5550103842159917,0.5269470404984422
191664964,108,0.7231224279835391,0.6607124485596707,0.6638052983539094,0.6280799897119341,0.614525462962963,0.5944315843621399,0.5903099279835391,0.5525848765432099,0.5243955761316872
191664964,109,0.7220565749235475,0.6589768093781856,0.6621814475025484,0.6259174311926606,0.6128058103975534,0.5920935270132517,0.5879459734964322,0.5503185524974515,0.5219164118246687
191664964,110,0.7210606060606062,0.6570454545454546,0.6607133838383838,0.6237184343434344,0.6112689393939394,0.5898358585858586,0.5856691919191919,0.5479924242424242,0.5194444444444445
191664964,111,0.7198511011011011,0.6551801801801803,0.6593593593593593,0.6214902402402404,0.609766016016016,0.5874311811811812,0.5833083083083084,0.5456894394394395,0.5170545545545546
191664964,112,0.7192770337301586,0.6534970238095238,0.657905505952381,0.6192646329365079,0.6082589285714286,0.5853422619047619,0.5808965773809524,0.5434895833333333,0.5146639384920634
191664964,113,0.7184734513274337,0.6517760570304818,0.6562069813176008,0.617133726647001,0.6066187315634217,0.5832411504424778,0.5787549164208456,0.5412180432645034,0.512309488692232
191664964,114,0.7177997076023391,0.6501827485380117,0.6548611111111111,0.6151315789473684,0.6051474171539961,0.5813718323586745,0.5769675925925926,0.5390594541910331,0.5101364522417153
191664964,115,0.7169685990338164,0.6489432367149759,0.6534722222222222,0.6132185990338164,0.603737922705314,0.5795833333333335,0.5750483091787439,0.5369746376811594,0.5081099033816425
191664964,116,0.7161278735632184,0.6474676724137931,0.6520174808429118,0.6112128831417625,0.6025143678160919,0.5778496168582375,0.5733477011494252,0.535195162835249,0.5061362547892719
191664964,117,0.7148444919278253,0.6460351377018043,0.6506528964862298,0.6092414529914529,0.60093779677113,0.5760861823361824,0.5714684235517569,0.5332977207977208,0.504255698005698
191664964,118,0.7134769303201507,0.6447445856873822,0.6491760828625235,0.6072975517890772,0.5993173258003767,0.5741819679849341,0.5696209981167608,0.5313265065913371,0.5021951506591337
191664964,119,0.7122782446311858,0.6431547619047618,0.6476540616246499,0.6050828664799254,0.5977240896358543,0.5724789915966386,0.5676470588235294,0.5293884220354809,0.5000641923436041
191664964,120,0.7110185185185185,0.6416782407407408,0.6461342592592593,0.6032349537037037,0.5962152777777778,0.5707002314814814,0.5659085648148148,0.5277604166666667,0.4982638888888889
191664964,121,0.7097394398530762,0.6403753443526171,0.644656795224977,0.601268365472911,0.5945879247015611,0.5688188705234161,0.5640094123048669,0.5259182736455463,0.49649334251606975
191664964,122,0.7085610200364298,0.6389002732240437,0.6433686247723133,0.5993966302367942,0.5927254098360655,0.5670821948998178,0.5621926229508196,0.524174635701275,0.4945696721311475
191664964,123,0.7078082655826559,0.6375451671183379,0.6418925022583559,0.5976908310749774,0.5910964317976514,0.5654132791327914,0.5606820234869017,0.5225271002710028,0.49275067750677504
191664964,124,0.7068548387096775,0.6361167114695341,0.640344982078853,0.5957549283154122,0.5895385304659497,0.5636648745519713,0.5590893817204301,0.5210349462365591,0.4911346326164874
191664964,125,0.705911111111111,0.6347666666666666,0.6387277777777777,0.5940333333333333,0.5879444444444444,0.5618777777777777,0.5574888888888888,0.5195833333333333,0.4896222222222222
191664964,126,0.7047894620811288,0.6334876543209876,0.6372519841269841,0.5921296296296296,0.5863811728395062,0.5603395061728396,0.5559578924162257,0.5181106701940035,0.4880346119929453
191664964,127,0.7040080927384077,0.6323873578302712,0.636007217847769,0.5903980752405948,0.5849245406824146,0.5587106299212599,0.5545056867891512,0.5167377515310586,0.4866305774278215
191664964,128,0.7032280815972223,0.6312934027777778,0.6347059461805555,0.5887532552083333,0.5833930121527777,0.5570203993055556,0.5529134114583333,0.5152669270833333,0.48538953993055556
191664964,129,0.7026324289405683,0.6302325581395348,0.6334732988802756,0.5872200689061154,0.5817506459948321,0.555270241171404,0.551426571920758,0.5138512058570198,0.48415159345391906
191664964,130,0.7026228632478632,0.6290705128205129,0.6321688034188034,0.5855662393162393,0.5803205128205128,0.5536965811965813,0.5498931623931623,0.5125961538461538,0.48306623931623927
191664964,131,0.7019508057675997,0.6281011450381679,0.630958439355386,0.5838740458015267,0.5787796861747244,0.5520303223070399,0.5483831636980493,0.51120122985581,0.4817377014418999
191664964,132,0.7013678451178451,0.627104377104377,0.6298295454545454,0.5823705808080807,0.5773200757575757,0.5505050505050505,0.5470065235690236,0.5101273148148148,0.48075021043771043
191664964,133,0.7010233918128654,0.6259920634920635,0.6287489557226399,0.5806599832915623,0.5758406432748538,0.5488826232247285,0.5455565998329156,0.5088972431077694,0.4796418128654971
191664964,134,0.7006737147595357,0.6248393449419569,0.6276171227197346,0.5790682006633499,0.5746786898839138,0.5470926616915422,0.5438899253731344,0.507799543946932,0.47845667495854066
191664964,135,0.7002674897119342,0.6239351851851852,0.6264866255144033,0.5775154320987654,0.5734104938271605,0.5455092592592592,0.5424125514403293,0.5066769547325103,0.47745884773662556
191664964,136,0.7,0.6229677287581699,0.6256025326797385,0.5761335784313726,0.5722732843137255,0.5441176470588235,0.5409007352941178,0.5056270424836602,0.47643484477124187
191664964,137,0.6992244525547445,0.6220600162206001,0.6245539334955393,0.5746755879967559,0.5709955393349554,0.542396593673966,0.5394312652068126,0.5044809407948094,0.47548661800486614
191664964,138,0.6985004025764896,0.6209239130434783,0.6235960144927536,0.5731833735909823,0.5697564412238325,0.540715579710145,0.5379730273752013,0.5033011272141708,0.4746729066022544
191664964,139,0.698191446842526,0.6201538768984812,0.6227318145483614,0.5716826538768985,0.568715027977618,0.5392386091127098,0.536730615507594,0.5023181454836131,0.4738209432454037
191664964,140,0.6981894841269841,0.6191964285714285,0.6217757936507935,0.5701339285714285,0.5674751984126984,0.5375148809523809,0.5352628968253967,0.5012400793650793,0.4729464285714286
191664964,141,0.6983106776989756,0.6184150906225374,0.6209416863672182,0.5687204491725768,0.5665386130811663,0.5361258865248227,0.5340622537431048,0.5003398345153663,0.4722271473601261
191664964,142,0.6979998043818466,0.6175567292644757,0.6200704225352113,0.5673268779342724,0.5655320813771518,0.5346684272300469,0.532643779342723,0.49929088419405315,0.47153755868544606
191664964,143,0.698096348096348,0.6168026418026418,0.6193376068376069,0.5658556721056721,0.5644910644910646,0.5331390831390831,0.5315170940170941,0.4983925796425796,0.4708333333333333
191664964,144,0.6974392361111111,0.6161217206790124,0.6181134259259259,0.5645881558641975,0.5638117283950618,0.5320071373456791,0.530738811728395,0.4973234953703703,0.46995081018518514
191664964,145,0.6967528735632184,0.6155699233716475,0.6166954022988506,0.563213601532567,0.5632088122605364,0.5307614942528736,0.5298084291187739,0.4963984674329502,0.4692528735632183
191664964,146,0.6960711567732116,0.6151541095890412,0.6154870624048706,0.5621099695585997,0.5624524353120244,0.5296518264840183,0.5291333713850838,0.4953196347031964,0.4683742389649924
191664964,147,0.6955782312925171,0.6149045729402872,0.6144085411942555,0.5609882842025699,0.5616969009826153,0.5285950491307634,0.5284108087679517,0.4942176870748299,0.4677295918367347
191664964,148,0.6950403528528528,0.6144894894894894,0.6132225975975976,0.5600835210210211,0.5611392642642643,0.5278059309309309,0.5278434684684684,0.4933511636636636,0.4669294294294294
191664964,149,0.6942580164056674,0.6142011558538404,0.6119826621923937,0.5592002237136465,0.5602442207307979,0.5268083519761372,0.5274655108128262,0.4922026472781506,0.4660001864280388
191664964,150,0.6935000000000001,0.6138703703703704,0.6108472222222222,0.5583657407407407,0.5594027777777778,0.5259305555555555,0.5270648148148148,0.4911435185185185,0.4652314814814815
191664964,151,0.6930509565857248,0.6136543414275202,0.6097176232523915,0.5577952538631347,0.5585034952170713,0.5250781824871229,0.5265820456217807,0.49028697571743934,0.4646155261221487
191664964,152,0.6925667032163743,0.6134914108187135,0.608826754385965,0.5571637426900584,0.5575018274853801,0.5242233187134503,0.5260919225146199,0.48935032894736835,0.4638066520467836
191664964,153,0.6923293391430646,0.613498547567175,0.6080110748002905,0.556912672476398,0.5568582062454611,0.5233841684822077,0.5256354393609296,0.48863471314451706,0.463099128540305
191664964,154,0.6918199855699855,0.6136634199134199,0.607201479076479,0.5565070346320347,0.55632215007215,0.5226731601731602,0.5254554473304472,0.4880321067821068,0.4625
191664964,155,0.6912858422939068,0.6136111111111111,0.6063396057347671,0.5563306451612903,0.5556675627240144,0.5220654121863799,0.5250358422939069,0.4871774193548387,0.4617831541218638
191664964,156,0.6909900284900284,0.6137464387464387,0.6056668447293447,0.5561387108262109,0.5549679487179487,0.5216034544159545,0.5247150997150998,0.486400462962963,0.4612402065527066
191664964,157,0.6905343241330503,0.6137031139419674,0.6048920736022647,0.5559094125973107,0.5541047416843595,0.5208775654635528,0.5242524769992922,0.4857351380042462,0.46066878980891723
191664964,158,0.6899041842475387,0.6137658227848101,0.6041710618846695,0.5559423347398031,0.5536656118143459,0.5204817158931083,0.5240682137834037,0.48523646272855137,0.4600870253164557
191664964,159,0.6893911600279524,0.6138801537386442,0.6035246331236898,0.5558743885394829,0.5534547519217331,0.5200733752620544,0.5237421383647799,0.48488819007686934,0.45957372466806434
191664964,160,0.6887456597222222,0.6139366319444445,0.6027213541666667,0.5557769097222222,0.5531727430555555,0.5195355902777777,0.5233723958333333,0.4843663194444444,0.4592057291666667
191664964,161,0.6882073844030365,0.6140355417529331,0.6019366804692892,0.5556763285024154,0.5527907177363698,0.5189656659765356,0.5227958937198067,0.48389406487232567,0.45866545893719807
191664964,162,0.6879029492455419,0.6141289437585734,0.6011359739368999,0.5556670096021948,0.5524477023319616,0.5185185185185186,0.5223336762688615,0.4835390946502058,0.45852623456790126
191664964,163,0.6875127811860942,0.6140933878663941,0.6004729038854806,0.5556152010906612,0.5522920927062032,0.5180640763462848,0.5218643490115883,0.48312883435582815,0.45824812542603943
191664964,164,0.6872671070460705,0.6140921409214092,0.5998814363143632,0.5555132113821138,0.5520918021680217,0.5175855352303523,0.5215066056910569,0.4827447493224932,0.45793529810298106
191664964,165,0.6869654882154883,0.614212962962963,0.5991329966329967,0.5554208754208754,0.5520875420875421,0.5171380471380472,0.5212668350168351,0.4824200336700337,0.4576978114478114
191664964,166,0.6866256693440428,0.6143239625167336,0.5987031459170014,0.5555722891566265,0.5519703815261043,0.516821452476573,0.5209923025435074,0.48204066265060247,0.45760123828647925
191664964,167,0.6865726879574184,0.6143795741849635,0.5982493346640053,0.5558258483033932,0.5521706586826347,0.5165252827677977,0.5208042248835661,0.48185296074517636,0.45738522954091815
191664964,168,0.6863508597883599,0.6144179894179894,0.5976190476190475,0.5559399801587301,0.5521246693121693,0.5161210317460317,0.5206183862433862,0.4815145502645502,0.45725446428571426
191664964,169,0.6862179487179487,0.6146285338593032,0.5971441485864563,0.5561842537804076,0.552128533859303,0.5157544378698224,0.5203854372123603,0.4812952005259698,0.45714990138067063
191664964,170,0.68609477124183,0.6147875816993463,0.5968178104575164,0.5564419934640523,0.552156862745098,0.5154820261437908,0.5201633986928105,0.48101715686274515,0.4569281045751634
191664964,171,0.6858633853151397,0.6149731968810916,0.5964749837556855,0.556696718648473,0.5522417153996101,0.5153386939571151,0.5198464912280701,0.48083576998050687,0.4568469785575049
191664964,172,0.6856185400516795,0.6152212532299741,0.5961321059431525,0.5568556201550388,0.5522690568475452,0.5152374031007751,0.5197674418604651,0.4807412790697675,0.4568313953488372
191664964,173,0.685645472061657,0.6154543994861914,0.5959096017983302,0.5570929672447014,0.5522800256904302,0.5151372832369943,0.5195728965960179,0.4805716120745023,0.4568240205523442
191664964,174,0.6856601213282248,0.615676883780332,0.5955978607918264,0.5573116219667944,0.5521831098339719,0.5150502873563219,0.5193207215836526,0.48056353767560667,0.4568007662835249
191664964,175,0.6855515873015874,0.6160753968253968,0.5955277777777778,0.5577738095238095,0.5521865079365079,0.5149523809523809,0.5194285714285715,0.48070238095238094,0.4569007936507937
191664964,176,0.6856060606060607,0.6163667929292929,0.5953637941919192,0.5581439393939394,0.5523121843434343,0.5147332702020202,0.5194049873737373,0.48056344696969694,0.45697601010101013
191664964,177,0.6853970495919649,0.6164783427495292,0.5952055869428751,0.5585177338355304,0.5523108913998744,0.5146618016321406,0.5193855932203391,0.48056340238543627,0.4569562146892655
191664964,178,0.6851552746566791,0.616561329588015,0.5949945380774033,0.5589107365792759,0.5522120786516853,0.5145872347066167,0.5195107677902622,0.4805477528089887,0.4568742197253433
191664964,179,0.6850131905648665,0.6169382371198013,0.5949953445065177,0.559532122905028,0.552308348851645,0.5145173805090005,0.5196772191185599,0.4806176288019864,0.45691728739913107
191664964,180,0.6849691358024692,0.6172067901234567,0.5950308641975308,0.5599807098765432,0.5522723765432099,0.5144560185185185,0.519741512345679,0.4806751543209877,0.4569560185185185
191664964,181,0.6849255678330265,0.6176181706568448,0.5949624002455495,0.5606008287292817,0.5524670042971148,0.5143684775936157,0.5197859116022099,0.48075506445672195,0.45705570902394105
191664964,182,0.6850045787545788,0.6179716117216116,0.5948946886446888,0.5612637362637363,0.5526862026862027,0.5144459706959708,0.5199900793650793,0.4808722527472527,0.4572725885225885
191664964,183,0.6851472374013358,0.6182528840315725,0.5948998178506375,0.5618814511232544,0.5528840315725562,0.5146250758955677,0.5201844262295081,0.48118928354584095,0.4574263812993321
191664964,184,0.68503547705314,0.6184065519323672,0.5949615036231883,0.5623830012077295,0.5530457427536232,0.5147041062801933,0.5203125,0.48138964371980675,0.4574954710144927
191664964,185,0.6849211711711712,0.6186636636636638,0.5949887387387387,0.5629804804804804,0.5529316816816816,0.5148460960960961,0.5205067567567567,0.48153153153153155,0.45752627627627623
191664964,186,0.6847072879330944,0.6189702807646356,0.5949970131421745,0.5636387395459976,0.5530092592592593,0.5149230884109917,0.5207586618876942,0.4818137694145758,0.45751941457586615
191664964,187,0.6847296494355318,0.6192661913250148,0.5949643493761141,0.5643048128342246,0.5531454248366013,0.5149881164587047,0.520788770053476,0.4822341057635175,0.4576760249554367
191664964,188,0.684943853427896,0.6197953605200947,0.5952460106382979,0.5650820035460993,0.5534242021276595,0.5152593085106383,0.5211510047281324,0.48261672576832154,0.45786790780141834
191664964,189,0.6848140799529688,0.6201793062904174,0.5953226043503821,0.5657627865961199,0.5535567313345091,0.5152851263962376,0.5212815990593769,0.48282260435038216,0.4579842739564962
191664964,190,0.6849159356725146,0.6205043859649123,0.5955226608187135,0.5663815789473684,0.5537061403508772,0.5154495614035088,0.5213742690058479,0.48304824561403514,0.45830774853801176
191664964,191,0.6850458115183246,0.6208187899941827,0.595716986620128,0.5671575043630018,0.553835805700989,0.5156050029086678,0.5215786794648051,0.48344604421175097,0.45867146596858643
191664964,192,0.6851851851851852,0.6213252314814814,0.5958152488425926,0.5678674768518519,0.5540436921296297,0.5158239293981481,0.5219907407407408,0.4837637442129629,0.4587131076388889
191664964,193,0.685071243523316,0.6216824985607369,0.5960168393782384,0.5685413068508923,0.5542350316637881,0.5160477835348302,0.5223193724812896,0.4842076856649396,0.4589881980426022
191664964,194,0.6850766036655211,0.6220038659793815,0.596463344788087,0.5693692726231386,0.5545854810996563,0.5162908075601375,0.5227448453608247,0.48462915234822457,0.4592389747995418
191664964,195,0.6852314814814815,0.6223148148148149,0.5967414529914531,0.5702350427350428,0.5550391737891738,0.5166631054131053,0.5232264957264957,0.4851175213675214,0.4594836182336182
191664964,196,0.68531391723356,0.6227288832199547,0.5970308956916099,0.5708971088435375,0.5552118764172336,0.5169678287981859,0.5236961451247165,0.4854662698412699,0.45968679138321994
191664964,197,0.6852086858432036,0.622941342357586,0.5974372532430908,0.5716370558375634,0.5553123237450648,0.5172201071630005,0.5240376480541455,0.48601945854483924,0.4597786238014665
191664964,198,0.68511854657688,0.6231060606060606,0.5975554152637486,0.5723519921436588,0.5556748035914703,0.5176171436588103,0.5243651795735129,0.4865144500561167,0.46012906846240176
191664964,199,0.6851828587381351,0.6233109994416527,0.5977526521496371,0.5732028196538247,0.5559080122836404,0.5178950307091011,0.5247696817420435,0.4869730597431603,0.4603433835845896
191664964,200,0.68521875,0.6237465277777777,0.5979722222222222,0.5739583333333333,0.5560833333333334,0.5182430555555555,0.5253229166666666,0.48747222222222225,0.46060416666666665
1662057958,1,0.24722222222222223,0.39652777777777776,0.5027777777777778,0.5993055555555555,0.6361111111111111,0.6548611111111111,0.6888888888888889,0.7152777777777778,0.7631944444444444
1662057958,2,0.3423611111111111,0.5694444444444444,0.6652777777777777,0.7309027777777778,0.7527777777777778,0.7760416666666666,0.7989583333333333,0.8243055555555555,0.8538194444444445
1662057958,3,0.3784722222222222,0.6048611111111111,0.6979166666666666,0.7493055555555556,0.7817129629629629,0.8041666666666667,0.8171296296296297,0.8307870370370372,0.8446759259259259
1662057958,4,0.40572916666666664,0.6442708333333333,0.7352430555555556,0.7809027777777777,0.8065972222222222,0.8213541666666667,0.8423611111111111,0.8527777777777777,0.8673611111111111
1662057958,5,0.43680555555555556,0.6675,0.7455555555555555,0.7908333333333335,0.8136111111111111,0.8295833333333332,0.8441666666666666,0.8516666666666667,0.8615277777777777
1662057958,6,0.4578703703703703,0.6880787037037037,0.7575231481481481,0.8023148148148149,0.8247685185185186,0.8364583333333333,0.8515046296296295,0.8549768518518519,0.855787037037037
1662057958,7,0.47767857142857145,0.702281746031746,0.7680555555555556,0.8090277777777778,0.8282738095238096,0.8391865079365078,0.8507936507936508,0.8529761904761904,0.8483134920634919
1662057958,8,0.4917534722222222,0.7178819444444444,0.77890625,0.81328125,0.8341145833333333,0.8418402777777778,0.8520833333333333,0.8512152777777777,0.8400173611111111
1662057958,9,0.5022376543209877,0.7290123456790124,0.7867283950617284,0.8176697530864199,0.8359567901234568,0.8381172839506174,0.8477623456790124,0.8461419753086421,0.8318672839506175
1662057958,10,0.5132638888888889,0.7375694444444444,0.7904166666666667,0.8203472222222222,0.8377777777777778,0.8379166666666666,0.845138888888889,0.8399305555555555,0.8180555555555555
1662057958,11,0.5254419191919191,0.7471590909090909,0.7943813131313132,0.8234848484848485,0.8385732323232323,0.8396464646464646,0.8457070707070706,0.8355429292929292,0.8079545454545455
1662057958,12,0.5328703703703703,0.7534143518518518,0.8008101851851852,0.8287037037037036,0.8406828703703704,0.8391782407407407,0.8413773148148149,0.8287037037037036,0.7969907407407408
1662057958,13,0.5411324786324787,0.7600961538461539,0.8052884615384617,0.8320512820512821,0.8415064102564104,0.8401175213675215,0.8379273504273506,0.8259081196581197,0.7888354700854701
1662057958,14,0.5500992063492063,0.7653769841269841,0.8099702380952382,0.834375,0.8417658730158731,0.8391865079365081,0.8324900793650795,0.818452380952381,0.78125
1662057958,15,0.5568981481481482,0.770277777777778,0.8127777777777778,0.8361111111111111,0.8420833333333333,0.8396296296296296,0.8309722222222221,0.8141203703703703,0.7751851851851853
1662057958,16,0.5628038194444445,0.7749565972222222,0.8156684027777777,0.8374565972222222,0.8420572916666667,0.8383680555555556,0.8256510416666667,0.8096354166666667,0.7691840277777777
1662057958,17,0.5663398692810457,0.7787990196078431,0.8169934640522876,0.8370506535947714,0.8432189542483661,0.836764705882353,0.8213235294117648,0.8049428104575163,0.7637254901960784
1662057958,18,0.5714891975308642,0.7798611111111111,0.816280864197531,0.8363040123456791,0.8412422839506173,0.8342592592592594,0.8179398148148149,0.8000385802469137,0.7578317901234568
1662057958,19,0.5770833333333333,0.7813230994152046,0.8157529239766083,0.8340277777777778,0.8386330409356725,0.830482456140351,0.8123538011695908,0.7931652046783626,0.7506213450292398
1662057958,20,0.5803125,0.7837152777777777,0.8163194444444445,0.8318055555555556,0.8366666666666667,0.8288888888888888,0.8084027777777777,0.7888194444444443,0.7455555555555555
1662057958,21,0.5864417989417989,0.7853835978835979,0.8158730158730159,0.8301587301587301,0.8323082010582011,0.8256283068783069,0.8041997354497354,0.7835648148148148,0.7387235449735449
1662057958,22,0.590530303030303,0.7860479797979798,0.8151199494949495,0.8280618686868687,0.829135101010101,0.8225063131313132,0.7996527777777778,0.7774936868686868,0.7329861111111111
1662057958,23,0.5961050724637681,0.7875905797101448,0.8142814009661835,0.8264492753623187,0.8258756038647342,0.8189915458937198,0.796135265700483,0.7721920289855073,0.7286231884057971
1662057958,24,0.6005787037037037,0.7890335648148149,0.8132523148148147,0.823900462962963,0.8234375,0.8168981481481481,0.793894675925926,0.7688368055555556,0.7245370370370371
1662057958,25,0.6055277777777778,0.7902222222222222,0.8119444444444445,0.8206666666666667,0.8206111111111112,0.8139444444444444,0.7903888888888889,0.7646388888888889,0.7214166666666668
1662057958,26,0.6100160256410256,0.7910790598290599,0.8102297008547009,0.8185096153846154,0.8181356837606839,0.8117254273504274,0.7866452991452992,0.760309829059829,0.7177083333333333
1662057958,27,0.615406378600823,0.7923611111111111,0.8100565843621399,0.8160751028806583,0.8159207818930041,0.8090277777777778,0.7839763374485597,0.7564557613168726,0.7141718106995885
1662057958,28,0.6195188492063491,0.7935267857142858,0.8086309523809523,0.8137896825396825,0.8135912698412697,0.805952380952381,0.7809027777777777,0.7525545634920636,0.7113591269841272
1662057958,29,0.6245210727969348,0.7943247126436781,0.8072078544061303,0.8120689655172414,0.8122365900383143,0.8042624521072798,0.7789272030651341,0.7480124521072797,0.7075670498084291
1662057958,30,0.6302314814814814,0.794861111111111,0.805439814814815,0.8098611111111111,0.8100694444444444,0.8015972222222223,0.776412037037037,0.7453240740740741,0.7052314814814815
1662057958,31,0.6351254480286739,0.7960797491039426,0.8050627240143369,0.8079525089605735,0.8080197132616487,0.7986335125448029,0.7737455197132617,0.74209229390681,0.7028449820788529
1662057958,32,0.6394097222222223,0.7959201388888889,0.8037109375,0.8059461805555556,0.8061414930555556,0.7956163194444444,0.7700737847222222,0.7389105902777777,0.69921875
1662057958,33,0.6465909090909091,0.7968223905723905,0.8033880471380472,0.8049242424242423,0.8043139730639731,0.7931186868686869,0.7675925925925925,0.7354797979797979,0.6965277777777777
1662057958,34,0.65265522875817,0.7975285947712418,0.8029207516339869,0.8038807189542483,0.802328431372549,0.7900735294117648,0.7655228758169935,0.732904411764706,0.6931781045751634
1662057958,35,0.6581150793650793,0.7984126984126985,0.8024206349206349,0.8028571428571429,0.8006349206349207,0.7884920634920635,0.7640079365079365,0.731626984126984,0.6909325396825398
1662057958,36,0.6630015432098765,0.7984375,0.801369598765432,0.8010995370370372,0.7985339506172839,0.7860725308641975,0.7626543209876543,0.7296489197530863,0.6893904320987655
1662057958,37,0.6674361861861862,0.7983671171171172,0.8004129129129129,0.7994557057057057,0.7963400900900901,0.7840465465465466,0.761036036036036,0.7284346846846848,0.6870683183183183
1662057958,38,0.6725877192982456,0.7990497076023391,0.7995248538011696,0.7969480994152046,0.7934941520467835,0.7815606725146198,0.7593201754385965,0.7265350877192982,0.6851059941520468
1662057958,39,0.6769052706552706,0.7994836182336181,0.7983084045584046,0.7952101139601139,0.7909544159544158,0.7787037037037038,0.75744301994302,0.7246260683760685,0.6833867521367522
1662057958,40,0.6816666666666666,0.7994097222222223,0.7973784722222221,0.7935937500000001,0.7888541666666665,0.7764409722222223,0.7560590277777777,0.7232986111111113,0.6818229166666667
1662057958,41,0.6865176151761517,0.7994071815718157,0.7959857723577236,0.792259485094851,0.7869579945799456,0.7746781842818428,0.7542174796747967,0.7221544715447155,0.6802337398373983
1662057958,42,0.6911210317460318,0.7986937830687831,0.7950231481481482,0.790707671957672,0.7849041005291004,0.7729001322751323,0.7523148148148149,0.7214781746031746,0.6788359788359788
1662057958,43,0.6949612403100774,0.7984980620155039,0.7946543927648578,0.7891634366925064,0.7833656330749353,0.7706718346253231,0.7510820413436692,0.7198481912144703,0.6781653746770026
1662057958,44,0.6994949494949495,0.7987531565656566,0.7938289141414141,0.7879734848484847,0.7815814393939394,0.7683396464646465,0.7502209595959596,0.7190656565656566,0.6770991161616161
1662057958,45,0.703395061728395,0.7981018518518519,0.792746913580247,0.7860493827160493,0.7795833333333334,0.7666975308641976,0.7492129629629629,0.7179475308641975,0.6765586419753086
1662057958,46,0.7070501207729467,0.7973882850241545,0.791243961352657,0.7841485507246376,0.7775664251207729,0.7649305555555556,0.7482336956521739,0.7175422705314011,0.675528381642512
1662057958,47,0.7101359338061466,0.7968085106382978,0.7899083924349882,0.7822695035460994,0.7749704491725768,0.7625886524822695,0.7461583924349882,0.716193853427896,0.6737145390070922
1662057958,48,0.7133969907407408,0.7954427083333333,0.7887152777777777,0.7792390046296295,0.7728443287037038,0.7611111111111111,0.744892939814815,0.7149450231481481,0.67265625
1662057958,49,0.7168934240362813,0.7959467120181406,0.7880527210884354,0.7781179138321996,0.7715419501133787,0.7598214285714285,0.7441609977324264,0.714625850340136,0.6709608843537415
1662057958,50,0.7199444444444445,0.7956666666666665,0.7868055555555555,0.7762222222222224,0.769861111111111,0.758263888888889,0.7434166666666666,0.713361111111111,0.6702777777777779
1662057958,51,0.7239242919389979,0.7954656862745099,0.7860157952069717,0.7747004357298475,0.7689133986928106,0.7562363834422658,0.7427423747276688,0.7130038126361656,0.6693763616557734
1662057958,52,0.7275106837606838,0.7950721153846154,0.7852029914529915,0.7733974358974358,0.7673744658119658,0.754780982905983,0.741826923076923,0.7117654914529914,0.6688835470085469
1662057958,53,0.7308831236897273,0.7940382599580712,0.7839098532494758,0.7721174004192872,0.765998427672956,0.7530922431865827,0.7400550314465408,0.710167714884696,0.6674528301886792
1662057958,54,0.7348379629629629,0.7941615226337448,0.7823688271604938,0.7702289094650205,0.7639789094650206,0.7508616255144034,0.738155864197531,0.7084104938271605,0.6664609053497942
1662057958,55,0.7380429292929295,0.7937878787878787,0.7818181818181817,0.7693560606060607,0.7619823232323232,0.7490530303030302,0.7361616161616161,0.7069823232323232,0.6651010101010102
1662057958,56,0.7409970238095238,0.7932539682539682,0.7808035714285715,0.7681423611111111,0.7605654761904762,0.7477058531746033,0.7345114087301586,0.7053447420634922,0.6635416666666667
1662057958,57,0.7444566276803118,0.7933114035087718,0.7803728070175439,0.7672636452241713,0.7596003898635476,0.7466861598440545,0.7335282651072125,0.7045443469785575,0.6627314814814814
1662057958,58,0.7482638888888888,0.7931752873563218,0.7789391762452108,0.7661159003831418,0.7583453065134099,0.7451628352490423,0.7323635057471265,0.7031130268199234,0.6624161877394635
1662057958,59,0.7513535781544255,0.7927495291902071,0.7779190207156309,0.7651129943502825,0.7571916195856874,0.7441501883239172,0.7314265536723165,0.7024835216572505,0.6620762711864407
1662057958,60,0.7545833333333334,0.7923842592592593,0.7768055555555555,0.7641087962962962,0.7559722222222223,0.7428240740740739,0.7303472222222223,0.7018287037037036,0.6619791666666667
1662057958,61,0.7574453551912569,0.7914275956284152,0.775785519125683,0.7623861566484518,0.7546106557377049,0.7411885245901639,0.7291211293260472,0.701104280510018,0.6616006375227687
1662057958,62,0.7603494623655914,0.7909162186379928,0.7747759856630825,0.7617719534050179,0.7535170250896057,0.7402441756272402,0.7280129928315413,0.700470430107527,0.6619847670250896
1662057958,63,0.7629409171075837,0.7907848324514991,0.7742614638447972,0.7609237213403881,0.7528439153439154,0.7391754850088182,0.7266093474426809,0.7002535273368606,0.6620701058201058
1662057958,64,0.7660047743055556,0.7908745659722223,0.7735568576388889,0.7606228298611111,0.75224609375,0.7386393229166667,0.7257486979166666,0.7001410590277778,0.6626736111111111
1662057958,65,0.7681944444444445,0.7904594017094018,0.77241452991453,0.7594123931623933,0.7509615384615383,0.7374679487179489,0.7247329059829061,0.6998290598290599,0.6632692307692308
1662057958,66,0.770664983164983,0.7907828282828281,0.7719065656565657,0.7589015151515152,0.7498632154882154,0.7365319865319865,0.723811026936027,0.6992845117845118,0.6645517676767677
1662057958,67,0.7729581260364842,0.7904436152570481,0.7711650082918741,0.7578565505804312,0.748870232172471,0.7362562189054727,0.7232276119402985,0.6989738805970149,0.6655161691542288
1662057958,68,0.7752961601307189,0.7904820261437907,0.7711090686274509,0.7575163398692811,0.7483353758169936,0.7359272875816993,0.7228043300653594,0.6990604575163398,0.6664726307189542
1662057958,69,0.7783715780998389,0.790901771336554,0.7712057165861513,0.7578401771336554,0.7483494363929146,0.7356582125603864,0.7231078904991948,0.6997282608695653,0.667975040257649
1662057958,70,0.7813492063492065,0.7912698412698413,0.7710515873015873,0.758373015873016,0.74875,0.7365376984126986,0.7237400793650793,0.7009126984126984,0.6696428571428571
1662057958,71,0.7844092331768387,0.791519953051643,0.7716940532081378,0.7594972613458528,0.749618544600939,0.7377347417840376,0.7249021909233176,0.7024745696400626,0.6711071987480438
1662057958,72,0.7822145061728395,0.7878279320987654,0.7675733024691357,0.7549961419753086,0.7441454475308641,0.7323109567901234,0.7194637345679012,0.6968460648148147,0.6650945216049382
1662057958,73,0.7789573820395739,0.7841229071537291,0.7634988584474885,0.7503519786910198,0.7386320395738205,0.7272070015220701,0.7139935312024354,0.6910197869101978,0.6592275494672755
1662057958,74,0.7763231981981982,0.7797109609609609,0.758980855855856,0.7453828828828828,0.7329016516516517,0.7216122372372372,0.7084647147147147,0.6853415915915917,0.653444069069069
1662057958,75,0.773712962962963,0.7752777777777778,0.7546851851851852,0.7408611111111112,0.7276018518518519,0.7164259259259258,0.7032222222222222,0.6798796296296297,0.6476388888888889
1662057958,76,0.771235380116959,0.7714638157894737,0.750109649122807,0.7361659356725146,0.7226334064327485,0.7112207602339181,0.6981907894736842,0.6744883040935673,0.6420413011695907
1662057958,77,0.7688221500721499,0.767622655122655,0.7458423520923522,0.731592712842713,0.7172528860028861,0.7059433621933622,0.6932359307359307,0.66875,0.6365079365079365
1662057958,78,0.7666488603988604,0.7634793447293446,0.7417378917378918,0.726994301994302,0.7123397435897437,0.7009793447293446,0.6883814102564103,0.6635416666666667,0.6311520655270655
1662057958,79,0.764662447257384,0.7595464135021097,0.7376142756680732,0.7228023909985934,0.7075685654008439,0.6960179324894514,0.6837113220815751,0.6583157524613221,0.6260812236286921
1662057958,80,0.7635850694444445,0.7557725694444445,0.7336024305555556,0.7185069444444445,0.7027951388888889,0.6913020833333333,0.6788541666666668,0.6533246527777778,0.621154513888889
1662057958,81,0.7616512345679013,0.7518861454046638,0.7298353909465021,0.7142403978052126,0.6980967078189301,0.6866941015089164,0.6744084362139918,0.6484224965706448,0.6164351851851851
1662057958,82,0.7604420731707316,0.7478489159891599,0.7257706639566395,0.7098407859078592,0.6933689024390244,0.6819698509485095,0.6700542005420054,0.643360433604336,0.6115853658536585
1662057958,83,0.759262048192771,0.7443691432396251,0.7218791834002676,0.7060240963855422,0.6889809236947791,0.6776522757697456,0.6656124497991968,0.6388972556894243,0.6070364792503347
1662057958,84,0.757729828042328,0.7406084656084655,0.7178075396825396,0.7018353174603175,0.6844411375661376,0.6734457671957672,0.6614417989417989,0.6346147486772485,0.6023892195767195
1662057958,85,0.7561683006535949,0.7369444444444445,0.7139215686274509,0.6979493464052288,0.6803349673202614,0.6693218954248366,0.657467320261438,0.630187908496732,0.5980065359477125
1662057958,86,0.7544089147286823,0.7332041343669251,0.7103359173126614,0.6943394702842377,0.6759043927648579,0.6651001291989663,0.6532057493540051,0.6258801679586564,0.5934835271317829
1662057958,87,0.7527378671775223,0.7296216475095787,0.7070721583652618,0.6906289910600256,0.6718789910600255,0.6609035759897829,0.6492496807151981,0.621815134099617,0.5890405491698595
1662057958,88,0.7508996212121212,0.7261442550505051,0.703811553030303,0.6873027146464646,0.6679135101010101,0.6567234848484849,0.6453046085858586,0.6176846590909091,0.5847064393939394
1662057958,89,0.7490948813982522,0.7225265293383271,0.7006164169787765,0.683832709113608,0.6639435081148564,0.6526841448189763,0.6414950062421971,0.6136392009987516,0.5806257802746566
1662057958,90,0.7472530864197531,0.7190123456790123,0.6974922839506172,0.6803626543209876,0.6603626543209876,0.6488425925925926,0.637770061728395,0.6097993827160494,0.576574074074074
1662057958,91,0.7450854700854702,0.7153922466422465,0.694551282051282,0.6765262515262515,0.6567765567765567,0.6449099511599512,0.6343253968253968,0.6060363247863247,0.5726648351648352
1662057958,92,0.7435009057971014,0.7123414855072462,0.6917421497584542,0.6731355676328502,0.6534495772946859,0.6413269927536233,0.6309631642512077,0.6025437801932366,0.5689764492753623
1662057958,93,0.7417338709677419,0.7093488649940263,0.6888515531660693,0.6698028673835126,0.6498506571087217,0.6376642771804063,0.6276284348864994,0.5990292712066906,0.5651508363201911
1662057958,94,0.7401743498817966,0.7064790189125295,0.68572695035461,0.6663563829787233,0.6464612884160756,0.6338726359338062,0.6245050236406618,0.5957668439716312,0.5615691489361703
1662057958,95,0.738764619883041,0.7037134502923977,0.6830994152046783,0.6636111111111112,0.6431944444444444,0.630248538011696,0.6214546783625731,0.5923464912280703,0.5581286549707603
1662057958,96,0.7368851273148149,0.7007016782407407,0.6805483217592592,0.6605468749999999,0.6399016203703703,0.6268952546296296,0.6182508680555555,0.5890625,0.5549985532407408
1662057958,97,0.7353307560137456,0.6980240549828178,0.6775844788087056,0.6580612829324171,0.6369129438717067,0.6236397479954181,0.615213344788087,0.5860538373424972,0.5517182130584192
1662057958,98,0.7333900226757369,0.6954152494331066,0.6748866213151927,0.6555413832199547,0.634155328798186,0.6204223356009071,0.6124007936507937,0.5828869047619047,0.5484623015873016
1662057958,99,0.7316428170594838,0.6929433221099887,0.6724466891133557,0.6533670033670033,0.6310255331088664,0.6172138047138047,0.6095258136924804,0.5797909652076318,0.5452651515151514
1662057958,100,0.7299444444444444,0.6907083333333334,0.6702638888888889,0.6512291666666666,0.6282916666666667,0.614326388888889,0.6065833333333334,0.5766944444444445,0.5421666666666667
1662057958,101,0.7280115511551154,0.6882150715071507,0.6677599009900989,0.6489686468646864,0.625281903190319,0.6111454895489548,0.6037885038503851,0.5736936193619362,0.5389851485148515
1662057958,102,0.7267361111111111,0.686036220043573,0.6657815904139432,0.6465890522875817,0.6225626361655774,0.6081835511982571,0.6009123093681917,0.570812908496732,0.5360838779956427
1662057958,103,0.7254045307443366,0.6839401294498383,0.6636933656957928,0.6441680151024811,0.6198287486515642,0.6051375404530746,0.5982942286947142,0.5679746494066882,0.533373786407767
1662057958,104,0.7242654914529914,0.6817775106837607,0.6617654914529914,0.6421474358974358,0.6174078525641025,0.6023303952991452,0.5957999465811966,0.5652443910256411,0.530488782051282
1662057958,105,0.7230291005291005,0.6801851851851852,0.6600462962962963,0.6401984126984126,0.6150330687830688,0.5996891534391534,0.5933333333333333,0.5627116402116403,0.5278769841269841
1662057958,106,0.7222549790356393,0.6785901467505242,0.658359538784067,0.6381158280922432,0.6125917190775682,0.5968487945492662,0.5907822327044024,0.5601415094339622,0.5251834381551364
1662057958,107,0.7214693665628245,0.6773364485981308,0.6566329179646936,0.6360397196261682,0.6104556074766355,0.5943016614745587,0.5883826583592938,0.5576908099688473,0.5226570612668743
1662057958,108,0.7202674897119342,0.6759645061728395,0.6550797325102881,0.6340406378600822,0.6084747942386831,0.5919302983539094,0.5860275205761316,0.5551054526748972,0.5201003086419754
1662057958,109,0.7190558103975535,0.67440749235474,0.6533702854230378,0.6321674311926605,0.606453873598369,0.5894495412844037,0.5836391437308868,0.5525165647298675,0.5176286952089704
1662057958,110,0.7180871212121211,0.6731565656565656,0.6517424242424242,0.6306691919191919,0.6045643939393939,0.587114898989899,0.5813699494949496,0.5501073232323233,0.5153282828282828
1662057958,111,0.7170670670670671,0.6719594594594595,0.6501876876876878,0.6291166166166167,0.6027902902902903,0.5847472472472472,0.578953953953954,0.5476789289289289,0.5129942442442443
1662057958,112,0.7161582341269841,0.6705543154761904,0.6487599206349206,0.6275421626984127,0.6010354662698413,0.5825582837301586,0.576674107142857,0.5454055059523809,0.5106584821428571
1662057958,113,0.7150995575221241,0.6688421828908555,0.6473082595870205,0.6258603736479843,0.5993117010816126,0.5804818092428712,0.5746435594886922,0.5428588987217305,0.508456243854474
1662057958,114,0.7141873781676414,0.6674524853801169,0.6460160818713451,0.6244091130604288,0.597514619883041,0.578563596491228,0.5725450779727096,0.5406493664717349,0.5062134502923976
1662057958,115,0.7131884057971013,0.6663526570048309,0.6449094202898551,0.6231763285024154,0.5958333333333333,0.5767330917874396,0.5705012077294686,0.5386231884057971,0.5040640096618358
1662057958,116,0.7121228448275863,0.6652957375478927,0.6434865900383142,0.6215577107279693,0.5940613026819922,0.5749940134099616,0.5685883620689655,0.5363864942528735,0.5021791187739464
1662057958,117,0.7110102089268756,0.6640491452991453,0.6423967236467236,0.6203525641025641,0.5922720797720797,0.5730175688509022,0.5667082146248812,0.5342117758784426,0.5002908357075024
1662057958,118,0.7099282015065914,0.6627354048964218,0.6412429378531074,0.6191560734463277,0.590713276836158,0.5710746233521657,0.5646539548022599,0.5320150659133709,0.49816972693032
1662057958,119,0.7088176937441644,0.6610877684407096,0.6397700746965452,0.6176178804855275,0.5888655462184873,0.5691526610644257,0.5628209617180205,0.5299194677871149,0.49611928104575154
1662057958,120,0.707667824074074,0.6597164351851851,0.6384953703703704,0.6162673611111111,0.587013888888889,0.5672395833333334,0.5610069444444444,0.5278993055555556,0.49419560185185185
1662057958,121,0.7066000918273646,0.6586432506887053,0.6373565197428833,0.6149621212121212,0.5850780532598715,0.5653007346189164,0.5589416896235078,0.5258092286501377,0.4922176308539945
1662057958,122,0.7053506375227686,0.6576844262295082,0.6362989526411658,0.6137238160291439,0.5831568761384335,0.5634335154826958,0.5572119763205828,0.5236623406193078,0.4905794626593807
1662057958,123,0.7045110659439928,0.6567581300813008,0.6352416440831076,0.6126185636856369,0.5812217705510389,0.5616700542005421,0.5554765130984644,0.5217479674796748,0.4889171183378501
1662057958,124,0.7033770161290323,0.6555331541218637,0.6340389784946237,0.6113463261648746,0.5794578853046595,0.5600806451612903,0.5536346326164874,0.5199260752688173,0.4872927867383512
1662057958,125,0.7024166666666667,0.6542277777777777,0.6325999999999999,0.6100444444444444,0.5776111111111111,0.5582944444444443,0.5519222222222222,0.5180833333333333,0.4859777777777778
1662057958,126,0.7014109347442681,0.6530974426807761,0.6311893738977071,0.6088458994708994,0.5756448412698412,0.5565641534391534,0.5502535273368606,0.5163414902998237,0.48460648148148144
1662057958,127,0.7007163167104112,0.6521708223972004,0.6300853018372704,0.607567804024497,0.5739774715660543,0.5548939195100613,0.5486548556430446,0.5149879702537182,0.4834317585301837
1662057958,128,0.7001573350694444,0.6510687934027778,0.6289659288194445,0.6064778645833333,0.5721462673611111,0.5532389322916667,0.5470648871527778,0.5135525173611111,0.48209092881944443
1662057958,129,0.6996500861326442,0.650010766580534,0.6280792420327304,0.6053994401378122,0.5703596037898364,0.5517495693367787,0.5454995693367787,0.5122469853574505,0.4808624031007752
1662057958,130,0.699241452991453,0.6491452991452991,0.6271207264957265,0.6041239316239316,0.5687446581196581,0.5501655982905983,0.5440544871794871,0.5108333333333333,0.47969551282051276
1662057958,131,0.6986429177268871,0.6480491942324004,0.6262245547073793,0.6031064461407973,0.5672391857506361,0.5485368956743002,0.542541348600509,0.509536683630195,0.4784669211195928
1662057958,132,0.6982270622895623,0.6468223905723907,0.625363005050505,0.6021412037037036,0.5657039141414142,0.547059132996633,0.5411037457912458,0.5082702020202021,0.4775515572390573
1662057958,133,0.6979010025062657,0.6457080200501253,0.6244778613199665,0.6011748120300752,0.5641238512949039,0.545608813700919,0.5395885547201336,0.5069862155388472,0.4765403091060985
1662057958,134,0.6975279850746269,0.6446258291873963,0.623605928689884,0.6001140132669983,0.5625673714759535,0.5441075870646765,0.5381426202321724,0.5057162106135986,0.47552860696517407
1662057958,135,0.6971039094650205,0.6436625514403292,0.6227211934156378,0.5991409465020575,0.5608333333333333,0.5425360082304527,0.5366460905349795,0.5043672839506174,0.4744393004115226
1662057958,136,0.696951593137255,0.6426368464052288,0.6219618055555556,0.598233251633987,0.5595179738562092,0.5412632761437908,0.5352532679738562,0.503155637254902,0.4737898284313725
1662057958,137,0.6961932278994323,0.6414639091646391,0.6210766423357664,0.5972323600973236,0.557963300892133,0.5397151257096513,0.5337287104622871,0.501794403892944,0.4727493917274939
1662057958,138,0.6954408212560387,0.6406400966183574,0.6202596618357488,0.5963315217391305,0.5563154186795491,0.5383403784219002,0.5323168276972625,0.5006038647342995,0.4718297101449276
1662057958,139,0.6948541167066347,0.6398031574740208,0.6194744204636291,0.5954236610711431,0.5547961630695443,0.536990407673861,0.5311400879296563,0.4995303756994405,0.471078137490008
1662057958,140,0.6945585317460317,0.6387599206349205,0.6184871031746031,0.5944593253968253,0.5532936507936508,0.5354662698412699,0.5297767857142857,0.49801091269841274,0.4702876984126983
1662057958,141,0.6945527974783294,0.6379826635145786,0.6177354215918045,0.5938189519306541,0.5518764775413711,0.5342444838455477,0.5285411741528764,0.49678881008668235,0.4695774231678487
1662057958,142,0.6944737871674491,0.6372897104851329,0.6168476134585289,0.5930604460093897,0.5505526212832551,0.5330545774647887,0.5272887323943662,0.4957501956181533,0.4687597809076683
1662057958,143,0.6941724941724942,0.6365821678321678,0.6162927350427351,0.5924679487179487,0.5491161616161616,0.5317307692307692,0.5261072261072262,0.49458527583527584,0.4680944055944056
1662057958,144,0.6934799382716049,0.6355854552469136,0.6151427469135803,0.5916618441358025,0.547974537037037,0.5307484567901235,0.5252073688271605,0.49356192129629617,0.4671248070987654
1662057958,145,0.6926005747126437,0.6345162835249043,0.6138888888888889,0.5908572796934866,0.5469683908045977,0.529712643678161,0.5243199233716476,0.49259578544061305,0.46626436781609204
1662057958,146,0.6918188736681887,0.633380898021309,0.6126141552511416,0.5900542237442922,0.5461520167427701,0.5287671232876713,0.5237728310502283,0.49175703957382044,0.46545376712328773
1662057958,147,0.6914777021919878,0.6324026832955405,0.6114606953892667,0.5894179894179895,0.5452900604686319,0.5278533635676492,0.5230300453514739,0.491005291005291,0.4647061602418745
1662057958,148,0.6911458333333333,0.6314236111111111,0.6101351351351352,0.5886073573573574,0.5445382882882883,0.5271021021021021,0.5224333708708708,0.4901417042042043,0.4638607357357358
1662057958,149,0.6905993661446682,0.6302665920954512,0.6089998135719612,0.5878262490678599,0.5432419835943326,0.5262583892617451,0.5217468307233408,0.4893316554809843,0.4628914988814317
1662057958,150,0.6901898148148148,0.6292638888888888,0.6077777777777779,0.5871759259259259,0.5421018518518518,0.5254212962962962,0.5211527777777777,0.4886249999999999,0.4620787037037037
1662057958,151,0.689891464311994,0.6284078366445917,0.6067512877115526,0.5865342163355409,0.540880242825607,0.524563097866078,0.5205389992641648,0.487918506254599,0.46118929359823396
1662057958,152,0.6895879020467837,0.6275950292397661,0.6058251096491228,0.5859831871345029,0.5398802997076023,0.5240497076023392,0.5199287280701755,0.4873994883040935,0.460375548245614
1662057958,153,0.6892610748002904,0.6270197893972403,0.6049655047204067,0.5855482933914307,0.5390931372549019,0.5236610384894699,0.5194353667392883,0.48694625998547564,0.45967683369644147
1662057958,154,0.6891369047619048,0.6263888888888889,0.6042523448773449,0.5850243506493507,0.5385371572871573,0.5234217171717171,0.5191197691197691,0.4866928210678211,0.4590818903318903
1662057958,155,0.6887320788530465,0.6258019713261648,0.6036648745519713,0.5845116487455198,0.5378360215053762,0.5230645161290323,0.5186872759856631,0.4863306451612904,0.4583870967741936
1662057958,156,0.6885149572649573,0.6253561253561254,0.6028400997150997,0.5841791310541311,0.5372240028490028,0.5227163461538462,0.5184205840455841,0.4861111111111111,0.45787037037037037
1662057958,157,0.688300601556971,0.6247965322009909,0.6020789101203115,0.5838331564048125,0.5365976645435244,0.5222310686482661,0.5180688251946214,0.48553609341825893,0.457196567586695
1662057958,158,0.6878779887482419,0.6243451125175808,0.6013317510548524,0.5837069268635725,0.536256153305204,0.5220903656821378,0.5178841420534458,0.48522327707454294,0.45662798874824195
1662057958,159,0.6875655136268344,0.6238425925925926,0.600746855345912,0.583508036338225,0.535945143256464,0.5220431516422083,0.5175925925925925,0.4852244933612858,0.4561539133473096
1662057958,160,0.6871961805555556,0.6232942708333333,0.6000390624999999,0.5832248263888888,0.5357074652777778,0.5218967013888889,0.5173177083333333,0.4851692708333333,0.4556119791666666
1662057958,161,0.6868357487922706,0.622761387163561,0.5993228088336784,0.5829149413388544,0.5354080400276052,0.5214113181504486,0.5168305728088337,0.48500258799171847,0.4551242236024845
1662057958,162,0.686715534979424,0.6221922153635117,0.5986796982167353,0.5827417695473252,0.5351508916323732,0.5210905349794239,0.5166152263374485,0.4848679698216736,0.4547796639231824
1662057958,163,0.686524369461486,0.6216896728016359,0.5980572597137014,0.5825451601908657,0.5347989093387866,0.5208333333333334,0.5163599182004089,0.48473074301295155,0.4543839468302658
1662057958,164,0.6862593157181572,0.6211974932249322,0.5974889905149051,0.5823043699186993,0.5345867208672086,0.5205750338753388,0.5160780826558267,0.48452743902439027,0.4540142276422764
1662057958,165,0.6859006734006734,0.6205934343434343,0.5969065656565656,0.5820454545454544,0.5344234006734007,0.5204713804713805,0.5159848484848485,0.4844823232323232,0.4536826599326599
1662057958,166,0.6858517402945115,0.6202769410977242,0.5963729919678715,0.581873326639893,0.5343373493975904,0.5203020414993307,0.5158927376171352,0.4845841700133869,0.4534011044176707
1662057958,167,0.6857659680638722,0.6198186959414504,0.5959747172322022,0.5817115768463074,0.5342523286759814,0.5201638389886892,0.5158516300731869,0.4846099467731204,0.4532227212242182
1662057958,168,0.6855034722222222,0.6193039021164021,0.5954861111111112,0.5815021494708994,0.5339864417989417,0.5199198082010582,0.5158192791005292,0.48436673280423276,0.45282738095238095
1662057958,169,0.6853098290598291,0.6189760026298489,0.5951429980276135,0.5814061472715318,0.5338469756738988,0.5199252136752137,0.5157338921761998,0.48436883629191324,0.4525969756738987
1662057958,170,0.6851879084967321,0.6187622549019608,0.594828431372549,0.5810906862745098,0.5335825163398693,0.5199673202614379,0.5156740196078431,0.48442810457516344,0.45241421568627455
1662057958,171,0.6849537037037037,0.6185103963612736,0.5945662768031189,0.5810794346978557,0.533406432748538,0.5198749187784276,0.5155539311241065,0.4844501299545159,0.4522742040285899
1662057958,172,0.6847747093023256,0.6181766795865633,0.5943394702842377,0.5809148901808785,0.5333050710594315,0.519828003875969,0.5155442506459949,0.4846495478036176,0.45217619509043927
1662057958,173,0.6845335581245986,0.6180114001284521,0.5941714836223506,0.5807843609505459,0.5332972061657033,0.5199221258831086,0.5154463712267181,0.4846058124598587,0.45220777135517015
1662057958,174,0.6846264367816093,0.6178639846743295,0.5938617496807151,0.5806952426564496,0.5331497445721585,0.5199912196679438,0.5154054916985952,0.4845745530012771,0.45220306513409964
1662057958,175,0.6845992063492063,0.6177420634920635,0.5938373015873015,0.5806587301587302,0.5330436507936508,0.5202142857142857,0.5154603174603175,0.4846428571428571,0.4523214285714286
1662057958,176,0.6846117424242425,0.6176649305555556,0.593844696969697,0.5806660353535353,0.5330018939393939,0.5203401199494949,0.5154869002525253,0.4847143308080808,0.45243844696969704
1662057958,177,0.6842082548650346,0.617608286252354,0.5938520087884495,0.5806693345888262,0.5327722849968612,0.5204684557438795,0.5156348085373509,0.4849772441933459,0.452467827997489
1662057958,178,0.6839887640449439,0.6174703495630461,0.5936641697877654,0.5804970349563047,0.5326779026217229,0.5206694756554306,0.515753745318352,0.4850226279650437,0.4524773720349563
1662057958,179,0.6838454376163873,0.6173805090006207,0.5936297330850403,0.5804740844196151,0.5325225015518312,0.5208682495344507,0.5160536933581626,0.4850985412787089,0.45246353196772193
1662057958,180,0.6836998456790123,0.6171219135802469,0.5936188271604939,0.5805015432098766,0.5324189814814815,0.520991512345679,0.5161381172839505,0.48538966049382726,0.452511574074074
1662057958,181,0.6836057397176182,0.6169275629220381,0.5934430632289748,0.5803713934929404,0.5323626457949663,0.5212899017802333,0.5162292817679558,0.4856391958256599,0.45265500306936773
1662057958,182,0.6833180708180708,0.616735347985348,0.5933302808302808,0.5804143772893773,0.5324557387057387,0.521638431013431,0.516426282051282,0.4857448107448107,0.452785409035409
1662057958,183,0.6832650273224044,0.6166970248937461,0.5932263205828779,0.5804341226472374,0.5327565270188221,0.5219641772920462,0.5167539465695203,0.48609213721918637,0.4531458712811173
1662057958,184,0.6833333333333333,0.6164817330917874,0.5931234903381642,0.5804838466183575,0.5329332729468599,0.5222108997584541,0.5169459541062802,0.4863488828502416,0.45332125603864737
1662057958,185,0.6832845345345344,0.6165015015015014,0.5929579579579579,0.5806231231231231,0.5329842342342342,0.5224887387387388,0.5171321321321322,0.4865052552552553,0.45336336336336336
1662057958,186,0.6831242532855436,0.6165135902031064,0.5927718040621267,0.580611559139785,0.5330421146953405,0.522703853046595,0.5172901732377538,0.4866599462365591,0.4536327658303465
1662057958,187,0.6830733808674985,0.6162618835412954,0.5924056743909686,0.580548128342246,0.5332590612002377,0.5230763517528223,0.5172905525846703,0.48678327391562687,0.45394385026737966
1662057958,188,0.6832409869976359,0.6162861997635933,0.5923057033096926,0.5808067375886524,0.5337433510638298,0.523544621749409,0.5177157210401891,0.48716385933806144,0.4542368498817967
1662057958,189,0.6832304526748971,0.6161485890652557,0.5922766019988241,0.5808862433862433,0.5339689888300999,0.5237911522633745,0.5178828630217519,0.4872611699000588,0.45444591416813646
1662057958,190,0.68328216374269,0.6160526315789474,0.5922587719298246,0.5811038011695906,0.5342288011695906,0.5241008771929825,0.5180811403508772,0.48735380116959065,0.4547222222222222
1662057958,191,0.6833987783595113,0.6161467422920303,0.5923647469458988,0.58135907504363,0.5345331588132635,0.5244764397905759,0.5184009598603839,0.4876236183827807,0.4550319953461315
1662057958,192,0.6836624710648148,0.6161458333333333,0.5924225983796296,0.581568287037037,0.5350151909722223,0.5249891493055555,0.5187102141203704,0.4881510416666667,0.4551721643518519
1662057958,193,0.6837399251583189,0.6160693724812896,0.5924006908462867,0.5817357512953367,0.5352223661485319,0.5253130397236614,0.5191565918249856,0.4885002878526195,0.45556994818652846
1662057958,194,0.6838881729667812,0.6161655211912944,0.5925186139747994,0.5821270045819015,0.5355491122565865,0.5257123424971363,0.5196878579610539,0.48882803550973647,0.4558276059564719
1662057958,195,0.684002849002849,0.6162428774928775,0.5926282051282052,0.5824893162393162,0.5361289173789174,0.5262393162393162,0.5201923076923077,0.4891524216524216,0.4562250712250713
1662057958,196,0.6842757936507937,0.6161883503401361,0.5928217120181406,0.5829931972789116,0.5365114795918366,0.5266546201814059,0.5208049886621315,0.4895833333333333,0.4566149376417234
1662057958,197,0.6843168358714043,0.616169627749577,0.5928863508178229,0.5833862098138748,0.5368690073322053,0.5270022560631697,0.5210977157360407,0.48997109419063734,0.4568492667794699
1662057958,198,0.6844241021324354,0.6162492985409652,0.5929643658810325,0.5837682379349046,0.5372650112233446,0.5275147306397308,0.5216259820426487,0.49047067901234565,0.4573407687991021
1662057958,199,0.6844919039642657,0.6163979620323842,0.5930520658849805,0.5842371580122836,0.5375907314349525,0.5278405918481295,0.5220931044109436,0.49085008375209377,0.4576633165829146
1662057958,200,0.6845104166666667,0.6163506944444445,0.5933159722222222,0.5848229166666666,0.5379236111111111,0.5281527777777778,0.5225729166666666,0.4912951388888889,0.4578993055555556
1405681632,1,0.22291666666666668,0.4097222222222222,0.5027777777777778,0.5854166666666667,0.6395833333333333,0.6604166666666667,0.6847222222222222,0.7048611111111112,0.7631944444444444
1405681632,2,0.33055555555555555,0.5805555555555556,0.6638888888888889,0.7298611111111111,0.7538194444444445,0.7763888888888889,0.7986111111111112,0.8211805555555556,0.8565972222222222
1405681632,3,0.3675925925925925,0.6194444444444445,0.6935185185185185,0.7530092592592593,0.7856481481481481,0.8018518518518517,0.8143518518518518,0.825,0.8444444444444444
1405681632,4,0.4,0.6638888888888889,0.7309027777777778,0.7809027777777777,0.8109375,0.8237847222222222,0.8440972222222223,0.8532986111111112,0.86875
1405681632,5,0.42861111111111116,0.6825,0.7412500000000001,0.7923611111111111,0.8158333333333333,0.8269444444444444,0.8438888888888891,0.8533333333333332,0.8613888888888888
1405681632,6,0.4432870370370371,0.6983796296296296,0.7541666666666667,0.8026620370370371,0.8254629629629628,0.8342592592592594,0.8506944444444444,0.8552083333333333,0.85625
1405681632,7,0.4625,0.7116071428571429,0.7652777777777777,0.8080357142857142,0.8298611111111112,0.8367063492063492,0.8520833333333333,0.8544642857142858,0.8492063492063491
1405681632,8,0.4730902777777778,0.7274305555555556,0.7768229166666667,0.8124131944444445,0.8344618055555556,0.8428819444444444,0.8529513888888889,0.8525173611111111,0.8404513888888889
1405681632,9,0.4873456790123457,0.7356481481481483,0.7832561728395063,0.8148148148148149,0.8345679012345679,0.8429783950617286,0.8476851851851852,0.848996913580247,0.83125
1405681632,10,0.49847222222222226,0.7469444444444444,0.7890972222222222,0.8161111111111111,0.8342361111111113,0.8428472222222223,0.8455555555555555,0.8431249999999999,0.8181944444444444
1405681632,11,0.5107323232323233,0.7544823232323232,0.7957702020202021,0.819760101010101,0.8347853535353534,0.842550505050505,0.8440025252525252,0.8372474747474746,0.8085227272727271
1405681632,12,0.5195023148148148,0.7620370370370372,0.7994791666666666,0.8242476851851852,0.8370949074074073,0.8402777777777778,0.8390625,0.8328703703703704,0.797337962962963
1405681632,13,0.527190170940171,0.7689102564102565,0.8067307692307694,0.8274038461538462,0.8376602564102564,0.8402243589743591,0.8366452991452993,0.8288461538461539,0.7894764957264957
1405681632,14,0.535515873015873,0.7736111111111111,0.8112599206349207,0.8296626984126985,0.8376488095238096,0.838045634920635,0.8314484126984126,0.8207837301587303,0.7821924603174604
1405681632,15,0.5425,0.7779166666666667,0.813425925925926,0.8316666666666668,0.8377314814814816,0.837962962962963,0.8294444444444445,0.8167592592592592,0.7762037037037037
1405681632,16,0.5516927083333333,0.7825520833333334,0.8172309027777778,0.8323784722222223,0.8370225694444444,0.8361979166666667,0.8245225694444445,0.8117621527777777,0.7689670138888889
1405681632,17,0.5564542483660131,0.7855392156862746,0.8179330065359478,0.8330882352941176,0.836233660130719,0.8345588235294119,0.8207107843137256,0.8052696078431372,0.7628676470588235
1405681632,18,0.5623456790123457,0.7875,0.8171682098765432,0.8322530864197532,0.8339891975308643,0.8319830246913581,0.8167052469135803,0.7993055555555556,0.7565586419753085
1405681632,19,0.5678728070175438,0.7886330409356724,0.8171052631578948,0.8297880116959064,0.8301169590643276,0.8282529239766082,0.8114766081871345,0.7935672514619883,0.750109649122807
1405681632,20,0.5722222222222222,0.7887847222222223,0.8173263888888888,0.8280902777777777,0.8273263888888889,0.8272916666666664,0.8079861111111111,0.7882986111111112,0.7443055555555557
1405681632,21,0.5771494708994709,0.7902777777777777,0.8167328042328043,0.825793650793651,0.8233134920634921,0.8243716931216931,0.8044312169312169,0.7832671957671958,0.7375661375661375
1405681632,22,0.5815972222222222,0.7911931818181818,0.8164772727272726,0.8239267676767678,0.820675505050505,0.8209911616161616,0.7999684343434343,0.7775252525252524,0.7313762626262627
1405681632,23,0.5878623188405797,0.7933574879227053,0.8174516908212559,0.8219202898550724,0.8170289855072463,0.818719806763285,0.7956823671497585,0.7730072463768116,0.7262681159420288
1405681632,24,0.5934027777777777,0.7933738425925927,0.8157407407407407,0.8198495370370371,0.8139467592592592,0.815943287037037,0.7930266203703705,0.7694444444444445,0.7225694444444445
1405681632,25,0.59875,0.7933611111111112,0.814138888888889,0.8170000000000001,0.8105833333333332,0.8131111111111112,0.7896666666666666,0.7654722222222223,0.718111111111111
1405681632,26,0.6048611111111111,0.7935897435897435,0.8125801282051283,0.8151442307692308,0.8084935897435898,0.8104700854700855,0.7871527777777778,0.7616185897435898,0.7135416666666666
1405681632,27,0.6120370370370369,0.7950874485596707,0.812962962962963,0.8136574074074074,0.8068158436213991,0.8083847736625513,0.7842335390946502,0.7573816872427983,0.7094393004115227
1405681632,28,0.618998015873016,0.7952876984126984,0.8117559523809524,0.8119791666666667,0.805109126984127,0.8059275793650795,0.7820684523809525,0.7532738095238096,0.7052331349206349
1405681632,29,0.6251676245210729,0.796072796934866,0.8107519157088123,0.8106800766283524,0.8029693486590038,0.8038074712643677,0.7792863984674329,0.7488745210727968,0.701580459770115
1405681632,30,0.6309722222222222,0.7966666666666667,0.8099537037037038,0.8089351851851853,0.8006712962962963,0.8016203703703705,0.7768981481481482,0.7458101851851852,0.6988425925925925
1405681632,31,0.636021505376344,0.7968637992831541,0.8091397849462366,0.8078181003584229,0.7992159498207886,0.7995295698924733,0.7743951612903225,0.7428091397849461,0.6965949820788531
1405681632,32,0.6407552083333333,0.7969401041666667,0.8082248263888889,0.8057725694444444,0.7968532986111111,0.7955946180555555,0.7707465277777777,0.7391493055555556,0.6934244791666667
1405681632,33,0.6476220538720538,0.7985058922558923,0.8078703703703703,0.8049663299663299,0.7954545454545455,0.79375,0.7685185185185184,0.7360058922558923,0.6899200336700336
1405681632,34,0.653451797385621,0.7993055555555556,0.8071691176470589,0.8035334967320261,0.7931372549019607,0.7916258169934641,0.7661764705882352,0.7332924836601308,0.6869281045751634
1405681632,35,0.6589087301587302,0.8000396825396826,0.8065079365079365,0.8019841269841271,0.7917261904761905,0.7894642857142858,0.7650992063492065,0.7309126984126985,0.6848809523809525
1405681632,36,0.6645833333333333,0.8002507716049383,0.8057098765432098,0.8003279320987654,0.7901234567901235,0.7876157407407408,0.7635609567901235,0.7290123456790124,0.6828317901234567
1405681632,37,0.6690690690690692,0.8002064564564566,0.8049737237237237,0.7987424924924925,0.7881006006006005,0.7859797297297297,0.7622560060060061,0.7270645645645645,0.6806118618618618
1405681632,38,0.6736111111111112,0.8,0.804111842105263,0.7966922514619884,0.7852156432748539,0.7835526315789474,0.7598866959064325,0.7250548245614035,0.678563596491228
1405681632,39,0.6788105413105413,0.7999109686609687,0.8027777777777778,0.7950142450142449,0.7825320512820513,0.7816773504273505,0.7577991452991454,0.7225071225071225,0.6768340455840456
1405681632,40,0.6834375,0.7994270833333335,0.8011284722222223,0.7927777777777777,0.7807465277777779,0.7799305555555555,0.7567013888888889,0.7204861111111112,0.6758333333333333
1405681632,41,0.6880420054200542,0.7991192411924117,0.7995088075880759,0.7903285907859078,0.7789634146341462,0.7775745257452574,0.7552676151761517,0.7192073170731708,0.6742886178861789
1405681632,42,0.6918154761904762,0.7989583333333333,0.7987599206349206,0.7885582010582012,0.776306216931217,0.7760747354497355,0.7536541005291005,0.7184358465608467,0.6732638888888889
1405681632,43,0.6958494832041343,0.7985949612403099,0.7982073643410852,0.7870155038759691,0.7740794573643411,0.7742571059431524,0.7519702842377262,0.716860465116279,0.6722545219638243
1405681632,44,0.6998895202020201,0.7991003787878788,0.7971117424242423,0.7853219696969697,0.7720486111111111,0.7725536616161617,0.7508049242424243,0.7161931818181819,0.6715435606060607
1405681632,45,0.7033024691358024,0.7992592592592593,0.7958179012345679,0.7836111111111111,0.7707253086419753,0.7708950617283951,0.7497685185185186,0.7151543209876542,0.6713271604938271
1405681632,46,0.706929347826087,0.7982185990338163,0.7939915458937198,0.781959541062802,0.7694444444444445,0.7695954106280194,0.7487620772946859,0.7146437198067632,0.6709842995169082
1405681632,47,0.7096335697399527,0.7980053191489362,0.7923463356973995,0.7798611111111111,0.7670360520094561,0.7674349881796692,0.7470301418439717,0.7135047281323876,0.6690159574468084
1405681632,48,0.7123263888888889,0.7966001157407406,0.7904369212962962,0.7776041666666667,0.7650028935185185,0.7658709490740742,0.7453993055555556,0.7127748842592594,0.6673466435185186
1405681632,49,0.7155895691609977,0.7968679138321995,0.7897534013605442,0.7765022675736961,0.7636054421768708,0.7646541950113378,0.7450538548752834,0.7124291383219955,0.6660856009070295
1405681632,50,0.7180972222222222,0.7961944444444444,0.788986111111111,0.7749861111111112,0.7620555555555556,0.7631944444444444,0.7439722222222224,0.7117361111111111,0.6655277777777778
1405681632,51,0.7216911764705882,0.7956290849673201,0.7878404139433551,0.7736791938997822,0.7609204793028322,0.7620098039215688,0.7432598039215688,0.7112745098039217,0.6651416122004359
1405681632,52,0.7244257478632479,0.7954460470085469,0.7868055555555555,0.7722889957264957,0.7588007478632478,0.7611111111111111,0.7421474358974358,0.7110176282051283,0.6647836538461539
1405681632,53,0.7278957023060796,0.7942085953878407,0.7855607966457023,0.7707285115303983,0.7573768343815512,0.7593291404612159,0.7407625786163521,0.7101546121593292,0.6634827044025157
1405681632,54,0.7313143004115227,0.7935185185185186,0.7845293209876543,0.7689171810699588,0.755735596707819,0.7572659465020577,0.7393904320987654,0.7090663580246914,0.6627957818930041
1405681632,55,0.7350378787878789,0.7929924242424243,0.7837626262626262,0.7676136363636364,0.7536868686868686,0.7553535353535353,0.7374242424242423,0.7082828282828283,0.6618560606060606
1405681632,56,0.7385044642857144,0.7921130952380953,0.7829861111111112,0.7664186507936508,0.7524429563492063,0.7537574404761904,0.7357514880952382,0.7072668650793651,0.660701884920635
1405681632,57,0.7423732943469785,0.7915813840155945,0.7822733918128655,0.7655823586744639,0.7511695906432749,0.7527899610136453,0.7348440545808966,0.7068957115009746,0.660233918128655
1405681632,58,0.7457974137931035,0.7905890804597702,0.7808788314176245,0.7643199233716476,0.7494731800766284,0.7512811302681993,0.7336326628352491,0.7059506704980844,0.6596743295019157
1405681632,59,0.7492467043314502,0.7910075329566856,0.7804025423728813,0.763653483992467,0.7480814500941619,0.7502824858757062,0.73265065913371,0.7057203389830509,0.6596516007532958
1405681632,60,0.7523032407407407,0.7901273148148148,0.779537037037037,0.7630671296296296,0.7469560185185184,0.7486921296296296,0.7316898148148148,0.7055555555555556,0.6596759259259259
1405681632,61,0.7552140255009109,0.7891393442622952,0.7786999089253187,0.7624316939890711,0.7453210382513662,0.7468920765027324,0.7303392531876138,0.7054530965391621,0.6595742258652095
1405681632,62,0.7576612903225807,0.7885304659498208,0.7781362007168459,0.7617495519713262,0.7441084229390681,0.7458333333333333,0.7295250896057348,0.7052195340501792,0.6597222222222221
1405681632,63,0.760515873015873,0.7880952380952381,0.7777336860670194,0.7607032627865961,0.7430224867724868,0.7445546737213403,0.728317901234568,0.7048170194003528,0.660163139329806
1405681632,64,0.7631401909722222,0.7882052951388889,0.77744140625,0.7603515625,0.7419379340277777,0.7436306423611111,0.7276041666666667,0.7044921875,0.6607096354166667
1405681632,65,0.7657799145299145,0.7880235042735044,0.7766666666666667,0.759508547008547,0.7406089743589744,0.7425320512820514,0.7264850427350428,0.7038247863247864,0.6610576923076923
1405681632,66,0.7683501683501684,0.788047138047138,0.7760627104377105,0.7590593434343434,0.7393097643097643,0.7416035353535354,0.7259785353535353,0.7033670033670033,0.6625210437710437
1405681632,67,0.7711961028192371,0.7877176616915423,0.7759639303482588,0.7583126036484245,0.7383188225538971,0.7410033167495855,0.7255907960199004,0.7028192371475954,0.6636194029850745
1405681632,68,0.7743055555555556,0.7874897875816994,0.7757761437908496,0.7577308006535949,0.7376736111111111,0.7405228758169934,0.7252961601307188,0.7030024509803922,0.6646956699346405
1405681632,69,0.7777475845410626,0.7879327697262479,0.7761171497584541,0.7574979871175522,0.73743961352657,0.7405696457326892,0.7253623188405797,0.7036533816425121,0.6662238325281804
1405681632,70,0.7811706349206348,0.7881051587301587,0.7765873015873015,0.7575892857142859,0.7377678571428571,0.7410714285714287,0.7258630952380953,0.7044742063492063,0.667936507936508
1405681632,71,0.7842625195618153,0.7886150234741783,0.7774256651017213,0.7583920187793427,0.7387030516431925,0.7423317683881064,0.7273278560250391,0.7059663536776212,0.669933489827856
1405681632,72,0.7817226080246913,0.7842110339506173,0.7735243055555555,0.7540027006172838,0.7330246913580246,0.7365740740740739,0.7216628086419752,0.7004918981481482,0.6637249228395062
1405681632,73,0.7795471841704719,0.7795852359208524,0.7693683409436834,0.7491533485540335,0.7278824200913243,0.731031202435312,0.7160768645357687,0.6949866818873668,0.6576579147640792
1405681632,74,0.7764545795795795,0.7749343093093093,0.7648836336336337,0.7443693693693694,0.722334834834835,0.7254316816816817,0.7105105105105106,0.6893018018018019,0.6517830330330331
1405681632,75,0.7740462962962962,0.7706481481481482,0.7607222222222223,0.7394259259259259,0.7169722222222222,0.719824074074074,0.7050185185185185,0.6839814814814815,0.6457037037037037
1405681632,76,0.7716922514619883,0.7658717105263159,0.7565515350877193,0.7348775584795321,0.7118421052631578,0.7146198830409358,0.6998081140350878,0.6786823830409358,0.6401498538011695
1405681632,77,0.7697330447330447,0.7614538239538239,0.7524080086580086,0.7304473304473303,0.7065025252525252,0.709054834054834,0.6948232323232324,0.6734577922077922,0.6343524531024531
1405681632,78,0.7685363247863249,0.7572204415954417,0.7485933048433048,0.7257745726495728,0.7014690170940171,0.7039707977207977,0.6900462962962963,0.6684205840455841,0.6291132478632478
1405681632,79,0.766728199718706,0.7530063291139241,0.7450773558368494,0.7214135021097047,0.6965893108298172,0.699270393811533,0.6853815049226443,0.6634405766526019,0.6237253867791843
1405681632,80,0.7653125,0.7488888888888889,0.7411631944444446,0.7171093749999998,0.6920225694444445,0.6943923611111111,0.6807118055555555,0.6586631944444444,0.6185503472222222
1405681632,81,0.7639146090534978,0.7448388203017833,0.7375771604938272,0.7127743484224967,0.6873113854595336,0.6896090534979424,0.6760373799725652,0.6539437585733883,0.6134687928669411
1405681632,82,0.762940379403794,0.7405657181571816,0.733570460704607,0.7085873983739839,0.682494918699187,0.6849254742547425,0.6716886856368564,0.6493309620596206,0.6086128048780488
1405681632,83,0.7622071619812584,0.7363955823293172,0.7298025435073627,0.7048192771084337,0.6778447121820617,0.6805973895582329,0.6674949799196788,0.644929718875502,0.6039825970548862
1405681632,84,0.761359126984127,0.732051917989418,0.7258349867724868,0.7010085978835979,0.6733300264550264,0.6762731481481481,0.663219246031746,0.6404513888888889,0.5995535714285715
1405681632,85,0.7604003267973857,0.7282271241830066,0.7219689542483659,0.6973611111111111,0.6688888888888889,0.6721160130718954,0.6591176470588235,0.6361192810457516,0.5951062091503269
1405681632,86,0.7588824289405685,0.7240794573643411,0.7182897286821706,0.6934027777777778,0.6646398578811369,0.6678779069767442,0.6550145348837209,0.6316618217054264,0.590625
1405681632,87,0.7575111749680715,0.7204821200510856,0.7148148148148148,0.6896950830140486,0.6606162196679439,0.6636095146871009,0.651109514687101,0.6273866538952746,0.5862468071519795
1405681632,88,0.7560369318181818,0.716769255050505,0.7113715277777778,0.6862531565656566,0.6568970959595959,0.659375,0.6471590909090909,0.6233191287878788,0.582260101010101
1405681632,89,0.7543383270911361,0.7131554307116105,0.7080134207240949,0.6826544943820225,0.6530976903870163,0.6552200374531835,0.6435471285892634,0.619272784019975,0.5783551810237203
1405681632,90,0.7525077160493828,0.7096759259259259,0.7049305555555556,0.679050925925926,0.649483024691358,0.6513966049382717,0.6399768518518518,0.6154243827160494,0.5746219135802468
1405681632,91,0.7504120879120879,0.7061355311355312,0.7018849206349205,0.6752213064713065,0.646001221001221,0.6475503663003662,0.6363324175824177,0.611729242979243,0.5710851648351648
1405681632,92,0.7485205314009662,0.702830615942029,0.6989507850241546,0.6718976449275361,0.6425875603864734,0.6439160628019325,0.6329181763285023,0.6081219806763285,0.5676328502415459
1405681632,93,0.7466845878136201,0.6995967741935485,0.6961096176821984,0.668391577060932,0.6388664874551971,0.6402852449223417,0.6295549581839904,0.6043309438470729,0.5640979689366786
1405681632,94,0.7449394208037826,0.6963652482269503,0.6932771867612293,0.6652630023640662,0.6352910756501182,0.6366504137115838,0.6260416666666667,0.6007535460992908,0.5606309101654846
1405681632,95,0.7432309941520467,0.6934356725146199,0.6904166666666667,0.6624488304093566,0.6322295321637427,0.6330116959064328,0.6228581871345029,0.5971783625730994,0.5572295321637426
1405681632,96,0.7411530671296297,0.6904079861111111,0.6875578703703704,0.659497974537037,0.6291377314814816,0.6293402777777778,0.6197337962962963,0.5939019097222222,0.5539713541666667
1405681632,97,0.7391251431844216,0.6874570446735395,0.6852878006872852,0.6567296678121419,0.6263029782359679,0.6257517182130584,0.6166809851088202,0.5905426689576174,0.5508376288659793
1405681632,98,0.7369968820861676,0.6842616213151927,0.6828373015873016,0.6540178571428572,0.6231150793650795,0.6222080498866214,0.6135983560090703,0.587358276643991,0.5478741496598639
1405681632,99,0.7352413019079687,0.6812850729517397,0.6803731762065096,0.6514520202020202,0.6200196408529741,0.6191498316498316,0.6106271043771043,0.5842101571268238,0.544942480359147
1405681632,100,0.7336666666666667,0.6784791666666666,0.6781805555555555,0.6487916666666667,0.6171527777777778,0.6160833333333333,0.6077638888888889,0.5812361111111112,0.5417777777777778
1405681632,101,0.7318756875687569,0.6757563256325632,0.6758869636963697,0.6463008800880087,0.6140126512651264,0.6127200220022001,0.6047717271727172,0.5781215621562156,0.5388270077007701
1405681632,102,0.7301266339869282,0.6734409041394336,0.6740196078431373,0.6442742374727669,0.6113357843137255,0.6097494553376906,0.6018518518518519,0.5748842592592592,0.5359953703703704
1405681632,103,0.7288362998921252,0.6711974110032362,0.6720738942826322,0.6421251348435814,0.6087108953613808,0.6067152103559871,0.5990021574973031,0.5717098166127292,0.5330838727076591
1405681632,104,0.7275707799145299,0.6688368055555556,0.6701522435897436,0.6401041666666667,0.6061498397435897,0.6039529914529914,0.5961004273504272,0.5688635149572648,0.5304019764957265
1405681632,105,0.7261243386243387,0.6666005291005291,0.668339947089947,0.638015873015873,0.603776455026455,0.6012698412698414,0.593505291005291,0.5660317460317461,0.5278373015873017
1405681632,106,0.725163784067086,0.6645702306079665,0.6666666666666666,0.6357704402515724,0.6013626834381551,0.5985128406708595,0.591011530398323,0.5633123689727464,0.5252751572327045
1405681632,107,0.7243250259605399,0.6626947040498442,0.66519989615784,0.6336578400830736,0.5991173416407061,0.5960539979231568,0.5884215991692627,0.5606373312564901,0.5228063343717549
1405681632,108,0.7230259773662552,0.6606159979423868,0.6637088477366255,0.6318222736625515,0.5971707818930041,0.5936856995884774,0.5859567901234568,0.5580439814814815,0.5203189300411524
1405681632,109,0.7218335881753313,0.6587665647298675,0.6620221712538227,0.6298611111111111,0.5951006625891947,0.5913672273190622,0.5836009174311927,0.5553644240570845,0.5179727319062182
1405681632,110,0.7205681818181817,0.6570138888888889,0.6605113636363636,0.6278914141414141,0.5932133838383838,0.589034090909091,0.5814520202020201,0.5530113636363637,0.5157828282828283
1405681632,111,0.7194819819819821,0.6551551551551551,0.659328078078078,0.6259446946946947,0.5911473973973974,0.5866366366366366,0.5789852352352353,0.5505755755755756,0.5134634634634635
1405681632,112,0.7187375992063493,0.6533606150793652,0.6581907242063492,0.6240823412698412,0.5891741071428572,0.5845858134920634,0.5767671130952381,0.5483010912698412,0.5114893353174603
1405681632,113,0.717766715830875,0.6513765978367748,0.6567293510324484,0.6220685840707965,0.5870821042281219,0.5824791052114061,0.574391592920354,0.5459500983284169,0.50929203539823
1405681632,114,0.7167519493177388,0.6498111598440547,0.6555799220272904,0.6204312865497076,0.5853557504873295,0.5805738304093567,0.5724293372319688,0.5439083820662769,0.5073038499025341
1405681632,115,0.7157910628019325,0.6485084541062802,0.6545471014492754,0.6187681159420291,0.583719806763285,0.5789311594202898,0.5705555555555556,0.5417874396135266,0.5053683574879226
1405681632,116,0.7150562739463602,0.6470067049808429,0.653448275862069,0.6169480363984674,0.581974377394636,0.5771551724137931,0.5686602011494253,0.539768917624521,0.5035680076628353
1405681632,117,0.7138829534662867,0.645548433048433,0.6524750712250712,0.6151828110161444,0.5800332383665716,0.5752552231718897,0.5665954415954415,0.5378264482431149,0.5017568850902184
1405681632,118,0.7127471751412429,0.6439971751412429,0.6513712335216573,0.6136240583804143,0.5781720809792843,0.5734580979284368,0.564677495291902,0.5357815442561205,0.4996939736346516
1405681632,119,0.7112219887955182,0.642530345471522,0.6501108776844071,0.6116363211951447,0.5764939309056956,0.571813725490196,0.5628734827264239,0.5336776377217554,0.4979108309990663
1405681632,120,0.7101620370370371,0.6409780092592593,0.6488831018518518,0.6100347222222222,0.5747743055555555,0.5699710648148149,0.5610532407407407,0.5317534722222222,0.49607060185185187
1405681632,121,0.709142561983471,0.6394283746556474,0.6473886593204775,0.6082242883379246,0.5728191000918273,0.5682851239669422,0.5591253443526172,0.5297692837465564,0.4944674012855831
1405681632,122,0.7080316484517304,0.6379041438979964,0.6461577868852458,0.6066256830601092,0.5710268670309654,0.5664674408014572,0.5571095173041893,0.5279542349726776,0.49273110200364295
1405681632,123,0.7070291327913278,0.6362353206865402,0.6450542005420055,0.6050813008130081,0.5693766937669378,0.5648261065943992,0.555397470641373,0.5265018066847335,0.4909270551038844
1405681632,124,0.7058915770609319,0.6348118279569892,0.6436939964157706,0.6036794354838709,0.567831541218638,0.5631776433691756,0.5537242383512545,0.5249439964157706,0.4894881272401434
1405681632,125,0.7050444444444444,0.6335277777777778,0.6422388888888888,0.6019888888888889,0.5662055555555555,0.5614888888888889,0.5520277777777778,0.5235388888888889,0.4881055555555555
1405681632,126,0.7041335978835979,0.632093253968254,0.6405753968253968,0.6003141534391534,0.5645778218694885,0.5599537037037037,0.5505511463844797,0.5221395502645502,0.4867173721340388
1405681632,127,0.7034503499562554,0.6308070866141732,0.6389381014873141,0.598840769903762,0.563112423447069,0.5584864391951005,0.5490212160979877,0.5208716097987751,0.48537839020122475
1405681632,128,0.7025933159722222,0.6293728298611111,0.6372612847222222,0.5973036024305556,0.5617241753472222,0.5567599826388889,0.5473904079861112,0.5194064670138889,0.4840766059027778
1405681632,129,0.7023309646856158,0.6281061584840654,0.6359119293712318,0.5959463824289405,0.5601636520241171,0.5551679586563307,0.5458871662360034,0.5181793712316968,0.4827896210163652
1405681632,130,0.7019818376068376,0.6268055555555555,0.6345245726495726,0.5945779914529914,0.5588888888888889,0.5534188034188035,0.5443803418803419,0.5170085470085469,0.481607905982906
1405681632,131,0.7012245547073792,0.6257739609838846,0.6333704410517388,0.5931562765055132,0.5574639525021203,0.5517652671755725,0.542923027989822,0.5156965648854962,0.4803594147582697
1405681632,132,0.7007996632996633,0.6246948653198653,0.6323179713804714,0.591903409090909,0.5564078282828283,0.5503577441077441,0.5416140572390573,0.5145570286195287,0.4791719276094276
1405681632,133,0.7002088554720133,0.6235641186299081,0.6311560150375939,0.5906902673350042,0.5551900584795321,0.5487468671679198,0.5401681286549707,0.5133615288220551,0.4781380534670008
1405681632,134,0.6996424129353233,0.6223828772802653,0.6300476782752902,0.5895781509121062,0.5538557213930347,0.5471237562189054,0.5386453150912105,0.5122875207296849,0.4770885157545605
1405681632,135,0.6992644032921811,0.6211779835390947,0.6288374485596708,0.5885236625514404,0.5524897119341564,0.5454218106995885,0.5371759259259259,0.5111728395061729,0.47611111111111115
1405681632,136,0.6991166258169934,0.620108251633987,0.6279054330065359,0.5874489379084967,0.551373570261438,0.54406147875817,0.5358966503267975,0.510171568627451,0.4751736111111111
1405681632,137,0.6981194241686942,0.6190744120032441,0.6268298864557988,0.5864355231143553,0.5501317923763178,0.5423864557988646,0.5345143957826439,0.5091443633414436,0.47400648824006486
1405681632,138,0.6971014492753623,0.6179599436392915,0.6257799919484702,0.58539653784219,0.54891807568438,0.5409520933977455,0.5331320450885668,0.5080615942028986,0.473082729468599
1405681632,139,0.6966526778577138,0.616986410871303,0.6248001598721024,0.5845473621103117,0.5477717825739409,0.5394884092725819,0.5319494404476419,0.5071392885691447,0.4722621902478017
1405681632,140,0.6961061507936508,0.6159474206349207,0.6239484126984127,0.5836607142857143,0.5464980158730159,0.5378125,0.5305208333333333,0.5062996031746032,0.4713988095238095
1405681632,141,0.6961436170212766,0.6149379432624112,0.6232466509062254,0.58274231678487,0.5455870764381402,0.5365149724192277,0.5293833727344366,0.5054225768321513,0.47067080378250586
1405681632,142,0.696239241001565,0.6139133411580594,0.6223591549295774,0.5819053208137716,0.5445275821596244,0.5350694444444445,0.5280076291079812,0.50447965571205,0.46998728482003127
1405681632,143,0.6961149961149962,0.6130584693084693,0.6216734654234655,0.5813082750582751,0.5434780497280498,0.5338092463092464,0.526850233100233,0.5035790598290598,0.46926476301476294
1405681632,144,0.6955680941358025,0.6123408564814815,0.6207658179012346,0.5809413580246914,0.5423996913580247,0.532716049382716,0.5259403935185186,0.5027247299382716,0.46827739197530865
1405681632,145,0.6949329501915709,0.6117959770114942,0.6196216475095786,0.5805172413793104,0.541264367816092,0.5317145593869731,0.5250095785440613,0.5019109195402298,0.467514367816092
1405681632,146,0.694154299847793,0.6112728310502283,0.618488394216134,0.579994292237443,0.5403871765601218,0.5308885083713851,0.5242389649923896,0.5009512937595129,0.46654299847793007
1405681632,147,0.6934051398337112,0.6105725623582766,0.6175642479213908,0.5796296296296296,0.5393235071806501,0.5300122826908542,0.523630007558579,0.5000283446712018,0.4657265684051398
1405681632,148,0.6927411786786787,0.609886448948949,0.6164977477477477,0.5791572822822822,0.5384853603603603,0.5293355855855855,0.5229354354354355,0.4990803303303304,0.464991554054054
1405681632,149,0.6920441834451903,0.609326062639821,0.6154082774049217,0.5787239000745713,0.5376118568232662,0.5283836689038032,0.5222734899328859,0.49809377330350485,0.4639774422073079
1405681632,150,0.6913333333333334,0.6087361111111111,0.6141574074074073,0.5785277777777778,0.5368796296296295,0.5275324074074075,0.5215833333333334,0.4972777777777778,0.46320833333333333
1405681632,151,0.691091795437822,0.6082827446651949,0.6131116629874908,0.5785733995584988,0.5362812729948492,0.5266648270787344,0.5211828550404709,0.49640820456217805,0.46244021339220026
1405681632,152,0.6906843932748538,0.6078125000000001,0.6121345029239765,0.57875091374269,0.5357684576023392,0.5258452119883041,0.5206871345029239,0.4955455043859649,0.46168220029239765
1405681632,153,0.6904638707334786,0.6074301016702978,0.6113108206245461,0.5790078068264342,0.5354257443718228,0.5252269426289035,0.5203068264342774,0.49490286855482934,0.46105210602759616
1405681632,154,0.6900928932178931,0.6073457792207791,0.6105564574314575,0.5790674603174603,0.5353219696969697,0.524702380952381,0.5199134199134199,0.4943632756132756,0.4604392135642136
1405681632,155,0.6896594982078853,0.6071281362007168,0.6096505376344087,0.57915770609319,0.5347804659498208,0.5242428315412186,0.5193637992831541,0.4936514336917562,0.4597401433691756
1405681632,156,0.6893206908831909,0.6069043803418803,0.6088274572649572,0.5794204059829059,0.5345619658119658,0.5237045940170941,0.5189592236467236,0.49307336182336187,0.45900106837606836
1405681632,157,0.6890702406227884,0.606829440905874,0.6078865888181174,0.5795603326256192,0.5341250884642604,0.5230449398443029,0.5185421089879688,0.4923257254069356,0.45842622080679407
1405681632,158,0.6886339662447257,0.60667194092827,0.6070675105485233,0.5800061533052039,0.53395305907173,0.5226309774964838,0.5182885021097047,0.49165787623066104,0.4578278832630098
1405681632,159,0.688382250174703,0.606520789657582,0.6063766596785465,0.5802105171208944,0.5337264150943396,0.5224012928022362,0.5179507337526205,0.49128668763102734,0.4573287910552062
1405681632,160,0.6879383680555556,0.6065407986111111,0.6055555555555555,0.5804210069444444,0.5333984375,0.5220399305555555,0.5175737847222222,0.49081597222222223,0.4567925347222222
1405681632,161,0.6876078329882678,0.6065648723257419,0.6046195652173914,0.5809049344375432,0.5329710144927536,0.5216701173222913,0.5170678053830228,0.4901742581090407,0.4563060731538992
1405681632,162,0.6875,0.60670438957476,0.6038751714677641,0.5814171810699588,0.5326431755829905,0.5215577846364884,0.5166323731138547,0.4897633744855967,0.45596707818930043
1405681632,163,0.6872741990456714,0.606880538513974,0.6031100886162235,0.5816462167689163,0.5324471710974779,0.5213403203817314,0.516125596455351,0.48944700068166325,0.45545330606680295
1405681632,164,0.6869368224932249,0.6071900406504065,0.6023712737127371,0.5818893970189702,0.532177337398374,0.5211466802168022,0.5157689701897019,0.48899898373983747,0.45504319105691055
1405681632,165,0.6867676767676768,0.6074074074074075,0.6016372053872054,0.5822558922558922,0.5320454545454545,0.5209764309764309,0.5154629629629629,0.4886868686868687,0.4546548821548822
1405681632,166,0.686654953145917,0.6077392904953146,0.6011588018741634,0.5824799196787148,0.5319318942436412,0.5208709839357429,0.5152777777777777,0.48824882864792507,0.4541834002677376
1405681632,167,0.6866142714570859,0.607855123087159,0.6006320691949434,0.5827220558882236,0.5319943446440453,0.5208125415834997,0.5151655023286761,0.4879283100465735,0.45393379906852954
1405681632,168,0.6864583333333333,0.6079530423280424,0.5999875992063491,0.5828827711640212,0.5318452380952381,0.5206266534391535,0.5148561507936508,0.48739252645502645,0.4535590277777778
1405681632,169,0.6861809664694279,0.608189513477975,0.5995767587113741,0.5831237672583827,0.5318869165023012,0.5204511834319526,0.514628533859303,0.4871055226824457,0.453180473372781
1405681632,170,0.6860620915032679,0.608468137254902,0.5990277777777777,0.5832352941176471,0.5317075163398692,0.5202736928104575,0.514546568627451,0.4867238562091503,0.4528308823529412
1405681632,171,0.6856197205977909,0.6088653346328785,0.5985908057179987,0.583288661468486,0.5316276803118909,0.5201470110461339,0.5142746913580246,0.48639538661468484,0.45258284600389864
1405681632,172,0.6852874677002584,0.609124677002584,0.5981427648578811,0.5834665697674418,0.53156088501292,0.5200702519379845,0.5141916989664084,0.48622819767441855,0.4523498062015504
1405681632,173,0.6851356775850996,0.6094372190109184,0.5978082851637765,0.5836504495825305,0.531470777135517,0.5200826910725754,0.5140333975594091,0.4860308285163776,0.45213551701991006
1405681632,174,0.6849018199233717,0.6098339719029374,0.5976213282247765,0.5839719029374202,0.5313777139208173,0.5202107279693486,0.5138290229885057,0.4859075670498085,0.45190772669220947
1405681632,175,0.684718253968254,0.6103214285714286,0.5974960317460317,0.5844761904761905,0.5313412698412698,0.5204047619047619,0.5138492063492064,0.4858412698412698,0.45167857142857143
1405681632,176,0.6846551452020202,0.6109493371212121,0.5972380050505051,0.5848011363636364,0.5313644255050505,0.5205610795454545,0.5139480744949495,0.4857125946969697,0.4514441287878788
1405681632,177,0.6845025109855618,0.6114132140615192,0.5969868173258004,0.5850478656622724,0.5314383239171375,0.5206489328311362,0.5140497489014437,0.4857815442561206,0.4513339610797238
1405681632,178,0.6843710986267166,0.6116729088639201,0.5967072409488139,0.5851357677902622,0.5314216604244694,0.5207279962546816,0.5141307740324594,0.48574438202247194,0.45106117353308356
1405681632,179,0.6843808193668528,0.6120266914959652,0.5965937306021105,0.5854981378026071,0.5314478584729981,0.5209264432029795,0.5142535692116698,0.4856921166977033,0.4509582557417753
1405681632,180,0.6844328703703704,0.6124537037037037,0.5966010802469136,0.5858796296296296,0.5314197530864198,0.5210223765432099,0.514363425925926,0.485787037037037,0.450895061728395
1405681632,181,0.6842810006138735,0.6129488950276243,0.5965546347452425,0.5861187845303867,0.531560773480663,0.5211057397176182,0.5145181092694904,0.4857504604051565,0.4508709330877839
1405681632,182,0.6841498778998779,0.6133890415140415,0.5964438339438339,0.5863934676434677,0.5317918192918193,0.5214629120879121,0.5147855616605617,0.4858173076923077,0.4508814102564102
1405681632,183,0.6840884942319369,0.6139685792349727,0.596379781420765,0.5867448391013965,0.5320051608986035,0.5216871584699454,0.5149286581663631,0.48617941712204005,0.45096007893139045
1405681632,184,0.6841862922705314,0.6145342693236715,0.5962484903381642,0.5871188103864734,0.5323143115942028,0.5218221618357488,0.515228713768116,0.4863564311594203,0.4510416666666667
1405681632,185,0.6840653153153152,0.6151501501501502,0.5962687687687688,0.5875563063063064,0.5325037537537537,0.5219894894894895,0.5155705705705705,0.4863551051051052,0.4509421921921922
1405681632,186,0.6838373655913978,0.6155876642771805,0.5960909498207886,0.5879480286738352,0.5326388888888889,0.5222296893667862,0.5158303464755077,0.48651060334528073,0.45101553166069297
1405681632,187,0.6837418300653595,0.6161096256684492,0.595907605466429,0.5882835710041593,0.5327428698752229,0.5224747474747475,0.5159573677956031,0.48676841948900773,0.45112893642305407
1405681632,188,0.6838209219858156,0.6167922576832151,0.5958222517730497,0.5888519503546099,0.5331117021276596,0.522901891252955,0.5163896276595745,0.4869976359338062,0.4513741134751773
1405681632,189,0.6836787184009406,0.6172472075249853,0.5957671957671958,0.5892159024103468,0.5332488242210464,0.523232657260435,0.5167328042328042,0.48708847736625516,0.451385214579659
1405681632,190,0.6835599415204678,0.6176498538011697,0.5957602339181286,0.5897258771929824,0.5336513157894737,0.5235489766081871,0.5169480994152047,0.487328216374269,0.45141447368421056
1405681632,191,0.6836605584642234,0.6181464514252473,0.59576061663758,0.5902341477603258,0.5338896160558464,0.5239783304246656,0.517197498545666,0.48741273996509593,0.4515379581151832
1405681632,192,0.6838433159722223,0.6187102141203703,0.595753761574074,0.5907515914351852,0.5343171296296296,0.5244285300925925,0.5176359953703704,0.4876338252314815,0.4516059027777778
1405681632,193,0.6838406735751295,0.6191817789291882,0.5956282383419689,0.5911377374784111,0.5346394645941278,0.5248092976396086,0.5180735463442717,0.48788500287852626,0.4517451065054693
1405681632,194,0.6839096506300114,0.619669959908362,0.5957080469644903,0.5916774054982817,0.5348976231386025,0.5253865979381444,0.5186390320733104,0.4882230813287514,0.4518506586483391
1405681632,195,0.6839565527065528,0.62,0.5956018518518518,0.5920584045584045,0.5353846153846153,0.5259259259259259,0.5191915954415954,0.4887143874643875,0.4520726495726496
1405681632,196,0.6839710884353741,0.6205392573696145,0.5956136621315192,0.5924071712018141,0.5357603458049887,0.5263534580498868,0.5197137188208616,0.4889987244897959,0.45219671201814055
1405681632,197,0.6838515228426396,0.6206570783981952,0.5954420473773265,0.5927241962774958,0.5360793852227862,0.5267695995487873,0.520107163000564,0.4892061477721376,0.452252538071066
1405681632,198,0.6838138327721661,0.6210893658810325,0.5954194725028058,0.5931572671156005,0.5364653479236813,0.5273358585858586,0.5206264029180695,0.4896394500561167,0.45251473063973074
1405681632,199,0.6836718313791178,0.621531267448353,0.5953796761585706,0.5935022333891681,0.5368299832495812,0.5278999162479062,0.5210810999441653,0.48991834170854276,0.4526277219430485
1405681632,200,0.6834756944444444,0.6220138888888889,0.5953611111111111,0.5939444444444444,0.5371493055555555,0.5285659722222222,0.5216354166666667,0.4902951388888889,0.45272569444444444
942484272,1,0.22777777777777777,0.4215277777777778,0.4979166666666667,0.5875,0.6395833333333333,0.6618055555555555,0.6881944444444444,0.7194444444444444,0.75625
942484272,2,0.33402777777777776,0.5861111111111111,0.6621527777777778,0.7232638888888889,0.7527777777777778,0.7822916666666667,0.8013888888888889,0.8270833333333333,0.85
942484272,3,0.3638888888888889,0.6266203703703703,0.6965277777777777,0.7488425925925927,0.7743055555555556,0.8023148148148149,0.8215277777777777,0.83125,0.8414351851851851
942484272,4,0.3920138888888889,0.6633680555555556,0.7350694444444444,0.7793402777777778,0.8008680555555555,0.8227430555555556,0.8446180555555556,0.8534722222222222,0.8697916666666666
942484272,5,0.41708333333333325,0.6780555555555555,0.7426388888888888,0.7902777777777777,0.8086111111111112,0.8283333333333335,0.8475,0.8549999999999999,0.8647222222222223
942484272,6,0.4376157407407407,0.6965277777777777,0.7579861111111111,0.8024305555555555,0.8214120370370371,0.8385416666666666,0.8516203703703705,0.8569444444444444,0.8611111111111112
942484272,7,0.4583333333333333,0.7072420634920634,0.771626984126984,0.8084325396825397,0.8253968253968254,0.8404761904761904,0.8524801587301586,0.8559523809523809,0.8525793650793652
942484272,8,0.4722222222222222,0.7230902777777778,0.7796006944444445,0.8121527777777777,0.8311631944444444,0.8434027777777777,0.8540798611111111,0.8546875,0.8435763888888889
942484272,9,0.4834876543209876,0.7325617283950617,0.7847993827160495,0.8169753086419752,0.8308641975308643,0.8402777777777779,0.8495370370370371,0.8469135802469137,0.8344135802469137
942484272,10,0.49805555555555553,0.7431944444444445,0.7890277777777778,0.8204166666666667,0.834375,0.8408333333333334,0.8454166666666667,0.8411111111111113,0.8217361111111112
942484272,11,0.5089646464646463,0.7522727272727272,0.7930555555555555,0.8232954545454545,0.8361111111111111,0.8410984848484847,0.8448232323232323,0.836300505050505,0.8113636363636364
942484272,12,0.5174189814814815,0.7600694444444445,0.7990162037037036,0.8282407407407408,0.8384837962962962,0.8406828703703705,0.8405671296296295,0.8292245370370371,0.8021412037037038
942484272,13,0.5265491452991453,0.7667735042735043,0.8037393162393165,0.8318376068376068,0.83974358974359,0.8411858974358974,0.8369658119658122,0.8253205128205129,0.7930021367521367
942484272,14,0.5353670634920635,0.7726190476190476,0.8077380952380954,0.8337301587301587,0.8402777777777778,0.8390873015873017,0.8333333333333334,0.818700396825397,0.7847222222222222
942484272,15,0.5411574074074074,0.7778703703703704,0.8089351851851853,0.8352777777777779,0.839675925925926,0.8394444444444445,0.8314351851851853,0.814675925925926,0.777175925925926
942484272,16,0.5470052083333333,0.781640625,0.8101128472222222,0.8365885416666666,0.838671875,0.8375,0.8265625,0.8093315972222223,0.7712239583333333
942484272,17,0.5510620915032679,0.7837009803921569,0.8128676470588235,0.836233660130719,0.8380718954248365,0.8357843137254902,0.8225490196078431,0.804452614379085,0.7657679738562092
942484272,18,0.5575617283950618,0.785570987654321,0.8121141975308643,0.8358410493827162,0.8365740740740741,0.832908950617284,0.819020061728395,0.7983796296296297,0.7592206790123457
942484272,19,0.5626461988304093,0.7863669590643275,0.8113304093567251,0.8345760233918128,0.8333698830409356,0.8302997076023391,0.8136330409356725,0.7927266081871344,0.7520102339181286
942484272,20,0.5673263888888889,0.786875,0.8119097222222222,0.8328125,0.8317708333333333,0.8288194444444444,0.8095138888888889,0.7879861111111112,0.7452083333333333
942484272,21,0.5722883597883598,0.788260582010582,0.8120370370370371,0.8307539682539682,0.8284722222222223,0.825165343915344,0.8053902116402115,0.7829034391534391,0.7386574074074075
942484272,22,0.5774621212121211,0.7889520202020202,0.8118055555555556,0.8293244949494948,0.8253787878787878,0.8212121212121212,0.8014204545454545,0.7767045454545455,0.7315972222222222
942484272,23,0.5833031400966184,0.7904589371980677,0.8124094202898549,0.8281400966183574,0.8217391304347826,0.8181159420289854,0.7980676328502415,0.7720712560386472,0.726207729468599
942484272,24,0.5888888888888889,0.7917534722222223,0.8116608796296296,0.8256365740740741,0.8187789351851851,0.816087962962963,0.7955439814814815,0.768258101851852,0.7223090277777777
942484272,25,0.5953055555555555,0.7909722222222222,0.8103611111111112,0.8219722222222223,0.8164722222222223,0.8130555555555556,0.7918055555555554,0.7631944444444444,0.7174722222222221
942484272,26,0.6020032051282052,0.7917735042735043,0.8092948717948718,0.8201655982905982,0.8145032051282052,0.8106036324786327,0.7879540598290599,0.7591613247863247,0.7129273504273506
942484272,27,0.6079989711934156,0.79375,0.8089506172839507,0.8189043209876544,0.8119084362139917,0.8085648148148149,0.7854423868312757,0.7553755144032921,0.7092335390946503
942484272,28,0.6126736111111111,0.7942460317460318,0.8076636904761905,0.8163442460317459,0.8101934523809523,0.8054315476190476,0.7827132936507936,0.7517857142857142,0.7057539682539682
942484272,29,0.6181513409961686,0.7943007662835249,0.8072557471264367,0.8141522988505746,0.8082614942528735,0.8029214559386973,0.780411877394636,0.7474377394636016,0.7025143678160919
942484272,30,0.624537037037037,0.7946296296296296,0.8064583333333333,0.8118287037037036,0.8060879629629631,0.8002314814814816,0.7776157407407409,0.7445138888888888,0.7000925925925926
942484272,31,0.6299283154121864,0.79540770609319,0.8052419354838709,0.8104838709677419,0.8048611111111111,0.797603046594982,0.7749551971326165,0.7419578853046596,0.6980510752688173
942484272,32,0.6360460069444445,0.7954427083333333,0.8037326388888889,0.8082899305555555,0.8022135416666667,0.7949652777777778,0.7715494791666667,0.7385850694444445,0.6951822916666667
942484272,33,0.6423821548821549,0.7973274410774411,0.8037037037037038,0.8074494949494949,0.8004840067340068,0.7930976430976432,0.7697180134680135,0.7355008417508416,0.6926346801346802
942484272,34,0.6486111111111111,0.7980800653594772,0.802982026143791,0.8066176470588236,0.7994689542483662,0.7914624183006537,0.7676470588235295,0.7323733660130718,0.6900735294117647
942484272,35,0.6539880952380952,0.7985515873015873,0.8018253968253968,0.8061111111111112,0.7976388888888888,0.7893849206349207,0.7667063492063493,0.7308531746031746,0.6876785714285715
942484272,36,0.6591820987654321,0.7982638888888889,0.8008101851851852,0.8048032407407408,0.796122685185185,0.7882523148148147,0.7652199074074073,0.7288966049382718,0.6857253086419752
942484272,37,0.6638701201201203,0.7981794294294294,0.7998498498498499,0.8035848348348348,0.7938626126126126,0.7861486486486488,0.7636636636636638,0.7267267267267267,0.6840090090090091
942484272,38,0.6685124269005848,0.7982638888888889,0.7986842105263159,0.8019005847953216,0.7920504385964912,0.783954678362573,0.7616593567251461,0.7250548245614035,0.6819444444444445
942484272,39,0.6727207977207977,0.7981659544159546,0.797400284900285,0.7998041310541311,0.7895299145299145,0.7815527065527066,0.759775641025641,0.7231659544159545,0.6798433048433049
942484272,40,0.6771006944444445,0.7972222222222223,0.7959027777777777,0.798767361111111,0.7876736111111111,0.7794791666666667,0.7587499999999999,0.7225347222222221,0.6787673611111111
942484272,41,0.6814871273712737,0.7960873983739837,0.7946985094850949,0.7975101626016261,0.7863821138211381,0.7774051490514905,0.7566734417344173,0.7213753387533876,0.6771341463414634
942484272,42,0.6857473544973545,0.7955853174603176,0.7928240740740742,0.7958829365079366,0.784755291005291,0.7758267195767196,0.7547123015873015,0.7212136243386243,0.676173941798942
942484272,43,0.6893087855297158,0.7954457364341087,0.7921350129198967,0.7946866925064598,0.7829780361757105,0.7743378552971575,0.7537306201550387,0.7203003875968992,0.6754198966408269
942484272,44,0.6937973484848486,0.7959911616161615,0.7917771464646464,0.7936868686868688,0.7822285353535354,0.7725852272727274,0.7523989898989899,0.7198232323232323,0.6747632575757576
942484272,45,0.6978858024691358,0.7959413580246913,0.790216049382716,0.7921759259259259,0.7801543209876544,0.7709104938271606,0.7512345679012346,0.7190432098765434,0.6740123456790124
942484272,46,0.7022041062801933,0.7953804347826087,0.7890549516908212,0.7902626811594203,0.7785326086956522,0.7690519323671499,0.7500150966183574,0.7187801932367149,0.6733544685990338
942484272,47,0.7050384160756501,0.7953605200945627,0.7878989361702128,0.7885638297872339,0.7770685579196217,0.7666962174940898,0.748123522458629,0.7173758865248229,0.6724290780141844
942484272,48,0.7082320601851851,0.794140625,0.7860387731481481,0.7857638888888889,0.7753038194444445,0.7648582175925926,0.7463975694444445,0.7163483796296297,0.6709346064814814
942484272,49,0.7119189342403628,0.7937925170068028,0.7853174603174602,0.7842261904761905,0.7740221088435375,0.7634920634920636,0.7455498866213153,0.7156746031746033,0.6697845804988661
942484272,50,0.7148888888888889,0.7930833333333334,0.7844444444444445,0.7824861111111112,0.7723472222222223,0.7617916666666666,0.7444444444444445,0.7149305555555555,0.6690833333333334
942484272,51,0.7183823529411765,0.7930964052287581,0.7834286492374727,0.7812636165577342,0.7713643790849674,0.7603485838779958,0.7437227668845316,0.7145152505446624,0.6686002178649239
942484272,52,0.7218883547008547,0.7932692307692308,0.7823851495726496,0.7793803418803419,0.7701923076923075,0.7587740384615383,0.7426415598290599,0.7137820512820513,0.6685496794871796
942484272,53,0.7254061844863731,0.792256289308176,0.781354821802935,0.778066037735849,0.7687762054507338,0.7571671907756812,0.7407363731656186,0.7126441299790356,0.6672955974842768
942484272,54,0.7289866255144034,0.7909079218106996,0.7801568930041154,0.7765303497942386,0.7670524691358025,0.7549639917695472,0.739158950617284,0.7112654320987654,0.6661651234567901
942484272,55,0.7326767676767676,0.7909974747474747,0.7790656565656565,0.7752020202020203,0.765820707070707,0.7533333333333333,0.7370328282828283,0.7100126262626263,0.665050505050505
942484272,56,0.7357638888888889,0.7899925595238095,0.7782366071428571,0.7735863095238096,0.764186507936508,0.7517981150793651,0.7354166666666667,0.7085441468253969,0.6637648809523808
942484272,57,0.7392665692007797,0.7891325536062379,0.7776559454191032,0.7726851851851853,0.7631944444444444,0.7508893762183236,0.7341374269005848,0.7076876218323587,0.6639254385964912
942484272,58,0.7426724137931033,0.7880627394636016,0.7764727011494253,0.7714798850574712,0.7621408045977012,0.7492097701149425,0.7327586206896552,0.7065732758620689,0.6636135057471264
942484272,59,0.7465866290018833,0.7873587570621469,0.7753295668549905,0.7704566854990583,0.7612405838041432,0.7478695856873823,0.7316148775894539,0.7056850282485876,0.6636064030131826
942484272,60,0.7497800925925926,0.7864699074074074,0.7743402777777777,0.7690972222222222,0.7605092592592592,0.7466898148148148,0.730625,0.7053356481481481,0.6634374999999999
942484272,61,0.7528119307832422,0.7854280510018216,0.7731785063752278,0.7672700364298726,0.7589025500910745,0.7452755009107468,0.7293032786885245,0.7047017304189436,0.6629212204007285
942484272,62,0.7560483870967742,0.7846102150537635,0.772244623655914,0.7661626344086021,0.7575828853046596,0.7442428315412185,0.7282594086021505,0.7042786738351255,0.663060035842294
942484272,63,0.7591490299823633,0.7841710758377425,0.7712301587301588,0.7652557319223986,0.7569775132275134,0.7437720458553791,0.7267305996472664,0.7040674603174603,0.6631723985890653
942484272,64,0.7618706597222222,0.7840928819444445,0.7704427083333333,0.7646701388888889,0.7564453125,0.7430230034722223,0.7258355034722223,0.7036675347222222,0.6636284722222222
942484272,65,0.7645512820512822,0.78375,0.7698290598290599,0.7634722222222223,0.7555128205128205,0.7419444444444445,0.7247008547008548,0.7033547008547009,0.6639850427350429
942484272,66,0.7666877104377104,0.7831755050505051,0.7693392255892257,0.762584175084175,0.7546822390572389,0.740993265993266,0.7239583333333334,0.703030303030303,0.664699074074074
942484272,67,0.7698901326699835,0.7830431177446103,0.7684390547263681,0.7617330016583749,0.7540837479270315,0.7405058043117745,0.7235696517412934,0.7028192371475954,0.6651741293532338
942484272,68,0.7730902777777777,0.7827920751633987,0.7681372549019607,0.7613868464052288,0.753686683006536,0.7404207516339869,0.7230187908496731,0.7028799019607843,0.6657475490196079
942484272,69,0.7763687600644121,0.7830615942028986,0.7676731078904993,0.7613727858293077,0.7531400966183575,0.7405394524959743,0.7232185990338164,0.7035124798711756,0.6667270531400966
942484272,70,0.7798908730158732,0.7830654761904762,0.7679861111111111,0.7616567460317462,0.7536111111111111,0.7412202380952381,0.723938492063492,0.7045833333333332,0.6682837301587301
942484272,71,0.7830105633802816,0.7835582942097026,0.7682902973395931,0.7626075899843505,0.7546263693270734,0.7425469483568075,0.7252053990610329,0.7063478090766823,0.669845461658842
942484272,72,0.7810956790123457,0.7789544753086419,0.763869598765432,0.758227237654321,0.7491512345679012,0.7371431327160494,0.7197627314814814,0.7007426697530863,0.6638695987654321
942484272,73,0.7782914764079149,0.773896499238965,0.7594939117199391,0.7538432267884322,0.74375,0.7318778538812786,0.7142789193302892,0.6953957382039574,0.6579813546423136
942484272,74,0.7755724474474475,0.7692004504504505,0.7547484984984986,0.7492586336336337,0.7383164414414414,0.7261918168168169,0.7086711711711712,0.689695945945946,0.652195945945946
942484272,75,0.7730277777777779,0.7644814814814815,0.7500462962962963,0.7446111111111111,0.7331481481481481,0.7208425925925925,0.7034444444444444,0.6841111111111111,0.6465092592592592
942484272,76,0.7709064327485379,0.7602339181286552,0.7454038742690058,0.740076754385965,0.7281889619883041,0.7153874269005848,0.6984374999999999,0.6790204678362574,0.6409173976608187
942484272,77,0.7682539682539682,0.7556457431457432,0.7407647907647907,0.7355609668109669,0.7231060606060604,0.7103625541125541,0.6936417748917749,0.6737012987012987,0.6354527417027417
942484272,78,0.7663995726495727,0.7512909544159544,0.7367343304843306,0.7312054843304844,0.7182781339031338,0.7055110398860399,0.6888354700854702,0.6686965811965812,0.6304754273504274
942484272,79,0.7642756680731364,0.7467914908579465,0.7327267932489452,0.7270745428973278,0.713651547116737,0.7007208157524615,0.6843266526019691,0.6637658227848102,0.6253955696202532
942484272,80,0.7630381944444445,0.7423524305555556,0.7286024305555555,0.7231423611111112,0.7091059027777777,0.696015625,0.6798958333333334,0.6590104166666667,0.6203993055555556
942484272,81,0.761548353909465,0.7380744170096021,0.7245713305898491,0.7191700960219478,0.7044753086419753,0.6914351851851852,0.6753772290809328,0.6542181069958848,0.6155264060356653
942484272,82,0.7601710704607046,0.7337313685636857,0.7204861111111112,0.7150067750677508,0.6996612466124661,0.6865853658536586,0.6710958672086721,0.6495934959349593,0.6106622628726287
942484272,83,0.7589524765729585,0.7298109103078982,0.7165578982597054,0.7110358099062918,0.6952894912985275,0.6821703480589022,0.6668172690763051,0.6452978580990629,0.6061412315930388
942484272,84,0.7573743386243387,0.7257357804232805,0.7124917328042327,0.70692791005291,0.6906001984126983,0.677868716931217,0.6628141534391534,0.6410383597883597,0.6017443783068782
942484272,85,0.755686274509804,0.7220343137254902,0.70859477124183,0.7031535947712418,0.6861519607843137,0.6735620915032681,0.6586274509803922,0.6366421568627451,0.5973937908496733
942484272,86,0.7537952196382428,0.7180797803617571,0.7046753875968992,0.6994832041343669,0.681734496124031,0.6690406976744186,0.6547480620155037,0.6323239664082687,0.5929586563307494
942484272,87,0.7522589399744573,0.7143997445721584,0.7008939974457216,0.6962484035759898,0.6774345466155811,0.6647669220945084,0.650838122605364,0.6279932950191571,0.5889048531289911
942484272,88,0.7507339015151515,0.7106376262626262,0.697198547979798,0.6929608585858585,0.6734453914141414,0.6606691919191919,0.6469933712121212,0.6239820075757575,0.5849352904040402
942484272,89,0.7491338951310862,0.7071941323345818,0.693305243445693,0.6894272784019975,0.6694756554307115,0.6564684769038701,0.6431413857677902,0.6199984394506867,0.5810861423220974
942484272,90,0.7471064814814816,0.7039737654320988,0.6896990740740739,0.6859567901234568,0.6655401234567901,0.6524614197530865,0.6394212962962963,0.6161882716049382,0.5771836419753087
942484272,91,0.7449862637362638,0.7006639194139194,0.6862026862026862,0.6824786324786325,0.6615613553113553,0.6486645299145299,0.6356837606837606,0.6124771062271063,0.5734737484737485
942484272,92,0.7435235507246377,0.6975317028985506,0.6829785628019324,0.6789930555555556,0.6579634661835748,0.6449426328502414,0.6322916666666667,0.608899456521739,0.5698520531400967
942484272,93,0.7415023894862606,0.6942428315412187,0.6794354838709679,0.6758064516129032,0.65442054958184,0.6412186379928315,0.6289277180406213,0.6051747311827957,0.5662410394265233
942484272,94,0.739701536643026,0.6910608747044917,0.6760859929078014,0.6725251182033097,0.6506648936170212,0.6376920803782506,0.625672281323877,0.601706560283688,0.5627216312056738
942484272,95,0.7382894736842106,0.687953216374269,0.6732017543859649,0.6695248538011696,0.6472514619883042,0.6342836257309942,0.6224342105263158,0.5983698830409356,0.5593274853801169
942484272,96,0.7365451388888888,0.684910300925926,0.6700086805555555,0.666015625,0.6436487268518518,0.6307002314814815,0.6192491319444444,0.5951316550925926,0.5558087384259258
942484272,97,0.734700744558992,0.681930126002291,0.6670174684994273,0.6628436426116838,0.6404925544100801,0.6274126575028637,0.6161583619702177,0.5916523482245132,0.5526775486827032
942484272,98,0.7324688208616781,0.6789186507936509,0.6639668367346939,0.6598993764172336,0.6372165532879819,0.6242417800453515,0.61312358276644,0.5882653061224491,0.5495393990929706
942484272,99,0.7308361391694725,0.6759118967452301,0.6610058922558922,0.6572039842873175,0.6338804713804713,0.6211069023569024,0.6100098204264871,0.5850589225589226,0.5464225589225589
942484272,100,0.7292986111111112,0.6732013888888889,0.6584236111111111,0.6545902777777777,0.6308124999999999,0.6181875,0.6070763888888889,0.5818611111111112,0.5433402777777777
942484272,101,0.727317106710671,0.670331408140814,0.6557343234323432,0.6518564356435643,0.6277571507150714,0.6149752475247524,0.6039878987898789,0.5786028602860286,0.5402915291529152
942484272,102,0.725667211328976,0.6679193899782134,0.653193082788671,0.6492306644880175,0.6247208605664488,0.6119553376906318,0.6011846405228758,0.5754697712418301,0.5372140522875817
942484272,103,0.7240358683926645,0.6656620819848975,0.6506674757281553,0.6467233009708737,0.6218514023732471,0.6089738403451995,0.5984155879180151,0.5724177454153182,0.5341356526429342
942484272,104,0.7227764423076923,0.6634281517094017,0.6485576923076923,0.6444444444444445,0.6190438034188034,0.6061231303418803,0.5956530448717948,0.5693442841880342,0.5311030982905982
942484272,105,0.7215939153439154,0.6614087301587301,0.6463227513227513,0.6420171957671958,0.6165806878306879,0.6034259259259259,0.5930489417989419,0.5666666666666668,0.528399470899471
942484272,106,0.7205385220125786,0.659375,0.6443068658280923,0.6397274633123691,0.6139412997903564,0.6006289308176102,0.5900943396226416,0.5638692348008386,0.5256289308176101
942484272,107,0.719360072689512,0.6575090861889927,0.6422507788161992,0.6374675493250259,0.6116368120456905,0.5980334890965732,0.5874870197300103,0.5610851505711318,0.5230594496365524
942484272,108,0.7179976851851853,0.6556712962962963,0.6400334362139918,0.6352109053497942,0.6093364197530864,0.5955118312757202,0.5849022633744856,0.5584876543209876,0.5203317901234568
942484272,109,0.7170170744138633,0.6538035168195718,0.6379523445463812,0.6331294597349643,0.6071355759429155,0.5932275739041795,0.5825688073394495,0.5559633027522937,0.5176223241590214
942484272,110,0.7159280303030303,0.6519696969696969,0.6359532828282828,0.6310542929292929,0.6048484848484849,0.5908775252525252,0.5802462121212121,0.5537626262626263,0.5152146464646465
942484272,111,0.7150275275275277,0.6503878878878879,0.6340340340340341,0.6291353853853854,0.6027965465465466,0.5886386386386386,0.5777527527527528,0.5511636636636636,0.5127064564564564
942484272,112,0.7140749007936508,0.6484561011904761,0.6322234623015872,0.6272321428571428,0.6006510416666666,0.5866381448412699,0.5754836309523809,0.548797123015873,0.5102864583333333
942484272,113,0.7132374631268437,0.6463987217305801,0.6303527531956736,0.6251290560471977,0.5982792527040314,0.5846054572271386,0.5730272861356932,0.5464663225172075,0.5079215830875122
942484272,114,0.7124756335282652,0.6445358187134503,0.628807261208577,0.6233308966861599,0.5961379142300195,0.5826754385964912,0.5707602339181286,0.544170321637427,0.5057078460038986
942484272,115,0.7116968599033817,0.6430012077294687,0.6272222222222222,0.6215760869565218,0.5942693236714977,0.5809963768115942,0.5688103864734301,0.5420229468599035,0.5035024154589373
942484272,116,0.7107698754789272,0.641427203065134,0.6256585249042145,0.6198694923371647,0.5922593390804597,0.5794480363984674,0.5668582375478927,0.5397629310344827,0.501484674329502
942484272,117,0.7097459639126307,0.6397020417853752,0.6241690408357075,0.6179249762583096,0.5901887464387464,0.5776887464387463,0.5648504273504273,0.5374050332383665,0.49930555555555556
942484272,118,0.708739406779661,0.6380532015065913,0.6225517890772128,0.6160840395480225,0.5881591337099812,0.5756767890772128,0.5627648305084746,0.5350753295668549,0.49719279661016946
942484272,119,0.7074288048552755,0.6365371148459383,0.6208975256769373,0.6140231092436975,0.5859126984126983,0.5739204014939309,0.5607317927170868,0.5328197945845005,0.4952731092436975
942484272,120,0.7061226851851852,0.6350752314814816,0.6194097222222222,0.6123958333333334,0.5837094907407407,0.5721527777777778,0.5586226851851852,0.5307060185185185,0.49324074074074076
942484272,121,0.7048381542699725,0.6336375114784205,0.6177972910927456,0.6106864095500458,0.5815599173553719,0.5702594123048669,0.5566574839302112,0.5284550045913682,0.4913050964187328
942484272,122,0.7038820582877959,0.6322233606557377,0.6164275956284153,0.6090505464480874,0.5793089708561021,0.5683686247723133,0.5547131147540983,0.5261384335154826,0.4893841074681238
942484272,123,0.7030544263775972,0.6310919150858175,0.6149559620596206,0.6075316169828365,0.5772527100271003,0.5665142276422764,0.552856820234869,0.5241023035230352,0.4875282294489611
942484272,124,0.7018201164874552,0.6297267025089606,0.613608870967742,0.6060371863799283,0.5753304211469534,0.5647569444444445,0.5510472670250895,0.5221550179211469,0.48571908602150543
942484272,125,0.7012833333333333,0.6284277777777777,0.6119388888888888,0.6045277777777777,0.5733277777777777,0.5628833333333333,0.5492722222222222,0.5202277777777777,0.4841
942484272,126,0.7009314373897707,0.6269455467372134,0.6103395061728395,0.603152557319224,0.5713624338624339,0.5610449735449735,0.5474702380952381,0.5183807319223985,0.48263337742504403
942484272,127,0.70042104111986,0.6257874015748032,0.6088637357830271,0.6018208661417324,0.5695702099737533,0.5595144356955379,0.5459809711286089,0.5166502624671916,0.4812828083989501
942484272,128,0.6997287326388889,0.6246473524305556,0.6073621961805555,0.6006401909722222,0.5675944010416667,0.5578884548611112,0.5442545572916667,0.5148274739583333,0.47990993923611114
942484272,129,0.6994293712316968,0.6234765288544358,0.6060239018087856,0.5995208871662361,0.5656276916451335,0.5563791989664082,0.5427433247200689,0.5132052110249785,0.47859603789836347
942484272,130,0.6989850427350427,0.622409188034188,0.6047275641025641,0.5983547008547009,0.5637553418803419,0.5548290598290598,0.5411111111111111,0.5115811965811965,0.47716346153846156
942484272,131,0.6987436386768447,0.6213740458015268,0.6032760814249364,0.5973176420695504,0.5620759117896523,0.5531541560644614,0.539699957591179,0.509870653095844,0.47583757421543676
942484272,132,0.6985321969696969,0.6202861952861953,0.601925505050505,0.5964330808080808,0.5605376683501684,0.5516782407407408,0.5383733164983165,0.508354377104377,0.47475799663299667
942484272,133,0.6983761487050961,0.6191833751044278,0.6006422305764411,0.5953895154553049,0.5588450292397661,0.5500365497076023,0.5368525480367585,0.5067930242272347,0.47354323308270674
942484272,134,0.697875207296849,0.6180192786069653,0.5993625621890547,0.5944548092868988,0.5572709369817578,0.5485126451077943,0.5354736733001658,0.5052964344941957,0.47253834991708127
942484272,135,0.6974485596707819,0.6170061728395062,0.5981430041152264,0.5934465020576132,0.5558384773662551,0.5470524691358025,0.5340226337448559,0.5038631687242798,0.47161008230452683
942484272,136,0.6970996732026143,0.6159926470588235,0.5970128676470587,0.5926062091503269,0.5543607026143791,0.5457771650326797,0.5326797385620915,0.5022773692810458,0.4705575980392156
942484272,137,0.6963300892133009,0.6150040551500405,0.5959195052716951,0.591580494728305,0.5529146390916465,0.5442873073803731,0.5311080697485806,0.5008110300081103,0.46951540957015414
942484272,138,0.6958433977455717,0.613954307568438,0.5946608293075684,0.5906602254428341,0.5514744363929147,0.5428140096618358,0.5295541465378422,0.49927033011272137,0.4686694847020934
942484272,139,0.6955685451638689,0.6131644684252598,0.5935151878497202,0.5898331334932054,0.5501948441247003,0.5415767386091127,0.5283273381294964,0.49794664268585137,0.4677907673860911
942484272,140,0.6954117063492063,0.6122569444444445,0.5922271825396825,0.5889087301587301,0.5485912698412698,0.5401587301587302,0.5269246031746031,0.496359126984127,0.46688988095238093
942484272,141,0.6951241134751773,0.6116184003152089,0.5911298266351458,0.5881599684791173,0.5472862490149725,0.5390563435776202,0.5256156422379826,0.4950797872340426,0.4661150512214342
942484272,142,0.6951731220657277,0.6107834507042255,0.5900528169014085,0.5872994913928012,0.5458675665101721,0.5378227699530517,0.524281103286385,0.49368642410015645,0.46539514866979653
942484272,143,0.6950369075369075,0.6099504662004662,0.5891219891219892,0.5864413364413364,0.5445804195804196,0.5365238927738928,0.523038073038073,0.49233682983682986,0.46467560217560216
942484272,144,0.6942901234567902,0.6094135802469136,0.5882233796296296,0.5852044753086421,0.543798225308642,0.5355613425925926,0.5220582561728395,0.4913869598765432,0.4637442129629629
942484272,145,0.6937547892720306,0.6088984674329502,0.5873706896551724,0.5839367816091955,0.5430124521072797,0.5346599616858237,0.5212164750957855,0.4904885057471265,0.4628256704980842
942484272,146,0.6933599695585997,0.6082619863013699,0.5866390791476408,0.5829623287671233,0.5425323439878235,0.5338042237442922,0.5203767123287671,0.489630898021309,0.4621052130898021
942484272,147,0.6928429705215419,0.607771164021164,0.5860685941043084,0.5820861678004535,0.5418036659108089,0.5331727135298563,0.5195105820105821,0.48874244142101286,0.46143707482993196
942484272,148,0.6923141891891891,0.6073948948948948,0.5853650525525526,0.5811983858858858,0.5412256006006007,0.5326529654654655,0.5188579204204204,0.48803021771771776,0.46065127627627633
942484272,149,0.6917365771812081,0.606939783743475,0.5846662938105891,0.5803598061148397,0.5403942953020134,0.532037658463833,0.5180928411633109,0.4873228933631618,0.45982009694258014
942484272,150,0.6912731481481482,0.6066111111111111,0.5839861111111111,0.5794953703703704,0.5395046296296298,0.531324074074074,0.5173981481481481,0.48659722222222224,0.45915740740740746
942484272,151,0.6910504047093451,0.6063741721854304,0.5834621044885946,0.5787251655629139,0.5385439661515821,0.5307809050772627,0.5167816409124356,0.4860421265636497,0.4584942972774098
942484272,152,0.6906204312865498,0.6062317251461988,0.5829404239766082,0.5780519005847953,0.5378106725146199,0.5301398026315789,0.51640625,0.4854760599415205,0.4578581871345029
942484272,153,0.6904502541757445,0.6061047567175019,0.5823937908496732,0.5776325344952796,0.5371278140885984,0.5298066448801743,0.5160176107480029,0.4851942628903413,0.4572893972403776
942484272,154,0.6901785714285714,0.6061688311688311,0.581867784992785,0.5770878427128427,0.536584595959596,0.5293966450216451,0.5156520562770562,0.48496121933621933,0.4568001443001443
942484272,155,0.6899731182795699,0.6060259856630825,0.5813396057347671,0.5766756272401434,0.5358198924731182,0.5290277777777778,0.5152016129032259,0.48460573476702506,0.45617831541218634
942484272,156,0.689792556980057,0.605849358974359,0.5808716168091168,0.5762330840455842,0.5352163461538462,0.5287482193732193,0.5147970085470085,0.48444177350427353,0.455715811965812
942484272,157,0.6895302547770701,0.6058519108280255,0.5802857395612173,0.5757652158527955,0.5346824133050248,0.5283041401273885,0.5143710191082802,0.48398354564755836,0.4552061217268224
942484272,158,0.6892624824191279,0.6059335443037974,0.5798523206751055,0.5753867791842476,0.5341816104078763,0.528239275668073,0.514170182841069,0.48378604078762305,0.45488748241912796
942484272,159,0.6889675052410901,0.6059136967155835,0.5795248078266947,0.5750349406009783,0.5337657232704403,0.5281839622641509,0.5139107267645003,0.48383560447239693,0.45461215932914045
942484272,160,0.6884982638888889,0.6059244791666667,0.5791927083333334,0.5746267361111111,0.5331293402777777,0.5281336805555555,0.5136154513888889,0.48375868055555554,0.4543142361111111
942484272,161,0.6881987577639751,0.6058661145617668,0.578743961352657,0.5740726363008972,0.5326949620427881,0.5279459972394756,0.5132677708764665,0.4835576259489303,0.4539725672877847
942484272,162,0.6881001371742113,0.6059756515775034,0.5784379286694101,0.5737011316872428,0.5321716392318245,0.5280049725651578,0.5131344307270234,0.483406207133059,0.4537937242798354
942484272,163,0.6879729038854806,0.6060369802317656,0.578063224267212,0.5731850715746422,0.53186775732788,0.5279183708248125,0.5128663940013634,0.4832396046353101,0.45346796182685756
942484272,164,0.687720189701897,0.606203421409214,0.5777947154471544,0.5728235094850948,0.5313939701897019,0.5276719173441735,0.5125592818428184,0.483007283197832,0.45328590785907863
942484272,165,0.6874537037037036,0.606334175084175,0.5775210437710439,0.5725252525252525,0.5310858585858586,0.527706228956229,0.512361111111111,0.4829713804713805,0.45301346801346803
942484272,166,0.687341030789826,0.6065553882195448,0.5773176037483266,0.572209672021419,0.5310073627844712,0.5278781793842036,0.5122197121820616,0.48278112449799193,0.4528614457831325
942484272,167,0.6872297072521624,0.606794743845642,0.5772870924817032,0.5719061876247505,0.530921490352628,0.5280647039254824,0.5121756487025948,0.4825557218895542,0.4527112441783101
942484272,168,0.6872065145502646,0.6068741732804231,0.5771825396825396,0.5716311177248677,0.5306754298941799,0.5280340608465608,0.5118882275132275,0.4822958002645502,0.4525917658730159
942484272,169,0.6871055226824457,0.6072320841551611,0.5773093359631821,0.5712812294543064,0.5305884286653517,0.5282544378698225,0.5118589743589743,0.4821129191321499,0.45251890203813283
942484272,170,0.6869975490196079,0.6074060457516339,0.5772671568627451,0.5709191176470588,0.5303839869281046,0.5284068627450981,0.5119199346405229,0.48214869281045747,0.45253267973856215
942484272,171,0.6868177387914229,0.6077810266406758,0.5771604938271605,0.5705734243014945,0.5301616309291748,0.5286021767381417,0.5119111435997401,0.4820297270955166,0.4525097465886939
942484272,172,0.6865713824289406,0.6080668604651163,0.5771560077519381,0.5703770994832041,0.5300226098191215,0.5286458333333334,0.5120760658914729,0.48200904392764854,0.4526526162790698
942484272,173,0.686640976236352,0.6084176300578035,0.5771274887604367,0.5702713551701991,0.5300417469492613,0.5287933526011561,0.5121587989723827,0.4820126846499679,0.4527175658317277
942484272,174,0.6867736270753512,0.6089160280970625,0.5771232439335888,0.5701867816091954,0.5300047892720307,0.5288593550446998,0.5123204022988506,0.4821719348659004,0.452801724137931
942484272,175,0.6868492063492064,0.6095119047619048,0.5773492063492063,0.5702261904761905,0.530031746031746,0.5290873015873017,0.5126190476190476,0.48246428571428573,0.45292460317460326
942484272,176,0.6867226957070707,0.6100378787878789,0.5776081123737374,0.570340119949495,0.5300149936868687,0.5293797348484848,0.5129616477272727,0.4825323547979798,0.4529592803030303
942484272,177,0.6866564657878217,0.6105657564344006,0.5778052416823604,0.5703389830508474,0.5301318267419962,0.5296060891399874,0.5131669805398619,0.48267027620841185,0.45315050219711234
942484272,178,0.6863022784019975,0.6109706616729089,0.5779962546816481,0.5702403245942572,0.530145911360799,0.529868913857678,0.5134285268414482,0.48279884519350813,0.4531796192259675
942484272,179,0.6861848230912477,0.6113128491620112,0.5782898820608318,0.5701738050900061,0.5302063935443825,0.5303266604593421,0.513725946617008,0.4829958100558659,0.45324720670391067
942484272,180,0.6862770061728395,0.6114699074074074,0.5785918209876543,0.570162037037037,0.530162037037037,0.5304398148148147,0.5139313271604938,0.4831635802469135,0.4533410493827161
942484272,181,0.6861840085942296,0.6117710251688152,0.5789403007980356,0.5701465623081645,0.5301718845917741,0.5307704112952731,0.5141651319828116,0.48327194597912837,0.45343769183548194
942484272,182,0.6863362332112333,0.6120383089133088,0.5791781135531135,0.5703830891330891,0.5302617521367522,0.531146978021978,0.514575702075702,0.4834325396825397,0.453495115995116
942484272,183,0.6864298724954463,0.6123633879781422,0.5794854280510019,0.5705601092896174,0.5303544323011536,0.5316180935033393,0.5149817850637523,0.4836748633879781,0.45365437158469946
942484272,184,0.6865640096618357,0.6126849335748793,0.579778079710145,0.5707804951690821,0.5304083635265701,0.532001056763285,0.5154023248792271,0.4839107789855073,0.45380057367149756
942484272,185,0.6866629129129129,0.6131493993993994,0.5802327327327328,0.5708896396396396,0.5305217717717717,0.5324587087087086,0.5158708708708708,0.4840653153153153,0.45400150150150154
942484272,186,0.686760752688172,0.6135267323775389,0.5806264934289127,0.5711992234169654,0.5305406212664278,0.5327546296296297,0.5162783751493428,0.48429659498207883,0.4541816009557945
942484272,187,0.6868575460487225,0.613784907902555,0.5810234699940583,0.5713383838383839,0.5306075460487225,0.5330399584076054,0.5166629530600119,0.4844474153297682,0.4544489007724302
942484272,188,0.6871010638297873,0.6142915189125295,0.5817449763593381,0.5716681442080378,0.5309138593380615,0.5336768617021276,0.5172244385342789,0.4847702423167849,0.45467272458628843
942484272,189,0.6872244268077601,0.614535567313345,0.5822604350382128,0.5718290711346268,0.5310773074661963,0.5339322457378013,0.5175338036449147,0.4848875661375661,0.45482436801881254
942484272,190,0.6874817251461988,0.6149926900584796,0.582733918128655,0.5721966374269005,0.5312573099415205,0.5344736842105263,0.5179093567251462,0.4849780701754386,0.45500365497076023
942484272,191,0.6876599767306574,0.6154741128563118,0.5833951425247237,0.5724949098312972,0.5315154159394998,0.5349912739965096,0.5184518615474112,0.485205788248982,0.4553374054682955
942484272,192,0.687796585648148,0.6158998842592592,0.5838939525462963,0.5729347511574074,0.5318395543981481,0.5354673032407408,0.5189814814814814,0.48557942708333335,0.45559534143518526
942484272,193,0.6878130397236615,0.6162097006332757,0.5842652561888313,0.5733556419113414,0.5320703799654577,0.5358232584916522,0.5195200057570524,0.48589162348877374,0.45600172711571674
942484272,194,0.687825744558992,0.6166917239404353,0.5848654066437571,0.5740048682703323,0.5322880870561283,0.536368843069874,0.5200780355097365,0.48637600229095074,0.45638960481099655
942484272,195,0.6878952991452992,0.6171937321937323,0.5853703703703704,0.5744622507122507,0.5327350427350428,0.5368696581196581,0.5206445868945869,0.4868269230769231,0.4567200854700855
942484272,196,0.6879818594104308,0.617672902494331,0.5858489229024944,0.5749574829931973,0.533000283446712,0.5374326814058956,0.5213151927437643,0.48720946712018137,0.4571322278911565
942484272,197,0.6879758883248731,0.6179885786802031,0.5861322617033277,0.5754159616469261,0.533336858432036,0.5378525098702763,0.5217110829103215,0.4875141003948111,0.45733925549915394
942484272,198,0.6882645903479238,0.6184168069584737,0.5866196689113357,0.5758943602693603,0.5337892817059484,0.5384364478114478,0.5223870650953983,0.4879875140291807,0.45771254208754203
942484272,199,0.6883026242322724,0.6187081239530987,0.5870079564489112,0.5764028475711893,0.5341499162479063,0.5390529034059185,0.5229480737018425,0.4883724176437744,0.4580995254048018
942484272,200,0.6885694444444445,0.6191979166666667,0.5874131944444444,0.5768993055555557,0.5345000000000001,0.5396319444444444,0.5235486111111111,0.48897222222222214,0.4582916666666667
929893138,1,0.23402777777777778,0.3972222222222222,0.5027777777777778,0.5694444444444444,0.6451388888888889,0.6590277777777778,0.6854166666666667,0.7118055555555556,0.7604166666666666
929893138,2,0.33958333333333335,0.5777777777777777,0.6684027777777778,0.7173611111111111,0.7496527777777777,0.7788194444444444,0.8006944444444445,0.8222222222222222,0.8517361111111111
929893138,3,0.3657407407407407,0.6143518518518518,0.6981481481481482,0.741435185185185,0.7706018518518517,0.7981481481481483,0.8182870370370371,0.8303240740740742,0.8432870370370371
929893138,4,0.3927083333333333,0.6574652777777777,0.7355902777777777,0.7756944444444445,0.7975694444444444,0.8211805555555556,0.8456597222222222,0.8578125,0.8675347222222223
929893138,5,0.41902777777777783,0.676111111111111,0.7456944444444444,0.7881944444444444,0.8083333333333333,0.8277777777777777,0.8487499999999999,0.8580555555555555,0.8641666666666667
929893138,6,0.44143518518518526,0.6950231481481481,0.7599537037037036,0.8037037037037037,0.821412037037037,0.8375,0.8525462962962962,0.858912037037037,0.8600694444444444
929893138,7,0.4576388888888889,0.7100198412698411,0.7706349206349207,0.8109126984126984,0.8264880952380952,0.8405753968253967,0.8509920634920636,0.8569444444444444,0.8528769841269841
929893138,8,0.47100694444444446,0.7266493055555555,0.7803819444444444,0.8154513888888889,0.8322048611111111,0.8420138888888888,0.8532986111111112,0.8552083333333333,0.8442708333333333
929893138,9,0.4844907407407407,0.7387345679012346,0.7860339506172841,0.8170524691358025,0.8340277777777778,0.8395061728395062,0.847993827160494,0.8486111111111111,0.8332561728395064
929893138,10,0.4996527777777778,0.7484027777777779,0.7882638888888889,0.8177777777777778,0.8349305555555557,0.8385416666666666,0.8449305555555556,0.8418750000000002,0.8215277777777777
929893138,11,0.5114267676767676,0.7557449494949495,0.7948232323232323,0.8214015151515152,0.8359848484848483,0.8390782828282828,0.8434974747474746,0.8362373737373736,0.8108585858585857
929893138,12,0.5183449074074075,0.7633101851851851,0.8016782407407407,0.8263310185185184,0.8386574074074074,0.8398726851851852,0.838425925925926,0.8318287037037037,0.8006944444444445
929893138,13,0.5240918803418804,0.7689636752136753,0.8077991452991452,0.8300747863247864,0.839369658119658,0.8392094017094018,0.8343482905982906,0.8269230769230771,0.7933226495726496
929893138,14,0.5320436507936508,0.7751984126984126,0.8117063492063492,0.8318948412698414,0.8395337301587302,0.8375992063492065,0.8289186507936509,0.8206349206349207,0.7859126984126985
929893138,15,0.5393518518518519,0.7782870370370369,0.8147222222222225,0.8331018518518519,0.8402777777777778,0.8377314814814816,0.8274537037037036,0.8161111111111111,0.7779629629629631
929893138,16,0.5447482638888889,0.7841145833333333,0.8175347222222222,0.8342447916666667,0.8404079861111111,0.8358940972222222,0.8224826388888888,0.8109809027777778,0.7708767361111111
929893138,17,0.5503267973856208,0.786968954248366,0.8180555555555555,0.8355800653594772,0.8389297385620916,0.8341503267973857,0.8188725490196079,0.8059232026143791,0.7653186274509803
929893138,18,0.5564043209876542,0.7871141975308641,0.8185185185185188,0.8356867283950618,0.8377700617283951,0.8316358024691358,0.8149305555555556,0.8003086419753086,0.7585262345679012
929893138,19,0.562719298245614,0.7864400584795321,0.8176535087719299,0.8326754385964912,0.8350877192982455,0.8286549707602338,0.8091008771929825,0.7938230994152046,0.7514619883040935
929893138,20,0.5680555555555555,0.7877430555555555,0.8186458333333333,0.8299652777777778,0.8333680555555555,0.8261458333333334,0.8056249999999999,0.7889930555555557,0.7441666666666666
929893138,21,0.5748346560846561,0.7894179894179894,0.8192129629629629,0.8273478835978836,0.8309193121693123,0.8226190476190476,0.80135582010582,0.7833333333333333,0.7374338624338624
929893138,22,0.5809974747474747,0.7904040404040404,0.8187184343434344,0.8245580808080809,0.8290404040404041,0.8196022727272727,0.7970328282828285,0.7776199494949495,0.7306502525252524
929893138,23,0.5877415458937197,0.7922101449275362,0.8176932367149757,0.823943236714976,0.8257548309178743,0.8168478260869566,0.793719806763285,0.7728260869565217,0.7247886473429952
929893138,24,0.5921296296296297,0.792505787037037,0.8168981481481481,0.8225694444444445,0.8233506944444444,0.8155381944444444,0.7911458333333333,0.7692997685185184,0.7214120370370369
929893138,25,0.5975555555555555,0.7931388888888888,0.8153055555555555,0.8197777777777778,0.8199166666666665,0.8128055555555556,0.7883055555555556,0.7646388888888889,0.7163611111111111
929893138,26,0.6040064102564102,0.7936698717948718,0.8146367521367521,0.818616452991453,0.8177350427350427,0.8100427350427352,0.7852564102564102,0.7609241452991453,0.7114583333333333
929893138,27,0.609619341563786,0.7941872427983538,0.813503086419753,0.8183641975308641,0.8151234567901235,0.8077674897119341,0.7818158436213991,0.7566100823045268,0.7074845679012346
929893138,28,0.6139632936507937,0.7940476190476191,0.8126984126984127,0.8174851190476191,0.8130456349206349,0.8053075396825398,0.7792410714285715,0.7527529761904762,0.7041666666666667
929893138,29,0.6188697318007663,0.7940373563218391,0.8126676245210727,0.8170019157088122,0.8110392720306513,0.8030651340996169,0.7772270114942529,0.7484913793103448,0.7009818007662835
929893138,30,0.6237962962962963,0.7937268518518519,0.8112962962962964,0.8150462962962963,0.808888888888889,0.800601851851852,0.7741666666666667,0.745462962962963,0.6979861111111111
929893138,31,0.6293906810035842,0.7948252688172043,0.810663082437276,0.8147849462365593,0.8071012544802869,0.7985663082437277,0.7719086021505378,0.7422043010752688,0.6956317204301076
929893138,32,0.6348958333333333,0.7947699652777778,0.8096354166666667,0.8129123263888889,0.8040147569444445,0.7948784722222222,0.7689887152777778,0.7384331597222222,0.6923611111111111
929893138,33,0.640909090909091,0.7951809764309765,0.8093644781144781,0.811847643097643,0.8028198653198653,0.7928451178451177,0.7669402356902357,0.7353324915824917,0.6895622895622896
929893138,34,0.6476511437908496,0.795547385620915,0.8081903594771244,0.811029411764706,0.8009395424836601,0.7910130718954249,0.7647058823529412,0.7323120915032679,0.6870098039215686
929893138,35,0.6535119047619047,0.7960119047619049,0.807420634920635,0.8094444444444444,0.7996825396825396,0.7892460317460319,0.7635515873015873,0.7303769841269842,0.6849404761904762
929893138,36,0.6584876543209877,0.7960841049382716,0.8066358024691359,0.8075424382716049,0.7982060185185186,0.7884645061728395,0.7616898148148148,0.7282600308641974,0.6823688271604939
929893138,37,0.6636824324324325,0.7961148648648648,0.805123873873874,0.8061749249249249,0.7961336336336337,0.7864677177177177,0.7597034534534534,0.7268393393393394,0.6801801801801802
929893138,38,0.668859649122807,0.7961805555555556,0.803654970760234,0.8031980994152046,0.7939327485380118,0.7848684210526317,0.7578947368421052,0.7247989766081873,0.678344298245614
929893138,39,0.6733974358974358,0.7956730769230771,0.8022792022792022,0.8022792022792022,0.791684472934473,0.7823896011396011,0.7557336182336183,0.7220441595441596,0.6771723646723647
929893138,40,0.6778472222222223,0.79515625,0.8015277777777776,0.8001736111111111,0.7896006944444444,0.7807465277777779,0.7551041666666666,0.7205034722222223,0.6758159722222222
929893138,41,0.6823678861788618,0.7946646341463415,0.8004234417344173,0.7985941734417344,0.7879403794037939,0.7785738482384824,0.7534552845528455,0.718970189701897,0.6739837398373983
929893138,42,0.6875992063492062,0.794130291005291,0.7994543650793651,0.7969246031746032,0.7862433862433862,0.776984126984127,0.7516699735449736,0.71807208994709,0.67296626984127
929893138,43,0.6921350129198967,0.7934270025839792,0.7985788113695089,0.7947997416020671,0.7847545219638243,0.7749354005167959,0.7507267441860465,0.716844315245478,0.6723675710594315
929893138,44,0.6966066919191919,0.7935921717171717,0.7977588383838383,0.7930082070707071,0.7833806818181818,0.7736742424242423,0.7495107323232323,0.7158459595959598,0.6717171717171717
929893138,45,0.7013734567901235,0.7932253086419754,0.7962499999999999,0.790787037037037,0.7820524691358025,0.7722067901234568,0.7483487654320988,0.7150462962962962,0.6717129629629629
929893138,46,0.7059329710144927,0.7926026570048309,0.7947161835748792,0.7886926328502415,0.7807518115942029,0.7710899758454106,0.7466032608695653,0.714387077294686,0.6709993961352658
929893138,47,0.7088947990543735,0.7919473995271867,0.793218085106383,0.7865543735224586,0.7783096926713947,0.7689273049645391,0.7448433806146573,0.7128102836879432,0.6694887706855792
929893138,48,0.7114004629629629,0.7904658564814814,0.7913773148148149,0.7843026620370371,0.7765190972222222,0.7676070601851852,0.743214699074074,0.7115596064814814,0.6682146990740742
929893138,49,0.7142431972789116,0.7904478458049886,0.790376984126984,0.7830924036281178,0.7749716553287982,0.7662556689342404,0.742531179138322,0.7113945578231292,0.6676870748299321
929893138,50,0.7168055555555555,0.7898055555555555,0.789125,0.7817222222222223,0.7733055555555555,0.7648333333333335,0.7418194444444445,0.7102083333333333,0.6672083333333333
929893138,51,0.7203295206971677,0.789229302832244,0.7879357298474946,0.7797657952069718,0.7718137254901961,0.7637118736383443,0.741435185185185,0.7096541394335513,0.6668981481481482
929893138,52,0.724065170940171,0.7891292735042735,0.7863247863247862,0.7781249999999998,0.7703525641025641,0.7620860042735043,0.7402911324786327,0.709107905982906,0.6672275641025641
929893138,53,0.7277908805031446,0.7887578616352202,0.7847877358490567,0.776585429769392,0.768867924528302,0.7602201257861634,0.7385613207547171,0.7072982180293501,0.6664963312368973
929893138,54,0.7314043209876543,0.7882587448559671,0.7833976337448559,0.774729938271605,0.766872427983539,0.7580632716049384,0.7368441358024691,0.7060185185185185,0.665650720164609
929893138,55,0.7347727272727272,0.7874116161616163,0.7827272727272726,0.7736111111111111,0.7652146464646465,0.7561111111111111,0.7351767676767675,0.7051515151515151,0.6648863636363636
929893138,56,0.7376240079365081,0.7865947420634921,0.7813120039682538,0.7726438492063492,0.7639260912698413,0.7546502976190476,0.7335193452380953,0.7040302579365079,0.6641865079365079
929893138,57,0.7412158869395711,0.7857456140350877,0.7806895711500974,0.772380604288499,0.7629995126705653,0.7537646198830408,0.7329678362573099,0.7035453216374269,0.6638767056530215
929893138,58,0.7446719348659003,0.7845306513409961,0.7796216475095785,0.7715996168582375,0.7616499042145595,0.7522629310344827,0.7320043103448275,0.7022389846743294,0.6636853448275861
929893138,59,0.7481638418079096,0.7838512241054615,0.7792137476459511,0.7710216572504708,0.7608874764595104,0.751412429378531,0.731132297551789,0.7017419962335217,0.663912429378531
929893138,60,0.7516782407407406,0.782974537037037,0.7785069444444445,0.7702893518518519,0.7600925925925925,0.7500231481481481,0.7297800925925925,0.7010995370370371,0.6640509259259259
929893138,61,0.7547928051001822,0.7819558287795993,0.7772768670309653,0.7690232240437158,0.7586976320582879,0.7485314207650273,0.7285291438979963,0.7007172131147541,0.6638433515482697
929893138,62,0.7579413082437275,0.7815972222222223,0.7770833333333333,0.768570788530466,0.7578405017921147,0.747323028673835,0.7275425627240144,0.7003360215053763,0.6641129032258064
929893138,63,0.7607914462081128,0.7812279541446208,0.776410934744268,0.7677248677248678,0.75706569664903,0.7461199294532628,0.7266975308641974,0.7002314814814814,0.6644510582010582
929893138,64,0.7634331597222223,0.7808051215277778,0.7756293402777777,0.7672743055555555,0.7564344618055555,0.7453993055555556,0.72578125,0.6998806423611111,0.6653103298611112
929893138,65,0.7655769230769232,0.7804594017094019,0.7746260683760684,0.7664636752136753,0.7553739316239317,0.7443803418803419,0.7243803418803417,0.6996260683760683,0.6657692307692309
929893138,66,0.7669718013468014,0.7801452020202021,0.7740109427609427,0.7660037878787879,0.7541877104377104,0.743097643097643,0.7239688552188552,0.6990109427609427,0.6662878787878788
929893138,67,0.7695273631840797,0.7796849087893865,0.7734660033167496,0.7650704809286898,0.7533374792703152,0.7424854892205638,0.7232379767827529,0.6986629353233831,0.666967247097844
929893138,68,0.7725285947712419,0.7794934640522875,0.7730085784313726,0.7642361111111111,0.7528901143790848,0.7419015522875816,0.7229983660130718,0.698968545751634,0.6675040849673203
929893138,69,0.7756944444444445,0.7800322061191628,0.7730575684380033,0.7637781803542674,0.7524657809983896,0.7416566022544283,0.7235205314009662,0.6996276167471821,0.6684178743961354
929893138,70,0.7789384920634921,0.7800396825396825,0.7734821428571428,0.7642559523809525,0.7527380952380952,0.7417956349206349,0.7243849206349208,0.700843253968254,0.6699107142857142
929893138,71,0.7824139280125195,0.780790297339593,0.7742664319248826,0.7650821596244132,0.7537069640062599,0.7427621283255086,0.7253618935837245,0.7022887323943662,0.6715375586854461
929893138,72,0.7804398148148146,0.7766300154320988,0.7700906635802468,0.7604938271604939,0.7480324074074075,0.737721836419753,0.7200038580246915,0.6969425154320988,0.665528549382716
929893138,73,0.7775589802130898,0.7718607305936072,0.7656963470319634,0.7557553272450532,0.7424752663622527,0.7327815829528158,0.7148687214611872,0.6915620243531203,0.6593702435312024
929893138,74,0.7751595345345345,0.7673892642642643,0.7609421921921922,0.7509102852852853,0.7370213963963964,0.7275056306306308,0.7094876126126126,0.6859515765765766,0.653322072072072
929893138,75,0.7727685185185187,0.7631203703703704,0.7568611111111112,0.7459814814814815,0.7318796296296297,0.7224074074074074,0.7041388888888889,0.6804629629629629,0.647462962962963
929893138,76,0.7709886695906433,0.7587902046783626,0.7523483187134502,0.7415935672514621,0.7266995614035087,0.7171418128654972,0.6988486842105264,0.67515533625731,0.6415661549707603
929893138,77,0.768524531024531,0.7545003607503608,0.747826479076479,0.7368867243867243,0.7216179653679654,0.7118145743145742,0.693560606060606,0.6698142135642136,0.6358134920634921
929893138,78,0.7665153133903134,0.7505341880341881,0.7435274216524217,0.7324608262108263,0.716622150997151,0.7069266381766381,0.6883190883190883,0.6648593304843305,0.630448717948718
929893138,79,0.7650931786216597,0.7466068917018285,0.7396097046413501,0.7281733473980309,0.7118846694796062,0.7018459915611814,0.683271800281294,0.6603023909985936,0.6250791139240507
929893138,80,0.7633940972222222,0.7427864583333335,0.7359288194444444,0.7237413194444444,0.7074305555555556,0.6970746527777778,0.6783420138888889,0.6555815972222223,0.6202430555555555
929893138,81,0.7620970507544582,0.7388374485596709,0.7318244170096022,0.719212962962963,0.7026406035665296,0.692258230452675,0.6733539094650206,0.6508744855967079,0.6151834705075446
929893138,82,0.7606792005420053,0.7346544715447155,0.7275575880758808,0.7150067750677506,0.6978827913279133,0.6873729674796748,0.6686144986449865,0.6461636178861789,0.610374322493225
929893138,83,0.7591951137884873,0.7309236947791163,0.7235441767068272,0.7109103078982596,0.6935240963855421,0.6830404953145918,0.6640729585006693,0.6418340026773762,0.6058149263721553
929893138,84,0.7575810185185184,0.7272734788359789,0.7193865740740739,0.7069196428571428,0.6889963624338624,0.678761574074074,0.6597966269841269,0.6372685185185184,0.6013310185185184
929893138,85,0.7567238562091504,0.723562091503268,0.7156290849673203,0.7028676470588237,0.6848039215686275,0.6745996732026144,0.6555800653594771,0.6331209150326796,0.5970261437908497
929893138,86,0.7548853359173128,0.7198401162790697,0.7116036821705427,0.6989583333333333,0.680612080103359,0.6702600129198967,0.6510901162790698,0.6285691214470284,0.5924257105943153
929893138,87,0.7533045977011495,0.7165389527458493,0.7075750319284803,0.6950271392081737,0.6765485312899107,0.6662356321839081,0.6469987228607919,0.6241459131545339,0.5880587484035761
929893138,88,0.7515861742424244,0.7133522727272725,0.7037878787878787,0.6916193181818181,0.6726167929292929,0.6621606691919192,0.6429845328282828,0.6200520833333333,0.5839488636363636
929893138,89,0.7500936329588015,0.7098782771535581,0.7000078027465667,0.6879213483146068,0.6688202247191012,0.658231897627965,0.6392166042446942,0.6161516853932584,0.5799469413233458
929893138,90,0.7481712962962964,0.7064891975308641,0.6963811728395062,0.6842746913580245,0.6651311728395063,0.6543749999999999,0.6353935185185186,0.612037037037037,0.5760262345679013
929893138,91,0.7462835775335777,0.7033806471306471,0.6928724053724054,0.6806547619047619,0.6613553113553113,0.650740231990232,0.6317612942612942,0.6081654456654456,0.5721688034188034
929893138,92,0.745108695652174,0.7003245772946859,0.6893115942028986,0.6770304951690821,0.6579710144927536,0.6473580917874396,0.6283137077294686,0.6044610507246376,0.5686896135265701
929893138,93,0.7433393070489845,0.6973267622461171,0.6859617682198328,0.6735887096774195,0.6544429510155317,0.6437126642771804,0.6247759856630825,0.6006197729988053,0.5648745519713262
929893138,94,0.7418070330969267,0.6944444444444444,0.6826906028368794,0.6701315011820331,0.6507535460992907,0.6402112884160757,0.6214169621749409,0.5971040189125295,0.561399231678487
929893138,95,0.7401535087719299,0.6919956140350878,0.6794663742690058,0.6670175438596491,0.6475146198830409,0.6368859649122807,0.617982456140351,0.5936111111111111,0.5578143274853801
929893138,96,0.7381944444444445,0.6889684606481481,0.6762442129629629,0.6636501736111111,0.6441840277777777,0.6335575810185186,0.6146773726851851,0.590183738425926,0.554369212962963
929893138,97,0.7363258877434135,0.6861540664375715,0.6731242840778923,0.6604453035509736,0.6408863115693012,0.6302691867124857,0.6117196449026345,0.5870632875143184,0.5511741122565865
929893138,98,0.7340986394557822,0.683453798185941,0.6702097505668935,0.6574617346938776,0.637733843537415,0.6270479024943311,0.6084892290249434,0.5840277777777778,0.5478174603174604
929893138,99,0.7318813131313132,0.681060606060606,0.6673611111111111,0.6544612794612793,0.6346450617283951,0.6238496071829405,0.605436307519641,0.5808712121212122,0.5446338383838384
929893138,100,0.7303125,0.678625,0.6646597222222221,0.6519930555555555,0.6319583333333333,0.6210069444444445,0.6024930555555555,0.5778333333333333,0.5415416666666666
929893138,101,0.7285134763476346,0.6762513751375137,0.6618261826182618,0.6489617711771176,0.6292766776677666,0.6178974147414741,0.5994499449944993,0.5745255775577557,0.5383663366336633
929893138,102,0.7271037581699347,0.6742306644880174,0.6591639433551199,0.6467592592592593,0.6269539760348584,0.6149782135076254,0.5966230936819172,0.5714392701525055,0.5351647603485838
929893138,103,0.7254584681769147,0.6720873786407767,0.6566814994606257,0.6439590075512406,0.6247168284789644,0.6122775080906149,0.5937769687162892,0.5686286407766991,0.5320590614886732
929893138,104,0.7243790064102564,0.6698651175213676,0.6542267628205128,0.6413127670940171,0.6222823183760683,0.6095552884615384,0.5910523504273504,0.565758547008547,0.5289797008547009
929893138,105,0.7231481481481482,0.667989417989418,0.6521230158730159,0.6387433862433863,0.6201521164021164,0.6070039682539683,0.5885383597883599,0.5631084656084656,0.526276455026455
929893138,106,0.7222287735849057,0.6662015199161426,0.6499017295597485,0.636615566037736,0.6178721174004193,0.6045466457023061,0.5859211215932915,0.5602856394129979,0.5234866352201257
929893138,107,0.7209566458982347,0.6644210799584631,0.6478582554517134,0.634592419522326,0.6159657320872274,0.602329958463136,0.5832294911734164,0.5576843198338525,0.5208463136033229
929893138,108,0.7194894547325102,0.6626028806584363,0.6456918724279835,0.6325745884773663,0.6142425411522634,0.5999356995884774,0.5807998971193417,0.5552597736625515,0.5183191872427984
929893138,109,0.7184951580020387,0.660869011213048,0.6436671763506625,0.6303644240570846,0.612506371049949,0.5976681957186544,0.5782428644240571,0.5527841488277269,0.5158129459734964
929893138,110,0.7173674242424243,0.6591035353535353,0.6415088383838383,0.6282512626262626,0.6108964646464646,0.595574494949495,0.5759785353535354,0.5504734848484849,0.5135227272727273
929893138,111,0.7162725225225226,0.6574324324324324,0.6396834334334334,0.6263263263263263,0.6091403903903904,0.5933308308308308,0.5735422922922924,0.548267017017017,0.5111549049049049
929893138,112,0.7153149801587303,0.6556299603174603,0.6380208333333334,0.6244357638888889,0.6073412698412698,0.591344246031746,0.5713851686507936,0.5460565476190475,0.5088479662698412
929893138,113,0.7141715830875124,0.6538901179941004,0.6360619469026548,0.6224803343166175,0.6055862831858407,0.5892207472959685,0.5692047689282203,0.5436946902654867,0.5065449852507375
929893138,114,0.7132675438596492,0.6521564327485381,0.6342592592592592,0.6204617446393763,0.6039047270955166,0.587213693957115,0.567208820662768,0.5416240253411306,0.5044225146198831
929893138,115,0.712481884057971,0.6507185990338165,0.6326086956521739,0.6185507246376812,0.602457729468599,0.5854770531400967,0.5651811594202899,0.5396256038647343,0.5021316425120773
929893138,116,0.7117636494252875,0.6492696360153256,0.6309985632183909,0.6167744252873563,0.600897988505747,0.5837224616858238,0.5631764846743295,0.5377155172413792,0.5000478927203065
929893138,117,0.7109330484330484,0.647738603988604,0.6294515669515669,0.6149335232668566,0.5994836182336183,0.5819385090218423,0.5611348528015194,0.5358024691358024,0.49803537511870843
929893138,118,0.7099340866290019,0.6461158192090395,0.6281308851224106,0.6131885593220339,0.5977342278719397,0.5801200564971751,0.5590160075329567,0.5337747175141243,0.4960098870056497
929893138,119,0.7087476657329598,0.6443218954248366,0.6265639589169001,0.6113620448179271,0.5960959383753501,0.5781337535014005,0.5570669934640523,0.5319327731092437,0.4938783846872081
929893138,120,0.7077256944444444,0.6428819444444445,0.625150462962963,0.6095601851851852,0.594369212962963,0.5760300925925926,0.5549710648148148,0.5299826388888889,0.49195601851851856
929893138,121,0.7070362718089991,0.6411960514233241,0.6235479797979798,0.6076331496786043,0.5925906795224978,0.5739038108356291,0.553047520661157,0.528081955922865,0.49009986225895324
929893138,122,0.7061190801457194,0.6398167122040073,0.6222449908925319,0.6057092440801456,0.5907900728597449,0.572040072859745,0.551115664845173,0.5262750455373406,0.4882058287795993
929893138,123,0.7054765130984643,0.6384880307136405,0.6207542908762421,0.6039464769647697,0.5888719512195122,0.5701445347786811,0.5492999096657634,0.5245878500451672,0.48632000903342365
929893138,124,0.7044354838709678,0.6371247759856631,0.6193660394265232,0.6021169354838709,0.5871695788530465,0.5681675627240144,0.5475974462365591,0.5229110663082437,0.48452060931899643
929893138,125,0.7037777777777777,0.6357944444444443,0.6179222222222223,0.6002555555555555,0.585561111111111,0.5663777777777776,0.5458333333333333,0.5214722222222222,0.4829444444444444
929893138,126,0.7030313051146384,0.634424603174603,0.6163029100529099,0.5983190035273368,0.5838955026455026,0.5644896384479717,0.544157848324515,0.5201058201058201,0.4813712522045855
929893138,127,0.7025481189851269,0.6331802274715661,0.6151301399825021,0.5966480752405949,0.582425634295713,0.562762467191601,0.5426563867016623,0.5188046806649169,0.4798775153105862
929893138,128,0.7020724826388889,0.6319281684027778,0.613818359375,0.5949598524305556,0.58076171875,0.5608940972222223,0.5410915798611111,0.5174370659722223,0.47847222222222224
929893138,129,0.7015988372093023,0.6308139534883721,0.6125753660637382,0.5933031869078381,0.5791343669250646,0.55911391042205,0.5395348837209303,0.5161767872523686,0.47709409991386736
929893138,130,0.7013461538461538,0.6297542735042735,0.6113621794871794,0.5915865384615384,0.5775641025641025,0.5573076923076923,0.5379967948717949,0.5149786324786325,0.47571047008547
929893138,131,0.7009701017811705,0.6285093299406277,0.6102682357930449,0.5898112807463952,0.5760708227311281,0.5554230279898219,0.5363867684478371,0.5137934690415606,0.4743532654792197
929893138,132,0.7006260521885521,0.6273621632996633,0.6091750841750841,0.5882417929292929,0.5746369949494949,0.5538667929292929,0.5349116161616162,0.5126683501683502,0.4732112794612795
929893138,133,0.7003080618212197,0.6262531328320802,0.60812447786132,0.5865758145363409,0.5732403926482873,0.5522347535505431,0.5333959899749373,0.5114243943191311,0.4719559314954051
929893138,134,0.6996527777777778,0.6250362769485903,0.6070429104477613,0.5851264510779436,0.5717402570480928,0.5504716003316749,0.5319444444444444,0.5103182006633499,0.47069859038142614
929893138,135,0.6989917695473251,0.6239146090534979,0.6059773662551441,0.5837191358024693,0.5703600823045267,0.5488014403292182,0.5305915637860082,0.5092644032921811,0.4695267489711935
929893138,136,0.6988817401960785,0.6227277369281045,0.6050245098039215,0.5825980392156863,0.5690512663398694,0.5474264705882352,0.5292738970588236,0.5082618464052288,0.4684078839869282
929893138,137,0.6980585969180859,0.6215277777777778,0.6039385644768857,0.5811638280616384,0.5677007299270074,0.5456812652068126,0.5278994322789943,0.507147201946472,0.46730535279805346
929893138,138,0.6974537037037036,0.6204307568438003,0.6029388083735909,0.5796799516908213,0.5663546698872786,0.5441123188405796,0.5267461755233495,0.5061040660225443,0.46631441223832526
929893138,139,0.6972022382094324,0.6195093924860112,0.6019034772182255,0.5783423261390888,0.5651029176658674,0.5427707833733013,0.5256494804156675,0.5051258992805756,0.46534772182254197
929893138,140,0.6969097222222221,0.6184573412698413,0.6006845238095238,0.577108134920635,0.563655753968254,0.541046626984127,0.5244097222222222,0.5040128968253968,0.46437003968253965
929893138,141,0.696729708431836,0.617297084318361,0.5995419621749409,0.5759259259259258,0.5624211977935383,0.5396522852639873,0.5232909771473602,0.5030782111899134,0.46356382978723404
929893138,142,0.6967233959311424,0.6161727308294209,0.5984154929577465,0.5747359154929578,0.5611551251956182,0.5380379499217527,0.5220217136150235,0.5021322378716745,0.4627445226917058
929893138,143,0.6963432400932401,0.6152486402486402,0.5973630536130536,0.5736499611499611,0.5600670163170163,0.5364559052059052,0.5208333333333334,0.5012480574980575,0.4620435120435121
929893138,144,0.6958092206790124,0.6144241898148147,0.5964168595679012,0.5726369598765432,0.5591386959876543,0.5350260416666667,0.5196855709876543,0.5003713348765432,0.4610001929012346
929893138,145,0.6952011494252873,0.61375,0.5955028735632183,0.5715852490421456,0.5585201149425287,0.5335009578544062,0.5185727969348659,0.49956896551724134,0.4600574712643678
929893138,146,0.6946727549467275,0.613089802130898,0.5947631278538813,0.5705955098934551,0.5577292617960425,0.5324058219178082,0.5176750380517504,0.4986491628614917,0.4590991248097413
929893138,147,0.6942932728647014,0.6123015873015873,0.5940051020408164,0.5697656840513984,0.5569775132275132,0.5314247921390778,0.5167469765684051,0.49794501133786845,0.45826719576719577
929893138,148,0.6938063063063062,0.6116366366366367,0.5931775525525526,0.5690033783783783,0.5564048423423423,0.5303584834834835,0.5158736861861862,0.49703453453453456,0.4573948948948949
929893138,149,0.6933538404175987,0.6107848620432514,0.5924589858314692,0.5683305369127517,0.5554436987322894,0.5293064876957495,0.5149655108128263,0.49607568978374345,0.45642244593586884
929893138,150,0.6928518518518518,0.6102453703703704,0.5914907407407407,0.5675601851851851,0.5547268518518519,0.5283611111111111,0.514074074074074,0.49520833333333325,0.4556666666666667
929893138,151,0.692512877115526,0.6098142016188374,0.5910458057395144,0.5668874172185431,0.553725165562914,0.5274420529801325,0.5132634289919058,0.49438925680647533,0.45492549668874177
929893138,152,0.6920961257309941,0.6093978435672515,0.5905062134502924,0.5663011695906432,0.5528508771929825,0.52671783625731,0.5125593932748538,0.49350328947368416,0.45417123538011694
929893138,153,0.6918754538852578,0.6091185548293391,0.5902460058097313,0.5658133623819898,0.5521105664488017,0.5261437908496731,0.5120733478576616,0.4927786855482934,0.4536356209150327
929893138,154,0.6915133477633478,0.608910533910534,0.5899801587301586,0.5654581529581529,0.5515286796536796,0.5255321067821067,0.511751443001443,0.4922709235209235,0.4531475468975469
929893138,155,0.6912007168458781,0.6085752688172044,0.5896057347670252,0.5653181003584229,0.5509408602150537,0.5248745519713262,0.5113888888888889,0.49168458781362007,0.45237455197132614
929893138,156,0.6909677706552706,0.6084891381766381,0.5893963675213676,0.5651753917378918,0.5502492877492877,0.5242743945868946,0.5110087250712252,0.4910701566951567,0.45175836894586896
929893138,157,0.6905962491153574,0.6083289101203114,0.5891144727530079,0.5649902689313517,0.5496682590233546,0.5235624557678697,0.5105007077140835,0.49034412597310684,0.45127830856334045
929893138,158,0.6903612869198312,0.6081663150492265,0.5890603023909986,0.5649964838255978,0.5492791842475386,0.5232375175808721,0.5101441631504922,0.4897107946554149,0.4507867440225035
929893138,159,0.6901030747728861,0.608014500349406,0.5890985324947589,0.5649196366177498,0.5488950034940601,0.5228729909154437,0.5098357791754018,0.48936058700209645,0.4504673305380853
929893138,160,0.689748263888889,0.6077647569444444,0.5888932291666666,0.5646657986111111,0.548498263888889,0.5223871527777777,0.5094574652777778,0.4888237847222222,0.4500043402777778
929893138,161,0.6893676673567978,0.6074836093857833,0.5886861628709454,0.564393547273982,0.5482660455486542,0.5219806763285024,0.5090881642512077,0.4881642512077295,0.4495600414078675
929893138,162,0.6891289437585735,0.6073645404663923,0.5885631001371742,0.5640903635116598,0.5482253086419753,0.5214806241426612,0.5087277091906721,0.487710048010974,0.44941272290809325
929893138,163,0.6887525562372189,0.6072682344921609,0.588488411724608,0.5639272324471711,0.5482063735514656,0.5210506134969325,0.5083801976823449,0.4872699386503067,0.4490840149965916
929893138,164,0.6885670731707317,0.6073805894308943,0.5884019308943089,0.563622120596206,0.5479928861788618,0.5206978319783198,0.5079352981029811,0.4868097899728997,0.44875508130081304
929893138,165,0.6883712121212121,0.6072979797979798,0.5883627946127946,0.5634511784511784,0.548047138047138,0.5204419191919192,0.5077946127946127,0.48636784511784514,0.448337542087542
929893138,166,0.6882906626506025,0.6074422690763053,0.5885332998661312,0.5634203480589022,0.5479752342704151,0.5203187751004016,0.5075343038821954,0.4859354082998662,0.4480379852744311
929893138,167,0.6882900864936793,0.607684630738523,0.5886435462408516,0.5633483033932135,0.5481786427145708,0.5200058216899535,0.5072812707917499,0.4854790419161677,0.44794993346640055
929893138,168,0.6879464285714285,0.6076182208994709,0.5885499338624339,0.563157242063492,0.5479290674603174,0.5197048611111111,0.5071593915343916,0.48486276455026456,0.4476727843915344
929893138,169,0.6877712031558185,0.6077333990795529,0.5886053583168968,0.5632026627218936,0.5478262656147271,0.5194896449704143,0.5069937541091387,0.48450443786982256,0.44755095332018413
929893138,170,0.6875857843137255,0.6079330065359477,0.5886642156862745,0.5631331699346406,0.5477736928104575,0.5191503267973856,0.5067892156862746,0.4841666666666667,0.44745506535947716
929893138,171,0.6872441520467836,0.6081262183235867,0.5886939571150097,0.5632106887589343,0.5478557504873295,0.5190099090318389,0.5065220922677063,0.48378005198180635,0.447270955165692
929893138,172,0.6869912790697674,0.6082848837209303,0.5887596899224806,0.5632873062015504,0.5480135658914729,0.5187580749354006,0.5065245478036176,0.4834504198966409,0.44716973514211883
929893138,173,0.6869661207450224,0.6084657996146436,0.5888607899807322,0.5633831085420681,0.5481053307642904,0.5184810533076429,0.5064025369299936,0.4831326268464997,0.4471579961464354
929893138,174,0.6867576628352491,0.6087763409961686,0.5889687100893998,0.5634019795657726,0.548096264367816,0.518374840357599,0.5062260536398467,0.48282247765006386,0.44722621328224776
929893138,175,0.6864841269841271,0.6093452380952381,0.5893174603174604,0.5636468253968254,0.5481746031746032,0.5183015873015873,0.5062063492063492,0.48270634920634925,0.4473571428571429
929893138,176,0.6864741161616161,0.6097774621212122,0.5897253787878788,0.5636442550505051,0.5482520517676768,0.5181739267676767,0.5062065972222223,0.48261916035353536,0.44731297348484844
929893138,177,0.6862052730696798,0.6100321720025109,0.590042372881356,0.5638104205900816,0.5483325486503452,0.5181379472693032,0.506281387319523,0.48242702448210917,0.44741054613935966
929893138,178,0.6858419163545568,0.6103152309612984,0.5902192571785269,0.563920099875156,0.5484121410736579,0.5180750624219724,0.5063358302122347,0.4823384831460674,0.44725343320848937
929893138,179,0.6856300434512724,0.6106378026070763,0.5906153010552452,0.5641992551210427,0.5484675667287399,0.5181059900682806,0.506506052141527,0.482169459962756,0.44725325884543765
929893138,180,0.6853433641975308,0.6108757716049382,0.5910300925925925,0.5643557098765432,0.548371913580247,0.518082561728395,0.506604938271605,0.4820486111111112,0.4473186728395062
929893138,181,0.6852555248618785,0.6112338858195212,0.5913789134438306,0.5646600675260897,0.5483310313075507,0.518067065684469,0.506645181092695,0.4819866482504604,0.4473833640270105
929893138,182,0.6852258852258852,0.6115995115995116,0.5917811355311355,0.5650221306471307,0.5484508547008546,0.5182921245421246,0.5069024725274726,0.4818605006105007,0.4475732600732601
929893138,183,0.6851927747419551,0.612109137826351,0.5921561930783242,0.5654105950212508,0.5485769581056466,0.5185868245294475,0.5070734669095326,0.48194444444444445,0.4476472374013358
929893138,184,0.685186443236715,0.612590579710145,0.5924743357487922,0.5658099335748792,0.5487771739130436,0.5187424516908212,0.5072992149758455,0.48197086352657004,0.44772418478260867
929893138,185,0.6852515015015015,0.6129654654654655,0.5928566066066066,0.5662387387387388,0.5488138138138139,0.5189001501501502,0.5076276276276276,0.48195945945945956,0.447759009009009
929893138,186,0.685196385902031,0.6134184587813619,0.5933915770609319,0.566640531660693,0.5489545997610514,0.5190636200716846,0.5078293010752688,0.48204151732377537,0.44782332735961766
929893138,187,0.6852346999405823,0.6137886215092099,0.5937611408199643,0.5669377599524659,0.5490790255496139,0.5193553178847297,0.5080659536541888,0.48215240641711227,0.4479649435531789
929893138,188,0.6854683806146572,0.6143727836879432,0.5943484042553191,0.5675125591016548,0.5494015957446808,0.519850768321513,0.5084478427895982,0.48242833924349876,0.44817523640661927
929893138,189,0.6854975014697237,0.6148037918871252,0.594753086419753,0.5680335097001764,0.5494635508524397,0.5199698706643151,0.5086162551440329,0.4824845679012346,0.44832451499118164
929893138,190,0.6856542397660819,0.6153289473684211,0.5950840643274854,0.56859283625731,0.5495723684210527,0.5202558479532164,0.5088925438596491,0.482562134502924,0.4484576023391813
929893138,191,0.685860238510762,0.6158740546829552,0.5956406340895869,0.5691644851657941,0.5496582315299593,0.5205133798720186,0.5092204770215242,0.4827625072716696,0.4487456369982548
929893138,192,0.6859772858796297,0.6165111400462963,0.5961154513888889,0.5696144386574074,0.5499095775462963,0.5209888599537037,0.5097945601851852,0.48299696180555557,0.44890769675925923
929893138,193,0.6860931203223949,0.6169437248128958,0.596470207253886,0.5701784686240644,0.5500791594703511,0.5212938975244674,0.5103518998272883,0.4831534254461715,0.44923719055843403
929893138,194,0.6863473654066438,0.6174828178694157,0.596960910652921,0.5708154352806415,0.5503329037800687,0.5216745418098511,0.5108104238258878,0.4834120847651775,0.44955970790378014
929893138,195,0.6864529914529914,0.6179950142450141,0.5974145299145299,0.571488603988604,0.5506196581196582,0.522204415954416,0.5113461538461538,0.4838995726495726,0.44989316239316246
929893138,196,0.6867559523809524,0.6185515873015872,0.5980017006802721,0.5720273526077098,0.5508042800453515,0.5226261337868481,0.5118799603174603,0.4841730442176871,0.4501806972789116
929893138,197,0.687052312464749,0.618929780033841,0.5984137055837564,0.5725782571912015,0.551001128031585,0.5229624929498026,0.5124929498025944,0.48453186689227296,0.4503807106598985
929893138,198,0.6872860549943883,0.6194654882154882,0.598811026936027,0.5731516554433221,0.5512556116722783,0.5234918630751964,0.5132926487093155,0.4849326599326599,0.45077160493827156
929893138,199,0.6872696817420435,0.6200202400893355,0.5991694584031269,0.5738344500279173,0.5514028475711893,0.5239530988274707,0.5138993579006141,0.4852770798436628,0.45087939698492463
929893138,200,0.6874513888888889,0.6204583333333333,0.5995104166666666,0.5744270833333334,0.5516319444444444,0.5244791666666667,0.5145590277777778,0.48566319444444445,0.45110069444444445
1843824993,1,0.23125,0.4083333333333333,0.5020833333333333,0.5763888888888888,0.6354166666666666,0.6631944444444444,0.6916666666666667,0.7215277777777778,0.7673611111111112
1843824993,2,0.34097222222222223,0.584375,0.6746527777777778,0.7138888888888889,0.7541666666666667,0.7791666666666667,0.7979166666666667,0.8239583333333333,0.8510416666666667
1843824993,3,0.37893518518518515,0.6122685185185186,0.702314814814815,0.7428240740740741,0.7782407407407407,0.8034722222222223,0.8152777777777778,0.8275462962962962,0.8453703703703704
1843824993,4,0.40729166666666666,0.6477430555555556,0.7347222222222223,0.7760416666666666,0.8048611111111111,0.8223958333333333,0.8411458333333334,0.8522569444444444,0.8704861111111111
1843824993,5,0.43625,0.6706944444444444,0.7443055555555556,0.7891666666666667,0.8134722222222223,0.8279166666666667,0.8433333333333334,0.8509722222222222,0.8638888888888889
1843824993,6,0.4576388888888889,0.6920138888888889,0.7569444444444444,0.803125,0.8260416666666667,0.837962962962963,0.8508101851851853,0.8539351851851851,0.8576388888888888
1843824993,7,0.47579365079365077,0.7038690476190476,0.771031746031746,0.8101190476190477,0.8299603174603174,0.8397817460317459,0.8504960317460316,0.8526785714285713,0.8512896825396827
1843824993,8,0.4886284722222222,0.7191840277777778,0.78125,0.8142361111111112,0.8345486111111111,0.8417534722222222,0.8522569444444444,0.8509548611111111,0.8422743055555556
1843824993,9,0.5006944444444444,0.7296296296296295,0.7877314814814815,0.8165123456790124,0.8356481481481483,0.8410493827160496,0.848070987654321,0.8466820987654321,0.8328703703703705
1843824993,10,0.5134722222222222,0.739375,0.7918750000000001,0.8173611111111111,0.8383333333333334,0.8394444444444445,0.846388888888889,0.8384027777777779,0.8211111111111111
1843824993,11,0.5276515151515151,0.7485479797979798,0.7981060606060606,0.8195075757575758,0.8380050505050505,0.8406565656565657,0.8446969696969698,0.8345328282828282,0.810921717171717
1843824993,12,0.5359375,0.7557291666666667,0.8039930555555556,0.8243055555555555,0.8395254629629628,0.8401620370370372,0.8403356481481481,0.8289930555555556,0.8007523148148148
1843824993,13,0.544284188034188,0.7631410256410256,0.8081196581196582,0.8271367521367523,0.8401175213675215,0.8400106837606837,0.8365918803418803,0.826068376068376,0.791613247863248
1843824993,14,0.5535218253968254,0.7689484126984126,0.8120535714285715,0.8290178571428571,0.8396825396825398,0.8401289682539682,0.8324404761904762,0.8187996031746031,0.784920634920635
1843824993,15,0.5606481481481482,0.7741666666666668,0.8137037037037037,0.829351851851852,0.8400000000000001,0.8393981481481483,0.83125,0.8135648148148148,0.7785185185185186
1843824993,16,0.5674913194444444,0.7769097222222222,0.8157118055555556,0.8293836805555556,0.8403211805555556,0.83671875,0.8259114583333333,0.8078993055555556,0.7724826388888889
1843824993,17,0.5729983660130719,0.7808006535947711,0.817687908496732,0.8304738562091504,0.8407679738562094,0.8349264705882354,0.8209558823529413,0.8026552287581701,0.7663398692810457
1843824993,18,0.5783564814814814,0.7812500000000001,0.817091049382716,0.8306712962962963,0.8380015432098765,0.8328703703703705,0.817283950617284,0.798263888888889,0.7598765432098765
1843824993,19,0.5829678362573099,0.78125,0.8167032163742691,0.8279239766081872,0.8342836257309942,0.8306286549707601,0.813048245614035,0.7919590643274854,0.7527412280701753
1843824993,20,0.5868402777777777,0.7811805555555557,0.8168055555555556,0.8256597222222223,0.8333680555555555,0.8290277777777779,0.8090972222222221,0.7869097222222223,0.746423611111111
1843824993,21,0.5911706349206349,0.7818452380952381,0.8161044973544973,0.8240079365079365,0.8302248677248678,0.8249007936507938,0.8053571428571429,0.7823743386243387,0.7396164021164021
1843824993,22,0.5953282828282828,0.7829861111111112,0.8152462121212122,0.8225694444444445,0.8268939393939393,0.8219696969696969,0.8011363636363635,0.7766414141414142,0.7333964646464646
1843824993,23,0.6015700483091787,0.7834541062801931,0.8150966183574878,0.821316425120773,0.823671497584541,0.8177234299516908,0.7968900966183574,0.7718599033816426,0.7280193236714976
1843824993,24,0.6057870370370371,0.784346064814815,0.8136863425925926,0.8197916666666667,0.8208333333333333,0.8156828703703705,0.7947337962962964,0.7678240740740742,0.7243923611111112
1843824993,25,0.6102222222222221,0.7844444444444444,0.8118888888888888,0.8174166666666668,0.8180555555555555,0.8128333333333333,0.7911944444444444,0.7633611111111112,0.7194999999999999
1843824993,26,0.6159188034188035,0.7845352564102565,0.810897435897436,0.8153311965811966,0.8167200854700855,0.8107104700854703,0.788621794871795,0.7592681623931624,0.715090811965812
1843824993,27,0.6218364197530865,0.7854166666666667,0.8100565843621399,0.8145061728395062,0.814454732510288,0.8076903292181069,0.785570987654321,0.7555298353909465,0.7112139917695474
1843824993,28,0.6271081349206349,0.7855902777777778,0.8092261904761904,0.8136160714285714,0.812624007936508,0.8049603174603175,0.7827380952380952,0.7513392857142858,0.7078125
1843824993,29,0.6324473180076627,0.7852969348659005,0.8083333333333333,0.8126676245210729,0.8105603448275862,0.8034482758620689,0.7808908045977011,0.7473659003831418,0.7045498084291187
1843824993,30,0.6375462962962962,0.7853472222222223,0.8075000000000001,0.8108796296296297,0.8085879629629629,0.8013425925925927,0.778425925925926,0.7436342592592594,0.7016898148148148
1843824993,31,0.6428315412186381,0.7855062724014336,0.8065412186379929,0.8097446236559139,0.8074596774193549,0.7987679211469536,0.7769041218637993,0.7416218637992832,0.6995519713261649
1843824993,32,0.6486979166666667,0.7859592013888889,0.80546875,0.8077907986111111,0.8044487847222223,0.7955946180555555,0.7736545138888888,0.7382161458333333,0.6957248263888889
1843824993,33,0.6549031986531987,0.7880050505050505,0.8053451178451178,0.8068813131313132,0.8026304713804715,0.7933712121212122,0.7721170033670035,0.734659090909091,0.6924452861952862
1843824993,34,0.6612540849673203,0.7879289215686274,0.8047181372549019,0.8065767973856209,0.8004493464052288,0.7911968954248367,0.7694648692810457,0.7315155228758169,0.6893995098039216
1843824993,35,0.666765873015873,0.7879761904761905,0.803888888888889,0.805952380952381,0.7987500000000001,0.789920634920635,0.7683333333333334,0.7299801587301588,0.6868650793650793
1843824993,36,0.6722415123456791,0.7878665123456791,0.8029128086419752,0.8041280864197532,0.7964891975308641,0.7883680555555556,0.7670331790123457,0.7277584876543209,0.6846643518518518
1843824993,37,0.6767454954954956,0.7878003003003003,0.8015578078078078,0.8025713213213215,0.7946884384384385,0.7867680180180179,0.7653153153153154,0.7262012012012011,0.6827515015015015
1843824993,38,0.6809758771929825,0.7881578947368422,0.8008223684210527,0.8006030701754386,0.7922880116959063,0.7847770467836257,0.7635782163742689,0.7241776315789473,0.680281432748538
1843824993,39,0.6850783475783476,0.7881054131054132,0.8000534188034188,0.7995192307692308,0.7900641025641026,0.7828347578347579,0.7614138176638177,0.722738603988604,0.6780982905982906
1843824993,40,0.6891666666666667,0.7877777777777777,0.7989062500000002,0.7983680555555556,0.7880555555555557,0.7808159722222222,0.7599305555555557,0.7212152777777777,0.6765972222222222
1843824993,41,0.6937161246612465,0.7877032520325203,0.7976456639566395,0.7969512195121952,0.7864329268292684,0.7798272357723578,0.7586043360433605,0.7199017615176151,0.6749153116531166
1843824993,42,0.6977017195767196,0.7873181216931217,0.7960978835978837,0.7948743386243386,0.7841435185185186,0.7780588624338625,0.7572420634920636,0.7187665343915345,0.6735449735449736
1843824993,43,0.7015665374677003,0.7868701550387597,0.7952357881136951,0.7935562015503875,0.7825742894056847,0.7764373385012918,0.7558947028423774,0.717861757105943,0.6724644702842377
1843824993,44,0.7061237373737375,0.7875,0.794665404040404,0.7925189393939392,0.7811237373737373,0.7747474747474746,0.7544981060606061,0.7168087121212121,0.6717013888888889
1843824993,45,0.7093518518518518,0.7872993827160495,0.79375,0.7908024691358025,0.7791820987654322,0.7733024691358026,0.7533024691358025,0.7158796296296297,0.6708333333333333
1843824993,46,0.7128925120772948,0.7870471014492754,0.7924064009661835,0.7885567632850241,0.7775513285024155,0.7717995169082125,0.7521437198067632,0.7159571256038647,0.6702143719806763
1843824993,47,0.7153664302600472,0.7860076832151301,0.7912972813238771,0.7867021276595746,0.7751773049645388,0.7698433806146573,0.7503989361702127,0.7145390070921984,0.6687204491725768
1843824993,48,0.717650462962963,0.7852141203703705,0.7897714120370372,0.7853009259259258,0.7734809027777778,0.7685763888888889,0.7488136574074074,0.71328125,0.6676215277777777
1843824993,49,0.7202947845804988,0.7853458049886621,0.7889314058956916,0.7845521541950113,0.7723072562358276,0.7672193877551021,0.7485260770975057,0.7127267573696144,0.6667233560090704
1843824993,50,0.7232222222222222,0.7846805555555556,0.7877361111111112,0.7835416666666668,0.7712222222222221,0.7660555555555555,0.7471944444444445,0.7118611111111111,0.6659722222222223
1843824993,51,0.7260348583877996,0.7850626361655774,0.7869825708061003,0.7823665577342049,0.7706154684095861,0.7646650326797385,0.7462690631808278,0.7111247276688453,0.6653867102396513
1843824993,52,0.7292200854700854,0.7845486111111111,0.7862045940170941,0.7812767094017093,0.7691105769230767,0.7630208333333334,0.7453792735042735,0.7105902777777777,0.6652777777777779
1843824993,53,0.7322851153039832,0.7836215932914046,0.7849449685534591,0.7801624737945493,0.7677148846960168,0.7613076519916142,0.7439203354297693,0.7094208595387841,0.664203354297694
1843824993,54,0.7353909465020577,0.7824459876543209,0.7838348765432098,0.7787937242798354,0.7657536008230453,0.7592592592592594,0.7421682098765432,0.7079218106995886,0.6633616255144033
1843824993,55,0.7390656565656566,0.782121212121212,0.7834974747474748,0.7781944444444444,0.7643181818181818,0.7578156565656565,0.7402146464646465,0.7066792929292929,0.6626136363636365
1843824993,56,0.7426959325396827,0.781609623015873,0.7825396825396824,0.7773685515873016,0.7626736111111111,0.7562127976190476,0.7383804563492065,0.705580357142857,0.6617931547619048
1843824993,57,0.7464059454191033,0.7816764132553605,0.7818347953216375,0.7771807992202727,0.7622807017543859,0.75567738791423,0.7375487329434697,0.7046539961013646,0.661379142300195
1843824993,58,0.7490421455938698,0.7814176245210729,0.7804238505747126,0.776640325670498,0.7610871647509578,0.7540948275862068,0.7361949233716476,0.7037236590038314,0.6608836206896552
1843824993,59,0.7516125235404897,0.7810734463276835,0.779731638418079,0.7762711864406779,0.759828154425612,0.7529896421845574,0.7352518832391713,0.7030720338983051,0.6605579096045198
1843824993,60,0.7544791666666667,0.7803703703703704,0.7786805555555555,0.7754282407407408,0.7585532407407407,0.7516203703703704,0.7342129629629629,0.7025578703703703,0.6603935185185186
1843824993,61,0.7568192167577412,0.779804189435337,0.7777322404371584,0.7749203096539162,0.7569899817850638,0.7503642987249545,0.7331170309653916,0.7020150273224044,0.6603825136612022
1843824993,62,0.7592741935483872,0.7798499103942652,0.776747311827957,0.7741823476702508,0.7559251792114695,0.7493167562724015,0.7324372759856631,0.7015232974910394,0.6606742831541218
1843824993,63,0.7613536155202822,0.7797398589065256,0.7761904761904762,0.7733906525573193,0.7551146384479719,0.7479717813051148,0.7313051146384482,0.7012676366843034,0.6608686067019401
1843824993,64,0.7639105902777777,0.7793511284722222,0.7753255208333333,0.7733072916666667,0.75419921875,0.747265625,0.7304904513888889,0.7011610243055556,0.6615885416666667
1843824993,65,0.7663461538461538,0.7793055555555556,0.7745192307692308,0.7728311965811966,0.7532905982905984,0.7459294871794871,0.7291880341880342,0.7004807692307693,0.662051282051282
1843824993,66,0.7689288720538721,0.7793350168350168,0.7740319865319865,0.7720854377104378,0.7523463804713804,0.7450652356902357,0.7286405723905724,0.7001262626262627,0.6627104377104377
1843824993,67,0.7716832504145938,0.7794257877280265,0.7735489220563848,0.7712375621890547,0.7514407131011609,0.7442889718076285,0.7281923714759535,0.6998237976782753,0.6633913764510779
1843824993,68,0.7743872549019607,0.7793198529411764,0.7730494281045752,0.7704554738562092,0.7510518790849673,0.7439746732026145,0.7276552287581699,0.6998876633986928,0.664123774509804
1843824993,69,0.777536231884058,0.7796095008051529,0.7732286634460547,0.7703804347826086,0.7510567632850242,0.74393115942029,0.7277677133655394,0.7003321256038647,0.665036231884058
1843824993,70,0.7814285714285714,0.7799305555555555,0.7732142857142859,0.7706845238095238,0.7515873015873016,0.7445833333333334,0.7282936507936508,0.7010515873015872,0.6665873015873016
1843824993,71,0.7846341940532082,0.7805457746478873,0.7738849765258217,0.7717038341158059,0.7528071205007826,0.7456572769953053,0.7294307511737088,0.7025919405320813,0.6683881064162754
1843824993,72,0.7822337962962962,0.7769386574074073,0.7697241512345679,0.7667631172839505,0.747318672839506,0.7402391975308641,0.7238811728395061,0.6972318672839506,0.6626736111111111
1843824993,73,0.7796232876712329,0.7726598173515982,0.7654680365296804,0.76175799086758,0.7420471841704719,0.7349600456621005,0.7185502283105023,0.6918854642313547,0.6571822678843227
1843824993,74,0.7766234984984985,0.7679992492492491,0.7611486486486487,0.7565503003003003,0.7364301801801802,0.7295420420420421,0.7128472222222224,0.6863738738738739,0.6516141141141142
1843824993,75,0.7746666666666666,0.7637499999999998,0.7567592592592592,0.7518518518518519,0.731175925925926,0.724212962962963,0.7074351851851852,0.6811944444444445,0.6461574074074075
1843824993,76,0.7728801169590642,0.7597130847953216,0.7524579678362572,0.7471217105263158,0.725904605263158,0.7193622076023392,0.7022569444444444,0.6758771929824562,0.6407620614035088
1843824993,77,0.7706439393939393,0.7554383116883118,0.747907647907648,0.7422799422799424,0.7206709956709958,0.7142135642135642,0.6974747474747474,0.6707251082251082,0.6355248917748918
1843824993,78,0.7691862535612535,0.7510861823361823,0.7438479344729346,0.7376869658119658,0.7157140313390313,0.7092236467236468,0.6925035612535613,0.6656606125356125,0.6303685897435898
1843824993,79,0.7673259493670885,0.7472661744022504,0.740040436005626,0.7331926863572432,0.7108034458509143,0.7045710267229255,0.687851617440225,0.6608122362869199,0.62528129395218
1843824993,80,0.7662065972222223,0.7434288194444444,0.7359375,0.7288975694444444,0.7059114583333332,0.6999131944444444,0.6833680555555556,0.6561545138888889,0.6203472222222223
1843824993,81,0.7642575445816185,0.7394204389574759,0.7317729766803841,0.724554183813443,0.7011745541838135,0.6953532235939645,0.6787294238683129,0.6514831961591222,0.6154149519890261
1843824993,82,0.7630420054200542,0.7353827913279133,0.7276592140921411,0.7198424796747968,0.6963668699186992,0.6907096883468835,0.6742632113821138,0.6467394986449864,0.6105860433604337
1843824993,83,0.7621067603748326,0.7315344712182061,0.7236027443105756,0.7158132530120481,0.6918340026773762,0.6865294511378848,0.669862784471218,0.6425033467202141,0.6059655287817939
1843824993,84,0.7604910714285714,0.7275297619047619,0.7193535052910054,0.711863425925926,0.6874255952380952,0.6824404761904762,0.6654844576719576,0.6381035052910052,0.601471560846561
1843824993,85,0.7591748366013074,0.7236356209150326,0.7152614379084967,0.707875816993464,0.6830392156862746,0.6781699346405229,0.6613480392156863,0.6337254901960785,0.5970833333333333
1843824993,86,0.7576469638242893,0.7197755167958656,0.7114744832041345,0.7037790697674419,0.6788113695090439,0.6738533591731266,0.6568233204134366,0.6291989664082688,0.5926033591731266
1843824993,87,0.7558588761174968,0.7161797573435504,0.7076149425287356,0.7001117496807152,0.6746727330779057,0.6697637292464879,0.6525462962962963,0.6250399106002555,0.5882742656449553
1843824993,88,0.7542376893939394,0.7124526515151514,0.70385101010101,0.6965041035353535,0.6707149621212122,0.6656802398989898,0.6485006313131313,0.6209753787878788,0.5841382575757575
1843824993,89,0.7524812734082398,0.7092618601747815,0.7001638576779026,0.692556179775281,0.6666666666666666,0.6615480649188513,0.6447487515605493,0.617025593008739,0.5800639825218477
1843824993,90,0.7507253086419753,0.7058719135802469,0.6967129629629629,0.6886959876543209,0.662800925925926,0.6575617283950618,0.6407407407407407,0.6130324074074073,0.5760030864197531
1843824993,91,0.7493666056166057,0.7024420024420024,0.6930173992673992,0.6847603785103786,0.6589285714285714,0.6537851037851037,0.6370421245421245,0.6092872405372406,0.5721764346764346
1843824993,92,0.7476449275362319,0.699260265700483,0.6897192028985508,0.6810763888888889,0.655276268115942,0.6502415458937197,0.6335144927536231,0.6058801328502414,0.5683121980676328
1843824993,93,0.7460274790919952,0.6959304062126642,0.6862977897252093,0.6774716248506572,0.6516129032258065,0.6464680406212665,0.6300328554360812,0.60221027479092,0.5643145161290323
1843824993,94,0.744599586288416,0.6928634751773051,0.683237293144208,0.6736849881796689,0.647975768321513,0.6428043735224586,0.6265070921985816,0.5985963356973996,0.5604979314420804
1843824993,95,0.7430847953216373,0.6897149122807018,0.6804385964912281,0.6702558479532164,0.6448318713450292,0.639108187134503,0.6230921052631578,0.5952631578947368,0.5567690058479532
1843824993,96,0.7414785879629631,0.6864728009259259,0.6773292824074074,0.666695601851852,0.6412471064814814,0.6353515625,0.6197916666666666,0.5918113425925926,0.5531322337962963
1843824993,97,0.7397623138602522,0.683540950744559,0.6744415807560138,0.6636741122565865,0.6380154639175258,0.6318227376861398,0.6167167812142038,0.5887457044673539,0.5496062428407789
1843824993,98,0.7378684807256235,0.6803500566893425,0.6715348639455783,0.6606788548752834,0.6348568594104309,0.6282667233560091,0.6134849773242631,0.585671768707483,0.545967970521542
1843824993,99,0.7362794612794613,0.6775533108866442,0.6688341750841751,0.6574845679012346,0.6316007295173962,0.6248667227833895,0.6103465207631874,0.5825617283950617,0.5425364758698091
1843824993,100,0.7344375000000001,0.6749097222222222,0.6662361111111111,0.654625,0.6285763888888889,0.6218194444444444,0.6072708333333333,0.5793333333333334,0.5392777777777779
1843824993,101,0.732975797579758,0.6718715621562156,0.6633250825082508,0.6516639163916391,0.6252887788778877,0.6185231023102309,0.604152915291529,0.576354510451045,0.5359598459845983
1843824993,102,0.7317401960784314,0.6696555010893246,0.66057325708061,0.6490468409586057,0.6221337145969499,0.6155160675381263,0.6010825163398693,0.5733864379084967,0.5326048474945534
1843824993,103,0.7306364617044229,0.667212783171521,0.6581243257820928,0.6462985436893204,0.6191747572815535,0.612621359223301,0.5981391585760518,0.57055690399137,0.5293217367853291
1843824993,104,0.7293736645299145,0.664937232905983,0.6554620726495726,0.6434829059829059,0.6162459935897435,0.6096487713675214,0.5953926282051282,0.5676615918803418,0.5264957264957264
1843824993,105,0.7283333333333333,0.662962962962963,0.6532275132275132,0.6409523809523809,0.6135978835978836,0.6069907407407408,0.5927380952380953,0.5650396825396826,0.52369708994709
1843824993,106,0.7276336477987422,0.660914570230608,0.6509761530398324,0.6384892557651991,0.6108883647798742,0.6041928721174005,0.5900943396226416,0.5624213836477987,0.5208333333333334
1843824993,107,0.7271547248182763,0.6588395638629283,0.6489940290758047,0.6361176012461058,0.6084826064382138,0.6015381619937694,0.5874545690550363,0.5598714953271028,0.518347611630322
1843824993,108,0.7261766975308641,0.6569058641975308,0.6470357510288066,0.6340149176954732,0.6060120884773662,0.5990869341563786,0.5848958333333333,0.5572852366255145,0.5156764403292181
1843824993,109,0.7249745158002039,0.6550012742099898,0.6450050968399593,0.6316322629969419,0.6033957696228338,0.5966106014271152,0.5825242099898063,0.5548929663608563,0.5128950050968399
1843824993,110,0.7239835858585858,0.653219696969697,0.6431755050505051,0.6293308080808081,0.6008459595959597,0.594040404040404,0.5801199494949496,0.5525820707070708,0.5104166666666666
1843824993,111,0.7229792292292293,0.651632882882883,0.6413350850850851,0.6269081581581581,0.5985172672672672,0.5915165165165166,0.5773961461461462,0.5502377377377378,0.5080893393393394
1843824993,112,0.7222532242063491,0.6496217757936508,0.6398003472222222,0.6247519841269841,0.5961929563492063,0.5892175099206349,0.5750310019841269,0.5481026785714286,0.5058655753968254
1843824993,113,0.7212082104228121,0.6476155358898722,0.638305063913471,0.6224127335299902,0.5940511307767945,0.5868178466076697,0.5726708456243854,0.5457718780727631,0.5034353490658801
1843824993,114,0.7198830409356726,0.645796783625731,0.6369030214424951,0.6201754385964913,0.5918615984405459,0.5848135964912281,0.5703703703703704,0.5436220760233917,0.5014132553606239
1843824993,115,0.71875,0.6441425120772947,0.6355374396135266,0.6181582125603865,0.590084541062802,0.5828079710144928,0.5683635265700483,0.5415821256038649,0.4992874396135266
1843824993,116,0.7176484674329503,0.6425766283524904,0.6340517241379311,0.6162056992337164,0.5880806992337164,0.580944683908046,0.5663374042145594,0.5395593869731801,0.4974437260536398
1843824993,117,0.7163402184235518,0.6411087369420703,0.6327101139601139,0.6143874643874644,0.5861170465337131,0.5790182811016144,0.5640194681861348,0.5375474833808167,0.4954356600189933
1843824993,118,0.7148422787193974,0.639600988700565,0.631432438794727,0.6123764124293786,0.5841631355932203,0.5768714689265536,0.5619114877589453,0.5352871939736346,0.49348516949152543
1843824993,119,0.7137021475256771,0.6380135387488328,0.6300011671335201,0.6104166666666667,0.5821486928104574,0.574766573295985,0.5599439775910364,0.5331407563025209,0.49149159663865544
1843824993,120,0.7126041666666667,0.636244212962963,0.6285706018518519,0.6085590277777778,0.5800810185185185,0.5726851851851852,0.5578819444444445,0.5314756944444444,0.48961805555555554
1843824993,121,0.7110709366391185,0.6348197887970615,0.6270775941230486,0.6064336547291093,0.577926997245179,0.5707931588613407,0.5558367768595042,0.5294938016528926,0.48772956841138654
1843824993,122,0.7096140710382514,0.6335439435336977,0.6256830601092896,0.6047244990892532,0.5758822859744991,0.5687670765027322,0.553813752276867,0.5276525500910747,0.48604280510018216
1843824993,123,0.7086043360433604,0.6321251129177958,0.624390243902439,0.6030544263775971,0.573949864498645,0.5669771906052394,0.5520212285456187,0.5258299457994581,0.4843778229448961
1843824993,124,0.7075884856630825,0.6307067652329749,0.6230846774193548,0.6012320788530465,0.571975806451613,0.565154569892473,0.5502184139784946,0.5240871415770609,0.4828797043010752
1843824993,125,0.7067666666666667,0.6289,0.621611111111111,0.5992944444444444,0.5700999999999999,0.5633,0.5484888888888888,0.5223555555555556,0.4816555555555556
1843824993,126,0.7058862433862433,0.6274250440917107,0.62010582010582,0.5974096119929453,0.568204365079365,0.56140873015873,0.5467978395061728,0.5208443562610229,0.48018628747795417
1843824993,127,0.704828302712161,0.626071741032371,0.6189304461942257,0.595576334208224,0.5665244969378828,0.5595636482939632,0.5451224846894138,0.5194444444444445,0.478931539807524
1843824993,128,0.7043131510416667,0.62470703125,0.6176215277777778,0.5939127604166666,0.5648003472222223,0.5576117621527777,0.5434299045138888,0.5180121527777778,0.47774522569444444
1843824993,129,0.7040536175710593,0.6234657622739018,0.6165374677002584,0.5923395779500431,0.5631083118001723,0.5559216192937123,0.541795865633075,0.5167366494401379,0.4766634366925065
1843824993,130,0.7038141025641026,0.6221474358974359,0.6151869658119657,0.5906036324786325,0.5613888888888889,0.5540224358974358,0.5401816239316239,0.5153952991452991,0.47542200854700856
1843824993,131,0.7028784987277353,0.6209287531806615,0.6139949109414757,0.588936598812553,0.5596957167090755,0.5522847752332485,0.5386026293469042,0.5140002120441052,0.4742472434266327
1843824993,132,0.7023463804713804,0.6196864478114478,0.6129366582491583,0.5874736952861953,0.5582491582491582,0.5506839225589226,0.5372579966329967,0.5128261784511785,0.47315867003367007
1843824993,133,0.7018379281537176,0.6184471595655806,0.6116697994987469,0.5858918128654971,0.5568347953216375,0.5489609440267335,0.535578529657477,0.5115131578947368,0.47201858813700914
1843824993,134,0.7012282338308456,0.617330016583748,0.6105825041459371,0.5840951492537313,0.55556592039801,0.5473258706467662,0.5341262437810944,0.5104218490878938,0.47108208955223885
1843824993,135,0.7008384773662552,0.6162551440329218,0.6093724279835391,0.5826800411522635,0.5542232510288065,0.545545267489712,0.5326388888888889,0.5094650205761316,0.47
1843824993,136,0.7006995506535948,0.6153135212418301,0.6083180147058823,0.5812857434640524,0.5528441584967321,0.544000204248366,0.5312142565359478,0.5082720588235294,0.4691278594771242
1843824993,137,0.6997871046228711,0.6142994728304948,0.6071218572587186,0.5798002838605028,0.5513888888888889,0.5422293187347933,0.5297901459854014,0.5069647201946472,0.46826338199513373
1843824993,138,0.6989382045088566,0.6133252818035427,0.605877616747182,0.5784470611916264,0.5499194847020934,0.54056461352657,0.5283665458937198,0.505787037037037,0.4674869162640901
1843824993,139,0.6984462430055955,0.6125499600319744,0.6048311350919265,0.5771832533972822,0.5487110311750599,0.5390437649880097,0.5271083133493205,0.5047312150279777,0.46675159872102323
1843824993,140,0.6980357142857143,0.6116666666666666,0.603625992063492,0.5758085317460316,0.547405753968254,0.5373015873015873,0.5257936507936508,0.5035962301587301,0.466155753968254
1843824993,141,0.6979905437352245,0.6108205279747833,0.6028024034672972,0.5746601654846336,0.5463504728132388,0.5358402285263987,0.524571513002364,0.5024724192277384,0.46554866036249015
1843824993,142,0.6979802425665101,0.6099765258215962,0.6018339201877935,0.5734301643192489,0.5451975743348983,0.5343260954616589,0.5232443270735524,0.5014035602503912,0.4650625978090766
1843824993,143,0.6976398601398601,0.6092268842268843,0.6009809634809635,0.57244560994561,0.5440219502719503,0.532905982905983,0.5219988344988346,0.500228243978244,0.4644279331779332
1843824993,144,0.6968026620370371,0.608666087962963,0.6000819830246914,0.571532600308642,0.5431616512345679,0.5317853009259259,0.5209538966049383,0.4992717978395062,0.46351755401234573
1843824993,145,0.6958668582375478,0.6081130268199234,0.5992097701149425,0.5704597701149425,0.542265325670498,0.5305507662835249,0.52,0.4984626436781609,0.46292145593869727
1843824993,146,0.6948677701674277,0.6075675418569254,0.5985397640791477,0.5694634703196347,0.5415905631659056,0.5293569254185693,0.5191305175038052,0.4975361491628615,0.4622336377473364
1843824993,147,0.6939531368102797,0.6072231670445956,0.5980017006802721,0.56859410430839,0.5408777399848829,0.5281934996220711,0.5181972789115646,0.49665060468631894,0.46145597127739985
1843824993,148,0.6930227102102102,0.6066394519519519,0.5974239864864864,0.5676614114114114,0.5402073948948949,0.52743993993994,0.5174408783783784,0.49578171921921926,0.4607122747747747
1843824993,149,0.6920674869500373,0.6060449291573453,0.5967235272184936,0.566745898583147,0.5395600298284862,0.5266219239373602,0.5168018269947801,0.4948079791200597,0.4597688292319165
1843824993,150,0.691162037037037,0.6055324074074074,0.5959953703703704,0.5659444444444444,0.5388657407407408,0.5259027777777777,0.5160185185185184,0.4939768518518518,0.45905555555555555
1843824993,151,0.6902961736571008,0.6054773730684327,0.5952584621044885,0.5652133922001472,0.538051876379691,0.5248804267844004,0.515576710816777,0.4931751287711552,0.4584391096394408
1843824993,152,0.689327485380117,0.6052722953216374,0.5947870979532164,0.5644919590643275,0.5372669956140351,0.5240085891812866,0.5150676169590643,0.49244791666666665,0.457702850877193
1843824993,153,0.6887300290486565,0.6051969862018881,0.5944217501815541,0.5642565359477124,0.5369553376906319,0.5235112563543936,0.514760348583878,0.4918981481481481,0.45712145969498913
1843824993,154,0.6880050505050506,0.605312049062049,0.5940431096681097,0.5639069264069264,0.5367559523809524,0.5231872294372295,0.5144390331890332,0.4914727633477633,0.456547619047619
1843824993,155,0.6871505376344086,0.6053091397849463,0.593736559139785,0.563584229390681,0.5364605734767025,0.5226702508960572,0.5140546594982079,0.49095430107526883,0.45593189964157704
1843824993,156,0.6865562678062678,0.6052795584045584,0.5933716168091168,0.5634748931623932,0.5360754985754986,0.5222667378917378,0.5138710826210826,0.49046029202279207,0.45538194444444446
1843824993,157,0.6858059094125973,0.6053299716914367,0.5930334394904458,0.5632077140835103,0.5354564755838641,0.5217533616418967,0.5135129157820241,0.4897912243453645,0.4547461075725407
1843824993,158,0.6851177918424753,0.6053929324894515,0.5926599859353024,0.5631197257383966,0.5351749296765119,0.5214794303797469,0.513392229254571,0.4892580872011251,0.4542677566807313
1843824993,159,0.6844164919636617,0.6055249825296994,0.5925008735150245,0.5630896226415095,0.5349799091544374,0.52132250174703,0.5133516771488469,0.48905922431865834,0.453917714884696
1843824993,160,0.6835416666666667,0.6054644097222222,0.5923741319444444,0.562890625,0.5347786458333333,0.521015625,0.5131597222222223,0.4887196180555556,0.453515625
1843824993,161,0.6828157349896481,0.6055641821946169,0.5919685990338164,0.5627199792960662,0.5344849896480331,0.5206651138716356,0.5128666321601104,0.48826345755693584,0.45316166321601103
1843824993,162,0.6823645404663924,0.6057398834019204,0.5917266803840877,0.5624785665294924,0.5342721193415638,0.5203446502057614,0.5126414609053498,0.48793295610425247,0.45291923868312756
1843824993,163,0.6818081117927743,0.6058623040218133,0.5916027607361963,0.5623338445807771,0.5342663599182004,0.5200451601908657,0.5124701772324471,0.4876022494887526,0.4525817995910021
1843824993,164,0.6812923441734418,0.6060933265582655,0.5915438685636857,0.5622417005420055,0.5340447154471545,0.519677337398374,0.5121697154471545,0.48725016937669374,0.45221883468834684
1843824993,165,0.680736531986532,0.606043771043771,0.5914099326599327,0.5621885521885521,0.5340951178451178,0.5195580808080807,0.5120454545454546,0.48698653198653197,0.4520033670033671
1843824993,166,0.6803840361445784,0.6060826639892904,0.5912441432396253,0.5623493975903615,0.5341030789825971,0.5194737282463187,0.5119352409638555,0.4867009705488621,0.45188671352074966
1843824993,167,0.6800274451097804,0.6061169328010645,0.5911468729208249,0.5623378243512974,0.5340693612774451,0.5193238522954092,0.5118346640053227,0.4866059547571524,0.45171739853626086
1843824993,168,0.6795138888888889,0.6060846560846561,0.5910548941798942,0.5624255952380952,0.5337838955026455,0.5190972222222222,0.5117394179894179,0.48633019179894177,0.45147569444444446
1843824993,169,0.6791132478632479,0.6061431623931623,0.5909146942800789,0.5625369822485207,0.5339455950032873,0.5189677843523997,0.5116781722550954,0.4861193293885601,0.45120397764628534
1843824993,170,0.6786805555555556,0.6062540849673203,0.5908374183006535,0.5624632352941176,0.5337050653594771,0.5188684640522876,0.511781045751634,0.48594771241830065,0.45111519607843137
1843824993,171,0.6781595191682912,0.6064896036387264,0.5906920077972709,0.5624593892137753,0.5336947693307342,0.5187296946068876,0.5116999675113709,0.48584714100064985,0.45102339181286555
1843824993,172,0.6775557170542635,0.6066497093023256,0.5906169250645994,0.5624798126614987,0.5335675064599483,0.5186571382428941,0.5117813307493541,0.4857073643410853,0.4508640180878553
1843824993,173,0.6771676300578034,0.6067999357739242,0.590631021194605,0.5623956326268466,0.5334136159280669,0.5185894348105331,0.5117453436095054,0.4855009633911368,0.450774727039178
1843824993,174,0.6769396551724138,0.6069444444444444,0.5906888569604087,0.5623762771392081,0.5333053959131545,0.5186182950191571,0.5117137611749681,0.48539671136653895,0.45077027458492985
1843824993,175,0.6767103174603175,0.607297619047619,0.5908690476190477,0.5625277777777777,0.5332222222222223,0.518702380952381,0.5118849206349206,0.4853650793650794,0.4509047619047619
1843824993,176,0.6766611426767677,0.6078203914141415,0.5910235164141414,0.5625078914141415,0.5332425820707071,0.5187342171717172,0.5120738636363636,0.4853298611111111,0.45086805555555554
1843824993,177,0.6762947269303202,0.6081096986817326,0.5912350910232266,0.5625510043942247,0.5332117074701821,0.5187892341494036,0.5123548336472066,0.4852871939736347,0.4509416195856874
1843824993,178,0.6758934144818975,0.6082982209737827,0.5912921348314607,0.5626638576779026,0.5332240948813982,0.5188475343320849,0.5125273096129838,0.4853269350811486,0.45088951310861425
1843824993,179,0.6755082247051521,0.6085855058969584,0.5916821849782743,0.5629151148355059,0.5332906579764122,0.5188625077591558,0.5128646803227809,0.4851567349472377,0.45099705152079456
1843824993,180,0.6754475308641975,0.6090123456790123,0.5919791666666666,0.562866512345679,0.5331905864197531,0.5188850308641975,0.5131172839506173,0.4851118827160494,0.45110725308641975
1843824993,181,0.6751688152240638,0.6094229588704727,0.5921385819521179,0.5630294659300185,0.5333256599140577,0.5191029772866789,0.5135627685696746,0.48524017802332714,0.45108578882750155
1843824993,182,0.6747901404151405,0.6098405067155067,0.5923840048840049,0.563301282051282,0.5334058302808303,0.5193605006105005,0.5138392857142857,0.4852335164835165,0.45122100122100123
1843824993,183,0.674472525804493,0.610200364298725,0.5927823315118397,0.5636498178506375,0.5336407103825137,0.5197556162720096,0.5142911353976928,0.48539010321797205,0.4513395567698847
1843824993,184,0.6742678140096618,0.6104544082125604,0.5931574577294686,0.5639907910628019,0.5337937801932368,0.5199350845410627,0.5147305253623189,0.4855147946859903,0.4514455012077295
1843824993,185,0.6740127627627628,0.6108033033033033,0.5934496996996996,0.5643768768768769,0.5338926426426427,0.5201276276276277,0.5150262762762763,0.4855818318318318,0.4516253753753754
1843824993,186,0.6736559139784946,0.6111671146953405,0.5936977299880526,0.564702807646356,0.5340165770609319,0.5203218339307049,0.5154756571087216,0.4856854838709677,0.4517995818399044
1843824993,187,0.6733511586452763,0.6114453357100416,0.5940210932857992,0.5650141117052883,0.5341948900772431,0.520528817587641,0.5158830956625073,0.4857768865121806,0.4519533571004159
1843824993,188,0.6733673167848699,0.6119348404255319,0.5945294030732861,0.565410756501182,0.5344488770685578,0.5209773936170213,0.5164339539007092,0.48607047872340414,0.45212765957446804
1843824993,189,0.6730636390358613,0.6123236331569666,0.5948302469135802,0.5658362727807171,0.5345899470899471,0.5212301587301588,0.5169422398589065,0.4861294826572604,0.45230011757789534
1843824993,190,0.6729385964912281,0.6125219298245614,0.5950402046783626,0.5662573099415205,0.5348574561403509,0.5215899122807018,0.5174122807017544,0.48623172514619883,0.45249999999999996
1843824993,191,0.6727639616055847,0.6129399360093077,0.5954370273414775,0.5666012216404887,0.535009453170448,0.5219822571262361,0.5179028504944736,0.4863074461896451,0.4527777777777778
1843824993,192,0.6727249710648149,0.6132052951388889,0.5957212094907407,0.5670536747685185,0.5353190104166666,0.5224971064814815,0.5185980902777778,0.4865053530092593,0.4529694733796296
1843824993,193,0.6725604490500863,0.6135038860103627,0.5960816062176165,0.567343120322395,0.5356829303396661,0.5228051237766264,0.5191565918249855,0.4867371905584341,0.4531843696027634
1843824993,194,0.6727520045819014,0.6137600229095074,0.5963308991981672,0.5677477090492554,0.5360180412371135,0.5232996849942726,0.5198346219931271,0.48704538946162657,0.45340420962199307
1843824993,195,0.6728454415954416,0.6141132478632478,0.5967165242165242,0.5681517094017094,0.5364245014245015,0.5238497150997151,0.5203454415954416,0.48731125356125354,0.45366809116809115
1843824993,196,0.6728812358276645,0.614484126984127,0.5969706632653061,0.5685870181405895,0.5367382369614513,0.5243799603174604,0.5210742630385488,0.4874822845804989,0.4538088151927438
1843824993,197,0.6727968133107727,0.6147031866892273,0.5970953186689227,0.568957980823463,0.5371298646362098,0.5249330231246475,0.521704032712916,0.4878102086858432,0.4539093344613649
1843824993,198,0.6728640572390572,0.615070847362514,0.597337962962963,0.5693076599326599,0.5376508136924802,0.5254734848484848,0.5224501964085297,0.48809624017957354,0.4541806958473625
1843824993,199,0.6729131769960915,0.6153685092127303,0.597497906197655,0.5696922110552763,0.5378838637632608,0.5258724176437745,0.523108598548297,0.4883759073143495,0.45440047459519817
1843824993,200,0.6728090277777778,0.61565625,0.5976597222222222,0.5700729166666666,0.5381909722222222,0.5264236111111111,0.52371875,0.48879513888888887,0.4546840277777778
184566854,1,0.24930555555555556,0.4097222222222222,0.49930555555555556,0.5826388888888889,0.6423611111111112,0.6583333333333333,0.6909722222222222,0.7166666666666667,0.7541666666666667
184566854,2,0.3385416666666667,0.5711805555555556,0.6680555555555555,0.728125,0.7527777777777778,0.7802083333333333,0.8003472222222222,0.8236111111111111,0.8493055555555555
184566854,3,0.36851851851851847,0.600925925925926,0.6969907407407407,0.7460648148148148,0.7775462962962963,0.805787037037037,0.81875,0.8298611111111112,0.8432870370370371
184566854,4,0.39895833333333336,0.6402777777777777,0.7328125,0.7784722222222222,0.8027777777777778,0.8277777777777777,0.84375,0.8538194444444445,0.8678819444444444
184566854,5,0.42888888888888893,0.6618055555555555,0.7436111111111111,0.7906944444444444,0.8122222222222222,0.8305555555555556,0.8440277777777778,0.8524999999999999,0.8629166666666666
184566854,6,0.446875,0.6835648148148148,0.7548611111111111,0.8063657407407407,0.8209490740740739,0.839699074074074,0.8493055555555555,0.853125,0.8578703703703705
184566854,7,0.46398809523809514,0.6999007936507936,0.7656746031746031,0.8135912698412697,0.8253968253968254,0.8402777777777778,0.8503968253968253,0.8549603174603173,0.851686507936508
184566854,8,0.4769097222222222,0.71484375,0.7782118055555556,0.8177083333333334,0.8317708333333333,0.8422743055555556,0.8533854166666667,0.8528645833333334,0.8419270833333333
184566854,9,0.4899691358024692,0.7267746913580247,0.7868055555555555,0.8175154320987654,0.832716049382716,0.8406635802469137,0.8496141975308643,0.8459104938271607,0.8348765432098767
184566854,10,0.5025694444444444,0.7377777777777779,0.7900000000000001,0.8214583333333334,0.8317361111111111,0.8394444444444445,0.8463194444444446,0.8399305555555555,0.8209027777777779
184566854,11,0.515530303030303,0.7461489898989899,0.7941919191919191,0.8224747474747476,0.8328282828282828,0.8397727272727272,0.8450757575757576,0.8337752525252524,0.8111742424242424
184566854,12,0.5233796296296296,0.7517361111111112,0.7991319444444445,0.8276620370370371,0.8364004629629629,0.8392939814814816,0.8394097222222222,0.828877314814815,0.8016782407407407
184566854,13,0.5332799145299146,0.757371794871795,0.8047008547008548,0.8305555555555556,0.8368055555555556,0.8403311965811966,0.8364850427350426,0.8262286324786324,0.7943376068376068
184566854,14,0.5436507936507937,0.7651785714285713,0.8099206349206349,0.8330357142857143,0.8356646825396824,0.8382440476190477,0.8322420634920635,0.8186011904761904,0.787251984126984
184566854,15,0.5505555555555556,0.7707407407407408,0.8122685185185184,0.8334722222222224,0.8358796296296297,0.8380555555555557,0.8307407407407409,0.814212962962963,0.7818055555555556
184566854,16,0.5567274305555555,0.7765625,0.8138888888888889,0.8352430555555556,0.8358072916666667,0.8376302083333333,0.825390625,0.8097222222222222,0.7758680555555556
184566854,17,0.5609885620915033,0.7791258169934641,0.8158088235294119,0.8366013071895425,0.8350490196078432,0.8354575163398692,0.8207516339869282,0.8046568627450981,0.7708333333333334
184566854,18,0.5665123456790124,0.7807098765432099,0.8149691358024692,0.8342206790123458,0.8332561728395061,0.8326388888888889,0.817746913580247,0.7993441358024691,0.7646604938271603
184566854,19,0.5723684210526316,0.7816154970760234,0.8139619883040935,0.8317616959064327,0.8307748538011696,0.8298611111111112,0.812171052631579,0.7929093567251463,0.7584429824561403
184566854,20,0.5761111111111111,0.7824305555555556,0.8143749999999998,0.829375,0.8287847222222222,0.8291319444444443,0.8092361111111113,0.7883680555555556,0.7519791666666666
184566854,21,0.5815145502645502,0.7829695767195768,0.8142195767195768,0.8276124338624339,0.8266203703703705,0.8261243386243386,0.8052910052910054,0.7829695767195767,0.7453042328042327
184566854,22,0.586205808080808,0.7836805555555556,0.8130050505050503,0.8255366161616161,0.8234217171717171,0.8226641414141413,0.8006944444444445,0.7771148989898989,0.7390782828282828
184566854,23,0.5923007246376811,0.7855374396135265,0.8131944444444444,0.8244263285024155,0.8201992753623187,0.8199275362318841,0.7967089371980676,0.7721014492753623,0.7349335748792271
184566854,24,0.5965277777777778,0.7863425925925926,0.8126157407407408,0.82265625,0.8184317129629629,0.8188368055555556,0.7942129629629628,0.7684027777777778,0.7311921296296297
184566854,25,0.6022222222222222,0.7875,0.8121111111111111,0.8200000000000002,0.8156388888888889,0.815888888888889,0.7911111111111111,0.7644166666666669,0.7265277777777777
184566854,26,0.6082799145299145,0.7888354700854703,0.8110309829059831,0.8186431623931624,0.8138354700854702,0.8131143162393163,0.7882478632478632,0.760363247863248,0.7211805555555556
184566854,27,0.6145318930041153,0.7910236625514402,0.8113683127572017,0.8176954732510289,0.8123199588477366,0.8101851851851851,0.7850051440329218,0.7563786008230453,0.7169495884773662
184566854,28,0.6201636904761905,0.7916914682539682,0.8104166666666667,0.8168650793650793,0.8098958333333334,0.8077628968253967,0.7826140873015873,0.7525545634920634,0.712921626984127
184566854,29,0.6256944444444444,0.7921934865900384,0.8090996168582374,0.8155411877394635,0.8080699233716474,0.8053639846743295,0.7803639846743294,0.7487068965517242,0.7101293103448276
184566854,30,0.6314814814814814,0.7924305555555555,0.8075925925925926,0.813912037037037,0.8065046296296298,0.8030092592592594,0.7777777777777778,0.7456712962962962,0.7063194444444444
184566854,31,0.636133512544803,0.794399641577061,0.807347670250896,0.8128808243727599,0.8048611111111111,0.8005824372759857,0.7755376344086021,0.743391577060932,0.7036066308243728
184566854,32,0.6412760416666666,0.7947482638888889,0.8062717013888889,0.8109592013888889,0.8025173611111112,0.7978949652777778,0.7718532986111111,0.7404079861111111,0.6996527777777778
184566854,33,0.6475168350168351,0.7957702020202021,0.8060185185185186,0.8092382154882155,0.8015572390572391,0.7956649831649831,0.7694444444444445,0.7375841750841752,0.6965488215488216
184566854,34,0.6528390522875817,0.7967728758169935,0.8054942810457517,0.808639705882353,0.8001225490196078,0.7936683006535948,0.7680147058823528,0.7339460784313726,0.6935253267973857
184566854,35,0.6578769841269841,0.796984126984127,0.8048412698412698,0.8072222222222223,0.7991468253968254,0.7916071428571427,0.7662103174603174,0.7320238095238096,0.691329365079365
184566854,36,0.662133487654321,0.7966820987654321,0.8038001543209876,0.8054783950617284,0.7970486111111111,0.7902970679012346,0.7644290123456791,0.7296103395061728,0.6892746913580248
184566854,37,0.6664226726726727,0.7963400900900901,0.8028903903903903,0.8040728228228229,0.7954016516516517,0.7883258258258258,0.7629316816816817,0.7277777777777777,0.687012012012012
184566854,38,0.6707236842105263,0.7968932748538012,0.8020102339181288,0.8016081871345029,0.7936586257309942,0.7862573099415205,0.7608369883040934,0.7256396198830409,0.6846673976608187
184566854,39,0.6752136752136751,0.7964921652421653,0.8005163817663818,0.8004807692307694,0.7913639601139602,0.7839921652421653,0.7590099715099714,0.7233796296296295,0.6819622507122506
184566854,40,0.6790277777777778,0.7964930555555554,0.7997916666666666,0.79859375,0.789826388888889,0.781701388888889,0.7572395833333333,0.7221006944444444,0.6802083333333333
184566854,41,0.683130081300813,0.7964261517615175,0.7990345528455284,0.7969342818428183,0.7882960704607045,0.7796578590785906,0.7550982384823849,0.7204776422764227,0.6785230352303523
184566854,42,0.6873346560846559,0.7958498677248678,0.7980654761904762,0.7950562169312169,0.7864252645502647,0.7780092592592593,0.7531415343915344,0.7193783068783068,0.6769179894179894
184566854,43,0.690859173126615,0.7955264857881136,0.7973675710594315,0.7938307493540051,0.785093669250646,0.7765503875968992,0.7521640826873385,0.7180394056847543,0.6759366925064599
184566854,44,0.6945707070707071,0.7962121212121211,0.7966066919191919,0.7927398989898989,0.7835858585858585,0.7747632575757575,0.751010101010101,0.7166193181818182,0.6750631313131313
184566854,45,0.6981481481481482,0.7959104938271606,0.7952932098765432,0.7906944444444444,0.7820524691358025,0.7727777777777778,0.7498765432098764,0.7161728395061729,0.6744598765432099
184566854,46,0.7018417874396135,0.7953351449275363,0.79375,0.7885718599033816,0.7809178743961352,0.7716032608695653,0.7487318840579712,0.7154136473429952,0.6733997584541063
184566854,47,0.704580378250591,0.7949320330969268,0.7924202127659574,0.7868351063829787,0.7788711583924349,0.7695626477541371,0.7470301418439717,0.7136672576832152,0.6719858156028369
184566854,48,0.7073784722222223,0.794111689814815,0.7909143518518518,0.7847077546296295,0.7772135416666667,0.7677083333333333,0.7454137731481483,0.7129774305555555,0.6702980324074074
184566854,49,0.7106575963718821,0.7946995464852608,0.7901077097505669,0.7840419501133786,0.7758645124716553,0.7663973922902495,0.7445294784580498,0.7127267573696144,0.6692176870748299
184566854,50,0.7137777777777778,0.7940555555555556,0.7889027777777777,0.7831250000000001,0.7745138888888888,0.7645138888888888,0.7434583333333334,0.7115972222222222,0.6683888888888889
184566854,51,0.7176198257080609,0.7940223311546841,0.787704248366013,0.7816721132897604,0.7732298474945534,0.7633850762527234,0.7427015250544662,0.7109340958605664,0.6671977124183006
184566854,52,0.7202457264957265,0.7936698717948717,0.7869925213675215,0.7806356837606838,0.7719551282051283,0.761565170940171,0.7418269230769231,0.7100560897435898,0.666826923076923
184566854,53,0.7231656184486374,0.7930424528301887,0.7853249475890985,0.7796514675052411,0.7705843815513627,0.7603118448637316,0.7400681341719076,0.7089884696016772,0.6655791404612159
184566854,54,0.7261316872427984,0.7926697530864197,0.7841563786008231,0.7783693415637859,0.7685828189300411,0.7582175925925926,0.7382716049382717,0.7075617283950617,0.6644418724279836
184566854,55,0.7295959595959596,0.792070707070707,0.7833964646464646,0.7771843434343434,0.7668813131313131,0.7560858585858585,0.7365909090909091,0.7062373737373737,0.6634974747474748
184566854,56,0.7323536706349205,0.7912698412698413,0.7822544642857142,0.7762400793650793,0.7653025793650793,0.7545634920634919,0.73515625,0.704737103174603,0.6625496031746032
184566854,57,0.7364156920077972,0.7907651072124756,0.7816154970760234,0.7760477582846003,0.7640350877192983,0.7536184210526317,0.7343201754385963,0.7040326510721248,0.6625487329434697
184566854,58,0.7402658045977011,0.7899066091954021,0.780316091954023,0.7756704980842912,0.7626676245210727,0.7519995210727969,0.7330579501915709,0.702837643678161,0.661889367816092
184566854,59,0.7442208097928437,0.7894656308851223,0.7797669491525424,0.7750353107344632,0.7616996233521658,0.7509651600753295,0.732144538606403,0.702177495291902,0.6619703389830508
184566854,60,0.748287037037037,0.7886458333333333,0.7791087962962961,0.7744675925925926,0.7606828703703704,0.7497337962962963,0.7308564814814815,0.7015277777777778,0.6619328703703704
184566854,61,0.7510587431693989,0.7881944444444444,0.7783242258652094,0.7731785063752278,0.7595173041894354,0.7481102003642988,0.7297928051001822,0.7008993624772314,0.6613957194899819
184566854,62,0.7540546594982078,0.7875784050179211,0.7778561827956989,0.7723118279569892,0.758725358422939,0.7471438172043011,0.7286290322580645,0.7003360215053763,0.6612231182795698
184566854,63,0.7568893298059964,0.7876322751322751,0.7773919753086419,0.7717151675485009,0.757903439153439,0.7458884479717813,0.7273699294532627,0.7001653439153439,0.6608796296296297
184566854,64,0.7601236979166667,0.7874240451388889,0.77685546875,0.7712999131944445,0.7572048611111111,0.7444552951388889,0.7267361111111111,0.6997829861111111,0.6611002604166667
184566854,65,0.7628952991452992,0.7872008547008547,0.7763782051282053,0.7702564102564102,0.7565277777777778,0.743087606837607,0.7255555555555557,0.6991025641025642,0.6616666666666668
184566854,66,0.7653198653198653,0.7868160774410774,0.7759574915824916,0.769665404040404,0.75552398989899,0.7421506734006734,0.7246527777777778,0.6990425084175084,0.6623316498316498
184566854,67,0.7680348258706468,0.7869817578772802,0.7757980928689885,0.7687085406301825,0.754653814262023,0.7409722222222223,0.7244921227197346,0.6990360696517411,0.6630493366500829
184566854,68,0.7710069444444444,0.7867034313725492,0.7750408496732025,0.76812704248366,0.7540236928104574,0.7402471405228759,0.7243055555555555,0.6990808823529412,0.6639093137254902
184566854,69,0.7743558776167472,0.7872282608695653,0.7751006441223833,0.767944847020934,0.7538747987117552,0.7401066827697264,0.7244464573268922,0.699627616747182,0.6649557165861513
184566854,70,0.7778075396825397,0.7878968253968253,0.7752876984126983,0.7685515873015873,0.7543154761904762,0.7398809523809524,0.7250496031746032,0.7006448412698413,0.6665674603174604
184566854,71,0.7810446009389671,0.7884878716744914,0.7759976525821597,0.7696889671361501,0.7554284037558685,0.7408255086071988,0.7261150234741783,0.7020931142410015,0.668368544600939
184566854,72,0.7790316358024693,0.7845003858024691,0.7720003858024692,0.7646412037037035,0.7502700617283949,0.7353587962962962,0.7203510802469136,0.6961323302469135,0.662355324074074
184566854,73,0.776027397260274,0.7799467275494673,0.7681316590563166,0.759560502283105,0.7455003805175039,0.72978500761035,0.71470700152207,0.6903919330289193,0.6564592846270928
184566854,74,0.7737706456456457,0.7759947447447448,0.7637575075075075,0.7542511261261262,0.7403810060060061,0.7243993993993995,0.7090465465465466,0.684450075075075,0.6505349099099099
184566854,75,0.7715462962962962,0.7720370370370371,0.7591481481481482,0.7495092592592593,0.7352037037037037,0.7190462962962964,0.7035,0.6788240740740741,0.6447222222222222
184566854,76,0.7695084064327485,0.7683022660818714,0.7551352339181288,0.7446911549707601,0.7302997076023391,0.7140168128654971,0.6982730263157895,0.673218201754386,0.6391995614035089
184566854,77,0.7672077922077922,0.7640241702741702,0.7508297258297258,0.7397005772005772,0.7254599567099567,0.7087301587301587,0.6933892496392496,0.6676677489177488,0.6336309523809524
184566854,78,0.7651086182336183,0.7600071225071224,0.746937321937322,0.7348913817663818,0.7206997863247864,0.7034811253561254,0.6885238603988604,0.6621527777777778,0.6282852564102565
184566854,79,0.7630274261603376,0.7558192686357244,0.7429940225035161,0.7303621659634318,0.7160513361462729,0.6989099859353023,0.6836761603375527,0.6570147679324895,0.6228990857946555
184566854,80,0.761423611111111,0.752013888888889,0.7390017361111111,0.7259027777777779,0.7116579861111111,0.6941319444444446,0.6791059027777778,0.6519878472222221,0.6178038194444445
184566854,81,0.7594821673525378,0.7483539094650206,0.735150891632373,0.7212877229080934,0.7071073388203019,0.689386145404664,0.6745370370370372,0.6468707133058984,0.6128600823045267
184566854,82,0.7581300813008132,0.7444190379403794,0.7310890921409215,0.7169122628726288,0.7024559620596206,0.6848746612466124,0.6700542005420055,0.6420731707317073,0.6079437669376694
184566854,83,0.7568858768406961,0.7407714190093707,0.7270582329317269,0.7128095716198126,0.6983601070950469,0.6805890227576975,0.66584672021419,0.6373828647925034,0.6033048862115127
184566854,84,0.7554976851851852,0.7371858465608465,0.7227678571428571,0.7086226851851851,0.6941881613756613,0.676397156084656,0.6613839285714286,0.6329282407407406,0.598520171957672
184566854,85,0.7543872549019609,0.7340686274509803,0.7190441176470589,0.7044526143790849,0.6902532679738561,0.6723611111111111,0.6570506535947712,0.628423202614379,0.5939133986928105
184566854,86,0.7528020025839794,0.7306928294573644,0.7150759043927648,0.7004279715762274,0.6860868863049094,0.6681120801033592,0.6527131782945736,0.6237241602067183,0.5891149870801033
184566854,87,0.7510137292464879,0.7273148148148147,0.7115022349936143,0.696559706257982,0.6821280332056194,0.6642241379310345,0.6484674329501916,0.6193726053639848,0.584610472541507
184566854,88,0.749258207070707,0.7239425505050504,0.7082623106060606,0.6930792297979798,0.6780381944444445,0.6601720328282829,0.6443181818181818,0.6153093434343434,0.5804214015151514
184566854,89,0.7473860799001248,0.7206538701622972,0.7049937578027464,0.6892009987515605,0.6742587390761549,0.6561407615480649,0.6401919475655431,0.6113451935081148,0.5763264669163546
184566854,90,0.7456404320987654,0.7178163580246913,0.7018441358024692,0.6854243827160493,0.6704938271604938,0.6523533950617284,0.6362268518518518,0.607445987654321,0.5722376543209877
184566854,91,0.7436278998778999,0.7143315018315018,0.6982295482295483,0.6814713064713064,0.6665521978021978,0.6486416361416362,0.6322954822954823,0.603586691086691,0.5682997557997557
184566854,92,0.7418402777777777,0.7109525966183574,0.69549365942029,0.6776645531400967,0.662884963768116,0.6449728260869564,0.6285099637681159,0.6001132246376811,0.5647267512077294
184566854,93,0.739994026284349,0.7076538231780167,0.692547789725209,0.6739545997610514,0.6593563321385904,0.6411962365591398,0.6248581242532856,0.5963560334528077,0.5608348267622462
184566854,94,0.7384013002364065,0.7045951536643026,0.6894429669030733,0.6703605200945627,0.6556885342789598,0.6376625295508275,0.6212987588652482,0.5927969858156028,0.5571882387706856
184566854,95,0.7366666666666668,0.7016593567251462,0.6870248538011695,0.6668786549707603,0.6523611111111111,0.6342470760233918,0.6177850877192982,0.5892909356725146,0.5536695906432748
184566854,96,0.7344762731481481,0.6986979166666667,0.6841507523148148,0.6633246527777777,0.6487702546296296,0.6308521412037037,0.6143590856481481,0.585814525462963,0.5501736111111111
184566854,97,0.7323668384879726,0.6959049255441008,0.6813860252004582,0.659951317296678,0.6453608247422681,0.6276345933562428,0.6110395189003436,0.5825386597938145,0.5469788087056128
184566854,98,0.7299178004535147,0.6934594671201814,0.6787273242630386,0.656781462585034,0.6420918367346939,0.6242630385487529,0.6077876984126984,0.5792800453514739,0.5436011904761905
184566854,99,0.7278759820426487,0.6909090909090908,0.6763888888888888,0.6537037037037038,0.6389660493827161,0.6210367564534232,0.6047208193041527,0.576094276094276,0.5402918069584737
184566854,100,0.7262013888888889,0.6886944444444444,0.6739583333333333,0.6509791666666667,0.6360625000000001,0.618013888888889,0.6014513888888888,0.572861111111111,0.5372569444444445
184566854,101,0.7245462046204619,0.6864755225522552,0.6715621562156215,0.6479166666666667,0.6325426292629263,0.614789603960396,0.5980748074807479,0.5698019801980198,0.5343096809680967
184566854,102,0.7229643246187364,0.6846813725490196,0.6691789215686275,0.6455065359477123,0.6295275054466231,0.6120370370370369,0.5950708061002179,0.5667892156862746,0.531318082788671
184566854,103,0.7213996763754046,0.6827265372168284,0.6671790722761597,0.6428667745415318,0.6266653182308523,0.6090412621359224,0.5921723300970874,0.5637607874865157,0.5283913160733549
184566854,104,0.7201188568376068,0.6807558760683761,0.6653311965811965,0.6402711004273504,0.623684561965812,0.6063835470085469,0.5891693376068375,0.5610443376068376,0.5255809294871794
184566854,105,0.7189219576719575,0.6793055555555556,0.6635978835978835,0.6375595238095239,0.6208068783068783,0.6035846560846561,0.5864153439153439,0.5581150793650794,0.5228571428571429
184566854,106,0.7179441823899371,0.6775353773584906,0.6617596960167714,0.6352856394129979,0.61812106918239,0.600956498951782,0.5836281446540881,0.5553786687631027,0.5201978511530398
184566854,107,0.7170366043613706,0.6760903426791276,0.6602479231568016,0.633106178608515,0.615504932502596,0.5985916407061266,0.5808865524402907,0.5527258566978192,0.5176012461059191
184566854,108,0.7156442901234569,0.6741255144032923,0.6585455246913581,0.6310185185185185,0.612866512345679,0.5961484053497942,0.5782664609053498,0.5502507716049383,0.5151427469135803
184566854,109,0.7144240570846077,0.6725917431192661,0.6567851681957186,0.6289054536187564,0.6103338430173292,0.593730886850153,0.5756880733944955,0.5479039245667686,0.512888634046891
184566854,110,0.7134217171717171,0.6709406565656566,0.6550757575757575,0.6267866161616161,0.6078914141414141,0.5916540404040405,0.5733901515151516,0.5454419191919192,0.5106060606060606
184566854,111,0.7126438938938938,0.6694944944944945,0.6536223723723724,0.6245683183183183,0.6055430430430431,0.5892767767767767,0.5708458458458459,0.5428991491491492,0.5081706706706707
184566854,112,0.7117559523809524,0.6682353670634921,0.652046130952381,0.6224888392857142,0.6033668154761904,0.5872643849206349,0.5685763888888888,0.5406808035714286,0.505890376984127
184566854,113,0.7107239429695181,0.6668141592920355,0.6502888397246804,0.620353982300885,0.6010693215339233,0.58507866273353,0.566125860373648,0.5383788102261553,0.5037610619469027
184566854,114,0.7097892300194932,0.6656128167641325,0.6491776315789474,0.6181956627680312,0.598787768031189,0.583120126705653,0.5637365984405458,0.5360989278752437,0.5016873781676414
184566854,115,0.7091183574879226,0.6644625603864734,0.6482004830917875,0.6161533816425121,0.5967874396135266,0.58125,0.5616485507246377,0.533913043478261,0.49964371980676325
184566854,116,0.7083692528735633,0.6634997605363985,0.647066570881226,0.6141642720306513,0.5948515325670497,0.5796815134099618,0.5595366379310344,0.5317648467432949,0.4978987068965517
184566854,117,0.707377730294397,0.6622685185185185,0.6458214624881292,0.6122269705603038,0.5926519468186136,0.5779142924976257,0.5573421177587843,0.5297008547008547,0.4960529439696106
184566854,118,0.7062558851224106,0.6610169491525423,0.6444915254237289,0.6102989642184558,0.590377824858757,0.5759887005649718,0.5551553672316384,0.527359934086629,0.4942090395480226
184566854,119,0.7050536881419235,0.6595938375350141,0.6431314192343603,0.6081290849673203,0.5882994864612512,0.5740838001867413,0.5530578898225956,0.5251517273576097,0.49234360410831
184566854,120,0.7042939814814815,0.6582407407407408,0.6419965277777777,0.6061631944444444,0.5863020833333334,0.5720891203703704,0.5509895833333334,0.5230555555555556,0.49067129629629636
184566854,121,0.7036558769513316,0.6569157483930211,0.6407139577594123,0.604143709825528,0.584142561983471,0.5701388888888889,0.5487316345270891,0.5209022038567493,0.48903236914600556
184566854,122,0.702766393442623,0.6558686247723133,0.6396402550091074,0.6021914845173042,0.5819729052823315,0.5681921675774134,0.5467326958105647,0.5188126138433516,0.48742600182149354
184566854,123,0.7021849593495935,0.6547481933152666,0.6384541553748871,0.6004516711833786,0.5800643631436314,0.5663900180668473,0.5447154471544715,0.5169884823848239,0.48596431797651307
184566854,124,0.7014560931899642,0.653673835125448,0.6373991935483871,0.5986559139784946,0.5782146057347669,0.5645665322580645,0.5429379480286739,0.5152441756272401,0.48462141577060935
184566854,125,0.7006555555555555,0.6525055555555556,0.6360111111111111,0.5965999999999999,0.5762499999999999,0.5627388888888889,0.5410833333333334,0.5137777777777778,0.4833888888888888
184566854,126,0.6997795414462081,0.6513668430335097,0.6346064814814815,0.5945050705467372,0.5745425485008818,0.5608630952380952,0.5393794091710759,0.5122299382716049,0.48230268959435624
184566854,127,0.6989009186351706,0.6504429133858267,0.6333497375328084,0.5927384076990376,0.572911198600175,0.5591097987751531,0.5378663604549432,0.5109744094488189,0.48113517060367456
184566854,128,0.6984700520833333,0.6495442708333333,0.6322157118055556,0.5910970052083333,0.5713433159722222,0.5574055989583333,0.5362738715277777,0.5095160590277777,0.4800889756944444
184566854,129,0.698094315245478,0.648524978466839,0.6310992678725237,0.5895079672695952,0.5694282945736434,0.5556955211024979,0.5345445736434109,0.5079726528854437,0.4789674849267873
184566854,130,0.6975587606837607,0.6476282051282051,0.630133547008547,0.5877297008547008,0.5676602564102563,0.5540010683760684,0.5329861111111112,0.5066292735042736,0.4778685897435897
184566854,131,0.6971215012722646,0.6465224766751484,0.6292408821034775,0.5859467769296014,0.5658025869380832,0.5523006785411365,0.5315044529262086,0.5051155640373197,0.47679177268871925
184566854,132,0.6967276936026936,0.6455492424242424,0.6283827861952861,0.5843223905723907,0.5641677188552189,0.5507733585858586,0.5301978114478114,0.5038247053872054,0.47588383838383835
184566854,133,0.6964076858813701,0.6445227652464495,0.6274749373433584,0.582826858813701,0.5624947786131996,0.5489452798663325,0.5284931077694235,0.50234440267335,0.4748851294903926
184566854,134,0.695879975124378,0.6434546019900498,0.6264718076285241,0.5811826285240465,0.5609193615257048,0.5472844112769486,0.526943407960199,0.5009691127694859,0.4738805970149253
184566854,135,0.6953137860082305,0.6425051440329218,0.625488683127572,0.5795884773662552,0.5591460905349794,0.5455761316872428,0.5255041152263374,0.49973765432098766,0.47306584362139914
184566854,136,0.6952614379084967,0.6415747549019608,0.6246527777777777,0.5781045751633987,0.5575061274509804,0.544046160130719,0.5241727941176471,0.4984936683006536,0.47234987745098034
184566854,137,0.6946573398215733,0.640566707218167,0.6238594890510948,0.5764699918896999,0.555778588807786,0.5422901459854015,0.5228000811030008,0.49722222222222223,0.47143653690186543
184566854,138,0.6944444444444444,0.6394323671497585,0.6228009259259258,0.5750050322061192,0.5540811191626409,0.5405495169082125,0.5215529388083736,0.4959943639291466,0.47052636876006443
184566854,139,0.6940247801758593,0.6384142685851318,0.6219074740207833,0.57349620303757,0.5525479616306954,0.5390487609912071,0.5205435651478817,0.4949440447641887,0.46983912869704236
184566854,140,0.69375,0.6375496031746032,0.6209970238095238,0.5719742063492064,0.5509722222222222,0.5374156746031745,0.5192063492063492,0.49372519841269835,0.469077380952381
184566854,141,0.6939026792750197,0.6368991331757289,0.6202570921985816,0.5706461780929867,0.5495321118991332,0.5358500788022065,0.5180210795902285,0.4926221434200157,0.4683412135539795
184566854,142,0.6942243740219093,0.6359839593114242,0.6193466353677622,0.5693270735524256,0.5481709702660407,0.5342967527386542,0.5168671752738654,0.49147593896713615,0.467776799687011
184566854,143,0.6940753690753692,0.6353729603729604,0.6185800310800311,0.5681721056721057,0.5465569153069153,0.532925407925408,0.515700271950272,0.4904186091686092,0.4671328671328671
184566854,144,0.6936680169753086,0.6342592592592592,0.6173418209876543,0.5669849537037036,0.5452835648148149,0.5318238811728395,0.51484375,0.48952064043209875,0.4662808641975308
184566854,145,0.6929789272030651,0.6330459770114943,0.6159051724137931,0.5659818007662836,0.5439367816091955,0.5307088122605365,0.513845785440613,0.4886829501915708,0.46534482758620693
184566854,146,0.6924847792998479,0.6320348173515982,0.6147973744292237,0.5651636225266363,0.542755898021309,0.5295804794520548,0.5129613774733638,0.48798515981735163,0.4644216133942161
184566854,147,0.6918603552532124,0.6310752078609221,0.6136857520786091,0.5642148526077098,0.5414115646258504,0.5285005668934241,0.5120890022675737,0.48717876039304603,0.46348261526832957
184566854,148,0.6912959834834834,0.6299924924924925,0.612378003003003,0.5635135135135135,0.5405921546546547,0.5275900900900902,0.5113081831831832,0.48646771771771774,0.4625750750750751
184566854,149,0.6907531692766592,0.6288357568978374,0.6111577181208053,0.5626724459358687,0.5393223340790455,0.5266312453392991,0.5104353094705444,0.48571029082774053,0.46146998508575693
184566854,150,0.6902314814814815,0.627962962962963,0.6100138888888889,0.5618425925925925,0.5381851851851852,0.5257962962962963,0.5095601851851852,0.4851388888888889,0.4605555555555556
184566854,151,0.6898224797645327,0.6271201250919793,0.6089817880794702,0.5609317512877116,0.5370860927152318,0.5249172185430464,0.5087472406181016,0.48466703458425314,0.4596164459161148
184566854,152,0.6892315423976608,0.6263980263157894,0.6081186038011696,0.5602065058479532,0.5361111111111111,0.5240679824561403,0.5080043859649123,0.4842105263157895,0.4588221856725146
184566854,153,0.6887254901960784,0.6256535947712418,0.6072939360929557,0.559708605664488,0.5353803558460422,0.5236156499636893,0.5075254175744371,0.4840141612200436,0.45804738562091507
184566854,154,0.6882756132756133,0.6249458874458875,0.6066107503607504,0.5593930375180375,0.5348484848484848,0.5234217171717171,0.5071203102453102,0.48379779942279943,0.4574900793650793
184566854,155,0.6878360215053764,0.6241397849462366,0.605663082437276,0.5591173835125449,0.5342204301075268,0.5230107526881721,0.5066621863799283,0.48356630824372754,0.4568324372759856
184566854,156,0.6877136752136752,0.623539886039886,0.6049056267806268,0.558747329059829,0.5336004273504273,0.5225293803418803,0.5061921296296296,0.48340900997151,0.45612090455840454
184566854,157,0.6872965322009907,0.6228857041755131,0.6041224345364472,0.5583819886765747,0.5329573602264684,0.5220762561924982,0.5055732484076433,0.48297947629157817,0.45526362349610755
184566854,158,0.6870472925457104,0.6222617791842475,0.6033755274261604,0.5582805907172996,0.532379571026723,0.5219233473980309,0.5051599859353023,0.48258614627285507,0.4546809071729958
184566854,159,0.6868492313067786,0.6217417889587701,0.6027253668763103,0.5580974842767296,0.5319138714185884,0.5215845562543676,0.5048392732354996,0.48257774283717675,0.45421470999301183
184566854,160,0.6864409722222223,0.62109375,0.6019270833333333,0.5578125,0.5314366319444445,0.5213020833333333,0.5044053819444444,0.4823177083333334,0.4537239583333333
184566854,161,0.6861111111111111,0.62050983436853,0.6010524499654935,0.5575612491373362,0.5309308143547274,0.5208419599723948,0.5039855072463768,0.48199620427881296,0.4532479296066253
184566854,162,0.6859182098765433,0.6200017146776406,0.6003643689986282,0.5573559670781894,0.5304955418381344,0.5205546982167353,0.5036865569272976,0.48194444444444445,0.45295353223593965
184566854,163,0.6857234151329243,0.6195552147239264,0.5996719495569189,0.557157464212679,0.5300698704839809,0.5202155760054533,0.5033316291751875,0.4818762781186094,0.45266274710293114
184566854,164,0.6853700880758807,0.6190337059620596,0.5989922086720867,0.5570121951219512,0.5296197493224932,0.5200457317073172,0.5027693089430895,0.48167344173441734,0.4523289295392955
184566854,165,0.6852146464646465,0.6184680134680135,0.5984974747474747,0.5567760942760943,0.5292171717171718,0.5197769360269361,0.5023484848484848,0.4816245791245791,0.45216329966329977
184566854,166,0.6848811914323962,0.6180848393574297,0.5979334002677377,0.5567478246318608,0.5290244310575635,0.5197038152610441,0.5019620147255689,0.48157212182061576,0.45186579651941094
184566854,167,0.6847222222222222,0.6175981370592148,0.5974717232202261,0.5568446440452429,0.528771623419827,0.5195525615435795,0.5016550232867598,0.48150781769793743,0.4517506653359946
184566854,168,0.6844039351851853,0.61708416005291,0.5967799272486772,0.5568245701058201,0.528608630952381,0.5193576388888889,0.5014467592592593,0.4813368055555556,0.45164930555555555
184566854,169,0.6842209072978304,0.6167611768573308,0.596388067061144,0.5570225180802104,0.5286612426035504,0.5192348783694938,0.5013067061143984,0.4812787639710717,0.4515121630506246
184566854,170,0.6840522875816993,0.6163807189542484,0.595796568627451,0.5572875816993464,0.5285906862745099,0.5190645424836602,0.5012254901960784,0.48137663398692815,0.45135212418300646
184566854,171,0.6837881741390514,0.6160087719298245,0.5953500649772581,0.5575170565302143,0.5287443144899285,0.5189489928525016,0.5011574074074073,0.48121345029239765,0.451222384665367
184566854,172,0.6836078811369509,0.61546753875969,0.5948966408268733,0.5577156007751938,0.5287265826873385,0.5188428617571059,0.5011708656330749,0.48123385012919895,0.4510658914728682
184566854,173,0.6835621387283237,0.6151774245343609,0.5945809248554913,0.5579680475272961,0.5288896917148362,0.5188744380218369,0.5010918432883751,0.48108140655105974,0.4509593770070649
184566854,174,0.6833652618135376,0.6148786717752235,0.5942448914431673,0.5581297892720307,0.5289790868454661,0.5189136334610474,0.5010775862068965,0.4811063218390804,0.4510416666666667
184566854,175,0.6832261904761904,0.6145992063492063,0.5941031746031746,0.5584404761904761,0.5291468253968253,0.5190674603174603,0.5011349206349206,0.4811587301587301,0.45109920634920636
184566854,176,0.6831794507575758,0.6142834595959595,0.5939749053030303,0.5585345643939394,0.5292929292929294,0.5190972222222222,0.5012626262626263,0.4812302714646464,0.45105744949494947
184566854,177,0.6830547708725675,0.6141282172002511,0.5937892341494037,0.5587649089767734,0.5294805398618958,0.5191658819836786,0.5015497489014439,0.4812460765850597,0.4510632454488387
184566854,178,0.6828651685393259,0.6137796504369538,0.5935198189762796,0.5589965667915107,0.5295802122347066,0.5193586142322097,0.5018024344569288,0.4813943508114856,0.4510416666666667
184566854,179,0.6828328677839851,0.6136367163252637,0.5934473929236499,0.5593653010552452,0.5298766294227187,0.5195530726256983,0.5021143699565488,0.4815254500310366,0.4510203289882061
184566854,180,0.6827854938271604,0.613383487654321,0.5933680555555556,0.5596373456790124,0.5299691358024692,0.5196412037037037,0.5023379629629631,0.48159336419753085,0.45102237654320987
184566854,181,0.6827348066298343,0.6131368937998772,0.5933624923265808,0.5599792817679557,0.5302255985267035,0.5198166052793124,0.5025744321669736,0.48176028238182933,0.4509208103130755
184566854,182,0.6826083638583639,0.612912087912088,0.5935248778998778,0.5603785103785104,0.5305479242979243,0.5201923076923077,0.5030639499389499,0.48199023199023194,0.45105311355311356
184566854,183,0.6826730418943533,0.6128415300546449,0.593681693989071,0.56085686095932,0.5309540072859745,0.5206018518518519,0.5035215543412265,0.4821911050394656,0.45115740740740745
184566854,184,0.6826313405797101,0.612692481884058,0.5936745169082125,0.5613149154589372,0.5313745471014493,0.5209125905797102,0.5039439915458938,0.48231053743961355,0.4512945350241546
184566854,185,0.6825037537537537,0.6124774774774775,0.593948948948949,0.561753003003003,0.5318618618618619,0.5210998498498498,0.5043843843843844,0.48252252252252253,0.45124624624624626
184566854,186,0.6824447431302271,0.6122349163679809,0.5941420250896057,0.5621975806451612,0.5323290023894863,0.5214493727598566,0.5048237753882916,0.4827919653524492,0.4512694145758662
184566854,187,0.6822823826500297,0.6119875222816399,0.5941733511586453,0.5626151218062984,0.5327688651218063,0.5217171717171717,0.5051619132501486,0.4830251039809863,0.45146316102198447
184566854,188,0.6823359929078013,0.6118720449172577,0.5944333628841607,0.563139036643026,0.5333628841607565,0.5221742021276595,0.5057217789598109,0.4832779255319148,0.45161421394799056
184566854,189,0.6822089947089947,0.6117798353909465,0.5946061140505585,0.5636757789535568,0.5338146678424457,0.5224537037037037,0.5061434450323339,0.4833443562610229,0.45160934744268083
184566854,190,0.6823647660818714,0.6116849415204678,0.5947624269005848,0.5642397660818713,0.5343603801169591,0.5229020467836257,0.5065131578947368,0.4835233918128655,0.4516959064327486
184566854,191,0.6825879872018615,0.6118019197207679,0.5950334496800466,0.5647324025596276,0.5349585514834206,0.5232584351367074,0.5069517161140198,0.4837441826643398,0.4518215532286213
184566854,192,0.6827980324074074,0.6117368344907408,0.5952654803240741,0.5654224537037037,0.535669849537037,0.5239691840277778,0.5074544270833333,0.48402416087962963,0.45188802083333335
184566854,193,0.6829195451928612,0.6116796200345422,0.5955778641335636,0.5660261945883707,0.5362802245250432,0.5245034542314335,0.5080202936096719,0.4843408175014393,0.4520581462291307
184566854,194,0.6830720217640321,0.6117303837342496,0.5958941867124856,0.5666201317296679,0.5369558991981672,0.5250894902634593,0.5086733963344787,0.4847472794959908,0.4522086197021764
184566854,195,0.6832977207977209,0.6118304843304845,0.596264245014245,0.5673397435897437,0.5377029914529915,0.5258653846153847,0.5093696581196581,0.48518874643874643,0.45244301994301994
184566854,196,0.6834927721088435,0.611890589569161,0.5964994331065759,0.5679776077097505,0.538389314058957,0.5265270691609977,0.5100410997732426,0.48556193310657597,0.452703373015873
184566854,197,0.6835871404399323,0.6118478567399888,0.5965771291596165,0.5686089960518894,0.5390404681331077,0.5270022560631697,0.510635222786238,0.48592075578116184,0.4528236040609137
184566854,198,0.6837156285072952,0.6120195005611673,0.5967662738496072,0.5694304152637486,0.5396885521885523,0.5275813692480359,0.5113741582491583,0.48640572390572395,0.45315656565656565
184566854,199,0.6838183975432719,0.6121545226130652,0.5968069514237856,0.5700795644891122,0.5403929369067559,0.5282453936348409,0.5120428531546622,0.48681602456728085,0.453430346175321
184566854,200,0.684,0.61225,0.59696875,0.5709444444444445,0.5410451388888889,0.5288541666666666,0.5127013888888888,0.4872986111111111,0.45371180555555557
1497586439,1,0.23055555555555557,0.41388888888888886,0.49722222222222223,0.5819444444444445,0.6354166666666666,0.6673611111111111,0.6826388888888889,0.7131944444444445,0.7569444444444444
1497586439,2,0.3298611111111111,0.5902777777777778,0.665625,0.715625,0.7590277777777777,0.7809027777777777,0.7982638888888889,0.8267361111111111,0.8545138888888889
1497586439,3,0.3657407407407407,0.6217592592592592,0.6976851851851852,0.7432870370370371,0.7826388888888889,0.8013888888888889,0.818287037037037,0.8261574074074073,0.8423611111111111
1497586439,4,0.390625,0.6612847222222222,0.7350694444444444,0.7751736111111112,0.8107638888888888,0.8217013888888889,0.8428819444444444,0.8508680555555556,0.8690972222222222
1497586439,5,0.4204166666666667,0.678611111111111,0.7441666666666666,0.7876388888888889,0.8163888888888888,0.8244444444444443,0.8468055555555556,0.8498611111111111,0.863611111111111
1497586439,6,0.4400462962962963,0.6972222222222222,0.7583333333333333,0.7986111111111112,0.8251157407407407,0.8329861111111111,0.8510416666666667,0.8528935185185186,0.858449074074074
1497586439,7,0.45982142857142855,0.7084325396825396,0.7708333333333334,0.8055555555555556,0.8257936507936507,0.8389880952380954,0.851686507936508,0.8539682539682538,0.8514880952380952
1497586439,8,0.47065972222222224,0.7223958333333333,0.7800347222222223,0.8071180555555556,0.8325520833333333,0.8420138888888888,0.8532986111111112,0.8521701388888889,0.8442708333333333
1497586439,9,0.4842592592592592,0.7324845679012346,0.7880401234567902,0.8113425925925926,0.8319444444444445,0.8402777777777778,0.8490740740740743,0.8459876543209878,0.8350308641975309
1497586439,10,0.49909722222222225,0.7398611111111112,0.7921527777777778,0.8122916666666667,0.8329861111111111,0.8410416666666666,0.84625,0.840138888888889,0.8209722222222224
1497586439,11,0.5117424242424242,0.748800505050505,0.7976641414141413,0.8162878787878788,0.8351010101010101,0.8421085858585857,0.8438762626262627,0.8357323232323233,0.8094065656565657
1497586439,12,0.5184027777777778,0.7549189814814816,0.8036458333333333,0.8215856481481483,0.8372685185185185,0.8398148148148148,0.8392361111111111,0.8284143518518517,0.7998263888888889
1497586439,13,0.5227564102564103,0.7632478632478634,0.8085470085470086,0.824465811965812,0.8393162393162394,0.8387820512820513,0.8362179487179487,0.8255876068376068,0.7899572649572649
1497586439,14,0.5313492063492063,0.7703373015873015,0.8132936507936509,0.8255952380952382,0.8387896825396826,0.8380952380952382,0.8309027777777778,0.8180555555555555,0.7825892857142858
1497586439,15,0.5380092592592592,0.7750925925925927,0.8166666666666667,0.8277314814814816,0.8398611111111112,0.8375000000000001,0.829675925925926,0.8137500000000001,0.7762037037037037
1497586439,16,0.5438802083333333,0.7801649305555556,0.8180989583333333,0.8283854166666667,0.8404513888888889,0.8354166666666667,0.8253038194444444,0.8090277777777778,0.7681857638888889
1497586439,17,0.5476307189542483,0.7836192810457517,0.8197712418300653,0.8302287581699346,0.8397467320261439,0.8330882352941177,0.821078431372549,0.803390522875817,0.7614787581699346
1497586439,18,0.5550154320987654,0.784567901234568,0.8192901234567902,0.8298611111111112,0.8371141975308641,0.8312114197530865,0.8166280864197532,0.7981095679012346,0.7562885802469137
1497586439,19,0.5615497076023392,0.7857090643274854,0.8187134502923977,0.8269736842105263,0.8347587719298246,0.8273391812865498,0.8118786549707602,0.7921783625730996,0.7491959064327486
1497586439,20,0.5662847222222223,0.7859027777777778,0.8189583333333335,0.8247222222222221,0.8331597222222222,0.8262499999999999,0.8080555555555555,0.7862847222222222,0.7434722222222222
1497586439,21,0.5716269841269841,0.7872023809523808,0.8186507936507936,0.8230158730158732,0.8304563492063493,0.8224537037037039,0.804265873015873,0.7812169312169313,0.7366402116402117
1497586439,22,0.5776199494949494,0.788068181818182,0.8176136363636365,0.8209911616161616,0.8278409090909092,0.8193181818181817,0.7992424242424243,0.7753787878787879,0.7310921717171717
1497586439,23,0.583605072463768,0.7888888888888889,0.8179649758454106,0.8214070048309179,0.8251207729468599,0.8172403381642512,0.7955615942028984,0.771105072463768,0.726207729468599
1497586439,24,0.5894386574074074,0.7898148148148147,0.8156828703703705,0.8201099537037037,0.8221064814814816,0.8149594907407406,0.7929108796296297,0.7672164351851851,0.7223668981481483
1497586439,25,0.5948055555555556,0.789138888888889,0.8145555555555556,0.8176666666666667,0.81925,0.8120555555555556,0.7888333333333334,0.7632777777777777,0.7178055555555555
1497586439,26,0.6006677350427351,0.7896901709401709,0.8132745726495726,0.8149305555555556,0.8164529914529915,0.8094818376068377,0.7860309829059828,0.7585737179487181,0.7137019230769232
1497586439,27,0.6059156378600823,0.7906121399176953,0.8131430041152263,0.8135802469135803,0.8140432098765432,0.8061728395061729,0.7832818930041152,0.7547325102880659,0.7102880658436214
1497586439,28,0.6114335317460318,0.7904761904761904,0.8119543650793651,0.8123263888888889,0.8114831349206348,0.8034474206349207,0.7796130952380954,0.7510416666666667,0.7066220238095238
1497586439,29,0.6169300766283524,0.7905411877394637,0.8107519157088123,0.8101772030651341,0.8091954022988505,0.8012691570881227,0.7772988505747127,0.7462164750957854,0.7028496168582375
1497586439,30,0.6219444444444444,0.790625,0.81,0.8083564814814814,0.8066203703703705,0.7987731481481481,0.774699074074074,0.7431944444444445,0.7006481481481482
1497586439,31,0.6270609318996416,0.791823476702509,0.8093637992831542,0.8062051971326165,0.8044354838709676,0.7960349462365592,0.7718413978494624,0.7409722222222223,0.698521505376344
1497586439,32,0.6322699652777778,0.7913845486111111,0.8080512152777778,0.8043619791666666,0.8014539930555555,0.7924696180555556,0.7685763888888889,0.7371961805555556,0.6951822916666667
1497586439,33,0.6389099326599327,0.7923400673400673,0.8084175084175085,0.8033670033670035,0.7996422558922559,0.7900042087542087,0.7658459595959596,0.734196127946128,0.6923190235690236
1497586439,34,0.6451797385620914,0.7924428104575164,0.8078227124183006,0.8018382352941177,0.7977532679738562,0.7874387254901961,0.763766339869281,0.7313725490196079,0.6893995098039216
1497586439,35,0.6503968253968254,0.792420634920635,0.8071230158730158,0.8012301587301587,0.795952380952381,0.7857936507936508,0.7620039682539682,0.7290079365079366,0.6877976190476189
1497586439,36,0.6554012345679012,0.7917631172839507,0.8063078703703704,0.7992091049382716,0.7941743827160493,0.7842013888888889,0.760378086419753,0.7273341049382716,0.6861304012345678
1497586439,37,0.6597222222222222,0.7915540540540541,0.8048611111111111,0.7981606606606606,0.7921546546546546,0.782225975975976,0.7579954954954957,0.7255818318318319,0.6837837837837838
1497586439,38,0.6643823099415204,0.7917580409356726,0.8038742690058478,0.7957419590643275,0.7899305555555556,0.7800255847953216,0.7561951754385965,0.7236476608187136,0.6818165204678363
1497586439,39,0.6690705128205128,0.7910790598290599,0.8028668091168091,0.7941239316239317,0.7868233618233619,0.7778490028490029,0.7537571225071225,0.7217592592592593,0.68005698005698
1497586439,40,0.6736284722222222,0.7907986111111112,0.8020833333333335,0.7923090277777779,0.7849652777777777,0.7765104166666666,0.7528645833333333,0.7204513888888887,0.6787326388888889
1497586439,41,0.6786754742547425,0.7906165311653116,0.8010670731707317,0.7903624661246612,0.7827235772357722,0.7741700542005421,0.751050135501355,0.7192581300813008,0.6773373983739837
1497586439,42,0.6831183862433862,0.7899966931216931,0.799206349206349,0.7886739417989418,0.7802579365079366,0.7719742063492064,0.7489583333333335,0.718667328042328,0.676438492063492
1497586439,43,0.6872254521963824,0.7898417312661498,0.7986595607235144,0.787451550387597,0.7781007751937984,0.7702196382428941,0.7484819121447027,0.7175549095607234,0.6753552971576227
1497586439,44,0.6921717171717172,0.7899621212121212,0.7979482323232323,0.7867424242424244,0.7763257575757576,0.7687184343434343,0.747064393939394,0.7166193181818182,0.6746527777777778
1497586439,45,0.6958333333333333,0.7897222222222222,0.7967901234567901,0.785601851851852,0.7743981481481482,0.7673456790123456,0.7458950617283951,0.7158950617283951,0.6742438271604938
1497586439,46,0.7002717391304348,0.7892059178743962,0.7958786231884059,0.7840579710144927,0.7729317632850241,0.765625,0.7447614734299517,0.7150966183574881,0.6735658212560387
1497586439,47,0.7034426713947991,0.7882683215130025,0.7945183215130023,0.7826388888888889,0.7703900709219857,0.7635490543735225,0.7430851063829788,0.7136820330969267,0.6718971631205674
1497586439,48,0.7068431712962963,0.7868344907407407,0.7926649305555555,0.780396412037037,0.7682002314814815,0.7618344907407406,0.7416956018518519,0.7122251157407408,0.6704571759259259
1497586439,49,0.7104733560090702,0.786422902494331,0.7913973922902493,0.7797335600907029,0.7664257369614511,0.7600481859410432,0.7412556689342403,0.7116780045351473,0.6690476190476191
1497586439,50,0.7136666666666666,0.785375,0.7902361111111111,0.7783472222222223,0.7648333333333335,0.7583749999999999,0.7404722222222222,0.7106805555555556,0.667875
1497586439,51,0.7172113289760348,0.7853077342047932,0.7893246187363835,0.7774509803921569,0.763357843137255,0.7574074074074074,0.7397875816993466,0.7101034858387801,0.6676062091503268
1497586439,52,0.7203125,0.7850694444444445,0.788301282051282,0.7760817307692308,0.7616586538461539,0.7557959401709401,0.7388755341880342,0.7090945512820512,0.6671741452991453
1497586439,53,0.7235980083857442,0.7841981132075473,0.7867138364779874,0.7746462264150943,0.7602070230607967,0.7540880503144656,0.7373165618448638,0.7074947589098532,0.6660901467505242
1497586439,54,0.727121913580247,0.7830118312757202,0.7854809670781893,0.7731867283950618,0.7577932098765432,0.7520061728395062,0.7363811728395062,0.7059542181069959,0.665329218106996
1497586439,55,0.730719696969697,0.7826136363636363,0.784671717171717,0.7730934343434344,0.755631313131313,0.749949494949495,0.7344949494949495,0.7047979797979799,0.6642171717171718
1497586439,56,0.7339533730158732,0.7816840277777778,0.7837549603174604,0.7724206349206348,0.7538194444444445,0.7483010912698413,0.732936507936508,0.7035590277777778,0.6631820436507938
1497586439,57,0.7377680311890839,0.7810185185185184,0.783162768031189,0.7715521442495127,0.7522417153996102,0.7475633528265108,0.732370857699805,0.7024366471734892,0.6625
1497586439,58,0.7411637931034483,0.7799449233716474,0.7820761494252874,0.7707734674329503,0.750419061302682,0.7459889846743295,0.7311901340996168,0.7012811302681993,0.6618654214559387
1497586439,59,0.7450800376647834,0.7793079096045198,0.781261770244821,0.7698210922787194,0.7494821092278721,0.7453389830508476,0.7303672316384181,0.7009769303201507,0.6617584745762711
1497586439,60,0.7485532407407408,0.7790625,0.7802546296296295,0.7685648148148149,0.747986111111111,0.7439699074074073,0.7292245370370372,0.7003935185185185,0.6618055555555555
1497586439,61,0.7514799635701276,0.7782217668488159,0.7790983606557377,0.7672358834244081,0.7461407103825136,0.7423611111111111,0.7280965391621129,0.69966985428051,0.6612818761384336
1497586439,62,0.7546594982078854,0.7778113799283154,0.7785282258064515,0.7660506272401435,0.7452844982078853,0.7412410394265234,0.7273185483870968,0.6991375448028674,0.6614135304659499
1497586439,63,0.7580908289241624,0.7772376543209876,0.7777006172839507,0.7650242504409172,0.7441909171075837,0.7401455026455027,0.7261904761904763,0.6986992945326278,0.6617063492063492
1497586439,64,0.7610677083333334,0.7768663194444444,0.7769314236111111,0.7644639756944445,0.7433702256944444,0.7391167534722223,0.7253146701388888,0.6984809027777777,0.6622721354166666
1497586439,65,0.7637820512820512,0.776517094017094,0.775673076923077,0.7636217948717949,0.7417841880341882,0.737863247863248,0.7242628205128205,0.6980769230769232,0.6627777777777778
1497586439,66,0.7665404040404041,0.776010101010101,0.7750105218855219,0.7632891414141413,0.7402988215488215,0.737131734006734,0.7238110269360271,0.6978535353535353,0.6637100168350168
1497586439,67,0.769092039800995,0.7756840796019902,0.7744610281923716,0.7621683250414593,0.738992537313433,0.736422056384743,0.7231135986733002,0.697398424543947,0.664417495854063
1497586439,68,0.772109885620915,0.775234885620915,0.773937908496732,0.7620710784313727,0.7380412581699346,0.7360294117647059,0.7229370915032679,0.6970996732026143,0.6653084150326797
1497586439,69,0.7754830917874396,0.7752415458937197,0.7739331723027375,0.7619665861513687,0.7374798711755233,0.7355877616747182,0.7234903381642512,0.6977455716586151,0.6666062801932368
1497586439,70,0.7789781746031745,0.7754563492063492,0.7741269841269842,0.7622916666666667,0.7375694444444444,0.7361309523809524,0.7240873015873016,0.699017857142857,0.6683134920634919
1497586439,71,0.7823356807511737,0.7757335680751173,0.7745696400625977,0.7630868544600938,0.7382531298904539,0.7371381064162755,0.7253227699530516,0.700547730829421,0.6699530516431925
1497586439,72,0.7802565586419752,0.7714216820987654,0.7703317901234569,0.7584780092592592,0.7327932098765432,0.7318190586419753,0.7199363425925925,0.6949170524691357,0.6638020833333332
1497586439,73,0.7773687214611872,0.7667237442922374,0.766257610350076,0.7541000761035008,0.7271118721461188,0.7263888888888889,0.714488203957382,0.6894977168949772,0.6579718417047185
1497586439,74,0.7749343093093093,0.7618337087087088,0.761524024024024,0.7495026276276276,0.721584084084084,0.7208521021021022,0.708887012012012,0.6837087087087087,0.6521302552552553
1497586439,75,0.7723425925925926,0.7572500000000001,0.7569907407407407,0.745361111111111,0.7161296296296297,0.715712962962963,0.7036111111111112,0.6784074074074075,0.646537037037037
1497586439,76,0.770531798245614,0.7529422514619882,0.75281432748538,0.7412280701754387,0.7112755847953216,0.7108369883040936,0.6988669590643275,0.6731359649122808,0.6411366959064327
1497586439,77,0.7683441558441558,0.748349567099567,0.7486020923520924,0.7367514430014429,0.7061778499278499,0.7055284992784993,0.6940927128427128,0.6677308802308802,0.6356240981240981
1497586439,78,0.7661948005698006,0.7441862535612536,0.7445067663817664,0.7326477920227921,0.7012553418803419,0.7008279914529916,0.6893785612535612,0.6627047720797721,0.6301905270655271
1497586439,79,0.7641877637130801,0.7400755977496485,0.7405678621659634,0.7289556962025318,0.6966068917018284,0.6962728551336146,0.6846958509142054,0.6578586497890296,0.625070323488045
1497586439,80,0.7625173611111111,0.7360243055555555,0.7365104166666667,0.7252256944444445,0.6922916666666665,0.6919618055555555,0.6799739583333333,0.6528385416666667,0.620078125
1497586439,81,0.760605281207133,0.7318072702331962,0.7325445816186557,0.7215277777777778,0.6879972565157749,0.6874571330589849,0.6752486282578875,0.6479252400548697,0.6151491769547326
1497586439,82,0.7592140921409214,0.7275406504065042,0.7285060975609756,0.717750677506775,0.6838329945799458,0.682960704607046,0.670875677506775,0.643089430894309,0.6103065718157181
1497586439,83,0.7577476572958501,0.7233517402945112,0.7245063587684069,0.7140227576974566,0.6799447791164659,0.6785056894243642,0.6666582998661312,0.6383534136546184,0.6058651271753681
1497586439,84,0.7565806878306879,0.7191302910052908,0.7202132936507936,0.7103835978835978,0.6759259259259258,0.673859126984127,0.6623842592592593,0.6340112433862433,0.6015128968253968
1497586439,85,0.7549509803921569,0.7154003267973856,0.7160784313725491,0.7071160130718954,0.6720915032679738,0.6698366013071896,0.6581290849673203,0.6295261437908497,0.5973202614379084
1497586439,86,0.7529392764857881,0.7115067829457364,0.7120397286821704,0.7035206718346253,0.6683220284237726,0.665625,0.6538921188630491,0.625,0.5929586563307493
1497586439,87,0.7511414431673052,0.7078304597701149,0.7082136015325671,0.700007982120051,0.66492656449553,0.661653895274585,0.6497685185185186,0.6207295657726692,0.5887292464878673
1497586439,88,0.7492818813131312,0.7042929292929293,0.7043797348484849,0.6965435606060606,0.6614030934343434,0.6577335858585859,0.6458727904040404,0.6166982323232323,0.5847695707070707
1497586439,89,0.7476435705368291,0.700671036204744,0.7008192883895131,0.6929775280898877,0.658083645443196,0.6538311485642946,0.6420021847690387,0.6125702247191012,0.5808754681647941
1497586439,90,0.7455709876543211,0.6971064814814815,0.6971373456790124,0.6896759259259259,0.6549537037037036,0.6498456790123457,0.6382561728395062,0.6086188271604938,0.5769058641975308
1497586439,91,0.7431700244200244,0.6934294871794872,0.6936660561660561,0.6862408424908425,0.6514652014652015,0.6461080586080586,0.634836691086691,0.604800061050061,0.5730540293040293
1497586439,92,0.7415836352657005,0.6900890700483091,0.6902022946859904,0.6828502415458937,0.6482789855072464,0.6427687198067633,0.6312726449275363,0.6011020531400966,0.5696407004830917
1497586439,93,0.7394339904420549,0.6866188769414576,0.6867383512544804,0.6793533452807647,0.6451164874551971,0.639068100358423,0.6277404420549583,0.5972894265232975,0.5658975507765831
1497586439,94,0.7376329787234043,0.6836214539007093,0.6836805555555555,0.6760047281323877,0.6420286643026004,0.6355496453900709,0.6242169030732859,0.5936687352245863,0.5623522458628841
1497586439,95,0.7358187134502924,0.6804897660818714,0.6806140350877194,0.6729532163742691,0.6390862573099416,0.6321271929824561,0.6208771929824561,0.590233918128655,0.5588596491228071
1497586439,96,0.7334201388888889,0.6772641782407407,0.6776331018518519,0.6701099537037036,0.6362630208333333,0.6286964699074075,0.6176576967592592,0.5868851273148148,0.5554832175925926
1497586439,97,0.7314075028636883,0.6742482817869415,0.674606242840779,0.6672537227949599,0.6335051546391752,0.6252219358533792,0.6147336769759449,0.5836197021764031,0.5523267468499427
1497586439,98,0.7293579931972788,0.6713222789115646,0.6715632086167801,0.6645904195011337,0.6309027777777778,0.6220025510204082,0.6116213151927438,0.5804988662131519,0.5491780045351474
1497586439,99,0.7277286756453423,0.6682730078563411,0.6686307519640853,0.6620089786756453,0.6281846240179573,0.61875,0.6084876543209876,0.5775743546576879,0.5460718294051627
1497586439,100,0.7263819444444445,0.6653125,0.6661736111111111,0.6594861111111112,0.6255833333333333,0.6158611111111111,0.6056527777777778,0.5744236111111111,0.5431111111111111
1497586439,101,0.7246974697469747,0.662383113311331,0.6632700770077007,0.6568894389438943,0.6227585258525852,0.6125275027502749,0.6026815181518151,0.57134900990099,0.5399202420242024
1497586439,102,0.7230868736383442,0.6602532679738562,0.6608660130718954,0.6546840958605664,0.6203635620915033,0.6097017973856209,0.5997889433551199,0.568348311546841,0.5370506535947712
1497586439,103,0.7216828478964402,0.658131067961165,0.6582659115426105,0.65263619201726,0.6180083603020496,0.6067421790722761,0.5970132146709817,0.565480043149946,0.53388619201726
1497586439,104,0.7203993055555555,0.655715811965812,0.6557959401709401,0.6504407051282051,0.6156450320512821,0.6039129273504272,0.5941573183760683,0.562633547008547,0.531043002136752
1497586439,105,0.7192592592592593,0.6534656084656084,0.6537103174603175,0.6482936507936509,0.6134060846560847,0.6011507936507936,0.5916798941798942,0.5599933862433863,0.5281944444444445
1497586439,106,0.718062106918239,0.6513561320754717,0.6515592243186583,0.6460298742138365,0.6113797169811321,0.5986504192872119,0.5890264675052411,0.557416142557652,0.5255437631027253
1497586439,107,0.7167575285565939,0.6495132398753894,0.6497533748701971,0.6441458982346832,0.6095599688473519,0.596079958463136,0.5864745586708202,0.5547053478712357,0.522871235721703
1497586439,108,0.7152906378600824,0.6475051440329218,0.6477109053497943,0.6422260802469136,0.6074138374485597,0.5936792695473251,0.5840599279835391,0.5521926440329218,0.5203575102880659
1497586439,109,0.7140609072375128,0.6456039755351682,0.6457951070336392,0.6401503567787972,0.605644750254842,0.5912652905198776,0.5818042813455657,0.5496750764525994,0.5177879714576962
1497586439,110,0.7130239898989899,0.643996212121212,0.6439078282828283,0.6384659090909092,0.6037752525252525,0.5889267676767677,0.5796906565656565,0.5472727272727272,0.5153977272727273
1497586439,111,0.7118368368368369,0.6422422422422422,0.6422735235235235,0.6365302802802802,0.6018330830830831,0.5865427927927929,0.5773335835835836,0.5448385885885886,0.512987987987988
1497586439,112,0.7109188988095237,0.6405877976190475,0.6407056051587302,0.6346354166666667,0.6000620039682539,0.5844618055555556,0.5752046130952381,0.5426649305555554,0.5105964781746031
1497586439,113,0.7096976401179941,0.6386184857423796,0.638925762045231,0.6326388888888889,0.5982608161258602,0.5821779744346116,0.573187069813176,0.5402286135693215,0.5083026057030482
1497586439,114,0.7086622807017544,0.6369639376218323,0.6374208089668616,0.6309271442495127,0.596454678362573,0.5803057992202729,0.571369395711501,0.5380908869395711,0.5062256335282651
1497586439,115,0.7075362318840579,0.6352958937198068,0.6363828502415458,0.6296980676328503,0.5948731884057972,0.5786473429951691,0.5695289855072464,0.5359299516908214,0.5041123188405797
1497586439,116,0.7064475574712644,0.6337823275862069,0.6352490421455939,0.6281489463601533,0.593312978927203,0.5769875478927203,0.5676005747126436,0.5338721264367816,0.5020294540229885
1497586439,117,0.7052884615384616,0.6321165716999051,0.6341464862298196,0.6264719848053182,0.5917141500474833,0.5750712250712251,0.5656991927825261,0.5318910256410256,0.5001305792972459
1497586439,118,0.7043667608286253,0.6306144067796611,0.6332274011299435,0.6249117231638418,0.5899599811676082,0.5730402542372881,0.5638241525423728,0.5296845574387947,0.498222693032015
1497586439,119,0.7031395891690009,0.6290207749766573,0.6318218954248367,0.623033380018674,0.5882236227824462,0.5712184873949581,0.5618872549019607,0.527719421101774,0.49623015873015874
1497586439,120,0.702337962962963,0.6275578703703704,0.630613425925926,0.6213773148148148,0.5864525462962963,0.5693865740740741,0.5601388888888889,0.5259027777777778,0.49438078703703703
1497586439,121,0.7014061065197428,0.6260847107438016,0.6292125803489439,0.6196108815426997,0.5847681359044995,0.5674644168962352,0.5583275941230487,0.524024334251607,0.4926767676767677
1497586439,122,0.7003187613843351,0.6245617030965391,0.628056693989071,0.6182377049180329,0.5831511839708561,0.5654940801457194,0.5564093806921676,0.5222279143897997,0.49106329690346084
1497586439,123,0.6995144534778681,0.6231820234869017,0.6268405600722674,0.6168078139114724,0.581419376693767,0.5637364498644987,0.5548215898825656,0.5206131436314363,0.4894873532068653
1497586439,124,0.6986615143369176,0.6216789874551971,0.6258400537634409,0.6155745967741935,0.579872311827957,0.5620911738351255,0.5531922043010753,0.5189236111111111,0.48799283154121864
1497586439,125,0.6981055555555555,0.6201055555555556,0.6245888888888889,0.6141555555555555,0.5786888888888888,0.5602777777777778,0.5515777777777777,0.5173777777777777,0.4864111111111111
1497586439,126,0.6974592151675485,0.6185019841269841,0.6230599647266314,0.6127700617283951,0.5771164021164021,0.5584656084656084,0.5499338624338624,0.5157242063492063,0.4850253527336861
1497586439,127,0.6970199037620298,0.6170330271216098,0.6219488188976378,0.6112040682414698,0.5756452318460192,0.5568569553805774,0.5486712598425196,0.5144138232720911,0.4837270341207349
1497586439,128,0.6965549045138889,0.615625,0.6207085503472223,0.6099012586805556,0.5742567274305556,0.5549750434027778,0.5471571180555556,0.5128580729166666,0.48235134548611114
1497586439,129,0.6962101636520241,0.6141795865633075,0.6196328596037898,0.6084894487510766,0.5729274332472006,0.5532407407407408,0.545666451335056,0.5116117571059432,0.48099698535745056
1497586439,130,0.6956997863247862,0.6130128205128205,0.6183760683760684,0.6072809829059829,0.5717681623931624,0.5514476495726495,0.5443055555555556,0.5102457264957264,0.47967414529914526
1497586439,131,0.6952131043256997,0.6117525445292621,0.6173505089058524,0.6059955470737913,0.5704516539440203,0.5497826547921967,0.5427692960135708,0.5089111535199321,0.47840860899067
1497586439,132,0.6946969696969697,0.6105955387205387,0.6162931397306397,0.6049347643097642,0.5693760521885521,0.5483585858585859,0.5415667087542088,0.5078966750841751,0.47722011784511786
1497586439,133,0.6943870091896408,0.6092522974101922,0.6151159147869674,0.6037124060150376,0.5681338763575605,0.5465799916457812,0.5400845864661654,0.5066050543024226,0.47606516290726825
1497586439,134,0.6939054726368159,0.6080793946932006,0.6139769900497513,0.6024305555555556,0.5666148424543946,0.5448383084577114,0.538603855721393,0.505540008291874,0.4749429933665008
1497586439,135,0.6933436213991769,0.6069547325102881,0.6129475308641975,0.6011882716049383,0.5654578189300412,0.543045267489712,0.5370267489711934,0.5043672839506173,0.47377057613168727
1497586439,136,0.6929432189542484,0.6059793709150327,0.6118974673202615,0.6000561683006537,0.5642463235294117,0.5414828431372549,0.5356004901960785,0.503405841503268,0.47284517973856216
1497586439,137,0.6921380778588808,0.6048560421735605,0.6107258718572587,0.5988392133008922,0.5629460665044607,0.539669505271695,0.5342153284671534,0.5023976074614761,0.47195863746958633
1497586439,138,0.691460346215781,0.6037791867954911,0.609561191626409,0.597614734299517,0.5616193639291466,0.5381441223832528,0.5327143719806764,0.501298309178744,0.47125100644122386
1497586439,139,0.6915017985611511,0.6027827737809752,0.608533173461231,0.5966926458832933,0.5605415667466027,0.5365957234212629,0.5314148681055156,0.5003896882494006,0.47044364508393294
1497586439,140,0.6912301587301588,0.6017013888888889,0.6074255952380951,0.5958482142857143,0.5592162698412698,0.5349503968253968,0.5298809523809525,0.49930555555555556,0.46956349206349207
1497586439,141,0.6910953506698188,0.6008569739952718,0.6063485027580772,0.5949418833727345,0.5580673758865249,0.5335648148148149,0.5283884948778566,0.4983500788022064,0.4690110323089047
1497586439,142,0.6910553599374022,0.5997408059467918,0.6053354851330204,0.5941412363067292,0.5568906494522692,0.5321156103286385,0.526902386541471,0.49739338810641626,0.46824139280125193
1497586439,143,0.6909625097125097,0.5988490675990676,0.604496891996892,0.5932400932400933,0.5558032245532246,0.530754662004662,0.5255924630924631,0.49660547785547793,0.4676719114219114
1497586439,144,0.690407986111111,0.5981336805555556,0.6037229938271604,0.5925925925925926,0.5549045138888888,0.5296440972222223,0.5246238425925925,0.4956548996913581,0.4666763117283951
1497586439,145,0.6898611111111111,0.597418582375479,0.602705938697318,0.5920162835249042,0.5539319923371647,0.528433908045977,0.5237021072796935,0.4948323754789273,0.4656896551724138
1497586439,146,0.6894358828006089,0.5968940258751902,0.6019406392694064,0.5916904490106545,0.553277207001522,0.5275732496194825,0.5228976407914764,0.4940211187214612,0.4648354261796042
1497586439,147,0.6891770597127741,0.5963529856387,0.6013510959939532,0.5913548752834467,0.5523337112622827,0.5266109221466364,0.5220568783068783,0.49317365835222976,0.46403061224489794
1497586439,148,0.6887997372372373,0.5957254129129129,0.6007132132132132,0.5910566816816817,0.5515108858858858,0.5258727477477477,0.5212321696696697,0.49238926426426427,0.4633117492492492
1497586439,149,0.6883249440715883,0.594943139448173,0.5999533929903057,0.5906133482475765,0.5507736763609247,0.5249533929903057,0.5205164056674124,0.4915361670395228,0.4623228933631618
1497586439,150,0.6878425925925926,0.5944212962962964,0.5991851851851853,0.5902314814814815,0.5499675925925926,0.5241296296296296,0.5197083333333334,0.4907546296296297,0.46152314814814815
1497586439,151,0.6876563649742458,0.5938971670345843,0.5985697203826343,0.5898454746136865,0.5490802060338484,0.5233765636497425,0.5189845474613687,0.4900984179543782,0.4608535688005887
1497586439,152,0.6872852704678363,0.5935261330409357,0.5980217470760234,0.5897158260233918,0.5482547514619883,0.5226745248538012,0.5182154605263157,0.4893960160818714,0.4600374634502924
1497586439,153,0.6870506535947712,0.5933914306463326,0.597476397966594,0.5895061728395062,0.5473856209150327,0.522276688453159,0.5177741466957153,0.4887890341321714,0.4593364197530864
1497586439,154,0.6866747835497836,0.5933757215007215,0.5971861471861472,0.589366883116883,0.5467352092352092,0.521983225108225,0.517419733044733,0.4885146103896103,0.45873466810966806
1497586439,155,0.6863396057347669,0.593176523297491,0.5967159498207886,0.5889919354838711,0.5460887096774193,0.5214560931899641,0.516939964157706,0.4881048387096774,0.4580958781362008
1497586439,156,0.6862491096866097,0.5930422008547009,0.5963363603988603,0.5890402421652422,0.5455039173789173,0.5209713319088319,0.5165242165242165,0.48762019230769227,0.45752759971509965
1497586439,157,0.6859562986553432,0.5929626680820949,0.5958687190375088,0.588809271054494,0.5447452229299363,0.520497169143666,0.5159102972399151,0.4870886411889596,0.4569488676574664
1497586439,158,0.6856364275668073,0.5929544655414909,0.5954509493670886,0.5887350562587904,0.5442290787623066,0.5202575597749648,0.5155019338959212,0.4868363220815753,0.4564433895921238
1497586439,159,0.6855040181691124,0.5930249825296995,0.5953572676450035,0.5888408455625437,0.5439771139063592,0.5200864779874214,0.5151380153738644,0.4866832634521314,0.45602288609364083
1497586439,160,0.6851996527777777,0.5927907986111112,0.5950260416666666,0.5887673611111112,0.5436024305555556,0.5197265625,0.5146918402777778,0.4864670138888889,0.45558159722222225
1497586439,161,0.6848429951690821,0.5926242236024845,0.5947377501725327,0.5887206694271911,0.5430857487922705,0.5191597653554175,0.5141821946169772,0.48612405106970324,0.45521048999309865
1497586439,162,0.6846922153635115,0.5926954732510288,0.5945516117969821,0.5887345679012346,0.5426183127572016,0.5189386145404664,0.5136402606310014,0.4859010631001372,0.4548525377229082
1497586439,163,0.6845688479890933,0.5927232447171098,0.5944018404907976,0.5886801295160191,0.5424505794137696,0.5186221881390594,0.513309475119291,0.4857191547375597,0.45447341513292433
1497586439,164,0.684353827913279,0.5927591463414633,0.5941226287262873,0.588719512195122,0.5420985772357724,0.5184239498644986,0.5127752371273714,0.4853616192411925,0.45419630758807583
1497586439,165,0.6842382154882155,0.5929166666666668,0.5940614478114479,0.5889983164983166,0.541952861952862,0.5184511784511784,0.5122853535353535,0.4851936026936027,0.4539267676767676
1497586439,166,0.6841825635876841,0.592984437751004,0.5938545850066935,0.5891691767068272,0.5419595046854083,0.5183149263721553,0.5118055555555555,0.48497740963855424,0.45360190763052205
1497586439,167,0.6839113439787093,0.5930888223552894,0.5936169328010645,0.5891882900864936,0.5419328010645376,0.518296739853626,0.5114313040585495,0.4848719228210246,0.45352628077178975
1497586439,168,0.6837301587301587,0.5930844907407408,0.5933531746031746,0.5892609126984127,0.5416335978835979,0.5181175595238096,0.5110780423280423,0.4846602182539682,0.4533895502645502
1497586439,169,0.683690828402367,0.593129520052597,0.5931993754109138,0.5895751150558843,0.541543392504931,0.5180267915844838,0.5107782708744246,0.48455785667324136,0.4532790927021696
1497586439,170,0.6835212418300654,0.5934599673202615,0.5930392156862745,0.5897753267973856,0.5414705882352941,0.5178431372549019,0.5105228758169934,0.484391339869281,0.4532475490196079
1497586439,171,0.6834673489278753,0.5935997400909682,0.5928281351526965,0.5899691358024691,0.5411468486029889,0.5177915854450942,0.510116146848603,0.4841617933723196,0.4532407407407407
1497586439,172,0.6833898578811369,0.5937217377260982,0.5927850452196383,0.5901001291989665,0.540843023255814,0.5178011950904393,0.509859496124031,0.48416908914728685,0.453217861757106
1497586439,173,0.6832530507385998,0.5940028901734103,0.5927585099550416,0.5902938342967244,0.5406832048811817,0.5178227360308284,0.5096620102761721,0.48390333975594096,0.4533678548490687
1497586439,174,0.6830818965517241,0.5942169540229886,0.5927562260536399,0.5906170178799489,0.5405252234993614,0.5178320561941252,0.5094827586206897,0.48379230523627076,0.45343231162196673
1497586439,175,0.6830555555555555,0.5945873015873016,0.5929761904761905,0.591111111111111,0.5403253968253968,0.5180396825396825,0.5092896825396825,0.4838531746031747,0.45357142857142857
1497586439,176,0.6832741477272728,0.59497711489899,0.5932646780303029,0.5914575441919193,0.5401120580808082,0.5181502525252525,0.5092447916666667,0.4838660037878788,0.4537484217171717
1497586439,177,0.6831489328311362,0.5954017576898932,0.593459667294413,0.5918314500941619,0.539967827997489,0.5182399560577527,0.5091140929064658,0.4838943816698053,0.4537115505335845
1497586439,178,0.6829119850187265,0.5956538701622972,0.5934964107365792,0.5919826779026217,0.5397940074906367,0.5184730024968789,0.5090121722846442,0.4837858926342073,0.4537492197253434
1497586439,179,0.6828794227188082,0.5963144009931719,0.5938702669149597,0.5924658597144631,0.5397385164494103,0.518695685909373,0.5091131284916202,0.4837600869025451,0.4539843265052762
1497586439,180,0.6828356481481481,0.5967515432098766,0.5940663580246913,0.592908950617284,0.5394791666666667,0.5189081790123455,0.5091087962962964,0.4836921296296296,0.4540779320987654
1497586439,181,0.6827232965009208,0.5970572437077962,0.5943753836709638,0.5930747391037445,0.5394260282381829,0.5190224063842848,0.5090469613259668,0.4837668815224064,0.4542165438919583
1497586439,182,0.6826503357753357,0.5974053724053724,0.5945818070818071,0.5933379120879121,0.5393162393162393,0.5192460317460317,0.5091613247863247,0.4837950244200245,0.4544108669108669
1497586439,183,0.6827034001214329,0.5979546144505161,0.5949415604128718,0.5935982088646022,0.5393594414086217,0.5194975713418336,0.5091985428051001,0.484012598664238,0.4546030661809351
1497586439,184,0.6828162741545895,0.5984676932367149,0.5951955012077295,0.5939990942028986,0.5393002717391304,0.5198105374396136,0.5093108393719807,0.48411458333333335,0.4547818538647343
1497586439,185,0.6829054054054053,0.5989451951951952,0.5954842342342342,0.5944331831831832,0.5392867867867869,0.5200750750750751,0.5093393393393394,0.4840578078078078,0.4549587087087087
1497586439,186,0.6827695639187575,0.5994772998805257,0.5957362604540023,0.5946423237753883,0.5394041218637993,0.5205085125448028,0.5093227299880525,0.484094982078853,0.4550365890083632
1497586439,187,0.682653743315508,0.6000222816399287,0.5959781639928698,0.5948492275698158,0.5393568033273917,0.5207107843137254,0.5092914438502674,0.4841763220439691,0.45529188948306604
1497586439,188,0.6828900709219858,0.6006020981087471,0.5962655141843972,0.5952312352245863,0.5394466607565012,0.5212174940898345,0.5094673463356973,0.4844525709219858,0.45560726950354613
1497586439,189,0.6829952968841858,0.6009736919459142,0.5965388007054674,0.595543062904174,0.5393702233980011,0.5215571722516168,0.5094686948853615,0.4843952087007643,0.4557282480893592
1497586439,190,0.6831505847953216,0.6015350877192982,0.5967836257309942,0.5959502923976608,0.539422514619883,0.52203216374269,0.5095138888888889,0.48455774853801165,0.45589181286549707
1497586439,191,0.68336969168121,0.6021269633507853,0.5971276905177428,0.5963168993600931,0.5396269633507853,0.5223749272833043,0.5097404013961605,0.4846131471785922,0.45613001745200704
1497586439,192,0.6836046006944444,0.6026331018518518,0.5972728587962963,0.596827980324074,0.5398582175925927,0.5228804976851852,0.5100115740740742,0.4849573206018519,0.45624276620370374
1497586439,193,0.6836787564766839,0.6030980138169257,0.5975064766839377,0.5973445595854922,0.5398639896373056,0.5232836787564766,0.5102295624640184,0.4853087219343696,0.45654145077720204
1497586439,194,0.6838989117983962,0.603747852233677,0.5978629725085911,0.5979596219931271,0.5401632302405498,0.5237793528064146,0.5105133161512028,0.4855634306987399,0.4569122279495991
1497586439,195,0.6840918803418804,0.6040918803418803,0.5980306267806269,0.5984615384615384,0.5405840455840456,0.5243269230769231,0.5108333333333334,0.4859401709401709,0.4571047008547009
1497586439,196,0.6844246031746032,0.6045953798185941,0.5983170351473922,0.5990008503401361,0.5407667233560091,0.5247696995464852,0.5111890589569161,0.48621031746031745,0.4572845804988662
1497586439,197,0.6844930908065425,0.6048822617033277,0.598448956570784,0.5994606598984772,0.5408735194585448,0.5252079808234631,0.5114636209813874,0.486664551607445,0.45736745628877606
1497586439,198,0.6847327441077441,0.605334595959596,0.5985970819304153,0.5999579124579125,0.5412878787878788,0.5256172839506174,0.5119318181818182,0.4870089786756453,0.4577406004489338
1497586439,199,0.6847955053042992,0.6057265494137354,0.5987437185929648,0.6004885538805137,0.5415201005025125,0.5260608598548298,0.5123848408710218,0.48737786152987167,0.4579669179229481
1497586439,200,0.6849756944444445,0.6059548611111111,0.5988715277777777,0.6008854166666667,0.5417291666666666,0.5266388888888889,0.5128125,0.4878472222222222,0.45825347222222224
432652533,1,0.22361111111111112,0.4027777777777778,0.4951388888888889,0.58125,0.6458333333333334,0.6715277777777777,0.6833333333333333,0.71875,0.7590277777777777
432652533,2,0.34097222222222223,0.5871527777777777,0.6583333333333333,0.7204861111111112,0.7649305555555556,0.7847222222222222,0.7958333333333333,0.821875,0.8496527777777778
432652533,3,0.3766203703703703,0.6162037037037037,0.6861111111111111,0.7418981481481481,0.7868055555555555,0.8032407407407406,0.8129629629629629,0.8303240740740739,0.8407407407407407
432652533,4,0.40868055555555555,0.6609375,0.7267361111111111,0.7782986111111111,0.8142361111111112,0.825,0.8428819444444444,0.8546875,0.8689236111111112
432652533,5,0.43138888888888893,0.6772222222222223,0.7345833333333333,0.79375,0.819861111111111,0.8305555555555556,0.8445833333333334,0.8544444444444446,0.8623611111111112
432652533,6,0.44942129629629635,0.6973379629629629,0.7502314814814816,0.8043981481481481,0.8282407407407406,0.8364583333333333,0.8481481481481481,0.8569444444444444,0.8596064814814814
432652533,7,0.46676587301587297,0.7071428571428571,0.7634920634920634,0.8113095238095238,0.8314484126984126,0.8389880952380953,0.8493055555555554,0.8560515873015874,0.8511904761904763
432652533,8,0.4783854166666667,0.7224826388888889,0.7714409722222222,0.8165798611111111,0.8355902777777777,0.84140625,0.85078125,0.8515625,0.8411458333333334
432652533,9,0.4896604938271605,0.7306327160493827,0.7793981481481481,0.8198302469135803,0.8359567901234568,0.8388888888888889,0.8462962962962963,0.8458333333333333,0.8338734567901235
432652533,10,0.5038194444444445,0.7392361111111111,0.7849305555555557,0.8225694444444445,0.8377777777777778,0.8378472222222222,0.8435416666666669,0.8402777777777778,0.8211805555555556
432652533,11,0.5159722222222223,0.7469696969696968,0.7895833333333333,0.8251262626262625,0.8366792929292929,0.839520202020202,0.8426767676767677,0.8354166666666667,0.8106060606060604
432652533,12,0.5267361111111111,0.7548032407407407,0.7958333333333333,0.8296875,0.8380787037037036,0.8387152777777778,0.8383101851851851,0.8297453703703704,0.8010416666666667
432652533,13,0.5352029914529914,0.7610576923076925,0.803311965811966,0.8334935897435898,0.8389957264957265,0.839690170940171,0.834561965811966,0.8245192307692308,0.7939102564102565
432652533,14,0.5446428571428571,0.7657242063492063,0.8080853174603174,0.8339285714285715,0.8383928571428573,0.8378968253968254,0.8296130952380953,0.8181051587301587,0.7870039682539682
432652533,15,0.5504629629629629,0.7698148148148148,0.8112037037037038,0.8362037037037037,0.8377314814814816,0.8374074074074075,0.8283333333333335,0.8137037037037037,0.7806481481481482
432652533,16,0.5564670138888889,0.7750434027777777,0.8126302083333333,0.8374131944444444,0.8375434027777777,0.8360243055555555,0.8240017361111112,0.8086805555555555,0.7744791666666667
432652533,17,0.5598447712418301,0.7799019607843137,0.8145016339869282,0.8390114379084967,0.8368464052287581,0.8346813725490196,0.8198529411764706,0.8026143790849675,0.7690359477124183
432652533,18,0.5667824074074074,0.7804398148148147,0.8147376543209877,0.8382716049382716,0.8332175925925926,0.8317901234567902,0.8159336419753086,0.798341049382716,0.7628472222222222
432652533,19,0.5720029239766082,0.7822733918128655,0.8141812865497076,0.8362938596491228,0.8301169590643274,0.8275584795321638,0.8106725146198831,0.7918494152046784,0.7559941520467836
432652533,20,0.5758680555555555,0.7833680555555557,0.8144444444444445,0.8347222222222223,0.8275347222222221,0.825,0.8070138888888888,0.7861458333333334,0.7488888888888888
432652533,21,0.5805224867724867,0.7846230158730159,0.8141534391534391,0.8317460317460318,0.8241402116402117,0.8207671957671958,0.8030092592592593,0.7811507936507937,0.7423941798941798
432652533,22,0.5855113636363637,0.7855429292929291,0.8144570707070706,0.8308080808080809,0.8197916666666667,0.8170454545454545,0.7986742424242423,0.7755050505050505,0.736016414141414
432652533,23,0.5907608695652173,0.7865338164251209,0.8141304347826087,0.829981884057971,0.816123188405797,0.813617149758454,0.7947765700483091,0.7702898550724637,0.7305555555555555
432652533,24,0.5961805555555556,0.7881365740740741,0.813310185185185,0.8281539351851852,0.8140046296296295,0.8119791666666667,0.7921296296296295,0.7668402777777777,0.7274594907407407
432652533,25,0.6009444444444444,0.7889444444444444,0.8123333333333335,0.8255833333333332,0.8111111111111111,0.8088055555555556,0.7881944444444444,0.7624444444444445,0.7216666666666666
432652533,26,0.6071314102564103,0.7899839743589745,0.8109775641025642,0.8243322649572651,0.8088942307692308,0.8052884615384617,0.7852831196581197,0.7578525641025642,0.7171741452991454
432652533,27,0.6130658436213992,0.7913065843621397,0.8112397119341564,0.8228909465020576,0.807201646090535,0.8028292181069959,0.7813528806584363,0.7542438271604937,0.7128600823045267
432652533,28,0.6174107142857144,0.7919146825396826,0.8107390873015874,0.8213541666666667,0.804563492063492,0.8011408730158731,0.7786210317460318,0.7502480158730157,0.7090029761904763
432652533,29,0.6238984674329502,0.7925287356321837,0.8101772030651341,0.8194683908045977,0.8016283524904215,0.7991379310344827,0.7758141762452108,0.7474377394636016,0.706154214559387
432652533,30,0.6294212962962962,0.7936342592592592,0.8081249999999999,0.8179861111111112,0.7989583333333333,0.7965740740740742,0.773287037037037,0.7446990740740742,0.7023148148148148
432652533,31,0.6343862007168458,0.7940188172043011,0.8084901433691758,0.8165546594982078,0.7968637992831541,0.7944444444444444,0.7710349462365593,0.7418906810035841,0.6997983870967742
432652533,32,0.6393012152777777,0.7944878472222222,0.8076171875,0.8141493055555555,0.7935546875,0.7909722222222222,0.7676649305555555,0.7385850694444445,0.6959852430555555
432652533,33,0.6451599326599327,0.7959175084175085,0.8072811447811448,0.8125210437710437,0.7910563973063974,0.7889099326599326,0.7656776094276095,0.7354797979797979,0.6924452861952862
432652533,34,0.6509803921568628,0.7960171568627451,0.8068218954248367,0.8117851307189543,0.7885416666666667,0.7861315359477123,0.7641952614379085,0.7327410130718953,0.6893382352941178
432652533,35,0.6550396825396826,0.7966666666666667,0.8063095238095237,0.8104761904761906,0.7869444444444443,0.7839484126984128,0.7631944444444444,0.7309523809523809,0.6868849206349207
432652533,36,0.6601658950617284,0.7961998456790124,0.8058063271604938,0.8089891975308642,0.7848572530864197,0.7822723765432098,0.762403549382716,0.7293981481481481,0.6849151234567902
432652533,37,0.6651651651651651,0.7958896396396398,0.8045795795795796,0.8072072072072072,0.7829391891891893,0.779617117117117,0.7606981981981982,0.7272710210210211,0.6829016516516517
432652533,38,0.6694809941520469,0.7962719298245615,0.8038011695906432,0.8049707602339181,0.7800255847953216,0.7777229532163743,0.7589181286549708,0.7257858187134503,0.680811403508772
432652533,39,0.6743589743589744,0.7963497150997152,0.8024572649572649,0.8034009971509972,0.778062678062678,0.7750890313390313,0.7570868945868947,0.7235754985754984,0.6787393162393163
432652533,40,0.6783333333333333,0.7953819444444444,0.8018229166666667,0.8015277777777778,0.7766493055555556,0.7734201388888888,0.7563194444444445,0.7221354166666667,0.6768402777777777
432652533,41,0.6826050135501355,0.795409891598916,0.8005928184281842,0.7993394308943089,0.7747289972899728,0.7715785907859078,0.7550135501355014,0.7203082655826558,0.675220189701897
432652533,42,0.6863425925925927,0.7950892857142858,0.799487433862434,0.7976025132275134,0.7735615079365079,0.769808201058201,0.7534556878306877,0.719593253968254,0.673478835978836
432652533,43,0.6903746770025839,0.7948158914728682,0.7984819121447029,0.7958171834625323,0.7721576227390181,0.7682332041343669,0.7519056847545218,0.7184270025839793,0.672093023255814
432652533,44,0.6945707070707071,0.794665404040404,0.7982796717171717,0.7944602272727272,0.7710227272727272,0.7674242424242423,0.7507575757575758,0.7175662878787878,0.6710858585858586
432652533,45,0.6985956790123458,0.7944444444444444,0.7967283950617283,0.7926697530864198,0.7694444444444445,0.765925925925926,0.7496450617283951,0.7172067901234568,0.670324074074074
432652533,46,0.7023248792270531,0.7936292270531401,0.7954408212560385,0.7904891304347826,0.7679196859903382,0.7640700483091788,0.7490187198067632,0.7167270531400965,0.6696105072463767
432652533,47,0.7052009456264776,0.7927157210401892,0.7941784869976359,0.7881648936170212,0.76548463356974,0.761968085106383,0.7472813238770685,0.7152630023640663,0.6675384160756501
432652533,48,0.7086082175925925,0.7914785879629629,0.793041087962963,0.7858506944444444,0.7638454861111111,0.7603732638888889,0.7461516203703703,0.7141348379629631,0.6658998842592592
432652533,49,0.7118339002267574,0.7913832199546486,0.791907596371882,0.7843679138321996,0.7626133786848073,0.7589710884353742,0.7456207482993198,0.7140447845804988,0.6645549886621315
432652533,50,0.7150277777777778,0.7905138888888888,0.7910277777777779,0.7831666666666667,0.761013888888889,0.7578611111111111,0.744625,0.713013888888889,0.6639305555555557
432652533,51,0.7180283224400872,0.7899373638344227,0.7904411764705884,0.7813044662309367,0.760035403050109,0.7568491285403051,0.7443082788671025,0.7124863834422658,0.6630174291938998
432652533,52,0.7208466880341879,0.7896367521367521,0.7893162393162393,0.7802617521367522,0.7587072649572649,0.7551014957264957,0.7429754273504272,0.7118856837606838,0.6623130341880341
432652533,53,0.724685534591195,0.7884958071278826,0.787604821802935,0.7788390985324948,0.7569182389937108,0.7535901467505243,0.7411949685534592,0.7108359538784067,0.661019392033543
432652533,54,0.7276491769547325,0.7877057613168724,0.7861625514403292,0.7770061728395062,0.7547582304526748,0.7516332304526748,0.7397633744855968,0.7095679012345679,0.6599922839506173
432652533,55,0.7309595959595959,0.7872727272727273,0.7856565656565656,0.7757449494949494,0.7531186868686869,0.7497474747474746,0.7377272727272727,0.7087500000000001,0.6592424242424242
432652533,56,0.7345114087301586,0.7863839285714286,0.7852430555555555,0.7743923611111111,0.7515625,0.748425099206349,0.7359871031746033,0.7072792658730158,0.6584821428571429
432652533,57,0.7388401559454191,0.7859527290448344,0.7845760233918128,0.7735136452241715,0.7505847953216375,0.74775828460039,0.734746588693957,0.7066276803118908,0.6583942495126706
432652533,58,0.7430196360153256,0.7850095785440614,0.7838481800766284,0.7722461685823756,0.7488625478927203,0.7459650383141764,0.7332375478927203,0.7052921455938699,0.6580699233716476
432652533,59,0.7466101694915254,0.7843338041431261,0.7832274011299436,0.7713394538606404,0.7475047080979285,0.744762241054614,0.7323799435028248,0.704837570621469,0.658427495291902
432652533,60,0.7502777777777778,0.7838310185185186,0.7827662037037038,0.7707523148148149,0.7466782407407407,0.7436458333333332,0.7315393518518517,0.7042361111111111,0.6585300925925925
432652533,61,0.7532103825136611,0.7827755009107468,0.7822062841530055,0.7689890710382514,0.7452527322404371,0.7419398907103826,0.7303620218579234,0.7039617486338798,0.6586293260473588
432652533,62,0.7565524193548387,0.7818548387096775,0.7816756272401433,0.7682795698924733,0.7438732078853045,0.7406137992831542,0.7295474910394265,0.7035170250896057,0.6591285842293907
432652533,63,0.7599096119929455,0.7818342151675485,0.7815806878306878,0.7671296296296295,0.7429894179894179,0.7398148148148149,0.7283840388007055,0.7033509700176367,0.6595568783068784
432652533,64,0.7631076388888889,0.7816840277777778,0.7812825520833333,0.7664713541666667,0.7423285590277777,0.7389322916666666,0.7274739583333333,0.7030490451388889,0.6605251736111111
432652533,65,0.7658653846153846,0.7811538461538463,0.7805769230769231,0.7651175213675215,0.7407371794871795,0.7382905982905983,0.7266132478632479,0.7023611111111112,0.6613995726495727
432652533,66,0.7685921717171718,0.7809132996632997,0.7801662457912458,0.7642255892255893,0.739709595959596,0.737047558922559,0.7259995791245791,0.7020307239057239,0.6620791245791247
432652533,67,0.7715174129353234,0.7807317578772802,0.7797678275290216,0.7634846600331675,0.7388577943615258,0.7365775290215588,0.7257048092868987,0.7016894693200665,0.6629560530679934
432652533,68,0.7749795751633987,0.7803615196078432,0.7794628267973855,0.762826797385621,0.7384497549019607,0.7361111111111112,0.725265522875817,0.7018178104575162,0.6636233660130719
432652533,69,0.7785225442834138,0.7806561996779389,0.7798208534621578,0.7627012882447665,0.7380837359098229,0.736262077294686,0.7256843800322063,0.7020531400966183,0.6646034621578099
432652533,70,0.7821924603174604,0.7808730158730159,0.7803769841269842,0.7631150793650793,0.7385218253968253,0.7369841269841271,0.7266666666666667,0.703015873015873,0.6659126984126984
432652533,71,0.7856416275430359,0.7813575899843506,0.7812108763693271,0.7641823161189358,0.7394757433489828,0.7381651017214398,0.7280516431924882,0.7047143974960877,0.6675567292644757
432652533,72,0.7830150462962964,0.7770061728395062,0.7777102623456791,0.7591435185185185,0.7339891975308641,0.7325617283950616,0.7228202160493827,0.698996913580247,0.661622299382716
432652533,73,0.78087899543379,0.7721841704718417,0.7736015981735159,0.7547374429223745,0.7285768645357688,0.7272355403348554,0.7173135464231355,0.6933504566210046,0.6557838660578386
432652533,74,0.777759009009009,0.7678303303303303,0.769237987987988,0.7499530780780781,0.7231700450450451,0.721753003003003,0.7118149399399399,0.6874906156156156,0.6499061561561561
432652533,75,0.775287037037037,0.7632962962962963,0.7653055555555556,0.7451203703703704,0.7177500000000001,0.7165555555555555,0.7066851851851851,0.681962962962963,0.6442962962962964
432652533,76,0.7730720029239766,0.7590917397660819,0.7614948830409356,0.7402138157894737,0.7127649853801169,0.711531432748538,0.70171783625731,0.6764437134502924,0.6387792397660819
432652533,77,0.7709595959595958,0.7544462481962482,0.7575937950937951,0.7351731601731603,0.7074585137085136,0.7062680375180375,0.697123015873016,0.6711670274170274,0.6331980519480519
432652533,78,0.7690883190883191,0.7501157407407408,0.7538639601139601,0.7305733618233619,0.702190170940171,0.7013888888888888,0.692343304843305,0.6660434472934473,0.627920227920228
432652533,79,0.7675017580872012,0.7459036568213782,0.7500439521800281,0.7263713080168777,0.6973101265822785,0.6968178621659634,0.6876142756680731,0.6611286919831224,0.6229957805907174
432652533,80,0.7657031250000002,0.7416232638888889,0.746796875,0.7219965277777778,0.6925,0.6921006944444444,0.6830208333333333,0.6565017361111111,0.6180729166666666
432652533,81,0.7641375171467764,0.7374314128943757,0.7432098765432098,0.7176011659807956,0.687980109739369,0.6875685871056241,0.6784465020576133,0.6517489711934156,0.6132887517146777
432652533,82,0.7625338753387534,0.73329945799458,0.7391006097560977,0.7132113821138211,0.6832825203252033,0.682909891598916,0.6740768970189702,0.6471714092140922,0.6086636178861788
432652533,83,0.7614625167336011,0.7292168674698796,0.7351154618473894,0.7088771753681391,0.6789574966532799,0.6785726238286479,0.6698293172690764,0.6426121151271754,0.6043674698795181
432652533,84,0.7605324074074075,0.7252066798941799,0.7311342592592592,0.7048941798941798,0.6747933201058202,0.6742311507936508,0.6657490079365078,0.6380869708994708,0.5999834656084655
432652533,85,0.759967320261438,0.7212254901960784,0.7273774509803922,0.7008088235294119,0.6706290849673202,0.6700081699346405,0.6617483660130719,0.6336764705882352,0.5955800653594772
432652533,86,0.7584706072351421,0.7171027131782947,0.7239744832041344,0.696640826873385,0.6666747416020671,0.6657138242894057,0.6577115633074935,0.6290132428940568,0.59109334625323
432652533,87,0.7570561941251596,0.7134738186462326,0.7206257982120051,0.692632503192848,0.6628991060025543,0.6616379310344828,0.6538473818646232,0.6245769476372924,0.5867656449553003
432652533,88,0.7553188131313132,0.7097932449494949,0.717321654040404,0.6888257575757576,0.6592724116161617,0.6573547979797979,0.6498974116161617,0.6203677398989899,0.58275726010101
432652533,89,0.7536204744069912,0.7062734082397004,0.7145131086142322,0.6850343320848938,0.6554853308364544,0.6533005617977528,0.6462936953807741,0.6164950062421972,0.5788389513108615
432652533,90,0.751412037037037,0.7029089506172839,0.711087962962963,0.6811496913580246,0.651875,0.6494367283950617,0.6427854938271604,0.6126851851851852,0.575054012345679
432652533,91,0.7492521367521369,0.6994200244200244,0.7080891330891331,0.6771825396825396,0.648282967032967,0.6455357142857143,0.6392551892551893,0.6089285714285715,0.57129884004884
432652533,92,0.747667572463768,0.6961126207729469,0.7050724637681159,0.673792270531401,0.6447765700483092,0.6419006642512077,0.6359148550724637,0.6054196859903381,0.5677611714975845
432652533,93,0.7458333333333333,0.6929360812425329,0.7021057347670251,0.6702508960573478,0.6412634408602151,0.6382392473118281,0.6327434289127838,0.6017174432497013,0.5640531660692951
432652533,94,0.7442745271867612,0.6896867612293145,0.6992021276595743,0.6665336879432624,0.6377807328605201,0.634663120567376,0.6296099290780142,0.5981604609929079,0.5607269503546098
432652533,95,0.7425877192982455,0.6864766081871344,0.6966154970760233,0.6633771929824561,0.6348172514619883,0.6312646198830408,0.6265789473684211,0.5946929824561403,0.5572222222222222
432652533,96,0.7408854166666666,0.6831452546296296,0.6940465856481481,0.6603153935185185,0.631712962962963,0.6277850115740742,0.6235026041666667,0.5912181712962963,0.5539641203703703
432652533,97,0.7392110538373425,0.6800472508591064,0.6915735967926689,0.656901489117984,0.6285080183276059,0.6243914662084765,0.6205469644902635,0.5879725085910653,0.550873424971363
432652533,98,0.7370890022675737,0.6771612811791384,0.6886196145124717,0.6537344104308391,0.6256377551020408,0.6211522108843538,0.6176799886621315,0.5847222222222223,0.5478387188208617
432652533,99,0.7353956228956229,0.6742494388327722,0.6860409652076318,0.6507996632996633,0.622699214365881,0.6180345117845119,0.6148288439955106,0.581432379349046,0.5448583052749719
432652533,100,0.7335277777777778,0.6715486111111111,0.6836736111111111,0.6480069444444444,0.6198611111111111,0.6150416666666666,0.6120972222222222,0.5782152777777778,0.5418888888888889
432652533,101,0.7317381738173817,0.6685231023102309,0.6810299779977997,0.6451938943894389,0.616714796479648,0.6118674367436743,0.6092340484048404,0.5752268976897689,0.5387238723872386
432652533,102,0.7301062091503269,0.6659654139433552,0.678860294117647,0.6427423747276688,0.6140863289760349,0.6089869281045752,0.6066176470588235,0.5723039215686274,0.5355324074074075
432652533,103,0.7287891046386191,0.6636394282632148,0.6768406148867314,0.639940668824164,0.6114482200647249,0.6060275080906149,0.604004854368932,0.5693028586839266,0.5325849514563106
432652533,104,0.7274772970085469,0.6612780448717949,0.6748864850427351,0.6374666132478632,0.6086672008547008,0.6033386752136752,0.6014022435897436,0.5665998931623931,0.529747596153846
432652533,105,0.7263227513227514,0.6591269841269841,0.6731283068783068,0.6348280423280424,0.6063095238095239,0.6007804232804232,0.598915343915344,0.563994708994709,0.5270833333333333
432652533,106,0.7253406708595388,0.6568658280922431,0.6713115828092243,0.6325995807127882,0.6040159853249476,0.598309748427673,0.5963574423480084,0.5612617924528303,0.5243776205450734
432652533,107,0.7244158878504673,0.6549260124610592,0.6698922637590862,0.6303933021806852,0.6016290238836967,0.5961318795430944,0.5938278816199376,0.5587941329179645,0.5217419522326063
432652533,108,0.7233281893004115,0.6529706790123456,0.6681069958847737,0.6280864197530864,0.599292695473251,0.5939814814814816,0.5914480452674897,0.5565393518518518,0.5192579732510288
432652533,109,0.7220820591233436,0.6509365443425076,0.6664181957186545,0.6260002548419981,0.5970374617737003,0.5920425586136596,0.5890290519877676,0.5543132008154945,0.5167367482161059
432652533,110,0.7206250000000001,0.6491287878787879,0.664955808080808,0.6240151515151514,0.5949621212121212,0.5901136363636363,0.5866919191919192,0.5522348484848485,0.514324494949495
432652533,111,0.7194507007007006,0.6473410910910911,0.6635823323323323,0.6220658158158158,0.5930367867867867,0.5880317817817817,0.5842967967967968,0.5501001001001,0.5120245245245245
432652533,112,0.7185825892857142,0.645672123015873,0.6623511904761905,0.6201078869047619,0.5912202380952382,0.5862413194444444,0.5820250496031746,0.548108878968254,0.5098338293650794
432652533,113,0.7176253687315635,0.6437868731563421,0.6608591445427728,0.6180309734513274,0.5890240904621435,0.58406465093412,0.5798058013765979,0.5459255162241888,0.50765732546706
432652533,114,0.7167824074074073,0.6421113547758285,0.6596125730994152,0.6162402534113061,0.5872380604288499,0.5820540935672515,0.5778447855750487,0.544036306042885,0.5054093567251462
432652533,115,0.7159541062801934,0.6405495169082126,0.6585386473429952,0.6143961352657006,0.5854408212560387,0.5801690821256039,0.5760567632850241,0.5422161835748792,0.5034480676328502
432652533,116,0.7153077107279693,0.6389547413793103,0.6572258141762451,0.612595785440613,0.5838960727969348,0.5784662356321839,0.5742157567049808,0.5405591475095786,0.5014786877394636
432652533,117,0.7142450142450143,0.637559354226021,0.6558641975308642,0.6109152421652422,0.5822174738841406,0.5763592117758785,0.5723053181386515,0.5387286324786325,0.49950735992402656
432652533,118,0.7130532015065913,0.6360346045197739,0.6544314971751413,0.6090277777777777,0.5804731638418079,0.5742702448210922,0.5702448210922787,0.5369232580037665,0.49755178907721276
432652533,119,0.7115954715219421,0.6342495331465919,0.6528944911297853,0.6070553221288515,0.578828197945845,0.5721580298786181,0.5682773109243697,0.5352299253034546,0.49543650793650784
432652533,120,0.7107002314814814,0.632800925925926,0.6513310185185186,0.6053472222222223,0.5769965277777778,0.570133101851852,0.5664062500000001,0.5335185185185185,0.4936342592592593
432652533,121,0.7094754361799817,0.6312442607897154,0.6500286960514232,0.603443526170799,0.5751606978879705,0.5682793847566575,0.5645259412304867,0.5316861799816345,0.49182162534435264
432652533,122,0.7079405737704917,0.6296220400728597,0.648582650273224,0.6015425774134789,0.5733321948998178,0.5663763661202186,0.5626195355191257,0.5299464936247722,0.4899988615664845
432652533,123,0.7067863595302619,0.6282181571815718,0.6471657633243,0.5999153116531165,0.5717366757000903,0.5646059168925023,0.560913504968383,0.528370596205962,0.48828477868112014
432652533,124,0.7058131720430108,0.626932123655914,0.6457101254480286,0.5982022849462365,0.5700604838709677,0.5627296146953406,0.5590277777777778,0.5268817204301075,0.4866543458781363
432652533,125,0.7048,0.6254944444444445,0.6440166666666666,0.5962277777777778,0.5683499999999999,0.5608833333333334,0.5573388888888888,0.5254944444444444,0.48523333333333324
432652533,126,0.7040343915343915,0.6240850970017636,0.6423445767195767,0.594372795414462,0.5669973544973544,0.55923721340388,0.5556051587301586,0.5240575396825397,0.4838899911816579
432652533,127,0.7033300524934384,0.6226049868766405,0.64080271216098,0.59251968503937,0.5654254155730534,0.5575185914260717,0.5541283902012248,0.5225339020122485,0.48265529308836397
432652533,128,0.7027018229166667,0.6212131076388889,0.6393229166666666,0.5907063802083333,0.5639431423611111,0.5558159722222222,0.552490234375,0.5210991753472223,0.481494140625
432652533,129,0.7022232988802755,0.6200366063738157,0.6382698105081825,0.5889965546942291,0.562526916451335,0.5541935831180017,0.5509689922480621,0.5197189922480621,0.4804102067183462
432652533,130,0.7018643162393162,0.6187553418803418,0.6369497863247863,0.587275641025641,0.5610523504273505,0.5525801282051283,0.5494925213675214,0.5184989316239317,0.4791559829059829
432652533,131,0.7013570822731128,0.6174777353689568,0.6358460559796438,0.585591603053435,0.559780534351145,0.5510814249363867,0.548059796437659,0.5171172603901611,0.47792620865139945
432652533,132,0.7009732744107744,0.6163983585858586,0.6347537878787879,0.5841119528619528,0.5585069444444445,0.5497211700336699,0.5465856481481481,0.5159353956228957,0.47696759259259264
432652533,133,0.7007675438596491,0.6151263575605681,0.6336831662489557,0.5824718045112782,0.5571167502088555,0.5481672932330827,0.5451127819548872,0.5145676691729323,0.47590852130325817
432652533,134,0.7002591210613599,0.6138007877280265,0.6325404228855721,0.5808198590381426,0.5558198590381426,0.5466210613598673,0.5435012437810945,0.5134069237147595,0.4749067164179104
432652533,135,0.6996141975308642,0.6126286008230453,0.6316152263374486,0.5793415637860082,0.5543364197530865,0.5451543209876544,0.5419393004115227,0.5121141975308643,0.47395576131687245
432652533,136,0.6995353349673202,0.6115042892156863,0.6306066176470588,0.5780228758169935,0.5532424428104575,0.5438725490196079,0.5405535130718955,0.5109068627450981,0.4731158088235295
432652533,137,0.69897100567721,0.6104369424168694,0.6296938361719384,0.5766271289537712,0.5520681265206813,0.542330697485807,0.5390865774533657,0.5096968775344687,0.4720701540957015
432652533,138,0.6982739533011273,0.6092793880837358,0.6285829307568438,0.5752415458937198,0.5508001207729468,0.5408967391304348,0.5376258051529791,0.5086503623188406,0.47099939613526565
432652533,139,0.6978217426059153,0.6083083533173461,0.6276728617106315,0.5741157074340527,0.5496402877697842,0.5397681854516387,0.5364108713029577,0.5076139088729017,0.4702088329336531
432652533,140,0.697594246031746,0.6071924603174603,0.6268204365079365,0.5727777777777777,0.5483531746031746,0.5384126984126983,0.5349503968253968,0.5064484126984127,0.4692658730158729
432652533,141,0.6975275807722616,0.6062992513790385,0.6260983057525611,0.5715819542947201,0.5472911741528763,0.5372832939322302,0.533663317572892,0.5054866036249014,0.4684397163120567
432652533,142,0.6975645539906103,0.6053648278560251,0.6250733568075116,0.5704029733959312,0.5461854460093897,0.5360475352112677,0.5322525430359937,0.5045089984350548,0.4676349765258216
432652533,143,0.6974990287490287,0.6044483294483295,0.6243395493395494,0.5693376068376068,0.5451291763791765,0.5349407536907537,0.5309683372183372,0.5035547785547785,0.4669920357420357
432652533,144,0.6969714506172839,0.6036747685185185,0.6231336805555555,0.5683015046296296,0.5444733796296296,0.5342013888888889,0.5298611111111111,0.5027391975308642,0.46587094907407406
432652533,145,0.6963362068965518,0.6030124521072797,0.6216810344827587,0.5673180076628352,0.5437931034482759,0.5333429118773947,0.5287547892720307,0.5018917624521072,0.4647701149425287
432652533,146,0.695662100456621,0.6024495814307459,0.6203148782343988,0.5663004185692542,0.5432410578386606,0.532615106544901,0.527939497716895,0.5010416666666667,0.46375095129375954
432652533,147,0.6953231292517006,0.6018849206349206,0.6192932728647015,0.565547052154195,0.542687074829932,0.5318216175359033,0.5269463340891912,0.5001842403628117,0.46281651549508684
432652533,148,0.6948198198198199,0.6014733483483484,0.6183558558558558,0.5645411036036035,0.5421593468468467,0.53125,0.5261918168168168,0.49945570570570574,0.46187124624624626
432652533,149,0.6941927665920955,0.6009134973900074,0.6172539149888143,0.5636791573452646,0.5412005965697241,0.5306720730797913,0.5253868381804624,0.49863441461595825,0.46075689783743473
432652533,150,0.6935324074074074,0.6005185185185186,0.6161944444444444,0.5629861111111112,0.5403194444444444,0.5299444444444444,0.5245185185185185,0.4979583333333333,0.4599629629629629
432652533,151,0.6933498896247241,0.6002299484915379,0.6152041942604857,0.562348233995585,0.5395649374540102,0.5291942604856512,0.5236065121412804,0.49729120676968364,0.45910596026490064
432652533,152,0.6928179824561403,0.5998081140350877,0.6142406798245614,0.56171875,0.5388888888888889,0.5283671418128655,0.5227841739766081,0.4966465643274854,0.45818713450292403
432652533,153,0.6925245098039216,0.5995007262164124,0.6133442265795207,0.5617147785039941,0.5383850762527232,0.5278322440087145,0.5224219317356572,0.49616920842411044,0.4573484023238925
432652533,154,0.6921942640692641,0.5995084776334777,0.6124278499278499,0.561620670995671,0.5379779942279943,0.527412518037518,0.5220373376623376,0.49576569264069265,0.4566558441558441
432652533,155,0.6916173835125448,0.5993637992831541,0.611568100358423,0.5615591397849462,0.5375044802867384,0.5268906810035843,0.521429211469534,0.49531810035842294,0.4558512544802867
432652533,156,0.6914307336182336,0.5992610398860398,0.6107772435897435,0.561565170940171,0.5369257478632479,0.5264645655270656,0.5210737179487179,0.4949430199430199,0.4551860754985755
432652533,157,0.6909943382873319,0.599203821656051,0.6098195329087049,0.561553432413305,0.5364074663835809,0.5258271408351026,0.5205281316348196,0.4943692498230715,0.45433917197452234
432652533,158,0.6905986286919831,0.5992220464135021,0.6090189873417722,0.5615594233473981,0.5359836497890296,0.5255054500703236,0.5200817510548522,0.49393459915611815,0.4535996835443038
432652533,159,0.6901074423480084,0.5993404961565338,0.6083114954577218,0.5616526904262753,0.5356088399720476,0.5252183787561147,0.5197545422781271,0.49368885394828793,0.45307040531097137
432652533,160,0.6896050347222222,0.599279513888889,0.6074131944444444,0.5615755208333334,0.5352126736111111,0.5248611111111111,0.5193185763888888,0.4935373263888888,0.45250868055555554
432652533,161,0.6893633540372671,0.599163216011042,0.6065864389233955,0.5614173567977916,0.5348386818495514,0.5243530020703934,0.5188362663906142,0.49328847481021393,0.45189354727398207
432652533,162,0.6890089163237311,0.5993312757201645,0.6057055898491084,0.5613725994513031,0.5346064814814814,0.5240783607681756,0.5184156378600824,0.4931284293552812,0.45144890260631
432652533,163,0.6886588275391956,0.5995611792774369,0.6049676209952284,0.5615328902522154,0.5341981935923654,0.5235685071574643,0.5181578050443081,0.49283401499659163,0.45097137014314925
432652533,164,0.6882918360433604,0.5997247628726288,0.6041581978319783,0.5614286924119242,0.5338795731707316,0.5231537940379403,0.5178014905149051,0.49248390921409213,0.4506605691056911
432652533,165,0.6880345117845118,0.5999200336700337,0.6035058922558922,0.5614941077441077,0.5337920875420876,0.5228703703703704,0.5176473063973065,0.49238215488215487,0.45024410774410767
432652533,166,0.6879057898259706,0.6004057898259706,0.6028028781793842,0.5616005689424365,0.5336429049531459,0.5227409638554218,0.5175326305220883,0.4920766398929049,0.449807563587684
432652533,167,0.6878700931470393,0.6005364271457085,0.6021082834331337,0.5616017964071855,0.5334081836327346,0.5224259813705922,0.5172696274118429,0.49187874251497005,0.4495716899534265
432652533,168,0.6876818783068783,0.6005663029100529,0.6013227513227514,0.5615162037037037,0.5331638558201058,0.522213955026455,0.5168857473544974,0.4915922619047619,0.44916087962962953
432652533,169,0.6875986193293886,0.600871137409599,0.6008875739644971,0.5616781722550954,0.5332018408941486,0.5221564760026298,0.5165310650887575,0.4914201183431953,0.448869986850756
432652533,170,0.6875081699346405,0.6010416666666667,0.6002736928104575,0.5617075163398693,0.5330596405228758,0.5219689542483661,0.5163725490196078,0.49124999999999996,0.4486560457516339
432652533,171,0.6872522742040286,0.6012508122157244,0.599874106562703,0.5618096166341779,0.5330287524366472,0.5218810916179337,0.5161346653671215,0.491138726445744,0.4484364847303444
432652533,172,0.6869549418604652,0.6015665374677003,0.5993943798449612,0.5617934431524547,0.532953811369509,0.5218467377260981,0.5159479974160206,0.49105297157622746,0.448187177002584
432652533,173,0.6868818240205523,0.6018585420680796,0.5990687219010918,0.5620383750802825,0.5327833975594091,0.5217525690430315,0.5157875722543352,0.49097623635195886,0.4480732177263969
432652533,174,0.686749680715198,0.6020434227330779,0.5988186462324393,0.562360312899106,0.5328025223499361,0.5217951787994892,0.5157926245210729,0.4909841954022989,0.447992496807152
432652533,175,0.6866785714285715,0.6023333333333333,0.5986587301587302,0.5627380952380953,0.5327738095238096,0.5219206349206349,0.5156984126984128,0.49096428571428574,0.44797222222222216
432652533,176,0.6865530303030304,0.602773832070707,0.598571654040404,0.5627604166666667,0.5328637941919192,0.5219854797979798,0.5157473169191918,0.49096038510101014,0.44772332702020207
432652533,177,0.6864563716258631,0.6030092592592592,0.5982580037664783,0.5630100439422474,0.5329959196484619,0.5221437539234149,0.5156936597614563,0.49088983050847457,0.4475282485875706
432652533,178,0.6863100811485643,0.6033083645443197,0.5980844257178527,0.5633153870162297,0.5331655742821473,0.5222378277153558,0.515703027465668,0.49083567415730334,0.44730024968789023
432652533,179,0.6861964618249534,0.6036972377405339,0.5980252948479206,0.5636211980136561,0.5333178150217257,0.5223929236499069,0.5158791123525761,0.4908015207945376,0.447233860955928
432652533,180,0.6862268518518518,0.6040972222222222,0.5979359567901235,0.5638348765432099,0.5334760802469135,0.5224768518518519,0.5158140432098766,0.4908641975308642,0.44718749999999996
432652533,181,0.6862223756906077,0.604592541436464,0.5978245856353591,0.5640653775322283,0.5335673726212401,0.522579036218539,0.5158839779005524,0.49074585635359114,0.44687691835481885
432652533,182,0.6862904456654456,0.6048076923076923,0.5978136446886447,0.5644459706959707,0.5338217338217338,0.5227678571428571,0.5160828754578755,0.4908348595848596,0.44686355311355314
432652533,183,0.6862818761384335,0.6053999696417729,0.597958409228901,0.5648831208257438,0.5340619307832424,0.5230153309046751,0.5162226775956285,0.4910291438979963,0.44687689738919245
432652533,184,0.6861828200483092,0.6058574879227053,0.5978864734299517,0.5652362620772946,0.5343787741545895,0.523245018115942,0.5163269927536231,0.4910250603864734,0.4467995169082125
432652533,185,0.6860773273273273,0.6064527027027028,0.5979804804804805,0.5656831831831832,0.5346771771771772,0.5235472972972973,0.5165127627627628,0.49100600600600597,0.4467867867867868
432652533,186,0.6858422939068101,0.6068361708482676,0.5980660095579451,0.5660655615292712,0.5349910394265233,0.5238239247311828,0.5168010752688172,0.4911178315412186,0.44676672640382314
432652533,187,0.6856431966726084,0.6072266785502081,0.5980280748663103,0.5664958407605466,0.5353349673202615,0.5240456030897207,0.5168672014260249,0.49135101010101007,0.44670603089720734
432652533,188,0.6859079491725768,0.60774231678487,0.5981752364066194,0.5670656028368795,0.5357897458628841,0.5244754728132387,0.5172096631205674,0.4916408096926714,0.44685653073286047
432652533,189,0.6858612580834803,0.6082010582010582,0.5982804232804233,0.5675595238095238,0.5362544091710759,0.5247464726631393,0.5175889182833627,0.49168136390358613,0.44686581422692534
432652533,190,0.685997807017544,0.60859283625731,0.5983223684210527,0.5680445906432748,0.5367763157894736,0.5251059941520468,0.5177083333333333,0.49181286549707603,0.44691520467836254
432652533,191,0.6859584060500291,0.609176847004072,0.5984547702152415,0.5686118382780686,0.5372273123909249,0.5254435718440954,0.5181137289121582,0.49198662012798133,0.44701134380453755
432652533,192,0.6860568576388889,0.609617332175926,0.5984483506944445,0.5691080729166668,0.5377640335648148,0.526048900462963,0.5184895833333333,0.4922055844907408,0.44697265625
432652533,193,0.686078727691422,0.6099668969487623,0.5985103626943005,0.5694876223373633,0.5381188831318365,0.5266047783534831,0.5187715889464594,0.4924006908462867,0.4471970351180196
432652533,194,0.6860180412371134,0.6105383734249714,0.598743556701031,0.5700637170675831,0.5386418957617412,0.5272730526918672,0.5190148911798397,0.492772766323024,0.4473439289805269
432652533,195,0.6860149572649572,0.6109864672364673,0.5988603988603989,0.5708440170940171,0.5392307692307692,0.5278881766381767,0.519480056980057,0.4929522792022792,0.4475356125356126
432652533,196,0.6860083616780045,0.6114654195011338,0.5989335317460318,0.5715490362811791,0.5397534013605442,0.5285076530612245,0.5198306405895691,0.493218537414966,0.447640306122449
432652533,197,0.6858502538071066,0.6117773547659335,0.5989777213761985,0.5720953186689227,0.5401614495205865,0.5289586858432036,0.520212915961647,0.4934433164128595,0.4476417089678511
432652533,198,0.6857673961840629,0.6121632996632996,0.598982884399551,0.5727728675645343,0.5405794051627385,0.5294928451178451,0.5206404320987654,0.4937605218855219,0.44791315937149273
432652533,199,0.6856958403126745,0.6125907314349526,0.5990961753210498,0.5733249581239531,0.541216499162479,0.5299134561697376,0.5211613623673925,0.49407104969290905,0.44806323283082083
432652533,200,0.6857534722222222,0.6130277777777777,0.5992048611111112,0.5739652777777777,0.5417881944444445,0.5305173611111111,0.52159375,0.49446527777777777,0.4483020833333334
202244314,1,0.23055555555555557,0.40625,0.5138888888888888,0.5833333333333334,0.6409722222222223,0.6638888888888889,0.6875,0.7194444444444444,0.7625
202244314,2,0.321875,0.5777777777777777,0.6736111111111112,0.7121527777777777,0.7510416666666667,0.7736111111111111,0.7996527777777778,0.8288194444444444,0.8517361111111111
202244314,3,0.3780092592592592,0.6092592592592592,0.704398148148148,0.7402777777777778,0.775925925925926,0.797685185185185,0.8194444444444444,0.8277777777777777,0.8432870370370371
202244314,4,0.4107638888888889,0.6517361111111111,0.7402777777777778,0.7744791666666667,0.8027777777777778,0.8184027777777778,0.8423611111111111,0.85,0.8690972222222222
202244314,5,0.4373611111111111,0.6688888888888889,0.7495833333333334,0.7877777777777778,0.8080555555555555,0.8254166666666668,0.8422222222222223,0.8502777777777778,0.8620833333333334
202244314,6,0.4549768518518519,0.6901620370370369,0.7620370370370372,0.8003472222222222,0.8238425925925927,0.8350694444444444,0.8480324074074075,0.8528935185185186,0.8569444444444444
202244314,7,0.47123015873015867,0.7035714285714285,0.7743055555555556,0.8092261904761904,0.826984126984127,0.839484126984127,0.8518849206349207,0.8526785714285713,0.8496031746031747
202244314,8,0.4840277777777778,0.7197916666666667,0.7818576388888889,0.8145833333333333,0.8344618055555556,0.8420138888888888,0.8528645833333334,0.8501736111111111,0.8417534722222222
202244314,9,0.49591049382716046,0.7304783950617284,0.7892746913580247,0.8166666666666667,0.8345679012345679,0.8412808641975308,0.847067901234568,0.8448302469135803,0.8322530864197532
202244314,10,0.5097222222222222,0.7393055555555557,0.7913194444444445,0.8209027777777778,0.8340972222222223,0.840625,0.8461805555555557,0.8380555555555556,0.819861111111111
202244314,11,0.5188131313131313,0.7468434343434344,0.7978535353535354,0.8222853535353535,0.8345328282828283,0.8404671717171717,0.8450126262626262,0.83364898989899,0.8084595959595958
202244314,12,0.5295717592592593,0.7542824074074075,0.8028935185185184,0.827372685185185,0.835127314814815,0.8398726851851851,0.8390625,0.827372685185185,0.7987268518518518
202244314,13,0.5357905982905982,0.7605235042735043,0.8067307692307691,0.8308226495726495,0.8356837606837607,0.8395299145299145,0.8372863247863249,0.8236111111111111,0.7907051282051283
202244314,14,0.5435515873015874,0.76671626984127,0.8097222222222222,0.8311507936507937,0.8351190476190476,0.8388888888888889,0.8332341269841268,0.8151289682539682,0.7842261904761905
202244314,15,0.5485185185185185,0.7713425925925927,0.8126388888888888,0.8318981481481482,0.8352314814814816,0.8395833333333335,0.8312962962962962,0.8117592592592593,0.777175925925926
202244314,16,0.5549913194444445,0.7762586805555556,0.8138454861111111,0.8338541666666667,0.8338107638888889,0.8378472222222222,0.8266059027777778,0.8067274305555555,0.770703125
202244314,17,0.5576797385620915,0.7792892156862745,0.8161764705882353,0.8343545751633987,0.833578431372549,0.8363153594771242,0.822467320261438,0.8011029411764705,0.7653186274509803
202244314,18,0.5624228395061729,0.7802083333333333,0.8148919753086421,0.8327932098765432,0.8305941358024692,0.8337962962962964,0.8191358024691359,0.7960262345679012,0.7600308641975307
202244314,19,0.5675073099415205,0.781140350877193,0.8142909356725144,0.8309210526315789,0.827485380116959,0.8313230994152045,0.8140350877192983,0.7899853801169591,0.7534722222222222
202244314,20,0.5717361111111111,0.7824305555555554,0.8140625,0.8311111111111112,0.8250347222222222,0.8298263888888889,0.8103125,0.7849305555555556,0.74625
202244314,21,0.5757936507936507,0.7833333333333333,0.8131944444444444,0.8287037037037038,0.8222222222222222,0.8264219576719577,0.8066798941798943,0.7803240740740741,0.7400462962962961
202244314,22,0.5809343434343434,0.7841540404040405,0.8121843434343434,0.8275252525252524,0.818939393939394,0.823453282828283,0.8020833333333334,0.7745265151515152,0.7337436868686869
202244314,23,0.5873490338164251,0.7859601449275361,0.8126207729468599,0.8272946859903382,0.8152475845410628,0.8199275362318841,0.7982185990338163,0.7700483091787439,0.7285326086956521
202244314,24,0.5910590277777777,0.7869212962962964,0.8120081018518519,0.8246238425925926,0.8131655092592593,0.8174768518518519,0.7954861111111111,0.7663483796296295,0.7246238425925927
202244314,25,0.5956944444444444,0.7863333333333333,0.8098888888888889,0.8228055555555557,0.8107777777777778,0.814361111111111,0.7920555555555555,0.7618611111111111,0.7194444444444444
202244314,26,0.6025106837606837,0.7874465811965814,0.8084668803418803,0.8215277777777777,0.8087339743589745,0.8115384615384617,0.7885416666666667,0.7572916666666667,0.7150373931623932
202244314,27,0.6085905349794238,0.7896862139917696,0.8087705761316872,0.8204989711934156,0.8069444444444445,0.8079732510288065,0.7856481481481481,0.7531378600823045,0.7111882716049382
202244314,28,0.6132936507936507,0.7902777777777777,0.8080357142857142,0.8186755952380954,0.8051587301587303,0.8051835317460317,0.7824652777777777,0.749156746031746,0.7076884920634919
202244314,29,0.6195162835249042,0.79058908045977,0.8071599616858236,0.8170737547892719,0.803352490421456,0.8025143678160919,0.7800766283524904,0.7449712643678162,0.7042385057471264
202244314,30,0.6258333333333332,0.7914583333333334,0.8065509259259259,0.8153472222222221,0.8016666666666667,0.7993055555555556,0.7772453703703703,0.7413657407407407,0.7018749999999999
202244314,31,0.6310483870967742,0.7923387096774194,0.8058691756272401,0.8136424731182796,0.8000672043010753,0.7966621863799284,0.7748655913978494,0.7387544802867383,0.6999551971326164
202244314,32,0.6366970486111111,0.7929470486111111,0.8038194444444444,0.8117404513888888,0.7975911458333333,0.7935546875,0.7716579861111111,0.7350043402777777,0.6966796875
202244314,33,0.6434974747474749,0.7940025252525253,0.8035774410774411,0.8103114478114479,0.7967382154882157,0.7912878787878788,0.7689604377104379,0.7314814814814816,0.6940656565656566
202244314,34,0.6498774509803921,0.7955473856209151,0.802982026143791,0.8094975490196079,0.7956495098039217,0.7896037581699347,0.7666462418300654,0.7284517973856209,0.6907883986928105
202244314,35,0.655218253968254,0.7956944444444444,0.8024801587301587,0.808234126984127,0.7940674603174604,0.7882142857142858,0.7655555555555557,0.7262301587301587,0.6883730158730159
202244314,36,0.6611111111111111,0.7959490740740741,0.800733024691358,0.8062692901234568,0.7927854938271605,0.7872492283950617,0.763695987654321,0.7248263888888888,0.6866126543209876
202244314,37,0.6660660660660661,0.7967342342342344,0.7997935435435436,0.8050675675675674,0.7906343843843844,0.7857920420420421,0.7619932432432434,0.7233108108108107,0.6846846846846848
202244314,38,0.6701937134502924,0.7968201754385965,0.7993238304093567,0.8032894736842106,0.7891630116959065,0.7840095029239765,0.7601790935672514,0.7214546783625733,0.6825292397660819
202244314,39,0.6747863247863247,0.796741452991453,0.7983084045584046,0.8023326210826213,0.7872507122507122,0.7820156695156696,0.7581730769230769,0.7197293447293447,0.680715811965812
202244314,40,0.6790972222222222,0.7965277777777777,0.7969270833333334,0.8011111111111112,0.785486111111111,0.7807291666666667,0.757361111111111,0.7176736111111109,0.6791145833333333
202244314,41,0.6837567750677506,0.7963414634146342,0.7958841463414633,0.7996273712737128,0.7836043360433605,0.7789126016260164,0.7554200542005419,0.71675135501355,0.6772865853658536
202244314,42,0.687665343915344,0.7961640211640213,0.7951554232804233,0.7983300264550265,0.782010582010582,0.7771990740740742,0.7536375661375663,0.715707671957672,0.6761574074074075
202244314,43,0.6918120155038759,0.7960917312661498,0.794702842377261,0.7972706718346253,0.7806524547803617,0.7753714470284236,0.7525839793281652,0.7145833333333333,0.6751130490956072
202244314,44,0.6954229797979798,0.795580808080808,0.7936553030303031,0.7961332070707071,0.7791508838383838,0.7741477272727273,0.7514362373737373,0.7138099747474747,0.67416351010101
202244314,45,0.6988888888888888,0.7950771604938272,0.7925462962962962,0.7947376543209876,0.777962962962963,0.7725154320987656,0.7506635802469136,0.7131481481481482,0.6739197530864197
202244314,46,0.7027777777777777,0.7940368357487924,0.7913345410628019,0.7930102657004829,0.7764794685990338,0.771256038647343,0.7492904589371979,0.7128774154589371,0.6735356280193235
202244314,47,0.7058510638297872,0.7934544917257682,0.7900856973995272,0.7907801418439716,0.7746749408983451,0.7691046099290781,0.7480053191489361,0.7116430260047281,0.6716312056737589
202244314,48,0.708666087962963,0.7927662037037038,0.7886863425925925,0.7887152777777777,0.7731481481481481,0.7679108796296296,0.7462962962962963,0.7104745370370371,0.6701533564814814
202244314,49,0.7116213151927439,0.7925170068027211,0.7875,0.7871882086167801,0.7722363945578231,0.7662698412698413,0.7457482993197279,0.7098781179138322,0.6695294784580499
202244314,50,0.7140555555555556,0.7921666666666667,0.7862222222222223,0.7857777777777778,0.77125,0.7653888888888889,0.7449166666666667,0.7088055555555555,0.6685277777777778
202244314,51,0.7170615468409586,0.7922657952069717,0.7851443355119827,0.7837826797385622,0.770738017429194,0.7641339869281046,0.744349128540305,0.7079656862745098,0.6681100217864924
202244314,52,0.7197649572649572,0.7919070512820513,0.7840544871794871,0.7821981837606838,0.7694978632478631,0.7626869658119658,0.743082264957265,0.7076522435897435,0.6677350427350427
202244314,53,0.722654612159329,0.7911032494758908,0.7829664570230608,0.7807520964360587,0.7686058700209644,0.7612159329140462,0.7415094339622641,0.7066037735849056,0.6659722222222222
202244314,54,0.7262988683127573,0.7900720164609053,0.781687242798354,0.7789094650205761,0.7672453703703704,0.7592206790123457,0.7398019547325103,0.7049897119341564,0.665136316872428
202244314,55,0.7300883838383838,0.7896338383838384,0.7813257575757575,0.777348484848485,0.7657702020202021,0.7577651515151516,0.7379292929292929,0.7039015151515151,0.6641035353535353
202244314,56,0.734015376984127,0.7885292658730161,0.7804315476190475,0.7755828373015874,0.7644345238095238,0.7564360119047618,0.7362971230158731,0.7024057539682539,0.6631820436507936
202244314,57,0.7381213450292398,0.7883162768031189,0.7799342105263158,0.7742568226120857,0.7636695906432749,0.7557383040935672,0.7353557504873294,0.7017300194931774,0.6629385964912281
202244314,58,0.7420138888888889,0.7874760536398469,0.7788194444444444,0.7730962643678162,0.7625478927203065,0.7541906130268198,0.7341594827586206,0.7008022030651341,0.6630507662835249
202244314,59,0.7454449152542373,0.7868997175141245,0.7780720338983053,0.7719750470809793,0.7616407721280603,0.753189736346516,0.7332744821092279,0.7003413370998117,0.6627354048964218
202244314,60,0.7489236111111112,0.7857986111111113,0.7769675925925927,0.7709490740740741,0.7606481481481483,0.7516782407407407,0.7320833333333334,0.6997453703703703,0.6628472222222223
202244314,61,0.7521744080145718,0.7851548269581056,0.775523679417122,0.7694216757741348,0.7595856102003643,0.7503415300546449,0.7307604735883425,0.6995901639344263,0.662636612021858
202244314,62,0.7548051075268818,0.784475806451613,0.774630376344086,0.7683131720430106,0.7585013440860215,0.7495295698924731,0.7299843189964157,0.6995743727598567,0.662768817204301
202244314,63,0.7576058201058201,0.7840939153439154,0.7735229276895944,0.7670965608465609,0.7576278659611995,0.7484457671957674,0.7288580246913581,0.6994708994708995,0.6632495590828924
202244314,64,0.7607530381944444,0.7842339409722222,0.7728298611111111,0.7662760416666666,0.7568467881944444,0.7474826388888889,0.7281141493055555,0.6993598090277777,0.6640625
202244314,65,0.7631410256410256,0.7837286324786326,0.7719978632478633,0.76508547008547,0.7556517094017096,0.7464209401709402,0.7269017094017095,0.6990598290598291,0.6644978632478633
202244314,66,0.7662247474747476,0.7838383838383839,0.7715593434343434,0.7642992424242424,0.7550505050505051,0.7454545454545455,0.7263047138047138,0.6988636363636364,0.6652567340067339
202244314,67,0.7690505804311774,0.783509535655058,0.7708747927031508,0.7630804311774461,0.7543635986733002,0.7449212271973467,0.7258810116086235,0.6986836650082918,0.6658996683250414
202244314,68,0.7719975490196079,0.7831903594771241,0.7705984477124184,0.7623263888888889,0.7540645424836601,0.7446078431372549,0.7256740196078432,0.6989787581699346,0.6664113562091504
202244314,69,0.7755535426731078,0.7834541062801932,0.7703703703703704,0.7625201288244767,0.7539855072463767,0.7448470209339775,0.7259158615136875,0.6994363929146538,0.6674718196457328
202244314,70,0.778888888888889,0.7838690476190477,0.7709424603174603,0.7630853174603175,0.7544543650793651,0.7453968253968254,0.7266964285714285,0.7005456349206349,0.6691567460317459
202244314,71,0.7823063380281691,0.7847515649452268,0.7715473395931143,0.7641236306729265,0.7554186228482004,0.7466940532081376,0.727914710485133,0.7021028951486697,0.6710093896713615
202244314,72,0.7797453703703703,0.7803819444444444,0.7674189814814815,0.7589891975308641,0.7494984567901235,0.7412037037037035,0.7224729938271607,0.6961516203703704,0.6652006172839505
202244314,73,0.7776731354642314,0.7753900304414003,0.7631944444444444,0.7541095890410959,0.7437214611872146,0.7356069254185693,0.7168378995433791,0.6905441400304415,0.6593131659056316
202244314,74,0.7747747747747749,0.770533033033033,0.7585585585585586,0.7491272522522522,0.7378284534534534,0.7298704954954957,0.7110641891891892,0.6848911411411411,0.6534628378378378
202244314,75,0.7725555555555556,0.765888888888889,0.7539444444444443,0.7440555555555556,0.7323888888888888,0.7243240740740741,0.7058148148148148,0.6793333333333333,0.6478888888888888
202244314,76,0.7703855994152047,0.761376096491228,0.7496984649122806,0.7391630116959064,0.7268731725146199,0.7189967105263159,0.700749269005848,0.6738304093567252,0.6424890350877194
202244314,77,0.768299062049062,0.7564484126984127,0.7450937950937951,0.7341360028860028,0.7213924963924964,0.7138708513708514,0.6956439393939394,0.6681547619047619,0.6369588744588744
202244314,78,0.7668803418803419,0.7520477207977209,0.7406695156695157,0.7293269230769232,0.7162838319088319,0.7087161680911681,0.6906962250712252,0.662962962962963,0.6319177350427351
202244314,79,0.765603023909986,0.7476705344585091,0.7364627285513361,0.7249472573839664,0.7114451476793249,0.7040875527426161,0.6856540084388186,0.6577443741209563,0.6270393811533053
202244314,80,0.7642187500000001,0.7435069444444445,0.7323003472222223,0.720251736111111,0.7065538194444444,0.699375,0.68109375,0.6527256944444444,0.6223958333333334
202244314,81,0.7627914951989027,0.7391632373113853,0.7280435528120713,0.7157150205761317,0.7014917695473251,0.6945130315500686,0.6764660493827162,0.6477280521262003,0.6177469135802469
202244314,82,0.7617208672086722,0.734595189701897,0.7238143631436315,0.7112466124661248,0.6965785907859078,0.6897018970189702,0.6722052845528456,0.642945460704607,0.6129319105691058
202244314,83,0.7606844042838018,0.7304969879518072,0.719737282463186,0.7068105756358768,0.6919176706827309,0.6855003346720214,0.6679467871485943,0.6384956492637215,0.6085843373493975
202244314,84,0.7598544973544973,0.7264467592592592,0.7154017857142857,0.7024222883597884,0.6875330687830687,0.6812417328042327,0.6637070105820105,0.6341435185185185,0.6041749338624338
202244314,85,0.7593218954248366,0.7223856209150326,0.7113316993464054,0.6982679738562092,0.6830147058823529,0.6770751633986928,0.6596977124183007,0.6298937908496731,0.599983660130719
202244314,86,0.7578003875968992,0.7180071059431524,0.7070574935400517,0.6939437984496124,0.6784479974160207,0.6727228682170543,0.6554909560723514,0.6253552971576226,0.5957364341085272
202244314,87,0.756257982120051,0.714096424010217,0.7030092592592593,0.6899984035759897,0.6743694125159643,0.668646232439336,0.6514208173690932,0.6211366538952747,0.5916507024265646
202244314,88,0.7546243686868686,0.7101720328282828,0.6991635101010101,0.6862926136363636,0.6702651515151514,0.6646622474747474,0.6478772095959595,0.6171401515151514,0.58755523989899
202244314,89,0.7531054931335831,0.706398252184769,0.6953105493133582,0.6825842696629213,0.6662765293383272,0.6607677902621722,0.6440543071161048,0.6131554307116105,0.5836766541822721
202244314,90,0.7512268518518519,0.7027546296296296,0.6915123456790124,0.6787808641975308,0.6621913580246914,0.657175925925926,0.6404552469135802,0.6091975308641976,0.5798070987654321
202244314,91,0.7489545177045177,0.6990766178266179,0.6877594627594626,0.6750381562881563,0.6583333333333333,0.6535943223443224,0.6368437118437118,0.6053418803418803,0.5760760073260073
202244314,92,0.7469278381642512,0.6956446256038646,0.6840730676328503,0.671286231884058,0.6547629830917874,0.6500226449275363,0.6333937198067634,0.6016077898550724,0.5724788647342994
202244314,93,0.7448103345280764,0.6921296296296297,0.6804883512544804,0.6675701911589009,0.6513366188769416,0.6462962962962964,0.6300925925925926,0.5979316009557945,0.5688097371565114
202244314,94,0.7430186170212766,0.6888741134751774,0.6771276595744681,0.6638888888888889,0.6477171985815603,0.6429595153664303,0.6270316193853428,0.5943484042553191,0.5653442671394799
202244314,95,0.7409868421052631,0.6856067251461988,0.6738815789473684,0.6607236842105263,0.6445248538011695,0.6396929824561404,0.6238011695906432,0.591001461988304,0.561922514619883
202244314,96,0.7388382523148148,0.6824291087962963,0.6705656828703703,0.6573206018518518,0.640921585648148,0.6362413194444444,0.6208984375,0.5876808449074074,0.5586226851851852
202244314,97,0.736963058419244,0.679238258877434,0.6675687285223367,0.6543241695303551,0.6374928407789232,0.6329324169530355,0.6177835051546392,0.5843714203894615,0.5554982817869416
202244314,98,0.7351969954648527,0.6762046485260771,0.6643353174603175,0.6513392857142858,0.6344883786848072,0.6296130952380953,0.6146329365079366,0.581108276643991,0.5524518140589569
202244314,99,0.7333403479236812,0.6731551627384961,0.6612373737373738,0.648351571268238,0.6311938832772166,0.6265081369248036,0.6119037598204264,0.5779180695847362,0.5496071829405162
202244314,100,0.7313541666666667,0.6704722222222222,0.6582708333333334,0.6454513888888889,0.6282361111111112,0.6235972222222222,0.6089930555555555,0.5746527777777778,0.5466388888888889
202244314,101,0.7293935643564357,0.667278602860286,0.6553080308030802,0.6422511001100109,0.6251443894389438,0.6204826732673266,0.6059405940594058,0.5715827832783278,0.5436674917491747
202244314,102,0.7276143790849673,0.6647331154684096,0.6526484204793028,0.6396173747276688,0.6221132897603486,0.617687908496732,0.6030977668845316,0.568348311546841,0.5407883986928105
202244314,103,0.7259506472491909,0.6622370550161812,0.6499258360302049,0.6370145631067962,0.6192758899676375,0.6149878640776699,0.6004045307443366,0.5654733009708739,0.5377562028047466
202244314,104,0.7244391025641027,0.6599292200854701,0.6473691239316239,0.6342481303418803,0.6165998931623932,0.6124198717948718,0.5976762820512821,0.5625868055555555,0.5350293803418803
202244314,105,0.7229695767195767,0.6576521164021164,0.6450925925925927,0.631931216931217,0.6142261904761904,0.6099074074074075,0.5951388888888889,0.5598875661375662,0.53244708994709
202244314,106,0.7216719077568133,0.6553786687631027,0.6427214360587002,0.6295335429769392,0.6120020964360587,0.6075144129979035,0.5927345387840671,0.5570754716981132,0.5298545597484278
202244314,107,0.7206645898234683,0.653309968847352,0.6406931464174455,0.6271417445482865,0.6098779854620976,0.6054322429906541,0.590303738317757,0.5543483904465212,0.527329958463136
202244314,108,0.7196566358024692,0.651414609053498,0.6385223765432099,0.6248263888888889,0.6077224794238684,0.6031121399176955,0.5878793724279835,0.5519868827160493,0.5248006687242799
202244314,109,0.717953618756371,0.6494011213047911,0.6362003058103975,0.622591743119266,0.60565749235474,0.6010894495412843,0.5856077981651376,0.5492418450560652,0.52217125382263
202244314,110,0.7165719696969698,0.6476515151515151,0.6342929292929292,0.6203156565656566,0.6035669191919192,0.5989835858585858,0.583459595959596,0.5468244949494949,0.5198674242424243
202244314,111,0.715402902902903,0.646021021021021,0.6324762262262262,0.618236986986987,0.601682932932933,0.5969094094094094,0.5811624124124124,0.5443068068068068,0.51758008008008
202244314,112,0.7144035218253969,0.6445746527777778,0.6304749503968254,0.6160838293650793,0.599813988095238,0.5949404761904762,0.5790116567460317,0.5418650793650793,0.5152653769841269
202244314,113,0.7133911012782694,0.6424655850540807,0.628632005899705,0.6139257620452311,0.5976647000983284,0.592951081612586,0.576806784660767,0.5395341691248771,0.5130100786627335
202244314,114,0.7125974658869396,0.6405884502923977,0.6269980506822612,0.6118603801169591,0.5957663255360625,0.5910331384015595,0.5749695419103313,0.5372746101364522,0.510916179337232
202244314,115,0.7118176328502416,0.6389673913043479,0.6253623188405797,0.610090579710145,0.5940338164251208,0.5892814009661835,0.5731884057971015,0.5351086956521739,0.5088103864734299
202244314,116,0.7109734195402299,0.6375419061302682,0.6235512452107279,0.6080639367816092,0.5921815134099617,0.5874281609195402,0.5713661398467432,0.5330579501915709,0.5068486590038314
202244314,117,0.7099477682811016,0.6359449192782526,0.6217058404558404,0.606255935422602,0.5903786799620133,0.5854463437796772,0.5694028964862298,0.53085232668566,0.5050332383665718
202244314,118,0.7089689265536724,0.6342102165725046,0.6199917608286252,0.6043079096045197,0.5885063559322034,0.5835510828625234,0.5672904896421845,0.5286193502824859,0.5031956214689265
202244314,119,0.7079656862745098,0.6326213818860877,0.6182598039215687,0.6023926237161531,0.5866538281979459,0.5816643323996264,0.5651960784313725,0.5265347805788981,0.5011729691876751
202244314,120,0.7066493055555556,0.6310763888888888,0.61671875,0.6004976851851852,0.5847569444444444,0.5797222222222221,0.5630671296296296,0.524363425925926,0.4994097222222222
202244314,121,0.7057736455463728,0.6296200642791552,0.6149391643709825,0.5985422405876951,0.5830578512396694,0.5778064738292011,0.5609963269054178,0.5220787419651055,0.4976698806244261
202244314,122,0.7048269581056468,0.6279086976320583,0.6132741347905283,0.5966530054644809,0.5811304644808744,0.5758481329690345,0.5589651639344262,0.5200648907103824,0.4960382513661202
202244314,123,0.7044037940379404,0.6265526196928636,0.6116926377597109,0.5950767841011744,0.5792852303523035,0.5740345528455284,0.5572436766034328,0.5182475158084914,0.494359756097561
202244314,124,0.7034890232974911,0.6251736111111111,0.6100918458781361,0.5933523745519713,0.5776993727598566,0.5722782258064516,0.5553763440860215,0.5164034498207885,0.49267473118279564
202244314,125,0.7024777777777776,0.6236666666666666,0.6082888888888889,0.5917222222222221,0.576111111111111,0.5704499999999999,0.5536722222222221,0.5147833333333334,0.49115
202244314,126,0.7015156525573192,0.622089947089947,0.6066413139329806,0.5901510141093473,0.5745370370370371,0.568694885361552,0.5517967372134038,0.5129684744268077,0.48959435626102293
202244314,127,0.7009623797025372,0.6205107174103237,0.6050634295713037,0.5884459755030621,0.5730479002624672,0.5670220909886264,0.5501202974628171,0.5112860892388451,0.48826006124234467
202244314,128,0.7002332899305556,0.6190863715277778,0.6035481770833333,0.5869086371527777,0.5714246961805556,0.5652560763888889,0.5482313368055556,0.5098090277777778,0.4869845920138889
202244314,129,0.6994078380706288,0.6178725236864772,0.6022394487510767,0.5854435831180017,0.5699074074074074,0.5634474590869939,0.5465923772609819,0.5082364341085271,0.4857827304048235
202244314,130,0.6988568376068377,0.616736111111111,0.6008600427350427,0.5840811965811966,0.5683600427350427,0.5616720085470086,0.5451228632478632,0.506650641025641,0.4846047008547008
202244314,131,0.698563401187447,0.6156117472434266,0.5995494062765055,0.5824851569126378,0.5667885920271416,0.560024385072095,0.5434796437659033,0.5049883375742154,0.4832803223070398
202244314,132,0.6983848905723905,0.6143886784511785,0.5982533670033671,0.5812605218855219,0.5655776515151516,0.5583491161616162,0.5419507575757576,0.5034827441077441,0.4821969696969698
202244314,133,0.6981098579782791,0.6131996658312447,0.5968410609857978,0.5797410192147034,0.5641812865497076,0.5566050543024227,0.5403665413533835,0.5020206766917293,0.481062030075188
202244314,134,0.6976264510779436,0.6119921227197346,0.5955586650082919,0.5783063847429518,0.5628005804311774,0.5548870232172471,0.5388163349917081,0.5003886815920398,0.4800476782752902
202244314,135,0.6973765432098766,0.6107767489711934,0.5943569958847736,0.5769393004115226,0.561604938271605,0.553179012345679,0.5373096707818931,0.49897633744855974,0.4789711934156379
202244314,136,0.697314133986928,0.6097886029411765,0.5932546977124183,0.5758884803921569,0.5603758169934641,0.5517003676470589,0.5358864379084968,0.49755412581699354,0.47801776960784315
202244314,137,0.6968116382806163,0.6087084347120844,0.5920873884833739,0.5747212084347121,0.5590480535279805,0.5500608272506082,0.5343420519059205,0.4961121248986212,0.4771036090835361
202244314,138,0.6964070048309179,0.6077043075684381,0.5908766103059582,0.5733343397745572,0.5577495974235105,0.548329307568438,0.5328049516908212,0.49470611916264096,0.47612721417069237
202244314,139,0.6959682254196642,0.6067745803357315,0.5899080735411671,0.5723970823341328,0.5565747402078338,0.5468025579536371,0.5314498401278978,0.49335531574740216,0.47524480415667464
202244314,140,0.695734126984127,0.6057093253968253,0.5888194444444445,0.5711607142857142,0.555109126984127,0.5451636904761904,0.5300049603174602,0.49193948412698413,0.47429067460317464
202244314,141,0.6955230496453899,0.6046936564223797,0.5879580378250591,0.5701979905437352,0.5540533884948778,0.543887903861308,0.5287480299448385,0.49058313632781714,0.4735766351457841
202244314,142,0.6955056729264476,0.6038243348982786,0.5869669405320814,0.569004303599374,0.5528658059467918,0.5423904538341158,0.527362089201878,0.4892458920187794,0.4727650625978091
202244314,143,0.6954933954933955,0.6032099844599844,0.5861305361305361,0.5680798368298368,0.5518113830613831,0.5409576534576535,0.5260246697746698,0.48817016317016326,0.47211538461538466
202244314,144,0.6947048611111111,0.6029658564814814,0.5856336805555555,0.5672646604938272,0.5510127314814816,0.5397521219135802,0.5250626929012346,0.4872106481481481,0.47118537808641975
202244314,145,0.69375,0.6025383141762453,0.5852298850574712,0.5663505747126437,0.5502729885057472,0.5385153256704982,0.5242001915708813,0.4865565134099617,0.4702825670498085
202244314,146,0.6931982496194825,0.602164193302892,0.5847222222222223,0.5656154870624048,0.5495909436834094,0.5375095129375952,0.5234018264840183,0.48568778538812785,0.46958713850837136
202244314,147,0.6927343159486017,0.602140022675737,0.5844246031746032,0.5649045729402872,0.548941798941799,0.5365221088435373,0.5225765306122448,0.48476001511715794,0.46870275888133034
202244314,148,0.6921593468468469,0.6019331831831831,0.584131006006006,0.5644237987987988,0.5485031906906906,0.5355527402402402,0.5218093093093094,0.4840793918918919,0.4680508633633634
202244314,149,0.69155947054437,0.6015193885160328,0.5837201715137956,0.5636139075316928,0.5474412751677853,0.5346709545115585,0.520982475764355,0.4832913870246085,0.4671234153616704
202244314,150,0.6909027777777779,0.601175925925926,0.5833287037037037,0.5630833333333333,0.5465879629629629,0.5337314814814815,0.5201759259259259,0.48264814814814816,0.4664490740740741
202244314,151,0.6905445180279617,0.6010669610007358,0.582809050772627,0.5625229948491538,0.5454884105960266,0.5328182487122884,0.5194260485651214,0.48210080941869016,0.46582505518763795
202244314,152,0.6900356359649124,0.6011604532163742,0.5825840643274854,0.5620751096491229,0.5446546052631579,0.5319398757309941,0.5188139619883041,0.48159722222222223,0.465140716374269
202244314,153,0.6898102759622368,0.6010530137981118,0.5824074074074074,0.5618191721132898,0.5442220406681191,0.5314950980392157,0.5182961147421932,0.4813770878721859,0.46466049382716046
202244314,154,0.6895743145743146,0.6011363636363636,0.5822646103896104,0.561656746031746,0.5436011904761904,0.5310380591630591,0.5179698773448774,0.4811237373737373,0.4642135642135642
202244314,155,0.68918458781362,0.6013664874551972,0.5821774193548387,0.5613216845878136,0.5431406810035843,0.5303001792114695,0.5175582437275985,0.48094086021505383,0.4636738351254481
202244314,156,0.6888443732193732,0.6015714031339031,0.5820245726495726,0.5612179487179487,0.542650462962963,0.5297320156695157,0.5172765313390313,0.4806445868945869,0.4631232193732193
202244314,157,0.6884952229299363,0.6017117834394905,0.5817763623496107,0.5609916843595187,0.5423389950460014,0.5290826256192498,0.516715322009908,0.4802680467091295,0.4626326963906581
202244314,158,0.6879878691983123,0.6019514767932489,0.5815356891701828,0.5610319971870604,0.542246835443038,0.5285205696202533,0.5164117440225036,0.48009405766526014,0.462429676511955
202244314,159,0.6877926275331935,0.6021226415094338,0.5814902166317261,0.5610630677847659,0.542238819007687,0.5281577568134171,0.5160945143256463,0.48010132774283726,0.4621505939902166
202244314,160,0.6872439236111111,0.6023871527777778,0.5812586805555555,0.5609027777777779,0.5420703124999999,0.527677951388889,0.5157942708333333,0.47996961805555555,0.46191840277777774
202244314,161,0.686887508626639,0.602506038647343,0.5809912008281574,0.5608350586611456,0.5418133195307108,0.5271911663216011,0.5152303312629399,0.4797705314009662,0.4615942028985508
202244314,162,0.6865440672153635,0.6027820644718792,0.5808384773662552,0.5607510288065843,0.5417309670781892,0.5267318244170096,0.5147548010973937,0.479792524005487,0.46138545953360777
202244314,163,0.6863411724608044,0.6031952965235173,0.5807046693933197,0.560987559645535,0.5416794478527608,0.5263505453306065,0.5142595432856168,0.4797716428084526,0.46110685071574636
202244314,164,0.6859247967479675,0.6036881775067751,0.5805724932249322,0.5609925474254743,0.5415269308943089,0.525779132791328,0.5137745596205963,0.47959857723577237,0.461034891598916
202244314,165,0.6855681818181818,0.6039772727272728,0.5804924242424242,0.5610016835016836,0.5415193602693602,0.5255387205387205,0.5134848484848484,0.47961700336700336,0.4609132996632996
202244314,166,0.6850945448460509,0.6043800200803213,0.5804216867469879,0.5610692771084337,0.5416080990629183,0.5253555890227577,0.5131818942436412,0.4797439759036144,0.4609646921017403
202244314,167,0.684913506320692,0.6046739853626081,0.5803018962075849,0.5612566533599467,0.5416708250166334,0.5251039587491684,0.5128077178975383,0.47972804391217566,0.460894876912841
202244314,168,0.6844411375661376,0.604646164021164,0.5801545965608466,0.5612103174603175,0.5415385251322751,0.5248718584656085,0.5124875992063492,0.4795428240740741,0.4608217592592593
202244314,169,0.6841469428007889,0.6048939842209073,0.5802144970414201,0.5613782051282052,0.5414858645627877,0.5246425049309665,0.5122657790927022,0.4795447074293228,0.460844017094017
202244314,170,0.6838602941176469,0.605,0.580204248366013,0.5616176470588236,0.541360294117647,0.524358660130719,0.5120629084967321,0.4796813725490196,0.4608292483660131
202244314,171,0.6837191358024691,0.60512102014295,0.5803403183885639,0.5615497076023391,0.5414636127355426,0.5240700129954516,0.5118502274204029,0.47965399610136455,0.46088775178687463
202244314,172,0.6835473191214471,0.6052608204134367,0.5805757428940568,0.5615552325581395,0.5415051679586563,0.523921996124031,0.5117328811369508,0.47965116279069775,0.4610384366925065
202244314,173,0.6835260115606936,0.6053147077713551,0.5808004174694926,0.5615486512524085,0.541514129736673,0.5236833654463712,0.5114041425818883,0.4796925176621708,0.461247591522158
202244314,174,0.683441091954023,0.6055715197956578,0.5810584291187739,0.5617816091954023,0.5415509259259259,0.5235791826309069,0.5111709770114942,0.4796655491698595,0.4613585568326948
202244314,175,0.6833214285714285,0.605984126984127,0.581468253968254,0.5620833333333334,0.5417301587301587,0.5235634920634921,0.5110793650793651,0.47984920634920636,0.4616746031746032
202244314,176,0.6833885732323233,0.606439393939394,0.5817550505050505,0.5622829861111112,0.5418678977272727,0.5233664772727272,0.5110124684343434,0.4798768939393939,0.4618410669191919
202244314,177,0.6831450094161957,0.6066541117388575,0.582015065913371,0.5626137790332706,0.5420393910860012,0.5232815442561206,0.5109698681732581,0.4800258945386064,0.4620291902071563
202244314,178,0.6829431960049938,0.6068352059925094,0.5823228776529338,0.5628862359550563,0.5421114232209738,0.5232365792759052,0.5110369850187265,0.480106897627965,0.4621137640449438
202244314,179,0.6828522656734948,0.6071461824953445,0.5829376163873371,0.5632409993792675,0.5422563625077591,0.5231184047175667,0.5110723153320919,0.480225791433892,0.4622866232153942
202244314,180,0.6829128086419753,0.6074652777777778,0.5833101851851852,0.5634953703703703,0.5422530864197531,0.5230054012345678,0.5111072530864198,0.4803433641975309,0.4623533950617284
202244314,181,0.6829343155310006,0.6077578268876612,0.5838052486187846,0.5637776243093923,0.5425222529158993,0.5229627071823205,0.5111456414978514,0.48055171884591774,0.46246930632289746
202244314,182,0.6828449328449329,0.6080509768009768,0.584344474969475,0.5641521672771672,0.5426243894993894,0.5230807387057387,0.5112904456654458,0.48079594017094013,0.4627251221001221
202244314,183,0.6826768366727383,0.608682452944748,0.5850447783849423,0.5645567698846388,0.5430100182149363,0.5232050698239222,0.51150956284153,0.4811095931997572,0.4630578324225866
202244314,184,0.682608695652174,0.6090692934782609,0.5855789553140096,0.5648814915458937,0.5433159722222223,0.5231657608695652,0.5117678140096618,0.48125,0.46329257246376815
202244314,185,0.6824849849849849,0.6093581081081082,0.5860172672672672,0.5653153153153153,0.5436036036036036,0.5232394894894895,0.5119444444444444,0.4814527027027027,0.4633708708708709
202244314,186,0.6823999402628435,0.6097259557945042,0.5867383512544804,0.5658527479091995,0.5437948028673835,0.5232825567502987,0.5120706391875746,0.48175029868578256,0.4635790023894863
202244314,187,0.6823975044563281,0.6100193107546049,0.5872586155674392,0.5662098930481283,0.544058229352347,0.5233103089720738,0.5121509209744504,0.481918449197861,0.4637774806892454
202244314,188,0.6826425827423168,0.610368646572104,0.5879765070921985,0.5668181146572103,0.544392730496454,0.5235593971631206,0.5123854905437352,0.48223256501182027,0.4639960106382978
202244314,189,0.6823963844797178,0.6107914462081129,0.5886206643151087,0.5672472075249853,0.5446355085243973,0.5236588771310994,0.5126249265138153,0.48234861845972954,0.4641130217519106
202244314,190,0.6822368421052631,0.6110891812865498,0.5892141812865497,0.5677192982456141,0.5448976608187134,0.523687865497076,0.512920321637427,0.482452485380117,0.4643238304093567
202244314,191,0.6821480511925538,0.6113510762070972,0.589957824316463,0.568357329842932,0.5452443280977313,0.5237710878417685,0.5131471785922047,0.48270069808027927,0.4646124200116347
202244314,192,0.6821614583333333,0.6117115162037037,0.5904947916666666,0.5689887152777777,0.5455946180555555,0.5240125868055555,0.5135271990740741,0.48297526041666666,0.4647280092592593
202244314,193,0.6820236039147956,0.6120502302820956,0.5912025043177893,0.5697538860103627,0.5459412780656304,0.5240464881980427,0.5139104778353483,0.48327936096718477,0.4649791306850893
202244314,194,0.682055412371134,0.6124319873997709,0.5919243986254294,0.5704002004581901,0.5462557273768615,0.524165950744559,0.5142826460481099,0.48361970217640315,0.46524198167239394
202244314,195,0.6820726495726496,0.6128846153846154,0.5926175213675214,0.5712179487179487,0.5467913105413105,0.5244444444444445,0.5146438746438746,0.4839672364672364,0.4656481481481482
202244314,196,0.6821286848072562,0.6133964002267573,0.5933071145124718,0.5718360260770975,0.5470238095238096,0.524720096371882,0.5150970804988663,0.48428996598639457,0.46583758503401357
202244314,197,0.6820678228990412,0.6137619853355895,0.5938134517766497,0.572553581500282,0.5473068245910885,0.524925972927242,0.5155139593908629,0.48461999435984204,0.46589114495205863
202244314,198,0.6820145903479238,0.614243125701459,0.5943392255892256,0.5732989618406286,0.5477132435465768,0.5252174523007856,0.5161195286195286,0.484918630751964,0.4662457912457913
202244314,199,0.6819095477386934,0.61464265773311,0.5948283082077052,0.5741275823562255,0.5481295365717477,0.5254152707984366,0.5166178112786154,0.4851619207146845,0.4665305695142378
202244314,200,0.681875,0.6150729166666667,0.5953993055555555,0.5748715277777777,0.54846875,0.5257395833333334,0.5171840277777778,0.4854930555555555,0.46664236111111107
