seed,k,standard_p5,smooth_p5,standard_p10,smooth_p10,standard_p20,smooth_p20,standard_p30,smooth_p30,standard_p50,smooth_p50,standard_p70,smooth_p70,standard_p100,smooth_p100,standard_p120,smooth_p120,standard_p150,smooth_p150,standard_p200,smooth_p200,standard_p300,smooth_p300
191664964,1,0.5763999664175972,0.5124674670472672,0.5147342792376794,0.40605322810847116,0.4221308034589875,0.29216690454202,0.36176643438838046,0.2257157249601209,0.27760053731844514,0.15855091931827722,0.2149693560574259,0.1197632440601125,0.16820586012929226,0.09302325581395349,0.1408781798337671,0.08257073293594157,0.11640500377802032,0.074972714297708,0.09092435563764588,0.06565359751490218,0.07148854000503736,0.057635798841407106
191664964,2,0.5515909663336411,0.5257115271597683,0.5213877927965745,0.4548736462093863,0.46297540088993366,0.35966753421207287,0.4155192679036185,0.29227184955083535,0.3376080933590798,0.22277726471329024,0.2811057006128789,0.1788262950214088,0.23031231634623459,0.14442532113172699,0.2018512299555033,0.12975400889933675,0.17294937452774747,0.11581731172865418,0.1401645537738225,0.10267819662496852,0.11315170850474351,0.08997985055830744
191664964,3,0.5236895866565919,0.5180085635127193,0.5140206531777348,0.47006968348585343,0.4724764223546861,0.3898916967509025,0.4353118965661993,0.331038535807237,0.3702599837685053,0.2630761480983964,0.31738169199339544,0.21804774298267707,0.26793160383958803,0.1793860017350908,0.24071586488679933,0.164008059776677,0.21085551171186298,0.14921780986762936,0.17502028936837097,0.13230067444659,0.14419444211233315,0.11550947303612906
191664964,4,0.49834186886071696,0.5039669213332214,0.5001889010158677,0.4737847367979179,0.47404709931995637,0.4090966333641172,0.4457329359415666,0.3565086894467299,0.3886953236504072,0.29103349844681387,0.34166946520023506,0.24716648476198472,0.29566157333557214,0.20805347997649232,0.26999202417933005,0.19224876164889598,0.23966291663168499,0.175709428259592,0.20357232810007556,0.156284107127865,0.1701998152967845,0.13788724708252875
191664964,5,0.47917891025102854,0.49215011334060954,0.4888506422634539,0.47444379145327853,0.4726051548988331,0.4198220132650491,0.45028964822433043,0.3731844513474939,0.40110821929309043,0.3112585005457141,0.35810595248090005,0.2693728486273193,0.3135421039375368,0.22987154730921,0.2899924439593653,0.2138527411636303,0.2618252035933172,0.19702795735034842,0.22591721937704648,0.17699605406766855,0.19072286122072032,0.15666190915960038
191664964,6,0.4635491002714578,0.4827540368846725,0.47946575994179047,0.47313407774326255,0.4706713682030616,0.42923907872274925,0.4528307167044468,0.3877228332353846,0.41139143089021357,0.32902359163798167,0.37299555033162624,0.28848683289956056,0.3312064478213416,0.25037080569781434,0.30860828925642964,0.23374751630145799,0.2804340525564604,0.21671843953768227,0.24593512999188422,0.19565247810147482,0.20951921193294712,0.1737399602608233
191664964,7,0.45333245379421183,0.475646761097185,0.473038128020917,0.4712450675845857,0.4691221799776917,0.43570169231322786,0.4553593916787603,0.39807141058085554,0.4197980258344628,0.34364393058037584,0.3843625940007436,0.30449044700576894,0.3460126893507802,0.267651750482747,0.3242620866665867,0.25177806829221483,0.29718627439221845,0.2339674010818331,0.26319608525132826,0.21232474183527827,0.22646533216594497,0.1894407330558787
191664964,8,0.44587461170346737,0.46984405171690036,0.46804424481571655,0.4713814960960457,0.46855322810847116,0.4420073881286206,0.4579327932163546,0.4083252875493242,0.4265909663336412,0.3569284694819914,0.3946404583997985,0.3192794475694736,0.358665309377886,0.2834774578121065,0.33836894467299133,0.2677094702375955,0.3117706321887331,0.25008920325749306,0.279012047687012,0.2281399546637562,0.24287423390143564,0.20386092687431787
191664964,9,0.4397149227138313,0.46477579081894427,0.463614399388054,0.470512784634185,0.46709390945811063,0.4465340161755241,0.4591367456785977,0.4166083638839915,0.4320469407363875,0.3689260161008964,0.404080261942742,0.3333799755594735,0.3699194955176821,0.2976520303361039,0.350623606563494,0.28263789774158343,0.3254741182287148,0.26518904094254614,0.29314639129096354,0.2427774512821948,0.2569566880288063,0.21751135738206517
191664964,10,0.43518596255562086,0.46127109394677185,0.4604986986818907,0.47022919989925277,0.4668247838132818,0.4512677357064898,0.46053228108471156,0.4240533960204853,0.43726807153051794,0.3797204264965159,0.411695071782386,0.34509277138779276,0.38021156913777177,0.31054487448576945,0.3615523465703971,0.29521030979766605,0.3370875661153555,0.27812946016287465,0.305356393249937,0.2556208546721518,0.2696289144488288,0.229980690118378
191664964,11,0.432205524305264,0.4589874905549492,0.4581402981201486,0.47020324986070927,0.46678395066439726,0.4552781615160928,0.46301737889345973,0.43086222819242714,0.44243670861922885,0.38901397485899203,0.41879546026972764,0.3552865571167979,0.3886743346486441,0.32208958869188903,0.37115805863182233,0.3073285961792384,0.3480358110531898,0.290205386922707,0.3171361842758031,0.26741896337228377,0.28165332274978816,0.24164065302508755
191664964,12,0.42980228360339184,0.45679413987070777,0.45655976268435344,0.4706328883664959,0.46706825623373355,0.45885456021044974,0.46489589455125513,0.43680561385833827,0.4472966165729158,0.39776607057901664,0.4256744465899868,0.365366048190748,0.39752819522570176,0.33306747264433434,0.3805515909663336,0.3186620211009431,0.35828226009570985,0.3014930176587468,0.3279461562141438,0.2787759214171774,0.2929959701116615,0.252613130719503
191664964,13,0.42805938918775793,0.4555937304237195,0.4555226907254445,0.4707962258545753,0.46720872109168643,0.46200344865444354,0.4664369716422441,0.44271294149557944,0.45149603146412826,0.4061339550383292,0.43211833922101744,0.3749798182675355,0.4055139722170198,0.34372558010371795,0.3893362954734796,0.3292851468907216,0.36754002441182354,0.3120128129783071,0.33868499060338536,0.2893091712250473,0.3033976350238629,0.2629921920913441
191664964,14,0.4270542235868405,0.4547237247682214,0.454678748335872,0.4710291807093083,0.4673830912601797,0.4648614126197872,0.46777888386485483,0.44771339817935407,0.455416361826403,0.41299459083440276,0.43731184859133815,0.3834420763519915,0.41244887678856273,0.35309197980258344,0.3970819290691677,0.3390113580483826,0.37596699329551314,0.3223131079314439,0.34793168379768996,0.29921621070559024,0.31339278218213656,0.2733577605334805
191664964,15,0.42611311672683516,0.4537514342484538,0.45404528027313684,0.47168163882125774,0.4679567906417037,0.4681582850586293,0.469602328379929,0.4525592589483111,0.45889793748076,0.41996753701060646,0.4428175635966753,0.39118461925950804,0.4190832004029889,0.36207707161447406,0.4043797050345619,0.34839783953208514,0.38419388240561947,0.3316626087929925,0.3570369126577674,0.3084907508465564,0.32275207791117455,0.28276103321859347
191664964,16,0.4255021618671816,0.45320239694400133,0.45351723197044747,0.4725621274452187,0.46865292586684576,0.4709590924355638,0.47116635882797414,0.4572244144068508,0.46226439845520945,0.4264361724456385,0.447564226345395,0.3990481487700445,0.42585372764671314,0.3703902904877844,0.4113634455545294,0.35752140878179833,0.39229231382755436,0.3408377760053732,0.3658015699773319,0.317951893207959,0.33185973050121736,0.29168940475191
191664964,17,0.4251606275958456,0.45282413191958,0.4533451530221694,0.47302789808728457,0.4692646935358813,0.47356867354447446,0.4725142848676705,0.4608839085966012,0.4655286512220537,0.4322154014825643,0.4524636149481201,0.4056606103107853,0.4317585820324268,0.37819711882738155,0.4179083101631215,0.36518393773427427,0.39922809859398384,0.3489952441391299,0.3735005210211026,0.3260974778627764,0.34000207420723305,0.2997402302370028
191664964,18,0.4252698252782209,0.4527117790277894,0.45354667487569855,0.47396197725725053,0.4702912340600192,0.47598624987173394,0.4740389369303818,0.46449360535079626,0.46859345702851707,0.4375483913096204,0.45679763803766826,0.41233360385824497,0.43710529016128885,0.385609940391235,0.42399882461590127,0.37309116689521354,0.40559613429229746,0.3567547271896193,0.38118825735314693,0.33445041464939035,0.3482938273677926,0.3079436375339322
191664964,19,0.42559288406559176,0.4523991533699499,0.45380873054098597,0.47467621703069696,0.47109262115072753,0.4783636532351784,0.47549589278376025,0.4682955604947218,0.471494726237136,0.4426514190774561,0.46065556385296214,0.41870849148730277,0.4420924488199762,0.3928301569977332,0.42976417199492734,0.3805040895412909,0.4120317795580379,0.36433813944650895,0.3883031607227287,0.3423107344383122,0.3560154479052976,0.3160435510739741
191664964,20,0.42592981277810427,0.45240533960204854,0.4542313827554362,0.4754554613382587,0.4719712870455881,0.48057467886827304,0.47734447149693565,0.47156829821173707,0.47453824196121236,0.4481172865418521,0.46451809251951975,0.42457602216438584,0.4476408362018302,0.3999664175971791,0.4357463689026949,0.3879816975904626,0.41850810175468056,0.37188733103853583,0.39536143061036016,0.35006296700528927,0.36348753253295274,0.323560154479053
191664964,21,0.4262586404723924,0.45255286230015473,0.45461378237803385,0.4762064678108671,0.4728882065797522,0.48285098608329236,0.4789070527043829,0.47540888574387025,0.477371857146855,0.453034609864431,0.4684805162095062,0.43047043349284975,0.45250488743898193,0.40611319668493706,0.4411328463884925,0.39501501213364193,0.4242556900184303,0.37914932575330523,0.4018034549895855,0.35747468326596865,0.37061779627475194,0.33079866150137327
191664964,22,0.4265995527434533,0.4529960845971256,0.45522855114828914,0.4772593706352417,0.4740575938208379,0.4851626838445746,0.480489768815686,0.4786370123873272,0.48007189687149393,0.45738469405667787,0.4718098625411193,0.435928209981606,0.4567760130055487,0.4125483701086085,0.4461593942955709,0.4014528205402187,0.4297288220972211,0.38595721296586044,0.4080872531884201,0.3648899794689401,0.37763602781233535,0.33794200929621965
191664964,23,0.42719189057977097,0.45348837209302323,0.456195040755166,0.4783667271393268,0.4752913820983891,0.4872149602304045,0.48227250659784704,0.4817815464696499,0.4825919044507635,0.4614952199829898,0.4751234700842845,0.4409095720798823,0.4608618996689213,0.41838563549221947,0.45056633802148544,0.40742390118012944,0.4348373626132949,0.3920581267589696,0.4138629618949235,0.37127536475234807,0.3837884600643176,0.3444167430179629
191664964,24,0.42789578260991235,0.45415652198248124,0.45678714353678673,0.4793713094338566,0.4763453950130132,0.4893918086922453,0.48401687515741754,0.4847042649651583,0.48507507066297256,0.4660030643942574,0.4784372988553998,0.44588335712086863,0.4651670024906948,0.4241352531273613,0.45513600873142473,0.4133504043881006,0.43985776453138553,0.3983327736266196,0.4197625444267204,0.3774469677888786,0.38998439817535613,0.3511879774997901
191664964,25,0.4288993367475444,0.45484678028712955,0.45757031315590635,0.4804516833179414,0.4775283351523802,0.4913491730333306,0.48551087230291334,0.48759969775837464,0.4874855175887835,0.47013684829149527,0.481418856519184,0.450744689782554,0.46907060700193104,0.4295995298463606,0.4597934682226514,0.41920913441356733,0.44478549240198145,0.4041759717907817,0.4253295273276803,0.38390731256821437,0.3960675006296701,0.357666023003946
191664964,26,0.429586742700671,0.45569221727814624,0.4584514637406922,0.4818558152451192,0.47885438799299934,0.4932415414322895,0.4871999380017179,0.49016423086610306,0.4896927855957325,0.47403821935767193,0.48435027737773095,0.4552030120832069,0.47281278456242776,0.43508101754680545,0.4639602694342011,0.42473666875480326,0.4494681709860956,0.40980218673107593,0.4305021860852606,0.38983034428421043,0.401774700825998,0.3637587750172756
191664964,27,0.4305652726860015,0.4566367223574847,0.4594399201485088,0.48314660895468553,0.48006977677030566,0.495399521761708,0.4887980920220027,0.4928901699953669,0.49203972673874447,0.4775868555987773,0.48735373775252877,0.4597011166148938,0.47649542750709734,0.4402995052814547,0.46809205309751023,0.43017814220903805,0.4540885020693601,0.4154920599383701,0.4356259542222098,0.39590077021862763,0.40769503446860506,0.3696505253469404
191664964,28,0.43158934718207664,0.4574507957830097,0.460446226177483,0.4842807368938676,0.48120884656440027,0.4970195617496432,0.4903645489763364,0.4953524353238903,0.4943659522410257,0.481039435335884,0.49012767309929595,0.46404733919426217,0.4799210213847944,0.4451152596039675,0.47196319128776515,0.4354933015100088,0.45851523801527994,0.42123727166964514,0.4406610935869604,0.40165753145351835,0.41321197692409173,0.37551722897201867
191664964,29,0.43252687315984356,0.45840269354030905,0.46145550765881443,0.48550166609248485,0.4825617583282911,0.49866394147397797,0.49197062118760115,0.4977317402922248,0.49652885336359615,0.4844927464904942,0.49282320891439096,0.4680677669728649,0.48335934039528805,0.4498478659251518,0.4755210338748014,0.4404534782394715,0.4627799860459326,0.4266311349404636,0.4454676783848022,0.4071576838564179,0.4186220213711464,0.38102565290270657
191664964,30,0.4333053479976492,0.4592295637086167,0.4626661629306243,0.4865530462037892,0.4837391207007528,0.5004267763691825,0.49343743878207824,0.4999356337279266,0.4984692021380796,0.4877899980410265,0.49533624380824437,0.4719209134413567,0.486428511459995,0.454284554893236,0.4792222875213388,0.4454313939495704,0.46689754568606057,0.4318207259396076,0.4500909523409733,0.41254722525396686,0.42388548400638065,0.38662580807656793
191664964,31,0.434411400684106,0.4604675537115326,0.46386100135142083,0.4876219054763691,0.48508291332760983,0.5023033736773543,0.49515357178644837,0.5023087901939384,0.5006499819900824,0.4909950411790673,0.4979105787277144,0.47569067357091976,0.4897180973943847,0.4588629106735167,0.48277412313367146,0.45014773548982906,0.47099184543428274,0.43679873036851263,0.4546326112213974,0.41769061398923735,0.4289826969377723,0.391974347377458
191664964,32,0.4355099802703383,0.4614300856351272,0.4650887310049534,0.4887538304928218,0.4863820732935942,0.5040928553437999,0.4968018008563513,0.5045519897573671,0.5026865922256738,0.49400763999664177,0.5005063596675342,0.47972987154730923,0.49293457728150447,0.46312757115271597,0.4861630005876921,0.45488282889765763,0.47480926244647803,0.44155350096549406,0.45896125430274537,0.4226502812526236,0.4337888821257661,0.3970620644782134
191664964,33,0.43678748699317915,0.46261286358675324,0.4662331483757057,0.4898540437538002,0.48771443763467937,0.5058413027936998,0.49812752663059107,0.506720296746323,0.5045806906272021,0.4968987159819164,0.5028545042397784,0.4832851222323139,0.49583908940805926,0.4674136207172896,0.48944825638638084,0.4590536377120207,0.4783469825447828,0.44599339037253566,0.46308734223267006,0.4274670981496605,0.43846406301279944,0.40194319994504696
191664964,34,0.43766143011650127,0.46352358423009876,0.4672769116042017,0.49094139376848883,0.48888941018435755,0.5074634420975174,0.49956540419878803,0.5089709462829712,0.5063497903569119,0.4997975178653445,0.5050225446571878,0.4866905035878846,0.4985505242311853,0.4712154360526849,0.49249211060463133,0.463223564969603,0.4818222898260135,0.45053756537456724,0.46697195375505585,0.43216725024322555,0.4429765861512098,0.40698785601050935
191664964,35,0.438818858917927,0.4645825587392206,0.4684541300358612,0.4918490710867505,0.49009199179629875,0.508928121664248,0.5009319116782806,0.5107007927845808,0.5080417861040815,0.5023963443155786,0.5072202166064982,0.4899408709836046,0.501054247574271,0.47508545522146395,0.49549276179282054,0.46738908811782626,0.48522014464420643,0.4550367607373737,0.47106516185518793,0.4366983700540916,0.4474375427276107,0.41204288952588847
191664964,36,0.44019417158742147,0.4657925913487999,0.46968954934281104,0.4929255403501899,0.4912370917639157,0.5103732310935737,0.5022294984095002,0.5127636451832572,0.5100175841192549,0.5051539659884887,0.5095033535760595,0.49325670015578504,0.5037710239834328,0.47873464304704333,0.4986438772749746,0.4713849942630061,0.4885901454304611,0.45925918152221573,0.47505690351589097,0.4411923152268212,0.45181158406328414,0.4167611171746005
191664964,37,0.4413090783672599,0.4669553694404672,0.4710147558355098,0.4941253485876103,0.49260619867621797,0.5119433092735083,0.503661162631862,0.5145924616581993,0.5117629173124095,0.5077523161647081,0.5117674554749527,0.4963785462903925,0.5064600743804841,0.482362431275201,0.501557724293011,0.47532601025170923,0.4918290383406663,0.4633157630806863,0.47871147950906157,0.4455636057516672,0.4558572929406613,0.4213502395015283
191664964,38,0.442443738428432,0.46808567047709104,0.4722934129884362,0.4954089320354029,0.49404022818358967,0.5135743607191937,0.5049975917882187,0.5167370718795983,0.5135058702923878,0.5105486304124007,0.5138074491071942,0.49966086191888087,0.5093113839926826,0.48597603276935525,0.5046341506524266,0.47915239782774877,0.49510072511477665,0.4672748321984543,0.48242999615569865,0.44991361368748034,0.4599761830064204,0.42585800829838844
191664964,39,0.4436472211638025,0.46944216615109063,0.4737002426113332,0.49673002116121917,0.4954932845957949,0.5153585674952478,0.5066594335337514,0.5187824656802913,0.5154500580157536,0.5131983148522482,0.5159161214908005,0.5028900240889159,0.5120476870120058,0.48962928041091086,0.5076636765411847,0.48281808024902645,0.49832949073147215,0.47118909691321753,0.4859578196409697,0.45400071900785527,0.4639484294844886,0.43028099429744965
191664964,40,0.44472441440685073,0.4707570732935942,0.47494228024515156,0.49793468222651327,0.4969880782469986,0.5169601628746536,0.5080660733775502,0.5207938040466795,0.517118629837965,0.5156777348669298,0.5180799261187138,0.5058926622449836,0.5145716144740157,0.4928941734531106,0.5104535723281001,0.48623331374359835,0.501535345478969,0.4749118461925951,0.48924943329695236,0.4578971119133574,0.46769267903618505,0.4344828309965578
191664964,41,0.4457285845631524,0.47207336526391885,0.4762404500041978,0.49937340150834136,0.4984488615770215,0.5185174188237559,0.5096160343687226,0.5228165806970806,0.5189156979303821,0.5182860278774898,0.5203562601489503,0.5088809073801427,0.517136240122371,0.4963724861830937,0.5132701683829869,0.48980344055812314,0.5047465859596889,0.47866595952501384,0.49282176139702794,0.46186042416212936,0.471569629221605,0.4386486359196562
191664964,42,0.4468268627239326,0.473142073553458,0.47734387181117094,0.5006096805274036,0.49976712202805734,0.5200434972074633,0.5110112301154196,0.5245971111137764,0.5206501793060436,0.520644182448397,0.5222463429163119,0.5116958713634056,0.5194438114428039,0.49976712202805723,0.515736753940935,0.4930296524621098,0.507642995070583,0.4822682914152983,0.4960020949022712,0.4658648867993171,0.4751820046295741,0.442746001095426
191664964,43,0.4479550854886923,0.4741805991334959,0.4785443590349355,0.5018499608530711,0.5012027186126562,0.5215425256700372,0.5124869917000701,0.5262674916483298,0.5221448612090056,0.5228682495953515,0.5240465623920043,0.5142344481259261,0.5215718126492416,0.5027988589792901,0.5181686656657029,0.49629422089801684,0.5105003582773789,0.48572650256846805,0.49909991350578803,0.4696743092665955,0.47881184677833466,0.44661374184113567
191664964,44,0.44896047198540695,0.4753932575693972,0.4797236702513337,0.5031531204921348,0.5025873714900665,0.5231069828500776,0.5139462376260294,0.5279897878965968,0.523817746773418,0.5252335503468909,0.5259109226765176,0.5168942383282069,0.5238148846368139,0.5058521153097596,0.5205587272269331,0.4994237564970501,0.513259324841056,0.4891238809045878,0.5022057532761923,0.4733315651689423,0.4822127750513277,0.4506100167148778
191664964,45,0.4502747227119656,0.4767749699157641,0.48110430134609466,0.5046381029673784,0.5041026502112893,0.5246242968684409,0.5154563008983293,0.5298566217968451,0.525553410013153,0.5273472700305041,0.5277427961081727,0.5196242502262148,0.5261000569035159,0.5087911267828992,0.523048722469426,0.5026959206709019,0.5160281345908077,0.49249806434761517,0.5052733700874076,0.47701004673551056,0.4856985606209013,0.4543633802554128
191664964,46,0.4515199687537643,0.4780756188105259,0.48261106832193845,0.5059873408942409,0.5056314404295628,0.526134957456206,0.5169965286016215,0.5315446445193154,0.5272838771614109,0.52944848203889,0.5296273448365231,0.5222100141265107,0.5282959120725088,0.5117328519855595,0.5253866539150877,0.5058960843648362,0.51864462152267,0.4958569535650276,0.5081683719470128,0.48050669275386654,0.489253631097305,0.4580566739550215
191664964,47,0.4526220175521643,0.4792128499134538,0.4838831260929911,0.5070710607216287,0.5068915377703785,0.5275241730779879,0.5182827602591561,0.5331751268718171,0.5287549324154143,0.5315219080520955,0.5314799300485694,0.5246991427555789,0.530423334768326,0.5147173094064666,0.5277885451853016,0.5089207723238128,0.5212524807213786,0.49922831925432776,0.5111447133616879,0.48401888474269267,0.49259847414422925,0.46174464155250733
191664964,48,0.4536221769792629,0.4803761578932639,0.4850252217837853,0.5081577253519156,0.5081358618084124,0.52886162650771,0.5194742954691742,0.5346685836621611,0.53015857190832,0.5336007681974645,0.5330769176951278,0.5270556978143452,0.5324070187221895,0.5172984356197352,0.5299434346402485,0.511844793328296,0.5237971552906278,0.5022598158564913,0.5139839224246495,0.48738036268995044,0.4958126941482663,0.4653252945456581
191664964,49,0.4548350949816582,0.4816016407402521,0.48635886224189956,0.5094107830354038,0.5093799420532213,0.530243009805719,0.5209041890620744,0.5362467210039082,0.5316736887014062,0.535720710918907,0.5347517900620075,0.5293640418135183,0.5343474305178373,0.5200834762584404,0.5321560073949821,0.5147899643443977,0.5263047877198063,0.5054494302128542,0.5168854377449074,0.49060121067988943,0.4989916712214228,0.46882747725905916
191664964,50,0.45596759298127787,0.4828419108387205,0.48757954831668204,0.5106943161783226,0.5105885316094366,0.531584249853077,0.5222256737469566,0.5378423306187557,0.5333103853580724,0.5376819746452859,0.5365200235076819,0.5317320124254891,0.5365107883469062,0.5227008647468727,0.5344555452942658,0.5176223658802788,0.5287641675761899,0.5084955083536228,0.5196675342120729,0.493914868608849,0.50227940559147,0.47228864075224586
191664964,51,0.4570886032189721,0.48418993153469936,0.4888231507866349,0.5119242222957524,0.5118624899376257,0.5328835925269276,0.5234912200124782,0.5394222838997071,0.5348071728061554,0.5397836239692754,0.5381958677182569,0.534084492667019,0.5385753159462089,0.52531767471492,0.5367126449269994,0.520470449954812,0.5313295832983516,0.5116715311764871,0.5224253079621572,0.49711997971886257,0.5053649534702639,0.47577786886730183
191664964,52,0.45812774875196166,0.48542878916063364,0.4900253805467473,0.5132497109975911,0.5132844235774301,0.5343210542291225,0.5249349340945345,0.5410383420626054,0.5362738386623871,0.5417091828497252,0.5399154304682808,0.5364748487177335,0.540595151217685,0.5280356554703797,0.5389450927713878,0.5232582357613841,0.533831849034183,0.5146721195016889,0.5250770134910846,0.5002494462132612,0.508521534715809,0.4790594343948386
191664964,53,0.4591878761189514,0.48663277800922883,0.4912788717579913,0.5145235971822464,0.5146162656051247,0.5356519975985414,0.5264374298056498,0.5426433152801516,0.5377382251700109,0.5434995081445249,0.5415249579031908,0.5386554049451672,0.5425894567095898,0.5304578136905318,0.5409404340050341,0.5258885476086003,0.5360488085375339,0.517630761480984,0.5277633010868342,0.5033930899453968,0.5114766277564895,0.48233993312032797
191664964,54,0.4603595493739059,0.48791499920708215,0.49262975089941763,0.515817156254567,0.5159516413399379,0.537027708591809,0.5278904964909499,0.5441663013025619,0.539236217999546,0.5454108713700687,0.5431945882579751,0.5408554806170456,0.5444593699568092,0.5327817112721823,0.5430056872421074,0.528567586140418,0.5383313588124267,0.5204432877172361,0.5303050090641392,0.5062726020454171,0.5143704698737861,0.48554324200785454
191664964,55,0.4613718411552346,0.4891002205753276,0.49396508956579477,0.5170690194701613,0.5173193610184627,0.5384686424313659,0.5293517833019135,0.5456987811114248,0.5407926973538592,0.547244334877615,0.5449080681722777,0.543151861152029,0.5463650865128491,0.5353012112562109,0.5450599522213996,0.5311858404377923,0.5406934766182521,0.5231833064928523,0.532863434105983,0.5092916402714068,0.517206402027156,0.4887941627678005
191664964,56,0.4624424301665927,0.49027534571884335,0.49527747460330784,0.5183961104381304,0.5186599721745805,0.5398423725967593,0.5307496371901124,0.5472439941470669,0.5421489139690803,0.5491120153039808,0.5465356153375631,0.5451773270806097,0.5482919450208091,0.5377089904889837,0.5469741355529703,0.5338275243772264,0.5428632896362305,0.5260091212204805,0.535316993895199,0.5121736210225841,0.5198878287777206,0.49195596507430106
191664964,57,0.46353584405981785,0.4915388546927726,0.49655043914883334,0.5195624860993892,0.5199535443427643,0.5410949925396986,0.5320888696428334,0.5486186291015087,0.5434818470910716,0.5509023797845718,0.5481391961138679,0.5472399830909657,0.5500687113636665,0.5400131383786474,0.5487423537434805,0.536284460626842,0.5450033656048441,0.5286437275288801,0.537682990954845,0.5150715761782931,0.5224560225178848,0.4949169792923245
191664964,58,0.4647522284529803,0.49277254580668695,0.4977093037730988,0.5207089071533413,0.5211352010167363,0.5423963360440508,0.533400739391869,0.5500450177899885,0.5448665244239606,0.5526085710398096,0.549696889864194,0.5491584134051688,0.5517378893459827,0.5423565293165691,0.5505596102125245,0.538795636603661,0.5470732646438095,0.5312576899359909,0.5400035898430602,0.5178478890854297,0.5251317964558986,0.49784319912917363
191664964,59,0.46588326699860116,0.49404125797404197,0.49894983842026097,0.5219203442480885,0.5223899286943133,0.543644316818665,0.5347200778656391,0.5514109589625883,0.5462448185625308,0.5542377150305443,0.5510843843249865,0.5510438293046308,0.5533768102124657,0.544702304805841,0.5523764530436899,0.5412786072979116,0.5490452494418349,0.5339239187818127,0.5423942261034879,0.520638236411578,0.5278150520313797,0.5007712568783449
191664964,60,0.4670696555005177,0.49521800576497915,0.5001965969831809,0.52325301541992,0.5237588503624101,0.5449178630397672,0.5360150281252624,0.5528153247698205,0.5476968068731984,0.5558524333249377,0.5525879439173873,0.5529986287185514,0.555076539893096,0.5469041222399463,0.5541306355469734,0.5436095485965354,0.5511005233257773,0.5364327092603476,0.5447359583578205,0.5234132314667115,0.5304872246942602,0.5036059105028965
191664964,61,0.4682371027745395,0.4964387513401994,0.5014458325476795,0.5243148983375334,0.5250347178734082,0.5461496536470627,0.5372571985394409,0.5542417740317189,0.5490557701862585,0.5574300378077297,0.5541261624810239,0.5549092931041838,0.5567150354198007,0.5490998126817613,0.5559986567038872,0.5459163660536961,0.5531627328918991,0.5389507701243237,0.5470064178173915,0.5260951785854376,0.5331523003257769,0.5064886982827556
191664964,62,0.469411576720895,0.4976661584168605,0.5027116436148747,0.5254535655574543,0.5261380778407598,0.5473193659425687,0.5384003943224074,0.5555423151816835,0.5504115198474708,0.5590122711183211,0.5555660124417385,0.5567854057377161,0.5582295844719303,0.5511664468463686,0.5577901695640516,0.5481521553673617,0.555153003052207,0.5413977591870892,0.5492232715218516,0.5287705049005933,0.5356589598663204,0.5092256818717316
191664964,63,0.47054010365235277,0.4987733094525135,0.503873303722183,0.5265740751846033,0.5273603298538232,0.5484779308975429,0.5395952520879059,0.5568602052524477,0.5517149013916708,0.5606169034092803,0.5569814750404122,0.5585819697145362,0.5598299824225439,0.553360039339386,0.5594675056936832,0.5504822139865376,0.5570194551388405,0.5437943850755538,0.5514676975931279,0.5313888855573013,0.5381353504097186,0.511944407796981
191664964,64,0.47162024599110064,0.4999416243388464,0.5051147573671396,0.5278694589035345,0.5286585141885652,0.5497157302073713,0.5408321352111494,0.5580929655360591,0.5529126175384099,0.5621359720006717,0.5584150155318613,0.5604083147930484,0.5613823356561162,0.5554089969356057,0.5612485307698766,0.5527309314918982,0.5588931712282764,0.5460905360591051,0.5536898665099488,0.5339024850978088,0.540638642851146,0.514731655612459
191664964,65,0.4726639241037696,0.500982285282512,0.5061384757464013,0.528917677906008,0.5297630503154809,0.5507578644175066,0.5418972765962944,0.5594014582512609,0.5541483954715422,0.5637032348895333,0.5596630135040008,0.562157798544332,0.5628862783593704,0.5574607828574751,0.5629670052892285,0.5547935650949671,0.5608177315086894,0.5484490742235684,0.5556983525248155,0.536395574872613,0.5429867672416576,0.5173123744696241
191664964,66,0.4735723026588613,0.5020760030834751,0.5071973195136658,0.5299799268819502,0.5308939025041787,0.5518924447226017,0.5430230014018109,0.5605965201507137,0.5553002953724975,0.565191203445758,0.5609908589717169,0.563880980911457,0.5644222427448017,0.5594039632323572,0.5646302246713631,0.5567981468619534,0.5626496261413565,0.550575861884736,0.5576625121163783,0.538746333284995,0.5452541958922615,0.5197519227197676
191664964,67,0.4745406541300717,0.5031151437840602,0.5083185366092047,0.5310380345773441,0.5320398678256772,0.5530113265425036,0.5440800363892903,0.5618630464502272,0.5565863487532533,0.5667199641119397,0.5624106401081654,0.5656467056038754,0.565944937390121,0.5614188314576892,0.5663045698382406,0.5588299790611213,0.5645747001705436,0.5528008099875069,0.5597184090461971,0.5411848072207179,0.5475485472478093,0.522311622142833
191664964,68,0.4755397877394599,0.5041681688207145,0.5093857877295827,0.532090949048581,0.5330737281899579,0.5540769283954031,0.5452029019146908,0.5630731849452064,0.5577932163546302,0.5682210462893914,0.5637565621496688,0.5673117286541851,0.5674259335167197,0.563303446641019,0.5678685545244879,0.560776123899312,0.5664110535491167,0.5548368537239429,0.5616582792969425,0.5435669944243334,0.5497173892644961,0.5248336930272067
191664964,69,0.47654646356613484,0.5052417750490048,0.5104634736615405,0.5331413295954659,0.5342315409334204,0.5552467029015926,0.5463510164152245,0.5643778312338248,0.5590405410173764,0.5696780104616487,0.5651285682823939,0.5689674262860174,0.568933965558569,0.5651675044016066,0.5694711623283312,0.5627595487790484,0.5681534180437278,0.55706818322851,0.5636611632895667,0.5459093348129059,0.5519748521340035,0.5272972614523902
191664964,70,0.4775747508305648,0.5064046439665615,0.511593125202394,0.5342768389363973,0.5353142953092579,0.5564951965170251,0.547636038715713,0.5657357544646605,0.5604273360758962,0.5711629106348274,0.5665933051081232,0.5706423833911031,0.5704480852033534,0.5671552106696092,0.5710855511711863,0.5647270830085035,0.5698705878119865,0.5592543507202227,0.5656146179401993,0.5482363241661369,0.5541246386893267,0.529824172133802
191664964,71,0.47851494830793173,0.5075134713916949,0.5126590286408231,0.535324194347514,0.5363198416424161,0.5575400180446292,0.5487340971359176,0.5669620104980483,0.5615249721821822,0.5726213548607572,0.567832315021858,0.5721442245953261,0.5718728456711218,0.5689739984698722,0.5725823330546626,0.5666397849780236,0.5715464814746932,0.5613363667860576,0.5673581409538585,0.550469976267647,0.5562936852075429,0.532258026371646
191664964,72,0.4795182324461981,0.5085238668271159,0.5136784158434314,0.536394929057174,0.5373814121400385,0.5586665920391048,0.5498628718551479,0.5682043442569428,0.5627553661881174,0.5740596927210142,0.5690905465536059,0.5737291159432457,0.5732399555966007,0.5707894896407616,0.5740579436375339,0.5685833123443316,0.5731810697860987,0.5633809550462224,0.569238635621601,0.5526048517243631,0.5583779932648625,0.5346674176065075
191664964,73,0.48048195348377176,0.5096003119023166,0.5146750499998274,0.5374932576425843,0.5383770958812103,0.5597554004989056,0.5509158680303575,0.569316034562273,0.5638876461610828,0.575385018798095,0.5703091306182958,0.5751757038216084,0.5745977874716937,0.572537415052047,0.5754712749697241,0.5703683598561476,0.5747334971817233,0.5653781528068332,0.5710503586531616,0.5547076893351719,0.5603758698934909,0.5368704880834224
191664964,74,0.4814485587930302,0.5106578747330993,0.5158234382480877,0.5385709779967189,0.5395132139947857,0.5608147817030362,0.5520850587805504,0.5705128350582133,0.5649853530803913,0.5767584812585232,0.5715855432294018,0.5767516740147082,0.5760136553310929,0.574154710499266,0.5768889534316449,0.5721686971162245,0.5764022354988688,0.5672884705711504,0.5728221925224696,0.5567945369599302,0.5623645642115964,0.5391461900990907
191664964,75,0.4823143872610752,0.5116279069767442,0.5168102314387261,0.539558391402905,0.5404231382755437,0.5617367699325553,0.5531083312344331,0.5714812638177594,0.5661108778999804,0.5779727422830437,0.5726952676797359,0.578190468194666,0.5772568773962444,0.5756846612375115,0.578301290123975,0.5738499426300618,0.5777533372512803,0.569045979906529,0.5744242017182997,0.5587193910390955,0.5642095541936025,0.5413158704838664
191664964,76,0.4832198454325723,0.5124912177597887,0.5177285260418277,0.5404811562951539,0.541353304552625,0.5627769995890575,0.5541251121254568,0.5725827298074757,0.5672255632785262,0.5792870588443234,0.5739094556557628,0.579679221772002,0.5786120967349951,0.5773400527597222,0.5796676225868171,0.5755294751865812,0.5792947916344466,0.5709102377722495,0.5760691134687529,0.5606957743616029,0.5660905001568651,0.5434698796777857
191664964,77,0.48420645763438136,0.5135354528772377,0.5187554448741587,0.5414693609639458,0.5422713043819585,0.5637662228628563,0.555130202682885,0.5735247457604942,0.5682447851871074,0.5804734682662648,0.5749645367645535,0.5811413001405445,0.5798334400047103,0.5788134290359124,0.5809875625172409,0.5770983277489868,0.5806501029824008,0.5725521644839923,0.5776364094305493,0.5625472252539669,0.5678762510262805,0.5454659940009617
191664964,78,0.4850832779008415,0.5144361277767373,0.5197081344759962,0.542416081665515,0.543205591039526,0.5647090924355638,0.5560427874255429,0.5745803814185981,0.5693229055667138,0.5817424746355986,0.5760845932116185,0.5825034604943933,0.5810934301195405,0.580350742364847,0.5822903413995681,0.5787986325934442,0.5820874477158584,0.5743774877348885,0.5791489874690278,0.5644281627196579,0.5696506569019372,0.5474523657295886
191664964,79,0.48593577471733923,0.5153676688605044,0.5207004694097255,0.5434031301775085,0.544140667758449,0.5656695385288995,0.5570114424598472,0.5756241704030632,0.5704003001161568,0.5829804169956716,0.5771592900510005,0.583851859094189,0.5823565919812449,0.5819235277676523,0.5836430318108249,0.5804160392106436,0.5836026479086984,0.5761066517600473,0.5807704610885162,0.5663539393965157,0.5714880086379042,0.5495733653287196
191664964,80,0.4868257283183612,0.5162014104609185,0.5216758668457728,0.5443135546973387,0.5451200570900848,0.5665587482159349,0.5580959827050626,0.5766932877172362,0.5714895894551254,0.5842645453782219,0.5783083914029049,0.585193308706238,0.5835545923935858,0.5834680127613131,0.584975023087902,0.5820444337167325,0.5850458609688524,0.577885463017379,0.5822894803123164,0.5682446897825539,0.573335047435144,0.5516665267399882
191664964,81,0.4877341310190497,0.5171228794630132,0.5226204431840679,0.5453025577560321,0.546049869868189,0.567588213405805,0.5590443940708403,0.5777422260365197,0.5725157054740354,0.5855319960488852,0.5794011345462385,0.5864601763490747,0.5848629392272523,0.5849868002500023,0.5862767169262566,0.583715022217247,0.5864202713333769,0.5796783966682939,0.583943569125334,0.570184630660941,0.5752276918006075,0.5537795232335293
191664964,82,0.48860143626203284,0.5179440607268133,0.5235614342962337,0.5461998644417642,0.5468776556206499,0.5685040063397024,0.5600131872362296,0.5787932245454601,0.5735280566641616,0.5867572708973668,0.5805301924230727,0.5877708861044617,0.5860666815466744,0.5865197368286336,0.5874197042700845,0.5852301930373851,0.5877785650075458,0.5813748717623185,0.5854917876691151,0.5721217935460355,0.5769850988326021,0.5558036125655522
191664964,83,0.489340621658829,0.5187070168003051,0.5243260001638659,0.5470795953522763,0.5476738622696647,0.5693577770067763,0.5609626820606244,0.5797612412541611,0.574474541605259,0.5877840975184425,0.5815662954057856,0.5889787004621626,0.5872029803370986,0.5878796859843033,0.5885745989583386,0.5867270610441093,0.5891132323770778,0.5829596616674068,0.5868995248899215,0.5737740652813588,0.5786500885584146,0.5577455485614694
191664964,84,0.49020663172497614,0.5196726915096489,0.5252052924267684,0.5480438250356813,0.5486580032063199,0.5702961648096397,0.5619200538917607,0.5808206499794107,0.5755264241537434,0.5889953664279918,0.5826531897285823,0.5902736965829906,0.5884321615473491,0.5894241417497231,0.5898649107867477,0.5882782422010866,0.5904715928853281,0.5846346514426441,0.5884276639041142,0.5755584073945252,0.5803074189124899,0.559730701112617
191664964,85,0.49089077323482494,0.5205415656313739,0.5260915515563963,0.5489720327724743,0.5495547862331903,0.5711774089200788,0.5628282309481596,0.5817993253887904,0.5765871389274373,0.5900872648614479,0.5837214240914231,0.5915342713359376,0.5895272289085225,0.590818669840533,0.5911253561957064,0.5897573671396189,0.5917382350471883,0.5862163990774716,0.5898872520211174,0.5773264456483627,0.5820348960674019,0.5617170485018792
191664964,86,0.4916790810917405,0.5213853522149743,0.5269698910329127,0.549850343536266,0.5504077723737877,0.5719742157435086,0.5636435345088476,0.5826434622676322,0.5774821202991958,0.5911586514712802,0.5846340006208839,0.5927255048587099,0.59061147307648,0.5921505038336655,0.5922305549101573,0.5911937958463254,0.59293100182946,0.587663250503248,0.5912704301085766,0.5789274327229277,0.5835489180413649,0.563475134378423
191664964,87,0.4923826811302602,0.5221996087843074,0.5278077735542438,0.5507885592087678,0.5512783025832394,0.5728622339824966,0.5644579481730884,0.5834788088283119,0.5783193744408964,0.5922165061369911,0.5855989392592764,0.5939216815905706,0.591670792091151,0.5935602847556157,0.5933696949694911,0.5926222935044105,0.5941648645075498,0.5891231615323226,0.5927332698355716,0.5806127244496297,0.5851198110121331,0.5652082446728949
191664964,88,0.49310940612573556,0.5229662611337115,0.5285669854450814,0.5517121301165462,0.5521376344250158,0.5737324551026172,0.5653010776898361,0.5844373230245533,0.5791819631967395,0.5933275963395181,0.5865209584723059,0.5950911495103839,0.5927947619083964,0.5949342090199281,0.5944972561650422,0.5939644217339206,0.5954970958853925,0.5906467283870525,0.5941681104555758,0.5822921516398134,0.5867546996283038,0.5670379175857305
191664964,89,0.49390894452205925,0.5237670966031778,0.5294256371459108,0.5525984384182688,0.5530554798274467,0.5746944331507369,0.5662488361716439,0.5854766484384654,0.5801251604833224,0.5943335355195225,0.5874670661337504,0.5962687686483743,0.593870834154813,0.5962668819965306,0.5956343819658724,0.5954645832999239,0.5968083510757216,0.5921737908212501,0.5956032522104485,0.5838913892266521,0.5883207760931025,0.5687840245868468
191664964,90,0.49467718915288394,0.5245412737059115,0.5301775203126895,0.5534249386654726,0.5537943450965027,0.5755016371421375,0.567125626171886,0.5863804699670706,0.5810287409397475,0.5953432401421654,0.5883594996221979,0.5974192856276644,0.5949402513083145,0.5976590266700249,0.5967439061931548,0.5969057547178612,0.5980288995233165,0.5936538587113686,0.5969794494351627,0.585489137025532,0.5898725734381851,0.5705598932825866
191664964,91,0.49543039447329607,0.5253210394676266,0.5310309705406675,0.5542540324254707,0.5545889338601958,0.5762597322080154,0.5679384002782542,0.5872778048917753,0.5819263013873038,0.5962975400889935,0.5892922877642885,0.5985117644508124,0.5959151250898376,0.5989052505717772,0.5977649250254405,0.5982359089990691,0.5992318486651457,0.5950691068649259,0.5982875742341782,0.5869918009117069,0.5912864735801517,0.5722072403291445
191664964,92,0.496177263983238,0.5262180008979642,0.531890506765759,0.5550746843436648,0.555468912550693,0.5770780024310739,0.5688133548455393,0.5882071924746215,0.582794311432983,0.5972671407139181,0.5901742269659395,0.5997114468540223,0.5969719258412939,0.6002425598551576,0.5989006325902618,0.5996521301099094,0.6004583815471997,0.5965001295842717,0.5996653623066731,0.5886000518337087,0.592799677316912,0.5740026573901362
191664964,93,0.4969085231596707,0.5269742525884179,0.5327333638463768,0.5559399777742269,0.5563290642155123,0.5778786754450346,0.5696437647317967,0.5890750666005852,0.5837158748170798,0.5982808879115086,0.5911374052899507,0.6007819644441796,0.5979816253702415,0.6015736786182105,0.6000123677128668,0.6009787645467324,0.6016693704111948,0.5980615189898557,0.6009927572145745,0.5902888176917875,0.5942997482222541,0.5757310266194707
191664964,94,0.49761305926758204,0.5277787205461786,0.5334779043866121,0.556716301934382,0.5571351888206324,0.5787078634625243,0.5704681172597474,0.5899977135385314,0.5846352468753182,0.5992757454668222,0.5920430247741673,0.6019386692436993,0.5989618035893872,0.602784034782795,0.601027210677775,0.6022597563132237,0.6028344977019275,0.5994673259297234,0.6022633289092686,0.5918889565697362,0.5957469137235918,0.5774101179492585
191664964,95,0.4983244148487245,0.528537530544521,0.5341877698191411,0.5574988179877954,0.5579459941937792,0.5795363860915828,0.5712618587859961,0.5908580745794466,0.5854601451997049,0.6002284487139266,0.5929733240834434,0.6030405330764573,0.6000097212218692,0.6040820294376272,0.6021196682412101,0.6036176201565115,0.6040374001917733,0.6008939105382464,0.603539850381558,0.5933732198012452,0.5971914506272398,0.5791413509847155
191664964,96,0.4989531735370666,0.5293015210029944,0.5349252616628886,0.5582737770408307,0.5586843743878208,0.5802615054711332,0.5720434367391486,0.5916493507402122,0.5862665463297233,0.6011796693532588,0.5938488232166346,0.6041334340805419,0.601009570984804,0.605260718383567,0.6031229010998237,0.6048496837657067,0.6051697660425936,0.6022055068144292,0.6047504232782022,0.5948825315534659,0.5985499223406935,0.580676475526824
191664964,97,0.499618735864881,0.530091304321484,0.5356103298778657,0.5590392490005339,0.5595087967719348,0.5810417815291591,0.5728616967595577,0.5924740796647299,0.5871186384932233,0.6021783554489613,0.5947036742437685,0.605185192237618,0.6020234263225452,0.6064155372275649,0.6041305489943888,0.6061216912028818,0.6062865738765258,0.6035610329877865,0.605964165498928,0.596326535204831,0.5999331814046966,0.582246160743729
191664964,98,0.5002925609837587,0.5309193696788598,0.5363957857511236,0.5598276503112369,0.5603853580723701,0.5818176989543193,0.5736778213930186,0.5933033947354444,0.5879777567982948,0.603127960948463,0.595595907744342,0.6062561789051109,0.6030075954485564,0.6076140388150895,0.6051587539557842,0.60737544955015,0.6073047722993152,0.6048799000752177,0.607180123329661,0.5977556331910651,0.6013246201847374,0.5837662493424873
191664964,99,0.5009616778989628,0.5316573509420457,0.5371573174444471,0.5605895238167928,0.5611869683316245,0.5826067746561409,0.5744749145387211,0.594062529416404,0.5888407201898932,0.6040401496282615,0.5964272902817106,0.6072648235354977,0.6039316004474262,0.608660274137564,0.6061712753426296,0.6085661416448084,0.6083689722343069,0.6061822998688081,0.6083134255831762,0.5992194635465561,0.602679892705919,0.5853993719412239
191664964,100,0.5015930652338174,0.5324594912265973,0.5379220888254556,0.5613928301569977,0.5619855595667871,0.583338510620435,0.5752212240785829,0.5948337671060364,0.5896385693896399,0.6049638989169676,0.597277726471329,0.6083309545798001,0.6048325077659307,0.6098371253463186,0.60715892872135,0.6097451935185962,0.6094702375954999,0.6074107967425069,0.609487868356981,0.6006615733355722,0.6040294685584754,0.5869146167408278
191664964,101,0.5022555903478855,0.5331842352231194,0.5387066286176935,0.5622051668687984,0.562800755770313,0.5841405440183007,0.5760038769387811,0.5956308795181424,0.5904318414378588,0.6059437528002654,0.5981599503246438,0.6094009115461122,0.6057941282332414,0.6110958253914553,0.6081943556625832,0.6110143631271867,0.6105326551461292,0.6086989229524917,0.6107654044726109,0.6021154420034398,0.6053523201367236,0.5885349344270335
191664964,102,0.5029121211073633,0.5338898299643928,0.5394292802336281,0.5629324351686774,0.5635497587499444,0.5848317834395953,0.5767514293098651,0.5963481606226573,0.5912548295281508,0.6067529438103846,0.5989767244316919,0.6103860988606676,0.6067348356520007,0.6122191383479763,0.6091934297016598,0.6121944454047256,0.6116417350249646,0.6099552070009432,0.6119726204645236,0.6035128181068413,0.6067550015556554,0.5901452932780871
191664964,103,0.5035343033648426,0.5346041392756797,0.5401525717029132,0.5637058996619752,0.5643412754629196,0.5855711413044807,0.5775708674285741,0.5971440285678653,0.5920500182176384,0.6077086286397578,0.599837549201888,0.6113558243053456,0.6076438276440232,0.6132880351278454,0.6101474283785976,0.6133243073833194,0.6126432855979582,0.6111055864979177,0.6130809979842406,0.6048508639725211,0.6080501584160192,0.5915935583734705
191664964,104,0.5042103130267432,0.5353071336773377,0.5408877863384202,0.5644778097815205,0.5651478432993419,0.5863527895997882,0.5783172310017243,0.5979015841852715,0.5928169985081664,0.6085619789076677,0.6006458961657938,0.61233515560923,0.6084905355747434,0.6143827941850778,0.6110580555788767,0.6144869319245947,0.6136667463172375,0.6123654282079267,0.6142875364078453,0.6062313924426678,0.6093248483948257,0.5931269899188211
191664964,105,0.5048902375155419,0.5360143284918703,0.5416625688139415,0.5652622026058346,0.5659158600893132,0.587181916675662,0.5791553226109518,0.5987038791673163,0.593640132570533,0.6095342040770636,0.6015795723041126,0.6133286158053181,0.6094110686000536,0.6155250648660102,0.6120432893163982,0.6156813829553314,0.614759865830305,0.6136632404619978,0.6154802883289157,0.6076575874241897,0.6107107875473253,0.594647204864651
191664964,106,0.5055197114447878,0.5367394655012094,0.5424274849790031,0.5660519925294994,0.566698691395143,0.5880385659046735,0.579980373303257,0.5995080653209416,0.5944235786485618,0.6105003619612757,0.6024659304939306,0.6143437253973257,0.6103443305142068,0.6166624160637939,0.6130134979082282,0.6168481489284521,0.6158216679365672,0.6148910235187705,0.6166548917046712,0.6090457845372044,0.6120048377668968,0.596121707696865
191664964,107,0.506175082014034,0.5374957727758131,0.5431792805990221,0.5667983808260173,0.5675351536355696,0.5888372249950371,0.5807770560002259,0.6002748578436488,0.5952779061528768,0.6114362989681257,0.6033192438937697,0.6153555536898664,0.6112817257588798,0.6177416304884277,0.6140193192972491,0.6180605848516685,0.6168969702866351,0.6162017831628189,0.6178569719186772,0.6104468735018365,0.6132896082079159,0.5976369130239306
191664964,108,0.5067452432703041,0.5382291346001361,0.54386507025874,0.5675332792283511,0.5683048193857531,0.5895865011178586,0.5815383849973724,0.6010309486717849,0.5960534457721932,0.6123094276376957,0.6041268264318386,0.6163012248248584,0.6122550117071988,0.6188074671094568,0.6149470455259222,0.6192082015690447,0.6179049400336446,0.6174070342695982,0.6189839301983538,0.611779261000569,0.6145451450106811,0.5991598180331283
191664964,109,0.507298010704776,0.5388962789003149,0.5446191516746143,0.568311690912494,0.5690746122426344,0.5903382040654734,0.5823446679077778,0.6017770174667006,0.5968413285383414,0.613161529046853,0.6049242123732669,0.6172522662345115,0.613144583797723,0.6198961102180623,0.6158642962830596,0.620343618842809,0.6188801655088697,0.6185736105473393,0.620064022232167,0.6130182646678461,0.6157060122514152,0.6005022725889798
191664964,110,0.5078727837522229,0.5395348837209302,0.5452702238572442,0.5690080216148556,0.5698380412300318,0.5911178360720801,0.5830305828836598,0.602503797101228,0.5976286244189862,0.6140004274123996,0.6056990864059959,0.6181802917089627,0.6139618839727983,0.6210069378191282,0.6167644881354898,0.6214568656932857,0.6198697155417834,0.619734622694072,0.6211176071011517,0.614296181528152,0.6169320185313805,0.6018901550133184
191664964,111,0.5084863639560979,0.5403321632437575,0.5459742338257997,0.5697908890336059,0.5706523835564218,0.591920860496127,0.5838410402678726,0.6032855540453559,0.5984508982158214,0.6149013592553179,0.6066055981260414,0.6191887883181646,0.6148461449443735,0.6221189286003324,0.6177059437071191,0.6225727448546692,0.6208845483885364,0.6208633702966673,0.6221620411444944,0.6155624182658017,0.6181366909685271,0.6033055975965892
191664964,112,0.5090698723868694,0.5411028371133526,0.5466334390779232,0.5705826396967989,0.5714042091943821,0.5926477026038356,0.584627655108723,0.6041005762980198,0.5992925956798637,0.615809815656596,0.6074108417189393,0.6201841485061828,0.6157805809755689,0.6231289804142629,0.6186125969991725,0.6236450849754729,0.6218756371661249,0.6220484216270673,0.6232384230663133,0.6168364027249721,0.6193209758086763,0.6047066337239287
191664964,113,0.5096560552712857,0.5417944890682591,0.5473036376726206,0.5713135697425523,0.5721419852103692,0.5934356061140776,0.5854270946095043,0.6048417354969713,0.6000815041944569,0.6166468416567418,0.6082675863688135,0.6210337287686032,0.6166234379910591,0.6241635046952211,0.6194924302143552,0.6247233352378221,0.6228685018607772,0.6231909523657392,0.6243184146728352,0.6180859813528508,0.6204898721565475,0.606013033241378
191664964,114,0.5102503656505044,0.542484685393275,0.5479745981526732,0.5720368316475851,0.572862030822165,0.5941599759620695,0.5861764225019773,0.6055603179723298,0.6008794023510629,0.6175034282036213,0.6091000947082676,0.6219821865973809,0.617509319853239,0.6251003421575515,0.6203549866185908,0.6257723584420711,0.6238649368783389,0.6243042330029591,0.6253809319705949,0.6193563520083897,0.6216216912863975,0.607374209598381
191664964,115,0.510835435275394,0.543203761229116,0.5486758677583381,0.5726847305924738,0.5736264979759301,0.5949348975919228,0.5869587118958361,0.606331012983979,0.6016721846448113,0.6183257712089301,0.6099411212872281,0.6228488098323435,0.6183159155037543,0.6260391381003312,0.6211977967023541,0.6267863465630965,0.6248170306585437,0.6253682200961478,0.6264289859939479,0.620611929783576,0.6227925958102303,0.6087412804386154
191664964,116,0.5113977517160319,0.5438594142186736,0.5493559995252143,0.5733695888182179,0.5743926217144975,0.5956432622409306,0.5876569470700801,0.6070674311488365,0.6024614308998636,0.6191505823362351,0.6107122798687971,0.6237663533274082,0.619156372405687,0.627018201083322,0.6220419982687692,0.6277672913186594,0.6257215874054409,0.6264797246242969,0.6274188015135241,0.6218183568361902,0.6239487405151425,0.6100793529018381
191664964,117,0.5119633722185984,0.5445232339279857,0.550011588799264,0.5740653436061043,0.5751237633531312,0.5963732440098823,0.5884067517851415,0.6077984366960942,0.6032235518844535,0.6199225452016989,0.6114494466438049,0.6246079362106564,0.6199236215607636,0.6280167653687928,0.6229072888883147,0.6287738045776833,0.6266096052847795,0.6274871967089245,0.6283805747326862,0.6230038024177895,0.6250779463356072,0.6113769718001101
191664964,118,0.5125564034954159,0.5452202706798586,0.5507147644464808,0.574780611569707,0.5759463905320392,0.5970691527131309,0.5891573662858289,0.6085647222550299,0.6040182910256721,0.6207038359357323,0.6121990212721754,0.625411064263343,0.62074190073554,0.6289201407614953,0.6236974367804152,0.6297347986265366,0.6274676306903318,0.6285046296757448,0.629280866995186,0.6241442534959138,0.6260976536430504,0.6126376558344444
191664964,119,0.513086907166527,0.5459313437405857,0.5514279929081868,0.575476803096354,0.5767146250658772,0.5977826442473555,0.5899133559896967,0.6092980219541431,0.6048511756310282,0.6214963359199779,0.6129790342801548,0.6262793590276342,0.621558773790769,0.6299106327108125,0.6245215742245182,0.6306859911288837,0.6283772009349453,0.6295345944607379,0.63026585833729,0.6253230366111687,0.6271767711366303,0.6139417063105992
191664964,120,0.5136715361150758,0.546567948395041,0.552094702375955,0.5761701368482914,0.5774721545909943,0.5984845940727058,0.5906864802843309,0.6100079058573308,0.6056362466067781,0.6222693308706237,0.6137880250748607,0.6271258360619035,0.6224470377522179,0.6308692245263482,0.6253060896090449,0.6316388212576609,0.6292702124086977,0.6305939187865559,0.6312645173928861,0.6265342960288809,0.6283295553130159,0.6152796434668235
191664964,121,0.514239563262239,0.547201316097142,0.5527205562467086,0.5769175794858701,0.5782414477623643,0.5992575097260606,0.5914940075532652,0.6107726658668875,0.606430544444298,0.6230590377253888,0.6145534615894329,0.6280061974797932,0.6233070895644071,0.6318570721834321,0.6261647161350262,0.6326803267484532,0.6301214031616028,0.6316555083813769,0.6322747706647998,0.6276818219980004,0.6293467181874385,0.6165527941044843
191664964,122,0.5147738486672327,0.547793677424505,0.5533378706279222,0.5776242101597779,0.5789155498912013,0.5999227880000716,0.5922156953690692,0.6114615777398217,0.6071574560504066,0.6238189385483317,0.6152726299288025,0.6288514818235245,0.6240388069438499,0.6328046398769013,0.6269610953368631,0.6336727587531019,0.6309644893616728,0.6326890283262062,0.6332423121759608,0.6287981491141265,0.63037473282033,0.6177723856305855
191664964,123,0.5153100263266925,0.5484572913061848,0.5539970226333109,0.5783019453903715,0.5796370506732521,0.600595336823992,0.5928997107954457,0.6121362162324503,0.6079080415520803,0.6246101676867662,0.6160674733269036,0.6296840455601265,0.6248374632180542,0.6337248550052456,0.6278073216463841,0.6346664591656411,0.6318836246879805,0.6337722935620759,0.6342040185576905,0.6298789190561707,0.6314167473804702,0.6189813610838653
191664964,124,0.5158189366836293,0.5490360631674164,0.5545913779889016,0.5789504686640974,0.5803022280840968,0.6012634701996799,0.5936051928144491,0.6128053899756528,0.608612667607335,0.6253808488223138,0.6168203828935573,0.6304408909086477,0.6256601379586775,0.6346562949401611,0.6285847183817616,0.635624835811841,0.6327016095179029,0.634805587678508,0.6351640933699129,0.6309642618235786,0.6324507570936055,0.6201840396922335
191664964,125,0.5163079506338679,0.5496411720258584,0.5552202166064982,0.5795929812778103,0.5810235916379817,0.601951809251952,0.5943343128200823,0.6134715808916128,0.6093184451347494,0.6261818487112752,0.6175646041474268,0.631266560322391,0.6264239778356142,0.6355812274368231,0.6294410209050457,0.6366320208210897,0.6336240450004197,0.6358730585173369,0.6360671648056418,0.6320580975568802,0.6335004617580388,0.6213815800520528
191664964,126,0.5168594989558805,0.5502919803356374,0.5558603958192574,0.580284597537557,0.5817368365643069,0.6026582070994798,0.5951554718660755,0.6142338081511953,0.6100799847546552,0.626995787540662,0.6183579804182608,0.63209245022275,0.6272376607990746,0.6364601615420187,0.6302260948596269,0.6375899028908851,0.6343999077816557,0.6368709462908102,0.6369825544747885,0.6330759348767913,0.6344851964237406,0.6226004240444674
191664964,127,0.5173967423747122,0.5508677547453323,0.5564809079412467,0.5809329297275,0.5823826582587259,0.6032926620466623,0.5958182636707814,0.6149400706155959,0.6107307015218514,0.6277714572052435,0.6190512706774721,0.6328524483092118,0.6279945686413075,0.6373368229063718,0.6309885588455586,0.6385191482497817,0.635210157751354,0.6378795621330644,0.6379258370975813,0.634201363524883,0.635575068900117,0.6238037095333698
191664964,128,0.5178842692679037,0.5514427315086895,0.5570595851523802,0.5815852337125347,0.5830475768197465,0.603978202921669,0.5965116934976072,0.615614964633532,0.6114332339853916,0.6285189373268407,0.6197973511879775,0.6336517321173705,0.6287344025480648,0.6382486514566367,0.6318483177315087,0.6394601104021492,0.6360553007723952,0.6389124286373941,0.6389045577617328,0.6352836270044496,0.6365734667534212,0.6249567101838637
191664964,129,0.5183235612446055,0.5519850389093789,0.5576413308263679,0.5822375121947727,0.5837106472487487,0.6045899855452488,0.5971426321444773,0.61626702956488,0.6121076276961104,0.6292040645120561,0.6204482339626128,0.6344666092641874,0.6294689489684149,0.6391323504623113,0.6326172992328765,0.6404004766618571,0.6368404816341353,0.6399009709609839,0.6397594172281631,0.6363341423047811,0.6375889266582448,0.6261321858044059
191664964,130,0.5188513526604367,0.5525461273677208,0.5582522296778027,0.5829288375967916,0.5843418817770258,0.6052265843467254,0.597871715221224,0.6169009900350677,0.6128013536291599,0.629883494894829,0.6211407683912092,0.6351795044012322,0.6301043637749204,0.6399230187996874,0.6333440969239811,0.6412656690970855,0.6376255303759293,0.6408239313369025,0.6406479466298122,0.6373633293077504,0.6385380675910438,0.6272672965519913
191664964,131,0.5193983238279325,0.5531534453045841,0.5588214371089397,0.5836410118044709,0.5850185952942337,0.605901530498782,0.5985483301406551,0.6175352054454764,0.6134896154109903,0.6306089502230602,0.6218079894074436,0.6359472064119318,0.6308057020869157,0.6407506436093136,0.6340158978069538,0.6420961828215755,0.6383796875170235,0.6417404913413157,0.6413867225177061,0.638321366931972,0.6394698338376036,0.6284049448165497
191664964,132,0.5198737225330291,0.5537394768777524,0.5594939615277958,0.5843220425224455,0.5856691548174211,0.6066238109412486,0.5992181914858432,0.6182704808135082,0.6142265998071557,0.6313854267636486,0.6225220257312442,0.6367121809989748,0.6315612891572089,0.6416073886374449,0.6348012277930001,0.6430139697707491,0.6392117802998503,0.6427350704594429,0.6422955734831313,0.6393555231604093,0.6405172326064779,0.6295587475799045
191664964,133,0.520345128626284,0.5542917616432147,0.5600973510932903,0.5849903071842987,0.5863058283775091,0.6072635833560057,0.5998685110054963,0.6189546151500824,0.6148928487788189,0.6320823677866483,0.6232392121265299,0.637454289741649,0.6322726891109058,0.642409587902255,0.6355160422254528,0.6438974398467835,0.6400149479567444,0.6436389437198066,0.6431964387503053,0.6403564532185134,0.6414450406934136,0.6306857312031654
191664964,134,0.5208474043183462,0.5548837334609799,0.5606920481130574,0.5856116320421234,0.5869389514521257,0.6078884813611398,0.6005091242636619,0.6195849941794678,0.6155500935420288,0.6327908355126391,0.6239557188451162,0.6381684057255491,0.6329139501050703,0.6432712393034407,0.636206403963726,0.644738903083441,0.6407431610313807,0.6445550143665018,0.644020577993251,0.6413559145753894,0.6423358190159103,0.63176769999386
191664964,135,0.5213291790657251,0.5554302434413256,0.5612539917971873,0.5862066499376549,0.5874998833944347,0.6084071057876784,0.6011343389397289,0.620142289884545,0.6161114687015116,0.6333687814251998,0.6245465598248741,0.6387817672428536,0.6335108847408403,0.6440585577601781,0.6368793863126833,0.645549243307618,0.6414204734496901,0.6454189560225997,0.6448129180309519,0.6422908173894657,0.6432202414823521,0.632818403156746
191664964,136,0.5217859665064918,0.5559724204516833,0.5618468716510195,0.5868453900744246,0.5881213979169033,0.6089841570076103,0.6017290616187706,0.6207815193074124,0.6167235427459541,0.6340079856978472,0.6252287183868595,0.6395179073224454,0.6341533654012357,0.6448126916789719,0.6376116121034932,0.6463161832611477,0.642087516729469,0.646275439904784,0.6456482391462167,0.6432449984443446,0.6440938183685866,0.6338727918335498
191664964,137,0.5222397624228846,0.5564830889927546,0.5623765555607986,0.587429457037505,0.5887105521670148,0.6094887446861057,0.6023288906102253,0.6213357339440265,0.617265399645914,0.634659919953769,0.6258037868448905,0.6401758908988623,0.6347944334103237,0.6455313036406879,0.638236936108253,0.6470731526461156,0.642742677289655,0.6470777487778886,0.6463095819542385,0.644121210412751,0.6449255334730148,0.6348183332955429
191664964,138,0.5226988449356884,0.5570265094134152,0.5629557503172685,0.5880631592523778,0.589307289936595,0.6100751467100805,0.6029352358494583,0.6218587981636753,0.6178489862616336,0.635220275010677,0.6263829927031279,0.6408188630896542,0.6354441576961498,0.6462230747609992,0.6388778367092167,0.6478620420291072,0.6434409673678819,0.647940218455964,0.647045904467798,0.6450464739085414,0.6458002528414242,0.6358055335525924
191664964,139,0.5231709519463599,0.5575929148378048,0.5635220813358548,0.5886629794476902,0.5898664495487818,0.6106368032934915,0.6035340646968614,0.6224142002827927,0.6184356519485946,0.6357882714062147,0.6269747026658751,0.6414362758806472,0.6360434614276508,0.6469199923412794,0.63952642772022,0.6486133064835178,0.6441222641062703,0.6487286704932084,0.6478063624157344,0.6459203722573112,0.6466708423203508,0.636751047487088
191664964,140,0.5235988342108735,0.5581692193290715,0.5640839200259063,0.5892203485373665,0.5904284155102726,0.611155654437075,0.6040514770260383,0.6228882065797522,0.6189791549228204,0.6363235664511796,0.6274946927809827,0.6420148842006788,0.6366587907936242,0.6476093526991855,0.6401711503172338,0.6493199563428763,0.6447455533300551,0.64948516977104,0.6485391654772898,0.6467281144680188,0.6474690262302554,0.637680055650839
191664964,141,0.523983134964938,0.5586474389547537,0.5645770552400755,0.5897805294706425,0.5910240906105627,0.6116823295231596,0.6046288340654178,0.623370672916328,0.6195602015182342,0.6368753836819293,0.6280641709701563,0.6426525692026739,0.6372505062666312,0.648285362299942,0.6408103005089163,0.6500380183762432,0.6453995978447719,0.6502476106775369,0.6492082829448433,0.647596744412311,0.6482969732370877,0.6386247648785227
191664964,142,0.5244377016865697,0.5591987404233985,0.5650413690268552,0.5902899556688633,0.5915664417197501,0.6122453383722705,0.6051752965952883,0.6239172926907426,0.6201097103990748,0.6374599287438172,0.6286554859338215,0.6432463895960772,0.6378593110168018,0.6490086096293993,0.6413748210022456,0.6508095251046199,0.6460391093095387,0.6510111377694426,0.6499226658751941,0.648464373682275,0.6491519852048231,0.6396161791502943
191664964,143,0.5248759300476201,0.559695950091383,0.5655176827202686,0.5908207316149555,0.5921114818352666,0.6127429366871899,0.6057537458763217,0.6244324896830984,0.6206215914888571,0.637986394430018,0.6291481165966936,0.6438178142904866,0.6383991292059464,0.6496636182220935,0.6419845791015298,0.6514950920962171,0.6466435503879883,0.6517331631511801,0.6506021054757517,0.6492476543689708,0.6499615739813875,0.6405391267283637
191664964,144,0.5252789205123183,0.5602340623513279,0.5660153662814018,0.5914129329564642,0.5927034650509798,0.613272103750968,0.6063396113769718,0.6248938889355311,0.6211354000503736,0.6385314928310898,0.6296648056418438,0.6444087048386644,0.6389923763281374,0.6503226475993246,0.6426135621600947,0.6522157389527887,0.6472777847741116,0.652490345059189,0.6512796877769382,0.6501104254703869,0.6507529221354676,0.6414781154674951
191664964,145,0.5257394642448736,0.5607271169217675,0.56641557065477,0.5919434078611773,0.593194062862784,0.6138232118094256,0.6069367927068284,0.6253917705742881,0.6216797570486857,0.6390551764668417,0.6302140299172888,0.6450038938217064,0.6395592020126281,0.651006169319001,0.6432413966805532,0.6529368679777313,0.6479171672664213,0.6532602433566191,0.6520121938862656,0.6509146862216613,0.6515680955593063,0.642402705120448
191664964,146,0.526132169756746,0.5612177301285908,0.5668928111806399,0.5924890425909973,0.5937000792406697,0.6142618254336099,0.6074429875457589,0.6258503420919767,0.6221479396850844,0.6395389090089395,0.6307128900072799,0.6455567145829284,0.6400791601639098,0.6516604888079741,0.6437896131468207,0.6536159162188054,0.648506675652643,0.653976754536787,0.6526650856868809,0.651686653180035,0.652324373808946,0.643306578585698
191664964,147,0.5265049685393425,0.5617333660019292,0.567370412189727,0.593025825895802,0.5942620352649497,0.6147501566322104,0.6079565736125698,0.6263089569636939,0.6226428779890767,0.6400537546896855,0.6312063907084117,0.6461645526315639,0.6405883317141817,0.6523067626849245,0.6443749189710306,0.6542854401436504,0.6490810244003571,0.6547046490496122,0.6532959586319627,0.6524855261557229,0.6530112506760744,0.6441744525868445
191664964,148,0.5269461910067234,0.5622729500552521,0.5678585772406609,0.5935857043341721,0.5947945573816618,0.6153212338356323,0.6085026446142221,0.6267959778265378,0.6232227420939536,0.6406427626518298,0.6317615785544591,0.646757653043859,0.6411482005050976,0.6530169137317992,0.6449599734063675,0.6549827890185542,0.6496524334762097,0.655437172543209,0.6539426988906462,0.653305370688462,0.6537566342263681,0.6450810856192436
191664964,149,0.5273631784730036,0.5627878240124323,0.5683235675781059,0.5941020059851054,0.5953151421138545,0.6158212559705962,0.6090075780156969,0.6272998452166769,0.6237618601946538,0.641190338410324,0.632265082358589,0.6473112384412582,0.6417261918513087,0.653680907446109,0.6455630940662261,0.6557206439932858,0.6503105527066233,0.656130281692125,0.6546278072437693,0.6540857557083042,0.6544942664808739,0.6459755490807381
191664964,150,0.5277681694791928,0.5632518960064926,0.5687720034701816,0.5946231774550135,0.5958427783841267,0.6162799093275124,0.6094775137827778,0.6277804830268938,0.6242319424621499,0.6417017882629502,0.6327719474995103,0.6478697562477261,0.6422861220720343,0.6543332493773263,0.6461268295413204,0.6563610668009963,0.6508616684857136,0.6567495032602916,0.6552788738700921,0.6548173956846612,0.6552097500909523,0.6468449332549745
191664964,151,0.528214500370018,0.5637376213539602,0.5692511958171004,0.5951480099924329,0.5964195820992448,0.6167939258106898,0.6100168412414146,0.6282903387763885,0.6247678004804953,0.6422489979489159,0.6333510512014883,0.6484831484725846,0.6428650460006639,0.6550253230221271,0.6467050603232251,0.6570830791949787,0.6515411487294566,0.6575081412306839,0.6560041611043496,0.6556271930726842,0.65596107110073,0.6477895384143213
191664964,152,0.5286745666323478,0.5642685995696151,0.5697122076452992,0.5956659368385703,0.596994872055464,0.617276047351188,0.6105178649545533,0.6288175127811974,0.6252783804444366,0.6427666376502923,0.6338670247316722,0.6490561577312436,0.6434244771529192,0.6556560941014277,0.6472928054120693,0.6577751547662708,0.6521050864084061,0.6582424362265752,0.6565997706675386,0.6563738627275097,0.6567298472442544,0.6486708990804608
191664964,153,0.529066337866409,0.5647262403128213,0.5701276844658889,0.5961954759235573,0.5975102379686378,0.6177930215547445,0.6110279782021671,0.6293542575847119,0.6257910658736391,0.6432964420761168,0.6343762535098275,0.6495925938729674,0.6440034833511946,0.6562893200825513,0.6478703982642509,0.6584096208096762,0.6526959481075054,0.6589139055840622,0.6572273775600409,0.657128331421002,0.6574564732002,0.6495294896846601
191664964,154,0.5294971798413994,0.5652444482727415,0.5705977340600797,0.5966878810048989,0.5980235447534582,0.6182634844795872,0.6115322843557248,0.6298633152591678,0.6263360726252171,0.6438204562627365,0.6349156678264226,0.650157226704116,0.6445528906489364,0.656924953142735,0.6484568449768685,0.6590500214251369,0.6533028511241927,0.6596110001995318,0.6578841777817515,0.6578765454174741,0.6581894723528507,0.6504325369869824
191664964,155,0.5299037755828848,0.5657768232671886,0.571078509699627,0.5972113064367175,0.5985532484204082,0.6187831253842342,0.6120606866518074,0.6303677002283061,0.6268659222567375,0.6443897075351871,0.6354413513125574,0.6507435523140713,0.6451087501117156,0.6575957166186853,0.6490714736445844,0.6597059914798193,0.6538943400109956,0.6603370156618577,0.6584794212993682,0.6586809157162936,0.6589300754791587,0.6513006410447377
191664964,156,0.5302604896572658,0.566225413268063,0.5715081835579694,0.5976968068731985,0.5990707792193813,0.619293413328339,0.6125836600083094,0.6308825713787514,0.627411313394858,0.6448851955421513,0.6359605643565849,0.6513140191462751,0.6456628649664499,0.6581752700046714,0.6496166009011278,0.6603470935076174,0.6544731330013842,0.6610521086950439,0.6591318841234884,0.6594483336885317,0.6596619909628894,0.6521202120857901
191664964,157,0.5306447447015471,0.5667415497209399,0.5719382661319863,0.5982282608753777,0.5996301122924963,0.6197851688772408,0.6131537138233834,0.6314235035109119,0.6279826441008606,0.6454473651984703,0.6365116653395914,0.6518959351923796,0.6462422735072808,0.6588479738527839,0.6501882058387393,0.6610562307389145,0.6551408081273692,0.6617936532467178,0.6598118636789736,0.6602706805837563,0.6604391273494982,0.6529876306598781
191664964,158,0.5310586746215868,0.5672314922170656,0.572404882626314,0.5988024047550983,0.6002084021896577,0.6202996591811207,0.6137088469439481,0.6319544001980937,0.6285685288250729,0.6459931198583588,0.6370664177034525,0.6525400943070389,0.6468191300669841,0.6594901107262833,0.6507844572988059,0.6617534690303294,0.6557936552638822,0.6625066819417006,0.6605005053301437,0.6610523300980159,0.6611865002991597,0.6538709032922445
191664964,159,0.5314666058381634,0.5677448413257868,0.5728666857811788,0.5993384372249319,0.600758032979398,0.6207923651780052,0.6142503969429453,0.632480995052932,0.6290881691201359,0.646509040583489,0.6375790783742527,0.6531302125987869,0.64736787357387,0.6601518917294885,0.6513362469763958,0.6624200239829047,0.6564126812644514,0.6632168140120992,0.6611781087087725,0.6618051386356567,0.6619331847470415,0.654689207006472
191664964,160,0.5318534338006884,0.5682297351187978,0.5733235034841744,0.5998772143396859,0.6013002686592226,0.6213287612291158,0.6147943602552263,0.6329978591218203,0.6296708399798506,0.6471176853328856,0.6381698115187642,0.6537814310301402,0.6479609184787172,0.6608426559482831,0.6519307257996809,0.6631113046763497,0.6570431219041223,0.6639185941566619,0.6618338615565443,0.662596287045588,0.6626065191839475,0.6556179686844094
191664964,161,0.5322586616786716,0.5686867038193726,0.5737673459107426,0.6004017373157335,0.6018357684920927,0.6218126049776004,0.6153594646839838,0.6335150815755153,0.6302540946804744,0.647687220592062,0.6387187896151113,0.6543539011644856,0.6485559827519943,0.6614786895145204,0.6525311171728622,0.6638070346790456,0.6576250566442314,0.6646273005119231,0.6625025877744409,0.6633384975837878,0.6633789111896671,0.656424120717266
191664964,162,0.5326430802111545,0.5692147314807041,0.574209077406402,0.6008925767342357,0.6023791681307143,0.6222891797290813,0.6158727641530652,0.6340678965703453,0.6307744371578923,0.648232881525636,0.6392190122005699,0.6549190446428294,0.6490765875718162,0.6620856226892663,0.6531158043555546,0.6644133288971393,0.6582513725770659,0.6653158559729516,0.6631361092713345,0.6640974573767789,0.664078800486323,0.6572444187393954
191664964,163,0.5329903326975683,0.5696564448081965,0.5746234985137726,0.6013985113518309,0.6029262016396659,0.6227642850115864,0.6163457710123087,0.6345464547129452,0.6312616115535827,0.6487118418660278,0.639716187490761,0.6554424867872303,0.6495812758531707,0.6626845937636653,0.6536441285134688,0.6650090935172055,0.6588663981791333,0.6659627410451647,0.6637240000350246,0.6648203212682198,0.6647610885025083,0.658050016147367
191664964,164,0.5333612504121011,0.5701406365503501,0.5750571822316325,0.6019005797059901,0.603467331898573,0.6232755743307581,0.616878280171434,0.6350450290876849,0.6318680109183763,0.649253815390979,0.6402549088667782,0.6559590335639734,0.65007827361877,0.6632972493145299,0.6541754803409842,0.6656201174974558,0.6594798106280114,0.6666066005803203,0.66436615262383,0.6655333458926059,0.665406388028283,0.6588506525019915
191664964,165,0.5337734663400014,0.5706555946502214,0.5755438695578061,0.6024166609423934,0.6040240368592312,0.6238094147757484,0.6174333376583397,0.6356024352330288,0.6324523040835693,0.6498159328148413,0.6407883723474355,0.6565006118612029,0.6505873104311523,0.6639210508239137,0.6547299033488271,0.6662672396028118,0.6600789186466292,0.6672533410674624,0.6649130037678439,0.6661863365414704,0.6660878790422909,0.6596487077135217
191664964,166,0.5341703477498273,0.5710819097058202,0.5759356795834163,0.6029085698852837,0.6045616434337804,0.624318616081318,0.6179513621609264,0.636120251301571,0.6330161549564896,0.6503105866501857,0.6413475242587343,0.657032630564235,0.6511306749961814,0.6645461874363376,0.65533100414419,0.6669240137445087,0.660652348289978,0.6679529805899781,0.6655728783659531,0.6669022661041277,0.6667960566976159,0.6604659760695035
191664964,167,0.5345375909251098,0.5715677200715688,0.576390665901846,0.6033933308766566,0.605103620313734,0.6247900471410466,0.6184360353258725,0.6366243250213535,0.6335275046414601,0.650791524163494,0.6418388979743477,0.6575326385261548,0.6516300787728547,0.6651226134750899,0.6558726221471926,0.6675271738447377,0.6612249432794222,0.6685391705045957,0.6661466756688955,0.6675882556103476,0.6674386932624551,0.6612231837223881
191664964,168,0.5349079582298876,0.5720080177986736,0.5768289916083972,0.6038823156665907,0.6056676301617951,0.625300342620467,0.6189136892268451,0.6371431369962139,0.6340492581887092,0.651329453366436,0.6423723968640432,0.6581231434728202,0.6521697630441649,0.6657761333061475,0.6564220348537366,0.6681558863155707,0.6618356980941986,0.6692148314283315,0.6667713618064135,0.6683183012101659,0.6681466411600322,0.6620238495028605
191664964,169,0.5352349451727532,0.572394668743874,0.577234558677052,0.6043473811438782,0.6061966488140096,0.6257643598304784,0.6194075487876305,0.6376369315023306,0.6345966311286023,0.6518153126814804,0.6428566105916713,0.6586487851963204,0.6526598405630716,0.6663732346262393,0.6569602262142449,0.668768464732764,0.6624123988615764,0.6698651090260656,0.6673675420115363,0.6690051809301629,0.6687962844747459,0.6628339176307118
191664964,170,0.5356356210522158,0.5728222058700064,0.5777195573049134,0.6048474716895406,0.6067567300616831,0.6262755139836138,0.6199338722979747,0.6381545481932174,0.6351454661286897,0.6523737326346877,0.6433588329127302,0.6592489888239739,0.653226133035701,0.6669581257068355,0.6574836903109829,0.669434580985446,0.6629875004321265,0.6705220582062058,0.6680011556297443,0.6697227476331814,0.6694871769545699,0.6636366779101869
191664964,171,0.5360119718320231,0.573263644937772,0.5781522412080631,0.6053930196717271,0.6073144339033014,0.6268540898604219,0.6204746607514504,0.6386855042343776,0.6356999107906054,0.6528954266560814,0.643910906474481,0.6597952848146167,0.6537578168688729,0.6675145732408148,0.6580449739073567,0.6700605023318659,0.6635659405699483,0.6711799157592299,0.6686462609382158,0.6704363404803952,0.670185699886242,0.6644199842791149
191664964,172,0.5363815058583721,0.5737016594002416,0.5786169907433621,0.605881704033598,0.6078344133720441,0.6273512563137846,0.621008184734455,0.6392425020452074,0.6362625519111706,0.6534559611693705,0.6444446017263699,0.6603225375019769,0.6542496383058068,0.6681467980545636,0.6586048561716452,0.6706723118946137,0.6640929920163695,0.6718328084455838,0.669248720647125,0.6711557911096446,0.6708614569686415,0.6651936943181308
191664964,173,0.5368100987914702,0.5741256321571889,0.5790377865120064,0.6064101139326693,0.6084056463083864,0.627801910411661,0.6214853127943616,0.6397108030998693,0.636741526630797,0.6539411036478158,0.6449633917838613,0.6608674742296308,0.6547976490376847,0.6687452653422324,0.6591636040518236,0.6712571514260631,0.6646345754131193,0.6724606826254257,0.6698408184400392,0.6718618287947751,0.6714966444288395,0.6659446288295222
191664964,174,0.5371551169256276,0.574555105538491,0.579426966476463,0.6068499416650502,0.6089307478743208,0.628321931721571,0.6220194411231963,0.6402067730302425,0.6372760328760143,0.6544674728373366,0.6454643973454461,0.6614073535812062,0.6553142704946746,0.6693404724889676,0.6597135170136366,0.6718654252757762,0.6652628160774788,0.6731353805088892,0.6704545783526673,0.6725394858611329,0.6721677151517432,0.6667378362703461
191664964,175,0.5375331326384974,0.574956882593521,0.5798313683629778,0.6073317581587248,0.6094124278877868,0.6287700444966837,0.6224721445962315,0.6406649315758544,0.6377708480756085,0.6549643186970028,0.6459680727298895,0.6619024431198052,0.655784209074445,0.6698727466807393,0.6602547465128273,0.6724868968660422,0.6658265468894299,0.673754632572532,0.6710032742842751,0.6731662209002484,0.6727692289240438,0.667444259208175
191664964,176,0.5379171087077644,0.5753540940001984,0.5802376145808686,0.6078338586944078,0.6099387216553072,0.629251703925325,0.6229891105242672,0.6411443585379443,0.6383206222666595,0.6554266587035666,0.6464593462116759,0.662418142893124,0.6562676498423917,0.6703922939834073,0.660708493294968,0.6730385777852405,0.6663182810389173,0.6743341716213431,0.6715264156127644,0.6737789171201563,0.6733760713931355,0.668163166591615
191664964,177,0.5382749269891052,0.5757337731299985,0.5806620381767412,0.608305857899952,0.6104014377821954,0.6296959037532129,0.6234544624040732,0.6415785247174548,0.6387690816114051,0.655919111944663,0.6469241981608417,0.6629431940375108,0.6567117135705637,0.6709448655684083,0.661260279274677,0.6736276631722943,0.6668388476302824,0.6749301671009138,0.6720721054032094,0.6744214506175035,0.6739606412341629,0.6688822514629453
191664964,178,0.5386666937086765,0.5761094220336409,0.5810618831238049,0.6087756195528824,0.6108773497069557,0.6301532715957961,0.6239534978053524,0.6420023885012344,0.6392250011555742,0.6563555640664517,0.6474104760116935,0.6633857004996798,0.6571897000129235,0.6714681169988274,0.6617605857676645,0.6741476342800867,0.6673229070663602,0.6754812613022237,0.6726038814088384,0.6750449730633282,0.6745343979080805,0.6695875967734479
191664964,179,0.5390367291114874,0.5765273075120927,0.5814417826064728,0.6092326280247027,0.611314174166033,0.6305576883299744,0.624378010280155,0.6424426226355714,0.6397060789308413,0.6568173919324375,0.6478465284191084,0.6638912718115595,0.6576278722686743,0.6719369776494101,0.6622119171565273,0.6746397513401302,0.6678322793493081,0.6760451936593046,0.6730971183390406,0.6756204888303333,0.6750984606970976,0.6702904549524429
191664964,180,0.5393644063843879,0.5768946072258136,0.5818288883291822,0.6097048479929851,0.6117123294060579,0.6309279937312848,0.6248096997173481,0.6428429836099216,0.6401260739372568,0.6571903655817685,0.6482432205524306,0.6642774186326365,0.6580434518978723,0.6723700780790866,0.6626332801611955,0.675138760622767,0.6682802544799858,0.6765681116428325,0.6735610873235758,0.6762369518372372,0.6757143256933367,0.6709528540378176
191664964,181,0.5397086401863544,0.5772418457148344,0.5821875966827637,0.6101412362684384,0.6121049255273109,0.631312529251247,0.625244272553668,0.6432052919187473,0.6405411961922008,0.6575666395007911,0.6486102497760787,0.6646750693796671,0.6584261449210558,0.672826223589226,0.6630539299064748,0.6756382859801353,0.6687049577181778,0.6771070522582079,0.674002535378644,0.676805552785368,0.6762649410382993,0.6715954099720255
191664964,182,0.540043094341642,0.5776383175216188,0.58260648343345,0.6106316444029484,0.6125575583009887,0.631738738131988,0.6256493904886148,0.6436032903374017,0.6409768973365649,0.6579742983907202,0.6490313691010525,0.6651181703864097,0.6588516847940911,0.6733403235166311,0.6634858718646813,0.676150543269173,0.669193957750754,0.6776232331181538,0.6744907975912928,0.677443558037127,0.6768856196276228,0.6723116317818694
191664964,183,0.5403642589643682,0.578015775471358,0.5829944125671591,0.6110997181739064,0.6129816173046635,0.6321233575245915,0.6260778368528334,0.6439895986306453,0.6414227469396201,0.6583871362881261,0.6494311407052213,0.6655800557229323,0.6592631690502373,0.6738471991496128,0.663901394357881,0.6766487147619893,0.6696450404250468,0.6781264322413089,0.6749572076690831,0.6779771006549945,0.6774520315289215,0.6729424928878251
191664964,184,0.5407234543881615,0.5783825145189138,0.5833847411782312,0.6115175322044293,0.6133892036225191,0.6325234164254453,0.626511436268265,0.6443331520370282,0.6418377422404573,0.6587751822392892,0.6498229167046902,0.6659810259424062,0.6596733746299548,0.6742534303329403,0.6643247199337112,0.6770684661237512,0.6700720561556179,0.6785728300109873,0.675418776213438,0.6785176198106975,0.6779705369169163,0.6735518957631418
191664964,185,0.5410644714061723,0.578764576010819,0.5837374945258414,0.6119383172947106,0.6137928374180578,0.6329150660189197,0.6269217416560209,0.6446841098507626,0.6422448474837024,0.6591894387881291,0.650225660132469,0.6664033019670665,0.6600734728515771,0.6747728082376727,0.6647575373207142,0.6775891919120868,0.6705173732207567,0.6790886008164153,0.6759368469300465,0.6790924582545772,0.6785388024242864,0.6742332207112661
191664964,186,0.5414293555338293,0.579121088936494,0.584066594265895,0.6123809833324757,0.6142090576795824,0.6333108547895098,0.627373675548851,0.6450762058745733,0.6426624706718195,0.6596033033529141,0.6505906711334873,0.6669022851380716,0.6604728799528401,0.6752340160852487,0.6651899888329483,0.6780284872662209,0.6709457147680422,0.6795861871605086,0.676417524958857,0.6796622440808758,0.6791002804852838,0.6748713351623105
191664964,187,0.5417490325978278,0.5794710951140747,0.5844016024373282,0.6127807531527276,0.6146369890412717,0.6336887171656812,0.627745125725243,0.6454569249563495,0.6430608115358248,0.66002778180597,0.650961206488228,0.6673223017235226,0.6608615053626339,0.6756725572056926,0.6656261210035032,0.6785016950583135,0.6713939435842571,0.6801022467435619,0.6769060819617152,0.680228629716745,0.6796640592415136,0.6755133999623769
191664964,188,0.5420789293644173,0.5798678407408135,0.5847911013777717,0.6131972591043144,0.6150431748232011,0.6340971692535239,0.6281487968389671,0.6458155075676516,0.6434649626574399,0.6604336774338757,0.6513115000080383,0.6677150747476408,0.661216522542188,0.6761544397544197,0.6660151888920844,0.6789754509062783,0.6718523642547475,0.6805951766380799,0.677399712763278,0.6807552735983365,0.6802184910426086,0.6761410425192519
191664964,189,0.5423853456344432,0.5802146341983466,0.585185584975695,0.6136095796913529,0.6155128046237105,0.6344579884584921,0.6285786248006044,0.6461796240991943,0.6438230811499218,0.6608008514649434,0.6516614183056967,0.6681194609580136,0.6615673387145136,0.6765981292469413,0.6664041375652491,0.6794417503006203,0.6722732843545538,0.681049130255746,0.6778308166520743,0.6812805645397367,0.6807381820814783,0.6767511601698488
191664964,190,0.5427095254718106,0.5805860571165973,0.5855189144046414,0.613987733585496,0.6158860230923205,0.6347617637831461,0.6289486940422165,0.6464840107993938,0.6441462778767083,0.6611153334600038,0.6519692102390979,0.6685198114082957,0.6618685072180073,0.6769673322757822,0.6667284553420323,0.6798759660464232,0.6725941080557999,0.6815082475730085,0.6782644525847403,0.681805849524323,0.6812128549903009,0.6773356340225091
191664964,191,0.5430388821807112,0.5809276567350959,0.5858795226903196,0.6144078617987421,0.6162639049389428,0.6350781823832166,0.6293100530505261,0.6468331222711551,0.6444860903357845,0.6614880608843688,0.6523153176635966,0.6689201455296064,0.662241686926731,0.6773436583104799,0.6670779485371655,0.6803526679768492,0.672990473410781,0.6819924474758473,0.6787306906678282,0.6823443154530481,0.681784315699202,0.6779814602279296
191664964,192,0.5433516899644586,0.5812617625864047,0.5862072961268295,0.6147881947359584,0.616675018540285,0.6354275984384182,0.6296479707133462,0.6471374937032994,0.6448024672571573,0.6617624552234629,0.6525723333473261,0.6692870123555258,0.6625462632580528,0.6777175947303613,0.6674517865138668,0.6808053829793189,0.6733555991660369,0.6824305001679121,0.6791441909439453,0.6828778282679876,0.6822599645285871,0.6785744270002518
191664964,193,0.5436205832288958,0.5816315566705222,0.5865390680361211,0.6151524062531131,0.617025538721337,0.6357157554104861,0.6299982643291807,0.6474893891352226,0.6451455810212443,0.6620609764214122,0.6528995490300905,0.6696476849239807,0.6628655185718952,0.6780811310831674,0.6677876026122934,0.681228828839802,0.6736819233146701,0.6828202954294437,0.6795229558778557,0.6833329490787242,0.6827121966327987,0.6790709854564705
191664964,194,0.5439479403514208,0.5820267499417934,0.5869098303828999,0.6155438055613498,0.6174031714598045,0.6360197668792686,0.6303570640324676,0.6478099599521191,0.6455029008098726,0.6624271768191405,0.6532244732626084,0.6699901416606152,0.6631920852854547,0.6784826812605865,0.6681123833379349,0.6816472601346585,0.67405291998127,0.683240044072576,0.6799551571059239,0.6838238412556357,0.6831835685111312,0.6796435678013999
191664964,195,0.5442760301294429,0.5824187510359955,0.587288629988655,0.6159176283934911,0.6178206312200099,0.6363699575268712,0.6306996979736464,0.6481302566685825,0.6458272788135939,0.6627713232112526,0.6535383151536287,0.670370202936738,0.6635409199425654,0.6788484680181431,0.6684771026136151,0.6820891698903621,0.6744349653089473,0.683692729625061,0.6803859393062651,0.6843564126244002,0.683664744289377,0.6802016666343759
191664964,196,0.5446243311361989,0.5828230293040734,0.5876697753234449,0.6162974886873565,0.6182145555728797,0.636715503933082,0.6310720325406629,0.648487763840319,0.6461731909622214,0.6631432272346433,0.6538485262293986,0.6707052647269973,0.6638932627874422,0.6792156624214626,0.6688323175798738,0.6825087939633917,0.6748236067157952,0.6840893943002438,0.6807945493704156,0.6848807653361068,0.6841365124674671,0.6807909084211301
191664964,197,0.5449422472167732,0.5831690793009234,0.5880104003167316,0.6166890478323368,0.6185980881043713,0.6370353812774695,0.6314256710194519,0.6488337573040661,0.6465501112949809,0.6635038975617386,0.654176896585377,0.6710618559732568,0.6642556660715876,0.6795667699567051,0.6692139714728569,0.6829064717296258,0.6751993528994868,0.6845404175724611,0.681185586671366,0.685337999639458,0.6845870834748582,0.6813824784239454
191664964,198,0.5452679765499848,0.583580749141995,0.5883971950213239,0.6170823761076468,0.6189976755210572,0.6373840410655119,0.6317789175441766,0.6491673514593505,0.6469126238457109,0.6638605007339791,0.6545102184637068,0.6714362583097365,0.6646358217384999,0.6799893825332496,0.6695729013754369,0.6833397784409454,0.6755696075862309,0.685007874055813,0.6816415773892056,0.6858747834316636,0.6850693569902705,0.6819966943382274
191664964,199,0.5455729238080251,0.5839380767492909,0.5887621720389371,0.6174160619232507,0.6193732072333795,0.6376770933839714,0.6321203870076602,0.6494851471698176,0.6472638990435344,0.6641367360688928,0.6548355495891007,0.67177631082117,0.664964483233901,0.6803100803319764,0.6699206299316244,0.683667265890362,0.6758914208351808,0.6854429987229406,0.6820204202947404,0.686322216404835,0.6854925707371549,0.6825494697060147
191664964,200,0.5458842666442784,0.5842886827302494,0.5891138443455629,0.6177776844933255,0.6197978759130216,0.6380177986734951,0.632488036268995,0.6498125682142557,0.6476194274200319,0.6644803123163462,0.6551689614641928,0.672125975988582,0.6652768449332549,0.6806689194861892,0.6702795735034841,0.6840846696331124,0.676276131307195,0.6858502644614222,0.68241583410293,0.6867662244983629,0.6859012677357065,0.6830776173285198
1662057958,1,0.5764839224246495,0.5103685668709597,0.511292082948535,0.4055494920661573,0.42548904374107965,0.2904038283939216,0.36000335824028207,0.22626143900596088,0.27680295525144827,0.158215095290068,0.21690034421962892,0.12135840819410629,0.16946520023507683,0.09403072789858115,0.1401645537738225,0.08345227100999077,0.11787423390143564,0.074972714297708,0.09272940978927043,0.06527579548316682,0.0713626059944589,0.05671228276383175
1662057958,2,0.5535009654940811,0.5243262530434053,0.5222273528670976,0.45384518512299554,0.46379397195869365,0.3590798421627067,0.4147216858366216,0.29386701368482915,0.3385945764419444,0.22221056166568717,0.2817143816640081,0.18115607421711025,0.2303752833515238,0.14358576106120394,0.20250188901015867,0.1302367559398875,0.17385190160355973,0.11604819074804802,0.1416547728990009,0.10267819662496852,0.11248006044832508,0.0872932583326337
1662057958,3,0.5233397699605407,0.517938600173509,0.514608345227101,0.46890829205496315,0.47195869364453025,0.39004561609716515,0.43424845381020344,0.3319200738812862,0.3694903870371925,0.26239050737413594,0.3180533400498139,0.218859317717516,0.26773570648979933,0.17928805306019646,0.2407718355581675,0.16290263901715502,0.2116670864467019,0.14932975121036576,0.17709120420899446,0.131475107043909,0.14397055942686035,0.11493577365460499
1662057958,4,0.4989610444127277,0.5046490638905213,0.5000314835026446,0.4740680883217194,0.47374275879439176,0.4079107547645034,0.4437914532784821,0.35609940391234995,0.38809713710015953,0.2917051465032323,0.3419528167240366,0.24741835278314164,0.2958294853496768,0.2071929309042062,0.26883762908236086,0.1919549156242129,0.23962093862815884,0.17509025270758122,0.20487364620938628,0.15610570061287884,0.1693812442280245,0.1370686760137688
1662057958,5,0.4790026026362186,0.49208294853496776,0.48862396104441275,0.47444379145327853,0.47310049534044163,0.4190580136008732,0.4481319788430863,0.3732684073545462,0.4004869448409034,0.310670808496348,0.3594744353958526,0.26975904625975994,0.313877927965746,0.22898161363445554,0.2892368398958946,0.21365124674670474,0.2615061707665184,0.19572663924103773,0.22624464780455042,0.17613970279573504,0.19020233397699604,0.15661993115607423
1662057958,6,0.4637380012873254,0.48228528251196373,0.47954971594884277,0.47391766714241734,0.47074832787619286,0.4291831080513811,0.45129152324182126,0.3878627599138052,0.4109996361906361,0.3297721993675314,0.37359723504883435,0.2887806789242437,0.33187109954383903,0.24918142893124004,0.30743990149161843,0.23403436599222005,0.2804550415582235,0.21582990512971204,0.24632692469146164,0.19451207567234766,0.20952620826686816,0.17330618755771976
1662057958,7,0.45331446322127206,0.47495712246782684,0.4725643762668362,0.4725403888362497,0.4697038751694112,0.4354258368614846,0.4540760641423894,0.39812538229967487,0.41964810439329786,0.34426760377562154,0.3846204588795471,0.305138107631601,0.34622857622605746,0.267267951593365,0.323224630293726,0.2516461374239898,0.29653861376638635,0.23303788814661114,0.263981673603032,0.2111433608788994,0.2265432913153507,0.18927881789942066
1662057958,8,0.44625241373520275,0.4697863319620519,0.46765594828309964,0.4723260011753841,0.4691041894047519,0.44182898161363443,0.45699353538745696,0.40829380404667953,0.42693203761229115,0.35721182100579296,0.3949815296784485,0.319316178322559,0.3591533036688775,0.28281630425656956,0.33684199479472754,0.2672844429518932,0.3119752749559231,0.24921291243388463,0.2794265804718328,0.22688061455797162,0.24202942658047183,0.2043436739148686
1662057958,9,0.44039123499286376,0.4645752292465415,0.463343874476441,0.4711004766835511,0.4676909299527047,0.4463287903805073,0.4583251709437588,0.4166363492196756,0.4321355609660538,0.36888403809737036,0.4035112267838319,0.3330068377503521,0.37119749251392276,0.2971482942937901,0.34978404649297096,0.28206886258267333,0.32560938068452133,0.26448940755044364,0.2933656097538223,0.24202651144133808,0.256616199777983,0.21779121073890617
1662057958,10,0.43593317101838636,0.4605028964822433,0.4602258416589707,0.4705062547225254,0.4674544538661742,0.45098228528251194,0.4598648308286459,0.4235034841742927,0.4373058517336915,0.3798295693056838,0.41119973134077736,0.3442700025186802,0.38107211821005793,0.3099655780371086,0.36048610528083286,0.29474015615817317,0.3371631265217026,0.27716816388212573,0.30577617328519857,0.2550163714213752,0.2696499034505919,0.23030392074552936
1662057958,11,0.43238106868364606,0.45809450393448375,0.45820517321650717,0.47057341952816717,0.4674555987208157,0.45514077895909805,0.4616778989627617,0.4301486021324825,0.44249776753344877,0.3893040047015363,0.4181543416704192,0.3550079758206699,0.38960548309049686,0.32129963898916963,0.3704329840254615,0.30639363155524685,0.3480396272353286,0.28944596667709754,0.31728883156135274,0.26710985261904574,0.2813098663573015,0.24219781561734377
1662057958,12,0.43031301597962673,0.45625192399182823,0.4568291215403129,0.47079380404667953,0.46779237679455965,0.4590154758906333,0.46398637114152186,0.43620742730809053,0.4469747852125486,0.39792698625920014,0.42493283519435815,0.3647258836369742,0.39838174796406683,0.3326022164385862,0.3797330198975737,0.31787843170178826,0.35816332241905247,0.3007653989309602,0.32837992891724743,0.2782127165365349,0.29265664791649176,0.25296644558251474
1662057958,13,0.42824021751063984,0.4548930206725522,0.45572612258868667,0.4708995563247936,0.4682097350219255,0.4622682329843778,0.46543918678919943,0.44204775159354964,0.45082761248490416,0.40632447059279403,0.4313369025399922,0.3748474261025685,0.40676039601402714,0.34303132850693935,0.38847090278540203,0.32871360022732704,0.36783064135931237,0.3111280458270636,0.3385332239752523,0.2886601267089891,0.30270661250427855,0.2635605096775444
1662057958,14,0.4271471748803627,0.45393813641651776,0.4547597059141011,0.47124206915576244,0.46792880530601966,0.46505031363565497,0.46675342120728736,0.44676889310001566,0.4545558127541169,0.41299459083440276,0.4367181596843254,0.38300130731496695,0.41337239286613814,0.35256425632968325,0.3964252731568657,0.33850762200606876,0.37595200115139665,0.3209908008203701,0.347961668085923,0.29868249037504346,0.3124812598198544,0.2736216222699306
1662057958,15,0.42623065513670844,0.45313015979626675,0.4544678588419668,0.471718019757647,0.4688579184507318,0.46841015307978623,0.46884392578288975,0.45177287101558783,0.4586880474631293,0.42017742702823724,0.442187893543783,0.3912993591358128,0.4202166064981949,0.3615453502364761,0.40398511180141605,0.34771779587496154,0.38427224134553495,0.3305320012313548,0.3570732935941567,0.3082892564296309,0.32188173397139896,0.28301849830688725
1662057958,16,0.42544706573755353,0.45246253463185293,0.45414952564856015,0.47245718243640333,0.46960792544706575,0.47121883133238185,0.47060227940559146,0.4562248131978843,0.4622119259508018,0.42665130971371,0.44694767441860467,0.3988959785072622,0.42656997733187807,0.3699521450759802,0.4110118797749979,0.35665561245907146,0.39268585761061203,0.3397699605406767,0.36596161111577535,0.3174297917891025,0.3309939341784905,0.29232432205524306
1662057958,17,0.4246000977840552,0.45188826937037935,0.4539822309580368,0.47303777526458485,0.4701412930212803,0.47399833075703623,0.471914246346679,0.4603307866677861,0.4653780242682246,0.43229194960664147,0.4513499632075146,0.4060779210517218,0.4322499716031153,0.377594611012065,0.41724653928400335,0.3644678423800046,0.39968985663277146,0.34796554840557664,0.37342891148567564,0.3258579563132448,0.33898225565098006,0.3004069397047711
1662057958,18,0.42453754232782015,0.4516016940456535,0.45425563671302904,0.47371477345870766,0.47108415190440217,0.47635472345824126,0.4736051642272783,0.4644003208985159,0.46823897610985177,0.4376323473166727,0.45561992182762895,0.4123942387522272,0.4376649968749709,0.3848123583242381,0.423077640649633,0.3720347204731387,0.4062374649017248,0.3557519193276057,0.3807358277595873,0.33417289340385636,0.34695286336626274,0.3083564212352727
1662057958,19,0.4245854119809641,0.45149994034704755,0.45449584417765093,0.4744088834292935,0.4717200818350131,0.4786464524168283,0.4751180907520249,0.46790450225134667,0.4709931995634288,0.4429916618428786,0.4596834416660407,0.41898466256313266,0.4428193310915607,0.392249093054187,0.4289157744499777,0.3796446451533081,0.4126238903446173,0.36336601725958756,0.38786349637000733,0.34193956051239677,0.3547273860076267,0.3162534410916048
1662057958,20,0.4248719670892452,0.45155318613046763,0.4548211737049786,0.47526446142221473,0.47289060532281085,0.4809461841994795,0.4771975484845941,0.4713940894971035,0.4738896818067333,0.4481907480480229,0.46361136764335487,0.4252287801192175,0.44799974813197885,0.3993409453446394,0.4345940727059021,0.38735832423809924,0.41896356309293925,0.3710519687683654,0.3950864746872639,0.34977961548148767,0.3623961044412728,0.3240324070187222
1662057958,21,0.4251492218077727,0.45179925718923286,0.45506754460662613,0.47634439553673874,0.4737237687451775,0.4832767629762005,0.4787051584969476,0.4751530198176156,0.4768761169147367,0.45303660881697994,0.4674290671688035,0.4309401873418328,0.45281472508405596,0.4057613810363369,0.44007739944269203,0.3942514122599758,0.4247794155862328,0.37841571016787207,0.40143164981549656,0.3571888330514811,0.3695083776101323,0.33119045620095067
1662057958,22,0.4255882644766869,0.45218705398371256,0.45567313636745255,0.47706856152830457,0.47468917196479954,0.48534395249616474,0.48022645224811283,0.4783069126323261,0.4793830759954511,0.4573808778745392,0.4707050778119538,0.4363785194739775,0.4571652635837003,0.4122487998107173,0.44503362056464224,0.4007907129391472,0.43019630440921686,0.38535616427900865,0.4077552453423497,0.3643194602391983,0.3764014928904527,0.3384858152509903
1662057958,23,0.42634685511748366,0.45247542461663137,0.45621876745281126,0.47824626852051266,0.4757878176183506,0.48750698112449947,0.4821356218037401,0.48126320938263134,0.48190565534964025,0.4617032848700324,0.4742656587078805,0.44125999715279624,0.46158647651239443,0.41807171303106744,0.4492869214792318,0.40691651487663943,0.4353849017897231,0.3914412326201939,0.4137406781455213,0.37072235018415567,0.3825966497902925,0.34497523297791954
1662057958,24,0.42724337447177674,0.4530755883916827,0.45704600789186467,0.47935906584949484,0.477121988078247,0.48935682702264016,0.4839713989869309,0.4842477541768114,0.4843946771891529,0.46589637030196174,0.47773766546329727,0.4462419192343212,0.4657459491226597,0.423635015252008,0.45390640304480445,0.4127364760865306,0.4406518484314219,0.3977031035737273,0.4194774438194387,0.377053424005821,0.38897517700724815,0.3514433436879076
1662057958,25,0.42813869532365045,0.4541533036688775,0.45809084039963066,0.48052388548400643,0.4783477457812107,0.49156242129124345,0.4856737469565947,0.48718327596339517,0.4869700277054824,0.46994710771555714,0.48068843925782895,0.45098480396272356,0.4698027033834271,0.429178070690958,0.4582705062547226,0.41847871715221224,0.4455763579884141,0.40374779615481493,0.4250272857022921,0.383094618419948,0.39502308790193946,0.35798505583074475
1662057958,26,0.42895222903198726,0.4551933248516239,0.4589455125514231,0.481721808541555,0.4795373378195979,0.49352408568679246,0.4873565482456424,0.48971377459749554,0.48936664879910624,0.4737169261768372,0.48357529885109435,0.4555000871850843,0.4735845340118701,0.434449732955316,0.4623731779931931,0.42395200299658364,0.4504110615268369,0.4093807921572173,0.43017604928863434,0.3890279186014221,0.40081727943788226,0.3638927817208399
1662057958,27,0.4300180038992901,0.4559712932645516,0.45989545922381114,0.4828620913752305,0.48057662229436215,0.49551612732705835,0.4890390768570602,0.4923506749130122,0.4915437644007873,0.4773894035081173,0.4867396151083499,0.46011934190928394,0.47725258631143946,0.4397071490094746,0.46654042170791393,0.4295717932692158,0.45495293799382447,0.4151686738371316,0.4353321081975267,0.39506742911158993,0.406378168950581,0.36980755417494565
1662057958,28,0.431016647276827,0.4569215730956978,0.46088999364333083,0.48411132566535137,0.4816211305276035,0.4971050169711072,0.4905429554913226,0.49469128176835336,0.4936223418928482,0.4809434856135385,0.48951599361934345,0.46456606738069245,0.48072460030943787,0.4443236743946172,0.47036203029612483,0.43466123751154395,0.4594432517360903,0.4206630725499838,0.44017834654640964,0.4009663936097485,0.4118761768833132,0.37548124782613906
1662057958,29,0.43190733572849205,0.45790619508481,0.4620026692220173,0.4852946711095799,0.4830336489886196,0.49875513506784513,0.4923817161186849,0.49726708721871116,0.4957254812271473,0.48425535364296696,0.4922210416913951,0.4686916469563052,0.4840295409343435,0.44907923420541435,0.4741097044459048,0.4397007692107267,0.46363402129008535,0.42596527695349706,0.4450507933842666,0.4065468315292442,0.4173597862306358,0.3812818634759524
1662057958,30,0.43282679875745106,0.45902806929169115,0.46300338622561776,0.4863991268575267,0.48426944281196654,0.5006002854504239,0.49380684521310836,0.4994486888870232,0.4975596787283463,0.4875871043573167,0.4947975260963255,0.47251000475750704,0.487220496459855,0.45371505331206446,0.4778342148714074,0.4447415554249573,0.46774130355693616,0.43109170794503676,0.44954803682870176,0.41174544538661745,0.42261355049953825,0.3868398958945512
1662057958,31,0.4340078701985965,0.4601452709747833,0.46419411712133807,0.48766659173818727,0.4858452880368106,0.5024279535587869,0.49546772974832154,0.5018199495722306,0.49975490262457306,0.49079869245289665,0.4974244463642986,0.4763244060112501,0.49052380423625763,0.45811272312663,0.48147280502436074,0.4495207736952288,0.4719492147405082,0.4361419777327003,0.4542927248057501,0.416788763977998,0.42758252740080327,0.39211788506693457
1662057958,32,0.43522138149609607,0.46131858156326083,0.4652645138947192,0.48881023843506005,0.4871744081101503,0.5041978003526152,0.4971664847619847,0.5041558223490891,0.5017079800184703,0.49395516749223406,0.4999003022416254,0.4801745760221644,0.49360228990009236,0.4624480522206364,0.48487873604231385,0.4540616342036773,0.4757655738393082,0.44084774578121066,0.45849556082612714,0.42178448492989673,0.4322947275627571,0.3973506632524557
1662057958,33,0.4364732879970894,0.46257597382607873,0.46629293522921267,0.4899914263107949,0.4884293357553369,0.5059099940721972,0.4985066007230393,0.5063424947145877,0.5038009174101862,0.49683129676413196,0.5021625032119533,0.48369345372115913,0.4965679801965588,0.46649264876114005,0.48817746773418,0.45832983516637277,0.4793086604437456,0.44539297771604036,0.4628100329972548,0.42661354541129537,0.4370864212607139,0.4023744285267246
1662057958,34,0.4375070992211845,0.46365445682932727,0.46726826907406405,0.49091546617807563,0.48945734787912315,0.5074967775709058,0.499872831342259,0.5082807785191148,0.5056485107685926,0.49975430521465575,0.5044348526078217,0.48708435603273303,0.4993061282946559,0.47053514546612873,0.49118338461234545,0.46237042378029214,0.4829013714460681,0.45000666709467774,0.4666744037888852,0.4314141154740798,0.4417147767511001,0.40720144996962776
1662057958,35,0.4385034242057162,0.46472768269426823,0.46824424001823045,0.4918670616596903,0.49052736366144134,0.5090072801851829,0.5012125646161412,0.5102210441728534,0.5073521474747233,0.5024059392878132,0.5065929452966645,0.49034505918898497,0.5019153963323219,0.4743634335608141,0.49423941854468256,0.4665255406167168,0.4861568538086043,0.4543303309066049,0.47068735982345256,0.436101083032491,0.44642047567074844,0.41209206375859053
1662057958,36,0.43970442821294975,0.4660654483717198,0.4693700500937509,0.49312843403389955,0.49195888021343487,0.5105201541059152,0.5026830940587133,0.5121829494678122,0.509199013050495,0.5051947779363614,0.5088678532448997,0.4935015718430209,0.5047015363949291,0.478227408837769,0.49745100234143974,0.47070401776135967,0.48958245879159323,0.4587157995876827,0.4746487840371645,0.44057780389742446,0.45074930736294183,0.41665500611013156
1662057958,37,0.4407542879963332,0.46723333189624855,0.4705257688214619,0.49422859178547196,0.4934491623686486,0.5120306689024681,0.5041909931088002,0.5141272999975041,0.5108995318885337,0.507767065192974,0.5109846224362219,0.496640625177272,0.5074301066241289,0.48193584399612444,0.5005230232331231,0.4746180568949438,0.49276049620269247,0.46270764929987496,0.4785356257105061,0.44509730955033616,0.45493264232245006,0.42112900407753906
1662057958,38,0.4419212227529617,0.4684027148721438,0.47170903499197997,0.49536695403187675,0.4947173996615247,0.513685933833829,0.5056802866876704,0.5162797325780238,0.5128739908708889,0.5104481041407987,0.5131634181583586,0.4999403470476207,0.510203968909765,0.4856678258487289,0.5035813865113627,0.4784266202404677,0.49600656624349887,0.4667998179480268,0.48231731835676,0.44936458558873044,0.45911673861843755,0.4256127683830515
1662057958,39,0.4431660886618489,0.46967358335001685,0.4730662671221819,0.49678168639632825,0.49630163025343954,0.5152778405653899,0.5073246234357812,0.5184401834976934,0.5146750794891168,0.5131283515130379,0.5154931123783445,0.5031494266235261,0.5129152324182129,0.4892450202247868,0.5065840883992172,0.48226698440786253,0.4993520318430065,0.47062831384047066,0.48576838044556964,0.45345608132108006,0.4631497710584269,0.42992041401075065
1662057958,40,0.44438963982872975,0.4708452271009991,0.474236000335824,0.4980564184367392,0.49758731424733443,0.5170063386785324,0.5088930400470154,0.5203047603055999,0.5164868608848964,0.5156431030140206,0.5175520527243724,0.5060154479052976,0.5153188229367812,0.4925405087734027,0.5092802871295441,0.4857453194526068,0.502422130803459,0.4744322475023088,0.48910565863487543,0.45755604063470745,0.4670756023843506,0.4340021828561833
1662057958,41,0.44567841572966993,0.4722719928903597,0.47563432858742993,0.49939695014446583,0.4990314343576649,0.5185829454634066,0.5103890439458505,0.5223814428556509,0.5183761270070094,0.518201048016693,0.5198074745418767,0.5088542871827846,0.517844746913593,0.4959066327293279,0.5119842080798442,0.4893928752065625,0.5055646451015765,0.4781069353804948,0.49256477410714833,0.46148466983788305,0.470859074722894,0.4382923348165561
1662057958,42,0.44678388524413204,0.4734669033426484,0.47695607501669124,0.5005916899544638,0.5002798533568411,0.520056490399031,0.5118607849486868,0.5241663368394961,0.5200534919702077,0.5205342400582095,0.5217146215383139,0.5116578912649772,0.5201224558331435,0.4991404504039883,0.5145213907912254,0.4925898829013597,0.5083776101322907,0.48174056794239817,0.49566227296896426,0.4655230659134613,0.4745473371953097,0.44233921425173206
1662057958,43,0.4477451954710615,0.47470288359597246,0.4780562427148639,0.501814816478026,0.5017669810786589,0.5215825512082831,0.5133782921005208,0.525940453713882,0.521622576746529,0.5226642169735617,0.5234744900648804,0.5141807553307183,0.5223684184835983,0.5022345965132875,0.5169766856120881,0.4959037278419596,0.5111153848406691,0.4851895746163894,0.49890271451247914,0.46923988574173175,0.4781109117427119,0.44628084651084693
1662057958,44,0.44859793468222653,0.47581971592340155,0.479259050075942,0.5029957029789117,0.5032113172697507,0.5230592805733432,0.5147714870135321,0.5276558719594568,0.5233645751444426,0.5249959930087543,0.5253003335343188,0.5168894681005335,0.5245304187878278,0.5053207119469398,0.5194119644942414,0.499232947390113,0.5138393845261446,0.4886506743193839,0.5020015875317698,0.4729070149060074,0.4815401729493745,0.45013585608413914
1662057958,45,0.4498568083657497,0.47722926519836933,0.4807199694026997,0.504378772190039,0.5046679539921081,0.5245991100663252,0.516168994113751,0.52954878310432,0.5249405311616714,0.5272343958432448,0.5271504398361926,0.5196391757385797,0.5267903618503904,0.5083228388324517,0.5217912480526872,0.502424462914766,0.5165020196083919,0.49195888021343476,0.5049981809531805,0.4766443716825717,0.4850343753206653,0.45398837675724585
1662057958,46,0.45106003584556476,0.47859486846283855,0.4821392720649163,0.5056387409519151,0.5062136570871646,0.5262125255062,0.5175367672556971,0.5312918639328644,0.5266277427149912,0.5293544878136031,0.5290360025259808,0.5222611177829775,0.529019576350688,0.511275656773242,0.5243153022598767,0.5055219325942771,0.5192058491785086,0.4952555730362507,0.5079977222370261,0.48015626768095254,0.488531791949714,0.45767157140093373
1662057958,47,0.45211113631776095,0.4798318021782118,0.48339010783881164,0.5068093680613487,0.5075149557801925,0.5276054496380068,0.5187990003876267,0.5329848861324326,0.5281654540680257,0.5314200890648194,0.5307877395648934,0.5247089673947021,0.5311396402753042,0.5141439077412797,0.5266837198584537,0.5086117427659396,0.5216686881605954,0.49857989307220035,0.5108937384895421,0.48368663331052825,0.4920134615418967,0.46126769998052936
1662057958,48,0.45294265804718326,0.48097084627655107,0.4846351761676882,0.5079058573307587,0.5086903212716536,0.5289420843478018,0.52006023843506,0.5344516973106092,0.5295979906528979,0.5334354798085803,0.5324498712674559,0.5271247866118155,0.5331556264517392,0.5169092645453782,0.5289307153051801,0.5114573713374191,0.5241976954076064,0.5015628060896091,0.513700570900848,0.48704453866174124,0.49523637114152186,0.464956237931324
1662057958,49,0.4539449899681139,0.48233582745498504,0.48600162086495247,0.5091220771744177,0.510073864152327,0.5303278225067207,0.521467893680854,0.5359974230645999,0.5311382549829603,0.5354525657127094,0.5342052193222181,0.529443714350823,0.5351467259727332,0.5195805969100762,0.5311099840826264,0.5143796079425809,0.5266474652996116,0.504692969455434,0.5165641775138399,0.4903827537227635,0.49837570827172273,0.4684573854728693
1662057958,50,0.4549861472588364,0.4835093610947863,0.48719838804466464,0.5102812526236253,0.5114482411216523,0.5316824783813282,0.5228200822768869,0.5376450340021828,0.5325950801779867,0.5375635966753421,0.5358643270926035,0.5318940475191,0.5371656452019142,0.5223935857610612,0.5333909831248427,0.5173058517336916,0.5290999916043994,0.5077852405339602,0.5194030727898582,0.49365544454705734,0.5016321047770969,0.4720653177734867
1662057958,51,0.45611981674543717,0.48459571890211883,0.48843217918516585,0.5115283121056331,0.5127555513851918,0.5331231140764593,0.5240509267261603,0.5391811161539589,0.5342161883643558,0.5396766212151892,0.5375554973899559,0.5341577483986626,0.5392428485120856,0.5250320596713205,0.535740566061031,0.5201017020022685,0.531670345915211,0.510841025185156,0.5221652089599168,0.49685082663743024,0.5048068929527987,0.47546426848801815
1662057958,52,0.4571461092848886,0.48584937646519377,0.4897961160659507,0.5128630290035714,0.5141506235348062,0.5345115697835873,0.5254402846754455,0.5407897031186428,0.5357757535051633,0.5416139250724928,0.5393043276092558,0.5364893795651079,0.5411763851126625,0.5276215263202081,0.5379158244156985,0.5228562156506914,0.5340110628184678,0.513799461389924,0.5248049637374632,0.5001453084737443,0.5080032678261206,0.47883582079913206
1662057958,53,0.4582390148316999,0.4870905758590046,0.49108482249640806,0.5141069852981943,0.5155421577961073,0.5358801044856268,0.52675028473759,0.5423138275543614,0.5372709228666066,0.5435113887115605,0.5408121238810486,0.5386229313952696,0.5432262551027035,0.5300174406724084,0.5399551389788733,0.5255733165632529,0.5362238488918599,0.5167967456750776,0.5273736184880632,0.5031998327216161,0.51101090952869,0.48218073352204954
1662057958,54,0.45937773051365527,0.48829280123881746,0.49234834280170525,0.5154953248941999,0.5169940950941707,0.5372850182060156,0.5282620795591999,0.5439571886553669,0.5387861205172934,0.5453572328100076,0.5425050606815361,0.5408251631700545,0.5450882626392659,0.532438890910052,0.5420572953105905,0.528287732783577,0.5385521320161568,0.5196317129823973,0.5298168204305389,0.5061420038122246,0.5137773362313702,0.48543363277642515
1662057958,55,0.46039642500057243,0.4894604681692248,0.4936697170682562,0.5166980865662757,0.5182466932781767,0.5386518191740254,0.529553277718839,0.5454911808030775,0.5403255966600773,0.5471985406919502,0.5442501583715588,0.5430617992535548,0.5470191801314293,0.5349340945344639,0.5441181184695583,0.5310072431136994,0.5407759061524489,0.522502499599301,0.5323421436258309,0.5091565474236954,0.5166629776905992,0.48865449050152265
1662057958,56,0.4613360099307962,0.49065389735778453,0.49493490411024627,0.5179313539705195,0.5196269654700937,0.5399900452163067,0.5309610264221547,0.5469951245547333,0.541744875685141,0.549021312832076,0.5458759609964378,0.5451233553617905,0.5488369094594432,0.5373821617472445,0.5460873502284803,0.533581653213716,0.5429802283603392,0.525234776976864,0.5347337994890677,0.5121706225937608,0.5194515573839308,0.4917288340909364
1662057958,57,0.46238844529676976,0.4918268090678379,0.4961925214345577,0.5190918905861749,0.5209705903580207,0.5412857346960719,0.5323414741201925,0.5483822266605983,0.5431217200081894,0.5508140050403062,0.5474056857364635,0.5471199407300048,0.550574656774587,0.5396574300329785,0.5479499268698991,0.5360082895510121,0.5449643334261267,0.5278402538122655,0.5370643677449859,0.5149449057115125,0.5221459744567531,0.49472476422354683
1662057958,58,0.46344512027421764,0.49298894965245105,0.49736696591675617,0.5203144586719318,0.5221926124503864,0.5427104473118155,0.5336887953471002,0.5498604593262097,0.5444597720449655,0.5525383664477056,0.5489029265906044,0.5490954463998796,0.5522510342511557,0.5421473630576199,0.5498011111143278,0.538624105796149,0.5471601156855876,0.530525969909009,0.5395360417348206,0.5179137511254449,0.5249219064382677,0.49777299453706947
1662057958,59,0.464497281390653,0.4942155734124133,0.49858128577913313,0.5215610409975681,0.523472818886971,0.5439196640621332,0.5350174813482481,0.5511555334835055,0.5458371338842176,0.5541850646532404,0.5503970834536941,0.5510345799140234,0.5538542210661274,0.5444632436332175,0.5515617951786485,0.5410865045699104,0.5491683374860725,0.5332124271966237,0.541995790815782,0.5207129430280228,0.5275809712998525,0.500715049043115
1662057958,60,0.46551996753701064,0.4954313939495704,0.4998957546245767,0.5228031511487979,0.5248285898189349,0.5451704306943163,0.5363256653513558,0.552660705790166,0.5473371953096577,0.555731396748104,0.5519750650659053,0.5530007276187278,0.5554984188285338,0.5466368622841631,0.5533988190188341,0.543409453446394,0.5510970251588168,0.5356827022640137,0.5443140794223826,0.523471301038256,0.5302689390759242,0.5036066101362886
1662057958,61,0.46657449856930705,0.49656399718678557,0.5011444167190818,0.5239412252897514,0.5260415017940435,0.5464132204560875,0.537501496756683,0.5540098627663368,0.5487474727177386,0.557368791212421,0.5535887064030907,0.5549670988795314,0.5572180832981223,0.5488162891169617,0.5552430526404164,0.5457849267311798,0.5531138732484506,0.5381662631731793,0.5466134761778272,0.5260931140934608,0.5328612069570627,0.5063868500119053
1662057958,62,0.4676011060526865,0.49769865751636466,0.5024990453389521,0.5251746149533774,0.5272071628015307,0.5475299330247725,0.5387335100923246,0.555400131621353,0.5500608003986556,0.5590027922142989,0.5549803515860915,0.556788791060581,0.5588572233311035,0.550998534832264,0.5569621195912696,0.5480587204562873,0.5550825883366147,0.5406780395459876,0.548783856613973,0.5287420681885273,0.5353752698102323,0.5092162029677094
1662057958,63,0.4685797975194331,0.4987932989780022,0.5037860161275491,0.5263128787182183,0.5283857925113906,0.5486878209151738,0.5399317424336315,0.5567296070192552,0.5513304361847725,0.5605222863219672,0.556412439881502,0.5586206161304809,0.5604883041286366,0.5531408208765274,0.5587398869658965,0.5503362904504705,0.5570247856789708,0.5430880885082883,0.5509413067552602,0.531364898126715,0.5379061371841155,0.5119610657348882
1662057958,64,0.4695843128200823,0.4999914732180338,0.5050432635798842,0.527517893124003,0.5296522122407858,0.5500207266392411,0.5412178081185459,0.5580595143144992,0.5525702344471497,0.5620861231214843,0.5578004313239863,0.5605093243640332,0.5620008553018219,0.5552587943917388,0.5604279919822013,0.5525354714129797,0.5589987721433969,0.5455002203845185,0.5530897122407858,0.5338867433464864,0.5403959575182604,0.5146332696666946
1662057958,65,0.47060118959203845,0.5010927197225576,0.5062553683408355,0.5286083323107922,0.5306678377453292,0.551141478788192,0.5423157650006781,0.5592542123312,0.5538261335675491,0.5636599652551294,0.5591760686630974,0.5622960030482489,0.5634210135427498,0.5572696214875713,0.5621145289099281,0.5546734434233386,0.5608932919150365,0.5477703221973225,0.555164263156875,0.5363187228353882,0.5428291882745748,0.5172503761874931
1662057958,66,0.47155545039853664,0.5021097126923674,0.5073963970152368,0.5297077058893866,0.5316959367836708,0.5521773863222944,0.543412888010319,0.5604635898062144,0.5549670154657141,0.5651562217761529,0.5605609024507522,0.5639961024059755,0.5649520560317304,0.5591648158183293,0.5636685467724004,0.5566480436978296,0.5627373983305476,0.5499544602264778,0.5571664084383419,0.5387813149546002,0.5451110890620587,0.5197964448447197
1662057958,67,0.4725714471885389,0.50317403829647,0.5085127631926841,0.5308080953639994,0.5327973515012463,0.5532237227095986,0.5445612170864258,0.5617101713329081,0.5561452664475457,0.5666472857774764,0.5619257001868335,0.5657851703617752,0.5665069414074785,0.5611356365682294,0.5653954641200847,0.558705924662641,0.5646599092523278,0.5521542234257308,0.5592146730038832,0.5412324240605386,0.5473994313546865,0.5223091159933688
1662057958,68,0.47354830186629265,0.5043237343631937,0.5096012336594449,0.5318810590309502,0.5339077323482495,0.5542436057623452,0.5456677465713847,0.5628379846607436,0.5573425701403053,0.5680623941290059,0.5633262876135259,0.567422229575232,0.5679975751529728,0.563063307767906,0.5669252840923121,0.5606606843896151,0.5663863606058661,0.5542312592907198,0.5611897306987609,0.54357995821954,0.5496118269320994,0.5248176426140937
1662057958,69,0.4746014827360898,0.5054157708317364,0.5106916149850521,0.5330476395586103,0.5350023544184586,0.5554279992066765,0.5468231168606781,0.564049307727968,0.5586134604597626,0.569600746600086,0.5647039212322309,0.5691943508558037,0.5695137487087201,0.5649430133392712,0.56853730384409,0.5626421320445478,0.5682148641068602,0.5564500723360091,0.5631093654750998,0.5459786897752534,0.5518495265002877,0.5273276802955251
1662057958,70,0.4755837940918959,0.5065317773486693,0.5118294013936697,0.5341904841862863,0.5361424613502525,0.5566721038175996,0.5480594168655625,0.5653759430058649,0.5599709752089905,0.5710657615409526,0.5661129568106312,0.5708510740372045,0.5710111901363686,0.566954915624213,0.5701656332081989,0.5646227376854528,0.5700253067392687,0.5586162850666251,0.5650928913249457,0.5482699065689578,0.5540358851961572,0.5297438142413375
1662057958,71,0.4766099746831252,0.5076340842468969,0.5129410498757806,0.5352597492435092,0.537251043833313,0.5577907035868134,0.5491479647763163,0.5666190915960037,0.5611962430278082,0.5725078368793907,0.5673356738533797,0.5724014137718595,0.5724085086456949,0.5688102251321716,0.5716866052329425,0.5665375005468964,0.5717735174374263,0.5607764629925468,0.5669194412550359,0.5504652463517569,0.55617957598669,0.5321113989790476
1662057958,72,0.4775604250039646,0.5086841994794727,0.5140142398716406,0.5362917331318389,0.5384372755342867,0.5589231242828757,0.5502290133303482,0.5678574427000251,0.5623734829615948,0.5738299797572738,0.5686713495461712,0.5739681573522142,0.5738165701172586,0.5706454817675538,0.5731670771182568,0.5684101530797863,0.5733472327167232,0.5628049235533914,0.5687418959132081,0.5526031026408827,0.5582648858664726,0.534529823039394
1662057958,73,0.47854636499241526,0.50972279566603,0.5151103561459822,0.537340871739373,0.5395208527170119,0.5599497644056433,0.5513350730244749,0.5690877432280279,0.5634557902617933,0.5751377511060916,0.569915227434523,0.5753798434277972,0.5751233750774868,0.5722941726480529,0.5746144636648751,0.570152719427075,0.5748922085375208,0.5647404321779224,0.5704718672621026,0.554696188512288,0.5601815059867533,0.5367290279619507
1662057958,74,0.47942794192059573,0.5108728701835914,0.5162244983628579,0.5383928551168916,0.5406602345776219,0.5611029550245401,0.5524810134624591,0.5702586979557848,0.564599609264205,0.5764220899599961,0.5711527159768282,0.5768849825394197,0.5765122859405455,0.5740134601901036,0.575985291815197,0.5719514325844609,0.5765128532108635,0.5666508587338073,0.5721431699519183,0.5567905660677048,0.5621750959254107,0.539015150655651
1662057958,75,0.48029776397167884,0.5119139171074358,0.5172535191559622,0.5394570844877284,0.5416908739820334,0.5621162510844319,0.5535018050541517,0.5713458147930485,0.5656972546385695,0.5776385973749756,0.5723555257045309,0.5782817003889962,0.577812106456217,0.5756007052304593,0.5773425125234378,0.5736081493297513,0.5780175188201382,0.5683905633448073,0.5737727031035738,0.5587748020037501,0.5640293286317969,0.5411462793496208
1662057958,76,0.48108946175362005,0.5128778572659505,0.5181980168707387,0.5404712141364242,0.542649099240419,0.5631614297266128,0.5544752970496092,0.5724523770596839,0.5667599388446769,0.5789186466291663,0.5734885709361979,0.5797316942764097,0.5790125447949485,0.5772152234334471,0.5787551533522751,0.5753273179590737,0.5795532877614235,0.5701756227105418,0.5754134833347326,0.5606731283333849,0.5659844504637465,0.5433770861963069
1662057958,77,0.4819761717587257,0.5139083483890805,0.5191953961578678,0.5414164795828804,0.5436952854885858,0.564108043748712,0.5555521633936544,0.5734478769488425,0.5677688527575186,0.5801834384237206,0.5745741958486481,0.58112058372322,0.5802679395996498,0.5787360150553836,0.580029700800417,0.5768878925624791,0.5809335907984216,0.5719001425071444,0.5770029231955183,0.5625504962672288,0.5677524976912098,0.5454621778188229
1662057958,78,0.4828003203244577,0.5148661332231141,0.5201349108451787,0.542368721866665,0.5446398394933363,0.5650556800544208,0.5564948582327476,0.57448835271856,0.5688476930396166,0.5813996542734684,0.57571055843661,0.5825083041101847,0.5814965265892981,0.5801607649899146,0.5812769493400843,0.5785037102096964,0.5823656865341023,0.5736283418258064,0.5785925098325401,0.5643856465365994,0.5694843594264298,0.5476100523325778
1662057958,79,0.4836647115898611,0.5157518472978387,0.5210867733155927,0.5433696540481142,0.5456545327210567,0.5659936724801773,0.5574413184706404,0.5756167312631978,0.5698630879444488,0.5826137736737342,0.5768117759458601,0.5838959625662482,0.5827567114325763,0.5817476452465491,0.5826004894954031,0.5802114628643452,0.5838986194019143,0.5753924943329696,0.5801365400985581,0.5663263083055872,0.571316908421,0.5497163030875619
1662057958,80,0.4845011963731005,0.5165897069935355,0.5220463227268911,0.544309356896986,0.5466312652170262,0.5668914238938796,0.5584527957350349,0.5765542355805557,0.5709653891360927,0.5838872680715305,0.577920094870288,0.585268869112585,0.5839953614306104,0.5832785870204013,0.583911405423558,0.5818618294013937,0.5853150449164638,0.5771440265300982,0.5817254008899336,0.5681722777264713,0.5731970447485518,0.5518124003022417
1662057958,81,0.4852978520736615,0.5175312580652182,0.5230283035393157,0.5453642291439285,0.5476289683465124,0.5677670086060089,0.5594061304469051,0.5776028176050564,0.5719565170073104,0.5850489898848559,0.5790450988867019,0.5866296431040505,0.5851702596728203,0.5847748372445432,0.5851619677215065,0.5835051321996163,0.5867011611841321,0.5788844423299969,0.5832615561297732,0.5701063753704171,0.5750250572403764,0.5538702164510241
1662057958,82,0.4861416276407748,0.5184616187946784,0.5239627849640935,0.546318631476131,0.5486161592788794,0.5686248210815581,0.5603116406027632,0.5785551785498544,0.5729838783989384,0.5862550706356698,0.5801032454115994,0.5879674660234135,0.5863666706938246,0.5863359550814885,0.5863876596955878,0.5850428278021341,0.5880949358146087,0.5806315539437823,0.5847576845342797,0.571963608142504,0.5768371519665159,0.5559065098668785
1662057958,83,0.4868512754738204,0.5192901570179634,0.524840357146831,0.5471847932406311,0.549517354111265,0.5694412272547498,0.5612180903953317,0.5795700643224396,0.5739905301670117,0.5873663405194955,0.5811399405025021,0.5891506585488964,0.5874700211306143,0.5876703017257512,0.5875716787054186,0.5865156537492426,0.5893848250023012,0.582235414666811,0.5861722433348541,0.5737416967003266,0.578478130471681,0.5578209066641852
1662057958,84,0.4876484722005669,0.5202383950809775,0.5258389603847584,0.5481832519759646,0.5504310741171625,0.5703121564300306,0.5622463828953628,0.5806257521058965,0.5749652182256497,0.5886245607301774,0.5822633939815536,0.5904880842438563,0.5886560442328219,0.589118801747884,0.5888739300606483,0.5880928393521795,0.5907659386481484,0.5838880426656433,0.5877150373204441,0.5755304220588412,0.5801869820214208,0.559797666023004
1662057958,85,0.4883829579182861,0.5211035770197593,0.5267454206936741,0.549033765130601,0.551439351662082,0.571185804520784,0.5631201015373827,0.581604744995975,0.5759589504511401,0.5897588487162138,0.5832265775086796,0.5917041587855022,0.5897514408332387,0.5905006247314643,0.5901193656876738,0.5895380938035528,0.5920859116881577,0.5854242494579899,0.5891914048803133,0.5772197721335197,0.5818250060497712,0.5617214932316642
1662057958,86,0.4891418524600086,0.5219920808008232,0.5277137803047018,0.5498791423991504,0.5523094735567865,0.57205280247104,0.5640672194746696,0.5825307073976957,0.5768875946213486,0.5908096483024291,0.5842806044051522,0.5928860951280135,0.5908389352816333,0.5918634914374635,0.5911884265668046,0.5908853063320401,0.5933014821163943,0.5869081345560972,0.5905860910278363,0.5788390836689946,0.5833380517910941,0.563583984317799
1662057958,87,0.4898220229151649,0.5228591941960344,0.5285744752508307,0.5507731190235626,0.5531644177071904,0.5729157921249265,0.564948174053348,0.5834643336546823,0.5778127433638567,0.5918589693483373,0.585240919964835,0.5940775309599838,0.5918845421550831,0.5932225307042558,0.592353055274898,0.5922763368546605,0.5946000847280162,0.58844620591224,0.5919752532431627,0.5804974055663797,0.5849065434539887,0.5654108971037107
1662057958,88,0.490535868295922,0.5236560360552889,0.5293798322406332,0.551667289976416,0.5540638523595455,0.5738245204967142,0.5658052907549171,0.5844149029544882,0.578728791567764,0.5928939826440036,0.5862018302409537,0.5952752802985781,0.5929502713305501,0.5945530678288212,0.5935074339228062,0.5936991970752781,0.5958472305966218,0.590008471924348,0.5934053510505951,0.5822196441791775,0.5864694400134329,0.5672802451515406
1662057958,89,0.4912803668405845,0.5244788360112783,0.5302411424054245,0.5526729611661018,0.5550383509153562,0.5747307511987313,0.5666785211290857,0.5854360854238222,0.5796794389852078,0.5939208304286756,0.587162843523926,0.5964923368918732,0.594003371446845,0.5958640818278638,0.5946759628291854,0.5952216768750253,0.5971451184298529,0.5914941244944953,0.5948570814061971,0.5838956341933007,0.5880217417758488,0.5691571099889725
1662057958,90,0.4919817349042435,0.5252259815856491,0.531017546805474,0.5535849215011334,0.5558960438063788,0.5755632048806426,0.5675561339191596,0.5863716079441039,0.5806094273267475,0.5949295235963021,0.5880871090215393,0.5976641573149003,0.5950666517411544,0.597281691060551,0.5957956697357251,0.5966212371384061,0.5983754512635379,0.5929649530312783,0.5963092006455284,0.5854550882004497,0.5895544734559091,0.5709227698019571
1662057958,91,0.4926981338701597,0.5260051425360803,0.5318663789405121,0.5544902163573979,0.5566620014189487,0.5763681369423961,0.5683752482929715,0.5871753970150411,0.5814617755680638,0.5959077443419648,0.5889790672764394,0.5987059703792136,0.5960581270798716,0.5985288324302681,0.5968709319393561,0.5980458547413463,0.5995755147379696,0.594505402246146,0.5975799450318802,0.5870365466956853,0.591046599274288,0.5725629001172615
1662057958,92,0.4933551558113984,0.5268216628399762,0.532749686990104,0.55537126806423,0.5574824878720073,0.5771815785919483,0.5692440856643293,0.5880808021813961,0.5823330096768424,0.5968802130292423,0.5899406102506635,0.5998670392366574,0.5970672889145219,0.5998871156731264,0.5980674604767973,0.5994595788328654,0.6008261453607006,0.5960237705007794,0.5989275532664362,0.5886698630787032,0.5926185331060438,0.5743854785309889
1662057958,93,0.4940711712224085,0.5276662125820264,0.533623026695302,0.556234726551674,0.5583756047315077,0.5779558608063569,0.5700942383610343,0.5889920133462969,0.583222520431552,0.5978728436621791,0.5909252583904099,0.6010157774100565,0.5980366932888457,0.601147127937219,0.5991524957051537,0.600865920451232,0.6020512348303683,0.5975027150289378,0.600323366040066,0.5903344067063697,0.5941395096066435,0.5761769864848884
1662057958,94,0.49464825112492117,0.528377130383679,0.5344206231679282,0.5570230986197275,0.5592005959090203,0.5788288851535413,0.5708432398444492,0.589856149420257,0.5840305849947394,0.5988242586416633,0.5918809182286354,0.6021244442380277,0.598997529549835,0.6023580027044553,0.60017871911714,0.6021159593224215,0.6031997956475061,0.59890776807421,0.6016131164291187,0.5918898497187474,0.5955298785138714,0.5778647307959566
1662057958,95,0.49531392918531736,0.529142455669019,0.5352504761189347,0.5577794078008387,0.5600254519263484,0.5796623201021612,0.5717381986575877,0.5907290474528188,0.5848892443517492,0.5998400417128794,0.5928133657963227,0.6033144947836808,0.6000366755188702,0.6036878780782029,0.6012725963174244,0.6034342425621606,0.6043891316739503,0.6002660079802394,0.6028712954411888,0.5934395008594444,0.5969373732374762,0.5795955971702407
1662057958,96,0.4958830947583466,0.529872159488428,0.5360774704055075,0.5585212723532869,0.5607456692693029,0.580418048442616,0.5725152520079478,0.5916191790501777,0.5856854133434081,0.6007402121288444,0.5937102083508242,0.6043909866230095,0.6010121946100243,0.6049174607505667,0.6022330548792433,0.6046913917107437,0.6055466935325889,0.6016182520359332,0.6040713416169927,0.5948869042621666,0.5983680176587469,0.5811224918142893
1662057958,97,0.4964599992902688,0.5305638814333453,0.5368731320870339,0.5593079947756859,0.5615492739536442,0.5811794001386572,0.5732905648162013,0.5925125955648725,0.5865387361764703,0.6016772159841851,0.5945894248321096,0.6055435199378206,0.6019762551639436,0.6060801459622787,0.6032312676404986,0.6059784466753854,0.6067037573342496,0.602959492524886,0.6052509722019065,0.5963641855791276,0.5997998904244279,0.5826932048431364
1662057958,98,0.4971009476748469,0.531343004836894,0.5377189495561469,0.5601262081526422,0.5624264314070856,0.581985610968424,0.574122445552816,0.5933453727389705,0.5873605088076705,0.6026233682121996,0.5954425595273791,0.6065877194635725,0.6029450567902419,0.6072799281747794,0.6042330961433352,0.6071188697122708,0.6078046532188561,0.6042536567981235,0.6063936782840077,0.5977770505398029,0.601212821624326,0.5841856010307742
1662057958,99,0.49761446214304916,0.5320673785118416,0.5384857728489666,0.5609049948735954,0.5632460106055942,0.5827310125857686,0.5749688981155692,0.5941519976865455,0.5882012976715353,0.6035368376061853,0.5962865155628148,0.6075446768923387,0.603817114983264,0.608419006622348,0.6051837322091709,0.6083227540284043,0.6088442989206988,0.6055869754551645,0.6075747823292109,0.5992173434453679,0.6025743116667472,0.5857101787754126
1662057958,100,0.49822139199059695,0.5327231130887417,0.5393073629418186,0.5616405003778021,0.5640798421627068,0.5834803962723533,0.5757946436067501,0.5949496263957685,0.5890374443791453,0.6044165057509865,0.5971719419024432,0.6085504995382419,0.6047346990177148,0.6095445386617413,0.6062135840819411,0.6095059188984971,0.6099479472756275,0.6068806145579716,0.6087494752749559,0.6006544370749728,0.6038972378473678,0.5873318780958777
1662057958,101,0.49880715970178163,0.5334539750675596,0.5401139307953129,0.5623568695548088,0.5648215186727304,0.5842968185660813,0.5765579034605668,0.5958037790178146,0.5899127273150454,0.6053564763746966,0.5980190538573629,0.609613710930324,0.6056727660844331,0.6107674825915972,0.6072230428483197,0.6107624951060299,0.6110172724937677,0.6081964337815697,0.6099590943058708,0.6020734639999135,0.6052683641296713,0.5889655206810245
1662057958,102,0.49947486340686886,0.5340766732349895,0.5409524232831409,0.5631114590072449,0.5655256057590529,0.5850272692403298,0.57732224784801,0.5966271908813898,0.590695534363523,0.606182948370348,0.5988462633815175,0.610599692819786,0.6065866779924965,0.6119837322889864,0.6082332857582627,0.6120113060756164,0.6121689293633665,0.6094716368622841,0.6111828578295561,0.6035465651292841,0.6065973782679053,0.5903782300427517
1662057958,103,0.500080695579594,0.5348282936634408,0.5417391772148288,0.5639166047864705,0.5663280984453467,0.5858120053829657,0.578081531879237,0.5974472483214911,0.5915026739580692,0.6070936305104281,0.599657818138247,0.6115958732769659,0.6075309353432781,0.6130630656332198,0.6092540712550119,0.6131405007853554,0.6131824787888815,0.6106034806693331,0.6122936047530511,0.6048447506710367,0.6078944730048832,0.5918124145666118
1662057958,104,0.5007152405985418,0.5355658634875325,0.5425616592290256,0.5646562162965068,0.567140183928237,0.5866474428937698,0.5788944285502089,0.5982289318858457,0.5923411132566535,0.6079218143538939,0.6004876713832721,0.6125571546663395,0.6084509793791131,0.6140711882358258,0.6101833792938653,0.6142653365021344,0.614151915165684,0.6118637103388593,0.6134588744728532,0.606255610521625,0.6091710635934462,0.5933501998798784
1662057958,105,0.5013404975792685,0.5363105732596118,0.5433193006864403,0.5654896834058952,0.5679911726255442,0.5875437270870063,0.5796902423130279,0.5990508973297991,0.5932135560966053,0.6089189264825231,0.6013456948558955,0.6135688899016914,0.6093582962527636,0.6152008347625845,0.6111969328072091,0.615481487700445,0.6152875893032052,0.6131235232738044,0.6146819066808992,0.6076367983176815,0.6105484726003574,0.594828309965578
1662057958,106,0.5018989106312066,0.5370507363575449,0.5440891802883968,0.5663355420627515,0.5688486780097041,0.5883680536304637,0.5805102465930494,0.5999397259232389,0.5940881506392537,0.6098576232846441,0.6022124783971688,0.6145437149424267,0.6102524541291308,0.6163321363002013,0.6122408650320064,0.6166996418405057,0.616356293453174,0.6143944158166781,0.6158379047115161,0.608970144927077,0.6117577219725543,0.5963494185650492
1662057958,107,0.5024818023393124,0.5378445432910911,0.5448646778247076,0.567160490146154,0.5696674008240242,0.5891640257140772,0.5813361088509248,0.6007652550811039,0.5949742521834446,0.6108066289152335,0.6031022921559195,0.6155705438387667,0.6112005159763574,0.6174674003532429,0.6131962365739044,0.6179040500534728,0.6173806981216609,0.6156737234175274,0.6170064269500352,0.6103087776397691,0.6131052188466327,0.5978087482159349
1662057958,108,0.5030414618295569,0.5385152069204625,0.5455601264937173,0.5678683258861246,0.5704390899168835,0.5899472010000093,0.5820973143406188,0.6015529529193369,0.5957627092292528,0.6116999692161308,0.6039530841394664,0.6165857424043134,0.6121485119575122,0.6185960223509547,0.6141514068850145,0.6190317384801475,0.6184078987055227,0.6169025208568489,0.6181023921243045,0.6116381682664951,0.6143822859044085,0.5993362811220254
1662057958,109,0.5035465636190123,0.5391519981144559,0.5462767051349495,0.5686167053968308,0.5712266588821219,0.5906593935603431,0.5828445527571076,0.6022815237476113,0.5965690491943689,0.6125249268465893,0.6048360200539321,0.6175838539504381,0.6130051706117003,0.6196265267091787,0.615093672566951,0.6201140877409596,0.6194035426354022,0.6180629423576542,0.6191859502318033,0.6128946413730582,0.6155773824057478,0.600685974494319
1662057958,110,0.5040890391616611,0.5398195709084803,0.5469627006357759,0.5693499515344869,0.5720453209790798,0.5913376481632715,0.583591180039841,0.6030414971645767,0.5973725585974766,0.6133829691423512,0.6056914540417185,0.6185271826653743,0.613865716182902,0.6207382785965608,0.6160039230352388,0.6212729257141985,0.6203131559063051,0.619212950595706,0.6202627823020737,0.6141671945718625,0.6167740285908365,0.60210996710451
1662057958,111,0.5045926204938883,0.5404909989327755,0.5476722629774431,0.5701830619133952,0.5728719232203406,0.5921398268388446,0.5843636853207838,0.6038554716247605,0.5982103756010229,0.6142841691494197,0.6066037072249817,0.6195022997138688,0.6147523562518105,0.6217887772753024,0.6169764340782726,0.6224097491833198,0.6213160520103682,0.6203989649963959,0.6213141611093085,0.6154606877887878,0.618000924272438,0.6034451460947977
1662057958,112,0.5051156943761469,0.5411957884068748,0.5484040112980798,0.5709342054763304,0.5736845143144992,0.5929126887510945,0.5850939107907457,0.604709632152752,0.5990815812514242,0.6151565329767201,0.6074427000251869,0.6204933614785852,0.6156969997721193,0.6228767375895031,0.6179038433860657,0.6234689272821042,0.6223283999184428,0.6215319422622545,0.6223632566535136,0.6167464498602732,0.6191849221008191,0.6048265708768605
1662057958,113,0.5056373115354811,0.5417926316344749,0.5490734005823427,0.5717136609796997,0.5744953538151318,0.593663327496038,0.5859033406318098,0.6054535741855339,0.5999184215081916,0.6160227439052025,0.608286160706657,0.6213962998433068,0.6165710583583406,0.6238964057170325,0.6187999788995522,0.6245413067269564,0.6233087136676664,0.6226786721280173,0.6234773686552848,0.6180075976471516,0.6203877132984086,0.6061649713249372
1662057958,114,0.5061821815894787,0.5424091986325481,0.549735096704064,0.5724868063871373,0.5752639827256834,0.5943470358374316,0.5866079858364743,0.6062021395525586,0.6007667245521241,0.6169260465410862,0.6091383904307827,0.6223393678554543,0.6174069524411314,0.6248238028536205,0.6196826021059703,0.6255948724973378,0.6242917132475214,0.6237216961470085,0.6245155959329943,0.6192348367350246,0.6215653523869281,0.6074843098006119
1662057958,115,0.5067533482020639,0.5430197880658361,0.550373239205265,0.5732567265187825,0.5760126737068038,0.5950790829083821,0.5873759367482744,0.6070081364321618,0.601557566443879,0.6177074169656839,0.6099630228542853,0.6232069004537274,0.6181881563625877,0.6257949356276442,0.6205750621456965,0.6266308454369911,0.6252287801192176,0.6248053498227797,0.6255594937817801,0.6204870908513503,0.6227557281723508,0.6088515183261363
1662057958,116,0.5073226284599284,0.5437157481203988,0.5510785451871495,0.5739865930941842,0.5768497824381403,0.5958289063427316,0.5880799840194083,0.6077597063276774,0.6023503339422558,0.6185679565976394,0.6107687330459529,0.6241318514615583,0.6190669882085236,0.6267884077019503,0.6214738477038032,0.6276800783975404,0.6261475193894951,0.6259271348709827,0.6265445010262899,0.6216996604124266,0.6239009724421645,0.6101444911831718
1662057958,117,0.5078036032196053,0.5443549631275263,0.5517172591305746,0.5747054184632894,0.5776456726418946,0.5965476141783757,0.5888319136157268,0.6085511704687256,0.6030588689475433,0.6193083029620684,0.6115298147873078,0.6249089579624378,0.6198766205482685,0.6277250720622393,0.6222586031586115,0.6286094804271279,0.6270186217293933,0.6269759261531572,0.6275004718040567,0.6228201038040682,0.6250316628958221,0.6114315073260586
1662057958,118,0.5083304992251857,0.5449605762512647,0.5523497721092452,0.5754305591327771,0.5784152663326451,0.5972246136244945,0.5895885301864535,0.6093082309615524,0.6038546479610786,0.6201250375311812,0.6123025432978204,0.625723409069241,0.6206792894760434,0.6286408803143085,0.6231051200357454,0.6295900100889507,0.6279414840860676,0.62796923225789,0.6284306345508852,0.6239539294968759,0.626075241658117,0.6126710959389483
1662057958,119,0.508843248490732,0.5455814094590905,0.5530651350457065,0.5761234054531895,0.5791497020267262,0.5979748964483786,0.5903271391673116,0.6100229362167164,0.6046691533636375,0.6209703762287385,0.6131286029649875,0.6266060113912074,0.6214857532300134,0.6296245473254367,0.6239878538939713,0.6305522964789979,0.6288777621702698,0.6289920552218872,0.629447110890364,0.6250891591629516,0.6271764183802981,0.6139007865760694
1662057958,120,0.5094128676573475,0.5462272269330871,0.5537003610108303,0.576835138387485,0.5798582542747599,0.5986567038871632,0.5910989141689754,0.6107666582710659,0.6054914224946129,0.6217299135253127,0.6139384462541628,0.6274567626563681,0.6223232026418157,0.6305508913329415,0.6247845129152324,0.6315604623177454,0.6297886407522458,0.6300331626227856,0.6304365012733328,0.6262194610024346,0.6283124142949095,0.6152012845269079
1662057958,121,0.5099848671031917,0.546877634466647,0.5543708815588896,0.5775680650777009,0.5806390509224406,0.5994032184986307,0.59189574745478,0.6115483916179988,0.6063282013778499,0.6225556486087241,0.6146891095181827,0.6283694286342716,0.6232144604161303,0.6314775355234519,0.6256429399589656,0.6325450257453524,0.6306719741665285,0.6311385891644018,0.631401905731975,0.6272988160815304,0.629382451529283,0.6164771643130075
1662057958,122,0.5104459853200858,0.5474107141628278,0.5549770772574187,0.5782335793748994,0.5813151777321143,0.6001085922779743,0.5926165508945445,0.6122539985768769,0.6070442530736845,0.6233083208660957,0.6154498321568023,0.6292248107893103,0.6239947644483471,0.6323951823015231,0.6264608001145104,0.6334872985571953,0.6315356654752254,0.6321212930326148,0.6323635267578805,0.6284372071002009,0.630457656581394,0.6177366011029892
1662057958,123,0.5109596717661409,0.5479996286823753,0.5556355299091569,0.5789268374591227,0.5820823546997957,0.6008499351218011,0.5933269990915004,0.6129747524492287,0.6078503644578047,0.6241330518418104,0.6162418697480568,0.6300434182244602,0.6247821751158491,0.6332876694563269,0.627268774576756,0.6344958168748844,0.6324051075285331,0.6331979116113888,0.6333665061946564,0.6295564051266405,0.6315375621223259,0.6188963812230684
1662057958,124,0.5113946582313448,0.5485607638371686,0.5562826852922617,0.5795950341375958,0.5827406761437651,0.6015217703342802,0.5939857031044765,0.6136788032748259,0.608591001540999,0.6248395356961983,0.617020794007166,0.6308437443295841,0.625516600269201,0.6341793029484808,0.628029186899613,0.6354921311555326,0.6332612033874895,0.6342940653936047,0.6342910186030263,0.630670754331182,0.6325340360360848,0.6201071928631977
1662057958,125,0.5119012677357065,0.5491129208294854,0.5569060532281086,0.5802787339434137,0.5834351439845521,0.6022792376794559,0.5947396524221309,0.6143732684073545,0.60937083368315,0.625669381244228,0.6177828897657628,0.6316158173117286,0.6262694987826379,0.6351671564100412,0.6288922844429519,0.6364832507765931,0.6341553186130469,0.6352511124170934,0.6352195449584418,0.6317686172445638,0.6336354630173789,0.6213553857778524
1662057958,126,0.512439148552825,0.549737937320844,0.5575898229327833,0.5810335384258648,0.5841402438455583,0.6030040258904334,0.5954663089874239,0.6150873608895605,0.6100886468823671,0.6264527387648872,0.6185392187826911,0.632430273203508,0.6270757456426166,0.6360796942402182,0.6297446804541087,0.6374656346740973,0.6349596144953378,0.6362402767616435,0.6361563207545913,0.6328230673793598,0.634643113675101,0.6225104711797685
1662057958,127,0.512937157937115,0.5503504667491244,0.5582386955219718,0.5816736596952331,0.5847628441122049,0.6036664976528677,0.5961002104188743,0.6158378049272261,0.6108586187451949,0.627214504953735,0.6192611606951028,0.6332137235679055,0.6278190543116038,0.6370228142185779,0.6305466329344211,0.6384216402888351,0.6358451163716198,0.6372036171156551,0.6370985068391092,0.633996101003704,0.6357327343149355,0.6236886831929991
1662057958,128,0.5133349031357569,0.5509268611997313,0.5587990486734951,0.5823096822265134,0.5853957213919906,0.6043284568885904,0.5967989804592394,0.6165010940517169,0.611544738057258,0.628012905612459,0.619995762845269,0.6340695444337168,0.6285596035177567,0.6378734730501218,0.6314006616782806,0.6393640201284527,0.6366971050919318,0.6382499632692469,0.6380200681093107,0.635080951956175,0.6367056318738981,0.6248222493913189
1662057958,129,0.5138267082932264,0.5514542937640211,0.5594070102615066,0.5829605751702387,0.586013254635966,0.6050354730400339,0.5974319224168396,0.6171306700405267,0.6121691303524395,0.6287410048297483,0.6207098643101712,0.6348518957461639,0.6293039656522308,0.6387343729560129,0.6321522870852883,0.6402856066212003,0.6374447696383838,0.6391801858616781,0.6388505446401899,0.6360939890753059,0.6376777638284981,0.6259567893400602
1662057958,130,0.5143270926034759,0.5520133296306582,0.56002725341152,0.5836402033027002,0.5866312975077982,0.6057319349276363,0.5981555511066048,0.6178164334196573,0.6128727162351543,0.6293749152367236,0.621426218815187,0.6356041280522853,0.6300342927998036,0.6395800908016507,0.6328661934992218,0.6412120664156596,0.6381973999470432,0.64016035597347,0.6397360552301363,0.6371101696557158,0.6386465645847729,0.6270503025645331
1662057958,131,0.5148329756123823,0.5525510128875675,0.5606437951704146,0.584335411297915,0.5873132860060717,0.6063764266913451,0.5988405739514632,0.6184766663184521,0.6135418475833168,0.6301161092350968,0.6220640231846757,0.6364041578090943,0.6307509063723892,0.6403715598064782,0.6336294438202931,0.6420147903567233,0.6389760315213149,0.641091915164698,0.6405356265072827,0.6380903276911906,0.6396457569210833,0.6281143032196168
1662057958,132,0.5153140209075898,0.553148604676604,0.561291701330321,0.5850655620091435,0.5880393219407576,0.607069986236303,0.5995161717078433,0.6191885906330538,0.6143041955106433,0.6309017256775632,0.6228543515924927,0.637220687268962,0.6315406181706241,0.6412785609431567,0.6343992566077193,0.6429128409440725,0.6397854796813742,0.642108898573511,0.6414471089876177,0.63916694015972,0.6406403044804522,0.6292928868909056
1662057958,133,0.5157493263003871,0.5536317916780028,0.5618560085041754,0.5856944645216433,0.5886796371333001,0.6076931477379538,0.6001841350921591,0.6198569844138513,0.6150089984427107,0.6316490159156601,0.6236018642021055,0.6379614976489162,0.6322401798299796,0.6421387824358983,0.635098471558798,0.6438671399344639,0.6405117402691516,0.6430294736084607,0.6423259475192894,0.6401361476060228,0.6415946465104916,0.6304559568680749
1662057958,134,0.5162157268397329,0.5542026873440705,0.5624350750654419,0.5863465603725141,0.5893357701459957,0.608345540369682,0.6007935722278541,0.6205163419741191,0.6156782204333884,0.6323315836233157,0.6242611558110713,0.6386405016308766,0.6328945274467224,0.6429141130047855,0.6358082394675936,0.6446743697347366,0.6412591145523328,0.643951032345618,0.6432101519102498,0.641150097050638,0.6425215873449476,0.6315427730794437
1662057958,135,0.5166506528356919,0.5547358961681856,0.562967627185577,0.5869616321047771,0.5899010251961306,0.6088856550278764,0.6013635077441644,0.6210791767336138,0.6162476640018408,0.6329570860424694,0.6249215633230409,0.6393243718069509,0.6335080862072718,0.643636912035871,0.6364810617014461,0.6454410333429726,0.6419612123247419,0.6448297092323622,0.6439727360640802,0.6420451683317941,0.6434167607284894,0.6325662241874147
1662057958,136,0.517113752981673,0.55530324168959,0.5635346343222034,0.5876121059623581,0.590536985090401,0.6094635087684641,0.601970435139046,0.6217142952387067,0.6168738610379926,0.6336832734941008,0.6255679376947656,0.6400525095438226,0.6341453401946792,0.6444040234681734,0.6372205376147604,0.6462380918281174,0.6426699615283945,0.6456834265903489,0.6447253403922227,0.6429786233190279,0.6443077209894955,0.6336653711102441
1662057958,137,0.5175431285685133,0.5558181819296032,0.5640449513943745,0.5881528881785651,0.5910833817969895,0.6099906422757102,0.6025317332258043,0.6222279963255458,0.6174841755183058,0.6342088862224516,0.6261877170523229,0.6407124126811565,0.6347484720925942,0.645085478858713,0.6378018356337484,0.6469971632674698,0.6433349654707939,0.6464630927554545,0.645455620670827,0.6438570860401996,0.6451449221629765,0.6346488892375141
1662057958,138,0.5180137347160523,0.5563551655454281,0.5646117521375321,0.5887834774578121,0.5917076408483694,0.610542075952201,0.603137216967874,0.6227753179073297,0.6181026794133787,0.6348026242944349,0.6267601863580005,0.6413682273966702,0.6353821032561546,0.6458139413208348,0.638457144108661,0.6477856907328385,0.6440143625609747,0.6473330583469914,0.6462136449196273,0.644788826307189,0.6459903706110172,0.6355776964175119
1662057958,139,0.5185434055576461,0.5568958987792555,0.5651873094757339,0.5893433855048443,0.5923256357553535,0.6111544313369722,0.6037327807135536,0.6233443603609262,0.6186999019707917,0.6354533533780817,0.6273371026963166,0.6420260819301908,0.6359957454236427,0.6465594043109899,0.6391057416848822,0.6485985084822747,0.6446996881547737,0.6481295024428783,0.6469897543471393,0.645642834233998,0.6468478143352164,0.636600047474404
1662057958,140,0.5189980450244073,0.557421111337659,0.5657480480228361,0.5899504659558391,0.5929210093910791,0.6117019681686796,0.6042715617016684,0.6238099236000336,0.6192268251436247,0.6359610564064431,0.6278643990548952,0.6426274632092783,0.6366072178178634,0.6472264533384506,0.6397576669825012,0.6492605874521751,0.6453335452223035,0.6488833851062044,0.6476876116914737,0.6465086294781536,0.6476165489283615,0.6375298343667918
1662057958,141,0.5194274795751708,0.557933515178472,0.5662790995390755,0.5905266066113273,0.5934888841651229,0.6122191120788876,0.6048095478820162,0.6243156245701721,0.6198829260276125,0.6365344984759901,0.6283895749265682,0.6432491927421521,0.6372338341517555,0.6479301867098236,0.640377420954824,0.6499567418162245,0.6460259930179565,0.6496173451919703,0.6483687228743203,0.6473597622080073,0.6484327318867892,0.6385083577907303
1662057958,142,0.519888705079102,0.5584517093324788,0.5667704489044924,0.5910760085658777,0.594053490618803,0.6127523262317587,0.6053464604265675,0.6248641627280263,0.6204910598677279,0.6370407399480419,0.6289247955198237,0.6438402896600491,0.6378111249986698,0.6486520922191701,0.6410251028461086,0.6507370982675501,0.6466894727444509,0.6503584093765853,0.6490644817608531,0.6482861149771605,0.6492918133433292,0.6394932013371473
1662057958,143,0.5202941630613531,0.5589271361666626,0.5672631457200343,0.5915387609619832,0.5945591223485606,0.6132261240564489,0.6058626538435119,0.6253386861648134,0.621083643080117,0.6375654401848676,0.6294698501062367,0.6444052127873805,0.6383377767392543,0.6492679094895534,0.6416141158815997,0.6514566367223574,0.6473187210740732,0.651098209153788,0.6496970832039256,0.6491220139108644,0.650095727461188,0.6403759115538143
1662057958,144,0.5206995284470937,0.55945280506348,0.5677950587225628,0.5920819573876622,0.5951618018824802,0.6137431902349835,0.6064127813692293,0.6258704605453408,0.6216280585639791,0.6381513586880474,0.6300382349648785,0.6450275888767619,0.6389110439463055,0.6500183070737601,0.6422217674605174,0.6521696797544754,0.6479538055392308,0.651857759867163,0.6503774522150394,0.6499769120980605,0.6509091735930372,0.6413673401804121
1662057958,145,0.5211166727944901,0.5599564586777218,0.5682982117370498,0.5926060813099453,0.5957170856264421,0.6143133411885275,0.6069752966686836,0.6263856359957038,0.6221545427437403,0.6386970606712429,0.6305654871330182,0.6456601981940773,0.6394874051514248,0.6506712138012096,0.6428065624647169,0.6529090756443624,0.6485975004270176,0.6525923588453443,0.6510206444926308,0.6508562065201973,0.6516879499969602,0.6422622959362398
1662057958,146,0.5215373034940649,0.5604517753245245,0.568761407378698,0.5931161249587408,0.5962216346579599,0.6148863201162043,0.6074599512595127,0.6268207240228039,0.622712917609255,0.6391967595281443,0.6310904045184433,0.6462088112404443,0.6399986544037226,0.6512892997493971,0.6433678204675544,0.6535679002832653,0.6492102384925642,0.6532826798757451,0.6517062045789377,0.6516694019457092,0.6523930912256772,0.6430941008829182
1662057958,147,0.5219510690683796,0.5609297870772858,0.5692357204824672,0.593629795130209,0.5967881401574147,0.6154263737230263,0.6079822744310553,0.6273047208976782,0.623247703917433,0.6397302099414193,0.6316181749334777,0.6467730909003683,0.6405674854947436,0.6519103989509497,0.6439183010959401,0.6542049109123962,0.6497915092491535,0.6540441380145374,0.652339602619656,0.6524729613111302,0.6531131972560663,0.644009967348538
1662057958,148,0.5223813667584133,0.5613973683195411,0.5697328383710719,0.5941081602969773,0.5973498265287367,0.6159412602931199,0.6084799538015053,0.6278196171152262,0.6238237649957908,0.6402629751739818,0.6322046166727554,0.6473802322177773,0.641123524246268,0.6525418248405404,0.6444831827041548,0.654941378285346,0.6503796740237845,0.654783393501805,0.6529930883784464,0.6532642435904127,0.6539103644825247,0.6449412534858762
1662057958,149,0.5228256098502372,0.5618851560708362,0.5702013084740912,0.5945660178764314,0.5978918590282853,0.6164734645488716,0.6090081414788316,0.6283121067379486,0.624398010073594,0.6408347931724044,0.6327660010852301,0.6479966913444737,0.6416901302106958,0.6532005551238802,0.6450799244283244,0.6556758486740867,0.6510005133149156,0.6554730019456382,0.6537059815555978,0.654027155542308,0.6546421755537011,0.6458476429491885
1662057958,150,0.5232339853916548,0.5623823916267876,0.5706551367083648,0.5950910922676518,0.598456328883665,0.6169773038927603,0.609531525480648,0.6288145411804215,0.6249399714549577,0.6413807964626536,0.6332756835418241,0.6486096885232139,0.6422539389359976,0.6538082444798925,0.6456412839672013,0.6563375591190217,0.6515876080933591,0.6561268295413204,0.6543077827218537,0.6548179553913749,0.6553519155962275,0.6466946520023507
1662057958,151,0.5236847679895206,0.5628847172823163,0.5711477119764078,0.5956523020347934,0.5989724563136863,0.6175061618705177,0.6100885652474395,0.6292878028601755,0.6255003305420277,0.6419304099221544,0.6338144772404161,0.6492593245377832,0.6428505899994496,0.654461260974746,0.6462558122854883,0.6570561131927134,0.6522108507857115,0.6568270411734715,0.6549811210184141,0.6556269150726608,0.6561111911133399,0.6475849303971342
1662057958,152,0.5240790799305375,0.5633586158747552,0.5716351868463031,0.596142055773301,0.5995207327150047,0.6180194998873222,0.6106018209616055,0.6298004056400762,0.6260444790087889,0.6424567737032111,0.6343517049697538,0.6497874587400413,0.6434294482322842,0.6551214268986209,0.6468351899394191,0.6577014170890243,0.6527875051367821,0.6575067164805641,0.6556185348351148,0.6563813193465571,0.6568207075282025,0.6484389153767637
1662057958,153,0.5244970459008891,0.5638090346540764,0.5720693729035006,0.5966399489020694,0.6000415390178683,0.6184709800299937,0.6111396451788674,0.6302917663301293,0.6265831606199135,0.6429957369005308,0.6348755996955634,0.6503320103403072,0.6439760467475827,0.6557403136442778,0.6474432103460139,0.658342401130827,0.6533826862959102,0.6582411600634992,0.6562248440640633,0.6571598835151556,0.6575291801997714,0.6493212458632461
1662057958,154,0.5249256662236261,0.5642773186850091,0.5725494386396074,0.5971613601745412,0.6005615784601596,0.6189364954581981,0.6116118790117614,0.6307781086347118,0.6271235690679903,0.6435268828224919,0.635404956893497,0.650896475701278,0.6445545261555672,0.6563726970703715,0.6480373375260454,0.6590358470343358,0.6539791331160654,0.6589213615701737,0.6568854283991553,0.6579089829656534,0.6582317229408153,0.6502076548252352
1662057958,155,0.5253205900753166,0.5647742260474866,0.5730479551295766,0.5976700853913839,0.601110385899724,0.6194742729003551,0.6121264973283032,0.6312909454800523,0.6276407549540814,0.6440620082818539,0.6359534829555764,0.6514812818728148,0.6451637277550435,0.6570776268074239,0.64860863230248,0.6597130329513787,0.6546068827676232,0.6596675342120728,0.65755346778933,0.6587044775634342,0.6589623037528335,0.6510666475283081
1662057958,156,0.5257362834182581,0.5651969521816722,0.5735002550970983,0.5981418813464822,0.601626324728919,0.620010537555244,0.6126334416150552,0.6317985529428732,0.6281854846521961,0.6445980767616231,0.6364691440146901,0.6520550923623714,0.6457293301386997,0.657733424608582,0.6491631846450922,0.6603511298541103,0.6551924099464188,0.660382882446521,0.6581717718377109,0.6594924644101876,0.6596784054386271,0.6519283510824944
1662057958,157,0.526167001866818,0.5656971797733402,0.5739077564120731,0.5986646182113948,0.6021880967494052,0.6205300779079661,0.6131855315458011,0.6323117259804271,0.6287778197854896,0.6451037872715207,0.637011925496263,0.6526379030890997,0.6462756954846106,0.658376055532888,0.6497350038261479,0.6610500810950859,0.6558474824160293,0.6611286895857653,0.6588982405066879,0.6602749585968545,0.6604875223726716,0.6527713236226002
1662057958,158,0.5265835006254191,0.5661626472285485,0.5743985721102395,0.5991687823934688,0.602755776226422,0.6210688131064892,0.6137359466677436,0.6328388607913757,0.6293578747015044,0.6456357754612532,0.6375672312265335,0.6532627536082485,0.6468170045984512,0.6590775041473205,0.650298256371889,0.661697675481339,0.6564666317381338,0.6618467239622134,0.6595626423399709,0.661044625274584,0.6612659396855795,0.6536054854091898
1662057958,159,0.5270021527587468,0.5666164514699957,0.5749069751601104,0.5996460119048562,0.6032994182746355,0.6215664501235314,0.6143156080553412,0.6333889343870605,0.6298828470485239,0.6461497194338092,0.6381155519790648,0.653871295969214,0.6473863544559255,0.6596919817789064,0.6508575921311572,0.6623857023448015,0.6571075624297397,0.662521932846811,0.6602532725681931,0.6617924660308188,0.6619812350403861,0.6544478994893468
1662057958,160,0.5274798505583075,0.5670779636470489,0.5753589119301487,0.6001563680631349,0.6038126521702628,0.6220618021156914,0.6148651981361767,0.6339350180505416,0.6304839014356477,0.6467383091260179,0.6386795818990849,0.6544428469481991,0.6480063071950298,0.6603738141214004,0.6515185542775584,0.6630729997481319,0.6577601586768532,0.6632204474855176,0.6609027369658299,0.6625621799177231,0.6626865397531693,0.6552968369574342
1662057958,161,0.5278924278460695,0.5675389574124028,0.5758127958341133,0.6006463048145381,0.6043742644071898,0.6225843744834229,0.6153865809098641,0.6344461589083842,0.6310284715157084,0.6472692656873885,0.6392994418750662,0.6550633554973716,0.6486175157261074,0.6610187566063209,0.6520969968258371,0.6637574954202259,0.658356934010057,0.6639543487907988,0.6615866329521592,0.6633152923520249,0.6634571310720139,0.6561047228643495
1662057958,162,0.528338520985374,0.568026391208044,0.5762636674678765,0.6011395214093002,0.604874786352692,0.6230639589299651,0.6158613627200088,0.634990635277485,0.6316067417710156,0.6477926307355687,0.639848164006505,0.6556217875166747,0.6491623574432183,0.6616453718991989,0.652695506073336,0.6643739421283988,0.6589411592769834,0.6646341021008695,0.6621973049085242,0.6640124648758124,0.6641275157002916,0.6569036713650935
1662057958,163,0.528735359849353,0.5684576251369435,0.576731412371819,0.6015968123500832,0.605359380641599,0.6235088151232067,0.6163740997263446,0.6354946940318611,0.6321300154056697,0.6483196179435105,0.640369293116174,0.6561800634872235,0.6496742455419617,0.6622810383555336,0.653240315571573,0.6650114113210813,0.6595411366407192,0.6653057724132923,0.662802286693797,0.6647155050262864,0.6648280472811388,0.6576742743857434
1662057958,164,0.5291291509590438,0.5688700340533756,0.5771821906784259,0.6021207082610663,0.6058685248929561,0.624008909575285,0.6169112994546955,0.6359956772894906,0.6326942608902203,0.6488319876482286,0.6408835550659259,0.656693392662245,0.6502019039584234,0.6628464977034961,0.6537569801229035,0.6656267725467954,0.6601488990500685,0.6659695075877801,0.6634078255189403,0.665425585285993,0.6654931596331327,0.6584715706530754
1662057958,165,0.5295395394631395,0.5693252735566563,0.5776437873826842,0.6026316392028758,0.6064122036416554,0.6245398320371034,0.6174648847640201,0.6365173012977564,0.6332679494126896,0.649382668936023,0.6414554409852873,0.657271226241086,0.6507358871224206,0.6634564942515577,0.6543169924414153,0.6662552822321104,0.660705790165953,0.6666005195095952,0.6640299392209391,0.6661374894100944,0.6661888806628963,0.6592548777168038
1662057958,166,0.5299831683378633,0.5697522690881062,0.5780747876064749,0.6031209886983077,0.6069344121511654,0.6250618290473623,0.6179915700076775,0.6370495836085506,0.6337641726337808,0.6499287385458212,0.6419938843612213,0.6578011314842107,0.651287207431017,0.6641114875082565,0.6548740508166492,0.6668875990908475,0.6612784780293198,0.6672987812217723,0.6646321664797044,0.666868633125399,0.6668724263184886,0.660023689755243
1662057958,167,0.5303639216403897,0.5702181398264675,0.5784905715393157,0.6035760734429051,0.6074541371459079,0.6255383616110907,0.6185069203378148,0.6375868027189681,0.6342645076734282,0.6503865746803764,0.6424683166619494,0.6582965376442145,0.6517670728562185,0.6646774455454802,0.655398295843876,0.6674985182016121,0.6618184167304716,0.6679321233278553,0.6652208973037051,0.6675741791540755,0.6675306929588058,0.660781283541556
1662057958,168,0.5307608812981998,0.5706117494432916,0.5788854140430415,0.6040284890717263,0.6079119541360327,0.6260362070275176,0.6190073901275731,0.6381111297680016,0.6348058617284543,0.6509164197960269,0.6430160595847776,0.6588992367999168,0.6523599134053756,0.6653153747436343,0.6559452846708325,0.6681483902435125,0.6623924063790575,0.6685809136012729,0.665872832635699,0.6683225489843323,0.668248088001887,0.6616095665871085
1662057958,169,0.5311419656336767,0.571023304498502,0.5792753354638619,0.604516038329643,0.6083939116494673,0.6265187219411821,0.6195098856956351,0.6386051578795197,0.635343789913257,0.6513895712729371,0.6435434104718477,0.6594731934430855,0.6528873663099943,0.6659442641405016,0.6564949907077093,0.6687610130161618,0.6629208543244051,0.6692245097888234,0.6664790490019916,0.6689639480982971,0.6689495414461993,0.6623808532612934
1662057958,170,0.5315484450853635,0.5714737242390869,0.5796984497770228,0.6049857521717443,0.6089262520556875,0.6270454399541698,0.6200262239057323,0.6391331295342417,0.6358776118960723,0.6519435815632608,0.6440694958194848,0.6599937279924144,0.6534199726402188,0.666515381234351,0.6570794668299692,0.669418036713468,0.6634756799201924,0.6698773254579307,0.6670796149876288,0.6697071910789335,0.6696234820013137,0.6631677589178565
1662057958,171,0.5319545891286299,0.5719029193614826,0.5801995894502158,0.6055052064998643,0.6094646405283631,0.627597174168455,0.6205706455431389,0.6396561535088947,0.6364442225256421,0.6524830111828419,0.6446539907825142,0.660576664845165,0.6539497864522499,0.6670972480595606,0.6576438507625512,0.670050928401237,0.6640208250175155,0.6705340436698889,0.6677021240869784,0.670391662137461,0.6703423195719127,0.6639454609994889
1662057958,172,0.532334777506819,0.5723315168898009,0.5806675674039827,0.6059683446804106,0.6099372184789125,0.6281144261802165,0.6211055639403092,0.6401669943554229,0.6369996075544786,0.6530081144457048,0.6452002057898405,0.6611406204544167,0.6545076077809646,0.6676706405843338,0.6582304709541502,0.6706503466602105,0.6645935553026029,0.6711894711357296,0.6682922567179449,0.67105621538035,0.6710178982492244,0.6646867855197365
1662057958,173,0.5327222177197645,0.5727716595579061,0.5810976204538185,0.6064329227900764,0.6103815242431464,0.6285934262931773,0.6215763055765715,0.6406224294539026,0.6375133880713558,0.6535191397857811,0.645714628193786,0.6616832548530697,0.6549898257937119,0.6682609410934567,0.6587933240900844,0.6712163866596331,0.6651184143670567,0.6718203360860875,0.6688702287631338,0.6717189094648508,0.6716531520142405,0.6654743781310617
1662057958,174,0.5330627440876154,0.573175380238686,0.5815101852146716,0.6069100136356136,0.6108798300035608,0.6291245800993384,0.6221152185220462,0.6411182264631264,0.6380200568005814,0.6540351476515961,0.6462248264667935,0.662224718385497,0.655548527054582,0.668858690459992,0.6593803467672595,0.6718815892196626,0.665680424836696,0.6724741063269054,0.6695221359180203,0.672456494865656,0.672327183314564,0.666221796330447
1662057958,175,0.5333945812394306,0.5735668109910408,0.5819122779663456,0.6073658203101574,0.6113532508965303,0.6295712246782685,0.6226019165957039,0.6415685380860429,0.6385314894995022,0.6544862492054164,0.6467212780503017,0.6627638317521618,0.6560627031435528,0.669440253307267,0.6599342744401935,0.6724681866701848,0.6661846792280846,0.6730976168487711,0.6700675246171006,0.6730501217362103,0.6729488947791358,0.6668592057761733
1662057958,176,0.5337777436441487,0.5739526011097457,0.5823567882247883,0.6078748826523993,0.6118332175758084,0.6300495245037054,0.6231081277047191,0.6420375836697934,0.6390683554544692,0.6549589378801871,0.6472194819914365,0.6632276505293044,0.6565526709458789,0.6700082906556964,0.6604232336800971,0.6730130570671877,0.6666824879217835,0.6736742106227246,0.6706262736507889,0.6736603769624717,0.6735101147907586,0.6675773826333182
1662057958,177,0.5341390264044014,0.5743425699170922,0.5827621241723574,0.6083127356519421,0.6123127413438748,0.6304809161355382,0.6235891714775357,0.6424752412786546,0.6395557541407625,0.6553764810290255,0.6477037557743471,0.6636753188786704,0.6570380510443037,0.6705352835792011,0.6609507804351198,0.6735546167028816,0.6671760946416619,0.6742656339603471,0.6711746773504242,0.6742862672163176,0.6740808833120597,0.6682843613675249
1662057958,178,0.5344950706503949,0.5747279212209655,0.5831881397518487,0.6087834019917383,0.6127984329469786,0.6309510894942736,0.6240487737234678,0.6429327436917437,0.640045458876178,0.655836263146426,0.6482144255286635,0.6641424837205528,0.6575045350393697,0.6710209805118299,0.6614686263948254,0.6740966946803021,0.6676884458611104,0.6748501762604485,0.6716978168608189,0.6748848434880796,0.6746990082814582,0.6689758499130726
1662057958,179,0.5348539376539878,0.5751171749131947,0.5835859439821132,0.6092075350281816,0.6132414101044572,0.6313616022745981,0.6244983159550652,0.6433539439858653,0.6405158557251196,0.6562693327467357,0.648681632723894,0.6646426546232791,0.6579386033003622,0.6715239985197476,0.6619513721178817,0.6746231008471114,0.6681746697691303,0.6754190413162051,0.6721933014363043,0.6755069840610224,0.6752825541762485,0.6696750902527075
1662057958,180,0.5351668392429034,0.5754878776854262,0.5839746639427607,0.6095877760053733,0.613694624017015,0.6317722180244218,0.6248941221466618,0.6437214899392718,0.6409159600369407,0.6566828981613635,0.6490655229992818,0.6650537784867396,0.6583526898571815,0.6719537962107855,0.6623622888273212,0.6750872209628821,0.6686305375982985,0.675898795697721,0.6726361719792162,0.6761126503045738,0.6758738421067361,0.6703385759195515
1662057958,181,0.5354802260411125,0.5758169128216594,0.5843080656675128,0.6099965165214755,0.6140765001570117,0.6321553362391699,0.6253175601178353,0.6441030645797956,0.6413519978514683,0.6570350727379074,0.6494760171084716,0.6654404141953374,0.6587429512902091,0.6724031966365648,0.6627510388976067,0.6755663899519967,0.6690199087059596,0.6764040946411483,0.6731186780778806,0.6766608330384051,0.6764115161666336,0.6710216332829442
1662057958,182,0.5358201533165852,0.5762039153022277,0.5847116111157753,0.610406992889572,0.6145462085559474,0.6325536188268117,0.6257619468936738,0.64447560247661,0.6417980055374061,0.6574608751168235,0.6498933020635649,0.6658737744498805,0.6591805893711695,0.6728672637076634,0.6631913338948853,0.6760942650666436,0.6694698132024972,0.6769543528421876,0.6736131805395511,0.6773058609596264,0.6770493799710491,0.6717186348199697
1662057958,183,0.5361476487959653,0.5765745306836266,0.5850951478474459,0.6108111480731637,0.6150142243497194,0.632910617131705,0.6261806026756734,0.6448904052964771,0.6422671241580886,0.6578634434900376,0.6503383702349805,0.6663647920620742,0.6595898175585502,0.6733549325071695,0.6636096128251747,0.6765535187430639,0.669897596610196,0.6774917156524735,0.6740564010032513,0.6778463494964704,0.6775655785876398,0.6723440196025807
1662057958,184,0.5364852730212847,0.5769246914616741,0.585475200125569,0.6111997313407774,0.6154249086522141,0.6333125572634722,0.6265853540570828,0.6452696721700437,0.6427144893467128,0.6582554763043296,0.6507612619682939,0.6667765547374914,0.6599740648943432,0.6737893908809175,0.6640224326800583,0.677017590608608,0.6702632385847208,0.6779833128310331,0.6745313064649776,0.6783750314835026,0.6780645311422032,0.6729329483524547
1662057958,185,0.5368169781737072,0.5772864964704442,0.5858838185007272,0.6115968205633221,0.6158384141844808,0.6337219513191303,0.6269757457902869,0.645665714408893,0.643135234974711,0.6586566585055378,0.6511478147612814,0.6671988418609189,0.6603920518621216,0.6742965280787463,0.6644609683985051,0.6774995632018551,0.6706762089097745,0.6784534849684711,0.6749895054991185,0.6789118393853513,0.6786034712405294,0.6735586228491945
1662057958,186,0.5371606890892399,0.5776764588258978,0.586264571558052,0.6120187537859194,0.6162923853707108,0.6341402588914377,0.6274273893383092,0.6460649458393479,0.643585083996631,0.659044950768378,0.6515006459196026,0.6676253901020381,0.6608405260159805,0.6747758690575171,0.6648814730758502,0.6779801899933467,0.6711170121050118,0.6789312400302242,0.6754906235584167,0.6794936550021983,0.6791278144445859,0.674176892598601
1662057958,187,0.5375047646156409,0.5780294761908397,0.5866046619378933,0.6124204606625699,0.6167280323719997,0.6345076249563945,0.627827285881877,0.646442397873354,0.6440402234576675,0.6594443549013472,0.6518912325235694,0.6680505190681153,0.6613106924484939,0.675259062646895,0.6653450704130501,0.6784868792923631,0.671570161406546,0.6794474347848145,0.6759789741833033,0.6800443305675741,0.679664283722816,0.6748008963089437
1662057958,188,0.5378570139884998,0.5784200461936668,0.5869761904336596,0.6128062831246639,0.6171420749995087,0.6348628212433707,0.6282405678998672,0.6468182906199705,0.644482929242949,0.6598520141403352,0.652263596853972,0.6684487966603372,0.6617097640836201,0.6757351062936637,0.6657244688889405,0.6789587043623184,0.6720033064376395,0.6799500997647445,0.6764793227072419,0.6805898177440127,0.6802138020102998,0.6754017384252354
1662057958,189,0.5382019821613474,0.5787713904580667,0.5873531158561802,0.6132277797545197,0.6176163690226322,0.6352491294561651,0.6286252670267447,0.647180433008659,0.6449089565956327,0.6601880614557971,0.6526111428722461,0.6687946627078521,0.6621212706763877,0.6761636902263214,0.6661689274819994,0.6794168744466788,0.6723756751462234,0.6804167949327885,0.6769250690416,0.6811022135512103,0.6807250778369912,0.6759986655881206
1662057958,190,0.5385338188052619,0.5790898726961808,0.5876898399975254,0.6135533717174306,0.618000830722596,0.6355370312272158,0.6290030445099399,0.6474682845136517,0.6451919720382309,0.6605154898833011,0.6529309483935681,0.6691541211352621,0.6624480246035289,0.6765376100817908,0.6665258562408035,0.6798764079201446,0.672746554489658,0.6808659841190584,0.6773457971180996,0.6816173903821766,0.6812102037479729,0.6765705296740298
1662057958,191,0.5388694334639853,0.5794217233311106,0.5880239173521242,0.6139047850967977,0.6183669809375908,0.6358555446788816,0.629359283798117,0.6478034515149664,0.6455632327194581,0.6609153138833785,0.6532397128616647,0.6695284969105508,0.6628047636023017,0.6769724496824397,0.6668953112548082,0.680405634986534,0.6731498140000818,0.6813542059981512,0.6778317899640485,0.6821748649780813,0.6817445354969074,0.6772084935347281
1662057958,192,0.5391871221979682,0.5797269418324797,0.5883280598466404,0.6142765878179833,0.618736532057202,0.6361731452718776,0.6296984754988385,0.6480798124282876,0.6459111675482047,0.6612412283463465,0.6535765259004281,0.6698504358716032,0.6631123103993507,0.6773500685640724,0.667215441608597,0.6808493287017603,0.6734861245207511,0.6817955828645791,0.678213459897014,0.6826994217530014,0.6822131765454902,0.6777759703915149
1662057958,193,0.5395034763441987,0.5800298674582601,0.5886340531654677,0.6145901620089933,0.6191042111550129,0.6364952847609407,0.6300443748822767,0.6483961575119093,0.6462639794364334,0.6615328800868966,0.6538815733094718,0.6701925289593849,0.663427327810797,0.6777074616010019,0.6675192043928567,0.6812938621198762,0.6738095973461201,0.6822021530148255,0.6785996573028893,0.6831398067619822,0.6826689136136188,0.6783195139425698
1662057958,194,0.5398438331716242,0.5803491444709776,0.5889784371546011,0.6149680144923648,0.6194864921708859,0.6368234076271868,0.6303957963140717,0.6487187620903141,0.646623756780313,0.661830180366931,0.6541942949729393,0.670594062319592,0.6637473201155996,0.6780864868046257,0.6678462341403207,0.6817013555000272,0.6741851290542312,0.6826393691355215,0.6790223366255052,0.6836245539296172,0.6831236308463026,0.6788360321871751
1662057958,195,0.5402069623209745,0.5806877503880274,0.5893169210103137,0.6153348875958229,0.619894129322389,0.6371757199227605,0.630762987886655,0.6490451618736397,0.6469970658451895,0.6621287368495832,0.6545309334831625,0.6709385205229382,0.6640961059481755,0.678478415771674,0.6681862703943133,0.6821154330515425,0.6745469066516838,0.6830914754514789,0.6794695271985172,0.6841019613414879,0.6835855242622096,0.6793918140740406
1662057958,196,0.5405456112425662,0.5810258995714815,0.5896710123895079,0.6156924485855126,0.6202991061255331,0.6375085883568438,0.6311260042594823,0.6493765838129392,0.6473494317549033,0.662472221698687,0.6548849117348224,0.6712826764489693,0.6644334083226103,0.6788978289661931,0.6685412558105268,0.6825302113121297,0.674904992640999,0.6835421810399922,0.6799029451424596,0.6845783523719285,0.6840795423198244,0.6799202931949372
1662057958,197,0.540848432984568,0.5813378155328841,0.5900304585574824,0.6160348728535283,0.6206690739737657,0.637844896177956,0.6315051522139455,0.6497001662499409,0.6477112186107881,0.6628194643265812,0.6552406234564561,0.671656366784617,0.6648356870137104,0.6792940194769412,0.668908192614684,0.6829043408665026,0.6752773424897942,0.684008127964297,0.6802878540375807,0.6850494807725828,0.6845206005454157,0.6804321134710184
1662057958,198,0.5412035305621067,0.5816811384773772,0.5904059908971335,0.6164149682536048,0.6210749506652453,0.6381962518307074,0.6318681738041994,0.6500204801774779,0.6480604466289966,0.6631545070383119,0.6555904100190894,0.6720139858835183,0.6652512871134313,0.6797328502894786,0.6692428016204358,0.6833499549266487,0.6756628920385112,0.684466824232587,0.6807233615646008,0.6855705489111584,0.6850070260153376,0.6810057590428675
1662057958,199,0.5415014793554711,0.5820003383553651,0.5907115123936364,0.6167828058097556,0.6214527004934841,0.638515176841305,0.6321948505013524,0.6503202774007726,0.6484175558339088,0.6634302821301538,0.6558757181086358,0.6723167512484763,0.6655667304704194,0.6800620093161637,0.669564766152988,0.6837159941256108,0.6759485868600834,0.6849185900959757,0.6811095609016453,0.6860477772963549,0.6854345609332871,0.6814675341276951
1662057958,200,0.5418199563428764,0.5823012341533037,0.5910400050373604,0.6171377298295694,0.6218512299555032,0.638881286206028,0.6325447065737554,0.6506103601712703,0.6487813785576358,0.6637574510956259,0.6562007807908655,0.6726525900428175,0.6659237259675929,0.6804300646461255,0.6699065989421543,0.6841193014860213,0.6763220972210562,0.685367727310889,0.6815324070187221,0.6865005037360423,0.685906095206112,0.6820157837293258
1405681632,1,0.5758962303752834,0.510746368902695,0.5165813113928301,0.4052976240450004,0.42380992360003356,0.2909075644362354,0.3636134665435312,0.22525396692133323,0.2727730669129376,0.15955839140290487,0.2208042985475611,0.12223994626815549,0.16677860800940308,0.09277138779279658,0.13995466375619176,0.08462765510872303,0.11699269582738644,0.0739232642095542,0.09487028796910418,0.06666106959952985,0.07157249601208966,0.05473931659810259
1405681632,2,0.5528293174376626,0.5255855931491898,0.522878011921753,0.45510452522878014,0.4622617748299891,0.3574007220216607,0.41392410376962474,0.2920619595332046,0.3359709512215599,0.22229451767273947,0.2851985559566787,0.18052640416421795,0.2301024263286038,0.1430820250188901,0.20113760389555874,0.13086642599277978,0.1734531105700613,0.11516665267399882,0.1427462009906809,0.1036646797078331,0.11300478549240198,0.08731424733439677
1405681632,3,0.5231018946072259,0.5176027761452998,0.5144824112165225,0.4699997201466431,0.47177678896258357,0.38966781406542966,0.4346402485097809,0.3297931883692945,0.3680211569137772,0.26076735790445804,0.32083788095038196,0.21822964766462372,0.2687291859065849,0.1788402876892508,0.23982033414490808,0.16403604511236108,0.21137324042201885,0.14763663840147762,0.17790277894383344,0.13209078442895922,0.14467019281896284,0.1142221475946604
1405681632,4,0.49846780287129544,0.5041453278482075,0.49954873646209386,0.4732810007556041,0.47442490135169174,0.40837251280329107,0.4436760137687852,0.35406347074133154,0.38706867601376876,0.28895558727226933,0.3448178154646965,0.2476807153051801,0.29667953992108137,0.20779111745445386,0.2681659810259424,0.19245865166652673,0.2386974225505835,0.17399882461590127,0.20633238183192007,0.15618965661993114,0.16959113424565528,0.13691125850054572
1405681632,5,0.4782553941734531,0.4920325749307363,0.48876668625640163,0.4740743850222483,0.47228612207203424,0.4190832004029889,0.4482830996557804,0.37151372680715306,0.39946268155486525,0.3094114683905634,0.36168247838132817,0.2698933758710436,0.31486860884896317,0.2298967341113257,0.2884644446310134,0.21423893879607087,0.2605742590882377,0.19440852993031654,0.22726891109058853,0.1769456804634372,0.19086558643270926,0.1558391402904878
1405681632,6,0.4636960232837993,0.4821733411692273,0.47988553997705197,0.47342092743402453,0.47112612990792824,0.4280217166204908,0.45183024095374025,0.38637953712254774,0.4104959001483223,0.32795315254806484,0.3762908236084292,0.28854979990484986,0.33239582458791594,0.25044776537094565,0.3063414770660174,0.23436319368650826,0.2796574594912266,0.21446562001511207,0.2468656424033806,0.19495284470937227,0.20933730725100047,0.17295637086166846
1405681632,7,0.45312256377658106,0.4743754272761074,0.4729181908679851,0.47191071878335744,0.4701896206387853,0.4347182076591865,0.4536442903918347,0.3966321647456732,0.4189404751909999,0.3427204145028005,0.38707917051465035,0.3047722993151588,0.3468582462789498,0.26810151480624145,0.32207323362558016,0.25165813113928304,0.2964306703287477,0.23188049462081867,0.26461734051357083,0.21206088009882815,0.22602156470009713,0.18870311956534774
1405681632,8,0.4456070019309882,0.46955545294265805,0.46858471161111576,0.4720583914029049,0.46941902443119804,0.4408215095290068,0.45679938712114854,0.4069242716816388,0.42630761480983964,0.35589476114515994,0.39703320460078917,0.3195155738393082,0.3599036604819075,0.28378704558811185,0.33577155570481065,0.2678616405003778,0.3113298631517085,0.24802178658383006,0.2800300142725212,0.22753127361262698,0.24178805306019646,0.2028009822852825
1405681632,9,0.4393231280142538,0.46469649903450594,0.4636983553951063,0.4706340544221495,0.468017425535686,0.44556852209442255,0.4581572589296542,0.41574081847778427,0.4322801518670883,0.367974514687637,0.4066269274899953,0.3330068377503521,0.37117883562346665,0.29822572971762795,0.348422093489678,0.2822927452681462,0.32518027220403173,0.2628009589641695,0.29430778272185376,0.2425209190384239,0.25626171885931776,0.2166997826472262
1405681632,10,0.4345856771051969,0.4611115775333725,0.4601334900512131,0.4701746284946688,0.4671480144404333,0.45033162622785666,0.45964234740995713,0.42253379229283855,0.4372302913273445,0.37857022919989924,0.4136554445470574,0.34471077155570484,0.3809419863991269,0.31096465452103095,0.3594114683905634,0.29533624380824447,0.33704558811182944,0.27569053815800515,0.3067962387708841,0.2550499538241961,0.26929728822097226,0.22970363529510537
1405681632,11,0.43149189824531947,0.458960777279978,0.4584799383304966,0.47010021294296334,0.46686790667144956,0.45432029979926875,0.4616664504163454,0.42926324787629455,0.44226498042298557,0.38821639279199516,0.42044405095366383,0.3550385052777798,0.3897695789224628,0.322547530548538,0.36905915845551474,0.30727898581143476,0.3479671197746926,0.2876027507040856,0.3183917081994489,0.2669991833370223,0.28083665977209754,0.24155288083589652
1405681632,12,0.4294874485769457,0.45731886491478463,0.45708098956146975,0.47085327288500833,0.4674250692637058,0.45814093415050516,0.46396888030671934,0.4355182884168696,0.4471601880614558,0.39694749951025665,0.427353566731033,0.36498824615901265,0.39804592393585764,0.33349774718047737,0.37792096941202813,0.3183996585789047,0.35833123443315706,0.29915274396216385,0.3292544706573755,0.2785450423977836,0.29179959701116615,0.2525641563820558
1405681632,13,0.42762023468933047,0.4555808141149422,0.4558423693676821,0.47122892219861406,0.46766725005327975,0.46156752323321043,0.465303565547038,0.441424539695046,0.45155092577643163,0.40530731127658337,0.43346163533385434,0.37463430700774336,0.406020937336528,0.34420348352847724,0.38707917051465035,0.3288233888519339,0.36787907751722715,0.30981704048616987,0.3393243478878606,0.28873762456165275,0.3025419295673683,0.26289209069832026
1405681632,14,0.426523501685117,0.45460978447293615,0.4550985283711335,0.4716588507622006,0.46778488072250135,0.46405483526632046,0.46666346834258843,0.44637909735298703,0.4552574450987683,0.4122060040538758,0.43834630653537543,0.38307626803554934,0.41318948870791705,0.3536257001331302,0.3949890257505067,0.33866953716252685,0.3765456900584094,0.3200882737445578,0.3489391558823176,0.29861652494093094,0.31249625196397085,0.2727940559147007
1405681632,15,0.4256569557551843,0.453698262110654,0.4545490163154507,0.47228612207203424,0.4683625780091232,0.46734950885735876,0.4683541824084181,0.45101166988498026,0.4592281644418325,0.41965689978451287,0.44374667674138746,0.39108107351747684,0.41989757367139624,0.3624604707133462,0.40234796966389613,0.348123583242381,0.3846108639073126,0.3293174376626648,0.357887666862564,0.30841798897377776,0.32188453250496746,0.2823972238547002
1405681632,16,0.4251427252119889,0.4527694987826379,0.45449584417765093,0.4731603139954664,0.4689939971454958,0.47028219712870456,0.4699883511040215,0.45593883804886237,0.462581857106876,0.4262026698010243,0.4486504071866342,0.3985916379816976,0.4262184115523466,0.37061592225673745,0.40966596003694067,0.356734321215683,0.39258091260179667,0.3383610737973302,0.36651519603727645,0.3174140500377802,0.33055841239190664,0.2915582234908908
1405681632,17,0.4242963745820719,0.45226854069643974,0.4542908927486703,0.4733735992927941,0.46961533333004096,0.4728081308923536,0.471294453471087,0.45977519544464585,0.46562742299505644,0.4320129193479087,0.4531451401818388,0.40544825099882953,0.4319363712238316,0.37814279435223,0.4159946070611941,0.3646110614508586,0.39966516368952076,0.3464963182821613,0.37390795458473874,0.325465338515559,0.33843160301649,0.2997426995313279
1405681632,18,0.424183061409155,0.45212875120103735,0.45455181484901913,0.47443306374126626,0.4704824671871939,0.4753635761527627,0.4732320264181569,0.4638149609604567,0.4687287194843236,0.4373338370693757,0.45706583083797425,0.41210039272754406,0.4371985746135692,0.3854979990484985,0.4220771648989263,0.3723029132734447,0.40627944290525103,0.35439929476954074,0.3812535564697432,0.3337671060364369,0.3465260869970802,0.30791098797563404
1405681632,19,0.4241347007852096,0.4521384478743664,0.45488469305241946,0.4750275066391526,0.4715499604523019,0.4779018951963907,0.47470935755979654,0.46762612180691,0.47152344802902235,0.4427397938217216,0.46095382861485845,0.4184720890463923,0.4424282728481854,0.3924788673892775,0.4279657459491227,0.379816975904626,0.4127012182458497,0.36216412073757553,0.38869642833471046,0.34151978047713527,0.3544512149317968,0.3158424985307699
1405681632,20,0.42435773654604986,0.45235496599781716,0.4550331626227857,0.4761858785996138,0.4724162538829653,0.48028503064394257,0.47635588951389474,0.4709785072621946,0.47446268155486526,0.4478528251196373,0.46483502644614216,0.42479220888254554,0.44787591302157664,0.3996515825707329,0.4338930400470154,0.3874170934430358,0.4189929476954076,0.3698660901687516,0.39559440852993033,0.34923390143564775,0.36232054403492575,0.32344051716900346
1405681632,21,0.42488935797642036,0.4525708528730945,0.45562125446266155,0.47689010958257877,0.4734898912969604,0.48259911806213546,0.4779375607181837,0.4747372376874518,0.4773718571468551,0.4527367659346503,0.4685764659318517,0.4306403444595032,0.4528966821385594,0.40614318097317004,0.4392638257553042,0.39446929808780196,0.42493333493249535,0.37707241405503517,0.40221324026210264,0.3565751546189796,0.3696682938140414,0.3306487400602084
1405681632,22,0.42541653628044357,0.4530399706917211,0.45628754169178987,0.4776982315811969,0.47456705413635986,0.4848764701841689,0.47968646247548097,0.47782034940963664,0.48014440433212996,0.4573694293281229,0.47179650590363376,0.4358289892459987,0.45711183703375785,0.41242243609803003,0.44440204242068065,0.4009586249532518,0.4304157348821944,0.3840319490768655,0.4083639263934789,0.36398745239312785,0.376485448897505,0.3380087924836476
1405681632,23,0.4258230426387008,0.4532821323365687,0.45712585735509376,0.4788832390957573,0.47576226579011727,0.4871237037009998,0.4813854931320336,0.48097483874971253,0.48271601333075376,0.46153537285592783,0.4750979182560512,0.4407234087598968,0.461420389628878,0.41831445539928386,0.4488726168357346,0.4069128646154633,0.4354268797932492,0.39033520348380923,0.41412943096078514,0.37056721408416776,0.3827298843232233,0.3447288403485269
1405681632,24,0.4265647300814373,0.45393089021352817,0.4579747712198808,0.4798383147230851,0.4769016035597347,0.4891311952536871,0.4831038535807237,0.483945162734727,0.4851502812526236,0.4657144656200151,0.4785020149441693,0.44561924551535,0.46542061959533204,0.4239411048610528,0.4533939215850894,0.41287115551451037,0.44052241625388294,0.3965487084767582,0.4197380572579968,0.3769589734978871,0.3891518344387541,0.3514625836061904
1405681632,25,0.4273696582990513,0.45485181764755267,0.4587658466963312,0.4808916127948955,0.47820334144908067,0.4912752917471246,0.4848006044832508,0.48697002770548237,0.4875274955923097,0.4698379649063891,0.4815431114096214,0.4504978591218203,0.46936445302661406,0.4295642683233986,0.45774997901099823,0.4186315170850475,0.44541516245487367,0.40255729997481327,0.4253446394089498,0.3832087985895391,0.39508017798673506,0.35807572831836126
1405681632,26,0.4280852218053125,0.4554532655657666,0.45976569815878016,0.48213674496102504,0.479366196728299,0.4930978474971422,0.4863377743908346,0.4895313317360165,0.48971700367468984,0.4735167233907894,0.484350277377731,0.4552353028551501,0.47315668128362276,0.43497930161518444,0.4618323075631446,0.42417158024579726,0.450118830040751,0.408255458754997,0.4306491090976021,0.38921843415588697,0.4009916496063755,0.36424959475081214
1405681632,27,0.42890947365802545,0.4563895185589417,0.46077388781611767,0.4832476671113225,0.4804537977655263,0.4951694201127498,0.4878699117218133,0.49213145645015344,0.4917458807140614,0.47733032335500636,0.4873692851612421,0.4597462041001626,0.4768001567178798,0.44015957860303423,0.46601647403427277,0.42952515104307554,0.45485809880067296,0.4139979539610133,0.435599523627397,0.39514050193254285,0.40687102180679546,0.3703501587390429
1405681632,28,0.4296553605910503,0.45727238926802355,0.4618749775117838,0.48453710255825944,0.48176205668229843,0.49688313323818317,0.4893510800340622,0.4946043273324778,0.4940031423534068,0.48097946675941805,0.49010968252635617,0.4640503376230855,0.4802853304868249,0.4451317509624957,0.46994225026086334,0.43470621394389336,0.45947623445314656,0.4195806397447737,0.44062811086990417,0.40087943917387286,0.4122554781294602,0.37610042337814986
1405681632,29,0.43054811692466255,0.45817977586641156,0.46308685972688246,0.48551758878347745,0.4830901021657755,0.4986567038871631,0.4910007845544108,0.49707890996152504,0.4961061782936086,0.4843494422715601,0.49294914292496933,0.4682776569904956,0.4836734516630527,0.4497436446750179,0.47376953786560666,0.43950969691881453,0.463603623425463,0.42503886584119577,0.4453489819610386,0.40653090883825155,0.4177694336443566,0.38175520165364385
1405681632,30,0.43147370777712474,0.4590252707581227,0.46397727590742444,0.4865390535359472,0.4841337139338986,0.5003624100971091,0.49261606917974976,0.49916883553018204,0.49814177371057566,0.48755492122128,0.4952886687375815,0.47198388044664596,0.48696443063834555,0.4541726135504995,0.4772773066912938,0.4443357680575379,0.46770212408697837,0.43024235300702435,0.449938432261495,0.41184899112864853,0.422747880110822,0.3872162986595024
1405681632,31,0.43257655569126946,0.46003287825566497,0.4650973212617233,0.4875731568271129,0.48550675575030944,0.5023385810351505,0.49429234564958924,0.501649329299834,0.5002356184714049,0.49090431452628497,0.4978509970452901,0.47595337462524473,0.4901554811085443,0.45882770331572054,0.4808702175543885,0.44915786708409944,0.4716364109077811,0.4353836654109375,0.4545662588932432,0.41694178057149667,0.4278181458722081,0.3926784945333806
1405681632,32,0.4335527558559315,0.4609525858450172,0.46618147090924356,0.48878269037024596,0.4866523066912938,0.5040508773402737,0.49589533834270844,0.5039236315170851,0.5022222105616657,0.49399058643270927,0.5003738665939048,0.47985580555788765,0.49329794937452776,0.46308559314918984,0.4843605700612879,0.4537481109898413,0.4755176412559819,0.4401262488456049,0.45877497691209806,0.4218264629334229,0.4325702082108975,0.39771928259591977
1405681632,33,0.4347521898525172,0.46216128203366885,0.467201186578233,0.48989093351447477,0.48794468062371676,0.5057700673937765,0.4973083195314746,0.5059952221399623,0.5041978003526152,0.4968109437927254,0.5027311143506257,0.48339197533219863,0.4962219796826462,0.4670968775997741,0.4877080773311149,0.4578439079740398,0.4791954470402964,0.44455341764551737,0.4630631730791247,0.4266364425041278,0.4372708700640864,0.40256014939081003
1405681632,34,0.4357847664294498,0.46320010667351486,0.46812387955769996,0.49084138734832367,0.48903509854953653,0.5072831836117874,0.4986406534740502,0.5080239719093078,0.5061115034545427,0.49945922454281017,0.5049114264125598,0.4869473101976917,0.49909376898270014,0.47105246262723033,0.4906771792757066,0.46200249892585693,0.48267543101532445,0.44905228483803894,0.4671324578861853,0.4313721374705536,0.44191602423859316,0.40755826299959996
1405681632,35,0.43688547201266537,0.46418796550607483,0.46910179066169333,0.49175432073593434,0.490205932091584,0.5087506146779088,0.5000539717188193,0.5099883660961656,0.507750338822457,0.502062919030428,0.506993535387457,0.49017954591793894,0.5015327968144692,0.4749307362941818,0.49378725547812946,0.4661561341856867,0.4861148758050782,0.45350156517984574,0.4710183863655445,0.4359823452510884,0.44629694040322865,0.41239310601244944
1405681632,36,0.437845735501264,0.46529118741779313,0.4702107762199274,0.49280193845091835,0.4915204432877172,0.5105551357755204,0.5014540713999198,0.5120640117911548,0.5095453315795856,0.5049265851360553,0.509361094786332,0.49357969757180575,0.5043785389789084,0.4788267614436701,0.496843487345964,0.47017579455032227,0.48941338072183505,0.4579543652459445,0.47495662272968964,0.44061278556702954,0.45060355040625377,0.4170747861453931
1405681632,37,0.4388539324312979,0.4664573061013327,0.4712518748284008,0.4940289126335638,0.4926311585702065,0.5120783196091735,0.5028034499111655,0.5140138459339199,0.5113113701393444,0.507487968196557,0.511529201941426,0.4966179343645552,0.5070693227019313,0.48244979090416085,0.4999239857773986,0.4738964890505484,0.4927298636055248,0.4621778188229368,0.4787069413465182,0.4449815864054803,0.45479309382424155,0.4215567258972515
1405681632,38,0.43994936127153583,0.467549898589981,0.47258615432881595,0.49534817439872036,0.49408552024002583,0.5138891957456398,0.5043403046277435,0.5163161871600335,0.5132429554281978,0.5101962361196418,0.5136240715128431,0.4999182533615543,0.5097400015023706,0.48624226168645523,0.5028964822433045,0.4777560768683526,0.4959966240847691,0.4661767760009544,0.48228749188057035,0.4493347591125408,0.45895655939445623,0.42605464210437943
1405681632,39,0.4409896906328776,0.4687565254268302,0.4738078785178105,0.49674724290625555,0.4956848765093245,0.51565671895619,0.5059307384469,0.5183982054941672,0.5150733323430831,0.5127828402532457,0.5158396999972015,0.5031203649287774,0.5124631616110081,0.48984993401918936,0.5059242802925114,0.48145863875021794,0.49934019189329404,0.4699878801969306,0.48590184896960154,0.4534302487035255,0.4629043611916586,0.43057161124493837
1405681632,40,0.4422676517504827,0.46991646377298296,0.4752098900176308,0.4980459239358576,0.49724939131894896,0.5172172781462514,0.5073566451179582,0.5203446394089498,0.5167618168079926,0.5152621526320208,0.518114557971623,0.5061487280664931,0.515010284610864,0.4931985139786752,0.5086590126773571,0.4849435395852574,0.5024515154059273,0.4738718411552347,0.4893061036017127,0.45742171102342377,0.4668069431617832,0.43468012761313074
1405681632,41,0.44354982379477065,0.471200018019826,0.4765977749610424,0.4993324473585597,0.4988143773638224,0.5188849823180459,0.5089832927545966,0.5223384409983802,0.5186914739603277,0.5178283652536803,0.5201443224238304,0.5091051313501969,0.5175109705928728,0.4966868092826676,0.511265462751177,0.48851645640123603,0.5055677166628102,0.4776482489029408,0.49268046958028144,0.4613894514396408,0.47065430397398594,0.43881552408001623
1405681632,42,0.4446629965897869,0.4722825239574463,0.47794855495720245,0.5003917946995774,0.5002268811142961,0.5203553338050861,0.5104405291627188,0.5241323546461655,0.5202234029368611,0.5201334500721623,0.5221733811482783,0.5118677812826079,0.5198615925255166,0.49980310317393684,0.5138457448297091,0.4918822536990617,0.5084885519987526,0.4812418292814564,0.49586216822385076,0.4653551538993568,0.47442340213728007,0.443032850786188
1405681632,43,0.4458552090797445,0.47333713413241224,0.4791632905287862,0.5014584915643737,0.5016517856271221,0.5218910407225683,0.5118358445290946,0.5258545452415492,0.5218129421113569,0.5224474933274499,0.5240211803433606,0.5143994314421103,0.5219954976150637,0.5028466943786571,0.5163440868612754,0.4950641677714366,0.5112569385734897,0.4847971290950519,0.49906574536338305,0.46909247461307013,0.47805136155166317,0.4468265605566869
1405681632,44,0.44677093748330415,0.47443253371596916,0.48024457911327195,0.5027629158684485,0.5029995191610506,0.523438990696148,0.513235473702689,0.5276587340960609,0.523459979697911,0.5247870570366582,0.5258393692614162,0.5169247677853168,0.5241421222552111,0.505862609810641,0.5188242724448753,0.4983208798589539,0.5139624564001191,0.48824138878500395,0.5021313377244869,0.47281351844360825,0.48156211599667226,0.4507178238602972
1405681632,45,0.44800138060989375,0.47577402774279604,0.48173490424350973,0.5041119786565174,0.5044580639744775,0.5249218742712152,0.5147212194143602,0.5294722898534502,0.5251774736704634,0.5269666694652003,0.5276924225039413,0.5196289144488287,0.5264209554193603,0.5087454174012818,0.5212576609856435,0.501503745370759,0.5166904542019982,0.4916053321392923,0.5051269134973274,0.4763934365059375,0.48514071959626487,0.4545228966688122
1405681632,46,0.44912996024865587,0.47700700485119707,0.48321427398130334,0.5053531080148784,0.5059955539818874,0.5265529123608794,0.516186170620508,0.531206082795224,0.5269526159596719,0.5292741820677269,0.5295890170941732,0.5221753366453369,0.5286381240577763,0.5116288195420382,0.5236162772446369,0.5047909677937457,0.5193107941873242,0.49502743171273905,0.5080999295499593,0.4799199132697945,0.4885390924720664,0.45822823623030223
1405681632,47,0.4503623505538417,0.4781366053549641,0.48444134422498775,0.5065030179505089,0.507223789202543,0.5280672076767943,0.5175271561956853,0.5327955385420592,0.5285441492487724,0.5313361330577671,0.5313566754850246,0.5246750277322768,0.530817213482263,0.514553863137418,0.5258611296191434,0.507848100361368,0.521906265797573,0.4984298440383197,0.5110759408878259,0.4834838884849871,0.49198934651859444,0.4619339891428806
1405681632,48,0.45133175216186716,0.4792549953824196,0.4855779321635463,0.5076023913469342,0.508385980746089,0.5294169605126913,0.5189303305068145,0.5343213905913302,0.5299058293454231,0.5333558965102287,0.5329046329723226,0.5270154688942994,0.5327830716704446,0.5172136050709428,0.5281007751937984,0.5107577379453166,0.5243122603755632,0.5015120826686815,0.5138422466627487,0.4868162832675678,0.495190020429295,0.4654101250944505
1405681632,49,0.4525006039692344,0.4804211164778227,0.4870399339317626,0.5089464549147674,0.5098588339709992,0.5308418388764287,0.5204175868987508,0.5359580151429223,0.5313635654916824,0.5354422853853152,0.5346721175247028,0.5293323441373863,0.5347971948413317,0.5199061406108912,0.5302661405423558,0.51367711890398,0.5268624954809394,0.504604729978634,0.5166387098874475,0.4900632068795951,0.4985204895491905,0.46891143326611145
1405681632,50,0.4535454621778188,0.4816346234573084,0.48834102930064655,0.510255226261439,0.5112568214255729,0.532187893543783,0.5216967509025271,0.5375635966753421,0.5328461086390731,0.5374343044244816,0.5364192762992193,0.5317672739484511,0.5368063134917304,0.5227033834270842,0.5325900428175636,0.5165107883469062,0.5292318025354714,0.5078389723784738,0.5194467299135254,0.4934128116866763,0.5017563596675342,0.472346570397112
1405681632,51,0.4546308322674213,0.48280465741833634,0.48964295650255735,0.5114978574756239,0.5125530692505362,0.5334828079498107,0.523012176913415,0.5391835854482839,0.5342729821338325,0.5394593233145831,0.5381094424168794,0.5341067163159445,0.5387942600430314,0.5253291980884369,0.534912529364025,0.5193518596255562,0.5316966850546784,0.5109414431543753,0.5221759092353253,0.49660142791059836,0.5047920771868482,0.4758568862857039
1405681632,52,0.4557979695562602,0.48399184980916155,0.49088996596552636,0.512798447459685,0.513916515438218,0.5349983531706309,0.5243924491258888,0.5408454047002448,0.5357886698139406,0.5415122091408717,0.5397628565708492,0.5364570887931647,0.5408591282783206,0.5281026588221618,0.5371860529697823,0.5220586335836944,0.5341402259062404,0.5140069295996591,0.5249034505918898,0.49974651744024595,0.5077094218014375,0.4791853684054171
1405681632,53,0.45682047512763685,0.485177012528454,0.49208595827861673,0.5141592597931514,0.5153599891015599,0.5363695838474979,0.5257459808041718,0.5423478851798639,0.5372534980349541,0.5433593174535034,0.5414053601950315,0.5386435243781315,0.5428262760125016,0.5306138451376007,0.539238344767719,0.5248660268057274,0.5364820532154359,0.5169630736135774,0.527539946426563,0.5029044026213284,0.5106489482530022,0.4824349776566136
1405681632,54,0.45800411695382726,0.48639135315317,0.4933425995889265,0.5154137009984546,0.5168067488191744,0.5378081885092212,0.5272398374362945,0.543884115834414,0.5388016679260067,0.5452258572063794,0.5430608805430399,0.540871028025759,0.5446568220474693,0.5330188092550615,0.5413032459879912,0.5276005373184453,0.5387044966215481,0.5197242200642419,0.5300103856690206,0.5058201724518574,0.5136094242172657,0.48562642064447115
1405681632,55,0.45916685111547,0.4876569404904557,0.49467718915288394,0.5166790056555819,0.5182092946932171,0.5392639347890796,0.5286419734241076,0.5455583456087192,0.5402828554201234,0.5471115317391868,0.54476152677815,0.5431045404935085,0.5466154280611505,0.5354363041039222,0.5433144305111395,0.5303294891658589,0.5410071667900566,0.5226742277955442,0.5326504911426412,0.5088138542676365,0.5164927759672113,0.48888269819341934
1405681632,56,0.4602625724120561,0.48892830156997735,0.4959776077335476,0.5180063146911018,0.519590984324214,0.5406077215539058,0.5299865370545834,0.546987628482675,0.5417171402185255,0.5490692876932486,0.5464621538313924,0.54509112225194,0.5484995862168224,0.537852915072502,0.545210309797666,0.5328747736186239,0.5431766254482652,0.5254544118881705,0.5351535795243293,0.5117208582702664,0.5193136296580592,0.4919334768581264
1405681632,57,0.4613957023361863,0.49017567426247594,0.4971771633769168,0.5192413911952243,0.5208991541064061,0.5418896287818867,0.5313251645611384,0.5484625003866396,0.5431673802927266,0.5508640840620568,0.5479933777858297,0.5470757533578721,0.5502167390603113,0.5402222919400761,0.5470772262702766,0.5354021860965906,0.5453126772097737,0.528118634256702,0.5374701551124054,0.5145472193623173,0.521945658369751,0.49494201880319977
1405681632,58,0.4625657534762129,0.4913641114125164,0.4983577915517097,0.5203615029862283,0.5221687284138973,0.5432149071128107,0.5326994172295098,0.5498546692567577,0.5445430042933365,0.5526056760050837,0.5494609445340297,0.549149728300991,0.5519998899886804,0.5426387952023485,0.5489521421809456,0.5378569215937745,0.5473352652865071,0.530773495378077,0.5399015398689707,0.517405672531042,0.5247279391116297,0.49790978492787025
1405681632,59,0.4636854694919523,0.49254143371246345,0.4995923153216868,0.5215724248629311,0.5233853054219928,0.5444753389901658,0.5340228161121539,0.5513341178713879,0.5460057573899073,0.5542448299463962,0.5509435089911192,0.5510409833382901,0.553596661112289,0.5449776520493093,0.5507378879229996,0.5403629176277732,0.5493668436383403,0.533338361207202,0.5422391209379167,0.5203529282859172,0.5274386729828145,0.500880826582464
1405681632,60,0.46487700444966834,0.4938313323818319,0.5008367615369547,0.5227548764447429,0.5246998572747881,0.5458049981809531,0.5353664679707834,0.5527831416337838,0.5474638289536282,0.5558363417569193,0.5524850978087482,0.5529321635463018,0.555355693616545,0.5471098144572244,0.5525704530825848,0.5427308090560546,0.5514223546861444,0.5358862955811154,0.5445386617412475,0.5231207847088125,0.5301290123975038,0.5038171997873114
1405681632,61,0.4660370424913739,0.49505829437178195,0.5021264267359968,0.5238710325625439,0.5259733735588126,0.5470291272291352,0.536691527737826,0.5541468074007908,0.5487660531455287,0.5575284452586188,0.5539995403064532,0.554918239236083,0.5569992471485925,0.5493475517189648,0.5543972990939633,0.5450981390669322,0.5534035902891803,0.5384821304456138,0.5468653441989839,0.5258226656445137,0.5327015529108649,0.5065582028459711
1405681632,62,0.46708721404177755,0.4962998421085416,0.5033568861529462,0.5249674331940386,0.5271665389271506,0.5481941333708878,0.5378059316273112,0.5554752857889562,0.550150849986865,0.5591009665773844,0.5554834105638322,0.5568009782228951,0.5585715020812966,0.5514128983509415,0.5561008934544105,0.5473518650420728,0.555380496748736,0.5408892836927642,0.549080410896948,0.528407598289464,0.5352764183825739,0.5094491131808223
1405681632,63,0.46817534278704626,0.4974666608030725,0.5045662739391226,0.5260923276203269,0.5283358186976691,0.5492928372199634,0.5389922347356652,0.5567416007345485,0.5513804099984941,0.5606149044567313,0.556904848526039,0.5585926307947968,0.5601464832427807,0.553547274561463,0.5578443562240053,0.5496093380402003,0.5574652215572372,0.5432946469383377,0.551259806528046,0.5310257425109244,0.5378095211442537,0.5122875613178693
1405681632,64,0.4692484887918731,0.4986790047015364,0.5057398360758962,0.5273663787675258,0.5296102342372597,0.5505802147174881,0.5402096801276132,0.5580759119721266,0.5527525763999664,0.5621943476618252,0.558351392620267,0.560344035975149,0.5616578163042566,0.5556300373604232,0.5595208735622533,0.5518677587943918,0.5594480679623877,0.5456418961464192,0.5534242244563848,0.5336368430442449,0.5402588731004954,0.5150117276047351
1405681632,65,0.4702149919595978,0.49969517511285627,0.5068249775579136,0.5284358995886156,0.5307001285172724,0.5516942968038593,0.5413082929160504,0.5593846670498505,0.5540269821690357,0.5636509238389853,0.5597611774507082,0.5620473641042862,0.5631265217026277,0.5575750921901539,0.5611819714162087,0.554035377769741,0.5613234049973199,0.5479343593187939,0.5554619840741913,0.5362031218718315,0.5426632137067869,0.5175487429202482
1405681632,66,0.47121326606676284,0.5007218944545785,0.507858791084381,0.5294482055039522,0.53178943324607,0.552715468003857,0.5423704342560862,0.5606086047274865,0.5550974016887879,0.5651924755064711,0.5610811752823339,0.5637709476597899,0.5646442173392051,0.55951654060545,0.5628646044018388,0.5560565354663247,0.5631450937890363,0.5502126885511991,0.5575645634414839,0.5385975021815842,0.5449209159854781,0.5201138239925914
1405681632,67,0.4723089280321589,0.5018589363651059,0.5090666222242828,0.5305656254033334,0.5328913321061555,0.553833970104143,0.5434722951442101,0.5618285868950939,0.5563488910915158,0.5667613155780998,0.5624281831544152,0.5655019754723151,0.5661704908419033,0.561496522091081,0.5645665551847846,0.5581270041363997,0.5650032517289298,0.5524549613614406,0.5596031261708417,0.5410663916585321,0.5471776371271005,0.5226875445624701
1405681632,68,0.4731433375969815,0.5029273484223679,0.510170406001373,0.5315859783591045,0.5340503340955222,0.5548954994641632,0.5446034807172806,0.563063307767906,0.5574808506225091,0.5682445045854796,0.56379607085887,0.5671975237916509,0.5675821163827801,0.5633701175877958,0.5661690627052601,0.5600699057223426,0.5668215737306593,0.5545621447302789,0.561529875992039,0.5433737721433969,0.549388973119262,0.525141737494259
1405681632,69,0.474111739361618,0.5039994694953757,0.511292082948535,0.532688088832756,0.5350911774404125,0.5560485436066284,0.5457834008023275,0.56434741239069,0.5587600792836728,0.5697066041741954,0.5651772384314098,0.5689053718460223,0.5690653749609118,0.565319598617281,0.5678036013476764,0.562106152028511,0.5686291687503574,0.5566636126148159,0.5634555319099748,0.5457450730599775,0.5516633631803023,0.5276872310213796
1405681632,70,0.4751520203413411,0.5051249145447786,0.512404500041978,0.5337773006944361,0.5362090264701296,0.5573749355337803,0.5469769840603523,0.5657213620063086,0.5600801180181585,0.5712660565863487,0.5664967557000131,0.5705986063302829,0.5705278434100531,0.5672121808172518,0.5693950370006117,0.5640686280389077,0.5704360914880602,0.5589131295201314,0.5654682946136225,0.5480282332058001,0.5539081521282847,0.5301569977331878
1405681632,71,0.476126340783345,0.5062162919587883,0.5135571214204884,0.5348653925061578,0.5372516350727993,0.5583902204259054,0.5480133762021376,0.5669135288601731,0.5612187101282871,0.5726680627801737,0.5678583295592546,0.5721986186280642,0.5719242835064285,0.5689367503822363,0.570898482997726,0.5660237134333158,0.5721004728733411,0.5609810318548011,0.5672771411442377,0.5502689548423105,0.5559779633218672,0.5325240841404738
1405681632,72,0.47699197287288125,0.5072750212222129,0.5146526553419342,0.5359570751592833,0.5383620649446356,0.5595137314713756,0.5491323379882275,0.5681483735855745,0.56236357148854,0.5740229619679288,0.5691459341971473,0.5737296989710724,0.5733489818002034,0.5707160281345908,0.5722686312372316,0.5679198266774876,0.5737314480545527,0.5630486291849737,0.5692613737068443,0.5524252791537234,0.5580823981566991,0.5348819718467522
1405681632,73,0.47783331397361484,0.5083725990594627,0.5156807969610225,0.5370596766198621,0.5394351715865271,0.5605248055498371,0.5502263936984692,0.5693051087805333,0.5634661410023887,0.5753165889019359,0.5703332823463519,0.5752383833063255,0.574667367450141,0.5724896866370788,0.5736978480810302,0.5696616342899334,0.5752734608161214,0.5650124266391261,0.5710388578302776,0.5544724975071965,0.5600394708241374,0.5371902109595941
1405681632,74,0.47879883913802146,0.5093945637350894,0.5168093540606344,0.5381148926611106,0.5405155806465519,0.5615408877099751,0.5513685963690161,0.5705117005175774,0.5645474203949563,0.5766762270624247,0.5715645542276389,0.5767970556401419,0.5760698150925672,0.5741365578490925,0.5751774988824775,0.5714272748107019,0.5768713680517895,0.5669344938927677,0.5726400987504169,0.5565398325871839,0.5619691768000055,0.5393657237121262
1405681632,75,0.47967257157249604,0.510271177902779,0.5178205020569221,0.5391604399294769,0.5414585956958554,0.5625808076567879,0.5524226905101727,0.5716027201746285,0.5655769176951279,0.5779553913749196,0.5727417233369715,0.5781719978731145,0.5773257213220273,0.57566619091596,0.5765527663504324,0.5731301597962668,0.5783124842582487,0.5686967229171914,0.5742769988526012,0.5584540900568102,0.5638423865894271,0.5415100887135141
1405681632,76,0.4804868564661591,0.5112003941513594,0.5187492543380954,0.5401155057907552,0.542491681727196,0.563633682266282,0.5533242160055499,0.5727114255288124,0.5666085970951221,0.5792738026326837,0.5739182931301893,0.579547764339907,0.5785750898108339,0.5772599631477316,0.5779476291265482,0.5748263436275182,0.5798487908125615,0.570511446738751,0.5759464935110844,0.5604753898430908,0.5656801099381819,0.5436681705102315
1405681632,77,0.4813290563017706,0.5121583562940292,0.5198419664459459,0.5411406241311372,0.5434434174674289,0.5646275896884578,0.5542737423771762,0.5737079225031537,0.5676527317867256,0.5804652907331104,0.5750250505098965,0.5809821108284714,0.5797816489613988,0.5788036159961272,0.579219034680373,0.5764234086793066,0.5812884957373246,0.5722566829526782,0.5775301014995415,0.5623722260444618,0.5674237608584012,0.5457500269858594
1405681632,78,0.48209799603469317,0.5130008029638623,0.520764580898071,0.5420770285601114,0.5443653679318191,0.5656229212815561,0.555316245056821,0.5747665915368039,0.5687357516968801,0.5816569040899491,0.5761782364502539,0.5824760133382415,0.581007859573891,0.5802829317437662,0.5805342615853908,0.578030112221196,0.5827321867956575,0.5740034529598796,0.579119925774279,0.5642957705546908,0.5692238805327547,0.5478635348923319
1405681632,79,0.48306160989363095,0.513961671425945,0.5217839269944068,0.5430120439674421,0.5453351810739779,0.5665919918722083,0.5562770930817063,0.5757873001129687,0.5698737152871136,0.5829166529396824,0.5772671575790488,0.5838720510452524,0.5822120601210029,0.5817912173514749,0.5818969594109901,0.579728981507361,0.5841775871468666,0.5757617944905731,0.5807810884311811,0.5661870901166776,0.5711256162530327,0.5499166284967941
1405681632,80,0.4838368944672992,0.5148565401729494,0.5227400092351608,0.5440527663504323,0.5463048862396105,0.5675431323986232,0.5572616698849804,0.5768653975316934,0.5709118671815969,0.5841128998404835,0.5783461716060785,0.5851313911510369,0.583427084207875,0.583371463353203,0.5833084963479136,0.5813475988581983,0.5856325035681303,0.5775716774410209,0.5823692385190161,0.5680715305180085,0.5728827344471498,0.552025963395181
1405681632,81,0.4846059923859156,0.5158479919485153,0.5237227544618471,0.5450807480583878,0.5472226627321358,0.5685599264503919,0.5582556222021142,0.5778894081723399,0.5719368236229401,0.5853303979825683,0.5794368935862793,0.586507855069129,0.584669114865292,0.5849080267125212,0.5845685749556121,0.5829573451659479,0.5869654671322597,0.5792948939200304,0.5838901896887512,0.5699902880520237,0.5747094448434945,0.5540832159503976
1405681632,82,0.48539933367598304,0.5166222655426117,0.5246671963403372,0.5459915102047503,0.5481421149951572,0.5694710362014208,0.5591623647745168,0.5788572154044939,0.5729429242491569,0.5864977239731259,0.5805353116917955,0.5878466512815577,0.5857620850576737,0.5863938028180551,0.5858332428929193,0.584549842224138,0.5883386130058094,0.5810134513904958,0.5854098793695519,0.5718801640623241,0.576442968274868,0.5560856842721731
1405681632,83,0.4860466127797228,0.5174704358530587,0.5255231319029792,0.5468777974799036,0.5490292966003886,0.5703101213518332,0.5600250047288474,0.5798826234330319,0.5738777458924775,0.5875939321048782,0.5816118137228623,0.5891041287136624,0.5868747426950688,0.5878286043173618,0.5869501007977843,0.586003319802592,0.5896923265221072,0.5826066418305241,0.5868089940148471,0.5735793480360869,0.5780917305356089,0.5580945223257231
1405681632,84,0.4868903694464101,0.5184873126481724,0.5264736278190228,0.5478824096173605,0.5500407786319967,0.5712706541772111,0.561007032315067,0.58097157089685,0.5749372328899657,0.5888759290131971,0.5826931687795595,0.5904301146199392,0.5880933390903167,0.5892857142857143,0.5881782945736435,0.587594600429375,0.5910537878151849,0.5842543507202226,0.5883332133961805,0.5753665079498342,0.5797901899404713,0.5600345419000443
1405681632,85,0.4876451327739558,0.5193888990404322,0.5273716337345113,0.5487552287307333,0.5509854953651345,0.5721473477309654,0.5619126166124245,0.5820492179744873,0.575920429459669,0.5900220754912662,0.5837080899020678,0.5916839105720367,0.5891978250455584,0.5906794016405991,0.5894146290872995,0.589038308632159,0.5923441998745599,0.5858534128116867,0.5898220626509356,0.5771130986186768,0.5814131277563498,0.5618780464918736
1405681632,86,0.48837648607013645,0.5202612203298494,0.5282726734911837,0.5496023804456697,0.551890669754165,0.5729855927586968,0.5627702944122397,0.5829280340822339,0.5768309731282203,0.591013680924219,0.5847272308380177,0.5928738922200115,0.5903347111229994,0.5920421420106097,0.5905143379287857,0.5904308700380535,0.5935743391393142,0.587377214339686,0.5912709182248967,0.578698018052494,0.5829558567124781,0.5636215692744445
1405681632,87,0.4891045368089191,0.5211221733604694,0.5291129517098558,0.5505144959213785,0.5527161698304572,0.5738325531214747,0.5636980015575287,0.5838792886320672,0.5777422975188587,0.5921335151415141,0.5856857903010546,0.5941267465503249,0.5914034838847891,0.5934232531119211,0.5916688620680005,0.591919765077582,0.5948389250929065,0.5888466857159951,0.5926579989326972,0.5803729190731644,0.5845311539511916,0.5653944919069305
1405681632,88,0.4898341678051609,0.5219802550736141,0.5299994848154113,0.5514101747048183,0.553546759679746,0.5746845925462329,0.5645698017874997,0.5848418383312598,0.5786796582227276,0.5931887827142213,0.5866278115721908,0.5953000854824799,0.5923649643950206,0.5948106601231865,0.5928004861816044,0.5933347516810282,0.5961019607543828,0.5903743483868998,0.5940665046061319,0.5820040298883385,0.5861374321673625,0.5672129849413452
1405681632,89,0.490580890669469,0.5228445238515242,0.5308863773360287,0.5524163765153352,0.5544350939882782,0.5755821028432787,0.5655163435932604,0.5858450172109814,0.5796992488295684,0.5942193930829683,0.5876250732256747,0.5965791228766912,0.5934477524788246,0.5962178290485898,0.5939316786767779,0.5947608621621596,0.5973979297769317,0.5919426759703758,0.5954957130553478,0.5836456528239876,0.5876472413848403,0.5689948579303995
1405681632,90,0.4912051418390097,0.5235902387149134,0.5317652216905009,0.5533237250347485,0.5552915605556021,0.5764498735995672,0.5664502467373763,0.5867918544016268,0.5805772441907108,0.5952541534902377,0.5885549305497253,0.597782162147035,0.5944868888702319,0.5975643429509603,0.5950456627393913,0.5961977257250535,0.5986758271998807,0.5934169162025764,0.596859112491721,0.5853291541898712,0.5891379583764774,0.5707791117454454
1405681632,91,0.49196236556659695,0.5244109009955706,0.5326178313333045,0.5541959090359728,0.5561255133079498,0.5772049292324668,0.5672792072338709,0.5877137303130083,0.5814354816537673,0.5961960548057433,0.5894334445673544,0.5988867987020955,0.5954598252054386,0.5988346721702443,0.5961757577490934,0.5975121344107994,0.5998499862994867,0.5948919689159803,0.5981750178291191,0.5869359840059194,0.590613441633507,0.5724586470535593
1405681632,92,0.49272320434527095,0.5252032282909842,0.5334902337262232,0.5550692089519005,0.5570239238117486,0.5779622782010053,0.5681193489394166,0.5885977704204736,0.5823539986786055,0.5971521574868682,0.5903868546794524,0.6001458279339886,0.5964983044536837,0.6001385274116362,0.5972543647998015,0.5989517362467284,0.6011418929524408,0.596348187462813,0.5995220895555078,0.5885699371790051,0.5922142666807809,0.5742134599730611
1405681632,93,0.4934541397082122,0.5260787218465266,0.5344075188472208,0.5559128951913069,0.5579269366077981,0.5787909071130598,0.5689481937271321,0.5894659585473986,0.58323561034663,0.598111170391876,0.5913653503628615,0.6012631316673934,0.5975040691580837,0.6014865629764842,0.598358073272831,0.600338712837054,0.6023378588329393,0.5979297170863114,0.6008577956763559,0.5902057644374993,0.5937364304975161,0.5759282780984055
1405681632,94,0.4941820273410775,0.5268712811508046,0.5351878381685443,0.5567145156363598,0.5587424104662774,0.5796050316442695,0.5697768199250827,0.5904232990423656,0.584090872552995,0.5991292690289862,0.5923176680951096,0.6023258493400522,0.5984625332921294,0.6026674788368342,0.5993927479872887,0.6015957000234006,0.6034923019486725,0.5992467181239584,0.60215972362397,0.5916902309147454,0.5951793175269775,0.5775708847712735
1405681632,95,0.49488266043330137,0.5277072498221458,0.5359923820970444,0.5575443309810921,0.5595376233380024,0.5804634371589287,0.5706118625419226,0.5912509003177072,0.5850054571404584,0.6000715835428552,0.593257007012536,0.6035539903406405,0.5995077526744407,0.6038381151434544,0.6005072710320845,0.6029176921819283,0.6046754658453707,0.6007419059781096,0.6034086138863235,0.5932110521455178,0.5966342478646453,0.5792518194150476
1405681632,96,0.49558268967061264,0.5284899462681555,0.5368160209050458,0.5582864578960625,0.5602445568522094,0.5812348704278958,0.5714365047714998,0.5920809370889654,0.5857921074357038,0.601003449192623,0.5941098739260628,0.6046161811210925,0.6004730396272353,0.6050591365124675,0.6015452278006325,0.6041587957910055,0.6058116796798478,0.6020957518260431,0.604687019002043,0.5946560252427727,0.5980300072761873,0.5808124667674139
1405681632,97,0.49623020217818237,0.5292101990103577,0.5376205136549684,0.559021938483616,0.5610533276439434,0.582056610583477,0.5722346232842032,0.5928839061527637,0.5866503890105915,0.6019450962334912,0.5949572733166172,0.6056984490642366,0.6014725191216298,0.6062921997945242,0.6025275951277819,0.6054245101340094,0.6069638478509426,0.6034164901715212,0.6058845371211052,0.5961586231907263,0.5994052106386974,0.5824149382836796
1405681632,98,0.4969248970682219,0.5300172709500222,0.5384647016391982,0.5598524944357727,0.5618250322545272,0.5829416814160808,0.5730451529113031,0.5937188913009582,0.5875151420655575,0.602909503991337,0.5958931805448231,0.6068143150132188,0.6024713050361612,0.6074645457208994,0.6035130448787692,0.6066673920008773,0.6080166849713606,0.6046811470789306,0.6071085893848767,0.5975937180346069,0.600760487218983,0.5840382496714579
1405681632,99,0.49758478072641454,0.5307597000989663,0.5392634259647944,0.5605725630072873,0.5626294851800687,0.5837668940263181,0.5738834063072162,0.5945442164063606,0.5883128149940341,0.6038675733915428,0.5967033274564127,0.6078542116658143,0.6033392441754459,0.6085911588388291,0.6044900351003952,0.6078821970014985,0.6090334119466855,0.6060394050487241,0.6082566068713328,0.5990354387634214,0.6020769359279979,0.5856067178374289
1405681632,100,0.4982415414322895,0.5315208630677525,0.5400184703215516,0.5613554697338594,0.5633166820586014,0.5845269079002602,0.5746326924691463,0.5953194526068339,0.5891276970867266,0.6048010242632861,0.5975690538158005,0.608918226849131,0.6042842750398791,0.609685164973554,0.6054873646209387,0.6090983124842582,0.6101091428091681,0.6072987154730921,0.60943833431282,0.6005117118629838,0.60350726219461,0.5871803375031484
1405681632,101,0.4988362533675919,0.5322565629075712,0.5407855788517312,0.5620912859483413,0.5640567708857193,0.585349178020816,0.575412028651442,0.5962148309533329,0.5899821364891926,0.6057533971011071,0.5984779025295694,0.6099437162253711,0.605193136222362,0.6108676479267439,0.6064341888810659,0.6103576775274707,0.6112450343346819,0.6086253575403716,0.6106149486579924,0.6020772046140892,0.6048697809080716,0.5887963617955281
1405681632,102,0.49950655268404065,0.5329934761243932,0.5415281804099358,0.5628311941013497,0.564825560817896,0.5860746615832128,0.576159210220903,0.5969947041867708,0.5908301109042391,0.6066113709357472,0.5992923825562464,0.6109161740424488,0.6061088695405961,0.6119985480549369,0.6074221225724779,0.611624449964689,0.6123508340453132,0.6098416194619901,0.6118997762819341,0.603460962926015,0.6061302700914133,0.5902864546036699
1405681632,103,0.5001010732512086,0.5337201558810367,0.5423248314970334,0.5635783354376674,0.5655329616989435,0.5869242186996926,0.576896774051562,0.5978609150552684,0.5916453176593718,0.6075472374805699,0.6001273196922482,0.6118787153589771,0.607046354312282,0.6130968925681002,0.6084389643904264,0.6128010087762555,0.613412746478127,0.6110481214639646,0.612986853141381,0.6047717986066563,0.607344275871288,0.5917895915744034
1405681632,104,0.5006768953068592,0.5344522354901416,0.5430399662884341,0.5643421885393592,0.5662820566638467,0.5877990125481939,0.5776629392352254,0.5987225770619272,0.5924932835194359,0.6084437139554257,0.6009058368799365,0.6128820805590178,0.6079056689679223,0.6141244680095322,0.6093482592044845,0.6139735086506979,0.6143936923206086,0.6123484755526566,0.6140869299871483,0.6061603527443926,0.6087016364963221,0.593306607337755
1405681632,105,0.5013588879427181,0.5351819646505231,0.5437382811406823,0.5650790985523586,0.5670864467019281,0.5886331562261374,0.5784760785348477,0.5995778212216799,0.5933662760713386,0.609394277398643,0.6017982577129585,0.6139003162342933,0.6088265748747657,0.6152819922360683,0.6103813601672723,0.61520843078227,0.6155386577433425,0.613548500585693,0.6153363637453974,0.607613210677605,0.6100671248265909,0.5948051221160112
1405681632,106,0.501993559148591,0.5359125780355245,0.5444293605245191,0.5658753680995687,0.5678471462085943,0.5894464130984044,0.5793328823998113,0.6004319774174182,0.5941784429487251,0.6102421576376997,0.6026694842091423,0.6149444860704312,0.6097308972362633,0.6164390614035227,0.6113371498994904,0.6164034197024155,0.6166073694365284,0.6148070675117181,0.6164794553314441,0.6089812334563104,0.6113086365386048,0.5963058564859183
1405681632,107,0.5026477527644674,0.5365777491472973,0.545210702115456,0.5666799008534481,0.5686760137687852,0.5903248940545808,0.5801183544308763,0.6012654602633081,0.5950538926948074,0.6111899233960283,0.6035401188095195,0.6159279453454239,0.6107160035057517,0.6175725415209533,0.6122895901612975,0.6175784262878027,0.6176423740875668,0.6160326941953443,0.6176145195244794,0.6103017159195497,0.6125908902239899,0.5978487646305112
1405681632,108,0.5031876074714627,0.5372679160564309,0.545923158487175,0.5674329984421497,0.5694005230148291,0.5910471801664817,0.5808888919983706,0.6020384207564126,0.5958909753511382,0.6120785486183018,0.6043837473608273,0.6169336156742756,0.6116338927290987,0.6186943597110669,0.6132473250683308,0.6186912502293243,0.6187398358815537,0.6172558357198605,0.6187767609772479,0.6116377795812772,0.6138322963211722,0.5993378358628967
1405681632,109,0.5037098542015361,0.5379361764893911,0.5466702970579196,0.568177669396649,0.5701733576009841,0.5918274603924059,0.5817257811952408,0.6028291633899432,0.5966610927066878,0.6129809080959008,0.6052415506751527,0.6179139011891713,0.6124744762184983,0.6197147190285135,0.6141747779209565,0.6199038126040304,0.6197100975969326,0.6184191777086788,0.6198533619759392,0.6129370044958827,0.6150124123949877,0.600785720392606
1405681632,110,0.5043050350707138,0.538614420589066,0.5473187504293204,0.568894681005335,0.5709027560467406,0.5925344028819807,0.5824096900496867,0.6035879744468445,0.5974584226955986,0.6138592286732661,0.6061013120034193,0.6188301875271902,0.6133077903542179,0.6207772036543759,0.6151395577808136,0.6209336671220645,0.6206615733355721,0.6196289144488288,0.6209390097770585,0.6141958159379031,0.6161546622297189,0.6021656833637355
1405681632,111,0.5049333608648527,0.5393696946043516,0.5480474177476948,0.5697042857650699,0.5716961609413965,0.593349247156652,0.5832378428298166,0.604425767384377,0.5982141574031424,0.6147334472412133,0.6069955019245591,0.6198229965336002,0.6142289548384755,0.6218757587240502,0.616098299626131,0.6221083395543979,0.6216999049254947,0.6207949196783048,0.6219858091657269,0.6154977494495586,0.6174026431771373,0.6035714582855881
1405681632,112,0.5055193578564832,0.5400706279909328,0.5487713188289336,0.5704829419384242,0.5724652781942262,0.5941045642083549,0.5840309677728871,0.6052279855355793,0.599027234729002,0.6155999256389652,0.6078568580064047,0.6208048232726051,0.6151411660290008,0.6228827344471497,0.6170650329227485,0.6232084387780802,0.622702453914149,0.621952097101119,0.6230843787855165,0.6167449506458615,0.6185979796586588,0.604931141082073
1405681632,113,0.5060697221204761,0.5406376793073703,0.5494445158524544,0.5711805774835933,0.5732943371301757,0.5949156093534422,0.584754703579572,0.6060078324267818,0.5998303791468138,0.6164269214966756,0.6086843945100201,0.621675657884472,0.615981880361947,0.6238655723162125,0.6179451878719975,0.6243321596828395,0.6236337645799266,0.6230375283351524,0.6241088961419615,0.6180376880744578,0.6198301116763488,0.6062838470871352
1405681632,114,0.5065835502196848,0.5413159294003627,0.5501379382466746,0.571874074826896,0.574012743638123,0.595663819526989,0.5854550636519095,0.6067979326201492,0.6006356353481301,0.6172618705692954,0.6095670079404708,0.6226744554274612,0.6167868563188678,0.6248481059082936,0.61887728724885,0.625381668426797,0.6246036024491587,0.6240762998083741,0.6251935038671316,0.6192628220707087,0.6209592489325068,0.6075947782309439
1405681632,115,0.5071512266702682,0.541964862585918,0.5508616441506389,0.5725693823393063,0.574812832858191,0.5964694673903917,0.5862257394516578,0.6075768471234116,0.6013911145342449,0.6180410508371874,0.6104167503184853,0.6235580555788767,0.6175865933207522,0.6258058864111727,0.6197201709782335,0.6263957686172447,0.6255558435206039,0.6252010381342785,0.6262253014203165,0.6204878209035857,0.6220957609516962,0.6089464251167171
1405681632,116,0.5077746157565161,0.5426518228586152,0.5515374081912113,0.5733192875898546,0.5755622157437779,0.5972268462360205,0.5869614149771727,0.608335456358799,0.602171203668588,0.6188715733645225,0.6112116733590219,0.6244691230071305,0.618397149548809,0.6267674187001873,0.6205912239917318,0.627390936804287,0.626509036850897,0.6263085556961256,0.627223386669523,0.6216906134289081,0.6232351144551979,0.6102570356581427
1405681632,117,0.5082779187808152,0.5432316030502582,0.5522098727958857,0.5739842578898914,0.5762765439115032,0.5979859886752675,0.5877035305294898,0.6091119535414725,0.602913201687444,0.6196412566994381,0.6119094107508178,0.6252892714986577,0.6192225530232415,0.6277817603063174,0.6214341121149953,0.6283525893970021,0.6274416308418491,0.6273164144039806,0.6281570508335683,0.6228358904036848,0.6244005576975101,0.6114925010063957
1405681632,118,0.5088132462657364,0.5438410442419698,0.5528830350523445,0.5747425467698993,0.5770267905041487,0.5987208804281472,0.5883932243233361,0.6098471858373331,0.6036629009788702,0.6204259984717161,0.6127105837219262,0.6261229115943245,0.6200115546233435,0.6286736089272272,0.6222111308589553,0.629294029589512,0.6283320929663365,0.6282783753516546,0.6290812936055405,0.6239112400017645,0.6254711853022914,0.6126753648884595
1405681632,119,0.5093656806186498,0.5444737545761316,0.5535406505814483,0.5754648093810608,0.5778226327051683,0.5994081454259145,0.5890900227104526,0.6105954597438001,0.604473726355625,0.6212324741835278,0.6135423861426024,0.6270448402684051,0.6208479697814816,0.6296421851420444,0.6230287094268485,0.6302792630779118,0.6292185247871291,0.6293532777060115,0.6300150485851296,0.6251060914668948,0.6265809656916246,0.6139759236748179
1405681632,120,0.509948437019002,0.5451316010410545,0.5542558699241598,0.5762359023871492,0.5785380460638626,0.600116139143089,0.5898707077491395,0.6113728906053228,0.6052748859597571,0.6220188621162511,0.614342834354798,0.6279318137296056,0.6216658970699354,0.6305543894999021,0.6238637953712255,0.6312809587776005,0.6300779391598802,0.6304291551227157,0.6309783673355163,0.6262880250748608,0.6277177259116223,0.6153223211037416
1405681632,121,0.5105309280746807,0.5457483914792285,0.5549634305673414,0.5769050901625069,0.5793085910586159,0.6009258751719885,0.5906398766054851,0.6121659192731769,0.606092291936546,0.6228373522356929,0.6151453167465867,0.6288412475168796,0.6225396900288711,0.6315091057575087,0.6246861190190885,0.6322810153264813,0.6309762279606809,0.6315646138613449,0.6319542113651455,0.6274098322892027,0.6287555568815825,0.6166242607881733
1405681632,122,0.510968645872186,0.5463007056433576,0.5555658015527732,0.5775571141705353,0.5799629354873784,0.6016428538986555,0.5913159209492258,0.6128812600557964,0.6068787496335527,0.6236396718283553,0.6158678917820832,0.6297433423574572,0.6233024714721617,0.6324901489324513,0.625522144429106,0.6332694946536539,0.6317844367584172,0.6326405127647539,0.6329474339052894,0.6285049912534356,0.6297911697549173,0.6178319118159135
1405681632,123,0.5115442922542733,0.5469474483175695,0.5562515485787887,0.5782575783947749,0.5807008347138295,0.6023553414108567,0.5920314828200754,0.6136040812175396,0.6076411570093369,0.6243794593096632,0.6166162589339772,0.6306072203531204,0.6241101857748491,0.6334136034669053,0.6263752915423538,0.6342586240907325,0.6326313792060765,0.63373714125018,0.6339306496078981,0.6296246620429432,0.6308587470896958,0.6190298234944401
1405681632,124,0.5121025292424188,0.5475207926530369,0.5569021993765589,0.5788654970601856,0.5814173534358319,0.6030658160930125,0.5927080822552209,0.6142901925842471,0.6083354096646906,0.6251299963980165,0.6174290639446866,0.6314199262812094,0.6248862531517355,0.6343553397374615,0.6271317378080982,0.6352341695532187,0.6334900512131643,0.6347988170327781,0.6348858198304088,0.6306893736069397,0.6318776219325589,0.6202226323728948
1405681632,125,0.5126555285030644,0.548125262362522,0.5575226261439006,0.5795006296700529,0.5820737133741919,0.6037441020905046,0.5933923264209555,0.6150237595499958,0.6090692637058182,0.6259276299219209,0.6182060280413063,0.6322458231886491,0.6256626647636638,0.6352312987994292,0.6279805222063639,0.6361746284946688,0.6343769624716649,0.6358824615901267,0.635871379397196,0.6317874233901435,0.6329822852825119,0.6214554613382588
1405681632,126,0.5132803744171388,0.5487884348601333,0.558160523885484,0.580222296849784,0.582796281415205,0.6044962439681606,0.5941633250843226,0.6157413515317973,0.6098541031166336,0.626704273627286,0.618952668801548,0.6331029207362009,0.6264640661626641,0.6361763102800797,0.6287412062745787,0.6371951097624845,0.6352278072956438,0.6369285827559693,0.6368106445555862,0.6329220155305285,0.6340151094159994,0.622675717923808
1405681632,127,0.5137978722771315,0.5494071185438987,0.5587348292486862,0.5808555844296643,0.5835087925737936,0.6051648148968366,0.5947949258840337,0.616431777150348,0.6105495680893133,0.6275083509784181,0.6196607780672534,0.6338704975285865,0.6272072331735966,0.6370459517008363,0.6295285837150467,0.63819026546625,0.6360533537119463,0.6379370753032497,0.6377423899168175,0.6340688188050879,0.6350733160705679,0.6238896487531872
1405681632,128,0.5142538278691965,0.5499607112123247,0.5592909784023172,0.5814993099865671,0.5841481875996978,0.605827202795735,0.5954947107715557,0.6171284684325413,0.6112213762488456,0.6282591984300226,0.6203896345814793,0.6346772416253883,0.6279404279657459,0.6379774341994795,0.6302993949920241,0.6390977221685836,0.6369309356896986,0.6388845526194274,0.6386392436613215,0.6351773701830241,0.6360625157417513,0.6250400102846109
1405681632,129,0.5147417636879206,0.550410050249948,0.5598638871370937,0.5821106019515542,0.5847587956933822,0.6064633759816832,0.5960827689081618,0.6177349580447752,0.6118635695360747,0.6289746498416224,0.6210918966833472,0.6354623665571334,0.6286668111490974,0.6388085666366637,0.6310159522921617,0.6399823236809957,0.6377164877232238,0.6398420715916951,0.6395101524940465,0.6361681827559569,0.6370685946610488,0.6261549645660093
1405681632,130,0.5152912950536995,0.5510123157004192,0.5603979514734279,0.5828164657104293,0.585446226177483,0.6071285108141795,0.5967935263460408,0.6184315726251751,0.6125617561013413,0.6296290436119166,0.621753647242691,0.6362599536304515,0.6293238958170534,0.639599788172536,0.6317553909443759,0.6408707529562202,0.6385535671615765,0.6408332956607661,0.6404151301641016,0.6371715221224079,0.6380072073002977,0.6273031393088483
1405681632,131,0.5158635195768104,0.5516169221984168,0.5609418069511729,0.5835253319626927,0.5861382223501146,0.6078145738655845,0.5974700402027506,0.6190557064128932,0.6132367860615083,0.6303602866296534,0.6224815601205121,0.6370299825486865,0.6300436891679447,0.6404497478435803,0.6324864244418368,0.6417283145158654,0.639271479759873,0.6417222261031402,0.6412149651903013,0.6381640295294426,0.6389154678368383,0.6284325028952005
1405681632,132,0.5164286641072804,0.5522060076883349,0.5615407072148739,0.5842428567430665,0.5867869781688941,0.6085360362079362,0.5981655612459071,0.6197743745913504,0.6139232133271256,0.6311014392094906,0.6232496444590306,0.6378382727450816,0.6308616557651063,0.6413144966582965,0.6332769810437513,0.6426463442247171,0.640081551812305,0.6426997707746596,0.6421744097002262,0.6392168685427018,0.639966112302608,0.6295797365816675
1405681632,133,0.5169673196508188,0.5527691910491533,0.5621034577881189,0.5848489075934736,0.5873884189947626,0.6091762653211822,0.5988171671728225,0.6204629826602439,0.6146583400824284,0.6317951498677851,0.6239408444711813,0.6385940083185884,0.631580841112941,0.6421305762096451,0.6340234559196245,0.6435183753187014,0.6409043766329601,0.6436241093877335,0.6430550391594804,0.6402636597370347,0.6409463546364862,0.630684153082732
1405681632,134,0.5174562708245357,0.5532954612380128,0.5626813042503043,0.5855345679460977,0.5880263070509262,0.6098382656443248,0.5994299136506201,0.6211529039380379,0.6152938397593094,0.6324662891570191,0.6246138963481642,0.6393162221801746,0.6322545195272901,0.6430024547734002,0.6347133654204004,0.6443178699734473,0.641655086167684,0.6445459295746939,0.643850159829682,0.6412569216715516,0.6418417943027703,0.6317749051735696
1405681632,135,0.5179637869756247,0.5538537361977879,0.5632596075212144,0.5861438384064529,0.5885627042540819,0.610360793166603,0.6000264305948128,0.6217181752317341,0.6158316153446705,0.6331557819258264,0.6252331333936573,0.6399490666890549,0.632881214687948,0.6437653336318435,0.6353666234448705,0.6451319508577505,0.6423526960761451,0.6453735575891566,0.644625105333694,0.642234224821749,0.6426925624306197,0.6327950820436758
1405681632,136,0.518469395566135,0.5544210862919594,0.5638837308074098,0.5867904482756917,0.5892010968605391,0.6109666916888492,0.6006135579074212,0.6223529164835273,0.6165022322420698,0.633855815435065,0.6259762972437736,0.6406605732713706,0.6334925205074894,0.6444923007402944,0.6360732417389758,0.6459880757777042,0.6430246139258323,0.6462794525080622,0.6454235333626356,0.6431736975707083,0.6435968728856667,0.6338703225392247
1405681632,137,0.5189663973741993,0.5549421592136815,0.564446653311329,0.5873332446790582,0.5897768547383361,0.6115229926088073,0.6012006934643619,0.6229223186320441,0.6170475429998769,0.6344555452942658,0.6265256859420263,0.6413531134503039,0.6341240109890447,0.6451774014941718,0.6366604629101359,0.6467434567936037,0.6436971406545013,0.6470887794941437,0.6461720044098352,0.6440835221322129,0.644459792120024,0.6348115923022759
1405681632,138,0.5194790103898601,0.5555165180401991,0.5650068929098544,0.587936921053368,0.5904051059853332,0.6120715353850236,0.6017808407524892,0.6234229350776714,0.6176488302738061,0.6350268111683391,0.6270969229515039,0.64201310687113,0.6347503038842429,0.645876908326124,0.6373289092167879,0.6475545075250133,0.6443422776899687,0.6479009781483198,0.6469236207183957,0.6450075377893287,0.6453047298867567,0.6357897157541622
1405681632,139,0.520000857680072,0.5560922767117512,0.56555333350648,0.5885491254381265,0.5910028756442416,0.6126493314625439,0.6023798205999049,0.6240132904171164,0.6182369359319027,0.6356288153928206,0.6277182267283311,0.642691689986102,0.6353754373715367,0.6466222203162665,0.6379572355884078,0.6482959044568559,0.64503309618278,0.6487464884947051,0.6476641204037862,0.6458584622521109,0.6461299602749166,0.6367706774887368
1405681632,140,0.5205014572364081,0.5565854492246063,0.5660871703227509,0.5891585809036065,0.5915645201914197,0.6132104777096801,0.6028721949698358,0.624516953116567,0.6187692649051897,0.6361109778476078,0.6282311068999844,0.6433464864411049,0.6359403672475623,0.6473553857778523,0.6385585952960648,0.6489946268155485,0.6456834618659822,0.6494863691425693,0.6484051357088885,0.6466996293941975,0.6468807344951245,0.6376986459095434
1405681632,141,0.5209723296482005,0.5571016957327126,0.5666563061381368,0.5897656436537893,0.5921566035567575,0.6137642598682546,0.6034716106632465,0.6250176396929711,0.6193458457555475,0.6367000287593981,0.6287974463083472,0.6439839566620282,0.6365535523215623,0.6480844037724233,0.63918089899616,0.6496774838920576,0.6462787541881245,0.6502395723364361,0.6490984256164662,0.6475077272275286,0.6477057085916766,0.6386792469682057
1405681632,142,0.5214507598018638,0.5575828829073847,0.5671571195285221,0.5903458278003172,0.592770205313824,0.6143046255029969,0.6040241533154936,0.625544679376739,0.6199367728493368,0.637253586163104,0.629433557097771,0.6446074228935024,0.6371465718160866,0.6487836430048683,0.6397914816579774,0.6504423653836375,0.6469505049776453,0.651014093966874,0.6498165383874062,0.6483759833790755,0.6485503990275293,0.639607310558
1405681632,143,0.5218928498250134,0.5580831728090565,0.567648286563575,0.5908600676462317,0.5932903885636654,0.6147778424245555,0.6045175964158418,0.6260464411753137,0.6204483955302527,0.637783256119248,0.6299762281208003,0.6451898785456001,0.6376670093402526,0.6494551959668239,0.6403585919579539,0.6511249224287593,0.6475139334680935,0.6517334567036523,0.6504632551563959,0.6491871825596953,0.6493298490611898,0.6405573269816407
1405681632,144,0.5223410432933143,0.558617034673831,0.5681702371290778,0.5914426673756286,0.5938482401888078,0.6152934612263173,0.6050721088816128,0.6265712599930969,0.620993141260646,0.6383597911361114,0.6305186498941221,0.6458438278342148,0.6382682557673113,0.6501526949878264,0.6409758369947481,0.6518280254479986,0.6481494113751062,0.6524923856565826,0.6511590010168006,0.6500308421720352,0.6500990564277652,0.6414784069814085
1405681632,145,0.5227792912375985,0.5590876587564668,0.5686612490916829,0.5920111516737643,0.5944062139025358,0.6158378664752083,0.6056282370107029,0.6270778387986764,0.6215491909825458,0.6388988445916409,0.6310550375051749,0.6464812300423544,0.6388426809179575,0.6508399943257319,0.6416042545430333,0.6525306946056818,0.6488120225002099,0.6532443206656264,0.6518604940666264,0.6508822618327307,0.6509115016834627,0.6423789658356952
1405681632,146,0.5232342499105811,0.5595662119624659,0.5691064320652143,0.592579611571208,0.5949254919189467,0.6163354237995728,0.6061563329856252,0.6275432632204834,0.6220849726797952,0.6393640965011046,0.6315648134624033,0.6470578594898464,0.6393603587336674,0.651449448708055,0.6421671345584776,0.6532185627881675,0.6493951142204225,0.6539830799893733,0.6525891802558472,0.6517016042497841,0.6515978093232571,0.6432545373621483
1405681632,147,0.5237170008629763,0.5600531036022839,0.5695655476530298,0.5930995015754602,0.5954668325226153,0.6168376342225246,0.6066635368781045,0.6280449044700577,0.622603470067399,0.6398758479128365,0.6320962101573062,0.6476480609874712,0.6398847004169815,0.652094588150095,0.6427409180446588,0.6538793672115811,0.649975412883649,0.6546732369381301,0.653231992150399,0.6524227019327588,0.6523141873658203,0.6441444682986116
1405681632,148,0.5241512501503266,0.5605410737746395,0.5700720660211887,0.593680438477265,0.5959957522798593,0.6173673778723733,0.607204730126819,0.6285684139348819,0.6231444587900804,0.6404215272278408,0.6326388621011239,0.6483182136884597,0.6404586834336645,0.6527605075480988,0.6433560165824459,0.6545752052951281,0.6505609168903602,0.6554022854186569,0.65392256079436,0.653218861964979,0.6530722225877965,0.6450427948727839
1405681632,149,0.5246255928336505,0.5610086891649984,0.5706264414091311,0.5941693398296876,0.5965294051688728,0.6178843762378581,0.6077549994675273,0.6291020820526286,0.6237215725805315,0.6409717147141073,0.6331914157518373,0.6489641575465463,0.6409925628500867,0.6534552404607099,0.643956942401108,0.655265647512113,0.65116532628178,0.6561181672347315,0.6546249899280965,0.6539696823025808,0.6538178289878117,0.6459617442339409
1405681632,150,0.525034282036213,0.5614353678672376,0.5710740771835559,0.594692860940867,0.5970150840959337,0.6184255450144124,0.6082886967229171,0.6295821789382363,0.624210393753673,0.6414809839644026,0.6337133741919234,0.649517532812806,0.6415254806481404,0.6540760641423894,0.6444804522430246,0.6559398874989505,0.6517297735986344,0.6567489435535779,0.655277194749951,0.6547723392942099,0.6545157137659866,0.6467923208238883
1405681632,151,0.5254395041369183,0.5619283972019855,0.571568882011786,0.5952372479999288,0.59753797619319,0.6189648279930455,0.6088239431412112,0.6301279189307452,0.6247703024807054,0.6420388299312617,0.6342767912792504,0.650143642612066,0.6421175039378703,0.6547298089973039,0.645144368192127,0.6566735851605812,0.6523690327989987,0.6574397532249393,0.6560255671061476,0.6555932770698353,0.655286643044078,0.6476880684057977
1405681632,152,0.5258772298052663,0.5624403470476208,0.5720563477369437,0.5957780622953572,0.598057026013106,0.619486244471055,0.6093043692473564,0.63064521296104,0.6252687144567826,0.6425564714615857,0.6348162247192997,0.6507101463043891,0.6426514743116712,0.6553967694612234,0.6456749952498574,0.6573495751384169,0.6529927002461237,0.6581421861260489,0.656667156410041,0.6563970610978794,0.6559971653800777,0.6485808673097402
1405681632,153,0.5262562809244818,0.5628517715540585,0.5725075354631821,0.5962558364515034,0.5985736807246336,0.6199931627983799,0.6098391501676651,0.631118979929027,0.6258056072735533,0.6431060320470505,0.635355465892735,0.6512692447196885,0.6432176990237508,0.6560001382804821,0.646249992454934,0.6579942306309926,0.6535555368986651,0.6588263828185403,0.6573047487822263,0.6571543961944333,0.6567337930610634,0.6494493748021136
1405681632,154,0.5266982828270712,0.5633399008010712,0.5729457764131596,0.5967982777024838,0.5990713593349811,0.6204951332774354,0.6102729442499403,0.6316010410544874,0.6263556987047878,0.6436340085068151,0.635883887751909,0.651884866875212,0.6438030108586738,0.6566147520517431,0.6468565017385436,0.6586651321980009,0.6541309626482995,0.6595226828414639,0.6579700418798732,0.6579520513069333,0.6574251455873485,0.6502869768968333
1405681632,155,0.5271223943169908,0.5638241690386496,0.573424403032166,0.5972906584046733,0.5995785950097633,0.6210393753673075,0.6107655975365683,0.6321221099498702,0.626862672346787,0.6442058167971596,0.6364266156791906,0.6525058159846822,0.6444243732413247,0.6573221825311923,0.6474773928139075,0.6593130232016488,0.6547352542106646,0.6602460181832462,0.6585966888834122,0.6587377891404259,0.6581798879322718,0.6511633323493328
1405681632,156,0.5275421448391812,0.5642688615780714,0.5738847843729885,0.5978082100364024,0.6000715240598542,0.6215120584506026,0.6112933745794127,0.6326582947458609,0.6274005498042103,0.6447073272066974,0.6369559274017339,0.6530970079370717,0.6449559661506601,0.6579863689888037,0.648015785882044,0.6599300043700178,0.6552833622873923,0.6609447418783326,0.6591752075758457,0.6594604427280105,0.658907194168717,0.6519859362924597
1405681632,157,0.5279854248093744,0.5647605622806515,0.574356145659929,0.5983376175852007,0.6006084404128924,0.6220519810676531,0.6118227169982038,0.633201552704854,0.6279641951693745,0.6452716992856252,0.6375236828131358,0.6536913638145332,0.6455144765289484,0.6586410249691582,0.6486101537571383,0.6606177343963483,0.6559202086386987,0.6616722646250562,0.6599022367056733,0.6602947444074336,0.6596514381877909,0.6528988618880904
1405681632,158,0.5284225622735712,0.5652186735163434,0.5748095845878026,0.5988603237726216,0.6011271359630338,0.6225893201582623,0.6123520009692136,0.6337156165612258,0.6284888237550864,0.6457747279665962,0.6380972699419428,0.6543023734044372,0.6461025814878067,0.6594000439971986,0.649216658572174,0.6613097774740719,0.6565960196350783,0.6623823420325218,0.6605764908301973,0.6611009501907076,0.6604146895381251,0.6537890727537251
1405681632,159,0.5288724180227674,0.5657185446146974,0.5753341475481942,0.5993687986740232,0.6016422111794552,0.6231220123674063,0.6129187173845434,0.6342200460543581,0.6290174137431231,0.6463033747674709,0.6386155918449676,0.6548872164570669,0.6466357666318697,0.6600423265001593,0.6497915092491534,0.6619841391789947,0.6572044550542309,0.6630591984894255,0.661251504211793,0.661885398466298,0.6610843842354908,0.6546432688139339
1405681632,160,0.5293137645873562,0.5662171522122408,0.575812274368231,0.5998961044412727,0.6021608177315086,0.6236504071866343,0.6134725778691966,0.6347488665939047,0.6296112836873479,0.6469133049282176,0.6391998467802871,0.6555864851817649,0.6472596234573084,0.6607017672739485,0.6504614956762657,0.6627125136428512,0.6578548715473093,0.6638031546469649,0.6619290991520443,0.662650333725128,0.6618257283183612,0.6555051527999328
1405681632,161,0.5297511929835723,0.5666892287571748,0.5762716858105483,0.600399129986322,0.6026935798684967,0.6241589407150653,0.6139846198852671,0.6352883263083188,0.6302126381428306,0.6475088792603111,0.6398073496444384,0.6562087553078709,0.6478533074755785,0.6613519733051185,0.6510475467376834,0.6633710892014324,0.6585013800594576,0.6644927623142863,0.662592801372081,0.6634201069943697,0.6625622956179658,0.6563320819890377
1405681632,162,0.5301832210292178,0.567117386045268,0.5767842465362965,0.6009057920316421,0.6032016260516527,0.624675447843108,0.6144766068506028,0.6357884764679604,0.6307539664030862,0.6480110718279917,0.640327283318356,0.6567798103423436,0.6483963884406052,0.6619526923447668,0.6515786838807577,0.6640018408131917,0.659104407068474,0.6651230681049056,0.6632135871914229,0.6641117091680997,0.6632654118871342,0.6571713459184425
1405681632,163,0.530544792074965,0.5675681035162115,0.5772026991598733,0.6014106154387371,0.6037276467131223,0.6251446695919068,0.6149942338190248,0.6362858377547589,0.6312943183416062,0.648516373739179,0.6408114785889004,0.6573546749846638,0.6489129757356839,0.6625416625246653,0.6521025314023795,0.6646405627009729,0.6596675857188257,0.6657829824779178,0.6638867613738499,0.6648401513680451,0.6639349201877112,0.6580325038514174
1405681632,164,0.5309743913701416,0.5679818409299868,0.5776342221066405,0.6018913650222892,0.6042487882690933,0.625689821460384,0.6155257693748963,0.6368288382741102,0.6318820889073637,0.6490139776513205,0.6413634865086791,0.6579102428376311,0.6494675448601518,0.6631301051907337,0.6526107758558904,0.6652917164088945,0.6602259440443452,0.6664852739115923,0.6645156352705328,0.6655366734172757,0.6646098298150306,0.6588399020376737
1405681632,165,0.5313972569282787,0.56847553700043,0.5781269160414488,0.6024176785909638,0.6047791320984168,0.6262268389545697,0.6160722326955221,0.6373650025568421,0.6324736747035463,0.6495416765251372,0.6419011710590923,0.6584885883433443,0.6500461758038787,0.6637694211869344,0.6532062290268991,0.6659382847024522,0.6608162050358339,0.6671309688268802,0.6650753187148116,0.6662473954556903,0.6652740145981687,0.6596433650585274
1405681632,166,0.5318266601794635,0.5689395142487506,0.5785679027081375,0.6029242484167212,0.6052765338914216,0.6267508114904417,0.6166379058337286,0.6379091211626794,0.6330062926544563,0.6500577071108715,0.6424642403043456,0.6590817134712977,0.6506180881699917,0.664387126206109,0.6538119567515296,0.6665849022822884,0.6614332403073802,0.6677850685758734,0.6657324453552603,0.6669639687117203,0.6659554851089354,0.660431837331696
1405681632,167,0.5322288007311714,0.5693411263276486,0.5789513241169412,0.6033807626121278,0.6057880879999719,0.6272685089061236,0.6171475368463811,0.6384419474375068,0.633561941686269,0.6505386506811748,0.6429718013389726,0.6595857902195775,0.651125085904088,0.6649617396891214,0.6543003322546411,0.667189841624785,0.6619566676402883,0.6684001654989072,0.6662924675374295,0.6676762334620492,0.6666059200547775,0.661224440548841
1405681632,168,0.5326428951229555,0.5697799353138955,0.5793551678920246,0.6038600773194845,0.6063097936681179,0.6277935361870379,0.6176261139163078,0.6389671811970528,0.6340822409057654,0.6510788346906221,0.6435390355453742,0.6601963071350613,0.6516812690150361,0.665592229671652,0.6548578544842503,0.6678283079666254,0.6625593189168876,0.6691043893000067,0.6669207835094411,0.6684274939931476,0.6673165761141162,0.6620675765898669
1405681632,169,0.5330322177451204,0.5702023737194846,0.5797579583091359,0.6043384390839556,0.6068352609268246,0.628298440256359,0.6181097081460676,0.6394293177357313,0.6345879374592329,0.6515708963769258,0.6440354721581513,0.6607144010384712,0.6522129859574884,0.666173280230745,0.655385678496184,0.6684415827644776,0.6631061536772482,0.6697568107447791,0.6675513510210591,0.6690893853277686,0.6679793279445831,0.6628311853346244
1405681632,170,0.5334399245383654,0.5706072488604206,0.5801774928760859,0.6048383353005379,0.6073476321936716,0.6288087630317009,0.618664161156025,0.6399919501005003,0.6351597880357752,0.6520729725858944,0.6445675524848509,0.6613007254786727,0.652712025957222,0.6668052763881138,0.655935689698598,0.6690404816111652,0.6636996449154761,0.6703869878066245,0.6681910443633418,0.6698439899845423,0.6686426782953967,0.663621121355939
1405681632,171,0.5338664294295754,0.571056485699739,0.5806387628321357,0.6053534965222084,0.6078952523614468,0.6293651600245682,0.619205746715037,0.6404979229480243,0.6357914768450805,0.6526474864013362,0.6451503622628059,0.661918979016399,0.6532479436915407,0.6673346324420739,0.6564861416126722,0.6696566788476522,0.6642289966373409,0.6710566820880595,0.6688320933865742,0.6705860865748453,0.669339511709899,0.6643824250128021
1405681632,172,0.5342787007515039,0.5714934211682381,0.5811168784766085,0.6058097068763875,0.608372073498603,0.6299177719247208,0.6197422550583495,0.6410060663096259,0.6363279594980602,0.6531906699494117,0.645708578937195,0.6625195490586189,0.6538200959441438,0.6679676593650974,0.657096332684464,0.6702823069548766,0.6648434708584795,0.671683932967962,0.6694220019407504,0.6712827013528633,0.6700382487948406,0.6651539128380448
1405681632,173,0.5346898456422707,0.5719134156361027,0.5815157019571456,0.6062958269982136,0.6088914264416775,0.6304246863660783,0.6201997667673007,0.6414568939286218,0.6367934531785113,0.653694816517301,0.6461991950899809,0.6630811466352324,0.6543431704214737,0.66853901503589,0.657635167958117,0.670865518491432,0.6653918780085247,0.6723252853654973,0.66999732602544,0.6719702921911692,0.6706985770670042,0.6659041067105114
1405681632,174,0.535094093453651,0.5723227925118962,0.5818633794512366,0.60679131721185,0.609374894451859,0.6309231204228295,0.620724636842019,0.6419505489468346,0.6373141508332393,0.6542211536327378,0.6467348350843469,0.6636174713415687,0.6548206670739016,0.6691378200581516,0.6582054451743149,0.6715129547978927,0.665993812345779,0.6729744648287056,0.67062803918333,0.6727047440934054,0.6713660317855513,0.6667033371065286
1405681632,175,0.5354702136080693,0.5727183755712008,0.582244264005661,0.6072302913273444,0.6098362857862479,0.6313949890257505,0.6211897765570842,0.6424366431989638,0.6378039507298175,0.6547078930640344,0.647257636998213,0.6641862863859338,0.6553205320412104,0.6696854048478598,0.658758890341461,0.6721556304496443,0.6665274596111637,0.6736176643438838,0.6711937344831308,0.6733322139199058,0.6720033102654209,0.6674224306463413
1405681632,176,0.5358604250463667,0.5731399928255775,0.5826949973668343,0.6077339224246495,0.6103482457010708,0.6319247010021295,0.62173740278276,0.6429219838804466,0.638346381496096,0.6551688278978178,0.6477892856870272,0.6647240709504584,0.6558180558841713,0.6702286751742087,0.6592621602643851,0.6727485479426962,0.6670562352599966,0.6741741304828996,0.6717649269964358,0.6739549385213057,0.6726168896589095,0.6681338296914234
1405681632,177,0.5362260683876225,0.5735257775772953,0.5830706743564676,0.6082449067874874,0.6108098339520939,0.632405026545751,0.6222499071503482,0.6433660287433114,0.6388618126813413,0.6556285862140442,0.6482309710389722,0.6652545930339282,0.6562983369595687,0.6707515770210986,0.6598059904745507,0.6733027486817247,0.6675519993625036,0.6747380643729127,0.6723133010505885,0.6745646975899883,0.6732190298385341,0.6688480998668562
1405681632,178,0.5366050549062853,0.5739190192429056,0.583486466574661,0.6087237366271759,0.6112570383905351,0.6329150940637442,0.6227465122882351,0.6437789070437203,0.639361783414255,0.6560768112565195,0.6487275948301966,0.6657355253712224,0.6567461009981331,0.6712740276903891,0.6603092788367659,0.6738542599183645,0.668056107139185,0.6753473090213088,0.6728543344411124,0.6751770386923993,0.6738096877685531,0.669565192782802
1405681632,179,0.5369626874177149,0.5743104468007367,0.583872989101197,0.6091456233358301,0.6116786089005563,0.6333924933949135,0.6232380377933359,0.6441813093291071,0.6398416280148531,0.6565139308343211,0.6492001431473371,0.6662239824320882,0.6571834682648638,0.6717875922402137,0.6607839614946797,0.6743651354623139,0.6685252681784689,0.6759178525648091,0.6733510969860731,0.6757762061171566,0.6743869452630286,0.6702454282670964
1405681632,180,0.5372902265879346,0.574676536161718,0.584240991054021,0.609582412149367,0.6121055233724195,0.633827041297027,0.6236655659101298,0.644557785053965,0.6402524743700967,0.65690468194666,0.649571124730641,0.6666202576516572,0.6576164423175589,0.6722098620322952,0.6612153564865344,0.6748236923851901,0.668957499603541,0.6764333156092874,0.673805725799681,0.6764050970624726,0.6749927704549483,0.6709022472224554
1405681632,181,0.537627134210403,0.5750332461149474,0.5845395244935853,0.6099988357481895,0.6125228501812012,0.6342676879304194,0.6240709757589786,0.6449280135220194,0.6406819732537499,0.6573101330262059,0.649997379273813,0.667086369394371,0.6579956964429093,0.6727095664855042,0.6616454635229703,0.6753316842085244,0.6693963192016665,0.6769435467748602,0.6742697102961143,0.6769822778609865,0.6755450530662266,0.6715745369315981
1405681632,182,0.5379538813969172,0.5754148672249587,0.5849360319807806,0.6104314416169004,0.6129787222264764,0.634741549274334,0.6245353588565745,0.6453262336689422,0.6411120572819843,0.6577353466783405,0.650440630648002,0.6675498961621033,0.6583818540623174,0.6731901714270953,0.6620909105167353,0.6758421663971157,0.6698612234881229,0.6774463258175792,0.6747595029435345,0.6776509109226766,0.6761777597769537,0.6722901814833643
1405681632,183,0.5382756812479441,0.5757914000604667,0.5853373815727116,0.610868265684519,0.6134353467635418,0.6351684831902182,0.6250015483689825,0.6456898224674533,0.6415250539864652,0.6581591246186997,0.6509070230805616,0.6680028517515838,0.6588410951350018,0.6736357034160002,0.6625188728974869,0.6763165609417388,0.670321046853416,0.6779876525028754,0.6752212332541028,0.678172309840791,0.6767244128011348,0.6729170308201126
1405681632,184,0.5386051621993553,0.5761072610995317,0.5856889685456994,0.6112512912798911,0.6138436611389546,0.6355823352910901,0.6254040382839392,0.6460709044982168,0.641948162641037,0.658565064080335,0.651337775092808,0.6684187159841287,0.6592467503549879,0.6740966972436878,0.6629273543272022,0.6767559125105401,0.6707316127218902,0.678430013542469,0.6756583246031254,0.678712224359653,0.6772457319321197,0.673514936868733
1405681632,185,0.5389149707175063,0.576484603149031,0.5860716984300226,0.6116338065880506,0.614255276181227,0.636008277608479,0.6258107994654045,0.6464664731896702,0.6423705545861537,0.6589706993535387,0.6518040330650523,0.6688620784330632,0.6596750221802695,0.6745375045097991,0.66337317083686,0.6772678900040163,0.6712076277436029,0.6789402029012473,0.6761578554459086,0.6792687658693871,0.67778365217707,0.6741882929020868
1405681632,186,0.5392896057949506,0.5768795538234739,0.5864527955093466,0.6120377115939635,0.614673749664853,0.636448823397185,0.626256067627015,0.6468823884671528,0.642802171662049,0.6593494041380382,0.6521898976549192,0.6692882606933321,0.6600840191997458,0.6749751517301708,0.6638453385909655,0.6777488595975709,0.6716584380752229,0.6794397155245491,0.6766454700317678,0.6798439230746315,0.678348287432869,0.6748295828469754
1405681632,187,0.5396647237061684,0.5772696069826256,0.5868239801702196,0.6124330316154977,0.6150922371222933,0.6368449242757223,0.6267338374584766,0.6472215724735639,0.6432166015596062,0.6597325888934732,0.6526003689574684,0.6697197620318611,0.6604803361113643,0.6754242808853722,0.6642850697036892,0.6782487046306452,0.6720932028408558,0.67994937497671,0.6771422362917126,0.6803963172495474,0.6788938638933947,0.6754649120010846
1405681632,188,0.5400380838738373,0.5776075038807325,0.5872066228785479,0.612846028255662,0.6155120780540784,0.637263605785462,0.6271614206070912,0.6475993494302602,0.6436121089570341,0.6601451903032598,0.6529946393196348,0.6701473427923768,0.6609269189753081,0.6758965429774373,0.6646953379407914,0.6787334075242445,0.6725389725571035,0.68044200158266,0.6776459986031149,0.6809347965495868,0.6794468102969363,0.6761133548999048
1405681632,189,0.5403712898885429,0.5779762515552961,0.5875394626549022,0.6132424387398779,0.6159010456298677,0.6376705273103561,0.6276053570151463,0.6479655771486852,0.6440125374303866,0.6604965664658385,0.6533822943444302,0.6705115408414879,0.6613017001313534,0.6763487043900107,0.6651228089814271,0.6792074286407256,0.672916058651933,0.6809196425517473,0.6780777983447784,0.6814806819004618,0.6799588126932599,0.6767220643049708
1405681632,190,0.5407206518521137,0.5782967093663973,0.58787432227618,0.613571488540005,0.6162792907043025,0.638032734005276,0.6279646412648192,0.6482468660106314,0.6443566097680605,0.6607879050324997,0.6537174836175319,0.6708683702371536,0.6616692221696884,0.6767618609953647,0.6654777317738136,0.6796092952556019,0.6732810007556042,0.6813465217910025,0.6784681563702725,0.6819737615384276,0.680435599114485,0.6772702367117526
1405681632,191,0.5410738280994163,0.5786599654241911,0.5882254557250743,0.6139346751935494,0.6166480805942504,0.6384320270628453,0.6283140095323034,0.648606967645289,0.6447214748477034,0.6611183907171909,0.6540287235038578,0.6712456390129059,0.6620317969091002,0.6771317902717405,0.6658704765404498,0.6800451955845295,0.6736911324434582,0.6818326673263,0.678958163095313,0.6825361835005787,0.6809175028934054,0.6779109108083908
1405681632,192,0.5414086768533288,0.5789512233089862,0.5885670283771304,0.6142827096101642,0.6170101866621891,0.6387836523661601,0.6287095874261887,0.6489014443931379,0.645045808496348,0.6614132944337168,0.6543413126521703,0.6715842148714074,0.662329814177371,0.6774917443259731,0.6662359548596536,0.6804396058965102,0.6740230931491898,0.6822394127976941,0.6793473032630901,0.6830496757199228,0.6813952613830353,0.6784799764923181
1405681632,193,0.5417374456406605,0.5793001462052537,0.5889072364423011,0.6146456251742739,0.6173172097199305,0.6391050985656572,0.6290462554098336,0.649218099871108,0.6453935339954403,0.6617281974297282,0.6546617551677532,0.671902534470901,0.6626325732777165,0.677908216509057,0.6666002558700692,0.6808286240393454,0.6743998994267936,0.6826689136136188,0.6797874390503313,0.6834658431727888,0.6818615439292194,0.6790057346737874
1405681632,194,0.5420673690697414,0.5796459047211837,0.5892467501668301,0.6149883543497434,0.6176682387501115,0.6394771098707164,0.6294253254593561,0.6495247830343086,0.6457506575832614,0.6620582464273256,0.6550037780203174,0.6722273095908053,0.6629560131109854,0.6782851249862598,0.6669434906830469,0.6812508492972363,0.6747557269681408,0.6830905244826967,0.6801912292803931,0.6839322483678346,0.6823195573354613,0.6795613428460394
1405681632,195,0.5423992904641045,0.5800193314088034,0.5895905314845791,0.6153689005422698,0.6180363335765906,0.6398575761685492,0.6298084726680142,0.649841021766133,0.6461019656469241,0.6623750078036031,0.6553196894058283,0.6725552118382275,0.6632750592535664,0.6786928264973768,0.6672926770987387,0.6817281590600371,0.6751750698018854,0.6835581847419645,0.6806175717770043,0.6844386464569489,0.6828017195912418,0.6801118982883738
1405681632,196,0.5427710879499142,0.5803829507623719,0.5899213811962531,0.6157470628247941,0.6184212329882,0.6402236656563389,0.6301495873305245,0.650181447778507,0.6464681078543415,0.6626956046460226,0.6556857064041299,0.6728917618596428,0.6636221191524213,0.6790901567578589,0.6676498657560581,0.6821566927501417,0.675558864297965,0.683960461860842,0.6810500583408581,0.6849385921776988,0.6833151571433712,0.6806778248197946
1405681632,197,0.5431209985054126,0.5807492711382687,0.5902522814086029,0.6160973071430368,0.6188032902231312,0.6405928572615767,0.6305172840700509,0.6505054194241812,0.646803470920324,0.6630547116153775,0.6560601534136213,0.6732329924094395,0.6639935699074396,0.6794787653097188,0.6680000187515954,0.682554026969056,0.6759617757249516,0.6844129919576964,0.6814917917021633,0.6854104489856452,0.6837722414165637,0.6812235160349581
1405681632,198,0.5435015082399852,0.5811371205124878,0.5906421701694978,0.6164730590261612,0.6192118057410644,0.6409610757902254,0.6308831747921665,0.6507974972629494,0.6471481670877187,0.6634212157677862,0.6564242458164044,0.6736252627865423,0.6643744132619962,0.6799399841755647,0.6683805564671992,0.6829986541597658,0.6763557411068115,0.6849215859374536,0.6819286390900865,0.6859267259107743,0.6842827994494521,0.6818103374437854
1405681632,199,0.5438233481233723,0.5814974460920167,0.5910053584183195,0.6168178226368177,0.6195824644167863,0.6412916315267885,0.6312521384523153,0.6511134296282015,0.6474748437848717,0.66371358091777,0.6567543029563062,0.6739397600883268,0.6646858252305943,0.6802482735227645,0.6687431363854787,0.6833312309174113,0.6767048237577781,0.6853550347658027,0.6822813589397748,0.6864316967255892,0.6847139736968784,0.6823642602231205
1405681632,200,0.5441686256401647,0.5818613046763496,0.5913470741331542,0.6171832759633952,0.6199655780371085,0.6416614893795651,0.6316394509277138,0.6514037444379145,0.6478005625052473,0.6640336663588279,0.6570837880950382,0.6742838552598439,0.66503631097305,0.6806147678616404,0.6691090168751574,0.6836974225505835,0.6771121232474183,0.6858011501972966,0.6826905801360087,0.6868982453194525,0.685167702124087,0.6829111745445388
942484272,1,0.5751826043153387,0.5075980186382336,0.5144404332129964,0.4024850978087482,0.42364201158592896,0.2905717404080262,0.36302577449416507,0.2276467131223239,0.2763831752161867,0.1581311392830157,0.21958693644530267,0.1216102762152632,0.1676181680799261,0.09377885987742424,0.14171773990429015,0.08538325917219378,0.11716060784149106,0.07472084627655108,0.09373688187389807,0.06414238938796071,0.07228612207203425,0.056586348753253295
942484272,2,0.5518848123583242,0.5246200990680884,0.5238225170010914,0.4546007891864663,0.46310133490051214,0.35914280916799596,0.41459575182604314,0.29382503568130297,0.33827974141549827,0.22153891360926875,0.284463940894971,0.17939299806901185,0.2294307782721854,0.14257828897657626,0.2038871631265217,0.13027873394341366,0.17341113256653515,0.11571236671983881,0.14276718999244395,0.1038325917219377,0.11283687347829738,0.08825875241373521
942484272,3,0.523423725967593,0.5188901015867684,0.5139926678420507,0.47006968348585343,0.47373576246047067,0.3901015867685333,0.4353678672375675,0.3320320152240226,0.37093163182492367,0.26079534324014214,0.3199843282120169,0.21743206559762682,0.2684353398819019,0.1785884196680939,0.24268883105252848,0.1633504043881006,0.21042173900875938,0.14822433045084374,0.17685332885567961,0.1320907844289592,0.1433548820418101,0.11476786164050037
942484272,4,0.49785912182016623,0.5050373604231383,0.5004932415414323,0.47374275879439176,0.4742255058349425,0.40952690790026025,0.4450402988833851,0.3561098984132315,0.389335488204181,0.28917597179078164,0.34244605826546887,0.24690412223994626,0.2962282763831752,0.2066682058601293,0.27021240869784235,0.191703047603056,0.23953698262110654,0.17481739568466123,0.20365628410712786,0.1559797666023004,0.168552178658383,0.1373730165393334
942484272,5,0.4785576357988414,0.4925950801779867,0.4889262026698011,0.47336075896230384,0.47284862731928473,0.4197044748551759,0.44962639576861724,0.3731844513474939,0.4019729661657293,0.30935269918562674,0.35981025942406186,0.26878515657795315,0.3151204768701201,0.22909075644362356,0.29065569641507855,0.2134497523297792,0.2619931156074217,0.19557551842834356,0.2253295273276803,0.17666862564016456,0.18991688355301825,0.15587272269330874
942484272,6,0.4632552542467747,0.4830758682450396,0.47964066828981616,0.4732390227520779,0.47153191727534777,0.4297847927685892,0.4529076763775781,0.38724708252875495,0.41188817059860633,0.32828897657627404,0.37449976212464664,0.2880880418660622,0.3325147622645733,0.24853076987658468,0.30792964486609015,0.23395040998516778,0.281420535639325,0.21537514342484534,0.24536842694428118,0.19556852209442252,0.2090154758906333,0.17307530853832592
942484272,7,0.45277474603307866,0.47519099991604397,0.47321203689266816,0.47184475334924497,0.46951197572472025,0.43626539693200755,0.45483166820586013,0.3976036556844214,0.4197140698274104,0.3426664427839812,0.38568789954064064,0.30477829617280544,0.3469781834318817,0.2663864135193158,0.3232186334360795,0.25125034481931463,0.29743814241337535,0.2330438850042577,0.2627823020737134,0.21219281096705322,0.22587764011657885,0.18894899072885807
942484272,8,0.44579590294685584,0.4692563596675342,0.46828037108555115,0.4718012761313072,0.46958693644530264,0.4427315086894467,0.4574447989253631,0.4079369910167072,0.42704222987154733,0.3555536898665099,0.39616216102762153,0.3197726891109059,0.3602867097640836,0.282532952732768,0.3372880110821929,0.26739988246159013,0.31208546721517927,0.24895579716228697,0.2780308118545882,0.2274945428595416,0.24190349256989338,0.20342540508773402
942484272,9,0.4401160458586368,0.46476646237371616,0.46380096829261463,0.47073200309704377,0.4685025046875437,0.44686517598111924,0.4586050243005998,0.4166783272232018,0.4327978805772442,0.36743346486441103,0.4049944495750893,0.33353855912835007,0.37179451300851685,0.29721359341038633,0.34988199516786544,0.2824466646144087,0.3254321402251887,0.26412559818655024,0.29225552477168637,0.24228770790772305,0.25609380684521316,0.21722683980261012
942484272,10,0.435609940391235,0.4606582150952901,0.46039375367307533,0.4700906724876165,0.4678994207035513,0.4515699773318781,0.4603055998656704,0.4236378137855764,0.4377214339686004,0.3779741415498279,0.4123121484342204,0.3450885735874402,0.38167240366048194,0.30996977583746116,0.3610612039291411,0.2949962219796826,0.33692804970195617,0.27680295525144827,0.30445386617412473,0.2549827890185543,0.2688229367811267,0.22994290991520447
942484272,11,0.4322093404874027,0.4583959823234443,0.4586554827088787,0.47017653658573805,0.46767312110272385,0.4558162431976553,0.4625021943047298,0.4303241465108646,0.4429671579365139,0.3875371123712991,0.41937170377267763,0.35536288075957284,0.39021607223269544,0.32147899954969045,0.37099014661771773,0.3070347501545554,0.34782210485342036,0.2891864662916631,0.315987513452042,0.2670106318834385,0.28103891742545084,0.2418200135856084
942484272,12,0.4301276131307195,0.45689208854560204,0.4570110262222596,0.470776313211877,0.46762446478045505,0.45936879075364506,0.4646999972014664,0.4367846248565751,0.4475484845940727,0.39654521030979767,0.42647552682394424,0.3655689418744578,0.39874205916099964,0.33249377326281027,0.3805480927993731,0.31812680155598466,0.35761411020625195,0.30044706573755353,0.32687221895726637,0.2779993283519436,0.2923068312204405,0.2527355665631209
942484272,13,0.4283855259843842,0.45547748364472407,0.4556550828904117,0.47118694419508794,0.46774474790594345,0.4625749953178381,0.46620124900705884,0.4426128401025555,0.45160904916592937,0.40460660152541605,0.4327350929651324,0.3753931401484084,0.4070284094211557,0.3430829937420484,0.3894137933261433,0.3287975562343794,0.367078266373036,0.3109116976550442,0.33698972507636776,0.2885923160879084,0.3022965197006,0.26335384873710793
942484272,14,0.4274080381879895,0.4546607577629322,0.4547687012005709,0.4716288664739676,0.46783285558367416,0.4652212240785828,0.467326121112537,0.4474135552970243,0.45511951737289663,0.4118971658850762,0.437836573635415,0.3835740072202166,0.4138761289084519,0.3525912421890929,0.39698298091799894,0.33891240989721383,0.3758110749967017,0.321110737973302,0.3468942274248294,0.29841263178094674,0.3124212912433884,0.27341173225229976
942484272,15,0.4266028601013069,0.4541012509445051,0.4540424817395685,0.4722525396692133,0.4685276914896594,0.46848011641899645,0.4691489659418465,0.4524920941426692,0.4592393585761061,0.4190188341309154,0.443326896706126,0.3918898497187474,0.4202921669045421,0.3614418044944449,0.40460638625360307,0.34833067472644336,0.38396999972014667,0.3304144628214815,0.3560490303081185,0.30795902946855847,0.3216102762152632,0.28346346514426446
942484272,16,0.4258642221475947,0.45333882545546134,0.4535539627235329,0.47313407774326255,0.4695502056922173,0.4714602048526572,0.4711401225757703,0.4568361178742339,0.46264482411216523,0.4253840987322643,0.44787906137184114,0.3996069809419864,0.42652537570313154,0.36996001595164135,0.4115890773234825,0.3571882083788095,0.3919801024263286,0.33948398539165475,0.3648780538997565,0.3169942700025187,0.3305662832675678,0.2925473301989757
942484272,17,0.42533841678725054,0.45252040871759663,0.45335503019946966,0.4735958357820502,0.4701363544326303,0.4740279622889371,0.47249453051307,0.4608666235363258,0.46597559349489104,0.4313462098801405,0.45224137845886403,0.4063446048388291,0.4322623180747406,0.3779082113913486,0.4177897840355183,0.36514936761372335,0.39890955962605,0.34768404885251897,0.3724683559932242,0.32522581696602737,0.3388563216404016,0.30046126417992264
942484272,18,0.4254727189619306,0.45239227977872926,0.4535443427643915,0.4744657132995644,0.4711541152436124,0.47635239134693425,0.47437242884728403,0.4647244843701901,0.4688709782740511,0.4367204917956324,0.4564781387886081,0.4126857526656032,0.4377186354350321,0.3849732740044217,0.42389621171839287,0.3728812768775828,0.40536758738421064,0.35567729176578144,0.37982164012724,0.3334709279004468,0.3469668560341048,0.30847302680062316
942484272,19,0.4255884653283784,0.4522776380965847,0.45373803074557356,0.47528379339752286,0.4721818398738008,0.4787149428436342,0.47605265367263344,0.46830218860054174,0.47144170139057656,0.4420084928129239,0.46035067098524585,0.4191039684678912,0.4428679372009067,0.39258712645100285,0.4295852131377894,0.38055269565063693,0.4120052671347582,0.3634566013724598,0.3871277766239964,0.34145570878754267,0.3548709949670583,0.31620262561365214
942484272,20,0.4256107799513056,0.4522479220888254,0.45404667953992106,0.476057845688859,0.47298925363109734,0.480983964402653,0.47749349340945346,0.47182016623289397,0.4740617916211905,0.4472693308706238,0.46443413651246745,0.42523297791957015,0.4482222315506674,0.39985097808748216,0.435391654772899,0.38790193938376294,0.4183150029384602,0.3709890017630761,0.3941293762068676,0.34916463772982953,0.36250734615061714,0.32389597850726215
942484272,21,0.4259308122543787,0.4526128308766206,0.45451383475059065,0.47712598598334466,0.47390167552202644,0.48329875145423795,0.47907096681338973,0.47540488783877244,0.47678616405003776,0.4522969963739001,0.4683265968632437,0.4308082564736079,0.45328847683813683,0.40624912545825986,0.44061511767833655,0.39477113992268054,0.4242596879235281,0.3780059248953548,0.4005661033618384,0.35663112529034785,0.36956834618659823,0.33123643210957454
942484272,22,0.426227474984926,0.4529999007792644,0.45526862106074595,0.47796154814876995,0.4749086024377771,0.4857351111653856,0.48066149701192934,0.47862747193198035,0.47929530380626,0.4568351638286992,0.4718728295464085,0.436273574465162,0.4576709077170835,0.4123537448195327,0.4460372764671312,0.40142801535631695,0.4293891818868731,0.3849211195151922,0.40687752345043926,0.3639130368414224,0.3764892650796437,0.33852779325451643
942484272,23,0.4267392581939238,0.45350114800714,0.4561147350092899,0.4791880359039689,0.47608896416538593,0.4877643245374207,0.482447719134304,0.4818782783908189,0.4820790427555091,0.46110646716772585,0.47507601668899413,0.4411358882728059,0.4617671644406157,0.41836008366398614,0.45050975897325446,0.4073089179530795,0.43458001920037376,0.391245943647268,0.41268940292677947,0.37025694188419184,0.38286494398674226,0.34533295857318597
942484272,24,0.4276264237539529,0.454107547645034,0.45692532113172696,0.48017588783477455,0.4774543139394958,0.4897696107239806,0.4840641004113844,0.4848424425600985,0.4844436515266,0.4652649511655892,0.4783865754344723,0.4461422214759466,0.46588412671760004,0.42408103153947335,0.4550398091400106,0.41341861864383067,0.4398805026166288,0.39741275571600476,0.41840350656256114,0.3767018582262894,0.38939495704250976,0.3519750650659055
942484272,25,0.42868273024934944,0.45475946603979517,0.45768785156577957,0.48132818403156746,0.47857778524053396,0.49183947611451606,0.4856619931156074,0.48760641423893886,0.4868659222567375,0.4693325497439342,0.48151624548736466,0.4509529006800437,0.46971874737637476,0.4295995298463606,0.45933338930400475,0.41903786415918065,0.44502056922172784,0.40357484678028716,0.4240298883385107,0.3827890185542776,0.3952615229619679,0.3585307698765848
942484272,26,0.4293929980690118,0.45542904748680924,0.45877921507591557,0.48274542601215426,0.47988607815658435,0.4936371033885937,0.4873549337070452,0.4901416273257429,0.48923587117273626,0.4731889720555659,0.48436803730229977,0.45552430526404164,0.47350380708201206,0.4346531648185581,0.46347106423926165,0.4245832875880731,0.44975555885638996,0.40913861136764335,0.42918633712857535,0.38874375980832204,0.40091253721511466,0.36461125139657585
942484272,27,0.4299822448592493,0.45616874535521157,0.4598861307785831,0.4838260307154606,0.4809373221765128,0.4956125212610814,0.48909349278755715,0.49282020665615667,0.49148934847029047,0.4768856674658034,0.48739105153344087,0.4600089553074189,0.47712665230086104,0.43984396620615246,0.4674888136394307,0.43014082842812584,0.454345034313131,0.4150707251622372,0.43440392789733734,0.39482333479478976,0.4065818400047264,0.37062690261414133
942484272,28,0.4307003130359691,0.4569665495280472,0.46102792136920256,0.48507681974645284,0.4820993799249193,0.4973763747796155,0.4906164169974933,0.49524299267184,0.4936043513199084,0.48044124878563627,0.4901036856687096,0.4644491286565839,0.48066613094738364,0.44481241829281454,0.47122707701164596,0.43530739892296433,0.45900248269906563,0.4205281432529354,0.4394557251999952,0.4006590546553606,0.412188013480936,0.3764422442640057
942484272,29,0.4316757329504168,0.45802923406066254,0.46212136564578093,0.48620950208297753,0.4833796056383697,0.49914885979057316,0.49228328493800283,0.4977505580179434,0.49558651956030214,0.48388334168068353,0.4926379266919307,0.4685266299769266,0.4838934743022243,0.44950480431012774,0.47500282265885785,0.44030438395108557,0.463259114293076,0.42598264716185275,0.4441707028275804,0.40628193585182054,0.41758415142189637,0.38230525825157274
942484272,30,0.4322922788458847,0.4590616516945121,0.4631908879747013,0.48724288472840227,0.4845353035009655,0.500832563736602,0.49366971706825624,0.4998992527915372,0.49767022080429857,0.4871883133238183,0.49514874205916104,0.4723127081409341,0.48692245263481937,0.4541264377466207,0.47860101306915176,0.4451501413259452,0.4673956846612375,0.43103153947331596,0.4488246159012677,0.4116894747152492,0.42289480312316347,0.38780399070886856
942484272,31,0.43326039091000185,0.4602603719521937,0.46447035946712306,0.4885237554876084,0.4858723706197307,0.5027542986829739,0.4954758545231976,0.5023656636180706,0.499735944816529,0.4904655766829794,0.497791415362866,0.47630003168662194,0.49032339312264883,0.45851083709555546,0.4822053888923494,0.45001096844608257,0.4714116254695442,0.4360228143678519,0.4535046216427753,0.41673053642471986,0.42798470375716663,0.39328649851993686
942484272,32,0.4341679959701117,0.4615271597682814,0.46539700696834857,0.48956846612375116,0.48728328855679626,0.5045349361934346,0.4970995823188649,0.5045480543195365,0.5017381517085048,0.4935642473343968,0.5002767924607505,0.4801247271429771,0.493326809251952,0.46283897237847366,0.48547036352951056,0.45460603643690706,0.47533661111577535,0.4407506716480564,0.45796427671899925,0.4216742926706406,0.4326580996557804,0.3985378536646797
942484272,33,0.43539458051253865,0.46263957686172436,0.46648374433614964,0.49068851558147164,0.48853364473379585,0.5062127445218706,0.4984735271445035,0.5068742160925856,0.5037424026173921,0.49641787703243495,0.5026369818578701,0.4835611594070162,0.49629321508256946,0.4670065612891572,0.48870410086932625,0.4589442404907101,0.4789817408405268,0.4451601906055772,0.4621422011229751,0.42656775122563045,0.4374896645067075,0.40327250339004184
942484272,34,0.43647987278195644,0.46353469605456155,0.4674979134462953,0.49175008765994854,0.48956229288793845,0.5079079150760296,0.4998222108085951,0.5088919288645691,0.50555961617289,0.49929995505884334,0.5049336500614855,0.4869695338466173,0.4990851264525624,0.47095862944287786,0.4919612123247418,0.46300750171615956,0.48247912211648153,0.4496622005363307,0.4659348501385274,0.43130299722945176,0.4421555457881247,0.40832621353469606
942484272,35,0.43736881873898076,0.4646281348573348,0.46847811746644763,0.49285414442831954,0.4906520983004905,0.5094462501649135,0.5012137639876705,0.5106768053539945,0.507317365700373,0.5019381843913789,0.5069947347589864,0.4903006824424002,0.5017474843182174,0.4747292418772563,0.4948546961392231,0.46724396416277875,0.48594216630485626,0.45402209242357006,0.47012245583314344,0.4360111301677921,0.4466627487196709,0.4132794415726159
942484272,36,0.4385710221177436,0.465832237241019,0.46957294377746056,0.4940041418296813,0.4919017434864131,0.5109282735846418,0.5026317876099591,0.5126447075065999,0.5090812414294908,0.504802983236784,0.5092281644418324,0.4935447159022006,0.5045056390451403,0.4784781108032724,0.49795473838375354,0.471338352036866,0.48929560910083114,0.4582808608289257,0.4740296084851538,0.4406221140122576,0.4509895148275637,0.41769396169740386
942484272,37,0.43962768914494205,0.4670415945287913,0.47085705468712774,0.49517706775703585,0.49319162164431246,0.5125729793264006,0.5040276192572389,0.5146639377182572,0.5107066599804405,0.5074369138679441,0.5114248242029286,0.4966678541525323,0.50735068877962,0.4821366576886685,0.5010244901941654,0.47512746564043684,0.49263569673274993,0.4623809015967525,0.47771762191206407,0.4450417170591799,0.45511416882418476,0.4221217271339007
942484272,38,0.4407624089187792,0.4682116044876695,0.472199514822654,0.4964263462787605,0.49450088153807403,0.5141311216080668,0.5054648732485231,0.5167127688249253,0.5126817758021112,0.5102603078092344,0.5136726776221892,0.49988511283245474,0.5101642002748455,0.4858721924448431,0.5040762850792501,0.47900326544680066,0.4959369711323897,0.4664938203960073,0.48126676358430287,0.44934028253405744,0.45930232558139533,0.4264644799809111
942484272,39,0.4419099776332587,0.4694432425101554,0.4736571882487423,0.49788280171959126,0.496128336444011,0.5158633798966265,0.507050151874264,0.518602713716474,0.514675079489117,0.5128743307737516,0.5159301141586424,0.50296536922345,0.5128506508743265,0.4895001173231381,0.5069941812028957,0.48262756469456164,0.4992433195774645,0.4703775221783786,0.48492666765691705,0.45354111368719713,0.4633854936936122,0.4308729917830749
942484272,40,0.4432299974813198,0.47056502392746197,0.47490974729241875,0.49904604986986817,0.49745403408613886,0.517460750566703,0.5085593149189824,0.5204653261690875,0.5164564268323399,0.5153817899420703,0.5180222063638653,0.5058790193938376,0.5152653009822853,0.49290361850390396,0.5096801276131306,0.4860821929309042,0.5023654604986987,0.4740733355721602,0.48829548316682053,0.4575906724876165,0.4672414154982789,0.4350033582402821
942484272,41,0.44433409576308847,0.4719351450084059,0.47626911790904497,0.5003706350555236,0.4990263150889422,0.519078490675764,0.5102129411017896,0.52256164111469,0.5183443875409286,0.5177730771514751,0.5201903958423347,0.5088757881114199,0.5177034550968463,0.4962772677848515,0.5124275367512302,0.4896539579114203,0.5054325679685309,0.4778622343355497,0.4917467149652606,0.4616218662396514,0.4709655555123262,0.4391810398668171
942484272,42,0.445354634171694,0.47321603479776597,0.4774628094878283,0.5015691777508586,0.5003428203621302,0.5205082536750743,0.5116688855039959,0.5243172577569354,0.5198136176643438,0.5200704830668729,0.5220534439953465,0.5116289064530187,0.5200365008735423,0.499528247198468,0.5149271781586449,0.49294369750250866,0.5083536227017043,0.48147870515849694,0.49495564324294067,0.4655770376322807,0.47463729006000854,0.4432357444698978
942484272,43,0.44655712034800743,0.4744109900365697,0.4785697410835792,0.5027441899514422,0.5016732627452052,0.5219974500803439,0.5130239196521488,0.5260136711618926,0.5213394692808875,0.5223996579280829,0.5239274620099068,0.514212971007843,0.5220413805491504,0.5025333237011712,0.5172461258207676,0.4961887877728814,0.5111749350317178,0.4849474689216339,0.4979674836432221,0.4693707009155109,0.47816948570112044,0.4471555509564151
942484272,44,0.4474988742262691,0.475582158585265,0.4797045893406401,0.5039964967447966,0.5029527709298509,0.5235582463879835,0.5143965471184008,0.5276596881415956,0.5229953595225193,0.5246973767563978,0.5257525511177598,0.5168541684157502,0.5243338854076827,0.505692789705467,0.5197372940215691,0.49938464063012794,0.5140378259973593,0.48843506002854503,0.5009969775837462,0.4731464803352134,0.481635577502843,0.45100689965730684
942484272,45,0.44880269405498185,0.4769671358874616,0.48116400339555404,0.5054030354760772,0.5044011604585863,0.5252129217623298,0.5157716023470368,0.5295245291467272,0.5247894103489771,0.5270030504015896,0.5276709670799168,0.5194227558092892,0.5266485694829243,0.5087398203341449,0.522180244218696,0.5025634567486638,0.516785604343324,0.4917797740650565,0.5040093657590089,0.47676657431505887,0.485216280002612,0.4548895045662739
942484272,46,0.4500571265874074,0.4781613999481663,0.48253532540253263,0.5065905465536059,0.5058632320142507,0.5267098735914554,0.5173451285439473,0.5313082901081573,0.5265866772767591,0.5291929637565568,0.5295260500888839,0.5220840801159322,0.5288434512489368,0.5117118629837965,0.5246493011574977,0.505813953488372,0.5193016685343836,0.4951150379809675,0.5069847747606342,0.4803506440885845,0.4885956715202973,0.45862702726380067
942484272,47,0.45109651904104375,0.47935128801018906,0.48383310974836424,0.5077150211587,0.5070799922117406,0.5281627746209923,0.5186900362082609,0.5329187931056041,0.5282020731774847,0.5313209495245768,0.5313102317364424,0.524533910188508,0.5309208187675616,0.5146628273167838,0.5270043603534726,0.508875221724242,0.5220697120666218,0.49841019476007337,0.5099434279416308,0.4839099205633269,0.49202060673398623,0.46229214189636963
942484272,48,0.45200777292698624,0.4804251322307111,0.48507244703775226,0.5089054585397251,0.5082198178154647,0.5294265804718328,0.5199552934262447,0.5343887303053201,0.529769400833963,0.5333768855119917,0.5329492346010691,0.526773220832284,0.5328897657627403,0.5173185500797582,0.5291528489071725,0.5117057411916156,0.5245615047714998,0.5015593079226486,0.5126930988162203,0.4873138975177007,0.4951908949710352,0.46597682814205355
942484272,49,0.4531988095380877,0.48165218568327334,0.48641797412441595,0.5101723839565211,0.5095058760637997,0.5308701097767627,0.5212888446454058,0.5360214104951863,0.5311699526590923,0.5354405719974162,0.5347689239409977,0.5290753359525323,0.5348845776241821,0.5200894731160871,0.531374702513026,0.5147017248675979,0.526960158591184,0.5046844025159387,0.5155181542014842,0.4905635161461109,0.49839798231441,0.4695728009951357
942484272,50,0.454279237679456,0.48282595919738064,0.48778188229367814,0.5113105532700866,0.510837880950382,0.5322827638317522,0.522621106540173,0.537687012005709,0.5326110318193268,0.5375031483502645,0.5365620015112081,0.5314532784820755,0.5369557551842835,0.5227126185878599,0.5337041390311478,0.5174552934262446,0.5295382419612124,0.5077197548484594,0.5183317941398707,0.4938787675258165,0.5016321047770969,0.47309377885987747
942484272,51,0.45545886896442733,0.4841265529803559,0.48912522779240153,0.5125975165483875,0.5120139399895631,0.5336177960395811,0.5239332236966653,0.5392123938820764,0.5340993084329694,0.5395465717140688,0.5382164451709657,0.533841678725054,0.5389366560157771,0.5253645913070962,0.5359381096070365,0.520315707510441,0.5319707767247609,0.5107677694535123,0.5212079458598988,0.4970524856739774,0.5047328141230466,0.4765565196778065
942484272,52,0.45649383569163604,0.48531012057374245,0.4903119611477432,0.5138979482443506,0.5134394192827574,0.5349636405907919,0.5253571359376917,0.5408114993897044,0.5355981542594758,0.541571139799668,0.5398992850823092,0.5362383188132496,0.5409802186731075,0.5278935760738296,0.538158812474571,0.5232001123718864,0.5344599045484782,0.5138906828206634,0.5238895203528735,0.5002591334448441,0.5078539230058835,0.4800087830899685
942484272,53,0.45763072979947184,0.48656862294723613,0.4916218241264219,0.5152324710153766,0.5147429916535057,0.5363379023354027,0.5266694968817471,0.542412832279659,0.5370444000551259,0.5434797071994653,0.5415716881335312,0.5383750235631246,0.542991811913199,0.5303976188175509,0.540138099711223,0.5260231940350049,0.536844806528926,0.5167690243519942,0.5264215890496021,0.5034429883269469,0.5107495370539046,0.48326661734911286
942484272,54,0.4587612757581694,0.48777274041735463,0.49301066241289565,0.5164693700500937,0.5160565863487533,0.5377397799108822,0.5280677369502825,0.5440388125511121,0.5386430843571302,0.5453175869177884,0.5431541649953202,0.5404434742861407,0.5448270661728809,0.5328656672792346,0.5421311455019793,0.5285971262169734,0.5391141708411459,0.5195912897197423,0.5289539392469457,0.5064249666508084,0.5136273037372862,0.48657558994642364
942484272,55,0.4599499316903397,0.4889216232512345,0.4942360384976454,0.5176918203952039,0.5173621022584165,0.5391334213599347,0.5294174216346997,0.5456575663443265,0.5401996626494989,0.547241281931904,0.5448767754787401,0.5427511620274613,0.5467497576724342,0.5353492951511589,0.5442173392051656,0.5313087215026598,0.5413048289968784,0.522420070065104,0.5315247174117127,0.5094168110455576,0.5165171995328993,0.48983292754596586
942484272,56,0.4609649543639133,0.4901261738848843,0.4955833143432841,0.5188743598354463,0.518725937608693,0.540491532437003,0.5307796214783453,0.5471323026733991,0.5415934550295645,0.5491232594120681,0.5465715964834427,0.5448594936253404,0.5485325689338786,0.5377809527807429,0.5462897441740528,0.5338215275195798,0.5433745217506026,0.5251455737193711,0.5340584033966201,0.5124149945428595,0.5193923384146707,0.4929476954076064
942484272,57,0.4620769243232335,0.4913230730255241,0.4968553320165496,0.5201045178642182,0.5199476526931467,0.5417268719611976,0.5321161185223153,0.5485464563936918,0.5429729558553423,0.5509782347733998,0.5481318315518457,0.5468246217929174,0.5502874388557238,0.5402016711664139,0.5480972181103417,0.5363566333346589,0.5454651236436318,0.5277121104330804,0.5363816728455342,0.5151724706779963,0.5220760111175429,0.49589720249747027
942484272,58,0.4632446391194462,0.49260970010335275,0.49798722710678917,0.5213132456523816,0.5211757315028994,0.5430397575118914,0.5334427173953952,0.5500927858629663,0.5444503631821064,0.5527258199462103,0.5495579281973488,0.5487436996806777,0.5519615307785618,0.5426445852718003,0.5499596142655732,0.5388470234700465,0.547566144305901,0.5303638479643564,0.538797084121024,0.5181359450406607,0.524861110709023,0.49891508573645343
942484272,59,0.4644318241648156,0.49379863934349244,0.4992806820073739,0.5225343614861067,0.5224440020547876,0.5442775443294833,0.5347378651552688,0.5513903257066178,0.5458342879178769,0.5543451502599078,0.5511284968032684,0.5507136972091031,0.553540453277059,0.5449406544868793,0.5518001448596868,0.5413689667292304,0.5496051933193786,0.5329093317813329,0.5411775754928146,0.5209662340323501,0.5274742475620741,0.5017979392357726
942484272,60,0.46552276607057896,0.49499902051325106,0.5005541096465451,0.5238553997705202,0.5236476086530657,0.5455342400582095,0.5360626031959252,0.5528104273360759,0.5472371477345871,0.5560266420395712,0.5526893907592422,0.5526103321859346,0.5552458511739848,0.5471007192231271,0.5535058629278258,0.5436991016707245,0.551630845436991,0.5354742115131671,0.5434913105532702,0.5236595024207316,0.5301395068983853,0.5046889429938712
942484272,61,0.4666818521520952,0.4961187550838115,0.5018174411034847,0.5248344621516685,0.5248076237559715,0.5467772592079783,0.5373012410349436,0.5542039250121461,0.5485898831635174,0.5576440568093138,0.5542149356360219,0.5546402209832212,0.5568960225497577,0.5492959394195474,0.5552726436920825,0.546014085340593,0.5537015652978168,0.5380905651340336,0.5457670344673817,0.5263704441823305,0.5328660241050084,0.5075230087630803
942484272,62,0.46781573552232825,0.4973824683607725,0.5031659539433594,0.5260649548668755,0.5259850612472613,0.547948358930888,0.5384633613276966,0.5555754913457607,0.549924033354909,0.5592627850103321,0.5556296565116007,0.5565640056223442,0.5585132745280184,0.5514169607383795,0.557054200373198,0.5482130911789319,0.5556113757681298,0.5404451293328748,0.5478711735695657,0.5289905508868192,0.5353705303582214,0.5103394530943205
942484272,63,0.4688156739201991,0.49852610565397065,0.5043603818265895,0.5271790914893928,0.5272090757776259,0.549067621899458,0.5396645491095998,0.5569734792302167,0.5512498117653016,0.5608034723138409,0.557018122503808,0.5583460933137702,0.5600678577758588,0.5535959157401521,0.5588464977685026,0.5504382370304627,0.5575491775642896,0.54279157721354,0.5499991337872289,0.5316141008778067,0.5377975274289606,0.5131024676402898
942484272,64,0.4698361808412392,0.4996969712870456,0.5056230847535891,0.5284564950465955,0.5284132052304592,0.5503598301989757,0.5409285534379985,0.5582182436403325,0.5525230091931828,0.5624029258668458,0.5584596171606079,0.5601472640836201,0.5616355154898833,0.5557048106792041,0.5605572055243052,0.5525905675426077,0.5594520034002183,0.5451440632608513,0.5522750766098564,0.5341969870287969,0.5402077124086978,0.5158794916463773
942484272,65,0.4709234514960315,0.5007355837848659,0.5067158347487455,0.5295518686669722,0.5295563893750445,0.5514527618297244,0.5421407490167459,0.5594479569628592,0.5537705934398068,0.5637981697590463,0.5597883016991405,0.5618206828852451,0.5631200635482393,0.5576797142912499,0.5622643580917446,0.5546547147756115,0.5613079054267871,0.5473944576119036,0.554281433451948,0.5366997539443178,0.5425876533004398,0.5184503012729023
942484272,66,0.4719338884606285,0.5018165026980408,0.5078155410201418,0.5305720711438116,0.5306623874544285,0.5524508793755708,0.5432029979926882,0.5606556709738642,0.5548830594586619,0.5652967844849299,0.5610729068877,0.5635591495510898,0.5645373642393203,0.5596329341606817,0.5638695323650407,0.5566747569728008,0.5630617738123406,0.5495537611019098,0.5563243042463931,0.5390560800685895,0.5447739929731366,0.5209909098541455
942484272,67,0.47293609193558694,0.5029334479479022,0.508956978185222,0.5316282327761745,0.5317403829646996,0.553510676823255,0.5443826539370982,0.5619238205747352,0.5561671952553578,0.5668765984534552,0.5625127656988335,0.5653121346503984,0.5660395445323964,0.5615297285714823,0.5655333023406183,0.558827472911657,0.5649487429780825,0.5517651437214064,0.5583907763675118,0.5415062208895077,0.5470968138068787,0.5235678295617873
942484272,68,0.4739316598102594,0.5040638411354803,0.5100599050803261,0.5326354284472583,0.5328484050827954,0.5545973321744113,0.5454918093507237,0.5631126936544075,0.5574030678512695,0.5684019220987027,0.56379607085887,0.5669586195657004,0.5675234706425598,0.5634880263918177,0.5671814733785379,0.5608100766962817,0.5667882382572709,0.5538620997891224,0.5603798021601387,0.543797256120146,0.549326623437554,0.5260825386321097
942484272,69,0.4749458240403768,0.505102456747447,0.511241587668931,0.5337563986036534,0.5339011922969755,0.5558453457344873,0.5465980174214798,0.5644252846291151,0.558588517008392,0.569902501523984,0.5651516866031764,0.5686614127240803,0.5689777686926833,0.5654710844560927,0.5688305414919104,0.5627796252155175,0.5685251363068361,0.5560521938678046,0.5623634954414322,0.5461727619944541,0.5515453380689388,0.5285243575844518
942484272,70,0.47597718795351235,0.5062925027285703,0.5124326852729171,0.5349610803938736,0.53498506782446,0.5570882857382732,0.5478045504155822,0.5658293054439474,0.559931395948523,0.5713847943677514,0.5666184919102392,0.570292166904542,0.5705194478093479,0.5673573047722993,0.5704378905453542,0.5647912493853221,0.5702705782170142,0.5582552742363002,0.5643246938604171,0.5484198280101227,0.5537972102618228,0.5308688247358384
942484272,71,0.4769925066307509,0.5073437856591315,0.5135334718410369,0.5360466889997527,0.5360047109962267,0.5581826953662196,0.54892624996896,0.5670595650132851,0.5611359366002074,0.5728454346260587,0.5678683806305215,0.5718285027096506,0.5718799405449573,0.5691809322900716,0.571943794409476,0.566696543968707,0.5718775755870121,0.5602656320763976,0.5661644284310514,0.5506840049616818,0.5558993284701915,0.5332294328476104
942484272,72,0.47794055914700695,0.5084970475470854,0.5146270021175571,0.5370782376701275,0.5370135215813581,0.5592653616171792,0.5500016324779149,0.5682504034552561,0.56236357148854,0.5742159441785838,0.5691331075849588,0.5733268267427868,0.5732521991809626,0.5709947154357784,0.5734591740594595,0.5686031352904412,0.5734323547794289,0.5623408334032967,0.5680521739941604,0.5528712954411888,0.5580684054888572,0.5355950148788701
942484272,73,0.47881375912446533,0.5095790353799814,0.51575037693947,0.5381672058635796,0.5380084945077821,0.560310890244197,0.5510613534398386,0.5693781390058459,0.563535145939692,0.575500602068078,0.5703459332515242,0.5747887011315659,0.5745471838510046,0.5727283287119194,0.5749014091958279,0.5704477155340465,0.5750250430418297,0.5642907500031626,0.569755365996437,0.5549474814923008,0.5600279700012536,0.5379124626367016
942484272,74,0.4797405078657702,0.5106856709786775,0.5168921755270508,0.5392301461061431,0.5390457832528187,0.5613661684520553,0.5522240400084409,0.5705275840864793,0.5646705180539451,0.5768186119122228,0.5716048304202112,0.5763318939794466,0.5759688409759772,0.5744553637677641,0.5763812464971059,0.5721664280349529,0.5766109909758638,0.5662117915077364,0.5714550710562801,0.5570100996807403,0.5619657731780979,0.5401094150989206
942484272,75,0.4806503792012985,0.5116575714325693,0.5179307642795175,0.5402373156466012,0.5400380600565304,0.5623367755296225,0.5532482579128536,0.571584249853077,0.5657319564548177,0.578035429434976,0.5727624324853776,0.5777214339686004,0.577121988078247,0.5760344779335628,0.5777376654632972,0.5738230767078052,0.5780186382335657,0.5679763803766826,0.5730232558139534,0.5590177147174881,0.5638614166176924,0.5423194246214983
942484272,76,0.4814606356795355,0.512575173766841,0.5188138783698394,0.5411666129053638,0.5409429143339416,0.5633199519241391,0.5542377899243953,0.5727489847951253,0.5668284292714828,0.579342845401641,0.5739044845763978,0.5791208038566737,0.5784209863505207,0.5776515737332586,0.5791047859342756,0.5755488071618893,0.5794687794122196,0.5698718345271289,0.5747357595146458,0.5609979055185609,0.5657099364143715,0.5445011024749347
942484272,77,0.4823038182537805,0.5135588951389473,0.5199335548172758,0.542128470136194,0.5418711504262677,0.5642219840439973,0.5552861209816965,0.5738109594208998,0.5678893350793275,0.5805268948162071,0.5749569044002761,0.5805377981937465,0.5795761202947838,0.5792157636671111,0.5804069576632753,0.5771512091300522,0.5809036065101887,0.5716313742508017,0.57634381402327,0.5628470681362966,0.5675295236205319,0.546568325470181
942484272,78,0.4830451920116936,0.5144851021141844,0.5208512278027851,0.5430909587991277,0.5428089527241571,0.5651859195012583,0.556168183256589,0.5748984455222387,0.5689703979730006,0.5817796090233333,0.576080825954892,0.581935142908193,0.5807936641200011,0.5806924863679124,0.581740321917469,0.5788196215952073,0.5824200426668734,0.5733361103397204,0.5780134286556922,0.5647182414876143,0.5693589635953837,0.5486019172107661
942484272,79,0.4838475018836966,0.515572776573936,0.5219029532322531,0.5440328002304008,0.5437548952197151,0.5662216289803383,0.5570783947186358,0.5759052636165485,0.570023560818688,0.5830532142929258,0.5771768251663977,0.5833374957092105,0.5820712478306936,0.582172738953143,0.5831127274118488,0.5805132793960268,0.5838832097550504,0.5750784563572233,0.5795716968359212,0.5666711655750615,0.5711697197250919,0.5506015607315438
942484272,80,0.48470531441524645,0.5165807866677861,0.5229094954243976,0.5449631643019057,0.5447112962807489,0.5671821215682982,0.5581001805054152,0.5769063260851315,0.571138023675594,0.5842419822013265,0.5782590672487616,0.5846229325833263,0.5832943287717236,0.5836983670556628,0.5844371799177231,0.582143082025019,0.5853087482159348,0.5768664469817815,0.5811922802451516,0.5685889094114684,0.572994500881538,0.5526419905969273
942484272,81,0.48550411436259244,0.5175488784617601,0.5239305714916495,0.5459322278089245,0.5457041991477947,0.5681484383664441,0.5590247006864699,0.5778894081723398,0.5721135458353156,0.5854780983653455,0.5793731492105544,0.585930009711948,0.5845478450773277,0.5851655954502063,0.5856465286264071,0.5837233141685608,0.5866379350553643,0.5786792165349801,0.5827365719622177,0.57052408241785,0.574770597984434,0.5547833675894571
942484272,82,0.486344862609066,0.5184273196942364,0.5248883487491579,0.5467747583193235,0.5466109417201972,0.5690312910181408,0.5599589229877691,0.5788833236749797,0.5731256821425573,0.5867168286744575,0.5804180804380457,0.5872594711590639,0.585738024494677,0.5866630763528691,0.5868550489299704,0.5852332645986187,0.5879864073176875,0.5803607446283513,0.5842242567333741,0.5723511367848125,0.5765120784026244,0.5568172277726471
942484272,83,0.4871527078846829,0.519331629262411,0.525852886822245,0.5476202518073301,0.5474341324663948,0.5698984334618299,0.560874679980943,0.579833564802405,0.5740557730881548,0.587831133112755,0.5814924545803059,0.5884355152117158,0.5867660044931636,0.5880824953748333,0.5880738974704965,0.5867144170671436,0.5892588909917227,0.5819486492692287,0.5856442308567661,0.574044646388425,0.5781412949253145,0.5587388593918954
942484272,84,0.4879902930864228,0.520276375179406,0.5268709196381096,0.5486035317493633,0.5483496647756576,0.5708218893299911,0.5618465923855899,0.5808366415998016,0.5751856027441621,0.5890613318621043,0.5825597386969228,0.5897829537322443,0.5879933914628734,0.5896075456460814,0.5893251935985544,0.5882647492713817,0.5906220140646301,0.5836596623369354,0.5871963091340137,0.5758632476582269,0.5798541564220349,0.5606202349968616
942484272,85,0.48881755371949803,0.5211737049785913,0.5279069767441861,0.5495305871488047,0.5492732866801325,0.5717389264495992,0.5626603189340551,0.5819109374922834,0.5761836562347212,0.5901840611989905,0.5836320356368557,0.5909786801127974,0.5891005348491507,0.5910157195276734,0.5905203790860648,0.5897158829949577,0.5918908374364774,0.5851229955503316,0.5886279119153328,0.577631650426941,0.5815281968718978,0.5625571024312672
942484272,86,0.48958896700919413,0.5220433330144306,0.5288257092818247,0.5504258326776305,0.550115878814385,0.5725540979317535,0.5635961872258006,0.5827733012087712,0.5771126162449016,0.5911884265668046,0.5845900701520775,0.5921553849968663,0.590126773570649,0.5923696680613778,0.5916521370708725,0.5910795766274287,0.5931311295206892,0.5866616358144612,0.5899339676242208,0.5792720428448981,0.5830378602542501,0.5643722921747144
942484272,87,0.4903132138069996,0.5229281925236693,0.5297522718785012,0.551283127641116,0.5509733589254403,0.5733505298396053,0.5644931710955873,0.5836669860854982,0.5780250459104257,0.5922522115652779,0.5855420035763328,0.5933412271280194,0.591196971407672,0.5937363993681105,0.5927795903911868,0.5925489526246867,0.5943762020425435,0.5882059180299868,0.5912654872295192,0.5808964378527721,0.5846271726029353,0.5660936427932453
942484272,88,0.49106488654490504,0.5237275894703902,0.5306763801222705,0.552082299784004,0.5518056265789454,0.5741479419329726,0.5653478259210355,0.5845842460368949,0.5788895482403584,0.5932741697895757,0.5865242976316773,0.5945144289846666,0.592263835568344,0.5950978278291266,0.5939348463223453,0.5939663298249899,0.5956921981972355,0.5898043061799254,0.5927127139924134,0.5825344792056235,0.5862304516069944,0.5679433067981469
942484272,89,0.4918364574715658,0.5245627920183307,0.5316962226400108,0.5529686938426287,0.5527616338027639,0.5750401621011264,0.5663143973232183,0.5855209847567965,0.5799006489139017,0.5943976816822142,0.5875024408558229,0.5957626742912556,0.5933406849866849,0.5964796019919271,0.5951396075198169,0.5954518483999778,0.5970196560822354,0.5913714921246435,0.5941552469202767,0.5842182516586029,0.5877434606288776,0.5696933907755932
942484272,90,0.4924518885437364,0.5252875493241542,0.5325837927592608,0.5538433194339499,0.5536352951053648,0.5759013610201588,0.5671853282213454,0.5864462355059282,0.5808720230599166,0.5954276625714792,0.5884457877405573,0.5969211466524874,0.5943903394621218,0.5977924234367858,0.5962858795324583,0.59687543727087,0.5981823524473175,0.5928548773775875,0.5955498652039665,0.5857904458063975,0.5892359070513717,0.5714624203583989
942484272,91,0.49311191704777463,0.5261416863717259,0.5334181811807536,0.5546461346562094,0.5544274800004798,0.5767062674543154,0.567936555091286,0.58734653810634,0.5816974982032491,0.5964110190875366,0.5893504111537862,0.598073071249127,0.5953578786254464,0.5990791594435285,0.597305012173621,0.598276964409111,0.5993559374887559,0.5943573259919495,0.5968801578741971,0.5873940516707706,0.5906877104089765,0.5731344467806562
942484272,92,0.49378406149960036,0.5269225013049683,0.5342859906626319,0.5555268604468651,0.5553019131018823,0.5774813562910426,0.5687125163805471,0.5882482579128536,0.5825721017838826,0.5973994626815549,0.590360390285925,0.5992360003358241,0.5963833212266338,0.6004487996116121,0.5984384182688272,0.5997447554872551,0.6005514632071924,0.5959247571663752,0.5982527112314886,0.5890389957401453,0.592250313009896,0.5748960588130081
942484272,93,0.49445303564158183,0.5277221832533946,0.5351373944569174,0.5563863890160264,0.5561742421164858,0.578293490340094,0.5695422050458463,0.5891269748845154,0.5834590416557208,0.5984257797301311,0.5913504549422555,0.6002836449184499,0.5973537608228773,0.601695550241351,0.5995334573715632,0.6010613664246387,0.6017569374293033,0.5974562232615915,0.5995465472866411,0.5906386343878389,0.5937684782206382,0.5766617647191581
942484272,94,0.49510956258920324,0.5284418836869905,0.535977828468946,0.5571414408637109,0.5569864795102686,0.5791035284744837,0.5703002052456427,0.5900187025402944,0.5843789131091053,0.5993601480483801,0.5922091504902495,0.601364374429501,0.5982709528292282,0.6029635577340453,0.6005775101506385,0.6023289753615914,0.6029242591775527,0.5988595380276055,0.600790972764314,0.59213099995177,0.5951895887406063,0.5783439052404625
942484272,95,0.4958212002174019,0.529133176320871,0.5368986650994879,0.5579353892244674,0.557808129592725,0.5799031412802849,0.5710988073828261,0.5908845870027265,0.5852179984004172,0.6003071022363229,0.5931916097017794,0.6025001215152733,0.5993071420049578,0.6042402202298627,0.6017043069431618,0.6036657843921364,0.6041067743660217,0.6002589380006981,0.602061782783716,0.5936865082696666,0.5966081773150868,0.5799866554136159
942484272,96,0.49649920941426695,0.5299119511376039,0.5377154870847677,0.5586751916995495,0.5586109128816501,0.5805977667702124,0.5718645929532925,0.5917591057285982,0.5860798316682059,0.6013296532616909,0.5940661468390563,0.6035920927434024,0.6002465333165421,0.6054211967928804,0.6026886911258501,0.6049283925223182,0.6052244249013516,0.601583270366328,0.6032838167800072,0.5952004274760025,0.5979456139982648,0.5815790026026362
942484272,97,0.4971320801096102,0.5306642824314699,0.5385509539393111,0.5593828627613563,0.5593954128861218,0.5813914539709027,0.5726111270271697,0.5926597349586754,0.586940772931891,0.6023389104933757,0.5949369334592385,0.6046922752683779,0.6012197855746269,0.6066358135553465,0.6036817738432896,0.6062004540548588,0.606293498083293,0.6029871893519548,0.6045135441811995,0.5966671196251927,0.5993498169845598,0.5831376523650061
942484272,98,0.49780258001949834,0.531420535639325,0.5394498996811384,0.5602285830796091,0.560188318463982,0.5821085465501792,0.5733998242064016,0.5934588846872809,0.587799564456796,0.6032838792472744,0.5958152213954174,0.6057194601457406,0.6022087283406352,0.6077703854608757,0.6047231250824567,0.60737544955015,0.6073775912850239,0.604266935554341,0.6056971861030533,0.5980974540769208,0.6006302697386571,0.5847124678097249
942484272,99,0.49840780400766965,0.5321797438748157,0.5402882828791653,0.5610008234473015,0.5610054876699155,0.5829392065224489,0.5742531519544364,0.5942249291674192,0.588640582637728,0.6041584512745625,0.5966393004005295,0.6067513350277183,0.6031166335506861,0.60887101219567,0.6056934045348117,0.6086420412673456,0.6083872051045253,0.6055958798801548,0.6069103426168323,0.5995061012271994,0.6019662666459745,0.586352569435434
942484272,100,0.49902065317773486,0.532980858030392,0.5410989841323146,0.5616778608009404,0.561786583830073,0.5836944840903366,0.5750193098816221,0.594996641759718,0.5894677189152884,0.6050465955839139,0.5974720846276551,0.6078049701956174,0.6040710267819662,0.6100247670220804,0.6066665267399883,0.6098224330450844,0.6094311980522206,0.6069095793804047,0.6080601964570564,0.6008903534547896,0.6032478381328183,0.5878956426832339
942484272,101,0.4996043261449812,0.5338118271570251,0.5418632913581005,0.5624084069056725,0.5625006753886705,0.584495071117388,0.5758326399342981,0.5958012852750307,0.5903574447781442,0.6060177338361827,0.5983025092871138,0.6089216973078384,0.6050584741120405,0.6112205125306419,0.6076690071828105,0.611042209921605,0.6105629956833312,0.6082413211516771,0.6092084777279676,0.6024113661471092,0.6046457596813328,0.589454294266636
942484272,102,0.5002070091742515,0.5345437814114816,0.5426113775205321,0.5631546716579335,0.5633024177683835,0.5852128778637641,0.5765687015298101,0.5965420002271751,0.591167581128665,0.6069192096282725,0.5991610984079637,0.6098445003053694,0.605977173843259,0.6124031007751939,0.6087189136421927,0.6122627625477192,0.6116503775551023,0.6095132033167561,0.6104037954699972,0.6037465779696145,0.6059804662356925,0.5909177708527791
942484272,103,0.5007996198341584,0.5352664136031553,0.5434386750274894,0.5639170123399028,0.5640702524304448,0.5859876609122839,0.5773173691936881,0.5973396542153658,0.5919872549890653,0.6077607954790912,0.6000201331395553,0.6108035894045888,0.6068189394970627,0.6134547244816532,0.6096669228819244,0.6134388298977937,0.6125870432243019,0.6107131125426198,0.6115665294298408,0.6050717579328238,0.6072819201961474,0.5923499775438058
942484272,104,0.5014474338523537,0.535984028984197,0.544209295867427,0.5646533908539618,0.5648810407961612,0.5868294821205996,0.5781202572928708,0.5981001724327222,0.5927766350432374,0.6086071859883883,0.6008396407974529,0.6117329327124894,0.6076445173498317,0.6145333499092629,0.6106225337922928,0.6145757315474384,0.6136142738128297,0.611957757212144,0.6126528160782212,0.606436438844507,0.6086088005269854,0.593899546637562
942484272,105,0.5020541236392131,0.5366951717300134,0.5449508457568234,0.5654229183907632,0.5657251600161516,0.5876500713626059,0.5789142489335587,0.5989325593389064,0.593590958337831,0.6095577917171402,0.6017175000299843,0.6127133382107776,0.6085223342968284,0.615636206627727,0.6116438985971351,0.6157733347725792,0.6147118909691323,0.6132694468098716,0.6138747296416678,0.6078450891732732,0.609913605270838,0.5954491846272554
942484272,106,0.5026370898630249,0.5374305184837862,0.5457607760703203,0.5661898071071135,0.566519690851805,0.5884809190173029,0.5797138525827561,0.5997219155275844,0.5944516959905463,0.610459572014453,0.6026267141678138,0.613698610607287,0.6094481397408135,0.6168093390761356,0.612625795403963,0.616975270995734,0.6157373159106138,0.6144926285041732,0.6150870528748597,0.6091491454704151,0.6111585453750537,0.5969268141229843
942484272,107,0.5032170058777051,0.538172913281291,0.5465128048603466,0.5669768854204509,0.5672950551481117,0.5892840749578062,0.5805165569876898,0.6005949891602594,0.5953112531650239,0.6113774512996312,0.6035381572205697,0.61466350510837,0.6104484427729964,0.6179424971968893,0.6136356324986642,0.6181523872145201,0.6168098757372632,0.6156941239426054,0.6161731439641515,0.6104633508490148,0.612404931591547,0.5984588187939053
942484272,108,0.5038087264495625,0.5387931168512144,0.5472629564330513,0.5676739832772072,0.5680692761437451,0.5900564215462208,0.5812826301240371,0.6014079733330846,0.5961475075949091,0.6122530682811095,0.6043262219485879,0.6156470676032425,0.6113742510035852,0.6190262968870978,0.6146007269968314,0.6193216976526522,0.6179111589971299,0.6169518838795138,0.617313749817318,0.6118154087258277,0.6136647729922854,0.5999441848027188
942484272,109,0.5043456861632027,0.539533266219877,0.5479743110023192,0.5684048897827081,0.5688570198390355,0.5908276906937462,0.5820608349848533,0.6021582855721216,0.5969510875383868,0.6130768028012038,0.6051206232154535,0.6166021848588037,0.6122133653341796,0.6200798121234015,0.6155246210618663,0.6204418242639022,0.6188678416913208,0.6181353447857543,0.6184095497262188,0.6131130040152539,0.6148595200335208,0.6014003707928605
942484272,110,0.5048808969554499,0.5401397485899208,0.548687233344273,0.5690915960036941,0.5695751062806725,0.591566619091596,0.5827707008800116,0.6028571755672755,0.5977457812106456,0.613935552316041,0.6059322551346731,0.6175510032742842,0.6130612649880552,0.6211595851046778,0.6164275192526388,0.6215244121171415,0.6198273559200433,0.6193026308759664,0.619504125292892,0.6143503713145221,0.6160691797498111,0.6027758908877202
942484272,111,0.5054794530909047,0.5408778772895976,0.5493869320584122,0.5698317324964961,0.5704413589981553,0.5923429096126603,0.5836383356742689,0.60367281058239,0.5985995230391167,0.6148189159691133,0.6067825864652328,0.6185462601380661,0.6139498578420584,0.6222289790420089,0.6173965922937462,0.6225795520984841,0.6208346286005593,0.6205097717984966,0.6205933496253369,0.6156414579300986,0.6172475892902389,0.6041262486565148
942484272,112,0.5060392104537222,0.5415777132782422,0.5500831314391259,0.5706107499670173,0.5712591602000552,0.5931203299471077,0.5843926532496971,0.6044214081821125,0.5993773012941218,0.6156955005577077,0.6076998152967845,0.6195278673974838,0.6148649357736546,0.6232856483202801,0.6183536077095602,0.6237091763915709,0.621841155234657,0.6216848621322427,0.6216335140386438,0.6169289792148915,0.6184319416625688,0.605531951257541
942484272,113,0.5065645424806252,0.5421760059675632,0.5507454624750082,0.5713852666866278,0.5720669448854817,0.5938178659868953,0.5851611100915863,0.6051734731708549,0.6002315848442319,0.616555827401309,0.6084964222110446,0.620389199245436,0.6157069801618642,0.6243106134509411,0.6192494778753632,0.6247731144632425,0.6227407104164143,0.6228398973804982,0.6226857303763977,0.6181249874623219,0.6195715568935682,0.6068221313978378
942484272,114,0.5071384699680525,0.5428205094214842,0.5514153215294134,0.5721384626034905,0.572810110659909,0.5945808606816343,0.5859576950099201,0.6059425387412785,0.6010741950165481,0.6174062159849291,0.6093622731162556,0.6213554623692974,0.6165232049984756,0.6252711999964651,0.6201347862141291,0.6258695706607632,0.6237382664115583,0.6238881352487086,0.6237220643751096,0.6192897027220894,0.6206455185903639,0.6081677411562657
942484272,115,0.5076918303504615,0.54350052746274,0.5521005427938369,0.5729201724383379,0.5735669987187583,0.5953236504071866,0.5867915299339668,0.606724511138772,0.6018331611626813,0.6182133431647033,0.610162327114505,0.6221946830295707,0.6173810836165329,0.6262621690581961,0.6210663873000113,0.6269367373235555,0.6246651797936141,0.6250283807806449,0.6247611816625479,0.6204535084485295,0.621824911572423,0.6094965194759685
942484272,116,0.5082939126104817,0.54416954481369,0.552814842264033,0.5736098767004709,0.5743437680034972,0.5960170835999178,0.58750097707422,0.6074774404418981,0.602607268274183,0.6190340571885159,0.610899371487961,0.6230813157353823,0.6182361132421783,0.6272469088266713,0.6219576803823762,0.6278975678813267,0.6256180899139885,0.6260964944024503,0.6258135047579895,0.6216652818750561,0.6230208818854782,0.6108110729288198
942484272,117,0.5087590512827688,0.544826049611542,0.5534584493110226,0.5742931729414812,0.5751112058307087,0.5967729320092682,0.588228434966744,0.6082189343040657,0.603302126096182,0.6197876415322473,0.6116033659900674,0.6239495632493701,0.6190173272282248,0.6281620738425373,0.6227616216282155,0.6288925628611634,0.6264682434609392,0.6271043716682202,0.6268008384119542,0.6228132868633247,0.6240880547823711,0.6121096135368657
942484272,118,0.5092728698297685,0.545486724278512,0.5541228091395364,0.5749922803163007,0.5758393110484682,0.5974675880008367,0.58894498604765,0.6089816563239506,0.6040467506890796,0.6205871513157614,0.6123914797459691,0.6248180360270879,0.6198361719475943,0.6291232716090666,0.6235921360258072,0.6298265810410261,0.6273559265114571,0.6281417689672985,0.6277653899187334,0.6239695823117499,0.6251652439206602,0.6133836547615151
942484272,119,0.5097925157805545,0.5461856810560678,0.5547809418452966,0.5756736411296951,0.5766186753435317,0.5981925471053168,0.5896985273834158,0.6097583689676022,0.6048451787733815,0.6213679326150744,0.6132432487729371,0.6256944890289253,0.6206423128398366,0.6300912439528746,0.6244718355816846,0.6308094558451371,0.6282787819182748,0.629231929527751,0.6287433620077197,0.6251438363944353,0.6262599574293658,0.6146412221172575
942484272,120,0.5103622701704307,0.5468233145831584,0.5553882265692777,0.5763877228332354,0.5773028433101055,0.598901925391095,0.5904667953992108,0.610494151064842,0.6056093107211821,0.6221776788962583,0.6140129572104217,0.6265395432793216,0.6214409649343744,0.631045182324462,0.6253333753113368,0.6317528615005737,0.629155472532393,0.6303000727618727,0.6297053843785856,0.626324056194554,0.6273686088489632,0.6159943189768562
942484272,121,0.510922954058024,0.5474393070923399,0.556073939569715,0.5771035316337214,0.5780319046703825,0.5996828405717056,0.5913347686803851,0.6112326892774301,0.6064097289053594,0.6229140228041167,0.6148261451495284,0.6274417494489086,0.622278801940841,0.6320031278816511,0.6261380028600549,0.632727855562363,0.6300398756340934,0.631401558806326,0.6306903612259243,0.6274344640102801,0.6284800979162952,0.6172709301978656
942484272,122,0.5113829205955096,0.5480324703298094,0.5567119386818357,0.5777494560063641,0.5787008427256248,0.600348417429267,0.59203402007512,0.6119233357786094,0.6071065319149815,0.6236465534682777,0.6155238097859672,0.6282717036600689,0.6230337434331951,0.6329667024970719,0.6269721059607388,0.6336813608030049,0.6308485337289818,0.6324154831392941,0.6316664166337495,0.6285462810929696,0.6295534090956011,0.6185479464498308
942484272,123,0.5119579291670677,0.548664792331745,0.5573576519074736,0.5784210537093197,0.579409072572801,0.6010543645861276,0.5927181473980805,0.6125870531646296,0.6078496818886415,0.6244586373325743,0.6162490367242687,0.6291011314949015,0.6238067837818837,0.6338941321576761,0.627843156527443,0.6347022940467,0.6317279989188105,0.6335289576554569,0.6327129462210582,0.6297154437416257,0.6305662662033388,0.6197178532107712
942484272,124,0.5124688211764132,0.5492706660419617,0.5579919348068064,0.5790323934774307,0.5800818435655846,0.6017716071617183,0.5933780376502068,0.613264778288435,0.6085947253961506,0.6252637166511845,0.6169805086650725,0.6299205667842954,0.6245609236244078,0.634797462903632,0.6286307587727258,0.6356698606059457,0.6325428378755339,0.6345858802245689,0.6336532237752578,0.6308230938601076,0.6316118740876555,0.6208986813490376
942484272,125,0.5129957182436403,0.5498752413735202,0.5586496515825706,0.5797185794643608,0.58075761900764,0.6024740156158173,0.5941210645621694,0.6139790109982368,0.6093362438082445,0.6259911006632525,0.6177677776844934,0.6307557719754849,0.6253318780958778,0.6357051465032323,0.629494416925531,0.636672655528503,0.6334517672739484,0.6356268995046594,0.6346520023507682,0.6318985811434809,0.6326625808076568,0.6220847955671227
942484272,126,0.5135432366773144,0.5505335204352919,0.559325913221472,0.5804008699441493,0.5814942969883782,0.6032102511617244,0.5949239265291654,0.6146925677611599,0.6101409528073957,0.6268165481287805,0.6185122329232815,0.6315883810216779,0.6261329063570689,0.6366440651765142,0.6303107171841955,0.6376868520895052,0.634296295407873,0.6366184119521371,0.6355649639588856,0.6329559977238594,0.6336586295447851,0.6233050548179421
942484272,127,0.5140639533231043,0.5511268945466277,0.5599835922197242,0.5810466339260275,0.5821840064467636,0.6038849815924803,0.5956235782843491,0.6153952179451668,0.6108268873409546,0.6275523121947093,0.6192261239362542,0.6323642474335575,0.626906445904236,0.6375827412892338,0.6311316807001005,0.6386189699589541,0.6351103360421817,0.6376577728388434,0.6364800749918854,0.6340992280674848,0.6347358393650547,0.6245470837847896
942484272,128,0.5145817810217446,0.5516768900596087,0.560561796868441,0.5816623027033835,0.5828380147552682,0.6045678626899504,0.5963382062799093,0.6160662281714382,0.6114775076609856,0.6283149504659559,0.619958048232726,0.633147012215599,0.6276764256779448,0.638516917135421,0.6319060374863571,0.639499464780455,0.6359670813743599,0.6386215341910839,0.6374294244815717,0.635136048085803,0.6357949059692721,0.6257031315590631
942484272,129,0.5150128309510003,0.5522476454895774,0.5611417756630409,0.5822550843822952,0.5834373021095086,0.6052447122359047,0.5969994513572562,0.616689738298062,0.6121082785178705,0.6290296442803506,0.620653568227923,0.6339137361789864,0.6284230783999416,0.6393871471813886,0.6326543960732018,0.6403728167370529,0.6367819076757267,0.639547574745252,0.6382667575213844,0.6361808737802787,0.636810869244051,0.6267748722925001
942484272,130,0.515548006690648,0.5528635456559224,0.5617347894318763,0.5829401393669718,0.5841336062979922,0.6059072738192879,0.597694438883256,0.6173133431927823,0.6127771355502025,0.6296784484929897,0.6213132011133858,0.6346415401406585,0.6290930167976596,0.6402184793629676,0.6334031890366371,0.6412837519293736,0.6375418972765963,0.6404667953992108,0.6391121975161937,0.6372403014666469,0.63777277629599,0.6279347468080573
942484272,131,0.5160147685666147,0.553445689115392,0.5622860643923348,0.5836371664911708,0.5847811471979522,0.6065478635759748,0.5983794567982255,0.6179706871767133,0.6134242450848885,0.6303631706146285,0.6220268518227746,0.6353973266100167,0.6298280311803638,0.6410066773865456,0.6340972902718061,0.6421323928551514,0.638289643097246,0.6413960153581814,0.6399687632382921,0.6382229910000442,0.6386950032076322,0.628997763950316
942484272,132,0.5165046697348772,0.5540393651908218,0.5629472883481783,0.5842787924582065,0.5854055202346697,0.607260477328062,0.599080172898492,0.6187039355014337,0.6141636328018664,0.6311609080478193,0.6227802540559656,0.6361909541218583,0.6306129678957317,0.6419400325138719,0.6349064908169938,0.6430626260930182,0.6391211459740551,0.6424320019945912,0.6409382847024523,0.6393071848533186,0.639728236949293,0.6301658385551426
942484272,133,0.5169925695777517,0.5546143294597841,0.5635193474408884,0.5849091917940262,0.5860953071117051,0.6079061939964511,0.5997703519145442,0.619390176389677,0.6148833800562189,0.631870899648584,0.6234844520418669,0.6368962663564293,0.6312964638108578,0.6427962274084169,0.6356536543272377,0.6439731896275825,0.6398732327418328,0.6433132196623707,0.641830102079142,0.6402693409705945,0.640686280389076,0.631291729449558
942484272,134,0.5174531381377054,0.5551970021440108,0.5640897602492115,0.5855292423784861,0.5867528698544052,0.6085598161488752,0.6004198426889982,0.6200621023837241,0.615532863764462,0.6325834516444726,0.62418659786451,0.6376060884395084,0.6319465764118706,0.6435810620309584,0.6363116622412244,0.644799363939266,0.6406306975741727,0.6442351670411272,0.6426616184462625,0.6412656931946765,0.6415864803261001,0.6323732483581589
942484272,135,0.5179053287188624,0.5557582937651782,0.5646085007011882,0.5860822706679477,0.587344720255475,0.609067248761649,0.6009959670021797,0.6206093340422952,0.6160974760336695,0.6331962051884813,0.6247946964679396,0.6382649713772206,0.6325385497999048,0.6443284607754426,0.6369434416365825,0.6456011716527207,0.641367923208239,0.6451120501745974,0.6434273329664145,0.642179808891252,0.6424577965590476,0.6334331476972732
942484272,136,0.5183727844256668,0.5563175043336115,0.565193074123277,0.5867370497859122,0.5879871300379776,0.6096715468153511,0.6016154740798174,0.6212367954485966,0.6166982324791221,0.633895324144266,0.6254349044630025,0.638975897218093,0.6332122556015941,0.645072893568476,0.6376600720046225,0.6464405739627729,0.6421223955118106,0.6459402332001561,0.644176848390267,0.643138510126576,0.643296853625171,0.6344567799414282
942484272,137,0.5188043071270071,0.5568746794198088,0.5657301997111178,0.5873001525302931,0.5885236428082488,0.6102198360467874,0.6021542376028537,0.6217564332056426,0.6172788816324479,0.6344754618652818,0.6260381895653101,0.6396047449238788,0.6338108612109153,0.645765093543538,0.6382341784291892,0.6471601727410166,0.6427990565060697,0.6467333453037032,0.6448654773511818,0.6440317390475712,0.6441132437843446,0.6354283931862039
942484272,138,0.5192545193275245,0.5573991402418177,0.5662853968868139,0.5878699995984712,0.5891594543589593,0.6107899895237504,0.6027384259343757,0.622303217461876,0.6179013066718257,0.6350465834163768,0.6266412486813432,0.6402761909281276,0.6344296892776012,0.6464941066533311,0.6389158602631351,0.6479259215996904,0.6434656066308211,0.6475779300342273,0.6455851916204605,0.644917802202081,0.6449701226122729,0.6364443292584252
942484272,139,0.5197577476596509,0.5579296448660902,0.5668326056139389,0.5884494654297551,0.5897725275408923,0.6113863673564548,0.6033250806793069,0.6228992123235338,0.6185362179570424,0.6356511633946977,0.6272332146875901,0.6408724418332851,0.6350797793467015,0.6471573643612185,0.639599511726359,0.6486773304888959,0.6441488401085026,0.6484176104670792,0.6463030062894525,0.6457766202452361,0.6458243362492442,0.637437191544724
942484272,140,0.5201965170250789,0.5584468738381089,0.5674130755484126,0.5890164553773822,0.590324969715869,0.6118935677704883,0.6038745697254638,0.6234138311524762,0.6190867985175768,0.6361394629214292,0.6277693488611968,0.6414844621418377,0.6356060424337646,0.6478828094078702,0.6402428127661106,0.6494362953812203,0.6447959269342863,0.6491766314451228,0.6469991724336447,0.6466036796718518,0.6466087770008515,0.6383852861100783
942484272,141,0.5206144746110485,0.5589823698339517,0.5679591128291329,0.5895917773129433,0.5908588580434916,0.6124977745703805,0.6044534791428866,0.6239178755438534,0.6196539821644096,0.6366991356103869,0.6282993668764376,0.6420997099647445,0.6361796206022087,0.6485753380122433,0.6408728209397,0.650207418972033,0.6454347283725456,0.6499603144122692,0.6476866547461045,0.6475104066745622,0.647436870739307,0.6393470247122423
942484272,142,0.5210759139675598,0.559516236027533,0.5684605069760347,0.5901451019947238,0.5914342996945656,0.6130745517517834,0.6050487713452236,0.6244372878189293,0.620258111510132,0.6372240241887899,0.6289182918854744,0.6427122047202195,0.6367578318538551,0.6492563389741521,0.641494546998218,0.650943440848263,0.6460869997079277,0.6507551310718818,0.6484241693972077,0.6483354834742652,0.6482204873941829,0.6402836885303087
942484272,143,0.521499783064723,0.5599783475696497,0.5689117364039704,0.5906713134066001,0.5919376987717178,0.6135405187541868,0.6055966953036888,0.62493593217294,0.6207792291664342,0.6377500846898881,0.6294023330376282,0.6432668163001469,0.6372780523145732,0.6499231186075279,0.6420817449698316,0.6516682880548216,0.646686409048931,0.6514886339418284,0.6491437367938081,0.6491678080965295,0.6489896217458975,0.6412145909669208
942484272,144,0.5219457504267764,0.5604847643168314,0.5694129609417998,0.5912047920223136,0.5925008628811835,0.6140600658588233,0.6061938544202837,0.625422403660482,0.621296898758384,0.6382437685985877,0.6299525298743459,0.6439003045737367,0.6378458521068293,0.6506412723066447,0.6427333743784923,0.652381901883413,0.6473215118611181,0.6522475139693469,0.64985943199097,0.650007521058965,0.649757693635202,0.6421375199395517
942484272,145,0.522416543386438,0.560945113036631,0.569918852176632,0.5917737588262372,0.5930238348208987,0.6146257154354565,0.6067853823906618,0.6259305365367858,0.6218815409690839,0.6387821746921855,0.6304745830426235,0.6444758394876947,0.6383878709625121,0.651322307111074,0.6433189836112083,0.653087699286953,0.6479469861240985,0.6529985322173939,0.6506046280025128,0.6508967370063604,0.6505565704260623,0.6430642205553256
942484272,146,0.5228892252240647,0.5613790291695371,0.570395961831069,0.5923185428917439,0.5935393552408674,0.6151146114504493,0.607277088175659,0.6263954810966725,0.6223860067187807,0.6392502383545542,0.6309377310946599,0.6450291143331305,0.638899463256596,0.6519813617664344,0.6438804696476033,0.6537890036032078,0.6485581418350483,0.6537441503939607,0.6512542222396012,0.6516765899600117,0.6513404784112303,0.6439756389569674
942484272,147,0.5233280618098973,0.561841023874918,0.570876574960435,0.5928781889718359,0.5940558575877669,0.6156842386018297,0.6077778101417713,0.626919494185047,0.6229193045701196,0.6398033144917777,0.631464541151865,0.6456119850341279,0.639466633769619,0.6526008942742575,0.6444454534395406,0.6544613479679505,0.6491055829602431,0.6544753406357926,0.6519021175761044,0.6524789581687767,0.6520754553185559,0.6448660901687516
942484272,148,0.5238063497970306,0.5623330807089517,0.5713453042497624,0.5933979378589402,0.5945866528101437,0.616199368287774,0.6082729001354642,0.6273887753087652,0.623478013737018,0.6403511857084184,0.6319760067346332,0.6461631537506779,0.6400147944098914,0.6532372982503114,0.6450493184814401,0.655171690034422,0.6497568112147073,0.6551816172649856,0.6525585593149189,0.6532923234711497,0.6527908565101076,0.6457731554071072
942484272,149,0.5243097717467188,0.5628024740539314,0.5718342246381016,0.5939124006403195,0.5950945462966667,0.6167768894468426,0.6087974062664989,0.6278723237614094,0.6239945704692351,0.6408993097013139,0.6324932849280936,0.6467258002444303,0.6405922222929682,0.6539164350363632,0.6456416971734998,0.6558110798263858,0.6504469107851916,0.6559158839694175,0.6532061897552259,0.654088573023977,0.6535304627891763,0.6466136710806489
942484272,150,0.5247653429602889,0.563303948730865,0.5722668121904123,0.5944387540928553,0.5955668429742814,0.6173131279209694,0.609302885288109,0.6283323538465843,0.6245257884868329,0.6414073825315535,0.632965885875801,0.6472596759298128,0.6411473987630482,0.6545571320627991,0.6461710463717012,0.6565015531861305,0.651036856687096,0.6565863487532533,0.6538149609604568,0.6548644110486106,0.6542221475946604,0.6474429798785436
942484272,151,0.5252335061196145,0.5638238013611994,0.5727640041121763,0.594972035977651,0.5960787540706154,0.6178645039006183,0.6098508752274735,0.6288393888225087,0.6250691525058087,0.6419618239247932,0.6335239672160132,0.6478665444207897,0.6417438719064853,0.6552568970415794,0.6467626063280589,0.6572165192061877,0.6517221267446587,0.6572576632096437,0.6545171389794396,0.6556611090755332,0.654992797019395,0.6483597164622162
942484272,152,0.5256822530257302,0.5642788178994207,0.5732217896769461,0.5954734455987167,0.5965993950748756,0.6183812839966594,0.6103698372579085,0.6293289816136345,0.6256324317636506,0.6425020657596472,0.6340211281919853,0.6483519214878771,0.642267044174116,0.6558574228157078,0.6473146229270599,0.6578980508950153,0.6523240900715394,0.6580035482459823,0.6551791466534693,0.656387947452377,0.655693101025589,0.6492174416395283
942484272,153,0.5261075745329056,0.5647289839731824,0.5736966378637202,0.5959562287400618,0.5970523210543558,0.6188737493710158,0.610921249814117,0.6297935176085377,0.6261021969585976,0.6430467689832489,0.6345452629880767,0.6488904911865399,0.6428398969920153,0.6565143002321685,0.6478972861357903,0.6585778071898168,0.6529025457327028,0.6587594375057274,0.6558072589570908,0.6571299776172188,0.6564358315458386,0.6501130662434845
942484272,154,0.5265837973629091,0.5651793005919444,0.5741674998664337,0.5964589100765745,0.5975206264644599,0.6193712676375761,0.6113875420188912,0.6302490222396192,0.6266323719098466,0.6435699511637719,0.635064771514272,0.6494313343444399,0.6434004036430365,0.6571304818093502,0.6484655676788998,0.6592021235418096,0.6535563546519806,0.659453173809651,0.6564621047661934,0.6579062571212685,0.6571304818093501,0.6509992400345855
942484272,155,0.5269747942400762,0.5656647013738995,0.5746488066059837,0.5969746046619958,0.5980194507110532,0.6199051567946139,0.6119358359445457,0.6307251903228515,0.6271619348880542,0.64411752757684,0.6355705352330863,0.6499773860432617,0.6439951143020411,0.6577955860806356,0.6490460160166396,0.6598370711811528,0.6541949566814086,0.6602146023870589,0.6571418125289444,0.6587093524283598,0.6579101454063877,0.6518793958417403
942484272,156,0.5274046399686565,0.5661137410150927,0.5750542484968645,0.5974567788017541,0.5985334069562933,0.620415517653365,0.6124275879439174,0.6311831446475893,0.6276871304052061,0.644600767659285,0.6360824620206704,0.650512131643019,0.6445135825750384,0.6584362870778789,0.6496069136695449,0.6604897110836999,0.6547782807962473,0.660839527779751,0.6577885880106517,0.6594620572666077,0.6586168463109945,0.6527022532500663
942484272,157,0.5278493305176877,0.5665589320368102,0.5754692311929186,0.597971847465304,0.5990488372627775,0.6209856863029249,0.6129676202536113,0.631661200613681,0.6282115178016145,0.64512945535011,0.6366450858730917,0.6510750914291611,0.6450700979183723,0.6591083979001373,0.6501729654170769,0.6611810952462185,0.65543117826641,0.661525475300624,0.6584359477162629,0.6602613224301039,0.6593776453495056,0.6536076751832994
942484272,158,0.5282336612577035,0.5670149601102693,0.5759560091777731,0.5984851785765526,0.5995805919217317,0.6215489033113737,0.6134787649752542,0.6321347993398295,0.6287295330664453,0.6456575615137161,0.6372053702087953,0.6516242830528955,0.6456442773353851,0.6597781117125007,0.6507863170837722,0.6618685100146763,0.6560566819948372,0.6622641128453753,0.6591160282644806,0.6610632231242475,0.6601176553106425,0.654459658075877
942484272,159,0.528617381850401,0.5674734363721712,0.5764105269216289,0.5990071014109362,0.6000940412884025,0.6220546094223985,0.6140547636057574,0.6326264659959691,0.6292447285924062,0.6461742726056829,0.6377359018591239,0.6521876876139545,0.6461967136767504,0.660393991284416,0.6513618561986727,0.6625538783715069,0.6566394680885329,0.6630111481960811,0.659797322806623,0.6618143790766846,0.6608483569703815,0.6553022442655144
942484272,160,0.5290104735118798,0.5679314289312399,0.5769047519099991,0.5995518848123583,0.600614453026614,0.6226164364872807,0.6145897174880363,0.6331314016455377,0.6298411132566535,0.6467611346654354,0.638298893879607,0.6527721224078583,0.6467708420787507,0.6610047959869029,0.6519561749643188,0.6632674103769625,0.6573259487028796,0.6637519939551676,0.6605097179078164,0.6625936634203677,0.6615631034338006,0.656174701956175
942484272,161,0.5294182370177158,0.5683761708864554,0.5773185285692906,0.6000779070028175,0.6011377864086176,0.6231454717727911,0.6151086395945916,0.6336587454260925,0.6303842004181114,0.6473227159403255,0.6388517634151011,0.6532979327528027,0.6473508750979704,0.6616904046627393,0.6525313779058034,0.6639726000966797,0.6579277675889138,0.6644552167707599,0.6611629419227802,0.6633671782073151,0.6622556736791659,0.6570058159089854
942484272,162,0.5298222620235886,0.5688216411637339,0.5777997514487594,0.6005583074468979,0.6016512902794492,0.6236716034871801,0.6156273742188721,0.6341422650086909,0.6308944113284639,0.6478317583808306,0.6393646395955187,0.6538237296989712,0.6478571524817293,0.662299658682554,0.6530937788598774,0.6646048211477927,0.6585104960556224,0.6651290279449125,0.6618093970611252,0.6641070449454856,0.6629187046728255,0.657822523220055
942484272,163,0.530214891323327,0.5692639633519152,0.5782526643155551,0.6010459476289639,0.6021662195022078,0.6241825234497369,0.6161258371778832,0.6345861149125956,0.631404027725055,0.6483335247667645,0.639867617343972,0.654338182007352,0.6483425384485033,0.6628718208100672,0.6536412956420652,0.6652406163710094,0.6590883922836703,0.6657719085260674,0.662428347668521,0.6648213514032758,0.6636263947384822,0.6586402835343728
942484272,164,0.5305894223621944,0.5696832298899767,0.5786972382569094,0.6015557969575162,0.6026671901972148,0.6246879805713513,0.6166729974956537,0.6350626905647783,0.6319189476421672,0.6488355711363344,0.6403972245372693,0.6548238357247144,0.6488921390557201,0.6634846145497808,0.6541358060083833,0.6658422937600209,0.6596559134720723,0.6663997821239231,0.6630932464559303,0.6655146605617681,0.66431316819255,0.6594452555641331
942484272,165,0.5310069887015567,0.5701200570900847,0.5791277734103693,0.6020816001506121,0.6031765900122881,0.6252397198413485,0.6172221755799961,0.6355685984180653,0.6324668055756966,0.6493882660031598,0.6409422916936981,0.6553577925167212,0.6494182866359847,0.6641103334579953,0.6546716429681756,0.6664862884575755,0.6602280041621826,0.6670439598741169,0.6637025107934351,0.6662234807142875,0.6649811862220559,0.6602295306350381
942484272,166,0.531372235647316,0.5705544029868108,0.5795457878866656,0.6026073903539605,0.6036887032640679,0.6257769723845429,0.6177786454355749,0.6360436288011588,0.6330052811362991,0.6499150830506983,0.6414651132445153,0.6558946726373212,0.6499932228283464,0.6647348355726659,0.6552387031123402,0.6671136733989944,0.6608280995698013,0.667706675918686,0.6643600680954023,0.6669230022263515,0.6656752945793754,0.661033184876185
942484272,167,0.5317499498526245,0.5709646947394775,0.5799492443205271,0.6030871679527353,0.6041801042361588,0.6262974847886295,0.6182706369646737,0.636526292558029,0.6335046304000177,0.6503868260456671,0.6419562855650465,0.6563336260901085,0.6504748038973686,0.665318678401739,0.6557459340407423,0.6676963426852951,0.6613483636370949,0.6683461219614335,0.6649828543735298,0.6675983102219706,0.6663369591938615,0.6618133894246601
942484272,168,0.5321291643178974,0.5713908411992116,0.5803676373580244,0.6035679803782819,0.6046956394849099,0.6268392862140238,0.6187675158217095,0.6369717268151488,0.6339920381719979,0.6509109226765175,0.6424948327076612,0.6568997845129152,0.651053348045624,0.6659605366787804,0.6563045963914909,0.6683380408665859,0.6619671292242865,0.6690094390539357,0.6655699913245461,0.6683098056618332,0.667031725375903,0.6626420255785967
942484272,169,0.532519539642884,0.5718159187544307,0.5807828177325023,0.6040567641963895,0.6051926541971298,0.6273123297593244,0.6192801244337316,0.6373818344039794,0.6344706971180237,0.6514109328605302,0.642955966813035,0.6573735480951176,0.6515733802824598,0.66655033709082,0.6568280824398312,0.6689145183781686,0.662480706263764,0.6696668933644451,0.6661889288356098,0.6689885387630847,0.6677172759107364,0.6633647282433471
942484272,170,0.5329161872120185,0.5722599475521886,0.5812170657869393,0.6045812817612983,0.605722342668912,0.6278610478697398,0.6198215194061841,0.6378772464405122,0.6349975553986182,0.6519388899040433,0.64344155427262,0.6579380404667954,0.6521011225412001,0.6671299885918602,0.6574301066241289,0.669547674665534,0.6630897292171842,0.6703274778133905,0.6667721878441579,0.6697291677984265,0.6684026628870001,0.6641559705067486
942484272,171,0.5333577836792468,0.5726960826912663,0.5816847761246791,0.6050972097638382,0.6062659657567505,0.6284035937098785,0.6203975783356188,0.6383739832608414,0.6355783955172402,0.6524938125404744,0.64396712263125,0.6584541980703866,0.6526793995034321,0.6677441020905045,0.6579607724149037,0.6701751440140103,0.663653333372611,0.6709847548656432,0.6674509925220237,0.6704724268343037,0.6690545031596427,0.664931821339653
942484272,172,0.5337571484635075,0.5731557012962416,0.582110439246114,0.6056073826617178,0.6067698316779682,0.6289488610293786,0.6209112936449208,0.638905213668038,0.6361136764335488,0.6530059179222646,0.6444773055198145,0.6589855869013009,0.6532172722888555,0.668333258488831,0.6584867320221878,0.6707670064607075,0.6642152651545473,0.6716148645086718,0.6680445376855086,0.6711694583666066,0.6697109668022329,0.6657259851651688
942484272,173,0.5340968153496816,0.5735973887255332,0.5825360343549922,0.6061017090628326,0.6072758799244686,0.6294460893243385,0.621411790626336,0.6393626040532795,0.636565849899277,0.6535094338890122,0.6449903256473954,0.6594450750581261,0.653760331320492,0.6689124494140793,0.6589949640954614,0.6713840560263186,0.6647660903143401,0.6722876750155173,0.6686523313806686,0.6718494537763946,0.6703528044946068,0.6664840340424624
942484272,174,0.5344202741211881,0.573977063604878,0.5829309235064274,0.606600003667044,0.607751744982181,0.6299465287086118,0.6219260762532848,0.6398535787936777,0.6370680728815342,0.6540349063987022,0.6455090291308044,0.6599699688397762,0.6542785718214691,0.6695100732733289,0.6595653877368259,0.672028994737792,0.6653532859126646,0.672941654435145,0.6692603765282163,0.6725172905949007,0.6710256239523593,0.667238677277934
942484272,175,0.534812478261391,0.5743612746920614,0.5833376110917879,0.6070777312688151,0.6082178538445854,0.630443647528695,0.6224529546517624,0.6402708180913202,0.6375679144128477,0.6544920061887571,0.6459488827854204,0.6604691941422695,0.6547623445314655,0.6700871943101815,0.6601134605466735,0.6726207467287142,0.6659069047818943,0.6735488204181008,0.6698295693056838,0.673125922016863,0.6716274272281325,0.6679165717164206
942484272,176,0.5352018951160501,0.5747621087459263,0.5837885720609673,0.60759558582212,0.6087309000083957,0.6309840121049297,0.622975992398165,0.6407548694484091,0.6380780561894658,0.6549773032567299,0.6464467051083413,0.6609689477259371,0.6552244010502133,0.6705771403057526,0.6605508372703612,0.6732081593790308,0.6664098694102472,0.6741586272429609,0.6703949176086277,0.673717381183169,0.6722061730562275,0.6686120450156845
942484272,177,0.5355337870752336,0.5751721691054227,0.5842057405987059,0.608087429983299,0.6091783837472554,0.6314170018977852,0.6234888511640239,0.6412175613199024,0.6385734214254781,0.6554061265117417,0.6468660930147179,0.6614345947130483,0.6556812365913481,0.6710809976250411,0.6611039882897971,0.6737618979180333,0.6669467571873694,0.6747283406545818,0.6709690562823046,0.674328008055982,0.6728115823240824,0.669314126855155
942484272,178,0.5358718548334604,0.5755552180545035,0.5846262401198401,0.6085725686481857,0.609635461130727,0.6318715397626026,0.623972364323791,0.6416309539194721,0.63905237251186,0.655827537381648,0.6473529331304554,0.6619233094891985,0.6561473248691843,0.6715836744242646,0.6615754580554846,0.6742707383128993,0.6674500202343411,0.6752911811289536,0.6715096233393927,0.6749567720896273,0.673435423209025,0.6700125651012802
942484272,179,0.5362223267633459,0.5759215578857908,0.585040165210413,0.6090447823217728,0.6100682013574606,0.6323496096983728,0.6244317139829902,0.6420838162367165,0.6394786003642471,0.6562730849705146,0.6477794574190611,0.6623580193699172,0.6566227453239084,0.6720443850550804,0.6620282927053487,0.6748139952318617,0.6678955981255766,0.6758615692081259,0.6719963096879135,0.6755370018512533,0.6739835812067997,0.670728058050654
942484272,180,0.5365409192249928,0.5762891911305142,0.5854205729531058,0.6094961240310077,0.6105040625378968,0.6327246522822041,0.6248561087323575,0.6424563195552199,0.6398860996837658,0.6566565453035943,0.6481389751770072,0.6627389248034031,0.6570320152240225,0.6724757227212941,0.6624331850110542,0.6752849840017164,0.6683196671610742,0.6763857405386243,0.6725006763122789,0.6761205794830175,0.674583718131699,0.6713751993955168
942484272,181,0.5368420759676625,0.5766437171452545,0.5857513204517297,0.6098970216954382,0.6109086683881513,0.6331405437473415,0.6252586517592957,0.642834215644483,0.640289328171044,0.6570478284848352,0.6485091314913416,0.6631348709187987,0.6574158897643713,0.6729338357087626,0.6628220072350597,0.6757649157587281,0.6687344118974475,0.6768929876324916,0.672965841037418,0.6766986364338458,0.6751405799272784,0.6720578637788274
942484272,182,0.5371680623968424,0.577054777142931,0.5861614667760248,0.6103726262822896,0.6113457317596349,0.6335830025066865,0.6257308093635858,0.6432771535407753,0.6407257212605211,0.6574756366125688,0.6489026673100219,0.6635714424103308,0.6578670468981946,0.6734473443607857,0.6632471508006728,0.676322837602327,0.6692013384986267,0.6773995041982617,0.6734657962304675,0.67732246764234,0.6757681282700173,0.6727671623146393
942484272,183,0.5374934681767737,0.5774056033982454,0.5865400628431358,0.6108469326007598,0.6118167850538121,0.6339674076357759,0.6261682157238131,0.6437159387497345,0.6411793662743672,0.6578827120818199,0.649299701382705,0.6640525610481747,0.6582747361693948,0.6739267967847143,0.6636453973527708,0.6767877238884202,0.669659721256881,0.677894750363924,0.6739582229403596,0.6778433674525041,0.6763030270498915,0.6733971398986931
942484272,184,0.5378169339266224,0.5777720083371966,0.5869300573456031,0.6112636109113607,0.6122297894164328,0.6343804867988303,0.6266252787886972,0.6441104861052809,0.6416287647881206,0.6582639175332995,0.6496915073023474,0.6644595514559067,0.65868232872062,0.6744019503345464,0.6640345241702044,0.6773027672629978,0.6700987486904688,0.6783878073976194,0.6743953342361646,0.6783700123743853,0.6768273207447992,0.6740257452920756
942484272,185,0.5381246497105787,0.5780979199331983,0.5872822532884661,0.6116660275421085,0.6126256220119036,0.6347521142164748,0.6270438182284375,0.6445127942147504,0.6420193008052969,0.658635556049711,0.6500359649381563,0.6648585114373042,0.6590864224983947,0.6749137181846443,0.6644180827624703,0.6778256301805962,0.6705275840864792,0.6788846104100911,0.6749157603577887,0.6789029899683917,0.6773863360463982,0.6746725148454643
942484272,186,0.5384412438849784,0.5784765234629957,0.5876665466005491,0.6120763042746247,0.613016069901952,0.6351982851308495,0.6274811031277675,0.6449022002793118,0.6424500980840878,0.6590108718515368,0.6503814581804297,0.6653129888970437,0.6594981326559076,0.6753651409242203,0.664826405157246,0.6783162397097469,0.6709651239524683,0.6793799081539338,0.6754039592930724,0.67944896874038,0.6779032303202155,0.6752658381201798
942484272,187,0.5387977769167672,0.5788465881311348,0.5880193431048547,0.6125044166696224,0.6134281572285,0.6355768293991488,0.6279094460385112,0.6452775643958288,0.6428237592806183,0.6594284167288854,0.650747051325854,0.665728933439947,0.6599121739352964,0.6758418161076108,0.6652489924156747,0.6787888066439283,0.6714159427518803,0.6799127845244387,0.6759167928625721,0.6800429836797603,0.6784161676821452,0.6759019770966217
942484272,188,0.5391121116364812,0.5792098132068159,0.5884000932447567,0.6128940350150138,0.6138438989884194,0.6359631808251625,0.6283464060576939,0.6456592064906925,0.6432115316255134,0.6598024443702138,0.6511036195756827,0.6661141051450743,0.6603122091683531,0.6763051586500589,0.6656719963845328,0.6792572394193102,0.671855266989034,0.6804424481571657,0.6764027351795319,0.6805808862539008,0.678943520829128,0.6765266596048353
942484272,189,0.5394546590919691,0.5795489829995749,0.5887737048009065,0.6133694832796504,0.614228144452307,0.636373207106143,0.6287796305846847,0.6460332563514496,0.643624518530068,0.6601618529668231,0.6514499735471946,0.6664947567474643,0.6606666995383309,0.6767420538304595,0.6660607619385219,0.6797104983655232,0.672250629559,0.6809229741393287,0.6768768720745885,0.681114651478181,0.6794546324392685,0.677116968486291
942484272,190,0.5397485296651924,0.5799099903229655,0.5891071499586847,0.6137692270302993,0.6145462619692544,0.6367172759368827,0.62910290797096,0.646354320862184,0.6439606909137507,0.660441255098118,0.6517537967999505,0.6668508543628401,0.6610249702839923,0.6771487214383873,0.6664370396228165,0.6801287178150228,0.6725943289926605,0.6813681736033477,0.6772952025770076,0.6816211463088079,0.6799250140294906,0.6776791908408415
942484272,191,0.5400404219602541,0.58026172296188,0.5894535870533683,0.6141588509191864,0.6149274220099243,0.6370740056817557,0.629484558468326,0.646667188278159,0.644308068436014,0.6608085007435162,0.6520500430549262,0.6672069594694684,0.6613961927928823,0.6776240977476494,0.6668476189680796,0.680619700826505,0.6729495943078706,0.6818889310378325,0.6777739877916537,0.6821597001495823,0.6804429976074736,0.6782981633854227
942484272,192,0.5403286178042707,0.580588584081941,0.5897865768337391,0.6145306421934906,0.6153109520611199,0.6374204604287353,0.6298539252931463,0.6469870725239975,0.644636960232838,0.6611430610360172,0.6523707514762264,0.6675737850866147,0.6617117318025355,0.6779878281280609,0.6671931407942239,0.6810408533428483,0.673315151610556,0.6823535404947807,0.6782036213024375,0.6826585369266505,0.6809391878655584,0.6788730830045056
942484272,193,0.5406249197959129,0.5809140155636168,0.5900987157340952,0.614905105786744,0.615670497467617,0.6377509273223733,0.6302118518911635,0.6473186495872019,0.6449541787253738,0.6614508816033249,0.6526605136628613,0.6679218017220118,0.6620092108004835,0.6783590994173975,0.6675668374642154,0.6814952695357581,0.673647775405066,0.6827744023789565,0.6786244526003089,0.6831243640767471,0.681359982912995,0.6794300822638367
942484272,194,0.5409581976982205,0.5812748243631678,0.5904279765650222,0.6152897737255781,0.6160680978425037,0.6380808002998181,0.6305388244601066,0.647646808330167,0.6452979875658557,0.6617524994222616,0.6529793130667572,0.6682993369206495,0.6623207171400949,0.6787429881587409,0.6678992475983822,0.6819110291361966,0.6740258722985856,0.6832010954095106,0.6790435420087296,0.6836219573520794,0.6818182014892237,0.6799670580863051
942484272,195,0.5412824602984959,0.5816179398918043,0.590771727922261,0.615694822067083,0.6164233018821215,0.6384266644278398,0.630896241138874,0.6479797816713273,0.6456550613632301,0.6620697523728335,0.6533219669816093,0.6686848399131162,0.6626443128416094,0.6791489874690279,0.6682637682469771,0.682307240236885,0.6743873902382844,0.6836864867424853,0.679508491396662,0.6840976559052288,0.6822848519683378,0.6805316783236354
942484272,196,0.5416046991376519,0.5819815416721638,0.5911288913180922,0.6161053750691781,0.6167866609325284,0.6387927725871643,0.6312210972878782,0.6483318455415076,0.6459847182933285,0.6624034720092387,0.6536938929715115,0.6690081540130115,0.6629729593121775,0.679519360426565,0.6685930857944723,0.6827101170415273,0.6747692066500012,0.6840908935146555,0.6799061577447703,0.6846205445489421,0.682717827287073,0.6811128111726598
942484272,197,0.5418857371529197,0.5823397473733917,0.5914557929005607,0.6164665857222795,0.6171365290881994,0.6391325767632785,0.6316123346290401,0.6486645667720876,0.6463376642416023,0.6627310335069703,0.6540541588694833,0.6693475765906787,0.6633675223218567,0.6798985453449804,0.6689621034516999,0.6831306385301817,0.6751592926727714,0.6844941778426886,0.6803191777254911,0.6850827222373039,0.683162601477029,0.681673341240256
942484272,198,0.5422296595371904,0.582702603229847,0.5918147981366856,0.6168474688959954,0.6175208130333645,0.6395045662739391,0.6319911396731143,0.6489814185851462,0.6466647840168115,0.6630868758104086,0.6544008212423963,0.6697030755883918,0.6637241782275785,0.6803207543489636,0.6693494427102017,0.6835467003169127,0.6755267815422294,0.6849641999713362,0.6807691557502656,0.6855972621861296,0.6836522813560847,0.6822752756343554
942484272,199,0.5425285693010431,0.5830613904042925,0.5921522649769712,0.6172154534742388,0.6178740229566944,0.6397937129185512,0.6322859786296101,0.6492855934445124,0.6469922022166918,0.6633927339661957,0.6547104593574876,0.6700313759208266,0.6640354825930509,0.6806688973369914,0.669647245546851,0.6838885469240249,0.675830246860193,0.6853710665661445,0.6811401478891393,0.6860382847829948,0.684082405141314,0.6827939546612248
942484272,200,0.5428345646881034,0.583377760053732,0.5924892956091009,0.6176187977499791,0.6182247502308791,0.6401704306943161,0.6326349592813366,0.6495728738141213,0.647338594576442,0.6636879774997901,0.6550354714129797,0.6703719251112418,0.6643445134749391,0.6810370665771136,0.6700054571404583,0.6842443959365292,0.6762257577029637,0.6858053479976493,0.681584249853077,0.686508059776677,0.6845183024095374,0.6833802787339435
929893138,1,0.573041726135505,0.5115439509696919,0.5158257073293594,0.4013516917135421,0.4243136596423474,0.29430778272185376,0.36000335824028207,0.22735286709764083,0.2787759214171774,0.15838300730417262,0.22172781462513644,0.1224918142893124,0.16707245403408613,0.09432457392326421,0.139199059692721,0.08391402904877844,0.1180841239190664,0.07656787843170179,0.09436655192679036,0.06519183947611451,0.07182436403324657,0.05620854672151793
929893138,2,0.551548988330115,0.5262362522038452,0.5225002098900177,0.4530895810595248,0.4638569389639829,0.3584921501133406,0.41352531273612625,0.29279657459491226,0.3392032574930736,0.22317605574678867,0.28513558895138946,0.18132398623121485,0.2300184703215515,0.14453026614054235,0.20162035093610947,0.13069851397867518,0.17387289060532282,0.11692972882209722,0.14390059608765007,0.10244731760557468,0.11239610444127278,0.08811182940139367
929893138,3,0.5232138359499622,0.517099040102986,0.5139227045028404,0.4682786220020709,0.473246019085999,0.3907032714857414,0.4333669157361542,0.33218593457028517,0.3704838664539782,0.2628382727450816,0.3217194190244312,0.2192651050849355,0.26738588979374805,0.18098116586908458,0.24056194554053673,0.1644698178154647,0.21064562169423223,0.1489799345143145,0.17865838300730416,0.13111129768001564,0.14411048610528082,0.11461394229423781
929893138,4,0.4988351104021493,0.5034526907900261,0.5008080765678784,0.47261984720006717,0.47476072537990094,0.40884476534296027,0.44395936529258667,0.35640374443791456,0.38884224666274875,0.29037234489127695,0.3453635295105365,0.24788011082192932,0.2955356393249937,0.2087985895390815,0.26788262950214087,0.19237469565947443,0.23886533456468811,0.17580387876752582,0.20672067836453697,0.1555914700696835,0.16916085970951222,0.1370476870120057
929893138,5,0.479489547477122,0.4909495424397616,0.48866593904793887,0.47313407774326255,0.4731424733439678,0.4205272437242885,0.4486441104861053,0.3727898581143481,0.40124254890437416,0.31035177566954925,0.36206028041306354,0.2697422550583495,0.31363445554529434,0.23129879942909914,0.2896146419276299,0.2137771807572832,0.26042313827554364,0.1968264629334229,0.2274788011082193,0.17532532952732768,0.1902694987826379,0.15584753589119302
929893138,6,0.4637310049534044,0.4813127920969412,0.47960568662021097,0.4726373380348697,0.4716648476198472,0.43018358380208765,0.45143844625416285,0.3874289872107015,0.4119371449360535,0.3279811378837489,0.37573111689474714,0.2886337559119021,0.33061175943805443,0.251392270450284,0.3070341141241989,0.23399938432261494,0.279762404500042,0.21633364117202586,0.2476632244703775,0.19448409033666358,0.20914140990121174,0.17341812890045613
929893138,7,0.4535603343847824,0.47460930472432444,0.4729241877256318,0.4712930424457584,0.4700337023399738,0.43593556976144493,0.4537342432565336,0.3980894011537954,0.41970207611211724,0.342846348513379,0.38620962615589427,0.30492821761397026,0.34513115127673094,0.2687191911438406,0.3233985391654773,0.25165213428163635,0.2960048934358396,0.23352963047363182,0.2653249697158689,0.21139522890005635,0.22627343272125405,0.189170874461782
929893138,8,0.4457906556964151,0.46880509612962806,0.4681439425740912,0.4711191335740072,0.4690359751490219,0.4422172781462514,0.4572086726555285,0.40787402401141803,0.4265175048274704,0.3564981949458484,0.39683380908404,0.3199248593736882,0.35804613382587525,0.2842173201242549,0.33706237931323985,0.26775669549156245,0.3114348081605239,0.2494385442028377,0.28065443707497273,0.22677042229871547,0.2419664595751826,0.20328897657627404
929893138,9,0.44000410451590033,0.4640854858720697,0.4634604800417914,0.4698084870194684,0.46779820707282715,0.44623550592822697,0.4581619231522682,0.4163891454211326,0.43185570760921277,0.367979178910251,0.4062258043451898,0.333785762926893,0.369891510181998,0.29855222530060915,0.3493922517933936,0.2824933068405489,0.32427541301691254,0.26445675799214546,0.29492346010690396,0.24147613317288408,0.2559772012798627,0.21709624156941765
929893138,10,0.4354168415750147,0.4604693140794224,0.46004113844345557,0.4697380572579967,0.46720678364536977,0.4509990764839224,0.4596381496096046,0.4235496599781714,0.4369322475023088,0.37885148182352446,0.4134203677273109,0.3450759801863823,0.38012761313071947,0.3115691377718076,0.3600789186466291,0.2956007052304593,0.3358660062127445,0.27684913105532705,0.3073839308202502,0.2539837125346318,0.2692427168163882,0.22945596507430108
929893138,11,0.43243831141572714,0.45817464375939726,0.45817845994153605,0.46992848474671994,0.4669022523106982,0.4550415582234908,0.4612390380168064,0.4302363743216736,0.44215431114096215,0.3883690400775448,0.420619595332046,0.3555384251379549,0.3885102388166782,0.3228184794803886,0.3706047122217048,0.3075079567397592,0.3469329344150937,0.2887933995313728,0.3188687309667915,0.26571694613840524,0.28104273360758963,0.24138878500393063
929893138,12,0.42998768645229896,0.4562309349900652,0.45707749139450926,0.47057691769512777,0.4675370106064422,0.45850124534743797,0.4636995214507598,0.4361619511376039,0.44663196485041845,0.39737777404639973,0.4275074860772955,0.36548848403436607,0.39717488036268994,0.3341379117342512,0.3796245767217978,0.3189208854560211,0.35728528251196373,0.30033512439481713,0.32974071586488685,0.2770653177734867,0.2923418128900456,0.2526900903926342
929893138,13,0.4284985436861854,0.45502864191471365,0.45571643535710366,0.4709738251002628,0.46754777419709,0.46186459833508775,0.465616786034887,0.4421607692953508,0.45090511033756775,0.4054235580555789,0.4339201642954477,0.37531564229574477,0.40559147006968355,0.344565140174241,0.3885225680205111,0.3293949355153285,0.36657453033072207,0.31085680334274074,0.3403705688988201,0.28726516536104313,0.3026129692656433,0.2632311438037238
929893138,14,0.4272761073197644,0.45398311284886717,0.4547357184835146,0.471329023591638,0.4679228084483731,0.4647084927497991,0.46672943377670095,0.4472636338558595,0.45497859121820167,0.41263477937560716,0.4388920205812154,0.38366695851373883,0.41249085479208886,0.35414142989073727,0.3962183815680583,0.33882245703251496,0.37517840651498613,0.32104477253918945,0.3498266908140134,0.2973002146875037,0.31235832423809917,0.27318685009055255
929893138,15,0.42635099208015,0.4532309070047295,0.45441468670416707,0.47196429071166707,0.46869280497019566,0.46777208742618864,0.4683373912070075,0.45208350824168136,0.4586908459966977,0.4198220132650491,0.4440181344975233,0.39166316849970617,0.41907480480228365,0.36283827274508157,0.40417541208406793,0.3484454146027482,0.3834522710099908,0.33049841882853387,0.3588419668093919,0.3069403632496571,0.3215962835474212,0.2828477877592142
929893138,16,0.4256044832507766,0.45240219125178405,0.45375335824028207,0.47266182520359334,0.4692930904206196,0.47058653765426917,0.47017200486944843,0.45645569221727816,0.46245329947107716,0.42597179078163044,0.4489075224582319,0.3992029426580472,0.4255467634959281,0.37152894383343127,0.41093579464360674,0.35723018638233567,0.39139765762740325,0.3394997271429771,0.3672812946016287,0.31582938040466796,0.3303931240030224,0.29175761900764
929893138,17,0.4248914745144133,0.45167837935274857,0.45341923185192134,0.47325260387086576,0.47004005195395254,0.47334149846656826,0.4715018741943927,0.46050857585919097,0.46574101053400957,0.4318104372132532,0.45348590279869816,0.40599890363331964,0.4313832492950165,0.3792021216176841,0.4173749425889069,0.3650901045499217,0.3984552094702376,0.34776553556524614,0.37477467689283755,0.3241714282892235,0.33854765984976815,0.3003131065204186
929893138,18,0.4248943553577925,0.45138247558279465,0.4535373464304705,0.47412289293743415,0.4708602692189293,0.4759769214265059,0.47321803375031485,0.4645285870204013,0.4685025046875437,0.43705864793514865,0.45753924943329705,0.41266476366384014,0.4367274881295535,0.3865800986949505,0.4233458334499389,0.37279965298183754,0.40466328976949417,0.3552575117305199,0.38211410554202935,0.33266401738822193,0.346465452103098,0.308421720351869
929893138,19,0.4251112417093443,0.45118400063629815,0.4538948959166449,0.474859594625048,0.4715212386604157,0.4785050528260034,0.4750142504275128,0.4678735710908537,0.471322395485818,0.4423708292644128,0.4616033829852104,0.41899791877477255,0.4420239583931704,0.39374925433809527,0.4291808986827745,0.38027652457480704,0.4114021095051456,0.36292193416965296,0.3894520323981812,0.34050126154947435,0.35430097786654535,0.3160855290775002
929893138,20,0.4254491646377298,0.4511732851985559,0.45417471245067587,0.4757514062631181,0.47248971538913614,0.4808853160943665,0.47687221895726634,0.4715431114096213,0.4740869784233062,0.4479136932247503,0.46546049869868195,0.4250608681051129,0.44747082528754933,0.40103055998656706,0.4351208966501553,0.38784946687935523,0.4176013768785157,0.37043699101670724,0.39637939719586934,0.3482810007556041,0.3618965661993116,0.3236000335824028
929893138,21,0.4257029316638082,0.4515234017374895,0.4546977383850862,0.4767501829041582,0.4735118797749979,0.48300290647700606,0.4785592349608805,0.4752229831568258,0.47715796922412657,0.45276475127033433,0.46915416321847353,0.4306983140834203,0.4522450236076296,0.40756243728286373,0.4402313187889546,0.39446330123015544,0.42357604615181643,0.37748419828010127,0.4029088757491074,0.3556876196872839,0.36928849282975723,0.3309605766578313
929893138,22,0.4262255668938567,0.45202868242495475,0.45534876088565956,0.4774692606528725,0.4744277634882957,0.4852008456659619,0.4800032055929965,0.4784385709161127,0.4799039848573892,0.4570393295731218,0.4726131688813243,0.43598354462261774,0.4565260530754612,0.4137638241197975,0.44534845559108843,0.4010788346906221,0.4291125086818144,0.3842647361873287,0.40903748254096667,0.3630792010441074,0.3764224818922158,0.33823967150304146
929893138,23,0.4267684602833333,0.452254583815472,0.4560107025657686,0.4786222454216599,0.4757148123948268,0.4872040094468759,0.4818764532602307,0.4813325643449789,0.4823765390413684,0.4611904231747781,0.4759922322442171,0.44093694903870373,0.46067208608775956,0.4193219274839115,0.44991476640153605,0.4072651148189653,0.4344066317945049,0.3906016725496709,0.41497446642307256,0.36970575244658754,0.3826787806667567,0.3448511240979292
929893138,24,0.4278730445246691,0.4531158173117287,0.45678539445330646,0.47973511879775,0.47695407606414236,0.48938306327484393,0.48361633504043877,0.4842495032602916,0.4848914168975457,0.46543636134665434,0.47942028377130386,0.44601628746536814,0.46475421878935436,0.4250220384518512,0.45441013908711836,0.41320872862619984,0.4394694679987686,0.39662916631684997,0.42072803850782187,0.3761089189264825,0.38906438026474127,0.35163749195421595
929893138,25,0.42883553018218457,0.45391822684913113,0.45772143396860043,0.4807556040634708,0.47821845353035003,0.4913290235916381,0.48519687683653767,0.48726891109058856,0.48751574175132234,0.46954579800184704,0.48235748467802875,0.45084711611115785,0.4686944840903367,0.43052808328435904,0.4590748048022837,0.41901939383762915,0.44444631013349006,0.40257577029636477,0.4260162874653682,0.382219796826463,0.3952363361598523,0.3578608009403074
929893138,26,0.4293752381444431,0.4549915075269789,0.4588599420057736,0.4821044541890819,0.4795906175933041,0.4932915921288014,0.48692223736300644,0.4898671557642257,0.48970731644310683,0.47312923412747104,0.4852415026833632,0.45546456733594676,0.47254477115529925,0.43588990138398254,0.4633919518480009,0.42453808050735264,0.4490935980315545,0.4082296261374424,0.4313498188487694,0.3882610127677713,0.4011627906976744,0.3638976253366313
929893138,27,0.43022633917604947,0.4559541911149669,0.45985814544289905,0.48331607570966145,0.4809124463225714,0.4952456024154454,0.4887001433471083,0.49239109817566706,0.4918282819802423,0.4766073688498338,0.48817930515520974,0.46003849538397434,0.47612695392059,0.4408483288090374,0.4674064123732498,0.4302543245117336,0.45383041508471783,0.4138238229834233,0.43639710569439394,0.39427295652633576,0.4068057226901992,0.3699521450759802
929893138,28,0.43112758914328886,0.4569455605262842,0.46074606905981264,0.48448163162502844,0.4820574019213931,0.49703455389375967,0.49012167624164943,0.49479022991952226,0.49397915492282046,0.4802088705518308,0.49108866953716257,0.4643156985739472,0.47957920049893854,0.4456564760065726,0.4712120848675294,0.43543633136236615,0.4582663684229463,0.41945170730537196,0.44131924871367406,0.40006836417717123,0.41235442628062896,0.3755981865502477
929893138,29,0.4318335123429805,0.4580393666822034,0.4618159394821941,0.48564786534614485,0.48331012480494706,0.4989519974292091,0.49189245525000075,0.4971628659685773,0.49608301801580107,0.483462114128059,0.4936975094016253,0.46831384492456996,0.4828237589709889,0.4503212041028432,0.47495071203379086,0.4403970250623156,0.4624456095350864,0.4248145006499353,0.4463275036984069,0.4057058239413582,0.4176883726720302,0.3812008025036261
929893138,30,0.4327722273528671,0.459054655360591,0.46276271233873456,0.4866621890129572,0.4844037724232502,0.5005792964486608,0.4933632776425153,0.49945008815380737,0.4981053927741864,0.48670416701648334,0.4961562141437887,0.4721769792628662,0.48609408669856996,0.45477149973413933,0.47852545266280466,0.4452984636050709,0.4665029524529147,0.4298939355777573,0.45092771387792796,0.4109744493885204,0.42275767497831135,0.38688327316486154
929893138,31,0.4338277710221779,0.4600775645174831,0.4639774564579772,0.48776815142413765,0.4858561210699786,0.5022613956738282,0.49508992771658616,0.5018876560295309,0.5002071817593388,0.4899618406406655,0.4987135773112953,0.47612128663934933,0.4892306109018229,0.45912019521125763,0.4821688274054073,0.45001096844608257,0.4703946744808946,0.4348176394279075,0.4554193602552263,0.4161347196004777,0.4279251220747425,0.39227496404787116
929893138,32,0.4349419654101251,0.46120445386617415,0.46521072957770127,0.4890070103265889,0.4871573545462178,0.5039603622701704,0.4967768764167576,0.504113844345563,0.5021303836789522,0.4930998656703887,0.5012357274788011,0.47985842918310806,0.49239542229871547,0.4634581479304844,0.4855070942825959,0.4545312631181261,0.47429896734111326,0.43967236168247836,0.459804749811099,0.42127025438670135,0.43267646503232304,0.3975277579548317
929893138,33,0.4361132948153349,0.46235717938345755,0.4663349132327388,0.4900779264392731,0.48845350490888223,0.5056123318653752,0.4983450490124992,0.5061682223969186,0.5040438810063527,0.4959319498401019,0.503580850906852,0.4833538135108112,0.4953328092443196,0.4675204738171744,0.4887740642085365,0.45868601216598864,0.4779462834202151,0.44413236554954294,0.4640312112816521,0.426028397483355,0.43739171583181313,0.40236934028387306
929893138,34,0.43728486273192846,0.46330999027098035,0.46728185019285184,0.49099571824364036,0.4894968565883242,0.5071263834221457,0.49974936662600566,0.508235096574101,0.5058818590823115,0.4986912740077141,0.5057756794263336,0.48675593988749893,0.4981714875522873,0.47140310242139,0.49191182643824055,0.46286304799814315,0.4814975776222671,0.4486510245102155,0.4678164524142291,0.4308214848360636,0.44204689683782167,0.4072607130334293
929893138,35,0.438412271969488,0.464361874377826,0.4683114048238723,0.4918730585173369,0.49060652218237644,0.508672655528503,0.5010794343763868,0.5101346894227424,0.5075860249229404,0.5012605394773139,0.5077419432217518,0.49000563704618777,0.5006248725667749,0.4752185854612183,0.49494824711850993,0.4670628590618516,0.484905909303525,0.453208918526692,0.4716636482483179,0.4355433752713578,0.4464420643582763,0.4122335895990501
929893138,36,0.4395878226475993,0.46565499678168637,0.4696230841705613,0.4928007723952649,0.4921197958936184,0.510057230011474,0.5025151820446085,0.5120231998432822,0.5093797516767881,0.5039937406132521,0.5100350749540574,0.4932706928236271,0.5034282036213025,0.47901333034823085,0.4979629007733281,0.4711727721340684,0.48826131773617293,0.45752525676545497,0.4757203891827349,0.44014053302736034,0.4508530863161037,0.41687888879560436
929893138,37,0.44057162695396257,0.46684645353942644,0.4707390624610002,0.49400622182084697,0.4935444637820593,0.511507645669345,0.5040423682855049,0.514019518637099,0.5112103960227543,0.5067312295924502,0.512096472259347,0.496418255212647,0.5061934573310612,0.4828083057450869,0.5010290283567086,0.47502308790193937,0.49153973047852656,0.4614959599007958,0.47934455318386143,0.44441204700628767,0.4549712167040687,0.4213343559326264
929893138,38,0.4416649359945914,0.4679884582583989,0.471926657799734,0.4951990420177722,0.494915138151819,0.5131578947368421,0.5054604545113097,0.5162797325780238,0.5131424291565957,0.509382083788095,0.5141797277174129,0.4996221979682646,0.5090473644441891,0.4866189590338873,0.5041215771356862,0.4788011082192931,0.4948985678872692,0.46562553853359784,0.4830187928893681,0.44872497337710826,0.45915429788475054,0.4257232368133834
929893138,39,0.44301539839278065,0.46927317777792127,0.47338056396909556,0.4964620077540907,0.49651367298919985,0.5149882999769659,0.5071771622439073,0.51831317312805,0.515020590748909,0.5120143198809978,0.5164230866103086,0.5028200607497056,0.5117882844773953,0.4900382968555247,0.5072718818416074,0.48264155736240366,0.4981615787173675,0.4695132058493657,0.4865186027137165,0.4528027313687628,0.4630184552525246,0.43007325699794846
929893138,40,0.44412622785660316,0.4704600789186466,0.47455083536227016,0.49780455041558225,0.49792208882545547,0.5165151960372765,0.5086264797246243,0.5202145075980187,0.5167953992108135,0.5145369826211066,0.5184640248509781,0.5057887666862565,0.5143071530518009,0.4934965578037109,0.5099435395852573,0.4861588027873394,0.5011711862983798,0.4733796490638905,0.48976681219041224,0.4568508101754681,0.46694442112333134,0.43423411132566536
929893138,41,0.44538559355873136,0.47176108987183396,0.4759701526156392,0.4989761462554597,0.4993959262907212,0.5181129965946625,0.510113627288569,0.5221561950318521,0.51859727941583,0.5170461409928515,0.5207166566670285,0.5087119715122934,0.5167963206791837,0.4967871469496325,0.5126220689626928,0.4896386001052522,0.5041762994239799,0.4770155072888148,0.4932497322622458,0.46086319061494707,0.4707986673519661,0.4384448890244927
929893138,42,0.4464390659294529,0.4729861552546466,0.4773038927601937,0.5001928989209653,0.5007665983024895,0.5197226653233705,0.511532956730673,0.5239764363473539,0.5203243500405788,0.5194138271545711,0.5226121512327541,0.511453998104993,0.5191189816536136,0.4999410308998085,0.5152010346578393,0.49305463936897065,0.5071602480300322,0.48070211209326313,0.49646285346478447,0.46475446865842296,0.4744603827594341,0.4426060744170055
929893138,43,0.4474542781442989,0.4742274583002228,0.4785014047987691,0.5014702063560554,0.5021457593430345,0.5211891294543054,0.5130414918396714,0.5256671085746418,0.5219388761219352,0.5216206242812488,0.5244692711251862,0.5140440827610983,0.5212193926661499,0.503112229656776,0.5175975695712192,0.49620928865832437,0.5099673352558607,0.48414110076087574,0.4994972401903263,0.4684598758622575,0.4779390947980467,0.4465415006257651
929893138,44,0.4484128498484976,0.4754085222979522,0.47968455438441165,0.5027486051854283,0.5034488746078871,0.5227492157745706,0.514572091496783,0.5275089489471153,0.523699445127117,0.5238702192778257,0.5262047687012005,0.5166986589935965,0.5235429816594286,0.5061287885148182,0.520013013181093,0.4994456995443479,0.51264110333458,0.48750677372329626,0.5025234504392425,0.47212469756756553,0.48148006808068927,0.45045069111058533
929893138,45,0.449613335945298,0.4767301933786696,0.4810427336075897,0.5041250384798366,0.5049366132146754,0.5243463092006455,0.5161344788664074,0.5292913180160264,0.5253155346598383,0.5260814000130598,0.5281392550303641,0.5192828291308688,0.5258108751014469,0.5090168751574174,0.5223630817451655,0.5025569268370041,0.5153266355096596,0.4908189442065691,0.5055485592216346,0.4757339154283156,0.48499426300618476,0.4543279321635463
929893138,46,0.45073151233970793,0.47804641672111636,0.4825079484437112,0.5054087744978153,0.5065449182889036,0.525921417177399,0.5177548703609742,0.5311029629169968,0.5271196154084824,0.5282338576325136,0.5300233981741392,0.5219344194077086,0.5280330932678233,0.5120248728796546,0.5247980493004274,0.5057692377889638,0.517982099119192,0.4941769208586874,0.5086292174205064,0.4792610411274927,0.48841042076560576,0.4579380404667954
929893138,47,0.4518289012302234,0.47934503596711064,0.4838036358309948,0.5065387439109567,0.5077480676721142,0.5273339323386035,0.5191321449688023,0.5326919332567607,0.528739748882224,0.5302866829696132,0.5317523404969837,0.5243981515388064,0.53015717636299,0.5148843282715602,0.527116003979872,0.5087867999721337,0.5206040545392512,0.4974348760398487,0.5115225153934232,0.48269881050414687,0.49191878774671005,0.46161066920082805
929893138,48,0.45280885316094366,0.4804574902750958,0.48502697086726554,0.5076539893096017,0.5088687277866398,0.5286989617440462,0.5203978115467496,0.5341858366216102,0.5301349592813366,0.5323764097612851,0.5333419038423867,0.5267356155374583,0.5321490289088516,0.5176342596479444,0.5294274550135729,0.5116410251028461,0.5230336803514958,0.5005614557971623,0.5142873884084739,0.48610790445806396,0.4951672823440517,0.465010459519212
929893138,49,0.45387217098240523,0.48178497324544795,0.48638627644828397,0.5088744926230084,0.5101526799956823,0.5300365465638862,0.5218362720791448,0.5357566920647866,0.5316659784558606,0.5343859817455653,0.5351193117663487,0.5290350713369052,0.5342180697314606,0.5203619017920325,0.5316822556409012,0.5145072553410583,0.5255868781901141,0.5036460894491287,0.5171801404635399,0.48942582658115724,0.49837313818987417,0.468662135326803
929893138,50,0.45496767693728485,0.48297372176979264,0.48766770212408705,0.5101847032155152,0.5114969356057426,0.5313978675174208,0.5232037612291158,0.5374292670640584,0.5330912601796658,0.536449500461758,0.5369028628998405,0.5313668037948116,0.5362572412056082,0.5229409789270423,0.533983712534632,0.5174250692637059,0.5280950381999832,0.5068432541348333,0.5200117538409873,0.49280413063554696,0.5016312652170263,0.4721988078246999
929893138,51,0.4560901852135364,0.48430516526986916,0.4889169839709874,0.5114229555477635,0.5127843598189843,0.5326654715282133,0.5245587782590159,0.5389580565665945,0.5345865825131161,0.5384979447240235,0.538589308614051,0.5338260398609952,0.5382510152915166,0.5256518525469125,0.5363200271293137,0.5202580906428561,0.5306694586154501,0.5098780003983795,0.5227858249336172,0.4960606524534085,0.5047278755343965,0.47550377719721926
929893138,52,0.45717113463314457,0.485568446749288,0.4901755326362832,0.5127104551061398,0.5141861433839436,0.5341555640229135,0.5258632937879013,0.5405233042501113,0.5362132934649936,0.5404248173956847,0.5402778943833432,0.536172122730766,0.5402456036114,0.528250389103802,0.5385705198168467,0.5230564184367391,0.5330237724663045,0.5128824034667373,0.5253853903631419,0.4993557990997333,0.5078321267348217,0.4788568098008951
929893138,53,0.4581740677319048,0.48676504832222633,0.4915354920059625,0.51400243630828,0.5156886847895477,0.5354785413198201,0.5272508526286943,0.5420611674954022,0.5377136719981371,0.5422829380800687,0.5418417730241428,0.5383575987314723,0.5422520486057759,0.5307595800932388,0.5405594638220893,0.5257293480103218,0.5352765716802133,0.5157385831710976,0.5279494299703936,0.5024236356752835,0.5108374532499688,0.48213479532951153
929893138,54,0.45937228892060555,0.488070473294216,0.49289949844059494,0.5153390734366303,0.517099040102986,0.5369398657325783,0.5286064546622015,0.5436330251836927,0.5391841341803562,0.5442183851217518,0.543545182324462,0.5404512479904975,0.5440815679250739,0.5330934368168857,0.5425843524659745,0.5284043383489274,0.5373814121400387,0.5185480585950739,0.5304993516730566,0.505348308597406,0.5135977636607305,0.4853574504737296
929893138,55,0.4604689324612085,0.4894032254371437,0.4942619885361888,0.5166553453263217,0.5184512406408133,0.5382785965608566,0.5301455491867716,0.545267552529747,0.5406705795254196,0.5461345891116691,0.5451278802634691,0.542648888346143,0.5460025492096686,0.5355965837537494,0.5447271811389014,0.5310064798772716,0.5396638706772197,0.5213774891047999,0.5330221872829547,0.508363544775265,0.5165141465871882,0.4886064066065745
929893138,56,0.46156763855739597,0.49061116974705254,0.49562454273960443,0.5179186106480205,0.5198301090228721,0.5395860069323675,0.5315367247562278,0.5468114707893065,0.5421054367511424,0.5480460738572988,0.5468369574343044,0.544775537618288,0.5478631696990777,0.5380433153027814,0.5466712942418174,0.5335599146047472,0.5417658646869041,0.5241396008491551,0.5354654161219521,0.5113085743070631,0.5192101838636554,0.49172808448373057
929893138,57,0.4626012811392094,0.4919151838121035,0.4969127756003223,0.5191346050459033,0.5209993121499072,0.5408718463104281,0.5329159099579188,0.548291642547726,0.5434361868065344,0.5497586633025349,0.5483056352155681,0.5467222543808097,0.5495693940585659,0.5403239228959814,0.548457345193224,0.5360031343575965,0.5439207749875907,0.5267421976147657,0.5377087669219225,0.5140589489002501,0.5219508135631666,0.49474759436581545
929893138,58,0.463749822679123,0.49313225387138515,0.4980755256659304,0.5202558342187314,0.5222751209400757,0.5421459155402569,0.5342012164935919,0.5497041274510088,0.5448759332868197,0.5514838500487813,0.5497468292132164,0.5486886940208848,0.5512703412377432,0.5426373476849855,0.5504090684067756,0.5384909341987557,0.5460549361789595,0.5294468457149144,0.5400817557806606,0.5168273893445351,0.5246765522452441,0.49781280126455113
929893138,59,0.4649028315942107,0.4943607176957918,0.49926360620932936,0.5214621436672269,0.5235233347895194,0.5433305490295965,0.5355276208148285,0.5510239075402454,0.5462647403269162,0.5532387808449389,0.5512544308138467,0.550653220424362,0.5528908614597815,0.5449257131635905,0.552158736618622,0.5409086316736132,0.5480797553607334,0.5319893731616836,0.5425329669625997,0.5196300528353651,0.5273447560935697,0.5006339390024034
929893138,60,0.46604399294769544,0.4956132986315171,0.5005757982817004,0.5227163966081774,0.5248740659894215,0.5446631964850419,0.5368231046931409,0.5524011418016959,0.5477254918422746,0.5548743458427784,0.552832115971231,0.5525648560154479,0.5546406682898162,0.5471629865950242,0.5540151960372766,0.5432947135700892,0.5500895530741892,0.534524809000084,0.5449311560742172,0.5223441916435787,0.5299492066157333,0.5035737273668598
929893138,61,0.4670445145760015,0.4968509615715463,0.5017837210678654,0.523826990067041,0.5260662756977639,0.545889527657999,0.5380183079148494,0.5538660364919602,0.5491541776371476,0.5565340482898435,0.5543670198783051,0.5545514478282232,0.5563413623720186,0.5493984758543901,0.5558286801978058,0.5456417886207955,0.5521882926788986,0.5370686416055692,0.5472500278706417,0.5250753195489498,0.5325955756560611,0.5064212582115168
929893138,62,0.4681366641299314,0.4981414577471083,0.5029933024772438,0.5249843598083636,0.5272653903548089,0.5470431235967836,0.539133655254969,0.5553182068080197,0.550420998751493,0.5580874009115997,0.5557474657473033,0.5563439596361185,0.5579750081924814,0.5514826360019607,0.5576060080001951,0.5478826836673066,0.5541556869361746,0.5394924994786603,0.5495157634173886,0.5277461062016408,0.5351823064069267,0.5092690140044036
929893138,63,0.4691928096344182,0.499311027688158,0.5042051298452944,0.5259957115804652,0.5284331010550471,0.5481301131540406,0.5402695654143895,0.5565990087860626,0.5517009087238288,0.5597180410798075,0.5572320104265365,0.5581935066025403,0.5595254753176002,0.5537045254953072,0.5594062044821846,0.5501577173561053,0.5560739505832277,0.5419513508255007,0.5517428867273548,0.5303934071879668,0.5376929155789033,0.5120163700887401
929893138,64,0.4703248310385358,0.5004565107883469,0.5054013884224666,0.5272076494416925,0.5297138674334648,0.5493943361178742,0.5415352667702124,0.5578902904877844,0.5529664018554278,0.5613593789354379,0.5586504858953908,0.5599603307866677,0.5610642210981446,0.555820250188901,0.5612144236420116,0.5523754302745362,0.5579552252119889,0.5443353307866677,0.5539338636554445,0.5329094429518932,0.5401250682142558,0.5147231288304929
929893138,65,0.47126056715511844,0.5015783729325832,0.5064594460195166,0.5282912369303101,0.5307769805544972,0.5504084782650814,0.5426309229348437,0.5591566941999315,0.5541839153206797,0.5628824034667373,0.5600640648915353,0.5617108942606381,0.5625691829788882,0.5578101690099004,0.5628404254632111,0.5544700115600963,0.5598096136086229,0.5467312051561904,0.5559456998379003,0.5353364375528762,0.5426083193944834,0.5172930000064582
929893138,66,0.47232759125127527,0.5026853201649609,0.5075649450596977,0.5293578891933354,0.5318110582781895,0.5515375397836988,0.5437716091313606,0.5603694573134587,0.5553422733760237,0.5643700882555722,0.5613858338230768,0.5634071382958966,0.5640170914077387,0.5596475628588802,0.5645017465393588,0.5564655029855264,0.5616529665727886,0.5489304513525821,0.558028229571341,0.5377445854735755,0.5448706695873181,0.5198702243660686
929893138,67,0.47332329202781326,0.5037335361643633,0.5086894467299136,0.5304528486774422,0.532916393600798,0.5526617186922411,0.5449296210576703,0.5616105518917043,0.5565769506927624,0.5659324066427998,0.5628122505598111,0.5651993579245073,0.5655614965220911,0.561667566792016,0.5661592131693142,0.5585693395168395,0.5635741199969425,0.5511812108962366,0.56005047385021,0.5402274581253751,0.5471795167391988,0.5224056027477423
929893138,68,0.4741730333305348,0.5048175932282073,0.5097771708801059,0.5315520255621349,0.5340972506876985,0.5536978917165052,0.5460159170712193,0.5627614365366667,0.5577827218537487,0.5673709917179869,0.5640448522621205,0.5668339202022845,0.5670388716312652,0.5636108737844898,0.5677031118047084,0.5604668447850972,0.5652739435124231,0.5532558880323181,0.5620465758295595,0.5425977964017443,0.5493772439712179,0.5249120931220275
929893138,69,0.47511251930075593,0.50581121579249,0.510895421234056,0.5325925736653124,0.5351733083168767,0.5549546820074976,0.547123046653988,0.5640639087726727,0.5590070802899281,0.5689254482824913,0.5653658352588461,0.5686176095899662,0.5684837666801726,0.5655300970117745,0.5693719968997115,0.5623914807771163,0.5670443470230295,0.5554681520796148,0.5639890784185609,0.5449511412541568,0.551534995662273,0.5274213703323806
929893138,70,0.4761079194502081,0.5070085275315734,0.5120344939251833,0.533765306979143,0.5362839871907121,0.5561983520635188,0.5483106852009546,0.5654377106396248,0.5603247898101396,0.570484066349233,0.5667828058097557,0.5702297995850174,0.569968336591626,0.5674604507238207,0.5710261822804851,0.5644272401261738,0.5687371817167804,0.5576369982129364,0.5659966177722874,0.5473074109166797,0.5537582306871199,0.5298913369394438
929893138,71,0.4771509588130749,0.5080621416349663,0.5130817648735161,0.5348009474021529,0.5373397297562555,0.5572449895409735,0.5494820150860668,0.5666474710913453,0.5614717606284166,0.5719290134223188,0.5680327452077084,0.5718196341173563,0.5714057664769576,0.5692944502714381,0.5725243915850066,0.5662820850888218,0.5704219439717813,0.5596235459942934,0.5678618769961723,0.5494648691409645,0.5558543942692338,0.5322615738085638
929893138,72,0.4780694082967191,0.5091599501861025,0.514112188546535,0.5358911930148602,0.5383643970559426,0.5583505909570052,0.5506412140038619,0.5678935904252839,0.562652753290609,0.573382797414155,0.5693132631834252,0.573413114861146,0.5728469948413698,0.5710162874653681,0.5740800986949505,0.5681786910325657,0.5720628224143883,0.5616242922042183,0.5697085560499632,0.5516883319807088,0.5579436375339322,0.5346260226308082
929893138,73,0.47898224617971413,0.5102219313791901,0.5151667101781133,0.536904990552074,0.539491525618658,0.5594351025815897,0.5516726221761167,0.5690710670348464,0.5637226093526991,0.574732347099435,0.5704488656163349,0.5748881832495115,0.5741343043094733,0.5727087773130167,0.5754643744759937,0.5699181026402439,0.5735805396876146,0.5635495219682969,0.5714097593682828,0.5537289693077541,0.5599152619369916,0.536902115346353
929893138,74,0.4799237361784587,0.511370933522726,0.5162653418257482,0.5379696714597226,0.540652292793171,0.5604409505635263,0.5527277760507548,0.5702774178762762,0.5648531790963156,0.576099880419417,0.5716763064802692,0.5764566934493893,0.5754980066121029,0.5743719750310297,0.5769598622213852,0.571620146718795,0.5751757970715237,0.5653693950856238,0.5731041258704762,0.5558120247692913,0.5619028061728087,0.5391059139065183
929893138,75,0.48081157473483893,0.5123600033582403,0.5172260935269919,0.5388895418800549,0.5417037472364481,0.5614440433212996,0.5537200906724875,0.5713833151428651,0.565940727059021,0.5773783337531134,0.5728670976408361,0.5778423306187558,0.5767839252231831,0.5760456720678365,0.5782637897741583,0.5733182212520639,0.5765964234740996,0.5671245067584586,0.5747740184143508,0.5577594940251308,0.5637780203173537,0.5412184815156857
929893138,76,0.48156558068835087,0.5132716772200842,0.5181775802111273,0.5397979090535506,0.5427358169582297,0.5624710020370379,0.5546896058044531,0.572471709034992,0.5669714858887627,0.578675616082436,0.5740298662448247,0.5792870588443234,0.57806803971561,0.5776593065233818,0.5796935826679451,0.575008616537566,0.5781033896133163,0.5689952675324446,0.5765391566398155,0.5597490599136579,0.5656679584108455,0.5434218259105912
929893138,77,0.4824390201352673,0.5142032847515176,0.5192024833532684,0.5406483366352395,0.5437318118033423,0.5634265826525081,0.5556982686526806,0.5735089358630623,0.5679645683843485,0.5798726921638516,0.5750604864868991,0.580736239664961,0.5792375704221897,0.5791530692462603,0.5809788398152095,0.5765520685342698,0.5795772106325376,0.5708327018460508,0.5780338375418553,0.561573008470834,0.56744011592471,0.5455166947065192
929893138,78,0.4832782237492169,0.5151319939121132,0.5201623580013304,0.5416362595230868,0.5446845083945243,0.5643770356640812,0.5566622320673198,0.5745254871062948,0.569071037545557,0.5810740556563745,0.5762304398648954,0.5821380365919028,0.5805159634812896,0.5806521229029834,0.5823097158627341,0.5782044823896894,0.5809556561592495,0.57251969198909,0.5796166654826718,0.5634610540999593,0.5692701639725399,0.5475842197150231
929893138,79,0.4841445361111791,0.5161652509275014,0.5211765743611108,0.5426071422119113,0.545714577207113,0.5653560319202864,0.5576389870442066,0.575594945210735,0.5700602251508816,0.5823512783099125,0.5773787446770297,0.5835240055729785,0.5818135347710711,0.5822179051594686,0.5836972312584155,0.5798650114934711,0.5824277951770994,0.5742909702657579,0.5812338132287036,0.5653517809832205,0.5710788559453074,0.5496642291085041
929893138,80,0.4849477373856099,0.5170551381076316,0.5222252539669213,0.5435028545042399,0.5467734657039711,0.5663016329443372,0.5586233313743599,0.5766014608345227,0.5710509193182772,0.5836023423725967,0.5784023171857947,0.5849083830073042,0.5830261942742002,0.5837602846108639,0.5850595038199984,0.5815134119721267,0.5838489631433128,0.5760741121652254,0.5828184031567459,0.567262404500042,0.57288535807237,0.5517478591218201
929893138,81,0.48574458095069295,0.5179753957074641,0.523244930767389,0.5445682018178031,0.5477600848266619,0.5672606813289096,0.5595595315462105,0.5776230292363838,0.5720814145239747,0.5847618810706153,0.5795327692733453,0.5862995197923695,0.5842405246317596,0.5853101863512409,0.5863902130098643,0.5830651405330274,0.5851531575232356,0.5777899047565742,0.5843343273309971,0.5691564286980287,0.5747167003008942,0.5538634792405817
929893138,82,0.48653120399057237,0.518824574947118,0.5241757465429578,0.5454442603782935,0.5486729831617013,0.5681277400885839,0.5604447415895535,0.5785802629665957,0.5730596435760344,0.5859694154409432,0.5805905997940006,0.5875865924304445,0.5854395711281435,0.5868007846815099,0.5876577502656901,0.5847126349695199,0.5865550597828201,0.5795375662177409,0.5857881933281595,0.5710308773812278,0.57646600498412,0.55588654471886
929893138,83,0.48727661885894685,0.5196806030266646,0.5250264764877661,0.5463002206121101,0.5496013101183174,0.5689658137208392,0.5613526223102469,0.579568041286125,0.5739794034672818,0.5871311625479333,0.5816214231453561,0.5887516146358585,0.5865515626438252,0.5882311885439498,0.5888578240423705,0.5862030946386503,0.5878503519577428,0.5811884933740502,0.5872221991820864,0.5727842947644832,0.5780623965090486,0.5578016878191973
929893138,84,0.488104233381708,0.5206146978983013,0.5260133689946468,0.5471497935082017,0.5505814952964647,0.5699548436619212,0.5623238423066312,0.5806667306331482,0.5750576697810347,0.5884006780447045,0.5827356465212229,0.5901207767130024,0.5877345271077955,0.5897924487568514,0.5901722497411356,0.5876910498898577,0.5891542831556265,0.5828830692717016,0.5887664863611468,0.5746473847703804,0.579836165849095,0.5598166560722183
929893138,85,0.48887434748897457,0.5215589148933018,0.526995313279371,0.5480672833317695,0.5515154059272941,0.5708697348471754,0.5632080084153551,0.5816916641562174,0.5761130344170243,0.5895198210255473,0.5838043923807454,0.5913352462133371,0.5889242272343409,0.5912261034041691,0.5913303076246871,0.5891765891143629,0.5904779072236738,0.5844582615180234,0.5901944322351559,0.5763318138942253,0.581494120610212,0.5616963064295485
929893138,86,0.4895870145439139,0.5223718352978388,0.527873394341365,0.5489414709482928,0.5523704880967955,0.5717404080261943,0.5640525759850676,0.5825663398890609,0.577012552399287,0.5905446011406303,0.5847057537199345,0.5924907209087555,0.5899520279280634,0.5925644264730863,0.59252147223692,0.5905680307239937,0.5917321881473643,0.5859802254316412,0.5915891700655833,0.57792093687094,0.5830124782056063,0.5634453592828986
929893138,87,0.490311283783849,0.5232384437451327,0.5287530023922637,0.5498336802549946,0.5532744290267761,0.5726142260076409,0.5649303213392045,0.5834860464151268,0.5778889792783064,0.5916481143191313,0.5856539449190694,0.5937093790440016,0.5909817738263771,0.5939033463706397,0.5936471357973939,0.5919853858647035,0.5929634250962841,0.5874903619468915,0.5929518449573803,0.5795806445698316,0.5845625168273895,0.5651715742330329
929893138,88,0.4910004884713137,0.5240443325879058,0.529574457529709,0.5506173628654948,0.5541263423420673,0.5735030071515254,0.5657504331366726,0.5844540188214103,0.5788447081002281,0.5927003114004624,0.5865801092954565,0.5949380252020668,0.5920463131864357,0.5952323482495173,0.5948120911914885,0.5934153685287091,0.5942472962349546,0.589070168140985,0.5943398386518192,0.5812183733905252,0.5861655765106357,0.5669782897398127
929893138,89,0.4917067501572996,0.5248505064245211,0.530440184174953,0.5514980487303305,0.5550407092301611,0.5744373768370094,0.5667030476030561,0.5854247655127589,0.5798615008881414,0.5937788598774242,0.5875349856001297,0.5961263264341621,0.5931406998912344,0.596551766424955,0.5959838842199496,0.59484387484329,0.5955037313256842,0.5905644767984273,0.5957824841356163,0.5828678806013513,0.5876812011180298,0.5687576114610327
929893138,90,0.49232362242185096,0.5256494929990019,0.5312400302241624,0.5523405069077137,0.5558806518717526,0.5752642282110841,0.5676153695463577,0.5863212343398725,0.5806817227772647,0.594871220813627,0.5885866472635006,0.5973357960428736,0.5941515312642841,0.59784372988554,0.597143630071176,0.5963311224918143,0.5967704922620547,0.5920829485349676,0.5972065970764653,0.5844564781387886,0.5892214479612683,0.5705272437242885
929893138,91,0.49302150288633373,0.5264138514495328,0.5320435168894576,0.5531953564024759,0.5566855275527931,0.576135643384405,0.5684135359225612,0.5872081490837263,0.5815092891324946,0.5958376272371739,0.5895363137408306,0.5983959789685589,0.5951263076609394,0.5991497378450615,0.598215611942419,0.5977081855261689,0.5979254562916724,0.5935828087620548,0.5985454391129816,0.5859907869814679,0.5907024719047219,0.5721758721506853
929893138,92,0.49373113271254565,0.5272391614620027,0.5328400309542147,0.5540293407993342,0.5575828700543524,0.5769447678981432,0.5692413479684472,0.5881168485105109,0.5823626680488988,0.5968957266392411,0.590517351516501,0.5995681741028571,0.5961387537278292,0.6004410428066129,0.5993842921961067,0.59909865925907,0.5991890032231806,0.5950929539008517,0.5998665829540104,0.5876395768617245,0.5922535069884249,0.5739465346245525
929893138,93,0.4944570980290199,0.5280309246986836,0.533624380824448,0.554853966199131,0.5584564011038861,0.5777680882314442,0.5701118420399324,0.5890425675010809,0.583256373660202,0.5978913500938412,0.5915003119010801,0.6007196745034634,0.5971082120710683,0.6017357227393492,0.6005129441205067,0.6005079789803046,0.6003608302797722,0.5965778448222164,0.601197230715621,0.5893328025147081,0.5937684782206382,0.5756664797968445
929893138,94,0.49514841457119024,0.528848266487084,0.5344027601877042,0.5556119231820398,0.5593519846664179,0.5785194090211623,0.5709129054673223,0.5899329602352197,0.5841056095116797,0.5989095543722323,0.5923676844397365,0.601772543527617,0.5981374270520545,0.6030162535257058,0.6015787301921879,0.6017484285043149,0.6015166563359098,0.5979239644383789,0.6025004599717407,0.5908019942231122,0.5952601475124907,0.5773038332169262
929893138,95,0.4958490382618455,0.5296302842573649,0.5351762413337516,0.5564047386537876,0.5602075038995356,0.579321193589296,0.5717293611831611,0.5908147709547567,0.5850328533111808,0.5999774644402124,0.5933303580502763,0.6029464139738145,0.5991449743492305,0.604301198803406,0.6027051509219695,0.6030904648069674,0.6026834991096244,0.5993336544282375,0.6037652059794353,0.5923418865356658,0.5967327857045014,0.5790012770150547
929893138,96,0.49651189026949877,0.530423558055579,0.5359169919961939,0.5571456181960652,0.5609621183499847,0.5800441818487113,0.572488578484874,0.5916392935102006,0.5858476408362018,0.600934797666023,0.5942161307474884,0.6040083746117034,0.6000773094898274,0.6054915974029609,0.6037009731900485,0.6043170878459687,0.6038159754288753,0.6006999832087986,0.6050241548428624,0.5938020352335376,0.5981323286597823,0.5805995158536926
929893138,97,0.49706630014532177,0.5311286370477952,0.5366753594312457,0.5579447915683934,0.5617894573758814,0.5808535296576758,0.5733070098072733,0.5925104317502577,0.5866737582084307,0.6019360082121092,0.5951156645464168,0.6050566616495019,0.6010323992289894,0.6066466326284202,0.6047515637888221,0.6055681874244287,0.6049908816852134,0.6020472282833074,0.6062714271742226,0.5953034836549772,0.5995627363426513,0.582186006697439
929893138,98,0.49766807906942473,0.5319152763951689,0.5375124863143141,0.5587426474241783,0.5626354647307668,0.5816874814739934,0.5741100234905481,0.593326953819056,0.5874860144712744,0.6028765212742809,0.5959929853899414,0.606095548789577,0.6019859879137618,0.6078440611405338,0.6057999893769951,0.6067753354385158,0.606162370917639,0.6033220021280278,0.6074080039202315,0.596736595738119,0.6008774259430915,0.5837118492766933
929893138,99,0.49831409553515166,0.5326135165779192,0.5382928436408413,0.55948961532036,0.5634058662351837,0.5824553994313041,0.5749010548775472,0.5941524217067833,0.5883501287749462,0.6037844654249658,0.5967648103908704,0.6071185365535127,0.6028304198902805,0.6089579363443859,0.6067712639788871,0.6079873540204327,0.607173235164168,0.6046897486323228,0.6086102397495228,0.5981505085274711,0.6022261910516465,0.5852505408378131
929893138,100,0.49896062463269253,0.5333737721433969,0.5390554949206615,0.5602388548400637,0.5641843673914869,0.5831924271681638,0.5756242129124339,0.5949769120980607,0.5891201410460919,0.6047137100159518,0.5976336999412308,0.6081575854252372,0.6038569389639828,0.6101276131307195,0.6077189152883888,0.6091696750902527,0.6081983040886575,0.6059923600033582,0.6097603055998656,0.5996028880866426,0.6035941566619092,0.5868583662161028
929893138,101,0.4995885324406843,0.5341800698414229,0.5397926536000087,0.5609412549012437,0.5649744682301325,0.5839476945763589,0.5763833414657057,0.5958150008603412,0.5900112301550027,0.6057051847406216,0.598547727327514,0.6091997496282244,0.6048564809465583,0.6113493559078014,0.6087758133549901,0.610361002517849,0.6093564397998024,0.607299517627021,0.6109906725707412,0.6010925918383123,0.6049990399090283,0.5884056754260767
929893138,102,0.500205774527089,0.5349059445791582,0.5405219429724707,0.5616142435481455,0.5657597771708801,0.5846712793084659,0.5771481625980928,0.5965646354251549,0.5908259954136973,0.6065907934830383,0.5993442377370728,0.610225183180484,0.6057615221388698,0.6124631869371038,0.609859727620374,0.6115610714103457,0.6104511236112277,0.6085859832976932,0.612121601222136,0.6024934110996426,0.6062957128111928,0.5898901328644967
929893138,103,0.5007686457733042,0.5356434005280262,0.5413157291986767,0.56237890568643,0.5665852646611234,0.5854297202634752,0.5779319597695856,0.5973771491311368,0.5916436874456426,0.6075162634197157,0.6001587013065348,0.6111801687760274,0.6066583634447393,0.6135358276146794,0.6108402692134952,0.6127174603226356,0.6114964302394865,0.6097965248733936,0.6132542081929652,0.6038360559261121,0.6075325655570073,0.5913816305886783
929893138,104,0.5014575247185858,0.5362875622404629,0.542026439684067,0.5630864811454183,0.5674150591244035,0.586259146361153,0.5787608254812939,0.5981352886472103,0.5924763308641656,0.608431604915947,0.6009663820773299,0.6121523091131017,0.6074870998366086,0.6146419276299219,0.6117761216199634,0.6138495928133658,0.6124820786215716,0.6111202153148674,0.6143856196276228,0.6052235167233908,0.6088461377007678,0.5929191180744366
929893138,105,0.5021132926346594,0.5370090072801853,0.5427991732332258,0.5638005685021049,0.5682078590818411,0.5870739732380232,0.57959869028629,0.5989673411132566,0.5933131039335388,0.6093339090316674,0.6018242440960936,0.6131487100759202,0.6084139910686799,0.6157925247170483,0.612804090656496,0.6150717024279277,0.61358927921769,0.6124438794071906,0.6155562485257725,0.6066349233001906,0.6101706705686221,0.5944804922220756
929893138,106,0.5027210458700773,0.5378099045911263,0.5435866323027865,0.5645692977634436,0.5689853045306147,0.5878627335125451,0.5804357950396256,0.5997769621548498,0.5940810222990324,0.610286511754633,0.6027063139669531,0.6142237316702651,0.6093558673368362,0.6169804192414495,0.6138336530525929,0.6162592688223822,0.6146229187226648,0.613702570796299,0.6167321153904033,0.607963860899153,0.6114389267570962,0.5959850811759544
929893138,107,0.5033182238675158,0.5385730774270543,0.5443134713298082,0.5653491589098901,0.5698655213079561,0.5886959905906501,0.5812137057004559,0.6006310823969362,0.5949456129847772,0.6112636791405415,0.6036174054141423,0.6152280504081282,0.6102707228141425,0.6181476794010405,0.6148290632157348,0.6174269916208766,0.6156615615660385,0.6149138038583669,0.6179256275319209,0.609249911924656,0.6127387940308063,0.5974278076418797
929893138,108,0.5039381586271018,0.539198515533416,0.5449759326113116,0.5660574414562324,0.5706206059136124,0.5894279175489822,0.5819931467022391,0.6014324605018081,0.5957098480396272,0.6122064260549693,0.6044774204983255,0.61617529081428,0.6112145013790552,0.6192684477778089,0.6157737789842567,0.618581252312677,0.616746658084497,0.6161441959968532,0.6190671088349704,0.610551404397429,0.6139613398134932,0.5989052292154466
929893138,109,0.5044931868544918,0.5399349456481134,0.5457186672715608,0.5668008679048508,0.5713822470786776,0.5901679813355784,0.5827736908062011,0.6022372350282947,0.5964850931873167,0.6130683301766389,0.6052569554470888,0.6171128530484888,0.612061628330608,0.6203266735936792,0.6166722765711133,0.6196831392460443,0.617723267136461,0.6173100341292722,0.6201137026216611,0.6118347930638475,0.615161068444172,0.6002850653046794
929893138,110,0.5050278199677913,0.5406179162119049,0.5463421894200166,0.5674987215789835,0.5721388174414789,0.5908877202891138,0.5834934857770891,0.6030121125621083,0.5972870761175689,0.6139542516085208,0.6060200273238642,0.6180539760801703,0.612907854466078,0.6213698567405226,0.6175750452217584,0.6207195793040811,0.6186775402416406,0.6184905473168423,0.6212206440188978,0.6131604857236627,0.6163866861037544,0.6017191900535029
929893138,111,0.5056163543276296,0.5413195917771519,0.547098563595919,0.5682721173024253,0.5729078503404756,0.5917060541357411,0.5843417508684908,0.6038392098756468,0.5981180996293077,0.6148434976828899,0.6069020914122081,0.61906361066801,0.613815982047029,0.6224347090773085,0.618561387346544,0.6218228134943777,0.6197443350495152,0.6197273169399776,0.6223598293953428,0.6144989755098058,0.6176045914103172,0.6030737731266654
929893138,112,0.5061426562481259,0.542039096513427,0.5478076987658467,0.5690148362258176,0.5737313647648633,0.5925187701644339,0.5851227706681699,0.60463729505739,0.5989601448840808,0.6157667132422611,0.6077796484642047,0.6199877514182568,0.6147341293162383,0.6235000359811459,0.6195162484857935,0.6228744887678856,0.6207238656943762,0.6209056454417885,0.6234359445650479,0.6157903258692444,0.6187793846024683,0.604427779843362
929893138,113,0.5066403257790263,0.5426923725596106,0.5484377867413405,0.5697666988869513,0.5745975126732706,0.5932914692524126,0.5858840233204525,0.6054275701125531,0.5997765135670678,0.61664349827593,0.6086156694599995,0.6208977646155892,0.6156352832177886,0.6245472505150664,0.6203806550500282,0.6239521287305628,0.6216864310004212,0.6220397149062032,0.624429489213139,0.6170001255625238,0.6199337564815153,0.6057392475015658
929893138,114,0.5071517261796924,0.5433426568688533,0.5490895928428241,0.5704703893054777,0.5753807110337341,0.5940126847216268,0.5866775809475835,0.6061678943391557,0.6005513111129768,0.6174868579390715,0.6094812107929128,0.6219026493275418,0.6164311479731989,0.6254770395049836,0.6212792391523684,0.6249957653768372,0.6226361597049462,0.6230703006361509,0.6254468448006928,0.6181964334899039,0.6210774501529619,0.6070284434114419
929893138,115,0.5076589779998759,0.5439615554492924,0.5497085266450815,0.571179727909532,0.5761652546239684,0.5947848718575813,0.5874405463710929,0.6069844097345165,0.6013630075231883,0.6182987592762262,0.6102860709683777,0.6227896756012893,0.6172113464718401,0.6264512525871226,0.6221151073359299,0.6260223468989207,0.6235631659445233,0.6241504929677718,0.6263975937478328,0.6193766814015542,0.622276813906035,0.6084018061492299
929893138,116,0.5082381831920074,0.5446059712986258,0.5503797561801753,0.5718428198796244,0.5769474898601409,0.5954818640549594,0.5881791389587718,0.6077466786714106,0.602109322301321,0.6191368309212868,0.6110813967963545,0.6237001294080522,0.6180479359849921,0.6273960031150574,0.6229969978489892,0.6270496845859667,0.6244864932154862,0.6252232795532383,0.627419163392865,0.6205543122989761,0.6234283580231545,0.6097692223068216
929893138,117,0.5087511579829606,0.5452124625157956,0.5510370002016379,0.5725021114576987,0.5776682761822549,0.5962286531088479,0.5889485191810774,0.6085228263466865,0.602851131648042,0.6199358202968313,0.6118182790166671,0.624509987535762,0.6187794518749098,0.6283324973611263,0.6238871344236133,0.628049773713446,0.6253775329419692,0.6262206808760413,0.6283174283342196,0.6217078661038027,0.6245465837439642,0.6110196205906053
929893138,118,0.5093144920875021,0.5458520752075066,0.551756032381405,0.5732284926766171,0.5784394570465415,0.596921518209204,0.5896258834946758,0.6093100096905154,0.6035874828708401,0.6207251806832881,0.6125739773375699,0.6253349346637278,0.6195924860796671,0.6292744635709193,0.6247408391900949,0.6290428730599403,0.6262257221283843,0.6272189643813082,0.6292328413131858,0.6228361762165439,0.6255924946175662,0.6121997327637606
929893138,119,0.5098595394836636,0.5464710609287792,0.5524333484548214,0.5739084484436037,0.5791059602415394,0.5976440110088196,0.5903775833228094,0.6100850213311755,0.6043629608673291,0.6214924556003242,0.6133882316254519,0.6262306786537972,0.6204169015435912,0.6302852599355585,0.6256172353921838,0.6299765981449249,0.6271044560885392,0.6283154685768186,0.63018225508657,0.6240485279831016,0.6267090162401959,0.6135106380727087
929893138,120,0.510459869028629,0.5471584389779756,0.5530895810595249,0.5746141521842555,0.5798474099571823,0.5983551618951669,0.5911832199927238,0.6108569109786471,0.6051527999328352,0.6223071110737972,0.6141602300394593,0.6271387792796574,0.6212503148350265,0.6311697170682562,0.6264709792068957,0.6309797666023004,0.6280045756023844,0.6293971958693645,0.6311588727506786,0.6251619651302718,0.62782511963731,0.6148119385442028
929893138,121,0.5109864414517867,0.547776171897496,0.5537589047140951,0.5752828658278929,0.5806220515656407,0.5991593297674002,0.5919932335621424,0.6116417146175734,0.6059469300896247,0.623162768494433,0.6149604053756823,0.6280308292008706,0.6221032575624587,0.6321002670633645,0.6273244885795545,0.6319712107219454,0.6288429821451246,0.6304332893200327,0.6321592444236906,0.6263197919001187,0.6289432436576788,0.6160754244114928
929893138,122,0.5114847688663599,0.5482943167288538,0.5543508480244876,0.5758955422112911,0.5813537149156793,0.5998133699253066,0.5926863995397559,0.6123469007158282,0.6066554404180734,0.623923539475151,0.615710302227862,0.6288463205935827,0.6228678959110672,0.6331084642794716,0.6281117055318751,0.6329267889855223,0.6297268264216436,0.6314523976321653,0.6331339263471842,0.627417348063713,0.6300048446745055,0.6172796602121473
929893138,123,0.5119394997996659,0.5488924291476145,0.5550249717928294,0.5765624178783976,0.582153000608169,0.6005093331094506,0.5934130028060418,0.6130696295628896,0.6074169330392825,0.6246767181801613,0.6165473194485115,0.6296830217063819,0.6236136167087472,0.6339838900026142,0.6289687130772743,0.6339101725330073,0.6305809414403438,0.6325750672501267,0.6341064111673775,0.6285653147019256,0.6310631765540223,0.6184581718204052
929893138,124,0.5124119477522809,0.5494717542201435,0.555663509740251,0.5772242925352277,0.5828402046359965,0.6012360490844734,0.5940903095810054,0.6137647904755973,0.6081370297448009,0.625404546082369,0.6173129473704166,0.6304564633938268,0.6244035061111849,0.6348516280694723,0.6297404676078767,0.6349024079124475,0.6313975831503003,0.6336159852237427,0.6350547474413729,0.629673099682863,0.6321338908734404,0.619661684374162
929893138,125,0.5128969859793469,0.5500629670052892,0.5563284358995886,0.5778806145579716,0.5835506674502561,0.6018853160943666,0.5947923767945597,0.6145267399882461,0.6088754932415414,0.626210393753673,0.6180790865586433,0.6313310385358072,0.6252052724372429,0.6358478717152212,0.6306056586348754,0.6358582822600958,0.6322491814289313,0.6346520023507682,0.6359942909915204,0.6307456972546386,0.6331807572831836,0.620922844429519
929893138,126,0.5134319616520944,0.5506384654441073,0.5570057956297567,0.5786234679694507,0.5842865005403836,0.6025952400941906,0.5955719203137555,0.6152466107759533,0.6095989035078953,0.6270321018452997,0.6188357300774395,0.6321504198466671,0.6260003091713275,0.6367490101853296,0.6313864868142427,0.6368179740482653,0.633114581292736,0.6356582484111659,0.6368706131320521,0.6317929404991784,0.6342066757019321,0.6221293375604516
929893138,127,0.513974047677757,0.5512105200182191,0.5576248911711995,0.5792607508311315,0.5850097541014493,0.6032192831743568,0.5962311024613653,0.6159495259129886,0.6103294314723966,0.6278164100279171,0.619526911205615,0.6329033507701807,0.6267243208653154,0.6376485178459401,0.6321930300648445,0.6377972588033162,0.6339161114221817,0.6366655053854142,0.6377880038104129,0.6328894682808256,0.6352527968258019,0.6233773187888917
929893138,128,0.514424035555369,0.5517306743766266,0.5581900396692133,0.5798677430526404,0.5857285938418269,0.6039031016497355,0.596947215284191,0.6166135819830408,0.6110052551213164,0.6285904311140962,0.6202371363655445,0.633706500293846,0.6274776860675007,0.6385618467173201,0.6329941860465116,0.6386746626017966,0.6347953047603055,0.6375868419947948,0.6387130331206448,0.6339117989673411,0.636248465179246,0.6245192206783645
929893138,129,0.5149233429589872,0.5522733529491012,0.5587330843289279,0.5805108820652397,0.5863393163377739,0.6045463804873222,0.5976287959992685,0.6172810098671087,0.6116673467754059,0.629353102695118,0.6209275641889231,0.6345063093915532,0.6282170933128713,0.6394590629858791,0.6337731586788057,0.6395934576793387,0.6355612914646678,0.6385121173249404,0.6395531067302128,0.6348883417647292,0.6372075451068291,0.6256743326961788
929893138,130,0.5154698630225454,0.5528351297766124,0.5593753027259869,0.5811802922960676,0.5869732567826765,0.6051529613866948,0.5983295983673786,0.6179281594905808,0.6123515431759912,0.6300646461254302,0.6216315881247457,0.6352463462991546,0.6289238131526772,0.640271759136674,0.6345101166988498,0.6404961800016791,0.636367158993303,0.6394489902675613,0.6404306297346345,0.6359176714478536,0.6381586510207112,0.6267809975265268
929893138,131,0.5159766358763885,0.5533989044702408,0.5599551636469208,0.5819186318887987,0.5876564802181061,0.605794823054704,0.598984452757442,0.6185856168619552,0.6129926086669517,0.630818519797916,0.6222918579977069,0.6360135380663586,0.6296283953315334,0.641093517378573,0.6352066631588864,0.6413120593511291,0.6370943915464632,0.6403949521290538,0.6412694404620528,0.6369207115624085,0.6390673577121924,0.6278880706204606
929893138,132,0.5165231146152144,0.5539942070355135,0.5606041525149912,0.5825872697252094,0.5883245815556285,0.6064555809119657,0.5996777234183832,0.619339329827534,0.6137521211612388,0.631622666086607,0.6230750541261832,0.6368362069184837,0.6303836789522291,0.6420052256254087,0.6360122295916939,0.6422119354912571,0.6378878831128852,0.6413870041189326,0.6422373767055154,0.6378936073860934,0.6400745554783839,0.6290216199438766
929893138,133,0.5170629537490776,0.5545082797666654,0.5611875166886235,0.5832341747661068,0.5889611738186032,0.6070862026193011,0.6003646720697302,0.6200122714644893,0.6144437157034977,0.632375582563158,0.6237293763331172,0.6376079986718539,0.6311323392857933,0.6428274741929966,0.6367596011269042,0.6431541451226925,0.6386296738403813,0.6423161631726028,0.6430957546666599,0.6389506635365173,0.6409936982494856,0.6301529577448786
929893138,134,0.5175637219828153,0.5549849192455989,0.5617674995019029,0.5838886542854529,0.589612073124429,0.6077553421708518,0.6009890518860654,0.620668590554072,0.6150852028164108,0.6330489689074567,0.6244318872433233,0.6383237869923324,0.6318056055045067,0.6436177144668731,0.6374366100819887,0.6440093003206618,0.6393798157228299,0.6432198632394237,0.6439256575822926,0.6399693873842942,0.6418818926941984,0.6312498668608096
929893138,135,0.5181009151204768,0.5554843484236482,0.56227203611974,0.5844672058508009,0.5901497837355447,0.6082982739266846,0.6015939203412968,0.6212240785828227,0.6156030684365836,0.6336756872732022,0.6250767264620006,0.6390103141509405,0.6324378025914421,0.6444093073007522,0.6381163381499205,0.6448185150980886,0.6401032969834918,0.6440943168002189,0.6446950686729044,0.6409161155110277,0.642742936034851,0.6323211970260917
929893138,136,0.5186110713280359,0.5560356961187631,0.5628268728362809,0.5850776839994666,0.5908237318938993,0.6088909411468391,0.6022602685604508,0.6218541190298637,0.6162762918113261,0.6343783798466075,0.6257679505350959,0.6397537249304893,0.6330452695728614,0.645153762957622,0.6388153930869636,0.6456099650841782,0.6407861986201583,0.6449142414080903,0.6454960688834345,0.6418384266644278,0.6436928667025537,0.6333743030416767
929893138,137,0.5190169548237016,0.5565167939590896,0.5633123279897684,0.5856627039839883,0.5914247211833262,0.6093971284594317,0.6027940191456466,0.6224017301065627,0.6168060928774052,0.6350122900563608,0.6263470496204514,0.640401714173306,0.6336754285280061,0.6458420021485384,0.6394083368927821,0.6462973256028439,0.6414499386263204,0.6457479346515856,0.6462222554505527,0.6427172453605113,0.6445339430459608,0.6343685251993649
929893138,138,0.5195021287106426,0.5570128209340045,0.5638086946787709,0.5862793982909477,0.5920583701097147,0.6099726352087159,0.6033836095972668,0.6229076398749664,0.6173711062359845,0.6356148074061365,0.6269442203589668,0.6409977258872872,0.6342967589331017,0.6465616364850905,0.6400617380840266,0.6470629390199536,0.6420742487458312,0.6465175291625449,0.64694035108212,0.6436110087010058,0.6454215382443947,0.6353699357189007
929893138,139,0.5199815296784485,0.5575666408355978,0.5643211734029786,0.5868989972995158,0.5926955857864292,0.6105289892844351,0.6040006547360551,0.6234995883739654,0.6180107379129021,0.6362116754417807,0.6275596767150129,0.6416192878960202,0.6349296853340936,0.6473107803741056,0.6407157038201191,0.6478570984199963,0.6427412179902622,0.64732678637545,0.6476949244063737,0.6444662421351643,0.6462353582837701,0.6363599574542365
929893138,140,0.5204618779759406,0.5580339901891409,0.5648191347733786,0.5875061467790877,0.5932589323194646,0.6110363169699078,0.6045081377358265,0.6239817335716085,0.6185746668745578,0.6367412475862648,0.6280889813737601,0.6422481619631314,0.635498998524773,0.6480042457752138,0.6413684229463762,0.6485295705050553,0.6433878647588663,0.6481244827710279,0.6484177291099464,0.6452540868584862,0.6470291567218778,0.6372890605322811
929893138,141,0.520937794553101,0.5584902447287835,0.5653347433179056,0.5881023024786076,0.5938136926888609,0.6115635407046708,0.6050730268403186,0.6245121173526349,0.619164536506275,0.6373856694836587,0.6286173279244229,0.6428987806134266,0.6360962600278306,0.6487274710604836,0.6420047384532207,0.6492859869088172,0.6440646377893727,0.6488370306725233,0.6490975324674552,0.6461084604433235,0.6478292608715587,0.6382311838809229
929893138,142,0.5214123292352554,0.5589471680219846,0.5657703673134432,0.5886962696335852,0.5943863584495809,0.612132116010647,0.6056491750435448,0.6250684359705373,0.6197150580419803,0.6379485881792307,0.6291991306414594,0.6435074218292713,0.636699299144713,0.6494535173428279,0.642613172106267,0.6499927277543187,0.6446839884069762,0.6496356191046033,0.6498123997110022,0.6470066727288422,0.6486387893307287,0.6392076326652721
929893138,143,0.521811535790211,0.5593278352912304,0.5662512703483235,0.5891988542059905,0.5948802687531594,0.6126228737260556,0.6061644257849446,0.6255303759291669,0.6202884094328976,0.6384863142901931,0.6296859047257838,0.6441016795311144,0.6372008480143816,0.6501271375757146,0.6431887313425387,0.6507215813319415,0.6452615053488197,0.6503746023097883,0.6505357626170322,0.6478171731718874,0.6494187954602697,0.6401196402455742
929893138,144,0.5222818659688989,0.55981632291346,0.5667456086344089,0.5897784144441647,0.5954428212949747,0.6131718229647665,0.6067652216905008,0.6260392471011856,0.6208351407195963,0.6390468894299387,0.6302431692459818,0.6447042999468278,0.6378003759363428,0.6507995643616079,0.6437807838692524,0.6514685887928059,0.6459481898152035,0.6511041964010859,0.6512473297325535,0.6486397377774046,0.6502072080896278,0.6410807820035634
929893138,145,0.5227607630153523,0.5602969147614925,0.567207362652315,0.5903905112341823,0.596021064272666,0.6137140690002576,0.6073542567143092,0.626572365735527,0.6214374426421244,0.639624919300907,0.6308072225326343,0.6453350857943541,0.6383910555007107,0.6515142479134037,0.6443499054771162,0.6521693942718844,0.6465808192369269,0.651896392497228,0.6519511086535483,0.6494758539628683,0.6510128278988707,0.6420254820956578
929893138,146,0.5231787584401665,0.5607367082114725,0.5676196631869012,0.5909393067073948,0.5965534333981596,0.6141442295196221,0.6079231469011608,0.6270130752855367,0.6219501255314818,0.6401136626325615,0.6312591790942642,0.6458712620888023,0.6389391410955454,0.6521518614656878,0.6448790285944959,0.6528695128136419,0.6471791931712714,0.6526107442987545,0.6525900428175636,0.650316042612849,0.6517746344750968,0.6428968617704596
929893138,147,0.5236007760504924,0.5611259699917244,0.568037491211748,0.5914412276538522,0.5970882686043941,0.6146182257639854,0.6084209017332061,0.6275014749414163,0.6224763937982212,0.6406520126310956,0.6317992229214748,0.6464526873632502,0.6394480720673795,0.652821635748582,0.6454712016617578,0.6534955683221991,0.6477494364381636,0.6533719188288194,0.6532502682879885,0.6511133880132525,0.6525006610821643,0.643839199687935
929893138,148,0.5240153889091845,0.5615556367382409,0.568469243737903,0.591950547642765,0.5976218326461799,0.6150968784248946,0.6089865261954087,0.6280099363068886,0.6230057611973489,0.641208898429115,0.6323158016550678,0.6470835498415046,0.6400357834116545,0.6535328460859483,0.646075794121718,0.6541540070840718,0.6483437408527662,0.6540677819957478,0.6539262480514264,0.6519130056931249,0.6532310582768143,0.6447600106193003
929893138,149,0.5244802193449289,0.5619615053255719,0.5689597174570458,0.5924851485204303,0.5981338664445871,0.6155913630116879,0.6095025803794248,0.6285126996138587,0.6236125424639906,0.6417597179078163,0.632838969561158,0.6476374835961796,0.6406113800395439,0.6542342282442657,0.646647760600291,0.6548188212463918,0.6489675383253538,0.6548114962256422,0.6545649811042638,0.6526706180458084,0.6539750352023593,0.6456512760467877
929893138,150,0.524891836677581,0.5623390143564773,0.569369770240394,0.5930392074552935,0.5986289984048359,0.6160935269918563,0.6100044776537095,0.6289978451291524,0.6241191615593429,0.6423194246214984,0.633358520135449,0.6481809531805334,0.6411115775333724,0.6548534967676937,0.6471650854952006,0.6554540620714746,0.6495183723728767,0.655471133126242,0.6552254218789355,0.653400777992332,0.6546142221475947,0.6465135868804746
929893138,151,0.5253391461284883,0.562752667271224,0.569880309869946,0.5935925998617784,0.5991798443311069,0.6165592937909807,0.6105564392867409,0.6295772008844849,0.6246685544721586,0.6428756100015512,0.6339117772485893,0.648798678499089,0.6417171839042434,0.6555129350630865,0.647790928414438,0.6562243371228444,0.650168940614191,0.6561495551165626,0.6559107530965033,0.6542032769530752,0.6554006230536523,0.6474364783846643
929893138,152,0.5257775320468916,0.563212797546717,0.5703573432784379,0.5941735083447853,0.5996916826109434,0.6170355023441402,0.6110561223813458,0.6300713294654653,0.6251712260670145,0.6433755948724973,0.6344315184106686,0.6494046856289409,0.6422463313434287,0.6561747433818362,0.6483140860504885,0.6568869885864018,0.6507587524137352,0.6568773225987478,0.6565575164929367,0.6549518578580613,0.6561587254594382,0.6483182286166259
929893138,153,0.526203328279511,0.5636726747341256,0.5708064660392465,0.5946881089211214,0.6001789964019637,0.6174901214508695,0.6115997570214383,0.6305354033702026,0.6257208281683927,0.6439401047968512,0.6349754689327105,0.649970670270739,0.6428009370148866,0.6568188465322603,0.6488951554091538,0.6575291801997715,0.6513660959304384,0.6575947536824037,0.6572057026431876,0.6557189130934606,0.6568726222753395,0.6491772036942838
929893138,154,0.5266399497572363,0.5641025920599424,0.5712508463746815,0.5952388221299312,0.6006845140419147,0.6179410170888636,0.6121183408984601,0.6310264330581684,0.6262902784395522,0.6444512166533828,0.635470649743171,0.6505726453883619,0.6433960422920207,0.657515371036486,0.6494774011145433,0.6582115516923678,0.6519944458194815,0.6583303985075457,0.6578844503661898,0.6564828211835181,0.6576238596430015,0.6500533720330548
929893138,155,0.5270722915385887,0.564547003176787,0.5717544909693126,0.595768888070393,0.6011650927172226,0.6184077607849615,0.6126792528457025,0.6315390219396004,0.626867818037542,0.6450015030833519,0.6360130646380007,0.6511592699618949,0.6440159678908897,0.6582064288635335,0.6500564671853883,0.6588715771000512,0.652593292727514,0.6590592593996875,0.658531690684404,0.6572628716745974,0.6583613412378365,0.6508984646883743
929893138,156,0.5275273449020406,0.5649811421891852,0.5722016278854495,0.5962668638556474,0.6016631900268874,0.6188642151512607,0.6132440062945479,0.6320603772853793,0.627427996960362,0.6455170183131731,0.6365070856717234,0.6517332610020041,0.6445474878855788,0.6588587580108024,0.6506369892945327,0.6595104934245225,0.6531529786084399,0.6597542887526936,0.6591612149080036,0.6579998234771133,0.6590864079530019,0.6517779299031923
929893138,157,0.5279864943126489,0.5654322103370699,0.5726494858095632,0.5968186555595186,0.6021616265433601,0.6193557633125083,0.6137881966410111,0.6326023634952864,0.6279914675028756,0.6460652707153426,0.6370621921501669,0.6523130414694548,0.6451139475526289,0.6595316538210411,0.6512379233027117,0.660229504707686,0.6537664964195704,0.6604682713137298,0.6598017033978654,0.658835407189308,0.6598407402673866,0.652663571167689
929893138,158,0.528378458801512,0.5658666757353324,0.5731692542474832,0.5973709016981431,0.60270795318443,0.6198177091912699,0.6143281553377422,0.6331226108405272,0.6285308017586128,0.6466121625685862,0.6375688253279332,0.6529258668457728,0.6456859896553446,0.6602162239138589,0.6518256711963945,0.6609046100349746,0.6544049272611531,0.6611439909285003,0.6604625125801168,0.6595900077473328,0.6605560331955675,0.6535427840874672
929893138,159,0.5288103750615809,0.5663331659493444,0.5737007015870853,0.597909601029438,0.6031864208814958,0.6203118622445611,0.6148417851687225,0.6336423864838221,0.6291150984054167,0.647173560299686,0.6380904707819894,0.6535349439158031,0.6462083302311853,0.660897463314129,0.6524326913074908,0.6616271941427221,0.6550097183038353,0.6618634854204322,0.6611406189194597,0.6603446209280677,0.6613080029083629,0.6543681676839073
929893138,160,0.52924476324406,0.5667458126941483,0.5741672613550499,0.5984625556208546,0.6037042964486609,0.6207977394845101,0.6154009424061792,0.6341666841575015,0.6296889429938711,0.647776739988246,0.6387231340777434,0.6541311602720175,0.6468301360087314,0.6615707119469398,0.6530465536059105,0.6622562652170263,0.6556518134497523,0.6625487994290992,0.6618196939803542,0.6610863907312567,0.662036143061036,0.655212880950382
929893138,161,0.5297029573894584,0.5671593302500793,0.5746196818953825,0.5990031658193715,0.6042225178354368,0.6213099118670512,0.6159659295051132,0.6347214928942452,0.6302394936357696,0.6483732089602439,0.6392994418750662,0.6547533440303368,0.6474129295379657,0.6621863187168184,0.6536082049527787,0.66294661597323,0.6563018369678636,0.6632412441967365,0.6625250108073805,0.6618648350003729,0.6627758358967727,0.6560682202525877
929893138,162,0.5301821845353035,0.5675990965919043,0.5750792140473947,0.5995101529761369,0.6046838123489958,0.621786221057203,0.6165143538859711,0.6352329157299352,0.6307982765179194,0.6489239638429464,0.6398497187473764,0.6553033247615286,0.6479424041061743,0.662771781660484,0.6541465975532526,0.6635919074701153,0.6569005618833509,0.6639152935713538,0.6631446603461267,0.6625434938758757,0.6635113200682843,0.6568914925616014
929893138,163,0.5305610167020948,0.5679845356125415,0.5755058091891138,0.6000109194315921,0.6051175564372366,0.6222440668083788,0.6170516710593342,0.6357553182009927,0.6313404168853558,0.649456887045176,0.6403425096047217,0.6558687051665909,0.6484612615136908,0.6633858582029397,0.6546639622187668,0.6641924539516754,0.6574867898055775,0.66460399290649,0.6637636602346749,0.6632424118964118,0.6642192374631276,0.6577234633346605
929893138,164,0.5309646647595684,0.5683307190934389,0.5759494707699996,0.6004958523684809,0.6056284311898613,0.6227078474294104,0.6175939539388677,0.6362800526670366,0.6319296981064848,0.6500086515641413,0.6408538633073342,0.6563480979868989,0.6489824941486758,0.6639653138828424,0.6551867918771539,0.6648250950648202,0.6580561419962282,0.6652630485040474,0.6644063388833032,0.6639816955427551,0.6648783354595363,0.6584889761667325
929893138,165,0.5313781760175849,0.5687729447951092,0.5764511032582563,0.6010062000239147,0.606131332636244,0.6231934829785556,0.6181795284725349,0.6368620297509561,0.6325349880299087,0.6505440603669133,0.6413742835118035,0.6569091977621907,0.6495360794580003,0.6645919356439045,0.6557149871649074,0.6654711840086703,0.6586051091046473,0.6659166596703328,0.6650002671327497,0.664664697516683,0.6655798179935533,0.6592637821417942
929893138,166,0.5317733025966682,0.5691827843655707,0.5768806904218333,0.601491432946967,0.6066337383789208,0.6236967852941444,0.6187378175281937,0.6373821202027485,0.6331352612195065,0.6510884441131161,0.6419172618608091,0.6574764341557313,0.6500981678371617,0.6652099962270372,0.6563071191659426,0.6661350295818486,0.6592109349158872,0.6665947645843218,0.6656153621285579,0.6653680459391086,0.6662528714471688,0.660089691315004
929893138,167,0.5321674676002709,0.5695585573039966,0.5773242365910443,0.601992974842859,0.6070692968860365,0.6241513279376936,0.6192537266161154,0.637941730509261,0.6336675151083108,0.6515840789246794,0.6424047212434337,0.6579853474144818,0.6506185848435779,0.6658030593166786,0.6568348484795165,0.6666888706006675,0.6597195165541638,0.6671870766065886,0.6661846318277725,0.666076544752825,0.6669226403209031,0.6608433707683281
929893138,168,0.5325511931747764,0.5699575922216759,0.5777612531033739,0.6024695559526807,0.6075683841666966,0.62463918906493,0.6197777364660918,0.6384964278717952,0.6342081749163438,0.652134031767354,0.6429530925794884,0.6585739072725892,0.6512067676537494,0.6664657719355058,0.6573872790657695,0.6673483094858295,0.6602805130111822,0.6678622901599562,0.6667898521174905,0.6667891025102847,0.6676101722697306,0.6616800296644558
929893138,169,0.5328983352368329,0.5703181237173732,0.5781744685311525,0.602940745439922,0.6080098998538966,0.6251262444987702,0.6202466120770468,0.6389613499331084,0.6347086552681898,0.652644937129867,0.6434507607954261,0.6591157594367296,0.6517020465891258,0.6670724540340861,0.6578867229784611,0.6679418209710183,0.6608234444914178,0.6684989609823151,0.6673906423330034,0.6674803113227841,0.6682644802998968,0.6624737513282685
929893138,170,0.5333065826448118,0.5707391091773794,0.5785924528488249,0.6034730624682079,0.6084951132665306,0.6256270772938509,0.6208033108298311,0.6394800653869137,0.6352252243353894,0.6531587213006266,0.6439756626351322,0.6597161793102766,0.6522717507790623,0.6676803942969178,0.6584723957587401,0.6685567468528844,0.6613609762602044,0.669145673549413,0.6680218977020747,0.6682068478470222,0.6689696128640358,0.6632623328905065
929893138,171,0.5337557155138426,0.5711662176738687,0.5790347612237152,0.6040313121538349,0.6090200664676271,0.6261353086070618,0.6213527620298892,0.6400089160297547,0.6358177437829594,0.6537062649347181,0.6445319845383475,0.660266862269434,0.6528397014701139,0.6682741050706973,0.659000403087028,0.6691541702323421,0.6619027769799501,0.6698238544055546,0.6686649178286719,0.6689393705066965,0.6696510326834353,0.6640598571962327
929893138,172,0.5341686305213277,0.5715332026483239,0.5794404429753227,0.6045484143053226,0.6094986459653282,0.6266415351844006,0.6218633645272204,0.6405577314696402,0.6363723780831868,0.6542432927936459,0.6450300972522957,0.6608084572986082,0.6533534567421555,0.6689265638758779,0.6595203183299393,0.6697985836816857,0.662486357148854,0.6704463140384206,0.6692352974483231,0.6696123673055783,0.6703230646676025,0.6648647039184026
929893138,173,0.5345690072274961,0.5719199671164217,0.5798707951022104,0.6050403692511367,0.6099464574204734,0.6270902255310702,0.6223345787616538,0.6410172168049838,0.6369028871645823,0.6547076268451517,0.6455552088393542,0.6613389381651875,0.6539163536110546,0.6695326562176217,0.6600580024390919,0.6703753707045947,0.6630267936133258,0.6710705555606782,0.669781612469748,0.6703071867797921,0.6709533568571918,0.6656253048258204
929893138,174,0.534961886867833,0.5722894996125478,0.5802621839948969,0.6054926528843713,0.6103980479745854,0.6276162670071227,0.6228457322845588,0.6415331814405114,0.6374352597859411,0.6552433421438889,0.6460670470742296,0.6618840692994111,0.6544532389166008,0.6700878739540482,0.6606394456201503,0.671017421353969,0.6636148175597366,0.6717812280158301,0.6704302118103908,0.6709481817734404,0.6715988408280957,0.6663986347016232
929893138,175,0.5353783417489236,0.57267375895031,0.580670688559195,0.6059735898389244,0.6108288856639121,0.628046103841587,0.623314583158425,0.6419943149789511,0.6379030188181393,0.6557259196181201,0.6465049114264126,0.6624148146371301,0.6549540041018506,0.6706931168067932,0.6611360447125706,0.6716070379121339,0.6641447881310193,0.6724144548256713,0.6709807260995239,0.6716015208030992,0.6722050445566523,0.667095481967449
929893138,176,0.5357771845734652,0.5730679623877089,0.5810981636531548,0.606458602056159,0.6112746239152502,0.6285411785133681,0.6238110207523985,0.6424871776280139,0.638400762091573,0.6562003896321963,0.6470394058967646,0.6629397672892131,0.6554557570923745,0.6712301844742445,0.6615874077437969,0.6721539390632036,0.6646594343654835,0.6730304683981957,0.6715505052625151,0.6722235843872356,0.6727783618656551,0.6677774936842186
929893138,177,0.5361582395231677,0.5734463276836159,0.5815011239195408,0.6069637476064238,0.6117020443999208,0.6290014879660685,0.6242907021805321,0.6429519406407314,0.6388855290675144,0.6566986695581685,0.6474926799374078,0.6634431354580369,0.6559224322387271,0.6717666383493015,0.662117389470968,0.6727024869476869,0.6652045514591033,0.6735835506940128,0.6720998535750319,0.67284004198749,0.6733812499199572,0.6685227110485631
929893138,178,0.5365225138881159,0.5737907269175222,0.581886349979577,0.6074280784733969,0.6121204174405869,0.6294825668652997,0.6247569756593612,0.643386011797234,0.6393610759198134,0.6571635227185899,0.6479604350241822,0.6639134913530029,0.6563982495644193,0.6722739531676413,0.662600853332629,0.6732311931469259,0.6656994431547082,0.6741419743245549,0.6726192104550699,0.6734087742517303,0.6739184060810562,0.6692564893748485
929893138,179,0.5369007757253635,0.5741634065314021,0.5822733692014659,0.6078590796076487,0.6124963591703646,0.6299120713260219,0.6252253093122221,0.6437835736085464,0.639841393500867,0.6575941022546644,0.6483727778040955,0.6644015742454864,0.6568417813870001,0.6727847457094493,0.6630700038319586,0.673767359311542,0.6661843495684239,0.6747194860954313,0.6730750740243397,0.6740173512208094,0.6744713702980532,0.6699410291130353
929893138,180,0.5372447504174479,0.574492532579595,0.5826399966417597,0.6082349182361776,0.6128620602804131,0.6302929598223863,0.6256436627207342,0.6441531637421991,0.6402673998824616,0.6579970428828626,0.6487632813738934,0.6647930484426161,0.6572213826621517,0.673243686974692,0.663469342064758,0.6742108135337083,0.6666060317726845,0.6752558326103789,0.6735198089534418,0.6746434201811584,0.6750585359938059,0.6706139982649093
929893138,181,0.5376060292473043,0.5748052661289463,0.5829650014773474,0.6086288685281398,0.6132638431163728,0.6306747419048552,0.6260399992392935,0.6445335130579422,0.6406599405999653,0.6584004015045288,0.6491568915126044,0.6652110426733078,0.6576327374621445,0.6736646240463919,0.6638837492247984,0.6747233510414024,0.6670499575349589,0.675714588539031,0.6739865327143163,0.6752410024440011,0.6755728837867963,0.6712844016696577
929893138,182,0.5379949368069592,0.575204515910586,0.5833482485946595,0.6090304834113078,0.6136695140976898,0.6311180633655656,0.6264889505591377,0.6449567349785635,0.641090376335108,0.658812013274275,0.6495392568140449,0.6656684973996703,0.6580760143223413,0.6741492073538081,0.6643245093417203,0.6752549356444915,0.6674777032219732,0.6762213523190771,0.6744578148742366,0.6758799927299634,0.6762229668576742,0.6719354442887312
929893138,183,0.5383483972431232,0.5755622414510534,0.5836940459592618,0.609439407848648,0.6140480421046257,0.6314652433600203,0.6269366655151388,0.6453549159912337,0.6415500572781829,0.6592104098108329,0.6499399232834782,0.6660762219613315,0.6585068768227743,0.6746204660888842,0.6647170980766735,0.6757596068840256,0.667912472880604,0.6767147785052435,0.6749429856132436,0.6764388247443586,0.6767487279288604,0.6725958876237377
929893138,184,0.5387468379612561,0.5758887017116076,0.5840620927677376,0.6097875365482399,0.6144331783189088,0.6318332889218223,0.6273491712081998,0.6457426091336835,0.6419988100148565,0.6595791522633445,0.6503506075859729,0.6664872715392787,0.6589004318258972,0.6750802144893466,0.665139184458648,0.676177574255438,0.6683340755531058,0.6771861870466832,0.6754012093315276,0.6769694527893471,0.6772945541753512,0.6732051209514041
929893138,185,0.5391287181732988,0.576219120640244,0.5844114116635316,0.6101500543444964,0.6147932753507432,0.6322658818670909,0.627742468351989,0.6461315567939696,0.642420928190385,0.660014022922259,0.6507343881535804,0.6669354015252764,0.6593412403252047,0.6755690288559065,0.6655394627269365,0.6766661296507657,0.6687871987510977,0.6776779129898095,0.6758699090325319,0.6775385913997282,0.6778317567000297,0.6738837821954269
929893138,186,0.5395437306980175,0.5765538857638598,0.5847671304107616,0.6105481695333581,0.615199828838076,0.6326577131647532,0.628178705326151,0.6465382139758766,0.6428333166324072,0.660435641401325,0.6511192328768113,0.6673331238946921,0.6597660245386255,0.6760528128421998,0.6659483011547112,0.6771349877180486,0.6692049817508529,0.6781483276956424,0.6763550093299499,0.6780826524320611,0.6783582177132731,0.674493758818766
929893138,187,0.5399596921373627,0.5769185182258614,0.5851004127313223,0.6109447205813886,0.6155685864457292,0.6329921516847097,0.6285739106932566,0.6469468073595745,0.6432554368249006,0.6608419754893354,0.6514851458477469,0.6677775498045442,0.6601727967272422,0.6765094235005884,0.6663933980946924,0.6776158918395211,0.6696645396315005,0.678629200438008,0.6768432271970771,0.6786556892316769,0.678923046462691,0.6751412099631985
929893138,188,0.5403348326328068,0.5772701168417537,0.5854864178829867,0.6113339269797095,0.6159608854322036,0.6333779610122594,0.6289908130692708,0.6473653443893272,0.6436761923985874,0.6612413074272485,0.6518605633626703,0.6682179176409434,0.6605750182648973,0.6769759135574662,0.6667859764887455,0.6780704676706852,0.670081696340054,0.6791545272830228,0.6773074951278721,0.6792007477443521,0.6794856622789233,0.6758143732684073
929893138,189,0.5407004507415891,0.577620660107437,0.5858288034847517,0.6117354506238731,0.6163523646942336,0.6337587992780672,0.6294319554331308,0.6477381407697921,0.6440636217733019,0.6616326378311098,0.6522335629463495,0.6685867716427704,0.6609461086834942,0.6774094818759414,0.6671815080009186,0.6785573248506671,0.6704817786590938,0.6796374255445702,0.677769293334737,0.6797304878910118,0.6800083422953039,0.6764315498678692
929893138,190,0.541051173395667,0.5779688390651719,0.5861415144779926,0.6120962931213518,0.6166816167275716,0.634090557600449,0.6297601951314354,0.6480405109827714,0.644397704024144,0.661965277562978,0.6525765656690632,0.668985104436854,0.6613121882028554,0.6778022526722313,0.6675540963903336,0.678972776160029,0.6708248456756027,0.6801013216443005,0.678209439306435,0.6802453724774534,0.6805016592358236,0.6770073218475624
929893138,191,0.5414120697089804,0.5782823831725787,0.5864790828663372,0.612476873636539,0.6169951134087414,0.6344260947577606,0.6301511515819114,0.6483909237842094,0.6447320242936156,0.6622964121774012,0.6529258668457728,0.669393332134799,0.661701027823724,0.6782080535349215,0.6679322338759411,0.6794436573874033,0.6712098148528286,0.6806054151184989,0.6786801412394984,0.6807770633946973,0.6810177226295725,0.6776500318021839
929893138,192,0.5417921634063751,0.5785839157781323,0.5868352170962416,0.6128357803011222,0.6173064376766575,0.6347441440685081,0.6304886239610444,0.6487046725016091,0.6450484321215683,0.6626171011390031,0.6532417950493941,0.6697404622477822,0.6620479931016148,0.6786140000139927,0.6683084001483223,0.679830050303641,0.671574594912266,0.6810476310413344,0.6790569554053675,0.6812653919346262,0.6814844646405284,0.6782379470657376
929893138,193,0.542126122802843,0.5788918938082662,0.5871330676611466,0.6132159805256864,0.6176341110211617,0.635027794658397,0.630871102298872,0.6490597579717968,0.645398536555446,0.6629329443806679,0.653567282039548,0.6700983503297122,0.6623748326861181,0.6790131297624915,0.6686406478445709,0.6802407144873702,0.6719858379701265,0.681464601667897,0.6794440024308092,0.68170080950121,0.6819302747536458,0.6788321675918503
929893138,194,0.542474815361699,0.5791953985183929,0.587471989419812,0.6136091389143017,0.6179742021366371,0.6353556921740019,0.6312370874362864,0.6493560054943581,0.6457779216474073,0.6632658713638178,0.6538617166666523,0.6704425952965595,0.6627071744302893,0.6793884540583209,0.6690153431766702,0.6806285362140342,0.6723941396976025,0.6819041049294293,0.6798599492628749,0.6821633299202764,0.6823842553924424,0.6794364907427684
929893138,195,0.5428369380598412,0.5794981583496401,0.587830038598236,0.6140040772481373,0.6182912154031287,0.6357084272456617,0.6315971661618542,0.6496619156177548,0.6461359785933709,0.6636261675804955,0.6541440900352831,0.6707985938445178,0.6630636623332451,0.6797801644246106,0.6693758624327005,0.6810263729498051,0.6727795250673263,0.6823636414518792,0.680276796497097,0.6826424184496555,0.682838961614883,0.6800464556572355
929893138,196,0.5431919388526126,0.5798147485003573,0.5881471680268111,0.614369713127464,0.6186289812709569,0.6360162274967918,0.6319711328406772,0.649989548333816,0.6465270055633706,0.6639530171904209,0.6544968293756929,0.6711792306545656,0.663430648054705,0.680155669857566,0.6697241359813172,0.6814400682613738,0.6731590503718908,0.6828448321650883,0.6806968862601711,0.6831348230669987,0.6833357177981595,0.680631134999546
929893138,197,0.543544187921671,0.5801236497253105,0.5884597993494048,0.6147030834015564,0.6189746116182329,0.6363918606142768,0.6323421552487207,0.6503326064248933,0.6468995728471784,0.6642991356792999,0.6548628214247206,0.6715728369501893,0.6638260840659597,0.6805403613176746,0.6700987058415908,0.6818553169509735,0.6735468685474801,0.6832851261066104,0.6811272010217915,0.6836273427241891,0.6837837480774287,0.6811998634542911
929893138,198,0.5439153519919199,0.580470560698921,0.588825667471457,0.615086724859204,0.6193576687028118,0.6367280817578862,0.6327327510687429,0.6506980645172233,0.6472804614018618,0.6646650791348969,0.6552003114004626,0.6719857885377153,0.6642302463811993,0.6809820139095598,0.6704521073381791,0.6822954165956433,0.6739583306832069,0.683761678577395,0.6815608015339356,0.684129516133546,0.6842552381340057,0.6817870163307155
929893138,199,0.5443140055917232,0.5808148289090487,0.5891507322524806,0.6154272749019213,0.6196721159318547,0.6370157816198784,0.6330808184149697,0.6510119652076181,0.6476296772250135,0.6649627956759704,0.6555190105510341,0.6723140089668391,0.664605033394662,0.6813171305271214,0.6707424706438752,0.6826682315953878,0.6742962567011871,0.6841612984745742,0.6819229638242426,0.6845734844991475,0.6846679877432668,0.6823271339486451
929893138,200,0.5446666946520023,0.5811285786248006,0.5894775837461169,0.6157965326169088,0.6200201494416926,0.6373511879774999,0.6334568885903786,0.6513197884308622,0.6480213668037949,0.6652669801024262,0.6558540424817396,0.6726465032323062,0.6649788011082193,0.6816784904709932,0.6710731676601461,0.6830860129292251,0.6747332297875912,0.6845837880950383,0.6823104693140795,0.685041558223491,0.6851078834690623,0.6828681470909244
