seed,k,standard_p5,smooth_p5,standard_p10,smooth_p10,standard_p20,smooth_p20,standard_p30,smooth_p30,standard_p50,smooth_p50,standard_p70,smooth_p70,standard_p100,smooth_p100,standard_p120,smooth_p120,standard_p150,smooth_p150,standard_p200,smooth_p200,standard_p300,smooth_p300
191664964,1,0.795125,0.7875,0.793625,0.80825,0.812125,0.812375,0.813,0.811875,0.811875,0.813875,0.811875,0.810875,0.810125,0.821,0.818125,0.82325,0.823625,0.82925,0.828875,0.82425,0.824125,0.825625
191664964,2,0.8121875,0.8170625,0.817625,0.8236875,0.8291875,0.831125,0.833875,0.8356875,0.8325625,0.8365,0.83675,0.8379375,0.837625,0.84075,0.84,0.84625,0.8459375,0.847125,0.8469375,0.846375,0.8476875,0.8474375
191664964,3,0.7983333333333332,0.8079166666666666,0.8165416666666665,0.8267499999999999,0.8330833333333333,0.8367083333333333,0.8395833333333332,0.8429166666666665,0.8402499999999999,0.8448333333333332,0.8453333333333333,0.8441666666666665,0.8445416666666665,0.8465833333333332,0.8456249999999998,0.8525416666666666,0.8509583333333333,0.8546666666666666,0.8544999999999999,0.8535416666666665,0.8535416666666665,0.8461666666666665
191664964,4,0.7846875,0.797125,0.81184375,0.8231875,0.83340625,0.839,0.84134375,0.84646875,0.8464375,0.8509375,0.85134375,0.85128125,0.8505625,0.8543125,0.85175,0.85625,0.8555,0.85825,0.85871875,0.85640625,0.8574375,0.8510625
191664964,5,0.7710750000000001,0.7866000000000001,0.804975,0.819225,0.8318750000000001,0.8393,0.8426,0.848075,0.848325,0.855475,0.8554,0.8555250000000001,0.8560500000000001,0.8584250000000001,0.856175,0.86245,0.861325,0.8630500000000002,0.8624750000000001,0.8597250000000002,0.8614,0.8545
191664964,6,0.7590625,0.7762916666666667,0.7960833333333333,0.8125208333333334,0.8284166666666667,0.8386041666666667,0.8420833333333334,0.8511458333333335,0.8530416666666667,0.859625,0.8591458333333334,0.8600208333333333,0.8605625,0.8616041666666667,0.8603333333333334,0.864125,0.8636041666666667,0.8656041666666667,0.8650416666666667,0.8624166666666667,0.8642916666666668,0.8550416666666667
191664964,7,0.7528928571428571,0.770625,0.7894642857142856,0.8073392857142857,0.8237857142857143,0.8367678571428572,0.8404642857142858,0.850375,0.8533928571428571,0.8603571428571429,0.8607142857142857,0.8615714285714285,0.8619107142857142,0.8641071428571429,0.8633571428571429,0.8669285714285715,0.8660357142857142,0.868125,0.8677678571428571,0.864625,0.8659642857142856,0.8553928571428571
191664964,8,0.7459375,0.763796875,0.782453125,0.8010625,0.819015625,0.833859375,0.837890625,0.850140625,0.8551875,0.864890625,0.8645,0.8651875,0.865765625,0.867203125,0.866265625,0.86971875,0.8689375,0.87065625,0.870421875,0.866296875,0.86690625,0.8566875
191664964,9,0.7409444444444445,0.758625,0.7774444444444446,0.7971111111111112,0.8148750000000001,0.832861111111111,0.8367222222222224,0.8504305555555557,0.8556111111111113,0.8665694444444446,0.8661666666666668,0.8681527777777778,0.8683750000000002,0.8698611111111113,0.8691111111111113,0.8724166666666667,0.871513888888889,0.8725000000000002,0.8729444444444445,0.8683194444444445,0.8696944444444445,0.8575000000000002
191664964,10,0.7371375,0.7539000000000001,0.7714125000000001,0.7935625,0.8110375000000002,0.8303250000000001,0.8336625,0.8496000000000001,0.8558000000000002,0.867075,0.8673000000000001,0.8700625000000001,0.8706125000000002,0.8716250000000002,0.8709625000000001,0.8762375000000002,0.875175,0.8751625000000002,0.8758500000000001,0.8706000000000002,0.8716250000000001,0.8589750000000002
191664964,11,0.7339886363636363,0.7497045454545453,0.7660681818181817,0.7892954545454545,0.8081136363636363,0.8279886363636363,0.8317840909090908,0.8483636363636362,0.8544431818181817,0.8672840909090908,0.867215909090909,0.8712840909090908,0.8714886363636363,0.8752272727272726,0.8729772727272727,0.8791022727272726,0.8774090909090908,0.8778749999999998,0.8783409090909089,0.8723749999999999,0.873431818181818,0.8618181818181817
191664964,12,0.7325833333333334,0.74796875,0.7632604166666667,0.7862916666666666,0.80425,0.8246458333333333,0.8291875,0.8465104166666666,0.8527083333333334,0.8675208333333333,0.8671354166666666,0.8721875,0.87253125,0.87665625,0.8738958333333332,0.8793958333333333,0.8785208333333334,0.8792395833333333,0.8801770833333332,0.8735416666666667,0.8745833333333333,0.8635729166666666
191664964,13,0.730125,0.7446634615384615,0.7605576923076923,0.7830288461538463,0.8010769230769231,0.8219519230769232,0.8259807692307692,0.8449038461538462,0.851846153846154,0.8678653846153848,0.8671250000000001,0.8734423076923078,0.8740000000000001,0.8779230769230771,0.8750865384615386,0.8816923076923079,0.8804134615384617,0.8805769230769231,0.8812211538461541,0.8742019230769232,0.8756250000000001,0.8634038461538464
191664964,14,0.7288303571428573,0.7422589285714287,0.7590535714285714,0.7809821428571428,0.7991785714285715,0.8202678571428572,0.8243839285714286,0.8438482142857144,0.851544642857143,0.8673928571428572,0.8664642857142858,0.8743928571428572,0.8746875000000001,0.8789375000000001,0.8760803571428573,0.8828125000000001,0.8821964285714287,0.8813482142857144,0.8818660714285715,0.8757946428571429,0.8768303571428573,0.864232142857143
191664964,15,0.7276833333333333,0.7405250000000001,0.7566833333333334,0.7792250000000001,0.7973666666666667,0.8181833333333334,0.8225250000000001,0.8425666666666668,0.8507,0.8665833333333335,0.8664833333333335,0.8748583333333335,0.8751833333333334,0.8800916666666668,0.8772750000000001,0.8834000000000002,0.883425,0.8828500000000001,0.8834833333333335,0.8767750000000001,0.8775916666666668,0.8647416666666667
191664964,16,0.72659375,0.739671875,0.7553203125,0.777671875,0.7953671875,0.816359375,0.8204921875,0.84146875,0.849671875,0.8662734375,0.8662109375,0.87521875,0.8758828125,0.88103125,0.8779765625,0.884484375,0.8840390625,0.8835,0.884,0.8773359375,0.878328125,0.8651484375
191664964,17,0.7264338235294117,0.7384411764705882,0.753875,0.7759411764705882,0.7932941176470588,0.8146029411764707,0.8181838235294119,0.8397426470588236,0.8484044117647058,0.8660588235294118,0.8656323529411766,0.8749264705882354,0.8761102941176472,0.8815955882352943,0.8782794117647059,0.8854705882352942,0.8848382352941176,0.8836764705882354,0.8850955882352941,0.8777132352941177,0.8789632352941177,0.8656617647058824
191664964,18,0.7263958333333334,0.7373263888888889,0.7526458333333333,0.7746180555555555,0.7920486111111111,0.8131319444444446,0.8165694444444446,0.8392013888888891,0.8485694444444446,0.8665486111111111,0.8661041666666668,0.8758750000000001,0.8768611111111113,0.8820277777777779,0.8789305555555557,0.8859097222222224,0.8850416666666667,0.8843333333333334,0.8855347222222224,0.8784444444444446,0.8791458333333335,0.8659097222222224
191664964,19,0.7269407894736841,0.7372171052631579,0.7523355263157895,0.7734999999999999,0.790671052631579,0.8118618421052631,0.8157894736842105,0.8386052631578947,0.8475065789473685,0.86625,0.8654078947368421,0.876296052631579,0.8774868421052633,0.8827894736842107,0.8805723684210526,0.8874407894736843,0.8859736842105265,0.8851118421052632,0.8861447368421052,0.8792171052631579,0.880296052631579,0.8666973684210527
191664964,20,0.7266312500000001,0.7369125,0.7513625,0.7720625,0.7880375000000001,0.80955,0.8135125,0.83705625,0.84635,0.86598125,0.8650687499999999,0.876625,0.87723125,0.88203125,0.880275,0.8874,0.88660625,0.8865,0.8871687500000001,0.8798625,0.8807375,0.8663624999999999
191664964,21,0.7272202380952381,0.7373869047619048,0.7508690476190476,0.7709404761904761,0.7862261904761905,0.8083869047619048,0.8116547619047619,0.8360357142857143,0.8453928571428573,0.8656011904761906,0.8646726190476192,0.8767857142857143,0.8775654761904763,0.8831726190476191,0.8806190476190477,0.8883750000000001,0.887547619047619,0.8873035714285715,0.8884464285714286,0.880904761904762,0.8819940476190478,0.8663809523809525
191664964,22,0.7278125,0.7377102272727273,0.7504545454545455,0.7693295454545455,0.7845681818181818,0.8071079545454545,0.8104772727272728,0.8351022727272727,0.8444431818181818,0.8648920454545453,0.8641022727272726,0.8768011363636362,0.8772840909090908,0.8833863636363636,0.8807727272727273,0.8886079545454545,0.8878465909090909,0.8874318181818182,0.8887897727272727,0.8819602272727273,0.8826875,0.8667897727272726
191664964,23,0.7281141304347826,0.7376630434782607,0.7497282608695652,0.7684891304347825,0.7833967391304347,0.8059184782608695,0.8090597826086956,0.8340815217391305,0.8433152173913042,0.8642010869565218,0.8635489130434784,0.8765543478260869,0.8773260869565217,0.8837336956521739,0.8811576086956522,0.8889510869565217,0.8883152173913043,0.8883532608695651,0.8893152173913044,0.8822010869565218,0.8832065217391305,0.8672717391304348
191664964,24,0.728171875,0.7374479166666668,0.749453125,0.7675,0.7822708333333334,0.8047864583333334,0.80815625,0.8336145833333334,0.8425729166666667,0.8637291666666668,0.8630052083333333,0.8764947916666668,0.8774479166666667,0.8846822916666668,0.8816927083333334,0.89,0.8886927083333332,0.8888020833333332,0.889671875,0.8825260416666667,0.8835052083333332,0.8677239583333333
191664964,25,0.7284200000000001,0.73748,0.74975,0.7669850000000001,0.781145,0.804125,0.8076,0.833365,0.8424900000000001,0.8635750000000001,0.862685,0.8767,0.8773350000000001,0.88504,0.88197,0.8904000000000001,0.8893700000000001,0.8890200000000001,0.88997,0.8832000000000001,0.8839100000000001,0.8677450000000001
191664964,26,0.7288798076923076,0.7377451923076924,0.7498942307692307,0.7664471153846155,0.7802596153846154,0.8036250000000001,0.8065480769230771,0.8329903846153848,0.8421923076923078,0.8635384615384617,0.8627307692307693,0.8771298076923079,0.877658653846154,0.885533653846154,0.8823653846153847,0.8910817307692309,0.8900144230769232,0.8894807692307692,0.8907740384615386,0.8835096153846155,0.884360576923077,0.8683076923076923
191664964,27,0.7293333333333334,0.737699074074074,0.7497962962962963,0.7661157407407406,0.7791898148148148,0.802912037037037,0.8057685185185185,0.8328055555555556,0.8424120370370369,0.8638657407407407,0.8628796296296296,0.8773472222222222,0.8782546296296296,0.8856203703703704,0.882625,0.8913564814814815,0.8904120370370371,0.8896574074074074,0.8909768518518518,0.8839861111111111,0.8849212962962963,0.8681944444444445
191664964,28,0.72996875,0.7377142857142857,0.750357142857143,0.7659776785714285,0.7788973214285715,0.80215625,0.8049642857142857,0.8321294642857142,0.8416383928571429,0.8635133928571429,0.8623080357142858,0.8773035714285713,0.8781785714285715,0.8857946428571429,0.8822366071428571,0.8916651785714286,0.8903883928571429,0.8900491071428571,0.8912008928571429,0.8841116071428571,0.8848883928571429,0.8677633928571429
191664964,29,0.7304353448275863,0.7377370689655172,0.7507456896551724,0.7657370689655172,0.7781508620689656,0.8018060344827586,0.8044310344827587,0.8315603448275862,0.8411982758620691,0.8631293103448275,0.8619310344827587,0.8773491379310344,0.8779482758620688,0.8857672413793103,0.882198275862069,0.8918836206896551,0.8907629310344828,0.890581896551724,0.8917758620689654,0.8845301724137931,0.885353448275862,0.8677241379310344
191664964,30,0.7307458333333334,0.7379666666666667,0.7509333333333333,0.7650541666666667,0.7771666666666668,0.8010458333333335,0.8037125,0.8310625,0.8407875000000001,0.8627375,0.8615666666666668,0.8773625000000002,0.8781500000000001,0.8862500000000002,0.8825833333333335,0.892275,0.8911166666666668,0.8910833333333334,0.8921208333333334,0.8846208333333335,0.8856833333333334,0.868175
191664964,31,0.7311854838709677,0.7380241935483871,0.7515725806451612,0.7649395161290322,0.7769919354838709,0.8008266129032259,0.8031330645161289,0.830516129032258,0.8405766129032257,0.8623266129032258,0.8611008064516128,0.8772822580645161,0.8780725806451612,0.8858588709677419,0.8818508064516128,0.892516129032258,0.8909758064516127,0.891399193548387,0.8923830645161289,0.8850766129032257,0.8861693548387096,0.8685040322580644
191664964,32,0.731234375,0.7381328125,0.75175,0.76508203125,0.77649609375,0.80038671875,0.8026484375,0.8304375,0.84043359375,0.86201171875,0.8610390625,0.877140625,0.877984375,0.88588671875,0.882125,0.89261328125,0.89093359375,0.89171875,0.89264453125,0.8855390625,0.8866875,0.86856640625
191664964,33,0.7316704545454545,0.7385378787878788,0.7520530303030303,0.7651022727272727,0.7761287878787878,0.8001704545454545,0.8024090909090908,0.8303863636363636,0.8405,0.8620416666666666,0.8610416666666665,0.8772992424242424,0.8781931818181817,0.885685606060606,0.8820795454545454,0.8927234848484847,0.8910757575757575,0.8915946969696968,0.8926325757575757,0.8856325757575757,0.886901515151515,0.8682916666666667
191664964,34,0.7320294117647058,0.7387610294117647,0.7518566176470588,0.7647757352941177,0.7755772058823529,0.7994816176470588,0.8020367647058825,0.8300073529411766,0.839981617647059,0.8615404411764708,0.8604227941176472,0.8774522058823531,0.878356617647059,0.8857279411764707,0.8819852941176471,0.892669117647059,0.8911654411764707,0.8918235294117649,0.8927683823529412,0.8859411764705883,0.886856617647059,0.8684669117647059
191664964,35,0.7325964285714285,0.7394178571428572,0.7522321428571429,0.7646107142857143,0.7751678571428572,0.7991892857142857,0.8017178571428571,0.8302392857142858,0.8402607142857144,0.8617357142857145,0.8607857142857144,0.8778214285714286,0.8786928571428573,0.8856785714285715,0.8821000000000001,0.8926928571428573,0.8910857142857144,0.8919750000000002,0.8932142857142857,0.8860642857142857,0.887132142857143,0.8684464285714286
191664964,36,0.7331701388888889,0.7399027777777778,0.7529166666666667,0.7646354166666667,0.7748368055555557,0.7989583333333333,0.8017951388888889,0.8305069444444446,0.8403784722222222,0.8616006944444444,0.8606076388888889,0.8776284722222222,0.8784375,0.8858055555555555,0.8821319444444443,0.8928402777777779,0.8914097222222221,0.8923333333333333,0.8934409722222222,0.8863125,0.8872118055555556,0.8685347222222223
191664964,37,0.7336858108108109,0.7399527027027027,0.7529763513513513,0.7643074324324325,0.7739594594594594,0.7982364864864866,0.8009324324324325,0.8300067567567568,0.8399020270270271,0.8609831081081081,0.8599662162162163,0.8772263513513514,0.8780337837837837,0.8860270270270271,0.881722972972973,0.8928344594594596,0.8912871621621622,0.892489864864865,0.8934054054054055,0.8866114864864866,0.8876858108108109,0.8684966216216217
191664964,38,0.7340822368421052,0.7400855263157894,0.753391447368421,0.7641315789473683,0.7735625,0.7977039473684211,0.800375,0.8300493421052632,0.8398256578947368,0.8610361842105262,0.8602105263157893,0.877421052631579,0.8782993421052632,0.885796052631579,0.8819243421052632,0.8933190789473683,0.8918947368421052,0.8925427631578948,0.8936776315789473,0.886641447368421,0.8877006578947368,0.8682763157894736
191664964,39,0.7343397435897436,0.7403301282051283,0.7537948717948718,0.7642051282051283,0.7731955128205129,0.797471153846154,0.7998814102564104,0.8298685897435898,0.8399006410256411,0.8609903846153848,0.8598878205128205,0.8778365384615385,0.8787371794871797,0.8859775641025642,0.8821506410256412,0.8936089743589745,0.8920160256410258,0.8924615384615385,0.8936762820512822,0.8868653846153848,0.8881314102564104,0.8683429487179489
191664964,40,0.73441875,0.74061875,0.7539593749999999,0.76435,0.77275,0.7970843750000001,0.799521875,0.829965625,0.83990625,0.8609312499999999,0.85984375,0.877815625,0.8788468749999999,0.88608125,0.8819156250000001,0.89375625,0.892328125,0.8925531250000001,0.8938875000000001,0.887328125,0.8886499999999999,0.868503125
191664964,41,0.7347164634146341,0.74075,0.7543170731707317,0.7645853658536585,0.7727256097560976,0.7966981707317075,0.799280487804878,0.8300884146341464,0.8397865853658537,0.8609908536585367,0.8598384146341463,0.8778231707317075,0.8787774390243903,0.8861432926829269,0.8823475609756098,0.8938689024390244,0.8924817073170733,0.8927439024390244,0.8940670731707319,0.8874725609756098,0.8885000000000001,0.8681158536585367
191664964,42,0.7350357142857142,0.7410595238095239,0.755092261904762,0.7649255952380952,0.7725535714285714,0.7966160714285716,0.7994345238095238,0.8303125000000001,0.8401666666666667,0.8609553571428573,0.8598779761904763,0.8780119047619048,0.8789077380952383,0.8866666666666667,0.8827083333333335,0.894386904761905,0.892764880952381,0.8932767857142858,0.8945416666666669,0.8877827380952383,0.888732142857143,0.8685148809523812
191664964,43,0.7352703488372092,0.7412093023255812,0.7553837209302324,0.7649970930232557,0.7723255813953487,0.7964622093023254,0.7994883720930231,0.8303197674418603,0.8401947674418605,0.8608575581395348,0.8598866279069767,0.8777819767441859,0.8788866279069766,0.8867906976744184,0.8828720930232558,0.8944622093023253,0.8927906976744185,0.8934796511627906,0.8946017441860464,0.8878110465116279,0.8889825581395349,0.8684941860465114
191664964,44,0.7352982954545455,0.7414801136363637,0.7557102272727273,0.7651789772727272,0.7722244318181818,0.7964119318181818,0.7992443181818183,0.8306392045454545,0.84015625,0.8607386363636363,0.8598607954545454,0.8778892045454545,0.8788664772727273,0.8871903409090909,0.8830511363636363,0.8949801136363637,0.8932045454545455,0.8938835227272728,0.895153409090909,0.8882244318181818,0.8894488636363637,0.8685653409090909
191664964,45,0.7356083333333333,0.7415472222222222,0.7560277777777779,0.7652249999999999,0.7721388888888889,0.7965944444444444,0.7993027777777779,0.8310916666666667,0.8402583333333334,0.861163888888889,0.8600111111111113,0.8780805555555558,0.879027777777778,0.8875166666666667,0.883388888888889,0.8953472222222224,0.8934444444444446,0.894027777777778,0.895463888888889,0.8885805555555557,0.889838888888889,0.8690361111111112
191664964,46,0.7360652173913044,0.7417880434782608,0.7565489130434783,0.765233695652174,0.772054347826087,0.7964157608695651,0.7993858695652174,0.8311684782608695,0.8404211956521739,0.8612934782608695,0.8600516304347825,0.8781467391304347,0.8791277173913042,0.8876711956521739,0.8835108695652174,0.8955434782608696,0.8938532608695653,0.8944266304347827,0.8956739130434782,0.8890652173913044,0.8901440217391305,0.8691820652173913
191664964,47,0.7364920212765957,0.7421675531914893,0.7571914893617021,0.7655718085106383,0.7720984042553191,0.7961835106382978,0.7992632978723404,0.8311276595744681,0.8406329787234043,0.8612260638297872,0.8602367021276596,0.8783271276595744,0.8793297872340425,0.8877872340425531,0.8835265957446808,0.8956569148936171,0.8940425531914893,0.8946622340425531,0.8958723404255319,0.8892579787234042,0.890311170212766,0.8694015957446809
191664964,48,0.7368984375,0.7429713541666666,0.7578072916666666,0.7658046875,0.7723984375,0.7960807291666667,0.7992916666666667,0.8313203125,0.8405390625,0.8611927083333333,0.8601666666666667,0.8781614583333333,0.8791666666666668,0.8874505208333334,0.8833958333333333,0.895609375,0.89403125,0.8947526041666667,0.8956614583333333,0.8891875,0.8903723958333334,0.8692135416666668
191664964,49,0.7368035714285714,0.7434260204081633,0.7582857142857142,0.7661352040816325,0.7723545918367347,0.7958647959183673,0.7994107142857142,0.831469387755102,0.8406581632653062,0.8614413265306123,0.8603010204081633,0.878341836734694,0.8794030612244899,0.8874515306122449,0.8831760204081631,0.8955433673469388,0.8938392857142856,0.8948443877551021,0.8958010204081633,0.8889438775510203,0.8902704081632653,0.8692602040816327
191664964,50,0.73676,0.74352,0.758715,0.7662125,0.7723125,0.7960175,0.7995425,0.8317625000000001,0.8408025,0.8617875,0.8605675,0.8786175,0.87964,0.8876175000000001,0.8837425000000001,0.89592,0.8941825000000001,0.8949675,0.8960600000000001,0.8892675,0.8905325000000001,0.8693399999999999
191664964,51,0.7369901960784314,0.7439803921568627,0.7593308823529412,0.7664264705882353,0.7725220588235295,0.7958480392156864,0.7995343137254903,0.8316568627450981,0.8408529411764707,0.8617745098039217,0.860669117647059,0.8786029411764708,0.8798112745098041,0.8877058823529413,0.8838088235294119,0.8959828431372551,0.8940563725490197,0.8950980392156864,0.8961911764705884,0.889294117647059,0.8906274509803923,0.8692990196078433
191664964,52,0.7368076923076923,0.7441442307692308,0.75984375,0.7666394230769231,0.772625,0.7958076923076922,0.79953125,0.8319086538461538,0.8410048076923077,0.8618798076923077,0.8606610576923076,0.8789038461538462,0.8799278846153845,0.88784375,0.8838052884615386,0.8963197115384615,0.8942572115384615,0.8953269230769231,0.8963533653846154,0.8894879807692307,0.8908076923076924,0.8694567307692308
191664964,53,0.7368514150943396,0.7444504716981132,0.7605023584905659,0.7668443396226415,0.7727405660377359,0.7959103773584907,0.7994811320754718,0.8320235849056604,0.8410259433962265,0.8620400943396227,0.8608726415094341,0.879125,0.8802948113207547,0.8883561320754718,0.8841273584905659,0.8966981132075472,0.8948231132075471,0.8954198113207547,0.8964504716981132,0.8898301886792452,0.8909905660377359,0.8694669811320754
191664964,54,0.7369143518518518,0.7447245370370371,0.7611527777777778,0.7672037037037037,0.7730462962962963,0.7960949074074074,0.7998587962962963,0.8325949074074074,0.841425925925926,0.8623194444444444,0.8610625,0.8792245370370371,0.8806018518518518,0.8885717592592594,0.884525462962963,0.8970462962962963,0.895164351851852,0.895550925925926,0.8967870370370371,0.8901782407407408,0.8915324074074074,0.8697222222222222
191664964,55,0.7367113636363636,0.7449954545454546,0.7618136363636363,0.76745,0.7734977272727273,0.7962045454545453,0.79995,0.8327363636363636,0.8417090909090909,0.8624272727272727,0.8612249999999999,0.8792840909090909,0.8808227272727273,0.8887409090909091,0.8845727272727272,0.897215909090909,0.8953499999999999,0.8958068181818182,0.8969522727272726,0.8904386363636363,0.8916477272727272,0.8695999999999999
191664964,56,0.7366071428571428,0.7452745535714287,0.7621339285714285,0.7675223214285715,0.7735982142857143,0.79628125,0.8000625,0.8329040178571429,0.8416450892857144,0.8626071428571429,0.8613571428571428,0.8793928571428571,0.8809040178571429,0.8888660714285714,0.8848125,0.8973459821428571,0.8954642857142858,0.8961941964285715,0.8972566964285714,0.8905915178571429,0.89175,0.8695535714285714
191664964,57,0.7365328947368421,0.7453092105263158,0.7624078947368421,0.767484649122807,0.7736293859649123,0.7962916666666666,0.8000394736842105,0.8329144736842105,0.8416425438596491,0.8626600877192981,0.8614035087719298,0.8796578947368421,0.8809890350877192,0.8890328947368421,0.8849100877192982,0.8976052631578948,0.8957324561403509,0.896140350877193,0.8975833333333333,0.8908223684210526,0.8921754385964912,0.8696864035087718
191664964,58,0.7364461206896551,0.7452823275862069,0.7625538793103449,0.7675711206896552,0.7739310344827586,0.7963125,0.8002262931034483,0.833155172413793,0.8416961206896552,0.8628879310344828,0.861614224137931,0.8799784482758621,0.8812521551724138,0.8892823275862068,0.8850474137931035,0.8977758620689653,0.8959719827586207,0.8962693965517242,0.8977737068965518,0.8909375,0.8921918103448274,0.8696831896551723
191664964,59,0.7363601694915254,0.7455762711864407,0.7630741525423729,0.7677775423728815,0.7741800847457627,0.7964915254237287,0.8003241525423729,0.8332902542372881,0.8420402542372881,0.8631864406779661,0.8619406779661017,0.8803834745762712,0.8815677966101695,0.8893813559322034,0.8851716101694915,0.8979533898305084,0.8962139830508474,0.896478813559322,0.8977987288135593,0.8910381355932203,0.8923898305084745,0.8696885593220338
191664964,60,0.7365062500000001,0.7458333333333333,0.7637729166666666,0.7680875000000001,0.77458125,0.7967145833333334,0.8006020833333332,0.8336458333333333,0.8423125,0.8635125,0.8621499999999999,0.8804583333333332,0.8817645833333333,0.8895708333333332,0.8852145833333334,0.8978875,0.8962604166666667,0.8965291666666667,0.8977062499999999,0.8912249999999999,0.8924541666666667,0.8699541666666667
191664964,61,0.7366393442622952,0.7459262295081966,0.7642377049180328,0.768389344262295,0.7746844262295083,0.7968340163934426,0.8007315573770492,0.8336598360655737,0.8422745901639344,0.8635204918032787,0.8621024590163935,0.8804959016393443,0.8817397540983607,0.8896127049180328,0.885342213114754,0.8980061475409836,0.8963852459016394,0.8966168032786885,0.8975922131147541,0.8912315573770492,0.8924487704918033,0.8697069672131148
191664964,62,0.7365645161290322,0.7459637096774193,0.7645,0.7685060483870968,0.7749899193548387,0.7968084677419354,0.8009475806451613,0.8338709677419354,0.8424032258064515,0.8636471774193549,0.8622116935483871,0.8806088709677419,0.8818911290322581,0.8897721774193548,0.8856693548387097,0.8981189516129032,0.8966310483870967,0.8966915322580644,0.8977983870967742,0.8915766129032258,0.8925907258064516,0.8698306451612903
191664964,63,0.7364444444444443,0.7461626984126984,0.7646865079365079,0.7688214285714285,0.7751964285714287,0.7970436507936508,0.8010376984126986,0.8339226190476191,0.8424146825396827,0.8635535714285716,0.8621051587301589,0.8807083333333335,0.8819702380952382,0.8898650793650795,0.8857777777777778,0.8982142857142859,0.8966309523809525,0.8967599206349207,0.8978670634920636,0.8918611111111113,0.8929464285714288,0.8700873015873017
191664964,64,0.736490234375,0.745970703125,0.764783203125,0.76915625,0.77538671875,0.7971015625,0.801041015625,0.834033203125,0.842564453125,0.863314453125,0.862033203125,0.8807578125,0.88218359375,0.8900390625,0.885634765625,0.89823828125,0.896677734375,0.8969453125,0.897970703125,0.892064453125,0.89308203125,0.870369140625
191664964,65,0.7364903846153847,0.7460096153846155,0.7650538461538462,0.7692730769230769,0.7752769230769231,0.7970596153846154,0.8011711538461539,0.8341730769230772,0.8425057692307694,0.863398076923077,0.8620384615384618,0.8810865384615386,0.8824980769230771,0.8900750000000002,0.8858500000000001,0.8983076923076924,0.896671153846154,0.8970115384615386,0.8980076923076924,0.8919615384615386,0.8930500000000002,0.8703807692307693
191664964,66,0.7365719696969696,0.7462253787878788,0.7653484848484847,0.7693636363636364,0.7755018939393938,0.7973787878787878,0.8014375,0.8343503787878788,0.8426155303030303,0.863403409090909,0.8621628787878788,0.8813257575757575,0.8826780303030303,0.8904185606060605,0.8861590909090908,0.8985378787878787,0.8970454545454545,0.8971155303030303,0.8982859848484848,0.8922443181818182,0.8933049242424241,0.8703314393939393
191664964,67,0.7364328358208956,0.7463526119402986,0.765625,0.7695335820895522,0.7758843283582089,0.7976529850746269,0.8017518656716418,0.8346996268656716,0.8428880597014925,0.8637667910447762,0.8623432835820894,0.8814776119402986,0.8829701492537313,0.8906679104477612,0.8864328358208955,0.8988283582089552,0.8971492537313432,0.8973694029850746,0.8984365671641792,0.8923358208955223,0.8935578358208957,0.8705634328358209
191664964,68,0.7364117647058823,0.7464301470588234,0.7657959558823529,0.7698290441176471,0.7762205882352942,0.7978915441176471,0.8020147058823529,0.8348566176470589,0.8431599264705882,0.8640588235294117,0.8625827205882354,0.8816433823529413,0.8830514705882353,0.89096875,0.8867702205882354,0.8991286764705883,0.8973400735294117,0.8974319852941176,0.8985220588235294,0.8924209558823529,0.8936856617647059,0.8704926470588235
191664964,69,0.736373188405797,0.746340579710145,0.7658876811594203,0.770034420289855,0.7765036231884057,0.7981485507246378,0.8022228260869565,0.8350144927536233,0.8433333333333333,0.8643840579710145,0.8629565217391305,0.8817463768115942,0.883161231884058,0.8910923913043479,0.8869057971014492,0.8993532608695652,0.897483695652174,0.8976902173913043,0.8986648550724637,0.8925833333333334,0.8937572463768116,0.8703858695652175
191664964,70,0.7363160714285714,0.746319642857143,0.7661625,0.7704285714285715,0.7768,0.7982517857142858,0.8023821428571428,0.8352714285714287,0.8434660714285716,0.8646517857142859,0.8632500000000002,0.8819750000000002,0.8835071428571429,0.891332142857143,0.8871285714285716,0.8996232142857145,0.8977982142857145,0.8978178571428573,0.8988767857142859,0.8925875000000001,0.8938928571428574,0.8704250000000002
191664964,71,0.736330985915493,0.7463345070422536,0.7663591549295775,0.7707007042253521,0.7771637323943662,0.7984947183098591,0.802630281690141,0.8354454225352113,0.8436619718309859,0.8648045774647888,0.8634647887323944,0.8823362676056337,0.8838169014084507,0.8916514084507042,0.8872852112676055,0.9000228873239436,0.8981514084507042,0.898088028169014,0.899193661971831,0.8927711267605634,0.8940704225352113,0.8704225352112676
191664964,72,0.7363420138888889,0.7462621527777779,0.766407986111111,0.7710086805555555,0.7776180555555555,0.798765625,0.8027899305555556,0.8357291666666666,0.8438472222222222,0.865,0.8635364583333334,0.8825138888888889,0.8840052083333334,0.8917447916666668,0.8877170138888889,0.9002222222222221,0.8984635416666666,0.8981892361111111,0.899513888888889,0.8929618055555557,0.894203125,0.8706649305555556
191664964,73,0.7362482876712328,0.746446917808219,0.7664554794520547,0.7711421232876712,0.7778972602739725,0.7988989726027397,0.8030291095890412,0.8358681506849315,0.843777397260274,0.8649794520547944,0.863693493150685,0.8826849315068493,0.8841301369863014,0.8917465753424657,0.8877671232876712,0.9003339041095889,0.8984965753424657,0.8983321917808219,0.8996027397260273,0.8930205479452054,0.8941164383561643,0.8706832191780821
191664964,74,0.7362635135135135,0.7463361486486486,0.7665574324324325,0.7713969594594595,0.7782972972972972,0.7991402027027027,0.8032162162162163,0.8361418918918919,0.8439881756756757,0.8652111486486487,0.8639239864864865,0.8829527027027028,0.8843699324324326,0.8918766891891892,0.8878243243243242,0.900554054054054,0.8988344594594594,0.8985861486486486,0.8997618243243244,0.8932331081081081,0.8943057432432432,0.8706334459459459
191664964,75,0.7361383333333333,0.7461949999999999,0.7665316666666666,0.771475,0.77846,0.7992833333333333,0.803385,0.8362633333333334,0.8441083333333333,0.8653699999999999,0.8640366666666667,0.883105,0.88467,0.8920999999999999,0.8878666666666667,0.9006416666666667,0.8989566666666667,0.898655,0.8998533333333334,0.8931516666666667,0.8943916666666667,0.8707483333333332
191664964,76,0.7361825657894737,0.7460115131578948,0.7666907894736843,0.7715707236842106,0.7788865131578948,0.7994194078947369,0.8036151315789474,0.8365838815789473,0.8442861842105264,0.8655016447368421,0.8641858552631579,0.883373355263158,0.8849901315789472,0.8922746710526317,0.8880871710526316,0.9010213815789474,0.8992072368421054,0.8987763157894737,0.9001019736842105,0.89334375,0.8944917763157895,0.8706463815789474
191664964,77,0.7360519480519481,0.745887987012987,0.7669107142857142,0.7716655844155844,0.7791688311688311,0.7996363636363636,0.803771103896104,0.83675,0.8443165584415584,0.8656688311688311,0.8642922077922077,0.8836493506493507,0.8852564935064935,0.8926461038961038,0.8883392857142856,0.9012370129870129,0.8995032467532467,0.8990340909090908,0.9002175324675323,0.8936233766233765,0.8948295454545454,0.8706363636363637
191664964,78,0.7358589743589744,0.7457051282051281,0.7670416666666666,0.771897435897436,0.7794118589743592,0.7999102564102565,0.8040352564102564,0.8371282051282052,0.8444198717948719,0.8658637820512822,0.8644006410256411,0.8838878205128207,0.8854246794871795,0.8928269230769232,0.8886201923076924,0.9013958333333335,0.8994743589743591,0.8989182692307692,0.9002003205128206,0.893647435897436,0.8947131410256411,0.8704214743589744
191664964,79,0.7356060126582279,0.7456898734177216,0.7670094936708861,0.7719414556962026,0.7796503164556962,0.8002262658227848,0.8043354430379747,0.837378164556962,0.844501582278481,0.8659398734177214,0.8644398734177214,0.8841155063291138,0.8856677215189873,0.8928702531645568,0.8887863924050632,0.9014588607594936,0.8996186708860757,0.8989018987341771,0.9002183544303796,0.8935870253164555,0.8947405063291138,0.8703686708860758
191664964,80,0.7354812500000001,0.7455890625000001,0.7672593750000001,0.7720687499999999,0.779984375,0.80053125,0.8047062500000001,0.8376328125,0.8446375,0.8660109375,0.8645765625,0.8842000000000001,0.8857703125,0.8930125,0.8888937499999999,0.901578125,0.899765625,0.8990906249999999,0.9003515625,0.8936921875,0.8948937499999999,0.8704968750000001
191664964,81,0.7353765432098766,0.7455246913580247,0.7673827160493827,0.7720848765432099,0.7802793209876543,0.8008055555555557,0.8050138888888888,0.8378101851851851,0.8447654320987653,0.8661882716049383,0.8647206790123457,0.8845092592592593,0.8860262345679012,0.8930817901234568,0.8890509259259259,0.90175,0.8999537037037036,0.8992345679012346,0.9002731481481482,0.8937592592592593,0.895,0.8704027777777777
191664964,82,0.7352378048780488,0.7455594512195123,0.7676219512195122,0.7723170731707316,0.7805579268292684,0.8010716463414634,0.8053948170731707,0.8380243902439024,0.8449420731707318,0.8663094512195122,0.8649100609756099,0.8845548780487805,0.8862576219512196,0.8931082317073171,0.8891707317073172,0.9017972560975611,0.9001768292682928,0.8993125,0.9003185975609757,0.8937118902439025,0.895111280487805,0.8702759146341463
191664964,83,0.7351611445783133,0.7455978915662651,0.7679201807228917,0.7726746987951808,0.780972891566265,0.8014834337349397,0.8057876506024096,0.8382484939759035,0.845168674698795,0.8664427710843374,0.8650346385542168,0.884625,0.8863734939759036,0.8933433734939759,0.8892831325301205,0.9019186746987953,0.9003268072289157,0.8994939759036145,0.9005075301204819,0.8938614457831324,0.8951415662650601,0.8702620481927711
191664964,84,0.7349717261904761,0.7455714285714286,0.7680848214285715,0.7728467261904761,0.7813630952380952,0.8017723214285715,0.8060744047619048,0.8385252976190476,0.8452738095238096,0.8665119047619046,0.8651443452380951,0.8847380952380952,0.8864747023809523,0.8935074404761904,0.8893913690476191,0.902125,0.9004880952380951,0.8996339285714285,0.9006488095238094,0.8939419642857143,0.895233630952381,0.8702440476190476
191664964,85,0.7348338235294118,0.7456102941176471,0.76815,0.7731132352941177,0.7817750000000001,0.8022176470588236,0.8063632352941177,0.8386823529411765,0.8455014705882354,0.8667132352941178,0.8652073529411767,0.8849441176470589,0.8866205882352942,0.893654411764706,0.8894808823529413,0.9021485294117648,0.9005147058823532,0.8996867647058825,0.9007044117647061,0.8940823529411767,0.8951764705882354,0.8702514705882354
191664964,86,0.7347761627906978,0.7455290697674419,0.7682994186046512,0.7733575581395349,0.7822470930232558,0.8026686046511629,0.8067165697674419,0.8390595930232558,0.8457340116279071,0.8668357558139534,0.8651802325581396,0.8850799418604651,0.8867500000000001,0.8935232558139536,0.8896511627906978,0.9022020348837211,0.900591569767442,0.8997587209302327,0.9006787790697677,0.8941235465116281,0.8951744186046512,0.8701104651162791
191664964,87,0.7346436781609196,0.7453318965517242,0.7685186781609196,0.7735272988505747,0.7825272988505747,0.8028448275862069,0.8069568965517242,0.8394454022988506,0.8460617816091953,0.8670431034482758,0.8654511494252873,0.8853864942528735,0.8869683908045977,0.893596264367816,0.8897629310344828,0.9024727011494253,0.9008074712643678,0.8997614942528736,0.9008031609195403,0.8942413793103449,0.8953850574712643,0.8702413793103447
191664964,88,0.7347727272727272,0.745203125,0.768637784090909,0.7737230113636363,0.7829289772727273,0.8030511363636365,0.8072613636363636,0.8396519886363635,0.846252840909091,0.8672926136363637,0.8656647727272727,0.8855909090909091,0.887153409090909,0.8938536931818183,0.8900213068181817,0.9026633522727272,0.9009389204545455,0.899830965909091,0.9010056818181817,0.8944204545454545,0.8955028409090908,0.8702059659090908
191664964,89,0.7345884831460674,0.7452148876404494,0.7686404494382023,0.7739634831460674,0.7832865168539327,0.8033005617977529,0.8075941011235954,0.8397837078651684,0.8464747191011236,0.86749297752809,0.8658595505617979,0.8858174157303372,0.8874227528089887,0.8940056179775281,0.8900814606741573,0.9027373595505618,0.9010126404494382,0.8998244382022471,0.9010126404494382,0.8945955056179775,0.8956587078651684,0.8701685393258427
191664964,90,0.7345027777777777,0.7451666666666668,0.7688236111111112,0.774076388888889,0.7835763888888889,0.8034416666666668,0.8078263888888889,0.8400097222222223,0.8466208333333334,0.8676763888888891,0.8660875000000001,0.8860986111111113,0.8878166666666668,0.894276388888889,0.8904000000000001,0.9030111111111113,0.9012250000000002,0.9000875,0.9012069444444446,0.8947805555555557,0.8956736111111113,0.8702083333333335
191664964,91,0.7343901098901099,0.7451359890109891,0.7688516483516483,0.774162087912088,0.7838928571428571,0.8038543956043956,0.8080343406593408,0.8402293956043957,0.8467170329670332,0.8678159340659342,0.866199175824176,0.8861936813186815,0.8880054945054947,0.8944862637362639,0.8904615384615386,0.9030453296703298,0.901372252747253,0.9000714285714287,0.901247252747253,0.8947252747252749,0.8956593406593407,0.8701098901098903
191664964,92,0.7342296195652175,0.7450448369565218,0.768851902173913,0.7741413043478261,0.7841752717391305,0.8040720108695653,0.8082201086956522,0.8404646739130435,0.8467486413043479,0.8678097826086957,0.8661888586956522,0.8863301630434782,0.8880557065217392,0.8946005434782609,0.890610054347826,0.9032010869565218,0.9015788043478261,0.9000801630434783,0.901289402173913,0.8947581521739131,0.8957622282608695,0.8701861413043479
191664964,93,0.7341290322580646,0.7449287634408602,0.768858870967742,0.7742150537634408,0.7845,0.8043561827956989,0.8084408602150537,0.8406209677419355,0.8468279569892473,0.8679180107526882,0.8663387096774193,0.8865739247311827,0.8882728494623655,0.8948010752688171,0.8908763440860213,0.9034623655913978,0.9018077956989246,0.9002862903225806,0.9014005376344084,0.8949005376344086,0.8958857526881719,0.8702715053763439
191664964,94,0.734063829787234,0.7448218085106382,0.7688803191489362,0.7743896276595744,0.7848164893617021,0.8046981382978723,0.8089215425531916,0.8408856382978722,0.8471781914893618,0.8681156914893616,0.8664973404255318,0.887063829787234,0.8886648936170212,0.8949441489361702,0.8913297872340427,0.9038470744680851,0.9021489361702127,0.9006954787234044,0.9018045212765958,0.8951569148936172,0.8961662234042553,0.8704534574468085
191664964,95,0.734021052631579,0.7447052631578948,0.7689697368421052,0.7744723684210526,0.7851605263157894,0.8049473684210526,0.8092421052631579,0.841167105263158,0.8474513157894737,0.8682868421052631,0.866675,0.8873578947368421,0.8889736842105262,0.8951657894736842,0.8915947368421052,0.9040631578947368,0.9025684210526316,0.9007763157894737,0.9020118421052632,0.8952355263157895,0.8963802631578948,0.8704855263157895
191664964,96,0.7339010416666667,0.7446458333333333,0.7690221354166668,0.7746263020833333,0.7854010416666666,0.8052057291666668,0.8095611979166666,0.84136328125,0.8476822916666666,0.8683723958333334,0.866703125,0.8875364583333334,0.8891328125,0.8953372395833332,0.8917200520833333,0.9043541666666668,0.90275,0.90090625,0.9021354166666667,0.89537109375,0.89633984375,0.87041796875
191664964,97,0.733770618556701,0.7446069587628866,0.7690824742268042,0.7746005154639176,0.7856868556701031,0.8054884020618557,0.8098234536082475,0.8415734536082475,0.847890463917526,0.8685412371134021,0.8668260309278352,0.8877641752577322,0.8894394329896909,0.8954394329896909,0.8919600515463918,0.9045257731958765,0.9028350515463919,0.9009858247422682,0.9021649484536085,0.895452319587629,0.8965154639175259,0.8704278350515465
191664964,98,0.7336517857142858,0.7445522959183674,0.7691517857142858,0.7747181122448981,0.7860535714285716,0.8057410714285713,0.8101581632653061,0.8417295918367347,0.8480357142857143,0.8686887755102041,0.8670076530612246,0.887950255102041,0.889563775510204,0.8958265306122448,0.8922295918367347,0.9048660714285715,0.9031313775510205,0.9011607142857142,0.9023864795918368,0.8956441326530612,0.8966326530612245,0.8704948979591837
191664964,99,0.7335050505050505,0.7444419191919192,0.769165404040404,0.7748560606060606,0.7863320707070707,0.8060568181818183,0.8103825757575758,0.8420265151515152,0.8481780303030303,0.8687575757575757,0.8670959595959595,0.8880025252525252,0.8897234848484847,0.8959671717171717,0.892344696969697,0.9049431818181818,0.9032070707070706,0.9011944444444443,0.9023093434343434,0.8957436868686869,0.8966818181818182,0.8704848484848485
191664964,100,0.73322375,0.7442075,0.76909625,0.7748075,0.78663875,0.806145,0.8106012499999999,0.84213125,0.84820375,0.8689075,0.86727125,0.8882424999999999,0.8899975,0.8960975000000001,0.89261,0.90516,0.9033862500000001,0.90131,0.90250625,0.8958662500000001,0.8968824999999999,0.8706774999999999
191664964,101,0.7330346534653466,0.7440309405940594,0.7692079207920792,0.7749344059405942,0.7870977722772277,0.8064863861386139,0.8109282178217823,0.8423688118811881,0.8484306930693071,0.8691769801980198,0.867535891089109,0.8885346534653467,0.8902388613861387,0.8962797029702972,0.8928551980198021,0.9053910891089111,0.9036596534653465,0.901516089108911,0.9028118811881188,0.8959702970297031,0.8970111386138615,0.8706398514851484
191664964,102,0.7329693627450982,0.7438014705882353,0.7691593137254902,0.7750085784313726,0.7873933823529412,0.8066850490196079,0.8112058823529412,0.842546568627451,0.8485808823529413,0.8692843137254904,0.8676605392156864,0.8886421568627452,0.8904424019607845,0.8963370098039217,0.8929595588235295,0.9054289215686276,0.9037671568627453,0.9016936274509806,0.9029779411764707,0.8961936274509805,0.897121323529412,0.8706115196078433
191664964,103,0.7328871359223301,0.7437002427184466,0.7691638349514562,0.7751783980582524,0.7877014563106797,0.806882281553398,0.8114211165048544,0.8427342233009708,0.8486650485436892,0.8694696601941748,0.8677924757281553,0.8888058252427183,0.8906055825242718,0.896486650485437,0.8930254854368932,0.9055303398058253,0.903864077669903,0.9017317961165048,0.9030800970873786,0.8962864077669902,0.8971686893203884,0.8704672330097087
191664964,104,0.7328052884615385,0.7435865384615384,0.7691310096153846,0.7752536057692307,0.7879567307692308,0.8070757211538462,0.8116959134615385,0.8429026442307693,0.8487235576923077,0.8695348557692307,0.8679399038461538,0.8889975961538462,0.8907752403846154,0.8965348557692309,0.8931742788461539,0.9056923076923076,0.9040420673076924,0.9018882211538461,0.9031670673076924,0.8963269230769231,0.897310096153846,0.8704699519230769
191664964,105,0.7326500000000001,0.7434583333333332,0.7691845238095238,0.7753714285714286,0.7883654761904763,0.807422619047619,0.8120095238095238,0.8431226190476191,0.8490226190476192,0.8697011904761907,0.8681154761904764,0.8892809523809526,0.8909345238095241,0.8967119047619049,0.8933154761904764,0.9058916666666668,0.9043273809523811,0.9021059523809525,0.903311904761905,0.8964428571428573,0.8973904761904764,0.870389285714286
191664964,106,0.7325106132075473,0.7434634433962265,0.7692370283018868,0.7755141509433962,0.7887617924528302,0.8077936320754718,0.8124752358490566,0.8434728773584905,0.8492877358490566,0.8699091981132074,0.8683808962264151,0.8896686320754716,0.8913231132075473,0.8970483490566038,0.8935978773584906,0.906189858490566,0.9045813679245281,0.9023042452830189,0.9034917452830189,0.8966155660377357,0.8975577830188679,0.8704669811320754
191664964,107,0.7323948598130842,0.7435245327102804,0.7694532710280373,0.7756366822429906,0.7891203271028037,0.8081577102803738,0.812823598130841,0.8437429906542057,0.8495478971962616,0.8701553738317757,0.8685630841121494,0.8899240654205607,0.8916483644859814,0.8971810747663551,0.8938014018691589,0.9064240654205608,0.904803738317757,0.9025327102803737,0.9037628504672897,0.8968528037383178,0.8977301401869159,0.8705525700934579
191664964,108,0.7323159722222222,0.7434340277777778,0.7694606481481481,0.7758125,0.7894803240740741,0.8083761574074074,0.8131041666666666,0.8439976851851853,0.8497210648148148,0.8703182870370371,0.8687025462962963,0.890113425925926,0.8917905092592593,0.8973310185185185,0.8940451388888889,0.9066134259259259,0.9050104166666667,0.9026736111111111,0.9038645833333333,0.896962962962963,0.8976898148148148,0.8706377314814814
191664964,109,0.7323451834862386,0.7433463302752294,0.7695034403669724,0.7759495412844037,0.7897740825688074,0.8087591743119267,0.8133922018348624,0.8442431192660551,0.8499862385321101,0.8704885321100917,0.8687924311926606,0.8903130733944954,0.8920607798165138,0.8975401376146789,0.8942247706422017,0.9067568807339449,0.9052511467889908,0.9028727064220183,0.9040217889908257,0.8970825688073394,0.8978830275229358,0.8706043577981653
191664964,110,0.7323590909090908,0.74325,0.7696136363636363,0.7759738636363636,0.7900829545454545,0.8088636363636363,0.8135636363636363,0.8443568181818182,0.8501647727272728,0.870525,0.8688977272727273,0.8904863636363637,0.8922318181818182,0.8976295454545454,0.8944636363636362,0.906881818181818,0.9054579545454545,0.9030159090909091,0.9041886363636363,0.8972306818181818,0.8980568181818182,0.8704602272727272
191664964,111,0.7322263513513515,0.7431216216216217,0.7696385135135135,0.7761182432432432,0.7904414414414414,0.8091903153153153,0.8138051801801803,0.8445326576576576,0.8502939189189189,0.8706238738738739,0.8690315315315316,0.8906891891891892,0.8924222972972973,0.8977173423423424,0.8945247747747749,0.9070855855855857,0.9056700450450451,0.9030315315315315,0.9042905405405406,0.8972623873873874,0.8980382882882882,0.8704605855855856
191664964,112,0.732203125,0.7430011160714287,0.7696986607142858,0.7762042410714287,0.7907377232142858,0.8093270089285715,0.8140279017857143,0.8446529017857143,0.8503526785714286,0.8707220982142857,0.8690792410714286,0.8907912946428571,0.8925357142857142,0.8978415178571428,0.8945334821428571,0.9072723214285714,0.9057154017857142,0.9030245535714284,0.9044073660714286,0.8972756696428571,0.8981127232142857,0.8704419642857142
191664964,113,0.7320365044247787,0.7428373893805309,0.7698152654867257,0.7763528761061946,0.7909778761061946,0.8095453539823009,0.8142511061946902,0.8448827433628319,0.8505287610619469,0.870879424778761,0.8692389380530974,0.8910575221238937,0.892820796460177,0.897945796460177,0.8946592920353983,0.907404867256637,0.9059126106194689,0.9031227876106195,0.9044823008849557,0.8972743362831858,0.8981128318584071,0.8703860619469026
191664964,114,0.7320230263157895,0.742765350877193,0.769921052631579,0.7763201754385964,0.7912785087719297,0.8097883771929825,0.8145646929824562,0.8450087719298247,0.8506491228070175,0.8709254385964912,0.8692521929824563,0.8910855263157895,0.8929111842105264,0.8980372807017544,0.8948958333333333,0.9075822368421054,0.9061491228070175,0.9031732456140351,0.9045559210526316,0.8974144736842105,0.8981929824561403,0.8704089912280701
191664964,115,0.7320054347826087,0.7426684782608695,0.7699804347826087,0.7765010869565218,0.7916358695652174,0.810045652173913,0.8149260869565217,0.8452847826086957,0.8509500000000001,0.8710097826086955,0.8694054347826086,0.8912619565217392,0.8931521739130435,0.8983423913043479,0.8951423913043478,0.9078293478260868,0.9063663043478261,0.9033608695652174,0.9046760869565218,0.8976163043478261,0.8983728260869566,0.8704673913043478
191664964,116,0.731832974137931,0.742573275862069,0.7699428879310345,0.7765366379310344,0.7919310344827586,0.8102413793103448,0.81515625,0.8453868534482758,0.8510560344827586,0.8709752155172413,0.8694234913793103,0.8914676724137931,0.8933965517241379,0.898469827586207,0.8952650862068965,0.9080086206896552,0.90653125,0.9034213362068965,0.9047995689655172,0.8976573275862069,0.8984116379310345,0.870459051724138
191664964,117,0.7318333333333334,0.7425673076923077,0.7700523504273504,0.7767200854700855,0.7922232905982908,0.8105267094017095,0.8155405982905983,0.8455256410256411,0.8511388888888889,0.8711367521367523,0.8695459401709403,0.8916185897435899,0.8935651709401712,0.8985897435897436,0.8954230769230771,0.90816452991453,0.9067617521367523,0.9036175213675215,0.9050042735042737,0.8979177350427352,0.898587606837607,0.8706250000000001
191664964,118,0.7316959745762712,0.7424629237288136,0.7700360169491526,0.7768050847457627,0.7925593220338983,0.8107224576271187,0.8157870762711864,0.8455656779661017,0.8511906779661017,0.8712669491525423,0.8695974576271186,0.891780720338983,0.8936938559322034,0.8987531779661017,0.8956769067796609,0.9084046610169492,0.9068707627118644,0.9036970338983051,0.9050868644067795,0.8978877118644069,0.8986758474576271,0.8706853813559322
191664964,119,0.7315735294117647,0.742405462184874,0.7701218487394959,0.7769453781512605,0.7929138655462186,0.8109905462184874,0.8160598739495799,0.8457226890756303,0.8513203781512606,0.8713581932773111,0.8696911764705882,0.891966386554622,0.8939296218487396,0.898886554621849,0.8957846638655462,0.9085252100840338,0.907011554621849,0.9037174369747902,0.9051533613445379,0.8979285714285715,0.8986491596638657,0.8706554621848741
191664964,120,0.7314625,0.7422854166666666,0.77019375,0.7769895833333332,0.7931583333333333,0.8111385416666667,0.8162927083333332,0.8458677083333334,0.8513739583333334,0.87155625,0.8698197916666667,0.892209375,0.89415,0.8990354166666666,0.89593125,0.908809375,0.9072833333333333,0.9039614583333334,0.9053833333333334,0.8981645833333334,0.8987270833333332,0.8707197916666667
191664964,121,0.731219008264463,0.7421487603305785,0.7701735537190083,0.7769462809917356,0.7932851239669422,0.8112190082644628,0.8164886363636363,0.8459359504132231,0.8514803719008264,0.8715444214876034,0.8699235537190083,0.8923471074380166,0.8942231404958677,0.8991260330578511,0.8960826446280992,0.908831611570248,0.9073564049586776,0.9041095041322313,0.9054648760330578,0.8981714876033058,0.8987582644628098,0.8706652892561983
191664964,122,0.7311598360655738,0.7419989754098362,0.7703032786885246,0.7770993852459016,0.7935768442622951,0.811358606557377,0.8167735655737703,0.8460952868852458,0.8516557377049181,0.8716516393442624,0.8700327868852459,0.8925102459016393,0.894343237704918,0.8992172131147541,0.8962223360655738,0.9089016393442623,0.9074139344262295,0.9041475409836065,0.9054497950819672,0.8981741803278689,0.8987551229508197,0.870717213114754
191664964,123,0.7310142276422764,0.7418526422764228,0.7702997967479676,0.7772367886178861,0.7938434959349593,0.8114684959349594,0.8170884146341464,0.8462632113821138,0.8517154471544716,0.8717693089430895,0.8701138211382113,0.8926341463414635,0.8944725609756098,0.8993363821138212,0.8964288617886179,0.9090335365853659,0.9075284552845528,0.9042205284552846,0.9055142276422764,0.8980884146341463,0.8987825203252033,0.8706951219512196
191664964,124,0.7309415322580644,0.7417358870967742,0.7703155241935484,0.7772872983870969,0.7941381048387097,0.811734879032258,0.8173054435483871,0.846383064516129,0.8519183467741935,0.8718709677419354,0.8701895161290322,0.8929112903225808,0.8947701612903226,0.8995040322580645,0.8965262096774193,0.9091592741935484,0.9077631048387097,0.904327620967742,0.9055453629032258,0.8981985887096773,0.8988306451612903,0.8707762096774194
191664964,125,0.7309050000000001,0.741665,0.770359,0.777328,0.7943819999999999,0.8119240000000001,0.817609,0.846523,0.8520210000000001,0.8719750000000001,0.870359,0.8930640000000001,0.8949140000000001,0.8996390000000001,0.896634,0.909284,0.9078580000000002,0.9044580000000001,0.905682,0.8982850000000001,0.8988690000000001,0.8707570000000001
191664964,126,0.7306855158730159,0.7415327380952381,0.7703045634920636,0.7774553571428571,0.7946438492063491,0.8120505952380953,0.817827380952381,0.8466279761904764,0.8521805555555556,0.8720972222222224,0.8704910714285715,0.8931656746031748,0.895027777777778,0.8997748015873017,0.8968541666666667,0.909388888888889,0.9079771825396826,0.9045357142857144,0.9057807539682542,0.8982976190476193,0.8988690476190477,0.8706458333333335
191664964,127,0.7305314960629922,0.7413336614173229,0.7703100393700788,0.7774301181102364,0.7948681102362205,0.8121545275590553,0.8179586614173229,0.8466525590551182,0.8521328740157481,0.8720492125984254,0.8704498031496064,0.8933139763779528,0.8952076771653544,0.8997952755905513,0.8968897637795276,0.9094419291338584,0.908001968503937,0.9045866141732283,0.9059173228346457,0.8983021653543308,0.8989281496062993,0.8706535433070867
191664964,128,0.7303857421875,0.7412080078125,0.7703681640625,0.7775498046875,0.7951201171875,0.8121943359375,0.818099609375,0.8467119140625,0.8521259765625,0.8721328125,0.8705673828125,0.89347265625,0.895431640625,0.8999453125,0.8970830078125,0.909541015625,0.908169921875,0.904654296875,0.9059677734375,0.8982861328125,0.8989521484375,0.8706396484375
191664964,129,0.730220930232558,0.7411269379844959,0.7703439922480619,0.7775697674418605,0.7954137596899223,0.812424418604651,0.818328488372093,0.8468701550387595,0.8523032945736434,0.8723062015503875,0.87071996124031,0.8936521317829457,0.8956637596899225,0.9001937984496123,0.8972829457364341,0.9097412790697674,0.9083042635658913,0.9047209302325581,0.906112403100775,0.898425387596899,0.8989767441860466,0.8706269379844961
191664964,130,0.7300682692307693,0.7409634615384615,0.7703307692307693,0.7775961538461539,0.7957076923076924,0.8125875000000001,0.8185701923076925,0.8470038461538463,0.852421153846154,0.8724442307692309,0.8708913461538462,0.8937519230769233,0.8957548076923079,0.900281730769231,0.8974115384615386,0.9098576923076925,0.9084201923076924,0.9047500000000003,0.9061442307692309,0.8985115384615386,0.8990663461538463,0.8705096153846155
191664964,131,0.7298854961832061,0.7407118320610686,0.7702519083969466,0.7776650763358779,0.7959704198473282,0.8128034351145038,0.8188234732824429,0.8471345419847328,0.8524532442748091,0.8726068702290076,0.8710333969465648,0.8938692748091603,0.8959208015267175,0.9003597328244275,0.8975916030534352,0.9099608778625955,0.9085620229007634,0.9048959923664122,0.9062833969465648,0.8985209923664123,0.8990887404580153,0.8704561068702289
191664964,132,0.7297632575757576,0.74053125,0.7702357954545455,0.777779356060606,0.7962585227272727,0.8129820075757576,0.8190785984848485,0.8472623106060606,0.8525085227272727,0.872689393939394,0.8711628787878788,0.8940748106060605,0.8960539772727273,0.9005700757575756,0.8977708333333333,0.910158143939394,0.9087083333333333,0.9049734848484849,0.9064128787878788,0.8986041666666668,0.8991107954545455,0.8704621212121213
191664964,133,0.7295065789473685,0.7403543233082707,0.7702105263157895,0.7778383458646616,0.7965545112781955,0.8131052631578948,0.8192922932330827,0.8473721804511277,0.8525526315789473,0.8727415413533833,0.8711926691729323,0.8942095864661653,0.8961954887218045,0.900624060150376,0.8979135338345864,0.9102603383458646,0.9087979323308271,0.905046992481203,0.9064219924812029,0.8986635338345864,0.8991644736842104,0.870328007518797
191664964,134,0.7294067164179106,0.7402845149253731,0.7701763059701493,0.7779486940298507,0.7968526119402984,0.8131958955223881,0.8195083955223881,0.847402985074627,0.8526632462686567,0.8727835820895523,0.8712332089552239,0.8942807835820896,0.8962789179104477,0.9007117537313433,0.898035447761194,0.9104486940298507,0.9090261194029851,0.9051800373134328,0.9064682835820895,0.8987639925373134,0.8992733208955224,0.8702388059701494
191664964,135,0.7293564814814816,0.7401583333333333,0.770174074074074,0.7780342592592592,0.797124074074074,0.813338888888889,0.8197518518518518,0.8475018518518518,0.8527842592592593,0.8729305555555555,0.871325925925926,0.8944472222222223,0.8964444444444445,0.9007796296296297,0.8982259259259259,0.9106222222222222,0.9091805555555555,0.9051916666666667,0.9065398148148148,0.8988027777777777,0.8992361111111112,0.8702018518518518
191664964,136,0.7292362132352942,0.7399880514705883,0.7701636029411765,0.7781378676470588,0.7974568014705883,0.8134926470588234,0.8199779411764705,0.8476479779411764,0.8528198529411763,0.8730358455882353,0.8714604779411764,0.8946001838235295,0.8964926470588236,0.9007886029411766,0.8983134191176471,0.910734375,0.9093446691176471,0.9052628676470589,0.9066424632352942,0.89884375,0.8992895220588236,0.8701783088235294
191664964,137,0.7290355839416058,0.7398038321167882,0.7700109489051095,0.7781295620437957,0.7976624087591241,0.8136797445255475,0.8202025547445255,0.8477326642335765,0.8529041970802921,0.873147810218978,0.8716040145985402,0.8947928832116788,0.8966952554744525,0.900918795620438,0.8984872262773722,0.9109160583941606,0.9095346715328467,0.9053722627737227,0.9066979927007298,0.8988494525547446,0.8993740875912408,0.8700547445255474
191664964,138,0.7288034420289855,0.7396286231884057,0.7700253623188406,0.7782717391304348,0.797953804347826,0.8138967391304347,0.820490036231884,0.8478188405797101,0.8529701086956523,0.8732246376811594,0.8716684782608695,0.8949266304347825,0.896856884057971,0.901026268115942,0.898578804347826,0.91113134057971,0.9097346014492753,0.9054393115942029,0.9068125,0.8990144927536232,0.8995072463768117,0.8699682971014493
191664964,139,0.7286124100719424,0.7394208633093525,0.76994154676259,0.7784127697841727,0.7982014388489208,0.8140044964028778,0.8207580935251798,0.8479001798561151,0.853019784172662,0.8732778776978417,0.871738309352518,0.8950458633093525,0.8970422661870504,0.9011429856115107,0.8987697841726618,0.9113012589928058,0.9099703237410072,0.905533273381295,0.9068875899280575,0.8990530575539568,0.8995548561151079,0.869875
191664964,140,0.728425,0.7391517857142857,0.7699669642857143,0.7785508928571429,0.7984607142857143,0.8140660714285713,0.8209723214285713,0.8479348214285715,0.8530241071428571,0.87330625,0.8717383928571428,0.8951205357142856,0.8970383928571428,0.9011955357142857,0.8987892857142857,0.91131875,0.9100062499999999,0.9055357142857143,0.9069035714285715,0.8990982142857142,0.8995357142857142,0.8698794642857142
191664964,141,0.7282278368794326,0.7388652482269503,0.7698510638297873,0.7786471631205674,0.7986719858156028,0.8141693262411347,0.821174645390071,0.8479725177304965,0.8530673758865248,0.8733856382978723,0.8718093971631206,0.8952632978723405,0.8971852836879431,0.901313829787234,0.8989601063829786,0.9114937943262412,0.9101755319148935,0.9056569148936171,0.9070195035460993,0.899156914893617,0.8995966312056738,0.8698838652482269
191664964,142,0.728080985915493,0.7386496478873239,0.7698961267605634,0.778737676056338,0.7989709507042254,0.8143846830985915,0.8214330985915492,0.8481989436619717,0.8532420774647888,0.8734797535211268,0.8720211267605634,0.8954093309859154,0.8974339788732394,0.9014507042253521,0.8991654929577464,0.9116619718309859,0.9103978873239437,0.9057772887323943,0.9071945422535211,0.8991927816901409,0.8997218309859155,0.8698838028169014
191664964,143,0.7278085664335665,0.7384326923076924,0.769881118881119,0.7787893356643357,0.7991993006993007,0.8145104895104895,0.8216284965034966,0.8482980769230769,0.8533881118881119,0.8735454545454545,0.8720384615384615,0.8955603146853147,0.8975979020979021,0.9015524475524476,0.899340034965035,0.911736013986014,0.9105166083916084,0.9058426573426572,0.9072526223776224,0.8992805944055944,0.8998164335664335,0.869909965034965
191664964,144,0.7275008680555556,0.7382456597222222,0.7698776041666667,0.7788602430555556,0.7994279513888889,0.8146041666666668,0.8217847222222222,0.8484383680555555,0.8534574652777779,0.8736067708333333,0.8721623263888889,0.8957578125,0.8977855902777778,0.9017447916666667,0.8994947916666667,0.9118307291666666,0.9106180555555556,0.9059071180555557,0.9073532986111111,0.8993715277777778,0.8998506944444444,0.8698489583333333
191664964,145,0.7272741379310346,0.7380827586206897,0.7698801724137931,0.7789439655172414,0.7995853448275861,0.8146327586206896,0.8218991379310346,0.8484767241379311,0.8535698275862069,0.8737560344827586,0.872226724137931,0.8959551724137931,0.8979362068965517,0.9018681034482758,0.8996706896551725,0.9120603448275861,0.9108086206896552,0.9060146551724138,0.9074887931034482,0.8994706896551725,0.8999224137931034,0.8698646551724137
191664964,146,0.7271498287671233,0.7379229452054794,0.7699169520547946,0.7791095890410958,0.799888698630137,0.8148022260273972,0.8221917808219178,0.8486635273972601,0.8537320205479453,0.8738698630136987,0.872361301369863,0.8961207191780822,0.8981455479452054,0.9019948630136987,0.8998715753424656,0.912222602739726,0.9109443493150684,0.906201198630137,0.9075308219178082,0.8995402397260274,0.8998895547945206,0.8698373287671233
191664964,147,0.7269787414965986,0.7378307823129253,0.7699634353741497,0.7792602040816327,0.8001369047619048,0.8149600340136055,0.8224549319727892,0.848843537414966,0.8538469387755101,0.8739855442176871,0.8725493197278911,0.8962346938775511,0.89825,0.9020187074829933,0.9000374149659864,0.9123920068027211,0.9110595238095238,0.9063018707482993,0.9076802721088436,0.8995620748299319,0.8999702380952381,0.8698673469387755
191664964,148,0.7268015202702702,0.7376621621621622,0.769964527027027,0.7793420608108108,0.8003994932432431,0.8151182432432432,0.8226638513513512,0.8490599662162163,0.8538910472972973,0.8741072635135135,0.8727364864864865,0.8964493243243242,0.8984552364864865,0.9022179054054054,0.9001739864864865,0.9125540540540542,0.9112018581081082,0.9064028716216216,0.9077491554054055,0.8995802364864866,0.8999670608108108,0.8697491554054054
191664964,149,0.7264916107382551,0.7374664429530201,0.7698926174496644,0.7794169463087248,0.8006015100671141,0.8152860738255033,0.8228791946308724,0.8491803691275168,0.853979865771812,0.8741736577181208,0.8727718120805369,0.8965419463087249,0.8985360738255033,0.9022978187919463,0.9002818791946309,0.9126837248322148,0.9113531879194632,0.9064689597315437,0.9077642617449665,0.8996031879194631,0.8999597315436241,0.8696644295302014
191664964,150,0.7263683333333334,0.7373908333333333,0.76994,0.779545,0.8008691666666667,0.8154441666666666,0.8231466666666667,0.8493916666666667,0.8540924999999999,0.8742975,0.8729124999999999,0.8967125,0.8986566666666667,0.9023908333333334,0.9004875,0.9128458333333334,0.91154,0.9066424999999999,0.9079608333333333,0.8997175,0.9000475,0.8696466666666668
191664964,151,0.7262905629139073,0.737317880794702,0.7699942052980132,0.7796307947019868,0.8011067880794702,0.8156597682119205,0.8233344370860928,0.8494445364238411,0.8541258278145696,0.8744006622516556,0.8729966887417218,0.8968567880794701,0.8988857615894039,0.9024925496688742,0.9006605960264901,0.9130620860927151,0.9117359271523179,0.9067549668874172,0.908114238410596,0.8997764900662253,0.9001167218543046,0.8695802980132451
191664964,152,0.7260921052631579,0.7371463815789474,0.769905427631579,0.7797713815789473,0.8012730263157894,0.8158651315789474,0.8235773026315789,0.849654605263158,0.854186677631579,0.8744942434210526,0.8730855263157896,0.8969621710526317,0.8989786184210526,0.902578125,0.900782072368421,0.9131850328947368,0.9118404605263158,0.9068059210526316,0.9082154605263159,0.8998018092105263,0.900186677631579,0.8695222039473686
191664964,153,0.726031862745098,0.7370465686274511,0.7698692810457517,0.7798651960784315,0.8015236928104575,0.8160661764705883,0.8238807189542485,0.849809640522876,0.8543619281045753,0.8745375816993465,0.8731274509803922,0.897107843137255,0.8991094771241832,0.9027410130718956,0.9009272875816995,0.9133455882352943,0.9120065359477125,0.9068651960784316,0.9083063725490197,0.8998905228758172,0.9002197712418302,0.8694779411764707
191664964,154,0.7258904220779222,0.7369212662337663,0.7698068181818183,0.7798928571428572,0.8016883116883118,0.8161939935064936,0.8240527597402597,0.8499293831168832,0.8544115259740259,0.8745974025974025,0.8731258116883116,0.8972329545454545,0.8992142857142857,0.9028701298701298,0.9010974025974026,0.9134935064935064,0.9121371753246753,0.9069431818181818,0.908301948051948,0.9,0.900252435064935,0.8694253246753246
191664964,155,0.7258629032258065,0.7368427419354839,0.7697459677419355,0.7800145161290323,0.8019241935483872,0.8163451612903226,0.8242362903225806,0.8500427419354839,0.8545346774193548,0.8747137096774193,0.8732080645161291,0.8973104838709677,0.8993653225806452,0.9029153225806451,0.9012403225806451,0.9136564516129032,0.9122540322580646,0.9070072580645162,0.9084048387096775,0.9000411290322581,0.9002677419354839,0.8694677419354839
191664964,156,0.7257459935897437,0.7367203525641025,0.7696266025641025,0.7800705128205127,0.8021274038461538,0.8164447115384614,0.8244439102564103,0.850145032051282,0.8545785256410257,0.8747508012820513,0.8731810897435898,0.8972988782051282,0.899485576923077,0.9029639423076923,0.9013269230769231,0.9136874999999999,0.9123020833333333,0.907020032051282,0.9084551282051282,0.9000584935897437,0.900207532051282,0.8693541666666668
191664964,157,0.7255891719745223,0.7366106687898089,0.7695979299363057,0.7801226114649683,0.8023312101910829,0.8166122611464969,0.8247253184713377,0.8502882165605097,0.8547292993630574,0.8748678343949045,0.8733630573248409,0.8974808917197453,0.8996648089171975,0.9031385350318472,0.9015127388535031,0.913842356687898,0.9124570063694268,0.9070891719745223,0.9085541401273886,0.9001114649681529,0.9002651273885351,0.869343152866242
191664964,158,0.7254501582278481,0.7365522151898733,0.7695822784810127,0.7802302215189874,0.8025292721518987,0.8167444620253165,0.8249327531645569,0.8504185126582279,0.8548528481012658,0.8750110759493671,0.8734794303797468,0.8977088607594936,0.8999169303797468,0.903301424050633,0.9016162974683545,0.9140268987341773,0.9126993670886075,0.9072563291139241,0.9086708860759493,0.9002270569620253,0.9004319620253165,0.869303006329114
191664964,159,0.7252955974842766,0.7364748427672955,0.7694732704402516,0.7802169811320755,0.8026690251572327,0.8168993710691824,0.8251108490566037,0.850500786163522,0.854808176100629,0.8750306603773584,0.8735322327044025,0.8978608490566038,0.9000125786163521,0.9035,0.9017279874213837,0.9141690251572326,0.9127845911949685,0.9073356918238994,0.9088655660377359,0.9003309748427674,0.9005361635220127,0.8692830188679245
191664964,160,0.72518125,0.7362882812500001,0.76934296875,0.7802109375,0.80283203125,0.8169906249999999,0.82528671875,0.8505773437499999,0.8549203124999999,0.87506875,0.873603125,0.897915625,0.9001125,0.90363515625,0.9018453125000001,0.91431328125,0.912896875,0.9074281249999999,0.9089375,0.900440625,0.90060546875,0.86933984375
191664964,161,0.7250799689440994,0.7361638198757764,0.7692880434782609,0.7802259316770187,0.8029604037267081,0.8172414596273292,0.8255201863354038,0.850738354037267,0.8551009316770187,0.8751964285714287,0.873725155279503,0.8981211180124223,0.9002562111801242,0.9037065217391304,0.901958850931677,0.9144394409937888,0.9130442546583851,0.907569099378882,0.9090768633540371,0.9005574534161491,0.9006739130434783,0.8692810559006211
191664964,162,0.7250054012345679,0.7360046296296295,0.7692098765432099,0.7802577160493827,0.8030833333333334,0.8173533950617284,0.8257430555555555,0.8507885802469136,0.8551736111111111,0.8752121913580247,0.8737623456790123,0.8981944444444445,0.9003364197530864,0.9037970679012345,0.9020617283950617,0.9145378086419753,0.9131442901234568,0.9076651234567901,0.9091489197530865,0.9006003086419753,0.9006697530864197,0.8692199074074074
191664964,163,0.7248757668711657,0.7358305214723928,0.7691656441717791,0.7802952453987729,0.803260736196319,0.817480828220859,0.8259463190184049,0.8509225460122699,0.8553826687116565,0.875329754601227,0.8738673312883436,0.8983542944785275,0.9004700920245399,0.9038834355828221,0.9021963190184049,0.9147377300613497,0.9133320552147238,0.9077898773006134,0.9092730061349694,0.9007430981595091,0.9007960122699387,0.8691587423312883
191664964,164,0.7247065548780488,0.735625762195122,0.7691364329268293,0.7803407012195122,0.8034192073170732,0.817611280487805,0.8261120426829269,0.8509725609756098,0.8554641768292682,0.875391006097561,0.873935975609756,0.8984946646341464,0.9005785060975608,0.9039786585365853,0.9023597560975609,0.9148254573170732,0.9133955792682926,0.907842987804878,0.9093193597560976,0.9008109756097561,0.9009291158536585,0.869127286585366
191664964,165,0.724469696969697,0.7355015151515152,0.7689810606060605,0.780385606060606,0.8035363636363636,0.8177424242424243,0.8263250000000001,0.8510787878787878,0.8554954545454545,0.8754704545454546,0.8740310606060606,0.8986477272727272,0.9006628787878788,0.9040280303030303,0.9024128787878788,0.9149909090909091,0.9135484848484848,0.9079621212121213,0.9094219696969696,0.90095,0.9009878787878788,0.8690166666666667
191664964,166,0.724308734939759,0.7353546686746988,0.768878765060241,0.7804194277108434,0.8036626506024097,0.8178433734939758,0.8264503012048193,0.8511558734939759,0.8555820783132531,0.8754954819277109,0.874105421686747,0.8986649096385543,0.9007876506024096,0.9041069277108433,0.9024849397590361,0.9151009036144578,0.913601656626506,0.9079992469879518,0.9094668674698796,0.9010527108433735,0.9010210843373493,0.8689555722891567
191664964,167,0.7241953592814371,0.7351167664670659,0.7688450598802395,0.7804244011976048,0.8037702095808383,0.8178757485029939,0.8265995508982036,0.8512357784431137,0.855622754491018,0.8755276946107784,0.874127994011976,0.8986811377245509,0.9008884730538923,0.9041923652694611,0.9025441616766469,0.9151541916167665,0.9137133233532934,0.9080479041916167,0.9094827844311378,0.9011100299401198,0.9010651197604791,0.86888248502994
191664964,168,0.7239866071428571,0.7348340773809523,0.7687938988095238,0.7804739583333332,0.8039077380952381,0.8179955357142857,0.826735119047619,0.8513511904761905,0.8557388392857143,0.8756160714285715,0.8742790178571429,0.8988191964285713,0.9009553571428571,0.9042299107142858,0.9026934523809524,0.9152276785714285,0.9138095238095238,0.9081086309523809,0.9095245535714286,0.9011383928571429,0.901141369047619,0.8688244047619048
191664964,169,0.7238505917159764,0.7346738165680474,0.7687573964497042,0.7804992603550295,0.8039918639053254,0.818237426035503,0.826917899408284,0.8514903846153846,0.8558505917159764,0.8757048816568047,0.8743306213017751,0.8988920118343194,0.9010480769230769,0.9043402366863905,0.9027988165680474,0.915353550295858,0.9138831360946745,0.9081634615384615,0.9095636094674556,0.9011738165680473,0.9012011834319525,0.8687603550295857
191664964,170,0.723695588235294,0.7345183823529412,0.7686786764705883,0.7805338235294118,0.804089705882353,0.8183580882352942,0.827056617647059,0.8515727941176472,0.8558382352941178,0.8756727941176471,0.8743463235294119,0.8989455882352942,0.9010852941176473,0.9043786764705884,0.9028426470588237,0.9154779411764707,0.9139485294117649,0.9081852941176471,0.9096198529411765,0.901191911764706,0.9012536764705884,0.868679411764706
191664964,171,0.723562865497076,0.7342624269005849,0.7685526315789473,0.7805394736842106,0.8041366959064327,0.8184400584795322,0.8271849415204678,0.8515584795321637,0.8558888888888889,0.8757083333333333,0.8744115497076023,0.8990840643274854,0.901203947368421,0.9043932748538013,0.9028662280701755,0.9155438596491228,0.9140709064327486,0.9082536549707602,0.9097076023391812,0.9012682748538011,0.9013654970760233,0.8686191520467836
191664964,172,0.7234920058139535,0.7341664244186047,0.7685,0.780625,0.8043343023255813,0.8186380813953489,0.8273931686046513,0.8517594476744187,0.8560697674418605,0.8757914244186047,0.8745109011627906,0.8992252906976744,0.9013677325581395,0.9045268895348837,0.903013081395349,0.9157449127906978,0.9142441860465117,0.908436046511628,0.9098880813953489,0.9013422965116279,0.9014418604651164,0.8685821220930232
191664964,173,0.7233880057803469,0.734003612716763,0.7683757225433526,0.7806300578034682,0.8044458092485549,0.8187290462427745,0.8274848265895953,0.851789739884393,0.8561625722543353,0.8757955202312139,0.8745028901734104,0.8994031791907514,0.9015202312138729,0.9046965317919076,0.9032413294797689,0.9159320809248555,0.9143981213872833,0.9086199421965319,0.9099934971098267,0.901510838150289,0.9015130057803468,0.8685975433526012
191664964,174,0.7232420977011496,0.7338491379310345,0.768308908045977,0.7806918103448277,0.8045969827586207,0.8188110632183907,0.8275826149425287,0.851834051724138,0.856260775862069,0.8758678160919541,0.8745854885057471,0.8995158045977011,0.9016170977011493,0.9048024425287355,0.9033455459770116,0.9160258620689656,0.9145201149425287,0.9086781609195402,0.9100739942528735,0.9015869252873563,0.9015732758620688,0.8685682471264368
191664964,175,0.7231228571428572,0.7336978571428572,0.7681871428571428,0.7807057142857143,0.8046821428571429,0.8188199999999999,0.8276764285714285,0.8518892857142857,0.8563492857142857,0.8759028571428571,0.8745850000000001,0.8995807142857142,0.9017171428571428,0.9049442857142858,0.9034135714285715,0.9161257142857142,0.9146228571428572,0.9087257142857142,0.91016,0.9016685714285715,0.9016799999999999,0.8685421428571428
191664964,176,0.7230071022727272,0.7335184659090909,0.7681321022727272,0.7806903409090908,0.8048643465909091,0.8189346590909091,0.8278451704545455,0.8519580965909092,0.856432528409091,0.8759879261363637,0.8746796875,0.8996612215909092,0.9018778409090908,0.9049985795454545,0.9035525568181818,0.9162606534090909,0.9148103693181817,0.9088174715909092,0.9102251420454545,0.9017173295454545,0.901765625,0.8684850852272727
191664964,177,0.7228693502824858,0.7333862994350283,0.7680077683615818,0.7806737288135593,0.8049858757062147,0.8190833333333333,0.8279950564971752,0.8519992937853108,0.8564851694915254,0.8761483050847457,0.8748213276836159,0.8997718926553673,0.9019378531073446,0.9050169491525424,0.9036228813559323,0.916361581920904,0.9149074858757063,0.9089081920903954,0.9103396892655368,0.9017789548022598,0.9017429378531073,0.8684145480225989
191664964,178,0.7227345505617977,0.7333075842696629,0.7679557584269662,0.7807141853932585,0.8051713483146068,0.8192724719101124,0.8282373595505618,0.8521179775280899,0.8566011235955057,0.8762443820224719,0.8749051966292134,0.8999360955056179,0.9020575842696629,0.9051130617977529,0.9037626404494382,0.9165421348314606,0.9151032303370786,0.908935393258427,0.9104297752808989,0.9018293539325842,0.9018047752808989,0.8684009831460674
191664964,179,0.7225977653631285,0.7331040502793296,0.7679210893854749,0.7807513966480446,0.8053463687150838,0.8193798882681564,0.8283324022346369,0.8521124301675977,0.8566731843575418,0.8762451117318435,0.874933659217877,0.9000844972067039,0.902201815642458,0.9051766759776535,0.9038533519553071,0.9166417597765362,0.9152199720670391,0.9089846368715082,0.9104923184357541,0.9018016759776535,0.9018582402234636,0.8683477653631284
191664964,180,0.7224659722222223,0.7329180555555556,0.7677625,0.7807034722222223,0.8054861111111111,0.8194340277777779,0.8284597222222222,0.8521541666666667,0.8567222222222222,0.8763083333333334,0.8749854166666666,0.9001277777777777,0.9022229166666667,0.9052486111111111,0.9039652777777777,0.9167013888888887,0.9153006944444444,0.9090305555555556,0.9104791666666666,0.9018666666666666,0.9018958333333332,0.8683069444444445
191664964,181,0.7223011049723757,0.7327451657458564,0.7676381215469613,0.780774861878453,0.8057044198895028,0.8195138121546961,0.8285842541436463,0.8521830110497237,0.8568004143646409,0.8764267955801105,0.8750614640883978,0.9001664364640884,0.9023190607734807,0.9053232044198896,0.9040911602209944,0.9168232044198896,0.9154357734806629,0.909082182320442,0.9105296961325966,0.9019288674033148,0.9019102209944752,0.8682762430939226
191664964,182,0.7221476648351648,0.7325961538461538,0.7675089285714287,0.780842032967033,0.8058770604395605,0.8196064560439561,0.8287122252747253,0.8522438186813188,0.8568097527472528,0.8764787087912089,0.8751181318681319,0.9003269230769232,0.9023839285714287,0.905467032967033,0.9041833791208792,0.9169752747252748,0.9155398351648353,0.9091662087912089,0.9105954670329671,0.9020645604395606,0.9019512362637365,0.8682596153846155
191664964,183,0.7220676229508197,0.7324596994535518,0.7674651639344262,0.7808763661202186,0.8061215846994535,0.8197602459016393,0.8289603825136612,0.8523982240437158,0.8568770491803278,0.8765348360655737,0.8751994535519126,0.9004392076502732,0.9025136612021858,0.9055792349726776,0.9043155737704919,0.9170396174863388,0.9156147540983607,0.9092554644808744,0.9106550546448089,0.9021188524590164,0.901936475409836,0.868155737704918
191664964,184,0.721985054347826,0.732344429347826,0.7674538043478262,0.7808410326086956,0.8063342391304348,0.8198817934782607,0.8290244565217392,0.8524748641304347,0.8569239130434783,0.8765523097826088,0.8752010869565218,0.9005135869565217,0.902610054347826,0.9056542119565217,0.9043838315217393,0.9171311141304348,0.9157364130434783,0.9093702445652175,0.910735054347826,0.9021725543478262,0.9019979619565217,0.8681385869565218
191664964,185,0.7219094594594594,0.7322290540540541,0.7673027027027027,0.7808635135135136,0.8064783783783784,0.8199702702702703,0.8290871621621623,0.8525385135135135,0.8569635135135136,0.8765412162162162,0.8751587837837838,0.9006331081081081,0.9026898648648648,0.905766891891892,0.9045101351351352,0.9173162162162163,0.9159081081081082,0.909414864864865,0.9108567567567568,0.9021932432432432,0.902083108108108,0.8681290540540542
191664964,186,0.7217775537634409,0.7321108870967742,0.7672533602150539,0.7808763440860215,0.8066034946236559,0.8200302419354839,0.8291176075268817,0.8525947580645161,0.8569986559139785,0.8765282258064515,0.875184811827957,0.9006881720430107,0.9028608870967741,0.9058413978494623,0.9046014784946236,0.917453629032258,0.9160799731182795,0.9094751344086022,0.910956317204301,0.9022869623655914,0.902143817204301,0.8681465053763441
191664964,187,0.7217292780748662,0.7319538770053475,0.7671410427807487,0.780947192513369,0.8067105614973262,0.8201758021390374,0.829216577540107,0.8526417112299466,0.8570401069518716,0.8765715240641712,0.8752459893048128,0.9008475935828876,0.9029979946524063,0.9059164438502674,0.904711229946524,0.9175421122994654,0.9161724598930481,0.9096042780748663,0.9110100267379679,0.9023683155080214,0.9021878342245989,0.868125
191664964,188,0.721532579787234,0.7317905585106382,0.7670359042553191,0.7809135638297872,0.8068823138297873,0.820313829787234,0.8293125,0.8527380319148935,0.8571482712765958,0.8766396276595746,0.8752932180851064,0.9009833776595745,0.9031050531914894,0.9060784574468085,0.9048610372340427,0.9177134308510638,0.9163224734042553,0.909714760638298,0.9111449468085107,0.9024780585106383,0.9022267287234043,0.8680764627659574
191664964,189,0.7214126984126983,0.7315661375661375,0.7669794973544973,0.7808941798941799,0.8070046296296296,0.8204093915343915,0.8294034391534392,0.8527414021164021,0.8571468253968253,0.8766455026455026,0.8753551587301588,0.901061507936508,0.9031686507936508,0.9062314814814814,0.9048981481481482,0.9178161375661376,0.9164179894179894,0.9097777777777778,0.9112374338624338,0.9025324074074074,0.9022685185185185,0.8680291005291004
191664964,190,0.7212743421052632,0.731433552631579,0.7669434210526316,0.7809157894736843,0.8071480263157895,0.8205440789473685,0.829546052631579,0.8527473684210527,0.8571848684210527,0.8766940789473684,0.8754052631578948,0.9010980263157894,0.9032427631578946,0.906325,0.9049861842105262,0.9179282894736842,0.916453947368421,0.9098407894736843,0.9112723684210525,0.9025605263157894,0.9022506578947368,0.8678875
191664964,191,0.7211465968586388,0.7312715968586387,0.7668494764397906,0.7809692408376964,0.8072964659685864,0.8206341623036649,0.8296832460732985,0.852815445026178,0.8572552356020943,0.8767159685863875,0.8754378272251309,0.9011223821989529,0.9032722513089005,0.9064129581151833,0.9050844240837697,0.9180058900523561,0.9165615183246073,0.9099293193717278,0.9113501308900525,0.9025896596858639,0.9022755235602095,0.867872382198953
191664964,192,0.7210182291666666,0.7311790364583333,0.7667682291666666,0.7809869791666666,0.8074615885416667,0.820748046875,0.829787109375,0.85283984375,0.8572747395833332,0.8767610677083333,0.8754576822916668,0.90119921875,0.903390625,0.9065052083333334,0.9051555989583334,0.9181022135416668,0.9166256510416666,0.9099973958333334,0.91141796875,0.902595703125,0.9023502604166668,0.867818359375
191664964,193,0.7209481865284975,0.730949481865285,0.766720207253886,0.7809410621761657,0.8075582901554403,0.8207914507772021,0.8298886010362693,0.8528847150259067,0.8573354922279792,0.8767454663212434,0.8754747409326423,0.9012512953367875,0.9034339378238341,0.9065492227979273,0.9052072538860102,0.9182286269430051,0.9167823834196891,0.9100349740932641,0.9114915803108806,0.9026593264248703,0.9023931347150258,0.8677338082901553
191664964,194,0.7207570876288659,0.7307480670103094,0.7666900773195876,0.7809774484536083,0.8076932989690722,0.8209059278350517,0.8299929123711342,0.8529387886597939,0.8573311855670104,0.8767822164948454,0.8755180412371135,0.9013182989690723,0.9035257731958763,0.9066456185567011,0.9053356958762888,0.9183182989690724,0.9168350515463919,0.9101050257731961,0.9115979381443301,0.9027081185567012,0.9024362113402062,0.867618556701031
191664964,195,0.7205608974358975,0.7305628205128205,0.7667115384615385,0.781000641025641,0.8077910256410257,0.8210070512820513,0.8300846153846155,0.8529916666666668,0.8573282051282053,0.876772435897436,0.8755089743589745,0.9013352564102566,0.9036506410256412,0.9066679487179489,0.9054096153846156,0.9184185897435899,0.9169083333333335,0.9101724358974361,0.9116750000000002,0.9027474358974361,0.9024173076923078,0.8675314102564105
191664964,196,0.7203934948979591,0.7304068877551021,0.7666364795918367,0.7810280612244899,0.8079158163265306,0.8210892857142857,0.8302442602040816,0.8530012755102041,0.857311862244898,0.8768341836734694,0.8755427295918368,0.9014164540816326,0.9037321428571429,0.9067863520408164,0.9054642857142858,0.9185363520408164,0.9169700255102041,0.9102716836734694,0.9117308673469388,0.9028054846938776,0.9024789540816327,0.8674897959183673
191664964,197,0.7202271573604061,0.7302347715736042,0.7664631979695432,0.7809752538071065,0.8079815989847716,0.8211719543147208,0.8302931472081219,0.85303807106599,0.8573267766497462,0.8768134517766498,0.8755761421319797,0.9014340101522842,0.9037341370558377,0.9068629441624366,0.9056027918781726,0.9186192893401014,0.9170577411167512,0.9103413705583756,0.9117861675126904,0.9028318527918782,0.9025012690355331,0.8674289340101524
191664964,198,0.7201010101010101,0.7300271464646464,0.766358585858586,0.7809589646464646,0.8081130050505051,0.8212638888888889,0.8304128787878787,0.8530435606060606,0.8573194444444444,0.8768125,0.8755359848484848,0.9015359848484849,0.9037866161616162,0.9068882575757575,0.9055997474747476,0.918705808080808,0.9171180555555556,0.910403409090909,0.9118358585858587,0.902876893939394,0.9025290404040404,0.8673314393939394
191664964,199,0.719925879396985,0.7298084170854272,0.7662920854271357,0.780929648241206,0.8082675879396986,0.821336055276382,0.8305301507537688,0.8530584170854271,0.857356783919598,0.8768285175879396,0.8755565326633166,0.9016388190954774,0.9038800251256283,0.9069874371859296,0.905657663316583,0.9188423366834171,0.9172726130653266,0.9104937185929648,0.9119252512562814,0.9029949748743717,0.9025835427135678,0.8672587939698492
191664964,200,0.7197481250000001,0.729640625,0.7661793749999999,0.7809550000000001,0.8084225000000002,0.8213981250000001,0.8306024999999999,0.8531037499999999,0.857391875,0.87683875,0.8755875,0.901765625,0.903965,0.907058125,0.905731875,0.9189375,0.91735125,0.910534375,0.9119612500000001,0.903021875,0.90260375,0.867155625
1662057958,1,0.795125,0.79075,0.791125,0.8075,0.813875,0.814,0.81425,0.812125,0.810375,0.812875,0.8125,0.809875,0.812,0.82075,0.8155,0.824,0.8235,0.830125,0.8285,0.827625,0.82675,0.812875
1662057958,2,0.8131875,0.8170625,0.817375,0.82275,0.8293125,0.8319375,0.8319375,0.835375,0.832625,0.836125,0.835375,0.8373125,0.838125,0.8423125,0.8404375,0.8465625,0.845,0.8471875,0.847,0.8465625,0.846875,0.83225
1662057958,3,0.7985416666666665,0.8088749999999999,0.816,0.8262916666666666,0.8336666666666667,0.8364166666666666,0.8383333333333333,0.8433333333333333,0.8407083333333333,0.8438333333333332,0.8435416666666666,0.8438749999999999,0.8443333333333333,0.8466249999999998,0.844875,0.8523333333333333,0.8505833333333332,0.854125,0.8549166666666667,0.8526666666666665,0.852625,0.8333333333333333
1662057958,4,0.78365625,0.79790625,0.811125,0.82325,0.83271875,0.83996875,0.841375,0.8461875,0.8455625,0.8510625,0.85115625,0.8509375,0.850875,0.85415625,0.8508125,0.85565625,0.85571875,0.85903125,0.85815625,0.8570625,0.85740625,0.83959375
1662057958,5,0.77085,0.786825,0.8051750000000001,0.8192250000000001,0.831525,0.83945,0.843125,0.8482750000000001,0.8484250000000001,0.8551000000000001,0.855325,0.855325,0.855925,0.8582250000000001,0.856025,0.8622000000000001,0.8604,0.8628500000000001,0.8625250000000001,0.859875,0.861175,0.8418000000000001
1662057958,6,0.7580625,0.7763541666666668,0.7956458333333333,0.8131041666666667,0.8289791666666667,0.8395625,0.8422916666666668,0.8515625,0.8522291666666667,0.8593333333333335,0.8587291666666668,0.8599375,0.8603125000000001,0.8620625,0.8606666666666667,0.863875,0.863625,0.8654791666666667,0.8651458333333334,0.8625625,0.8645625,0.8439791666666667
1662057958,7,0.7519464285714285,0.7704464285714284,0.7896964285714285,0.8075357142857142,0.8248035714285713,0.8375714285714284,0.84075,0.8508392857142857,0.8530535714285714,0.8601428571428571,0.8605714285714285,0.8615357142857143,0.8619285714285715,0.8630892857142857,0.8630178571428572,0.8668392857142858,0.8656428571428572,0.8686428571428572,0.8679107142857143,0.8639285714285715,0.8654642857142858,0.8446607142857142
1662057958,8,0.745609375,0.76428125,0.7825,0.801328125,0.819875,0.8349375,0.83778125,0.850984375,0.85484375,0.86471875,0.864890625,0.86521875,0.86553125,0.867453125,0.86640625,0.869765625,0.8684375,0.870609375,0.8705,0.86565625,0.866859375,0.845109375
1662057958,9,0.7413611111111112,0.7584166666666667,0.7765277777777778,0.7971111111111112,0.8160416666666668,0.833013888888889,0.8365138888888889,0.8505138888888889,0.854763888888889,0.8666527777777778,0.865888888888889,0.8681388888888889,0.8684722222222224,0.8691944444444446,0.8689861111111112,0.8724444444444446,0.8710277777777778,0.8726805555555557,0.8726666666666667,0.8684166666666667,0.8698750000000001,0.8455833333333335
1662057958,10,0.7375125,0.753325,0.7710750000000001,0.7933500000000001,0.8122875000000002,0.8308000000000001,0.8340875000000001,0.8500625000000002,0.8551375000000001,0.8672250000000001,0.8671750000000001,0.8699125000000001,0.8702000000000001,0.8714375000000001,0.8706125000000002,0.8761375,0.8746125,0.8752000000000002,0.8753875000000001,0.8706875000000001,0.8718500000000001,0.8463250000000001
1662057958,11,0.7342613636363636,0.7488636363636364,0.7659886363636362,0.7891931818181818,0.8094090909090907,0.8282954545454545,0.8320681818181818,0.8483977272727271,0.8542386363636363,0.8671590909090907,0.8667045454545452,0.8711363636363635,0.871340909090909,0.8751136363636363,0.8730227272727271,0.8788522727272726,0.877340909090909,0.8776363636363635,0.8780340909090908,0.8722613636363635,0.8733977272727272,0.849431818181818
1662057958,12,0.7323854166666668,0.7473020833333334,0.7631458333333333,0.7860833333333332,0.80521875,0.8247916666666666,0.8288125,0.8466458333333332,0.8526145833333333,0.8673541666666666,0.8668541666666666,0.8720416666666666,0.8724583333333332,0.87646875,0.8739583333333333,0.8793958333333334,0.8786041666666667,0.8790104166666668,0.8794583333333332,0.8736875,0.8745833333333333,0.8509895833333333
1662057958,13,0.7303365384615386,0.7448365384615385,0.7599519230769232,0.7829134615384616,0.802173076923077,0.8221250000000001,0.8259519230769231,0.8449903846153848,0.8515673076923077,0.8675576923076925,0.8671250000000001,0.8731057692307693,0.8732788461538463,0.8778846153846155,0.8751057692307693,0.8816923076923079,0.8804134615384617,0.8805576923076924,0.8809423076923079,0.8740096153846155,0.8756346153846155,0.8507692307692309
1662057958,14,0.7288392857142857,0.7422857142857143,0.7579196428571429,0.7805267857142858,0.7999553571428573,0.8207500000000001,0.8245714285714286,0.8440892857142858,0.8513214285714287,0.8673928571428572,0.8664821428571429,0.8743303571428572,0.8743035714285715,0.8786160714285716,0.8762232142857145,0.8825803571428572,0.8819732142857144,0.8813125,0.8818392857142858,0.8752589285714286,0.8769285714285716,0.8526964285714287
1662057958,15,0.7281416666666667,0.7404583333333332,0.7553916666666667,0.7783333333333333,0.7982333333333334,0.8188333333333335,0.8222916666666668,0.8426250000000001,0.8505166666666669,0.8666750000000002,0.8660833333333335,0.8746750000000002,0.8753833333333334,0.8797833333333336,0.8773250000000001,0.8837666666666669,0.8832333333333334,0.8831333333333334,0.8837500000000003,0.8760916666666667,0.8779916666666668,0.8529916666666668
1662057958,16,0.727703125,0.73975,0.7534921875,0.77703125,0.796375,0.8168984375,0.8199609375,0.8413828125,0.8495546875,0.8665625,0.8659921875,0.8751640625,0.8759453125,0.8811875,0.8782421875,0.88428125,0.88384375,0.883484375,0.88409375,0.877046875,0.878546875,0.8531640625
1662057958,17,0.726875,0.7384191176470588,0.7516029411764706,0.7751691176470588,0.7943529411764706,0.815125,0.8176544117647059,0.8399264705882353,0.8482867647058824,0.866044117647059,0.8655441176470589,0.8750588235294119,0.8758382352941178,0.881529411764706,0.8784632352941177,0.8857132352941178,0.8849191176470589,0.8836617647058824,0.884610294117647,0.8774338235294118,0.8788750000000001,0.8535367647058825
1662057958,18,0.725826388888889,0.7383333333333333,0.7504791666666667,0.7737152777777778,0.7927708333333335,0.8134444444444445,0.8164930555555556,0.8392222222222223,0.8482847222222224,0.8667986111111112,0.8660694444444446,0.8758194444444446,0.8766597222222224,0.8818125000000001,0.8788750000000001,0.8860555555555557,0.8851736111111113,0.8844861111111111,0.8854305555555556,0.8781597222222224,0.8791944444444446,0.8538541666666667
1662057958,19,0.7260921052631578,0.738842105263158,0.7500328947368421,0.7725197368421052,0.7913947368421052,0.8119868421052632,0.815657894736842,0.8385921052631577,0.8477368421052632,0.8662894736842106,0.8652697368421052,0.8764342105263159,0.8771776315789472,0.8825855263157896,0.8805526315789474,0.8874144736842106,0.8859342105263158,0.8853486842105264,0.8862631578947369,0.879,0.8800592105263159,0.8548092105263159
1662057958,20,0.72575625,0.7381312499999999,0.7491062500000001,0.77105625,0.78914375,0.8096875,0.81321875,0.8367,0.8462687499999999,0.8659874999999999,0.8649124999999999,0.8764375,0.8770812499999999,0.8821625,0.8804749999999999,0.8876624999999999,0.8866124999999999,0.8865124999999999,0.8871312499999999,0.8794187499999999,0.8804375,0.8544812500000001
1662057958,21,0.7265714285714285,0.7380892857142858,0.748547619047619,0.7694940476190476,0.7876190476190477,0.8089642857142858,0.8116607142857143,0.836,0.8453571428571429,0.8654821428571429,0.8645654761904763,0.8768690476190477,0.8771845238095238,0.8830595238095239,0.8804226190476192,0.8883750000000001,0.8875892857142857,0.887279761904762,0.8884523809523811,0.8806845238095239,0.8821011904761906,0.8551011904761906
1662057958,22,0.7264772727272727,0.7381420454545455,0.7480284090909091,0.7680113636363636,0.7862272727272728,0.8075056818181817,0.8102613636363636,0.8349715909090908,0.8441136363636363,0.8648636363636363,0.8641420454545455,0.8769488636363635,0.8771818181818182,0.8833522727272728,0.880875,0.8886363636363636,0.8876761363636364,0.8876193181818182,0.8887102272727273,0.881431818181818,0.8825965909090908,0.8552272727272726
1662057958,23,0.7263532608695652,0.7376467391304348,0.7477608695652174,0.7667554347826088,0.784625,0.8065380434782609,0.8090597826086957,0.833961956521739,0.8432608695652174,0.8638369565217391,0.8635,0.8766304347826087,0.87725,0.8835815217391305,0.8811847826086956,0.888858695652174,0.8881304347826087,0.8884782608695653,0.889108695652174,0.8818206521739131,0.883554347826087,0.8555652173913043
1662057958,24,0.7264583333333333,0.7374583333333332,0.7470677083333334,0.7658125,0.7835104166666667,0.805421875,0.80815625,0.8335885416666667,0.8427447916666667,0.8638125,0.8630572916666667,0.8763854166666667,0.87721875,0.8845,0.8817395833333332,0.8898541666666666,0.8887447916666668,0.8888385416666668,0.8896666666666667,0.882078125,0.8837708333333334,0.85578125
1662057958,25,0.726545,0.737625,0.74722,0.76541,0.7823500000000001,0.8047049999999999,0.8078350000000001,0.8329650000000002,0.8424650000000001,0.86336,0.86289,0.8767550000000001,0.8773000000000002,0.8849049999999999,0.881935,0.89024,0.8891700000000001,0.8891950000000001,0.889745,0.8823400000000001,0.88383,0.856055
1662057958,26,0.7266538461538462,0.7378653846153845,0.7470961538461538,0.7646730769230771,0.781283653846154,0.8040240384615386,0.8067596153846155,0.8325913461538463,0.8422980769230769,0.8634038461538462,0.8629038461538462,0.8770576923076924,0.8777163461538464,0.8852211538461541,0.8823653846153847,0.8911057692307692,0.8897548076923079,0.8896201923076925,0.8905144230769232,0.8829038461538462,0.884346153846154,0.8562740384615386
1662057958,27,0.7268796296296297,0.7381342592592594,0.7472777777777777,0.7644583333333332,0.7805925925925926,0.803537037037037,0.8057083333333334,0.8324351851851852,0.8423425925925926,0.8635787037037037,0.8632916666666668,0.8772407407407407,0.8781435185185185,0.8856388888888889,0.8828842592592593,0.8913981481481482,0.8903333333333333,0.8898981481481482,0.8909212962962964,0.8833703703703705,0.8848287037037037,0.856638888888889
1662057958,28,0.7273616071428571,0.7384508928571429,0.7478928571428571,0.7641919642857142,0.78028125,0.8027455357142858,0.8048883928571429,0.8318392857142858,0.8418258928571429,0.8634821428571429,0.8627589285714284,0.8774419642857143,0.87834375,0.8856160714285713,0.8822678571428572,0.8918035714285714,0.8901607142857142,0.8901383928571429,0.8910714285714285,0.8838214285714285,0.8850892857142857,0.8566116071428571
1662057958,29,0.7274741379310344,0.738728448275862,0.7483620689655172,0.7640905172413793,0.7792931034482758,0.8023620689655172,0.8044913793103449,0.83125,0.8412155172413793,0.8628836206896551,0.8622068965517242,0.8774439655172414,0.8781422413793103,0.8857068965517242,0.8822586206896551,0.89225,0.89075,0.8907327586206897,0.8916896551724137,0.8840258620689656,0.885478448275862,0.8572370689655172
1662057958,30,0.7274458333333333,0.7393500000000001,0.7484541666666666,0.7636333333333334,0.7782583333333334,0.8016333333333334,0.8037791666666668,0.8305750000000001,0.8409583333333335,0.8622333333333336,0.8620333333333335,0.8774583333333335,0.8782833333333335,0.8864791666666667,0.8825666666666668,0.8924041666666669,0.8911666666666669,0.8913083333333335,0.8920500000000002,0.8842791666666668,0.8859250000000002,0.8570291666666668
1662057958,31,0.7276733870967742,0.7395524193548386,0.7491008064516129,0.7632782258064515,0.7780725806451613,0.8009354838709677,0.8031169354838709,0.8301895161290322,0.8405967741935483,0.8620685483870966,0.8616774193548387,0.8773064516129032,0.8781774193548385,0.8859637096774192,0.8818830645161291,0.8922822580645161,0.8910483870967741,0.8914354838709677,0.8923104838709677,0.8847177419354838,0.8862620967741934,0.8575887096774193
1662057958,32,0.72818359375,0.739734375,0.74952734375,0.763453125,0.77759765625,0.80062890625,0.8027109375,0.83015234375,0.840296875,0.86179296875,0.86138671875,0.8771484375,0.87808984375,0.8859140625,0.88221484375,0.8927109375,0.8909140625,0.8918671875,0.89265234375,0.8852421875,0.88680078125,0.8576640625
1662057958,33,0.7284583333333332,0.7401742424242423,0.7498181818181817,0.763814393939394,0.7772424242424243,0.800371212121212,0.8025189393939394,0.830121212121212,0.8406628787878787,0.8617651515151515,0.861465909090909,0.8771363636363635,0.8782386363636363,0.8857537878787878,0.8821136363636363,0.8927992424242422,0.8910378787878788,0.891875,0.8926136363636362,0.8851174242424242,0.8870151515151515,0.8573674242424243
1662057958,34,0.7289926470588235,0.7404816176470588,0.7496580882352941,0.7637058823529412,0.7767941176470589,0.7998970588235295,0.8018492647058824,0.8295735294117649,0.8401139705882353,0.8612757352941178,0.860919117647059,0.8773933823529413,0.8783713235294119,0.8857720588235295,0.8819852941176471,0.892764705882353,0.891169117647059,0.8918970588235295,0.8926617647058824,0.8854669117647059,0.8870772058823531,0.8574705882352941
1662057958,35,0.7292357142857144,0.7412000000000001,0.7501178571428572,0.7636607142857144,0.7762607142857143,0.7996464285714288,0.801657142857143,0.8300464285714286,0.8402892857142858,0.861532142857143,0.8611892857142859,0.8775000000000002,0.8785464285714287,0.8858428571428573,0.8822250000000001,0.8927857142857144,0.8909928571428574,0.8921250000000002,0.8931535714285715,0.885832142857143,0.8871785714285716,0.8574678571428572
1662057958,36,0.7293402777777779,0.741826388888889,0.750375,0.7639895833333332,0.7761979166666667,0.7991979166666667,0.8014861111111111,0.8302361111111111,0.8403715277777778,0.8614618055555555,0.8612777777777778,0.8775312499999999,0.8785243055555555,0.8859444444444444,0.8822916666666667,0.8928020833333332,0.8913958333333333,0.8924409722222222,0.8933680555555557,0.8860208333333333,0.8873958333333333,0.8576631944444445
1662057958,37,0.7292939189189189,0.7417837837837837,0.7501317567567567,0.7635912162162163,0.7753445945945946,0.798337837837838,0.8008513513513513,0.8296858108108108,0.8400810810810811,0.8608986486486486,0.8607398648648648,0.8771486486486486,0.8780067567567568,0.8858817567567568,0.8818885135135135,0.8928074324324324,0.8914324324324325,0.8925878378378379,0.8933074324324325,0.8862804054054054,0.8878141891891892,0.8577702702702703
1662057958,38,0.7295394736842106,0.7422236842105263,0.7502236842105263,0.763233552631579,0.7750986842105262,0.7979539473684211,0.8002138157894736,0.8295888157894736,0.8399407894736841,0.8606907894736842,0.8606940789473684,0.8773190789473684,0.8783486842105263,0.8859967105263157,0.8821282894736842,0.8934342105263158,0.8918519736842105,0.892641447368421,0.8936447368421052,0.886279605263158,0.8878848684210526,0.8574901315789473
1662057958,39,0.7296474358974359,0.7427083333333334,0.7504519230769231,0.7634326923076924,0.7747019230769232,0.7974391025641027,0.7997724358974361,0.8295833333333335,0.8399647435897436,0.8606185897435898,0.8606730769230772,0.8778301282051284,0.8787916666666669,0.8859967948717951,0.8821987179487182,0.8935352564102566,0.8921025641025642,0.8926025641025642,0.8936891025641026,0.8863141025641028,0.8881794871794872,0.857548076923077
1662057958,40,0.729684375,0.7429656250000001,0.7509781249999998,0.76350625,0.7743,0.7973312499999999,0.7991875,0.8297625000000001,0.840115625,0.8606687500000001,0.8605093749999999,0.87778125,0.878740625,0.8862281249999999,0.882065625,0.8939124999999999,0.892171875,0.8928875,0.893903125,0.886865625,0.8885625,0.8577781250000001
1662057958,41,0.729344512195122,0.7431219512195122,0.7515670731707318,0.7638902439024391,0.7744024390243903,0.7971006097560975,0.7989115853658537,0.8298536585365855,0.8400457317073171,0.8607225609756098,0.860314024390244,0.8777774390243903,0.878798780487805,0.8862103658536585,0.8823353658536587,0.8938871951219514,0.8922804878048782,0.8930030487804879,0.8940091463414636,0.8871219512195123,0.8886646341463416,0.857954268292683
1662057958,42,0.7294345238095239,0.7438125,0.7521488095238096,0.7641458333333334,0.7742916666666667,0.7969642857142858,0.7990892857142857,0.8300803571428573,0.8402559523809525,0.8607351190476191,0.8605238095238096,0.8778988095238096,0.8790386904761905,0.8866279761904763,0.8826934523809525,0.8944375000000001,0.892747023809524,0.8933779761904763,0.8944523809523811,0.8872023809523811,0.8889791666666668,0.858324404761905
1662057958,43,0.7295639534883719,0.7440668604651162,0.7523255813953487,0.7644418604651161,0.7739418604651161,0.7970988372093022,0.7990232558139533,0.8300552325581394,0.8405203488372092,0.8606656976744185,0.8604040697674418,0.8778168604651162,0.8788081395348836,0.8869593023255814,0.8827703488372092,0.894421511627907,0.8929127906976744,0.8937645348837209,0.894578488372093,0.8875319767441859,0.8891860465116279,0.8584389534883721
1662057958,44,0.7293380681818182,0.7446022727272728,0.7526988636363635,0.7646193181818183,0.7739232954545455,0.7969375,0.7990227272727273,0.8303125,0.8404261363636363,0.8607102272727273,0.8603181818181818,0.87784375,0.8788238636363637,0.8871590909090908,0.8830170454545455,0.8948636363636363,0.8931590909090908,0.8940596590909091,0.8950738636363637,0.8879943181818183,0.8895255681818183,0.8587727272727272
1662057958,45,0.7292944444444445,0.7451055555555556,0.7530805555555555,0.7647111111111111,0.7738666666666667,0.796913888888889,0.7991305555555557,0.8306972222222223,0.8405583333333334,0.8609583333333335,0.8605916666666666,0.8780638888888891,0.8790861111111112,0.8875333333333335,0.883402777777778,0.8953333333333335,0.8933750000000001,0.8941555555555557,0.8952861111111112,0.8881722222222224,0.8897194444444446,0.8588472222222224
1662057958,46,0.7293777173913044,0.7455951086956523,0.7534375,0.7647282608695652,0.7737635869565217,0.7966277173913043,0.7990516304347827,0.8309402173913043,0.8405869565217391,0.861,0.860703804347826,0.8780760869565217,0.8792119565217391,0.8875951086956523,0.8835027173913043,0.8955190217391304,0.8935570652173912,0.894546195652174,0.8956385869565218,0.888578804347826,0.8902798913043477,0.858774456521739
1662057958,47,0.7295851063829787,0.7459148936170213,0.7540585106382978,0.7651037234042554,0.7736941489361702,0.7962925531914893,0.7988058510638297,0.8308244680851063,0.8407074468085106,0.8609148936170213,0.8608962765957446,0.878247340425532,0.8792925531914894,0.8877553191489361,0.8835691489361702,0.8957526595744681,0.8939148936170214,0.8950398936170213,0.8957446808510637,0.8889122340425532,0.8906888297872341,0.8590452127659575
1662057958,48,0.729609375,0.7465,0.7545442708333333,0.7653567708333334,0.7740182291666667,0.7962161458333333,0.7988802083333333,0.8308984375,0.8406770833333332,0.8609166666666668,0.8608489583333334,0.8781640625,0.8791588541666667,0.8874114583333333,0.8833619791666666,0.8956510416666666,0.8938984375,0.8949088541666668,0.8955416666666667,0.888984375,0.8905755208333332,0.8590442708333332
1662057958,49,0.7296530612244898,0.7468367346938776,0.7548520408163265,0.765591836734694,0.7739872448979592,0.7959923469387754,0.7988188775510203,0.8311326530612245,0.8407397959183673,0.8611505102040817,0.8608775510204082,0.8783367346938776,0.8793035714285715,0.8876020408163267,0.8832448979591837,0.8956734693877552,0.893783163265306,0.8950382653061225,0.8956403061224489,0.8888239795918368,0.8904540816326532,0.8591632653061224
1662057958,50,0.72948,0.74736,0.7552075,0.7659300000000001,0.7740750000000001,0.7962874999999999,0.7991475,0.8315125000000001,0.8408675000000001,0.8616000000000001,0.8612525000000001,0.878595,0.8796125,0.88768,0.8837075,0.8959975000000001,0.89397,0.8952925,0.89595,0.8890399999999999,0.89059,0.8594125
1662057958,51,0.7295245098039217,0.7476470588235296,0.7555882352941177,0.7662205882352942,0.7739975490196079,0.7960661764705883,0.7989705882352941,0.8315294117647061,0.841014705882353,0.8615759803921569,0.8612916666666668,0.8784779411764707,0.8796421568627452,0.8878602941176473,0.8837524509803923,0.8959313725490199,0.894107843137255,0.8951960784313727,0.896183823529412,0.8890563725490198,0.8906421568627453,0.8592745098039217
1662057958,52,0.729375,0.7479014423076924,0.7560072115384614,0.766122596153846,0.7740865384615384,0.7960024038461538,0.7988942307692307,0.8318149038461539,0.8412067307692307,0.8615216346153846,0.8614086538461538,0.87871875,0.8799254807692307,0.8879927884615383,0.8838269230769231,0.8962307692307693,0.894298076923077,0.8953629807692307,0.8962331730769231,0.8891826923076923,0.8909615384615384,0.8598173076923076
1662057958,53,0.7292617924528302,0.7482358490566037,0.7564882075471698,0.7664882075471698,0.7741533018867925,0.7959716981132076,0.7989457547169811,0.8318962264150943,0.84125,0.8617877358490567,0.8616155660377359,0.8789268867924528,0.8803537735849056,0.8885,0.8840471698113208,0.8965919811320755,0.8946297169811321,0.8954693396226415,0.8965778301886793,0.8895047169811321,0.8911391509433964,0.8600495283018867
1662057958,54,0.7289722222222221,0.7486898148148148,0.7571111111111112,0.7666620370370371,0.774474537037037,0.7961226851851853,0.7991689814814815,0.8323657407407408,0.8417291666666668,0.8620208333333333,0.8619074074074073,0.8791921296296298,0.88075,0.8887129629629631,0.8844930555555556,0.8969074074074074,0.8949675925925926,0.8958078703703705,0.8968263888888889,0.8898634259259258,0.8915509259259261,0.860025462962963
1662057958,55,0.7284818181818182,0.7493022727272727,0.7576113636363636,0.7667863636363637,0.7747045454545455,0.7962045454545454,0.799359090909091,0.8325522727272727,0.8419363636363637,0.8620636363636363,0.8621431818181818,0.8791772727272726,0.8808181818181817,0.8888181818181817,0.8846909090909091,0.8971431818181818,0.8952181818181818,0.8958772727272726,0.896740909090909,0.8899863636363636,0.8917454545454544,0.8601113636363636
1662057958,56,0.7282477678571428,0.7495178571428571,0.7580133928571429,0.7670022321428571,0.7748214285714285,0.7960558035714286,0.7993593750000001,0.8327879464285716,0.8418794642857144,0.8622857142857142,0.8621964285714285,0.879328125,0.8808147321428571,0.8889732142857142,0.8848058035714286,0.8973147321428571,0.8953303571428571,0.8961674107142857,0.8971607142857143,0.8902745535714286,0.8918549107142856,0.860125
1662057958,57,0.7279561403508772,0.7496469298245614,0.7583070175438597,0.7668026315789472,0.7747565789473684,0.7959188596491229,0.7994298245614034,0.8329429824561403,0.841938596491228,0.862375,0.8624561403508771,0.8796052631578948,0.881015350877193,0.8889671052631579,0.884984649122807,0.8975328947368421,0.8955811403508771,0.896186403508772,0.8973815789473684,0.8904671052631579,0.892092105263158,0.8602916666666667
1662057958,58,0.7277025862068965,0.7498362068965517,0.7584849137931035,0.7668793103448277,0.7749547413793103,0.7959655172413793,0.7995646551724137,0.8330517241379309,0.8420150862068965,0.8625021551724137,0.8624396551724137,0.8797952586206896,0.8812543103448277,0.8892909482758621,0.8849978448275861,0.8976659482758621,0.8959267241379311,0.8964181034482758,0.8976681034482759,0.8907176724137931,0.8923469827586207,0.8605086206896552
1662057958,59,0.7274237288135593,0.7501652542372881,0.7588453389830508,0.7670932203389831,0.7750444915254238,0.7960296610169492,0.7997012711864406,0.8332012711864406,0.8422817796610169,0.8630127118644068,0.8628220338983051,0.8802224576271186,0.881718220338983,0.8895338983050847,0.8851949152542372,0.8978665254237287,0.8961080508474576,0.896561440677966,0.8977669491525423,0.8908072033898304,0.8925572033898305,0.8605296610169492
1662057958,60,0.7271583333333334,0.7504437500000001,0.7592291666666667,0.7673479166666667,0.7755583333333333,0.79634375,0.7998645833333332,0.8335,0.8425708333333334,0.8632395833333333,0.8629666666666665,0.8802875,0.8817875,0.8895270833333334,0.8851583333333333,0.8978604166666666,0.8962333333333333,0.8966,0.89766875,0.8908895833333333,0.8926875,0.86065625
1662057958,61,0.727110655737705,0.7506127049180328,0.7596352459016393,0.767375,0.775825819672131,0.7963852459016393,0.799936475409836,0.8335020491803279,0.8426618852459017,0.8630573770491803,0.8629180327868853,0.8804508196721311,0.881719262295082,0.8897479508196722,0.8853012295081967,0.8980204918032787,0.8962684426229508,0.8967725409836066,0.897530737704918,0.890967213114754,0.8926331967213115,0.8605614754098361
1662057958,62,0.7268185483870967,0.7506633064516129,0.7597802419354839,0.7675161290322581,0.7758709677419355,0.7963951612903224,0.7999717741935483,0.8336915322580645,0.842804435483871,0.8631431451612902,0.8629818548387095,0.8805564516129031,0.8818870967741935,0.8899415322580644,0.885586693548387,0.8980947580645161,0.8964435483870968,0.8968306451612903,0.8977600806451612,0.8912298387096773,0.892875,0.8606794354838709
1662057958,63,0.7264742063492062,0.7505079365079363,0.7601071428571429,0.7676607142857143,0.7761488095238096,0.7965714285714287,0.8002202380952382,0.8338452380952381,0.8428948412698414,0.8631587301587303,0.8629027777777779,0.8806408730158731,0.8819841269841271,0.889920634920635,0.8857678571428573,0.8982718253968255,0.8966408730158731,0.8968869047619049,0.8978313492063494,0.8915178571428574,0.8931051587301589,0.8607460317460319
1662057958,64,0.72602734375,0.750525390625,0.76030078125,0.767708984375,0.776232421875,0.79646875,0.8002578125,0.833998046875,0.8428828125,0.863056640625,0.86292578125,0.880787109375,0.882236328125,0.890111328125,0.8856171875,0.898390625,0.896576171875,0.89709375,0.898013671875,0.89173828125,0.893263671875,0.860763671875
1662057958,65,0.7255038461538461,0.7504403846153845,0.7601942307692308,0.7675846153846154,0.7761846153846155,0.7963942307692309,0.8003596153846154,0.8341192307692309,0.8430615384615386,0.863023076923077,0.8629538461538463,0.8809557692307695,0.882494230769231,0.8900807692307694,0.8857884615384617,0.8982903846153848,0.8966576923076925,0.8971615384615386,0.8980634615384617,0.8916596153846156,0.893069230769231,0.8606211538461539
1662057958,66,0.7251969696969697,0.7503068181818181,0.760405303030303,0.7675757575757575,0.7762765151515151,0.7965189393939393,0.8007386363636363,0.8342916666666667,0.843157196969697,0.8632102272727272,0.862939393939394,0.8812102272727272,0.8827670454545454,0.8904791666666666,0.8861439393939394,0.8985530303030302,0.8968181818181817,0.8973124999999998,0.8981893939393939,0.8920246212121212,0.8933636363636364,0.860467803030303
1662057958,67,0.7248880597014925,0.7504067164179105,0.760580223880597,0.7676194029850747,0.7764570895522388,0.7968246268656717,0.8011287313432836,0.8346828358208954,0.8433731343283583,0.8635951492537313,0.8632089552238806,0.8814179104477612,0.8830559701492537,0.8907705223880596,0.8864720149253731,0.8988414179104477,0.8970503731343283,0.8974944029850747,0.8984179104477612,0.8922052238805971,0.8936623134328359,0.8604962686567165
1662057958,68,0.7244963235294117,0.7506176470588235,0.7609926470588235,0.7676911764705883,0.7767610294117646,0.7971360294117646,0.8013860294117647,0.8347830882352941,0.8436158088235294,0.8637849264705882,0.86334375,0.8814797794117646,0.8831856617647058,0.8909742647058824,0.8866691176470588,0.8989779411764705,0.8972518382352941,0.8975514705882354,0.8984816176470588,0.8922536764705883,0.8938143382352941,0.8606966911764705
1662057958,69,0.7241884057971015,0.750572463768116,0.7610489130434782,0.7677807971014492,0.7770851449275362,0.7972916666666667,0.8014891304347826,0.8350271739130435,0.8437463768115943,0.8641702898550725,0.8636467391304348,0.8815778985507248,0.883302536231884,0.8911394927536233,0.8867971014492754,0.8991576086956522,0.8973713768115943,0.8977300724637681,0.8985398550724637,0.8924619565217391,0.8939184782608695,0.8605996376811595
1662057958,70,0.7238142857142857,0.7505303571428572,0.7612464285714287,0.7679142857142858,0.7774249999999999,0.7974142857142859,0.8015321428571428,0.8353125000000002,0.8439482142857143,0.8643160714285716,0.8638232142857144,0.8819017857142859,0.8835357142857144,0.8914142857142859,0.887044642857143,0.8995678571428573,0.8978214285714288,0.8979250000000001,0.8989017857142859,0.8924464285714288,0.8939607142857144,0.8606053571428574
1662057958,71,0.7235721830985915,0.7506021126760564,0.7615334507042254,0.7681971830985915,0.7778767605633804,0.7975845070422536,0.8018591549295775,0.8354859154929577,0.8441408450704225,0.8645,0.8640017605633802,0.882218309859155,0.8838573943661973,0.8917447183098591,0.8873538732394366,0.8998820422535212,0.8980158450704225,0.8981179577464787,0.899169014084507,0.8926461267605633,0.8941478873239437,0.8606936619718311
1662057958,72,0.723248263888889,0.7506875,0.7617013888888889,0.7684010416666667,0.778032986111111,0.7977552083333334,0.8019635416666667,0.8358003472222222,0.8442326388888889,0.8646666666666667,0.8640503472222222,0.8824826388888889,0.8840989583333333,0.8918385416666668,0.8876684027777778,0.9000920138888889,0.89821875,0.8983420138888889,0.8994427083333334,0.8928385416666667,0.8944010416666668,0.8607239583333333
1662057958,73,0.7228099315068492,0.7507979452054795,0.7618595890410959,0.7684280821917807,0.7782465753424658,0.7978784246575342,0.8021712328767123,0.8360222602739725,0.8441986301369863,0.8647414383561642,0.8643270547945205,0.8825239726027396,0.8842380136986301,0.8918356164383562,0.8876660958904109,0.9003304794520548,0.8984212328767124,0.8984041095890412,0.8994417808219177,0.8928356164383561,0.8942945205479451,0.8607414383561643
1662057958,74,0.722454391891892,0.7506942567567567,0.7620675675675677,0.7684527027027027,0.7786587837837837,0.7980557432432432,0.8023952702702702,0.8361841216216217,0.844400337837838,0.8649324324324325,0.864554054054054,0.8828074324324325,0.8845135135135136,0.892018581081081,0.8877449324324325,0.9005236486486486,0.8986097972972973,0.8986638513513514,0.8997601351351352,0.8931030405405407,0.8944543918918919,0.8606925675675675
1662057958,75,0.72209,0.7506066666666666,0.7621066666666667,0.7684216666666667,0.7787950000000001,0.7981849999999999,0.8025516666666668,0.8363016666666666,0.8444200000000001,0.8650699999999999,0.8646133333333333,0.883085,0.88471,0.892115,0.8878583333333333,0.9006233333333333,0.8987833333333333,0.8987816666666667,0.8998383333333334,0.8929933333333333,0.8944466666666667,0.8607283333333332
1662057958,76,0.7215592105263159,0.7507072368421052,0.76215625,0.7683996710526316,0.7789884868421052,0.7983322368421052,0.8027763157894737,0.8366069078947369,0.8445838815789474,0.8652220394736841,0.8648536184210527,0.8832434210526314,0.885139802631579,0.8922713815789474,0.888064144736842,0.9008881578947369,0.898970394736842,0.898828947368421,0.9000559210526315,0.893092105263158,0.894641447368421,0.86071875
1662057958,77,0.72125,0.7508506493506493,0.762060064935065,0.7684204545454545,0.7792808441558441,0.798474025974026,0.8031185064935065,0.8368262987012987,0.8446444805194805,0.8653376623376623,0.8649318181818181,0.8835357142857142,0.8853068181818181,0.8926347402597402,0.8884090909090909,0.9011607142857142,0.8992321428571428,0.8989318181818181,0.9002175324675324,0.8933425324675324,0.8949431818181818,0.8607759740259741
1662057958,78,0.7209294871794871,0.7508365384615385,0.7620560897435897,0.7684166666666667,0.7794407051282052,0.7987467948717949,0.8033766025641026,0.8372548076923079,0.8447916666666667,0.865482371794872,0.8649823717948719,0.8837227564102565,0.8854775641025642,0.8927660256410259,0.8886698717948719,0.9012916666666668,0.8993605769230771,0.8989439102564104,0.9002500000000001,0.893357371794872,0.8948798076923079,0.8607435897435899
1662057958,79,0.7205949367088608,0.75075,0.7621962025316456,0.768387658227848,0.7796613924050634,0.7989145569620253,0.8036075949367087,0.8374636075949367,0.8449382911392403,0.8656946202531645,0.8651186708860759,0.8839414556962024,0.8856930379746835,0.8928354430379746,0.8887199367088606,0.9013306962025315,0.8994731012658226,0.899007911392405,0.9001914556962024,0.8933639240506328,0.8949319620253163,0.8606503164556961
1662057958,80,0.7204296875,0.750828125,0.7623828125,0.7684828125000001,0.7799671874999999,0.7993468749999999,0.8040484375,0.8377625000000001,0.8449765625,0.8656921875000001,0.865171875,0.8841046874999999,0.8858781250000001,0.8930296875,0.8888640625,0.9014343749999999,0.8997484375,0.899059375,0.9002609374999999,0.893609375,0.8951125,0.8607859375000001
1662057958,81,0.7200200617283952,0.7507515432098766,0.7624367283950617,0.768375,0.7801527777777778,0.7996913580246915,0.8042638888888889,0.8380123456790123,0.8452391975308642,0.8659228395061728,0.8652021604938273,0.884408950617284,0.886158950617284,0.8930632716049384,0.8889938271604938,0.9016527777777779,0.8998348765432098,0.8992206790123457,0.9001882716049383,0.8935092592592593,0.8951188271604938,0.860753086419753
1662057958,82,0.7197378048780488,0.7506981707317073,0.7625411585365852,0.7684756097560976,0.7804268292682928,0.7998780487804878,0.8046524390243903,0.838236280487805,0.8453948170731708,0.8659009146341464,0.8652576219512196,0.8844588414634147,0.886298780487805,0.8931341463414635,0.889125,0.9017454268292684,0.8999756097560976,0.8993064024390244,0.9002256097560976,0.8936234756097562,0.8952240853658536,0.8606935975609757
1662057958,83,0.7195,0.750722891566265,0.7628644578313253,0.7686581325301204,0.7807605421686746,0.8002590361445782,0.8049533132530121,0.8385165662650602,0.8455963855421688,0.8659623493975903,0.8653780120481928,0.8845632530120481,0.8863689759036144,0.8933795180722891,0.8892454819277108,0.9018509036144579,0.9000692771084337,0.8994969879518071,0.900421686746988,0.8936837349397591,0.8953102409638555,0.8606310240963856
1662057958,84,0.7191547619047619,0.7504717261904762,0.7630892857142858,0.7687574404761905,0.7810714285714285,0.8005803571428571,0.8053035714285715,0.8387872023809523,0.8457098214285714,0.8661830357142858,0.8655178571428571,0.884703869047619,0.8864196428571428,0.8935372023809522,0.8892946428571429,0.9021130952380951,0.9003095238095238,0.8996086309523809,0.9006443452380952,0.8937946428571429,0.8953333333333332,0.8606190476190477
1662057958,85,0.7189308823529411,0.7504102941176471,0.7632220588235294,0.7689058823529412,0.7814573529411766,0.801010294117647,0.8056117647058825,0.839004411764706,0.8459352941176471,0.866360294117647,0.8656661764705883,0.8848426470588235,0.8866397058823531,0.8936735294117649,0.8894367647058825,0.9021750000000002,0.9004264705882354,0.8996470588235296,0.9006220588235295,0.8939176470588237,0.8953161764705883,0.8605529411764707
1662057958,86,0.7186017441860465,0.7503459302325582,0.7634636627906978,0.7690843023255813,0.7817427325581395,0.8013168604651163,0.8058997093023256,0.8392848837209302,0.8461133720930234,0.866450581395349,0.8657252906976743,0.8849447674418606,0.8867209302325582,0.8935683139534883,0.8895203488372094,0.9021947674418606,0.9004622093023256,0.8996337209302326,0.900703488372093,0.8938502906976746,0.8952616279069768,0.8604418604651164
1662057958,87,0.7183577586206897,0.7502140804597701,0.7635258620689656,0.7690675287356321,0.7819899425287355,0.8014971264367816,0.8062385057471265,0.8396451149425287,0.8464123563218391,0.8666537356321838,0.8659770114942528,0.8851566091954022,0.8870057471264368,0.8936508620689655,0.8897571839080459,0.9024525862068965,0.9005718390804598,0.8997600574712643,0.9008103448275863,0.8940675287356321,0.8954899425287356,0.8604295977011495
1662057958,88,0.7181946022727272,0.750109375,0.7636548295454545,0.7692485795454546,0.782265625,0.8016576704545455,0.8065085227272728,0.839859375,0.8466164772727273,0.8668664772727273,0.8661306818181818,0.885455965909091,0.8871519886363637,0.8938721590909091,0.8899090909090909,0.9025866477272727,0.9007784090909091,0.899887784090909,0.900924715909091,0.8941505681818182,0.8956463068181818,0.8603380681818182
1662057958,89,0.7179648876404494,0.7500842696629213,0.7637724719101123,0.7693890449438202,0.7826418539325842,0.8019789325842697,0.8067780898876403,0.8400941011235956,0.8467935393258427,0.8670196629213482,0.8662598314606742,0.8856488764044943,0.8874410112359551,0.8940786516853932,0.8900589887640449,0.9027078651685392,0.9009691011235955,0.8999073033707865,0.9010042134831461,0.8943469101123596,0.895685393258427,0.8603918539325842
1662057958,90,0.7178430555555556,0.7501319444444444,0.7639861111111113,0.7695277777777778,0.7830027777777777,0.8021972222222223,0.8069861111111112,0.8403083333333334,0.8469458333333334,0.8672472222222223,0.8664583333333333,0.8858680555555558,0.8877319444444446,0.8943694444444447,0.8903472222222224,0.9029222222222223,0.9010750000000002,0.9000527777777779,0.9011902777777779,0.8945763888888891,0.8957791666666668,0.8604555555555556
1662057958,91,0.7175851648351649,0.7499656593406594,0.7641263736263736,0.7696634615384617,0.7834354395604396,0.8024354395604396,0.8072637362637363,0.8405521978021979,0.8471717032967035,0.8674079670329672,0.8664890109890111,0.886078296703297,0.8879436813186815,0.8945467032967034,0.8904271978021979,0.9029807692307694,0.9011758241758243,0.9000590659340661,0.9011208791208793,0.8945467032967035,0.8957980769230771,0.8604134615384617
1662057958,92,0.7173682065217392,0.7498464673913043,0.7641263586956523,0.7697296195652175,0.7837173913043478,0.8026494565217391,0.8074823369565217,0.8407255434782609,0.8472717391304349,0.8674551630434784,0.8663505434782609,0.8862133152173913,0.888172554347826,0.8947364130434783,0.8905747282608695,0.9030910326086957,0.9013654891304348,0.9000652173913043,0.9012146739130436,0.8945489130434783,0.8958763586956523,0.8604076086956522
1662057958,93,0.7170604838709678,0.7499099462365592,0.764225806451613,0.7697150537634408,0.7840819892473119,0.8028239247311828,0.8076263440860214,0.8408655913978493,0.847383064516129,0.8675336021505375,0.8664905913978495,0.8864610215053762,0.8883400537634409,0.8948938172043011,0.8908158602150535,0.9032916666666665,0.9015416666666665,0.9002069892473118,0.9013897849462364,0.8947284946236558,0.8960537634408602,0.8604919354838709
1662057958,94,0.7167260638297872,0.7498390957446809,0.7642739361702128,0.7698071808510638,0.7844428191489362,0.8030877659574469,0.8079095744680851,0.8411954787234042,0.8476848404255319,0.867718085106383,0.8667659574468085,0.8868577127659575,0.8887140957446809,0.8951103723404256,0.8912034574468084,0.9036954787234042,0.9019494680851065,0.9006343085106382,0.901780585106383,0.8950172872340427,0.8964162234042553,0.8605864361702128
1662057958,95,0.7163131578947368,0.7498526315789473,0.7644052631578947,0.769821052631579,0.7847236842105263,0.8033763157894737,0.8081210526315789,0.8414842105263158,0.8479526315789474,0.8679302631578947,0.8668973684210527,0.8871973684210527,0.8890750000000001,0.8952855263157894,0.8914513157894737,0.9039013157894736,0.9022578947368421,0.9008144736842105,0.9019802631578948,0.8950526315789473,0.8964671052631579,0.8607342105263158
1662057958,96,0.7158763020833334,0.7498255208333332,0.76447265625,0.7698294270833332,0.7850325520833332,0.8037239583333332,0.8083723958333333,0.84159765625,0.84810546875,0.86800390625,0.86698828125,0.887390625,0.88923828125,0.8954622395833334,0.8916067708333334,0.9041861979166668,0.9025325520833333,0.9009505208333334,0.90209375,0.8951848958333333,0.8965104166666666,0.8607278645833334
1662057958,97,0.7156778350515464,0.7498144329896907,0.7645167525773197,0.7698157216494845,0.7853041237113403,0.8040309278350517,0.8086791237113402,0.8419201030927836,0.8483466494845362,0.8680734536082475,0.8671288659793817,0.8875708762886599,0.8894407216494846,0.8954793814432992,0.8918698453608249,0.9043621134020621,0.9025889175257733,0.9010979381443301,0.9021456185567013,0.89532087628866,0.8966404639175259,0.8606301546391754
1662057958,98,0.7154821428571428,0.7498176020408163,0.764595663265306,0.7698660714285714,0.7857219387755102,0.8042346938775511,0.8088801020408164,0.8421530612244899,0.8484451530612246,0.8682614795918367,0.8673609693877552,0.8878137755102041,0.8896989795918367,0.8958392857142857,0.892141581632653,0.9047461734693877,0.9028928571428572,0.9012155612244899,0.9023010204081634,0.8953801020408163,0.8967104591836735,0.8606658163265306
1662057958,99,0.7152676767676767,0.7498383838383839,0.7645744949494949,0.7699280303030303,0.7860618686868686,0.8045101010101009,0.809125,0.842409090909091,0.8486300505050505,0.8683964646464647,0.8674154040404041,0.8879027777777777,0.8899090909090909,0.8960037878787879,0.8922777777777778,0.9048080808080808,0.9030391414141414,0.9011628787878787,0.9022209595959596,0.8955593434343434,0.8967588383838383,0.8607436868686869
1662057958,100,0.7149275,0.7498524999999999,0.7644475,0.7698462500000001,0.78628,0.8046375,0.8092075,0.84263125,0.8487475,0.86853,0.8675625,0.88818,0.8901725,0.89613125,0.8925150000000001,0.90506,0.90330125,0.90130625,0.90244875,0.89565375,0.89695,0.8607724999999999
1662057958,101,0.7147091584158416,0.7499059405940595,0.764476485148515,0.7698551980198021,0.7866868811881188,0.8049987623762377,0.8095049504950496,0.8428886138613861,0.8489517326732674,0.8688465346534654,0.8678700495049505,0.8883948019801982,0.89040099009901,0.8963650990099011,0.8928477722772277,0.9052772277227724,0.9034975247524754,0.9015445544554457,0.9027524752475249,0.8958502475247526,0.897091584158416,0.860930693069307
1662057958,102,0.7144080882352941,0.7498419117647058,0.7644252450980392,0.7697463235294119,0.7869448529411766,0.8051997549019609,0.8097352941176472,0.8430306372549021,0.8491004901960786,0.868904411764706,0.8679693627450983,0.8885379901960787,0.8905796568627452,0.8963921568627452,0.8928921568627451,0.9053186274509806,0.90346568627451,0.9017022058823532,0.9028860294117649,0.8959718137254904,0.8972181372549021,0.8607843137254902
1662057958,103,0.7141856796116505,0.7498009708737864,0.7644733009708737,0.7697682038834951,0.7872220873786407,0.8053944174757282,0.8099296116504854,0.8431699029126214,0.8491905339805824,0.8690461165048543,0.8680655339805826,0.8886953883495146,0.8907754854368932,0.8965740291262136,0.8929830097087378,0.9053956310679612,0.9036723300970873,0.9017706310679612,0.9029939320388349,0.8960109223300969,0.8974004854368932,0.8607754854368932
1662057958,104,0.7139194711538462,0.7497043269230769,0.7644627403846154,0.7696129807692307,0.7874122596153845,0.8056514423076923,0.8101274038461538,0.8433713942307692,0.8492548076923077,0.8692475961538462,0.8681754807692307,0.8888401442307693,0.89090625,0.8966670673076924,0.8930649038461538,0.9055060096153845,0.9039146634615384,0.9018990384615385,0.9031346153846155,0.8960973557692309,0.8974879807692308,0.8608040865384614
1662057958,105,0.7137440476190478,0.7497511904761905,0.7644785714285716,0.7695964285714286,0.7878083333333333,0.8060130952380953,0.8104630952380953,0.8437285714285715,0.8495416666666668,0.8693642857142859,0.868382142857143,0.889107142857143,0.8910833333333334,0.8967583333333334,0.8932261904761906,0.9057714285714287,0.9041059523809526,0.9020380952380954,0.9032607142857143,0.8962928571428573,0.8975523809523811,0.8608642857142859
1662057958,106,0.7135,0.7497193396226416,0.7645955188679245,0.7696143867924529,0.7881132075471698,0.8063608490566038,0.8107629716981133,0.8439775943396227,0.8498384433962265,0.8696096698113207,0.8686073113207546,0.8894882075471698,0.8915247641509434,0.8970731132075472,0.8935400943396228,0.9060424528301887,0.9044009433962265,0.9022311320754718,0.903438679245283,0.8964009433962264,0.8977252358490566,0.8609469339622642
1662057958,107,0.7132792056074766,0.7497721962616822,0.7646904205607477,0.7697324766355141,0.788375,0.8066647196261683,0.8111109813084112,0.844338785046729,0.8501214953271028,0.8698469626168225,0.8687768691588785,0.8898142523364486,0.8918084112149532,0.8972231308411215,0.8937044392523364,0.9062978971962616,0.9046355140186916,0.9025362149532711,0.9037838785046729,0.8965992990654205,0.8978457943925234,0.8610724299065421
1662057958,108,0.7130104166666668,0.7496747685185184,0.7646944444444445,0.7697546296296296,0.7888900462962963,0.8069675925925927,0.8113391203703704,0.8445740740740741,0.8503182870370369,0.8700439814814815,0.8688854166666666,0.8900300925925926,0.8919930555555555,0.8974490740740741,0.8939375,0.9065358796296297,0.9048541666666667,0.9026805555555557,0.9038368055555556,0.8966736111111111,0.8979606481481481,0.8610914351851853
1662057958,109,0.7127568807339449,0.7495871559633028,0.7646811926605506,0.769868119266055,0.7891949541284403,0.8072511467889908,0.8116536697247707,0.8448807339449541,0.8505355504587157,0.8701123853211009,0.8690791284403669,0.8902282110091744,0.8922557339449543,0.897631880733945,0.8941594036697247,0.9067247706422017,0.9050447247706422,0.902829128440367,0.9039231651376146,0.8967821100917431,0.8980905963302753,0.8611697247706422
1662057958,110,0.7125079545454546,0.7495499999999999,0.7647534090909092,0.7699272727272728,0.7894647727272727,0.8074318181818181,0.8118102272727271,0.8450284090909091,0.8506784090909091,0.8702590909090909,0.8690579545454545,0.8903954545454545,0.8924011363636364,0.8976863636363636,0.8943420454545454,0.9067829545454544,0.9052511363636363,0.9029534090909089,0.9040602272727272,0.8969715909090908,0.8981829545454546,0.8611818181818182
1662057958,111,0.7122308558558559,0.7494042792792793,0.7649020270270271,0.7699966216216216,0.7897826576576576,0.8076576576576576,0.812,0.8452004504504504,0.8508051801801801,0.8703704954954956,0.8691655405405406,0.8905799549549549,0.8925574324324324,0.8977792792792794,0.8944797297297298,0.9069583333333334,0.9053772522522522,0.9029527027027027,0.9042105855855858,0.8970011261261261,0.8981441441441441,0.8610934684684685
1662057958,112,0.7119084821428571,0.7493694196428571,0.7649821428571429,0.7700736607142856,0.7900502232142858,0.8078102678571429,0.8121785714285713,0.8454107142857143,0.8509375,0.8703861607142857,0.8691618303571428,0.8907220982142857,0.8927522321428571,0.8979118303571428,0.8944263392857142,0.9071037946428571,0.9055357142857143,0.9030401785714286,0.9044162946428571,0.8970613839285714,0.8982410714285715,0.861171875
1662057958,113,0.7115774336283185,0.7491991150442477,0.7650685840707964,0.7701161504424778,0.7902986725663715,0.8079800884955752,0.8124325221238938,0.8456438053097345,0.8510973451327433,0.8705176991150443,0.8693053097345133,0.8909369469026549,0.8929778761061947,0.8980807522123894,0.8946393805309735,0.9073130530973451,0.905679203539823,0.9031349557522124,0.904445796460177,0.8971050884955752,0.8982212389380531,0.8611659292035398
1662057958,114,0.7113947368421052,0.7491173245614035,0.7652423245614034,0.7701008771929825,0.7906173245614034,0.8081337719298245,0.8126206140350877,0.8457872807017546,0.8511820175438597,0.8705482456140351,0.8692883771929824,0.8909649122807017,0.8930767543859649,0.8982203947368421,0.8948355263157896,0.9075065789473685,0.9058377192982456,0.9032280701754387,0.9044989035087719,0.8973048245614035,0.8983804824561402,0.8610657894736843
1662057958,115,0.7111228260869564,0.74905,0.7652576086956522,0.7701913043478261,0.7909326086956521,0.8084173913043478,0.8129597826086956,0.8460934782608696,0.851520652173913,0.870713043478261,0.8694500000000001,0.8911043478260869,0.8932956521739132,0.8984119565217391,0.8950152173913043,0.9077000000000001,0.906083695652174,0.9033684782608695,0.9046021739130434,0.8974358695652174,0.8984771739130435,0.861195652173913
1662057958,116,0.7108663793103449,0.7489159482758619,0.7652564655172414,0.770219827586207,0.7911627155172414,0.8086357758620689,0.8132209051724139,0.8461993534482758,0.8516325431034483,0.8706821120689656,0.869498922413793,0.8912790948275863,0.8934892241379312,0.8985237068965517,0.8951842672413793,0.9078890086206896,0.9063038793103448,0.9034784482758621,0.9047596982758621,0.897582974137931,0.8985959051724137,0.8612338362068966
1662057958,117,0.7107179487179487,0.7489850427350427,0.7652735042735044,0.7702916666666667,0.791505341880342,0.8088707264957267,0.8135918803418805,0.8464444444444446,0.8517329059829061,0.8708119658119661,0.8696004273504275,0.8914166666666669,0.8936410256410259,0.8987414529914531,0.8953600427350429,0.9080630341880344,0.9064497863247865,0.9035950854700857,0.9049935897435898,0.8977382478632481,0.8987542735042736,0.8612019230769232
1662057958,118,0.710593220338983,0.748916313559322,0.7653103813559321,0.7703644067796611,0.7917468220338983,0.8090349576271186,0.8138093220338983,0.846530720338983,0.851833686440678,0.8710127118644068,0.8696832627118644,0.8916313559322034,0.8938093220338983,0.8989099576271186,0.895541313559322,0.9082203389830509,0.9065932203389829,0.9036906779661017,0.9050603813559321,0.8977351694915254,0.8987616525423727,0.8612489406779662
1662057958,119,0.7103949579831933,0.7488802521008404,0.7654747899159664,0.7703781512605041,0.7921323529411765,0.8092310924369749,0.8140441176470589,0.8466250000000001,0.8519527310924371,0.8710168067226891,0.8697668067226891,0.8917783613445379,0.8940031512605044,0.898904411764706,0.8956502100840337,0.9083403361344539,0.9067289915966388,0.9037521008403363,0.9051449579831934,0.8977867647058825,0.8987825630252103,0.8611743697478993
1662057958,120,0.7100958333333333,0.7487593750000001,0.7654270833333332,0.7703562500000001,0.7923270833333333,0.8094447916666667,0.8142520833333333,0.8467677083333333,0.8520541666666666,0.8711364583333334,0.8698968749999999,0.8920322916666666,0.8942677083333334,0.8991552083333334,0.8958854166666668,0.9085989583333333,0.9070031249999999,0.9038770833333333,0.9053760416666666,0.8979302083333334,0.8989041666666667,0.8611489583333334
1662057958,121,0.7098047520661157,0.7485919421487603,0.7653254132231404,0.7703068181818181,0.7923904958677686,0.8095867768595042,0.8143853305785124,0.8468543388429752,0.8521363636363637,0.8711188016528926,0.8699958677685949,0.892164256198347,0.8943512396694215,0.8992479338842975,0.8960485537190083,0.9086322314049587,0.9070578512396694,0.9040371900826446,0.9054369834710743,0.8979276859504132,0.898849173553719,0.8611384297520661
1662057958,122,0.7096014344262295,0.748560450819672,0.7653206967213114,0.7704426229508197,0.7927161885245901,0.8097315573770492,0.8146219262295081,0.8469795081967213,0.8523043032786887,0.8712766393442624,0.870107581967213,0.8923729508196722,0.8945799180327869,0.8993268442622951,0.896155737704918,0.9087622950819673,0.907170081967213,0.9040563524590164,0.905406762295082,0.8979948770491804,0.8988647540983606,0.8610860655737705
1662057958,123,0.7093871951219513,0.7484542682926828,0.7653658536585365,0.770489837398374,0.7928628048780488,0.809918699186992,0.8148567073170732,0.84707418699187,0.8523658536585366,0.8714268292682926,0.8701971544715448,0.8925132113821138,0.894673780487805,0.8994664634146342,0.89632418699187,0.908854674796748,0.9073221544715447,0.9041432926829268,0.9054451219512195,0.8979766260162602,0.8989197154471544,0.8609908536585366
1662057958,124,0.7091280241935484,0.7485120967741936,0.7654173387096773,0.7704969758064516,0.7931451612903225,0.8101320564516129,0.8151471774193548,0.8473417338709678,0.8526391129032258,0.8715131048387097,0.8703719758064516,0.8928054435483872,0.8949274193548388,0.8996592741935484,0.8964264112903225,0.9090191532258064,0.9075030241935483,0.9042721774193548,0.9055423387096775,0.8980776209677419,0.899023185483871,0.8609747983870967
1662057958,125,0.7089719999999999,0.7484670000000001,0.76548,0.7704500000000001,0.7933640000000001,0.8102720000000001,0.8153810000000001,0.8475640000000001,0.852713,0.871585,0.8704530000000001,0.8929470000000002,0.895091,0.8997240000000002,0.896556,0.9091370000000001,0.9075650000000001,0.904394,0.9056380000000002,0.8981370000000001,0.899057,0.8610050000000001
1662057958,126,0.708766865079365,0.748265873015873,0.7654900793650794,0.7704444444444444,0.7935039682539684,0.8104305555555557,0.8155486111111112,0.8477916666666667,0.8528373015873016,0.8717093253968256,0.8705734126984128,0.8930178571428573,0.8952232142857145,0.8998293650793653,0.8967242063492065,0.9093005952380954,0.9076507936507937,0.9045039682539684,0.905731150793651,0.898108134920635,0.899027777777778,0.8609255952380954
1662057958,127,0.7085305118110237,0.7480885826771655,0.7654124015748032,0.7703986220472443,0.793581692913386,0.8105314960629924,0.8157696850393702,0.847839566929134,0.8527962598425198,0.8717332677165356,0.8705826771653544,0.893109251968504,0.8953562992125985,0.8999192913385827,0.8967785433070867,0.9093326771653544,0.9076948818897638,0.9045521653543308,0.9058444881889764,0.8981003937007874,0.8990334645669292,0.8608907480314961
1662057958,128,0.70826171875,0.74801171875,0.765375,0.7704375,0.7937236328125,0.8106142578125,0.8159609375,0.8478291015625,0.852802734375,0.871841796875,0.8705927734375,0.8932529296875,0.8954970703125,0.900046875,0.897005859375,0.9094150390625,0.9078662109375,0.90462109375,0.905958984375,0.8980703125,0.8990888671875,0.860865234375
1662057958,129,0.7080658914728681,0.7480193798449611,0.7653982558139534,0.7704447674418603,0.7940145348837209,0.8108527131782943,0.8162093023255813,0.8480116279069766,0.8529496124031006,0.8719418604651161,0.8707490310077519,0.8934641472868216,0.8957422480620154,0.90021996124031,0.8971879844961239,0.9095901162790697,0.9080271317829456,0.9047674418604651,0.9060358527131782,0.898205426356589,0.8991656976744187,0.8608498062015503
1662057958,130,0.7077913461538462,0.7479653846153846,0.7653442307692309,0.7704057692307692,0.7942490384615385,0.810958653846154,0.8164144230769231,0.8481913461538462,0.8530394230769232,0.8721028846153847,0.8708528846153847,0.8936000000000002,0.895821153846154,0.9003259615384617,0.8973346153846155,0.9096769230769233,0.9081990384615385,0.9048028846153847,0.906173076923077,0.8982788461538463,0.8992288461538462,0.8607884615384617
1662057958,131,0.7074837786259544,0.7478377862595421,0.7652604961832061,0.7703931297709924,0.7944914122137404,0.8111345419847328,0.8166106870229007,0.8483062977099237,0.853125,0.8722719465648854,0.8709933206106871,0.8937146946564886,0.8959828244274809,0.9004093511450382,0.8974818702290076,0.9098120229007634,0.9082872137404581,0.9048158396946565,0.9062671755725191,0.8983291984732825,0.8991851145038168,0.8606631679389314
1662057958,132,0.7072878787878788,0.7477727272727273,0.7651429924242424,0.7704251893939393,0.7947035984848485,0.811377840909091,0.8167774621212122,0.8484611742424243,0.853217803030303,0.8724223484848485,0.8711524621212121,0.8938958333333332,0.8962244318181819,0.9006515151515152,0.897655303030303,0.9099895833333334,0.9084535984848485,0.904938446969697,0.9063636363636364,0.8984772727272727,0.8992433712121212,0.8607632575757577
1662057958,133,0.7069915413533835,0.7476203007518797,0.7650413533834586,0.7703900375939849,0.7948665413533833,0.8114746240601503,0.8169990601503759,0.8485695488721805,0.8532387218045112,0.8724501879699249,0.8712575187969924,0.8940648496240601,0.8963515037593984,0.9006832706766917,0.8977904135338346,0.9101015037593984,0.9085676691729323,0.9049896616541353,0.9064276315789473,0.8985601503759396,0.8992772556390978,0.8607114661654134
1662057958,134,0.7067854477611941,0.7475643656716418,0.7650121268656717,0.7704384328358209,0.7951585820895523,0.8116501865671641,0.817169776119403,0.8486595149253732,0.8533460820895523,0.8725391791044776,0.8713097014925373,0.8941772388059701,0.8964151119402984,0.9007966417910448,0.8979589552238806,0.9102910447761194,0.9087798507462687,0.9051044776119401,0.9064477611940298,0.8986352611940299,0.8993628731343284,0.860705223880597
1662057958,135,0.7065824074074073,0.747487037037037,0.7650185185185184,0.7705324074074074,0.7954675925925926,0.8118472222222222,0.8174129629629628,0.8488694444444445,0.8533972222222224,0.8725611111111111,0.8713898148148148,0.8943314814814814,0.8965518518518519,0.9009101851851852,0.8981703703703704,0.910425,0.9088666666666667,0.9051796296296296,0.9064722222222221,0.8986518518518519,0.8993648148148148,0.8606564814814814
1662057958,136,0.7062876838235294,0.7473759191176471,0.7649338235294117,0.770515625,0.7956608455882352,0.8119898897058825,0.8175606617647059,0.848967830882353,0.8534503676470588,0.8726580882352941,0.8714889705882353,0.8944613970588235,0.8966709558823529,0.9009172794117648,0.8982527573529412,0.9105818014705883,0.9090441176470588,0.9052251838235295,0.9065827205882353,0.8986911764705883,0.8994154411764705,0.8606424632352941
1662057958,137,0.7059790145985402,0.7472135036496351,0.7647883211678833,0.7705082116788321,0.7958886861313869,0.812131386861314,0.817823905109489,0.8491040145985401,0.8535410583941606,0.8727846715328467,0.8715775547445255,0.8946514598540145,0.8968996350364963,0.9010200729927008,0.8983695255474453,0.9107463503649635,0.9092855839416059,0.9052892335766424,0.9066916058394161,0.8987007299270073,0.8994306569343066,0.8606049270072993
1662057958,138,0.7056739130434783,0.7471766304347827,0.764758152173913,0.7706105072463768,0.7961594202898551,0.8123596014492753,0.8180978260869565,0.8491965579710145,0.8535878623188407,0.8728523550724637,0.871588768115942,0.8947173913043479,0.8970570652173913,0.9011603260869565,0.8984664855072463,0.9108922101449275,0.909498188405797,0.9054275362318841,0.9067635869565217,0.898830615942029,0.8995643115942029,0.8604855072463767
1662057958,139,0.7053678057553957,0.7469982014388489,0.7646744604316547,0.770638489208633,0.7964811151079136,0.8124820143884892,0.8183165467625899,0.8493030575539569,0.8536627697841728,0.8728848920863309,0.871658273381295,0.8948138489208634,0.8972095323741007,0.9013201438848921,0.8986762589928058,0.9110935251798561,0.9097095323741007,0.9054379496402877,0.9068345323741007,0.8988794964028778,0.8996879496402878,0.8604559352517985
1662057958,140,0.7051142857142857,0.7468499999999999,0.7646392857142857,0.7705991071428571,0.7967196428571428,0.8126500000000001,0.8185089285714284,0.8493535714285715,0.8536901785714285,0.8729044642857143,0.8716964285714286,0.894936607142857,0.8972482142857143,0.9013178571428571,0.8986669642857142,0.9111571428571429,0.9096910714285714,0.9055366071428571,0.906867857142857,0.8988946428571428,0.8996508928571428,0.8602955357142857
1662057958,141,0.7048918439716313,0.7467553191489361,0.7645797872340425,0.770627659574468,0.796950354609929,0.8127420212765958,0.8186445035460993,0.8494352836879432,0.8537269503546099,0.8729654255319149,0.8717615248226951,0.8950957446808511,0.897383865248227,0.9014556737588653,0.898802304964539,0.9112978723404256,0.9098386524822695,0.905645390070922,0.9069556737588652,0.8989707446808511,0.899697695035461,0.8602987588652481
1662057958,142,0.7047667253521126,0.7467165492957747,0.7645669014084507,0.7706954225352113,0.7972156690140846,0.8128934859154928,0.8189251760563381,0.8496725352112676,0.8539375,0.8731487676056338,0.8718573943661972,0.8952711267605634,0.8976241197183099,0.9015695422535212,0.8990792253521126,0.9115035211267606,0.9100528169014085,0.9057931338028168,0.9071470070422536,0.8990801056338028,0.899844190140845,0.8602051056338028
1662057958,143,0.7045847902097903,0.7466083916083917,0.7644152097902098,0.7706739510489511,0.7974685314685314,0.8130314685314685,0.819117132867133,0.8497316433566433,0.853979020979021,0.8732036713286714,0.8718854895104894,0.89538986013986,0.8977805944055944,0.9016765734265735,0.8992683566433566,0.9115786713286712,0.910187062937063,0.9058688811188811,0.9072447552447552,0.8991940559440559,0.8999248251748252,0.8601791958041959
1662057958,144,0.7043697916666666,0.746498263888889,0.7642977430555555,0.7706927083333333,0.7977039930555556,0.8132282986111111,0.8192743055555556,0.8498723958333333,0.8540477430555555,0.8733307291666667,0.8720269097222222,0.8955911458333333,0.8979383680555555,0.9018246527777778,0.8994262152777778,0.911654513888889,0.9102890625,0.905912326388889,0.9072777777777778,0.8992118055555556,0.8999722222222223,0.8601189236111111
1662057958,145,0.7040560344827586,0.7464327586206896,0.7642586206896552,0.7706862068965518,0.7978913793103447,0.8132810344827587,0.8194301724137931,0.849975,0.854176724137931,0.8734413793103448,0.8721008620689655,0.8957189655172414,0.898094827586207,0.9019499999999999,0.8995543103448275,0.9118948275862069,0.9105086206896551,0.9060370689655172,0.9074258620689656,0.8993439655172413,0.9000370689655172,0.8599422413793104
1662057958,146,0.7038364726027397,0.7463955479452056,0.7641823630136987,0.7707508561643835,0.7981215753424657,0.8134640410958903,0.8195787671232877,0.850173801369863,0.8543330479452054,0.8735847602739725,0.8722371575342466,0.8959101027397259,0.8983227739726027,0.9020496575342465,0.899744006849315,0.9121198630136986,0.9106095890410959,0.9061104452054795,0.9074931506849315,0.8993741438356164,0.9000273972602739,0.859951198630137
1662057958,147,0.7037108843537414,0.746329081632653,0.7642006802721089,0.7708044217687074,0.7983673469387755,0.813624149659864,0.8197746598639456,0.8503384353741497,0.8544472789115647,0.8737372448979591,0.8723435374149661,0.8959948979591836,0.898406462585034,0.9021539115646259,0.8998937074829932,0.9122636054421769,0.9107482993197279,0.906280612244898,0.9076275510204082,0.8994438775510205,0.900062925170068,0.8599430272108843
1662057958,148,0.7035261824324325,0.7462145270270271,0.7642128378378379,0.7707804054054054,0.7986207770270269,0.8137702702702702,0.820054054054054,0.8505067567567568,0.8545869932432433,0.8738842905405405,0.8724670608108108,0.8962179054054055,0.8986410472972973,0.9022905405405405,0.9000253378378378,0.9123893581081082,0.9108775337837838,0.9063648648648648,0.9076951013513513,0.8994983108108109,0.9000557432432432,0.8598538851351352
1662057958,149,0.7033196308724833,0.7460352348993289,0.7640956375838925,0.7708171140939597,0.7988422818791946,0.8139127516778524,0.8202911073825503,0.8506577181208054,0.8546224832214765,0.8739303691275168,0.872479865771812,0.8963305369127517,0.8987726510067113,0.902386744966443,0.9001619127516779,0.9124756711409395,0.9110134228187919,0.9063917785234898,0.9077718120805368,0.8994689597315437,0.9000729865771812,0.8597818791946309
1662057958,150,0.7030983333333333,0.7459533333333332,0.7641616666666666,0.7708591666666668,0.7991183333333334,0.8140775,0.8206091666666667,0.8508683333333333,0.8548150000000001,0.8740108333333334,0.8726083333333333,0.8965299999999999,0.8989391666666666,0.9025375,0.90036,0.9126850000000001,0.9112058333333333,0.90658,0.9079541666666666,0.8996124999999999,0.9001833333333334,0.8597775000000001
1662057958,151,0.7029172185430463,0.7459114238410596,0.764158940397351,0.7709205298013245,0.7993592715231789,0.8142665562913908,0.8207938741721854,0.8509312913907285,0.8548153973509934,0.8740637417218543,0.8727259933774834,0.8966754966887417,0.8991125827814569,0.902648178807947,0.9005314569536423,0.9128236754966887,0.9113683774834438,0.9066812913907285,0.9080860927152318,0.8996572847682118,0.9002963576158941,0.8597359271523178
1662057958,152,0.7026529605263159,0.7457384868421053,0.7641036184210527,0.7710057565789474,0.7995748355263158,0.814453125,0.8210279605263159,0.8511463815789473,0.8548519736842104,0.8741472039473684,0.8727409539473684,0.8967475328947369,0.8992434210526316,0.9027072368421052,0.9006340460526314,0.9129070723684212,0.9114588815789473,0.9067302631578948,0.9081924342105262,0.899688322368421,0.9002467105263159,0.8597277960526316
1662057958,153,0.7024044117647058,0.7456429738562093,0.7640800653594773,0.771076797385621,0.7998088235294118,0.8146903594771243,0.8212720588235295,0.8513431372549021,0.8549452614379086,0.874263888888889,0.8727222222222224,0.8969305555555557,0.8993586601307191,0.9028488562091505,0.9008145424836602,0.913107026143791,0.9116936274509806,0.9068014705882355,0.9082704248366015,0.8998096405228759,0.9002785947712421,0.8597606209150329
1662057958,154,0.7021339285714285,0.7454853896103896,0.763961038961039,0.7710121753246754,0.8000754870129869,0.814762987012987,0.8214805194805195,0.8515308441558442,0.8550267857142858,0.8742930194805194,0.8727711038961039,0.8969894480519481,0.8994237012987013,0.903034090909091,0.9009107142857142,0.9132483766233765,0.9117938311688312,0.9068709415584417,0.9083628246753247,0.8998871753246753,0.9003668831168831,0.8597232142857142
1662057958,155,0.701917741935484,0.7454443548387096,0.7638701612903226,0.771058870967742,0.8003524193548387,0.8149032258064516,0.821758064516129,0.8515822580645162,0.8551362903225806,0.8743782258064516,0.8728185483870968,0.8970701612903226,0.8995411290322581,0.9030685483870968,0.9011209677419355,0.9134241935483872,0.911925,0.906984677419355,0.9083983870967743,0.8998548387096775,0.900325,0.8596798387096773
1662057958,156,0.7017099358974359,0.7453317307692308,0.7638245192307693,0.7710649038461538,0.8005352564102564,0.814991185897436,0.8219166666666667,0.8516875,0.8552860576923076,0.8744375,0.8728052884615384,0.8971129807692307,0.8996522435897435,0.9031081730769231,0.9012171474358974,0.9134935897435897,0.9119671474358974,0.9069839743589744,0.9084126602564102,0.8998974358974358,0.9002892628205127,0.8595657051282051
1662057958,157,0.7014713375796178,0.7452388535031848,0.7637786624203823,0.7711146496815287,0.8007014331210192,0.8151600318471337,0.8221592356687899,0.8518001592356689,0.8554426751592357,0.8746019108280254,0.8729187898089171,0.8972754777070063,0.8998304140127389,0.903281847133758,0.9014124203821657,0.9136170382165606,0.9120907643312103,0.9070668789808917,0.9085111464968153,0.8998726114649682,0.9003558917197452,0.859500796178344
1662057958,158,0.701256329113924,0.7451764240506329,0.7637666139240507,0.7712120253164557,0.8008789556962026,0.8152507911392406,0.8224058544303798,0.8519564873417721,0.8555514240506329,0.8747120253164558,0.8730007911392405,0.8975268987341771,0.900068829113924,0.9034580696202531,0.9015292721518988,0.9138164556962025,0.9123512658227848,0.9071708860759494,0.9086400316455696,0.900064082278481,0.9005,0.8595601265822783
1662057958,159,0.7010432389937107,0.7451084905660378,0.7636902515723271,0.7711957547169811,0.801061320754717,0.8153616352201257,0.8226462264150943,0.8520959119496856,0.8555117924528302,0.8748034591194969,0.8730290880503144,0.8976525157232704,0.9001800314465409,0.9036210691823898,0.9016194968553459,0.9139567610062893,0.9124135220125786,0.9072916666666666,0.9087704402515724,0.9001603773584905,0.9006061320754718,0.859557389937107
1662057958,160,0.7008249999999999,0.7450062499999999,0.7636234375000001,0.77121484375,0.8012374999999999,0.8154578125,0.8228578124999999,0.8521765625,0.85561875,0.8748210937500001,0.873121875,0.897759375,0.9003078124999999,0.9037289062499999,0.90175,0.9140499999999999,0.91251015625,0.9074500000000001,0.90890234375,0.9003578125,0.90069453125,0.8595929687499999
1662057958,161,0.7006335403726708,0.744873447204969,0.7635349378881988,0.771277950310559,0.8014402173913042,0.8156777950310559,0.8231591614906832,0.8522795031055901,0.8557546583850932,0.8749200310559007,0.8732305900621118,0.8979611801242235,0.9005232919254659,0.9038097826086957,0.9018812111801242,0.9141708074534162,0.9126692546583852,0.9074976708074535,0.9090427018633541,0.9004239130434782,0.9007686335403727,0.8595357142857142
1662057958,162,0.7004614197530864,0.7446990740740741,0.7634591049382716,0.7713055555555556,0.8015617283950618,0.8157337962962963,0.8233518518518519,0.8523873456790123,0.8557507716049382,0.8749305555555555,0.8732554012345679,0.8979907407407407,0.9005640432098767,0.9039367283950617,0.9019783950617284,0.9142885802469136,0.9127885802469137,0.9076041666666668,0.9091057098765432,0.9004729938271605,0.9008155864197531,0.8595277777777777
1662057958,163,0.700276073619632,0.7445429447852762,0.7634647239263804,0.7712998466257668,0.8017392638036811,0.8159187116564417,0.8236004601226994,0.8525314417177914,0.8558865030674847,0.8750621165644171,0.8733527607361964,0.8982047546012271,0.9006940184049079,0.9039961656441718,0.9020690184049079,0.9144907975460124,0.912965490797546,0.9077622699386504,0.9092384969325153,0.9006211656441718,0.9008995398773006,0.8595874233128834
1662057958,164,0.7000495426829269,0.744377286585366,0.763374237804878,0.7712553353658537,0.8019420731707316,0.8159885670731708,0.8237957317073171,0.8526211890243902,0.8559611280487804,0.8751288109756097,0.8734245426829268,0.8983033536585365,0.90078125,0.904077743902439,0.9022599085365853,0.9145533536585366,0.9130419207317073,0.9077667682926829,0.9092888719512195,0.900703506097561,0.9009969512195121,0.8595693597560976
1662057958,165,0.6998242424242425,0.7441810606060607,0.7633469696969696,0.7712787878787879,0.8021340909090909,0.8161575757575759,0.8239840909090909,0.8526651515151514,0.8560863636363637,0.8751992424242424,0.8735287878787878,0.8983825757575757,0.9009257575757577,0.9041416666666666,0.9023257575757576,0.9147219696969697,0.9131886363636365,0.9078886363636364,0.9093969696969697,0.9008469696969698,0.9010636363636363,0.8594939393939394
1662057958,166,0.6996490963855422,0.7440233433734941,0.7632853915662652,0.771289156626506,0.8023072289156625,0.8162786144578312,0.8241453313253012,0.8527936746987953,0.8561942771084337,0.8752959337349397,0.8735399096385541,0.8984171686746988,0.9010225903614457,0.9042161144578312,0.9024051204819276,0.9148275602409639,0.913242469879518,0.9079405120481927,0.9094209337349398,0.9009307228915663,0.9011076807228916,0.859426204819277
1662057958,167,0.6994857784431138,0.7438682634730538,0.7631773952095808,0.7712335329341318,0.8024326347305389,0.8163660179640718,0.824313622754491,0.8528607784431138,0.8562859281437126,0.8752791916167664,0.873561377245509,0.8984723053892216,0.901058383233533,0.9042724550898203,0.9024565868263473,0.9148974550898203,0.9132829341317366,0.9079767964071856,0.9094431137724552,0.900991017964072,0.9011586826347305,0.8592881736526947
1662057958,168,0.6993422619047619,0.7437485119047619,0.7630885416666667,0.7712373511904761,0.8025989583333333,0.8164672619047619,0.8245066964285713,0.8530245535714286,0.85640625,0.8753727678571429,0.8736502976190476,0.89859375,0.9011748511904761,0.9043333333333332,0.9026041666666668,0.9149828869047619,0.9133608630952381,0.9080409226190477,0.9095014880952381,0.9010416666666667,0.901234375,0.8592224702380953
1662057958,169,0.6991775147928995,0.7436183431952662,0.7631213017751479,0.7712389053254438,0.8027226331360946,0.8166597633136095,0.8247307692307693,0.8531560650887574,0.8564563609467455,0.8754415680473373,0.8737359467455622,0.8986420118343197,0.9012788461538462,0.9044408284023668,0.902710798816568,0.9150687869822485,0.9134644970414202,0.9080880177514793,0.9095214497041421,0.9010776627218935,0.9013298816568047,0.8591360946745563
1662057958,170,0.6990110294117646,0.7435169117647059,0.7630786764705884,0.7712036764705883,0.8028683823529412,0.8167220588235296,0.8248757352941177,0.8532102941176473,0.8565161764705883,0.8754529411764708,0.8737507352941177,0.8987183823529412,0.9012882352941178,0.9044845588235296,0.9027617647058825,0.9151514705882355,0.9135838235294119,0.9081044117647059,0.9095426470588237,0.9010955882352941,0.9014125000000002,0.8590713235294118
1662057958,171,0.6988567251461989,0.7434152046783625,0.7630358187134503,0.7711535087719299,0.802937134502924,0.8167609649122808,0.8250058479532163,0.8532748538011695,0.8565336257309941,0.8754934210526316,0.8737785087719299,0.8988019005847954,0.9013940058479532,0.9045255847953217,0.9027741228070175,0.9152456140350878,0.9136652046783625,0.9081630116959063,0.9096622807017544,0.9011856725146199,0.901437134502924,0.859046783625731
1662057958,172,0.6987260174418605,0.7433582848837209,0.7630654069767442,0.7711773255813954,0.8031380813953488,0.8168234011627906,0.8252659883720931,0.8534280523255814,0.8566606104651164,0.8755886627906978,0.8738793604651163,0.8989811046511628,0.9016053779069768,0.9046736918604652,0.9029258720930233,0.9154353197674419,0.9138408430232559,0.9083909883720931,0.9098023255813954,0.901250726744186,0.9015145348837209,0.8590857558139535
1662057958,173,0.6985144508670521,0.7432572254335259,0.7630332369942195,0.7711473988439307,0.8032723988439306,0.8168432080924856,0.8253800578034681,0.8535086705202312,0.8567875722543352,0.8755903179190753,0.873918352601156,0.8991625722543352,0.9017868497109826,0.9048236994219653,0.903092485549133,0.9156770231213872,0.9140086705202312,0.9085621387283237,0.9099819364161849,0.9013735549132948,0.9016387283236993,0.8590895953757224
1662057958,174,0.6983103448275862,0.7432277298850575,0.7629590517241379,0.7711329022988506,0.8033556034482758,0.816977011494253,0.825503591954023,0.8535172413793103,0.8568498563218391,0.8757227011494252,0.8739561781609195,0.8992636494252874,0.9018383620689656,0.904878591954023,0.903224856321839,0.9157693965517242,0.9141709770114942,0.9086408045977011,0.910051724137931,0.9014432471264368,0.9017011494252875,0.8590510057471265
1662057958,175,0.6980242857142858,0.7430792857142858,0.7628764285714285,0.7711264285714285,0.8034649999999999,0.8170435714285714,0.8255899999999999,0.8535435714285713,0.8569371428571428,0.8757242857142857,0.8739471428571428,0.8993014285714286,0.9019107142857142,0.905015,0.9033421428571429,0.9158628571428571,0.9142535714285713,0.908722857142857,0.910085,0.9015307142857143,0.9017614285714285,0.8590421428571429
1662057958,176,0.6977869318181817,0.7429367897727274,0.7627705965909091,0.7710880681818183,0.8036690340909091,0.8171782670454546,0.8257223011363636,0.8536754261363636,0.8570369318181817,0.8758615056818182,0.8740553977272727,0.8994119318181819,0.9020227272727273,0.905080965909091,0.903453125,0.916,0.9144026988636363,0.9088188920454545,0.9102102272727273,0.9016129261363638,0.9018004261363636,0.859020596590909
1662057958,177,0.6974929378531074,0.7428199152542372,0.7627549435028247,0.7710755649717514,0.8037718926553672,0.8172111581920904,0.8258806497175142,0.8537231638418079,0.8570918079096045,0.8759314971751412,0.8741348870056497,0.899550847457627,0.9021200564971751,0.9051377118644067,0.9035028248587571,0.9160762711864406,0.9144675141242938,0.9088446327683616,0.9102937853107343,0.9016687853107344,0.9017846045197739,0.8589590395480227
1662057958,178,0.6972823033707867,0.7426973314606742,0.7627219101123596,0.7710484550561797,0.804002106741573,0.817378511235955,0.8261474719101124,0.8538082865168539,0.8572436797752808,0.8760351123595506,0.8742710674157304,0.8996825842696631,0.9022415730337079,0.9052380617977528,0.9036551966292136,0.9162675561797753,0.9146692415730338,0.9088700842696629,0.9103195224719102,0.901739466292135,0.9018764044943821,0.8589417134831461
1662057958,179,0.6970677374301677,0.7425642458100558,0.7626997206703912,0.7710083798882681,0.8041173184357542,0.8174322625698324,0.8262905027932961,0.8538708100558658,0.8573233240223462,0.8760831005586592,0.8743477653631285,0.8998372905027932,0.9023945530726256,0.9052974860335196,0.90375,0.9163659217877094,0.9147814245810054,0.9089343575418993,0.9104259776536312,0.9017283519553072,0.9019043296089385,0.8588987430167598
1662057958,180,0.6968909722222222,0.7424152777777778,0.7626208333333334,0.7709756944444445,0.8042527777777777,0.8174618055555556,0.8263826388888889,0.8539013888888889,0.8573236111111111,0.8761131944444444,0.8743736111111111,0.8998902777777777,0.9024131944444445,0.9053604166666667,0.9038180555555555,0.916423611111111,0.9148805555555555,0.9089611111111111,0.9104513888888889,0.9017402777777777,0.9018916666666666,0.8588576388888889
1662057958,181,0.696757596685083,0.7422686464088398,0.7625227900552486,0.7709827348066299,0.8044730662983425,0.8175718232044198,0.8265082872928178,0.8539779005524861,0.8573846685082872,0.8762037292817679,0.8744240331491713,0.8999785911602209,0.9025048342541436,0.9054730662983425,0.9039986187845305,0.9165635359116022,0.9150027624309393,0.9090269337016575,0.9105662983425413,0.9018218232044198,0.9019267955801105,0.8588052486187846
1662057958,182,0.6965439560439561,0.7421270604395604,0.7623907967032967,0.7709381868131868,0.8047232142857144,0.8177005494505495,0.8266332417582418,0.853993131868132,0.8573811813186815,0.876287087912088,0.874460164835165,0.900048763736264,0.9026614010989013,0.9056483516483518,0.9041002747252749,0.916710164835165,0.915125686813187,0.9091710164835167,0.9106174450549451,0.9018818681318682,0.9019773351648354,0.8588193681318682
1662057958,183,0.6964146174863388,0.7420136612021858,0.7623661202185792,0.770948087431694,0.8050068306010929,0.8179009562841529,0.8268176229508196,0.8541352459016394,0.8575184426229508,0.8763695355191258,0.874521174863388,0.9001673497267759,0.9027581967213116,0.9057015027322405,0.9042356557377049,0.9168237704918033,0.9152213114754099,0.9092213114754099,0.9106523224043716,0.9019460382513662,0.9019883879781421,0.8587356557377049
1662057958,184,0.6962697010869565,0.741984375,0.7622588315217392,0.7709639945652175,0.8052466032608695,0.8179646739130435,0.8269381793478261,0.8542126358695652,0.8575767663043478,0.8764198369565217,0.8744966032608695,0.9002167119565218,0.902891304347826,0.9057710597826087,0.9043023097826087,0.9168763586956522,0.9153369565217391,0.9092642663043478,0.910702445652174,0.9020081521739131,0.9020754076086958,0.8587316576086956
1662057958,185,0.6961243243243244,0.7419189189189189,0.7621986486486487,0.7709351351351351,0.8054317567567568,0.8179817567567568,0.8270520270270271,0.8542533783783783,0.8576858108108109,0.876379054054054,0.8744804054054055,0.9003277027027027,0.9030351351351351,0.905925,0.9044006756756757,0.9169439189189189,0.9155229729729731,0.9093601351351351,0.9108263513513514,0.9020695945945946,0.902102027027027,0.8587175675675676
1662057958,186,0.6960040322580645,0.7418991935483871,0.7621202956989248,0.7709153225806451,0.8055604838709678,0.8180309139784946,0.827179435483871,0.854299059139785,0.8577056451612902,0.8763844086021505,0.8744623655913979,0.9004193548387096,0.9031263440860215,0.905981182795699,0.9045094086021505,0.9170907258064517,0.9156384408602151,0.9094193548387096,0.9109200268817205,0.9021680107526882,0.902179435483871,0.8586827956989247
1662057958,187,0.6957961229946523,0.7417707219251338,0.7620394385026739,0.7709385026737968,0.8057466577540107,0.8181136363636362,0.8273402406417113,0.854394385026738,0.8577560160427807,0.876364973262032,0.8744652406417113,0.9005701871657754,0.9032139037433156,0.9060828877005348,0.9045835561497326,0.9172332887700535,0.9157580213903743,0.9094993315508021,0.9110213903743315,0.9022413101604279,0.9022092245989305,0.8586764705882354
1662057958,188,0.6956097074468084,0.7416815159574469,0.7619527925531915,0.7708497340425531,0.8059142287234042,0.8182765957446809,0.8274514627659574,0.8544707446808512,0.857810505319149,0.8764594414893618,0.8745246010638298,0.9006908244680851,0.9033630319148935,0.9062313829787234,0.9047347074468084,0.9174507978723404,0.9159222074468084,0.9096688829787233,0.9111589095744682,0.9023058510638298,0.9023291223404255,0.8586442819148935
1662057958,189,0.6954338624338624,0.7415568783068782,0.7618948412698412,0.7708763227513228,0.806138888888889,0.8183869047619047,0.827570767195767,0.854468253968254,0.8578406084656085,0.8765145502645503,0.874521164021164,0.9007546296296296,0.9034708994708994,0.9063406084656085,0.9047784391534391,0.9175152116402117,0.916031746031746,0.9097473544973546,0.9112374338624338,0.9023558201058202,0.9023624338624339,0.8585740740740742
1662057958,190,0.6951888157894737,0.7414736842105264,0.7618710526315791,0.7708769736842105,0.806342105263158,0.818479605263158,0.8276842105263158,0.8545519736842104,0.8578723684210526,0.8765835526315788,0.8745552631578948,0.9007868421052632,0.9035,0.9064249999999999,0.9048999999999999,0.9175921052631579,0.9160605263157894,0.909779605263158,0.9112236842105264,0.9024046052631579,0.9023782894736841,0.8585375
1662057958,191,0.6949790575916232,0.7414450261780104,0.7618920157068063,0.7709070680628272,0.8065464659685865,0.8185876963350786,0.8278514397905758,0.8546695026178011,0.8579339005235602,0.8765916230366493,0.8745641361256545,0.9008069371727748,0.9035281413612565,0.9064895287958116,0.9049928010471203,0.9177015706806284,0.9161472513089006,0.9098520942408377,0.911276832460733,0.9023926701570681,0.9023985602094242,0.8584960732984294
1662057958,192,0.6947571614583332,0.7413717447916667,0.761810546875,0.7709147135416666,0.8067760416666667,0.81868359375,0.8279986979166667,0.854697265625,0.857943359375,0.876599609375,0.8745475260416666,0.90093359375,0.9036555989583333,0.90659765625,0.9050748697916666,0.91782421875,0.9162272135416667,0.9099153645833332,0.911416015625,0.9024453125,0.9024459635416666,0.8583821614583333
1662057958,193,0.6946237046632124,0.7412564766839378,0.7617862694300518,0.7708898963730569,0.8069287564766839,0.8187545336787564,0.8281107512953367,0.8547169689119168,0.8580336787564765,0.8766088082901553,0.874556347150259,0.9009786269430051,0.9037053108808288,0.9066638601036268,0.905151554404145,0.9179326424870464,0.9163231865284973,0.9099987046632123,0.9114656735751293,0.9025090673575128,0.902493523316062,0.8584034974093263
1662057958,194,0.694472293814433,0.7411069587628865,0.7617545103092784,0.7708917525773196,0.80713337628866,0.8188505154639176,0.8282738402061856,0.8547764175257734,0.8580966494845361,0.8766127577319589,0.8745902061855672,0.901015463917526,0.9037699742268044,0.9067867268041239,0.9052506443298971,0.9180057989690723,0.9164375000000001,0.9100805412371136,0.9115509020618559,0.9025547680412372,0.902480670103093,0.8583195876288661
1662057958,195,0.6943192307692306,0.740998717948718,0.7617455128205128,0.7709307692307693,0.8073346153846154,0.8189775641025642,0.8283647435897438,0.8548243589743592,0.8581083333333335,0.8766096153846155,0.8745512820512822,0.9010903846153848,0.9038467948717951,0.9068,0.9052897435897437,0.9180756410256412,0.9165102564102566,0.9101301282051285,0.9116333333333334,0.9025628205128207,0.902469871794872,0.8582743589743591
1662057958,196,0.6941677295918367,0.7408552295918367,0.7617461734693878,0.7709311224489797,0.8075395408163265,0.8190727040816327,0.8284515306122449,0.8548628826530612,0.8581269132653061,0.8766575255102041,0.8746205357142858,0.9011670918367347,0.9039623724489795,0.9068679846938776,0.9054024234693877,0.9182066326530612,0.9165554846938776,0.9102193877551019,0.9116970663265306,0.9026619897959183,0.9025197704081633,0.8582117346938775
1662057958,197,0.6938959390862944,0.7407189086294417,0.7617829949238579,0.7708826142131979,0.8076922588832488,0.8191142131979695,0.8284949238578682,0.854902918781726,0.858152918781726,0.8766884517766498,0.8746078680203045,0.9011992385786802,0.9039606598984772,0.906996192893401,0.905472081218274,0.9182880710659899,0.916645304568528,0.9102341370558376,0.9117468274111675,0.9026852791878173,0.9025304568527919,0.8581637055837564
1662057958,198,0.6936799242424242,0.7406193181818183,0.7617594696969697,0.7708901515151515,0.8078857323232324,0.8192171717171718,0.8287039141414141,0.8549494949494949,0.858125,0.8766843434343434,0.8745814393939394,0.9012632575757575,0.9040006313131314,0.9070252525252526,0.9054949494949496,0.9183503787878787,0.9166988636363638,0.9103529040404041,0.9118207070707072,0.9027487373737374,0.902572601010101,0.8581041666666668
1662057958,199,0.6935062814070352,0.7404371859296482,0.7616865577889447,0.7708391959798996,0.8080345477386935,0.8192807788944723,0.828804648241206,0.854962311557789,0.858178391959799,0.8766809045226132,0.8746488693467336,0.9013530150753769,0.9041193467336684,0.9071099246231156,0.9055992462311558,0.9184566582914573,0.9168341708542714,0.9104315326633166,0.9119315326633166,0.9028121859296482,0.902640703517588,0.8580125628140705
1662057958,200,0.6932818749999999,0.740301875,0.7616293749999999,0.770830625,0.808173125,0.8193468749999999,0.828893125,0.85500125,0.85823125,0.8767106250000001,0.8746481249999999,0.90144625,0.9041587499999999,0.907151875,0.9056593749999999,0.9185818750000001,0.916885,0.9104975,0.9119562499999999,0.9028306249999999,0.9026775,0.8579012500000001
1405681632,1,0.79475,0.791,0.793,0.805625,0.811,0.8115,0.812375,0.811,0.810375,0.813125,0.8125,0.811875,0.811,0.824,0.818625,0.825625,0.822875,0.827625,0.827875,0.828125,0.825625,0.814
1405681632,2,0.8125625,0.8174375,0.817125,0.82225,0.829,0.832,0.8338125,0.8350625,0.8315,0.83725,0.835,0.8396875,0.8380625,0.842,0.84025,0.8465,0.84325,0.8474375,0.84675,0.8486875,0.8458125,0.8333125
1405681632,3,0.7987083333333332,0.8084583333333333,0.8155416666666665,0.82625,0.832875,0.836,0.8395,0.842,0.84,0.8449583333333333,0.8447916666666665,0.8447916666666666,0.8452916666666666,0.8459999999999999,0.8445416666666666,0.8525416666666666,0.8520833333333333,0.8553333333333333,0.8555,0.8540833333333333,0.8526666666666665,0.8358333333333332
1405681632,4,0.78428125,0.79765625,0.81059375,0.82296875,0.83325,0.83978125,0.8416875,0.84634375,0.84546875,0.85140625,0.85115625,0.851375,0.85146875,0.8540625,0.85125,0.8561875,0.85534375,0.8593125,0.85825,0.857875,0.8573125,0.84115625
1405681632,5,0.770275,0.7871500000000001,0.8042750000000001,0.8196250000000002,0.8321500000000001,0.8392250000000001,0.8424,0.8487,0.8485250000000001,0.8552000000000001,0.8549250000000002,0.856,0.8564,0.8580000000000001,0.85575,0.8627750000000001,0.8611,0.8626750000000002,0.8626000000000001,0.8625500000000001,0.8610500000000001,0.8449000000000001
1405681632,6,0.7581458333333333,0.7765208333333333,0.7951458333333333,0.8132083333333334,0.8293541666666667,0.8394166666666667,0.8419791666666667,0.8515208333333334,0.853,0.8596875000000002,0.859375,0.8597916666666667,0.8598333333333333,0.8619166666666668,0.8606666666666667,0.8635416666666668,0.8637500000000001,0.8655,0.8659166666666668,0.8643750000000001,0.8641666666666667,0.8457708333333334
1405681632,7,0.7523392857142857,0.7711785714285714,0.7891607142857142,0.8079821428571429,0.8247857142857142,0.8371785714285713,0.8400357142857142,0.8509285714285715,0.8535535714285714,0.8600535714285714,0.8610357142857142,0.8612321428571428,0.8620535714285714,0.8636607142857143,0.8629642857142857,0.8673571428571428,0.8661785714285715,0.8684642857142858,0.8676785714285714,0.8667142857142857,0.8661428571428571,0.8471071428571428
1405681632,8,0.74590625,0.764359375,0.7820625,0.801859375,0.819609375,0.834234375,0.83753125,0.8506875,0.8555,0.86459375,0.86440625,0.865265625,0.865953125,0.8674375,0.86625,0.870296875,0.869390625,0.8705625,0.870359375,0.86759375,0.86728125,0.8483125
1405681632,9,0.7414722222222223,0.7589722222222223,0.7764027777777778,0.7970972222222222,0.8155694444444446,0.8328333333333335,0.8362500000000003,0.8506111111111113,0.8554027777777778,0.866138888888889,0.8664861111111112,0.8683888888888889,0.8688333333333335,0.8696388888888891,0.8687500000000001,0.871888888888889,0.8710694444444446,0.8727916666666667,0.8729027777777778,0.8698472222222223,0.8701388888888889,0.8481805555555556
1405681632,10,0.7374750000000001,0.7534249999999999,0.770575,0.7931250000000001,0.8119875000000002,0.8305375000000002,0.8337375,0.850625,0.8552875000000001,0.8669125000000001,0.8669250000000002,0.8700125000000001,0.8703625000000001,0.8713250000000001,0.8708625000000001,0.8762125000000001,0.8747750000000001,0.875375,0.8762125000000001,0.8725250000000001,0.8718000000000001,0.8493375000000001
1405681632,11,0.7338068181818183,0.7493863636363636,0.7658181818181817,0.789875,0.8093295454545454,0.8277499999999998,0.831431818181818,0.8487954545454545,0.854340909090909,0.8669886363636362,0.8670795454545454,0.8712954545454545,0.8712840909090908,0.874806818181818,0.8731704545454544,0.8787499999999999,0.8774545454545453,0.8777386363636362,0.878306818181818,0.8744431818181817,0.8736249999999999,0.851715909090909
1405681632,12,0.7326145833333334,0.7478229166666668,0.7629166666666666,0.7863020833333333,0.8053229166666668,0.8244583333333334,0.8291041666666666,0.84715625,0.85275,0.8669895833333334,0.8669375,0.87215625,0.8725625,0.8767708333333333,0.8742812499999999,0.87903125,0.8785729166666666,0.8791875,0.87971875,0.8764375,0.8747083333333333,0.85271875
1405681632,13,0.7303173076923077,0.7447980769230769,0.7604615384615385,0.7829230769230769,0.8022403846153847,0.8221346153846155,0.8255000000000001,0.8453750000000002,0.8519615384615385,0.8674903846153847,0.8668942307692309,0.8735673076923078,0.8736442307692309,0.8776634615384616,0.8752115384615385,0.8815288461538462,0.8801153846153847,0.880471153846154,0.8814807692307693,0.8768365384615385,0.8760000000000001,0.8532692307692309
1405681632,14,0.7289642857142857,0.7424196428571429,0.7582946428571429,0.7806696428571429,0.8004107142857143,0.8205089285714287,0.8240982142857143,0.8441696428571429,0.8516071428571429,0.8667767857142857,0.8665178571428572,0.8743482142857144,0.8745178571428572,0.8788392857142858,0.8763125000000002,0.8823482142857144,0.8819642857142858,0.8811875000000001,0.8819285714285715,0.8781607142857144,0.8769285714285716,0.8543214285714287
1405681632,15,0.7283583333333333,0.7410583333333334,0.7560916666666667,0.7786333333333333,0.7986833333333334,0.818075,0.8222916666666668,0.8430500000000001,0.8506583333333334,0.8663500000000002,0.8666000000000001,0.8749666666666668,0.8755666666666668,0.8798916666666668,0.8775166666666667,0.8835250000000001,0.8832750000000001,0.8831750000000002,0.8838250000000001,0.8791583333333335,0.8781083333333334,0.8539916666666668
1405681632,16,0.728015625,0.7407890625,0.7546953125,0.7772109375,0.7966640625,0.816578125,0.82021875,0.8415390625,0.8501640625,0.8661796875,0.866234375,0.8751953125,0.8756875,0.8811171875,0.8783359375,0.884515625,0.8836640625,0.8835,0.884515625,0.8795,0.878671875,0.8547421875
1405681632,17,0.7279191176470587,0.7397794117647059,0.7531029411764705,0.7752279411764705,0.7946764705882353,0.814808823529412,0.8180073529411765,0.8403382352941178,0.8485735294117649,0.8657573529411766,0.8655588235294118,0.8750073529411766,0.875625,0.8813382352941178,0.8786323529411766,0.8854558823529413,0.8848823529411766,0.88375,0.8850735294117648,0.879639705882353,0.8786397058823531,0.8550367647058824
1405681632,18,0.7283194444444445,0.7395347222222223,0.7522986111111112,0.7738819444444445,0.7932569444444445,0.8130833333333334,0.8164791666666668,0.8399375000000001,0.8485277777777779,0.8662708333333334,0.8659861111111113,0.8758194444444446,0.8766944444444446,0.8819444444444445,0.8791736111111114,0.8858541666666667,0.8849583333333335,0.8843680555555556,0.8854236111111113,0.8807500000000001,0.8793541666666668,0.8553125000000001
1405681632,19,0.729078947368421,0.739703947368421,0.7516644736842104,0.772782894736842,0.79175,0.8120394736842105,0.8155855263157895,0.8390921052631579,0.8477171052631579,0.8657894736842107,0.8652105263157894,0.876328947368421,0.8774605263157896,0.8826842105263158,0.8806513157894738,0.8873289473684212,0.886125,0.885328947368421,0.886578947368421,0.8813355263157895,0.8802894736842106,0.855703947368421
1405681632,20,0.7292062500000001,0.7392375,0.75058125,0.77113125,0.7894875,0.8095062499999999,0.813225,0.8374250000000001,0.8466687500000001,0.8655750000000001,0.8646999999999999,0.87639375,0.8771875,0.8820437499999999,0.8803874999999999,0.8875749999999999,0.8867437499999999,0.8865062499999999,0.88728125,0.8816624999999999,0.8806375000000001,0.85639375
1405681632,21,0.7296785714285714,0.7391190476190477,0.7501785714285715,0.7698392857142857,0.7877142857142858,0.8084821428571429,0.8113095238095238,0.8366309523809525,0.8456845238095239,0.8654583333333334,0.8644821428571429,0.8768452380952382,0.8774583333333335,0.8830059523809525,0.8807142857142858,0.8883392857142858,0.8874940476190477,0.8873333333333335,0.8885476190476191,0.8828333333333334,0.8824107142857144,0.8568154761904763
1405681632,22,0.7305340909090908,0.7391306818181818,0.7493522727272728,0.7688352272727272,0.7863636363636364,0.8070227272727273,0.8098522727272727,0.8354375,0.8444715909090907,0.8646988636363635,0.8643068181818181,0.8767215909090909,0.8773920454545454,0.8835056818181818,0.8808579545454545,0.8884090909090908,0.8878977272727272,0.887340909090909,0.8886079545454545,0.883903409090909,0.8830454545454545,0.857153409090909
1405681632,23,0.7306086956521739,0.7389076086956521,0.7486630434782608,0.7677880434782609,0.7850597826086956,0.8061467391304348,0.8086576086956523,0.8344782608695652,0.843554347826087,0.863733695652174,0.8632010869565218,0.8765923913043477,0.877179347826087,0.8836304347826087,0.8812608695652174,0.8886304347826087,0.8879782608695652,0.8884239130434782,0.8892391304347825,0.8842663043478262,0.8835923913043477,0.857266304347826
1405681632,24,0.7308333333333332,0.738890625,0.7482291666666667,0.7666197916666667,0.7839739583333334,0.8049010416666668,0.807890625,0.8337708333333332,0.8429791666666667,0.8632447916666668,0.8628854166666666,0.8766041666666667,0.8770208333333332,0.8846770833333334,0.8819375,0.8897864583333335,0.8884479166666667,0.8888072916666666,0.8897447916666668,0.8841354166666666,0.8838177083333333,0.857640625
1405681632,25,0.73083,0.739115,0.7484700000000001,0.766085,0.7829250000000001,0.80456,0.8070450000000001,0.83337,0.84284,0.86294,0.86272,0.8765850000000001,0.8772000000000001,0.884615,0.8819850000000001,0.89003,0.8888800000000001,0.88919,0.890105,0.88471,0.884355,0.8578250000000001
1405681632,26,0.7314375,0.7396153846153847,0.7484038461538461,0.7656682692307692,0.7820240384615386,0.8038653846153847,0.8060913461538461,0.8329278846153848,0.8426105769230772,0.863173076923077,0.862783653846154,0.8771778846153847,0.8777115384615386,0.8851250000000002,0.8824759615384616,0.8910096153846154,0.8896634615384618,0.8895144230769232,0.8907740384615386,0.8852500000000002,0.8845625000000001,0.8586538461538462
1405681632,27,0.7319305555555555,0.7398796296296297,0.7486342592592592,0.7652175925925925,0.781324074074074,0.803236111111111,0.8053101851851853,0.832851851851852,0.8426851851851852,0.8633611111111111,0.8627777777777778,0.8774722222222222,0.8780231481481482,0.8855046296296296,0.8827175925925926,0.891300925925926,0.8902731481481482,0.8898935185185185,0.8911712962962963,0.8856805555555556,0.8851944444444444,0.858875
1405681632,28,0.7321651785714286,0.7402276785714286,0.7489151785714286,0.7646919642857142,0.7808035714285715,0.8025892857142858,0.8045803571428571,0.8322544642857144,0.8420714285714286,0.8630178571428571,0.8623794642857142,0.8775044642857144,0.8782276785714286,0.8855848214285714,0.8822410714285713,0.8916785714285713,0.8901696428571427,0.8901160714285714,0.8912901785714286,0.8858660714285714,0.8850982142857142,0.8588392857142858
1405681632,29,0.7322844827586207,0.7409956896551725,0.7493577586206897,0.7645172413793102,0.7799741379310344,0.801905172413793,0.8039612068965516,0.8315603448275862,0.8414741379310344,0.8624741379310344,0.8619568965517241,0.8773491379310344,0.8780431034482759,0.885676724137931,0.8821896551724138,0.8921034482758621,0.8905818965517242,0.8905560344827586,0.8917629310344828,0.8863491379310344,0.8855689655172414,0.8591508620689655
1405681632,30,0.7325958333333333,0.7416000000000001,0.7493041666666667,0.7638958333333333,0.7790583333333334,0.80125,0.8034958333333334,0.830925,0.8409041666666667,0.8620958333333335,0.8615541666666668,0.8772708333333334,0.8782458333333334,0.8863208333333334,0.8826041666666667,0.8923500000000001,0.8911125000000002,0.8912416666666669,0.8921666666666668,0.8860958333333335,0.8858708333333334,0.859025
1405681632,31,0.7329354838709677,0.7421290322580645,0.7495967741935483,0.7633588709677419,0.7789072580645161,0.8006088709677419,0.8028911290322579,0.8304637096774192,0.8407056451612902,0.8617137096774192,0.8610685483870966,0.877141129032258,0.8782459677419354,0.8857620967741934,0.8818629032258063,0.8923387096774192,0.8909879032258065,0.891383064516129,0.8925685483870968,0.8868266129032257,0.8863508064516129,0.8590161290322581
1405681632,32,0.73308203125,0.74243359375,0.74962109375,0.76311328125,0.77840234375,0.8002578125,0.802328125,0.83025,0.8407421875,0.86146875,0.861,0.87718359375,0.87807421875,0.88580078125,0.8822265625,0.892484375,0.89084765625,0.89183203125,0.892828125,0.887296875,0.88693359375,0.8590234375
1405681632,33,0.7335378787878788,0.7430530303030303,0.7499204545454545,0.7631136363636363,0.7781363636363636,0.8001249999999999,0.8021401515151515,0.8303939393939392,0.8408371212121212,0.8614772727272726,0.8609545454545454,0.8772878787878787,0.8782196969696969,0.8857613636363635,0.8821401515151515,0.8926893939393938,0.8910871212121211,0.8917499999999999,0.8928787878787877,0.887215909090909,0.8871022727272726,0.8585681818181817
1405681632,34,0.7338676470588235,0.7434669117647058,0.7499705882352942,0.7626727941176471,0.7778088235294118,0.7995772058823529,0.8017095588235295,0.8297536764705883,0.8404852941176472,0.8609117647058825,0.8603786764705884,0.8773272058823531,0.8782205882352943,0.8855514705882354,0.881904411764706,0.8927426470588237,0.8910698529411766,0.8919485294117648,0.8928676470588236,0.8872867647058824,0.8871323529411765,0.8584632352941178
1405681632,35,0.734157142857143,0.7442714285714286,0.7501642857142857,0.7624285714285715,0.7775035714285715,0.7992142857142858,0.8016749999999999,0.8299821428571429,0.8405250000000001,0.8613357142857144,0.8606392857142858,0.8776000000000002,0.8784464285714286,0.8856642857142858,0.8822357142857143,0.8927285714285715,0.8910428571428572,0.8922321428571431,0.8931857142857145,0.8877035714285715,0.8872892857142858,0.8587500000000001
1405681632,36,0.73478125,0.7449270833333334,0.7504340277777778,0.7622951388888889,0.7773368055555555,0.7989618055555555,0.8014618055555556,0.8301597222222221,0.8406180555555556,0.8612638888888889,0.8606006944444443,0.8774340277777777,0.8783854166666666,0.8859513888888889,0.8824097222222221,0.8928611111111111,0.8912916666666667,0.8923090277777778,0.8934131944444443,0.8880347222222222,0.8876354166666667,0.85875
1405681632,37,0.7346317567567567,0.745168918918919,0.7500675675675675,0.7618006756756757,0.7764324324324325,0.7980304054054054,0.8006081081081081,0.829793918918919,0.8401486486486488,0.8604695945945946,0.8601216216216216,0.877043918918919,0.8779425675675676,0.8858412162162163,0.8819459459459459,0.8927466216216217,0.8913310810810812,0.8926486486486488,0.893516891891892,0.8880270270270271,0.8879763513513513,0.8584358108108109
1405681632,38,0.7345723684210527,0.7456052631578948,0.7501217105263158,0.7617631578947368,0.7761776315789473,0.7976480263157895,0.8000822368421052,0.8295822368421052,0.8401480263157893,0.8604243421052631,0.8600559210526316,0.8771447368421053,0.8782532894736842,0.8857927631578947,0.8821348684210526,0.8932631578947369,0.8917697368421053,0.892671052631579,0.8936776315789473,0.8881644736842104,0.8881217105263158,0.8580921052631579
1405681632,39,0.7345352564102565,0.7461634615384617,0.750323717948718,0.7614294871794873,0.7757852564102564,0.7972660256410257,0.7996570512820513,0.8297307692307693,0.8402948717948718,0.8605480769230771,0.8597820512820514,0.8776698717948721,0.8787596153846154,0.8858878205128206,0.8823269230769232,0.8935320512820514,0.8919679487179489,0.8927051282051284,0.8937403846153847,0.8883397435897437,0.8883685897435898,0.8584358974358974
1405681632,40,0.734321875,0.746646875,0.75065,0.7615875000000001,0.775503125,0.79690625,0.7993031249999999,0.8299031250000001,0.8402406250000001,0.8604,0.85980625,0.8777406249999999,0.8787718749999999,0.8860375,0.882084375,0.8937875,0.8921156249999999,0.892796875,0.89409375,0.88875,0.8886312499999999,0.8581937499999999
1405681632,41,0.7343262195121951,0.7471951219512195,0.750643292682927,0.7616463414634147,0.7756158536585366,0.7965121951219513,0.7990640243902439,0.8299329268292683,0.8401402439024391,0.8603231707317074,0.8597012195121951,0.8777286585365855,0.8788201219512196,0.8862743902439025,0.8824085365853659,0.8938780487804879,0.892283536585366,0.8930274390243903,0.8942621951219512,0.8888750000000001,0.8887378048780489,0.8582865853658539
1405681632,42,0.7346190476190476,0.7480089285714286,0.7513065476190477,0.7620863095238096,0.7755863095238095,0.7961934523809524,0.7991428571428573,0.8301250000000001,0.8405684523809525,0.8604077380952382,0.8598958333333335,0.8779285714285714,0.8789285714285715,0.886607142857143,0.8829315476190478,0.8943869047619049,0.8927619047619049,0.8934404761904764,0.8945625000000001,0.8891964285714287,0.8890922619047619,0.8586964285714287
1405681632,43,0.7347790697674418,0.7487616279069766,0.7517005813953488,0.762174418604651,0.7753866279069767,0.7962558139534882,0.7992296511627905,0.8301686046511627,0.8407034883720929,0.8604738372093023,0.8599127906976743,0.8776831395348836,0.8788139534883719,0.8868401162790697,0.882845930232558,0.8944534883720929,0.8927994186046511,0.8936337209302326,0.8946686046511627,0.8893749999999998,0.889299418604651,0.8587645348837206
1405681632,44,0.7350880681818182,0.7493892045454545,0.7520340909090909,0.7623267045454545,0.7752897727272727,0.7962443181818182,0.7991022727272727,0.8305795454545455,0.8407130681818182,0.8604005681818181,0.8597244318181819,0.8777755681818181,0.8787471590909091,0.8871164772727272,0.8831107954545454,0.8949602272727273,0.8929829545454545,0.8940369318181818,0.8952073863636364,0.8899318181818181,0.8897585227272727,0.8589914772727273
1405681632,45,0.7353500000000001,0.7499166666666668,0.752225,0.7624416666666667,0.7754083333333333,0.7963805555555556,0.7991416666666666,0.8305861111111112,0.8408888888888889,0.8606833333333334,0.8600000000000001,0.8779027777777779,0.879027777777778,0.8875166666666667,0.8834000000000001,0.8952944444444446,0.8933111111111113,0.8941222222222224,0.8953861111111112,0.8901222222222223,0.8900277777777779,0.8592805555555557
1405681632,46,0.7356385869565217,0.7507635869565218,0.7526684782608696,0.7627364130434783,0.7753152173913044,0.7962527173913043,0.7991005434782609,0.830679347826087,0.8408885869565218,0.8607472826086956,0.8601195652173913,0.8778804347826086,0.8792527173913044,0.8875434782608695,0.8835679347826086,0.895578804347826,0.8936576086956523,0.8945951086956522,0.8958342391304348,0.8905652173913045,0.8904483695652174,0.8593206521739131
1405681632,47,0.7358510638297873,0.7515691489361701,0.7531010638297874,0.7630159574468084,0.7752367021276596,0.796,0.7990106382978722,0.8307393617021277,0.8411622340425532,0.8607606382978723,0.8602260638297872,0.8779734042553191,0.8792260638297872,0.8877765957446809,0.8836542553191489,0.8957393617021276,0.8939175531914894,0.8948643617021277,0.8960159574468084,0.8907446808510638,0.8905718085106383,0.8595106382978723
1405681632,48,0.7360989583333334,0.7523984375,0.7535338541666666,0.7633229166666666,0.7755989583333333,0.7958333333333334,0.7991119791666667,0.8308671875,0.8411666666666666,0.8607083333333334,0.8601796875,0.877875,0.8791588541666667,0.8875260416666666,0.8835,0.8956458333333334,0.893875,0.894875,0.8958515625,0.8908333333333334,0.8905703125,0.8595755208333333
1405681632,49,0.7362219387755101,0.7530586734693877,0.7537984693877552,0.763563775510204,0.7754617346938776,0.7954795918367347,0.7991989795918366,0.8311530612244898,0.8413010204081632,0.8607448979591836,0.8602040816326532,0.8781403061224489,0.8793367346938776,0.8875535714285714,0.8833239795918367,0.8955306122448979,0.8937704081632653,0.8950969387755102,0.8958010204081632,0.8907346938775511,0.8905892857142857,0.8594515306122448
1405681632,50,0.7361749999999999,0.753295,0.7540150000000001,0.7639475000000001,0.7755475000000001,0.7957175,0.7994325000000001,0.8315250000000001,0.8413725000000001,0.8612425,0.8605550000000001,0.8783150000000001,0.879635,0.8878400000000001,0.8837925,0.8959125,0.89392,0.8952074999999999,0.8961375,0.8906875,0.8906300000000001,0.8595325
1405681632,51,0.7365024509803921,0.753688725490196,0.7544705882352941,0.7640392156862744,0.7754828431372549,0.7955171568627452,0.7992769607843138,0.831485294117647,0.8415220588235295,0.8613774509803923,0.8605955882352943,0.8784166666666668,0.8797352941176473,0.8878651960784316,0.8837696078431375,0.8959240196078433,0.8939485294117648,0.8951421568627452,0.896279411764706,0.8909142156862747,0.8907990196078432,0.8593161764705883
1405681632,52,0.7364783653846153,0.7539350961538462,0.7549423076923076,0.76425,0.7757427884615384,0.7954855769230769,0.7993942307692307,0.8315889423076924,0.8415168269230769,0.8613221153846153,0.8607524038461538,0.8787211538461538,0.88,0.8879663461538462,0.8838365384615384,0.8962259615384616,0.8941153846153846,0.8953317307692307,0.8964254807692307,0.8911177884615383,0.8909182692307692,0.8594447115384616
1405681632,53,0.7366415094339622,0.7544150943396225,0.7555,0.7643702830188679,0.7758301886792454,0.7954481132075472,0.799193396226415,0.8317405660377358,0.8415283018867925,0.8613985849056605,0.8609363207547169,0.878875,0.8803419811320755,0.8883679245283019,0.8841226415094341,0.8965259433962265,0.8945731132075472,0.8954245283018868,0.8966202830188679,0.891441037735849,0.8910353773584907,0.8594150943396226
1405681632,54,0.7367106481481481,0.7549375,0.755912037037037,0.7645949074074074,0.7761273148148148,0.7955601851851852,0.799613425925926,0.8322430555555556,0.8419467592592592,0.8616805555555557,0.8611412037037037,0.8790532407407408,0.8807106481481483,0.8886759259259258,0.8845162037037037,0.8968611111111111,0.8949490740740741,0.8956921296296296,0.8969050925925927,0.8917546296296297,0.8915902777777778,0.8595486111111111
1405681632,55,0.7368090909090909,0.75525,0.7565227272727273,0.7650068181818181,0.7764272727272727,0.7956431818181818,0.7997568181818182,0.8325,0.8422636363636363,0.8617363636363636,0.8612840909090909,0.8790954545454545,0.8807545454545455,0.8888318181818182,0.8846977272727272,0.897090909090909,0.8951477272727273,0.8958431818181819,0.8969295454545454,0.8918795454545454,0.891840909090909,0.8595954545454546
1405681632,56,0.7369040178571429,0.7556852678571429,0.7569129464285714,0.7653705357142858,0.7764508928571429,0.7955669642857144,0.7997053571428571,0.8327455357142858,0.8423214285714287,0.8620290178571429,0.861375,0.879359375,0.8808683035714285,0.88896875,0.8849017857142857,0.89725,0.8952857142857142,0.8961897321428571,0.8972857142857142,0.8920758928571428,0.892,0.8595915178571429
1405681632,57,0.7369692982456141,0.7558881578947367,0.7570833333333333,0.7653464912280701,0.7764320175438597,0.7954780701754386,0.7998771929824561,0.8328399122807018,0.8424013157894736,0.8621074561403509,0.861563596491228,0.8795657894736841,0.881,0.8890087719298245,0.8850241228070174,0.8974473684210525,0.8955504385964912,0.8961666666666668,0.8975811403508771,0.892296052631579,0.8923092105263158,0.859563596491228
1405681632,58,0.7370711206896551,0.755926724137931,0.7571875,0.7655258620689656,0.7767866379310344,0.7955086206896551,0.8001185344827586,0.8331228448275861,0.8424978448275863,0.8621271551724137,0.861530172413793,0.8797629310344828,0.8812198275862068,0.8892219827586207,0.8851896551724138,0.8976896551724137,0.8957844827586207,0.8963685344827585,0.8977025862068965,0.8924224137931035,0.8924374999999999,0.8595646551724138
1405681632,59,0.7370741525423729,0.7563029661016949,0.7576271186440677,0.7657118644067796,0.7770127118644068,0.7956588983050846,0.8001864406779662,0.8332775423728813,0.8427012711864407,0.8627139830508475,0.8619237288135594,0.8801610169491526,0.8816165254237287,0.8894851694915253,0.8853072033898305,0.8977669491525423,0.896103813559322,0.8966059322033898,0.8978622881355932,0.8925381355932204,0.8925889830508474,0.859739406779661
1405681632,60,0.7372979166666667,0.75666875,0.7579833333333333,0.7659854166666666,0.7773708333333333,0.7958791666666666,0.8004958333333334,0.8335812499999999,0.8429249999999999,0.8628833333333334,0.8621916666666666,0.8802083333333333,0.8818604166666667,0.8896708333333332,0.8853499999999999,0.8978625,0.8962291666666666,0.8965875,0.89771875,0.8926916666666667,0.8927166666666667,0.8596937499999999
1405681632,61,0.7375040983606557,0.756875,0.7583872950819672,0.7662008196721312,0.7775696721311476,0.795950819672131,0.8006926229508197,0.8336495901639345,0.8429487704918033,0.8628790983606558,0.8622131147540983,0.8802684426229508,0.8819098360655737,0.8897725409836065,0.8855020491803279,0.8979754098360656,0.89625,0.896733606557377,0.8976844262295082,0.8926086065573771,0.892577868852459,0.8595348360655737
1405681632,62,0.7374052419354838,0.7570826612903226,0.7587883064516129,0.7663528225806452,0.7777600806451613,0.7960745967741936,0.8007963709677419,0.8337479838709677,0.8430927419354838,0.8629879032258063,0.8622258064516128,0.8803870967741936,0.8819959677419353,0.8899657258064515,0.8858084677419353,0.8981975806451612,0.8963931451612902,0.8968508064516129,0.8979294354838709,0.8927439516129032,0.8928245967741936,0.8595806451612903
1405681632,63,0.7373293650793651,0.7572202380952381,0.759015873015873,0.766734126984127,0.777968253968254,0.7961269841269841,0.8009107142857144,0.8337559523809526,0.8431468253968255,0.8629940476190477,0.8621250000000001,0.8804404761904764,0.8821150793650795,0.8900079365079366,0.8857757936507938,0.8983432539682542,0.8965793650793653,0.8968869047619049,0.8980178571428573,0.8930178571428573,0.8930932539682541,0.8596468253968256
1405681632,64,0.73741796875,0.75730078125,0.759330078125,0.76680078125,0.77801171875,0.79615625,0.800962890625,0.833763671875,0.843115234375,0.86284375,0.86208984375,0.880599609375,0.882310546875,0.890109375,0.8856875,0.898326171875,0.896537109375,0.897041015625,0.89819140625,0.89325,0.893341796875,0.859501953125
1405681632,65,0.7373403846153846,0.7573788461538462,0.7595846153846155,0.7667865384615385,0.7779634615384616,0.7959807692307693,0.8010692307692308,0.8339288461538463,0.8431000000000002,0.8629057692307694,0.862148076923077,0.8808076923076925,0.8825403846153849,0.8902038461538464,0.8858423076923079,0.8983576923076925,0.8966769230769233,0.8970134615384617,0.8981557692307695,0.8933000000000002,0.8930596153846156,0.8595096153846155
1405681632,66,0.737344696969697,0.7576022727272728,0.7598352272727272,0.7668030303030302,0.7781420454545455,0.7961496212121213,0.8012954545454545,0.834094696969697,0.8431363636363636,0.8630833333333332,0.8621761363636362,0.8809583333333333,0.8827405303030302,0.8904772727272727,0.8861609848484848,0.8985795454545455,0.8968238636363635,0.897215909090909,0.898373106060606,0.893342803030303,0.8935018939393938,0.859375
1405681632,67,0.7371735074626865,0.7577630597014925,0.7601716417910448,0.7669608208955224,0.7783675373134329,0.7964160447761194,0.8017033582089552,0.8343171641791046,0.8433973880597015,0.86332276119403,0.8624384328358209,0.8811902985074627,0.8829776119402986,0.8907910447761194,0.8864832089552238,0.8987835820895523,0.8970597014925373,0.8973992537313432,0.8985522388059701,0.893516791044776,0.8937667910447761,0.8593861940298507
1405681632,68,0.7369503676470588,0.7578694852941176,0.7605275735294117,0.7671654411764706,0.7786158088235295,0.7966801470588235,0.8019852941176471,0.8345606617647059,0.84359375,0.8635257352941176,0.8626911764705881,0.8812242647058824,0.8831525735294117,0.8910367647058823,0.8866893382352941,0.8990441176470588,0.8971856617647058,0.8975147058823529,0.89859375,0.8935680147058823,0.8939172794117647,0.8594522058823529
1405681632,69,0.736838768115942,0.7579746376811595,0.760695652173913,0.7672826086956521,0.7788605072463769,0.7968460144927536,0.8021539855072464,0.834713768115942,0.8438423913043478,0.8637282608695652,0.8630144927536233,0.881373188405797,0.8832971014492755,0.891036231884058,0.8868967391304348,0.899126811594203,0.8973478260869565,0.8976865942028985,0.8987137681159421,0.8938641304347826,0.8939945652173913,0.8591884057971015
1405681632,70,0.7367696428571427,0.7581053571428572,0.7609000000000001,0.7675089285714287,0.7792357142857143,0.7969982142857143,0.8023517857142858,0.8349982142857143,0.8439642857142858,0.8639589285714288,0.8632857142857144,0.8815678571428573,0.8835732142857143,0.8914482142857145,0.8871589285714288,0.8994857142857144,0.8976642857142859,0.8978178571428573,0.8990303571428573,0.8940375000000002,0.8940535714285716,0.8591267857142858
1405681632,71,0.7368274647887324,0.7581161971830986,0.761169014084507,0.7678362676056338,0.7795598591549296,0.7972957746478874,0.8026778169014085,0.8352323943661971,0.844262323943662,0.8642552816901409,0.863512323943662,0.8819524647887325,0.8838221830985915,0.8916320422535211,0.8873732394366197,0.899919014084507,0.8979735915492958,0.8981161971830985,0.8993186619718311,0.894200704225352,0.894262323943662,0.8589982394366198
1405681632,72,0.7367447916666666,0.7580729166666668,0.76121875,0.76803125,0.7798524305555556,0.7974618055555557,0.8029149305555555,0.8354045138888889,0.8443385416666668,0.8644774305555556,0.8637152777777778,0.8821475694444445,0.8841076388888889,0.8917916666666668,0.8876840277777778,0.9000746527777779,0.898296875,0.8982482638888889,0.8995329861111111,0.8943350694444443,0.8944045138888889,0.859107638888889
1405681632,73,0.7367568493150685,0.758195205479452,0.7613715753424657,0.7681335616438355,0.7800496575342465,0.7975530821917808,0.8029845890410959,0.8356267123287671,0.8443561643835615,0.8644931506849315,0.8638116438356165,0.882347602739726,0.8841900684931506,0.8917397260273972,0.8876712328767123,0.9002859589041096,0.8984486301369864,0.8984058219178083,0.8995770547945205,0.8943116438356165,0.8944537671232876,0.8590051369863013
1405681632,74,0.7365557432432434,0.758018581081081,0.7614239864864865,0.7682179054054055,0.7802787162162163,0.7978074324324325,0.803268581081081,0.8358851351351352,0.8445050675675675,0.8646706081081081,0.8639577702702702,0.8825320945945946,0.8844611486486487,0.8920168918918919,0.8878952702702703,0.9004932432432432,0.8985945945945946,0.8986452702702702,0.899831081081081,0.8945743243243244,0.8945574324324324,0.8589577702702703
1405681632,75,0.7364066666666665,0.7578050000000001,0.7615033333333333,0.7681933333333334,0.7804449999999999,0.7980066666666666,0.8033500000000001,0.8359749999999999,0.8445666666666667,0.8648316666666667,0.8640983333333334,0.882705,0.8846566666666668,0.8921116666666666,0.8879649999999999,0.9005799999999999,0.8987116666666667,0.8986883333333334,0.89986,0.8945383333333334,0.89452,0.8589616666666667
1405681632,76,0.7362138157894738,0.7576743421052631,0.761671052631579,0.7682401315789474,0.7807582236842106,0.7982697368421053,0.8036792763157895,0.8362483552631579,0.8447615131578948,0.8649490131578947,0.86425,0.8830805921052631,0.8850246710526316,0.892345394736842,0.8881546052631579,0.9008371710526317,0.8990345394736842,0.8987401315789474,0.9001036184210527,0.8946792763157895,0.8947023026315789,0.8589144736842106
1405681632,77,0.7359512987012987,0.7576655844155845,0.7618555194805194,0.7682126623376623,0.7809983766233766,0.798362012987013,0.8040016233766235,0.8364334415584415,0.8447824675324676,0.8649983766233765,0.8643831168831169,0.8833100649350649,0.8852987012987011,0.8926217532467531,0.8884675324675322,0.901163961038961,0.8993441558441557,0.8989886363636362,0.9003441558441557,0.8949107142857142,0.8949626623376622,0.8589545454545454
1405681632,78,0.7357596153846154,0.7575897435897436,0.7620432692307693,0.768375,0.7812131410256411,0.7985977564102564,0.8043012820512823,0.8367291666666667,0.8448750000000003,0.8651282051282053,0.8644326923076924,0.8835304487179488,0.8855689102564104,0.8927580128205129,0.8886121794871796,0.9012564102564103,0.899357371794872,0.8988990384615385,0.9003701923076924,0.8948766025641027,0.895019230769231,0.8589358974358977
1405681632,79,0.7354651898734177,0.7574556962025317,0.7622420886075949,0.7684256329113924,0.7813433544303797,0.7988544303797469,0.8046566455696202,0.837007911392405,0.8449430379746834,0.8653575949367089,0.8645379746835442,0.8836898734177214,0.8856677215189873,0.8928354430379746,0.8886740506329113,0.9012357594936706,0.8994588607594936,0.8989177215189873,0.9003022151898733,0.8949351265822784,0.8949193037974683,0.8587784810126582
1405681632,80,0.735346875,0.7574562499999999,0.7624828125,0.7683640625,0.781565625,0.7992250000000001,0.805125,0.837190625,0.84498125,0.865453125,0.864640625,0.88384375,0.8859234375,0.8929953125,0.8888875,0.90146875,0.899721875,0.8990359375,0.9003218749999999,0.8949874999999999,0.8951859374999999,0.8589359375
1405681632,81,0.7351651234567901,0.7573117283950617,0.7625262345679011,0.7683425925925926,0.7817762345679011,0.7995308641975309,0.8053009259259258,0.8373919753086421,0.8451604938271605,0.8655833333333333,0.8647993827160494,0.8840416666666667,0.8861265432098766,0.8931682098765432,0.8890601851851853,0.9016604938271605,0.8997993827160494,0.8991589506172839,0.9003796296296296,0.8950061728395062,0.8952700617283952,0.8588487654320988
1405681632,82,0.7348734756097561,0.757282012195122,0.7626234756097562,0.7685182926829268,0.7821646341463414,0.7998506097560976,0.8057789634146343,0.8376219512195122,0.8453170731707318,0.8656966463414635,0.8649984756097562,0.8840685975609756,0.8862637195121952,0.8931478658536585,0.8891204268292684,0.9017225609756099,0.8999908536585367,0.8992332317073172,0.9003216463414635,0.8949862804878049,0.8952759146341464,0.8587957317073172
1405681632,83,0.7347469879518073,0.757176204819277,0.7629939759036145,0.7688253012048192,0.7825391566265061,0.8003132530120483,0.806043674698795,0.8378388554216867,0.8455406626506023,0.8657771084337349,0.865019578313253,0.8842394578313253,0.8864171686746988,0.8933539156626504,0.8891927710843375,0.9018177710843374,0.900117469879518,0.8994909638554216,0.9005572289156627,0.8951099397590362,0.8954081325301205,0.8587801204819278
1405681632,84,0.734733630952381,0.7571056547619048,0.7632157738095239,0.7688854166666667,0.7828943452380953,0.8006145833333332,0.8063601190476191,0.8380625,0.8456919642857144,0.8659761904761905,0.8651845238095238,0.884342261904762,0.8865208333333332,0.8934255952380952,0.8892708333333333,0.9021175595238096,0.9002261904761905,0.8996279761904762,0.9007619047619047,0.8951919642857142,0.89546875,0.858811011904762
1405681632,85,0.734660294117647,0.757119117647059,0.7634191176470589,0.7690720588235295,0.783270588235294,0.8010397058823531,0.8067632352941178,0.8382941176470589,0.8458676470588237,0.8661602941176473,0.8652779411764707,0.8845705882352943,0.8866205882352942,0.8936205882352942,0.8893911764705883,0.9020985294117648,0.9004014705882355,0.8996250000000002,0.9008220588235296,0.8953691176470591,0.8954602941176472,0.8588058823529413
1405681632,86,0.7345683139534883,0.7569534883720931,0.7635348837209303,0.7692776162790698,0.7835508720930232,0.8013008720930231,0.8071700581395348,0.8384970930232558,0.8460348837209304,0.8661787790697674,0.8653197674418605,0.8846947674418605,0.8867311046511629,0.893639534883721,0.8895566860465117,0.9021482558139536,0.9005101744186047,0.899591569767442,0.9008052325581396,0.8952136627906978,0.895405523255814,0.8586482558139535
1405681632,87,0.734448275862069,0.7568577586206896,0.7637140804597701,0.7694827586206895,0.7838520114942528,0.8015502873563218,0.8073577586206896,0.8388103448275863,0.8462931034482758,0.8663649425287356,0.865603448275862,0.8849396551724137,0.8870086206896551,0.8937227011494252,0.8898031609195401,0.9023261494252873,0.9006048850574712,0.8997198275862068,0.9008563218390805,0.8952413793103448,0.8956221264367816,0.8585905172413792
1405681632,88,0.7343693181818183,0.7569232954545455,0.7639644886363638,0.7695568181818182,0.7841761363636364,0.801765625,0.8077173295454545,0.838940340909091,0.846487215909091,0.86659375,0.8657713068181817,0.8850696022727272,0.8872244318181818,0.8938821022727272,0.889859375,0.9025056818181818,0.9007400568181818,0.8998025568181818,0.9010809659090909,0.8954829545454545,0.8956661931818183,0.8584105113636362
1405681632,89,0.7342205056179776,0.7569087078651685,0.7640772471910113,0.7697317415730338,0.7845786516853932,0.8019929775280898,0.807935393258427,0.8390926966292134,0.8466306179775281,0.8667219101123597,0.8659087078651686,0.8852808988764045,0.887504213483146,0.8940758426966292,0.8899578651685394,0.9025800561797753,0.9008820224719102,0.8998005617977528,0.9011053370786517,0.8955449438202248,0.895806179775281,0.8584705056179776
1405681632,90,0.7341347222222223,0.7570597222222223,0.7642180555555556,0.7698138888888889,0.7848791666666667,0.8021847222222223,0.8082194444444444,0.8392750000000001,0.8467277777777779,0.8669875000000001,0.8661375,0.8855152777777779,0.8877833333333335,0.8944000000000002,0.8902888888888891,0.9028486111111114,0.9010263888888891,0.8999972222222223,0.9012791666666669,0.8957569444444445,0.8959388888888891,0.858451388888889
1405681632,91,0.7340082417582419,0.757,0.7643873626373627,0.7699505494505495,0.7852115384615386,0.8024697802197803,0.8084766483516485,0.8395357142857145,0.8469285714285716,0.867168956043956,0.8662060439560441,0.8856318681318682,0.888059065934066,0.894526098901099,0.8904381868131869,0.9028653846153848,0.9011950549450551,0.9000508241758244,0.9012046703296704,0.8957554945054946,0.8959038461538463,0.8584546703296704
1405681632,92,0.7338301630434783,0.7569347826086956,0.7644497282608697,0.7700448369565217,0.785483695652174,0.8027554347826087,0.8086277173913043,0.8397228260869565,0.8470380434782608,0.8671467391304347,0.8662051630434783,0.8858491847826088,0.8881277173913042,0.8947078804347827,0.8905910326086957,0.903108695652174,0.9013573369565218,0.9000896739130435,0.9013097826086958,0.8958138586956522,0.895991847826087,0.8583736413043479
1405681632,93,0.7335524193548386,0.7568481182795699,0.7645497311827958,0.7700510752688171,0.7857432795698923,0.8030322580645161,0.8088534946236559,0.8398279569892473,0.8471451612903225,0.8672083333333332,0.866282258064516,0.8860698924731182,0.8883736559139785,0.8948440860215053,0.8908373655913978,0.9032110215053762,0.9015779569892473,0.9001895161290322,0.9014569892473118,0.8959892473118279,0.8961478494623655,0.8583252688172043
1405681632,94,0.733438829787234,0.7568257978723405,0.764691489361702,0.7700890957446809,0.786,0.8033856382978724,0.809219414893617,0.8402140957446809,0.8475385638297872,0.8674375,0.866498670212766,0.8865452127659574,0.8886954787234043,0.8950106382978723,0.8912180851063829,0.9036063829787234,0.9019308510638298,0.9006768617021277,0.9018630319148936,0.8962978723404256,0.8964281914893617,0.8583311170212766
1405681632,95,0.7332907894736842,0.7569052631578947,0.7647394736842105,0.7700907894736841,0.7863894736842105,0.8036881578947368,0.8095605263157895,0.8404223684210527,0.8478065789473684,0.8676144736842105,0.8666486842105263,0.8868065789473685,0.8890539473684209,0.8952513157894737,0.8914868421052631,0.9039236842105263,0.902303947368421,0.9008078947368422,0.9020184210526315,0.896428947368421,0.8965342105263158,0.858507894736842
1405681632,96,0.7331627604166667,0.7569114583333334,0.7649700520833334,0.7700950520833334,0.7865494791666666,0.8039270833333334,0.8099440104166667,0.8405963541666668,0.8479479166666666,0.8676705729166667,0.86673046875,0.8869661458333332,0.88924609375,0.8953815104166667,0.8916888020833332,0.9041549479166667,0.9024622395833334,0.9009075520833333,0.90212890625,0.8965924479166667,0.8966184895833333,0.8584296875
1405681632,97,0.7331056701030927,0.7568904639175258,0.7650231958762886,0.7700979381443299,0.7868337628865979,0.8042422680412371,0.8102551546391753,0.8407139175257734,0.8480953608247424,0.8677667525773197,0.8668440721649485,0.8872757731958764,0.8894742268041239,0.8955463917525774,0.89184793814433,0.9043672680412372,0.902612113402062,0.9009239690721652,0.9022435567010312,0.8966907216494847,0.8967938144329899,0.8583505154639176
1405681632,98,0.733045918367347,0.7569910714285714,0.7652448979591836,0.7700931122448981,0.7871479591836735,0.8044285714285715,0.8105841836734694,0.8409260204081632,0.8483150510204082,0.8679579081632653,0.8670650510204082,0.8875127551020409,0.8897206632653062,0.8958762755102041,0.8921211734693877,0.9046747448979593,0.9029234693877551,0.9010522959183673,0.9024272959183673,0.8967461734693877,0.8969068877551021,0.8583303571428571
1405681632,99,0.7329924242424243,0.7570176767676767,0.7653699494949495,0.7701717171717172,0.7874204545454545,0.8046401515151514,0.8108737373737374,0.8412323232323233,0.8484747474747475,0.8681085858585859,0.867179292929293,0.887635101010101,0.8898737373737374,0.8960505050505051,0.8923055555555556,0.9047525252525251,0.903054292929293,0.9010694444444444,0.9023421717171717,0.8968232323232324,0.8969255050505051,0.8582474747474748
1405681632,100,0.7327625000000001,0.7569987499999999,0.7654525,0.7701425000000001,0.7876712499999999,0.8047562500000001,0.81102375,0.8413799999999999,0.8486225,0.86825,0.8674074999999999,0.887825,0.890105,0.8960499999999999,0.89250875,0.9050025,0.9033062500000001,0.90122,0.9026012499999999,0.8970287499999999,0.8971137499999999,0.85847375
1405681632,101,0.7326386138613862,0.756871287128713,0.7655086633663367,0.7702957920792081,0.7879962871287128,0.8052054455445545,0.8112772277227724,0.8415655940594061,0.8488601485148515,0.8684950495049505,0.8676200495049504,0.8880928217821784,0.8903044554455447,0.8962995049504952,0.8928292079207922,0.9052685643564358,0.9035334158415842,0.90155198019802,0.9027858910891091,0.8971299504950496,0.8972524752475249,0.858516089108911
1405681632,102,0.7326875,0.7567647058823529,0.7655208333333335,0.7703051470588237,0.7882034313725492,0.8054387254901961,0.8115367647058824,0.8417512254901961,0.8489926470588236,0.868685049019608,0.8676936274509806,0.8882230392156865,0.8905355392156864,0.896421568627451,0.8928872549019609,0.9053210784313727,0.9036004901960786,0.901651960784314,0.9030012254901962,0.8973125000000001,0.897308823529412,0.8584436274509806
1405681632,103,0.7327123786407767,0.7566953883495146,0.7655861650485436,0.7704538834951457,0.7884987864077669,0.8057099514563106,0.8117779126213592,0.8418543689320388,0.849007281553398,0.8688446601941747,0.867865291262136,0.8884174757281553,0.8906929611650485,0.8965291262135923,0.8929502427184466,0.9053240291262137,0.9036893203883495,0.901763349514563,0.9030752427184467,0.8974320388349515,0.8974587378640776,0.8584053398058252
1405681632,104,0.7326682692307693,0.7565805288461538,0.7655733173076924,0.7704579326923077,0.7887536057692308,0.8060060096153846,0.8119951923076923,0.8419567307692308,0.8491165865384616,0.8689507211538462,0.8679639423076922,0.8885552884615385,0.8909158653846154,0.8965985576923077,0.8931370192307693,0.9055072115384616,0.9039134615384615,0.9018485576923078,0.9031862980769231,0.8975108173076923,0.8975144230769231,0.8583665865384617
1405681632,105,0.7325880952380953,0.7565773809523809,0.7656083333333333,0.770529761904762,0.7891416666666666,0.8063178571428573,0.8122916666666667,0.8422523809523812,0.8494238095238097,0.8691190476190477,0.8680964285714288,0.8887452380952383,0.891107142857143,0.8968214285714287,0.893277380952381,0.9057428571428573,0.9041440476190478,0.9019916666666667,0.9033416666666668,0.8976345238095239,0.8976904761904764,0.8583964285714287
1405681632,106,0.7324492924528302,0.7565860849056603,0.7656709905660377,0.7706403301886792,0.7893443396226415,0.8067122641509434,0.8127346698113208,0.8424728773584905,0.8497594339622642,0.8694056603773584,0.8683915094339623,0.8891415094339623,0.8915731132075472,0.8970200471698113,0.8935518867924528,0.9060153301886792,0.9044764150943397,0.9022299528301887,0.9035212264150944,0.8979115566037735,0.8978066037735849,0.8583820754716982
1405681632,107,0.7324240654205607,0.7565560747663551,0.7658130841121494,0.7706857476635514,0.7897301401869158,0.8070841121495328,0.8131518691588785,0.8427067757009344,0.8500128504672897,0.8696542056074765,0.8685782710280373,0.8894100467289721,0.8918761682242989,0.8972359813084113,0.8937546728971963,0.9063352803738318,0.9047079439252336,0.9025292056074765,0.9037628504672897,0.898021028037383,0.8979415887850466,0.8583785046728972
1405681632,108,0.7322962962962963,0.7565115740740741,0.7658483796296296,0.7708101851851852,0.7901643518518519,0.8073518518518519,0.8134733796296296,0.842962962962963,0.8502071759259259,0.8697905092592594,0.8687291666666668,0.8895787037037037,0.8920474537037036,0.8974479166666668,0.8939340277777779,0.9065162037037037,0.904894675925926,0.9026678240740741,0.9039004629629629,0.8980868055555556,0.8980046296296297,0.8583888888888889
1405681632,109,0.7322144495412845,0.7564243119266055,0.7659025229357799,0.770940366972477,0.7905424311926607,0.8076582568807339,0.813815366972477,0.8431662844036698,0.8504438073394495,0.8699541284403669,0.8688979357798164,0.8897855504587157,0.8922522935779816,0.8975997706422018,0.8941731651376147,0.9066433486238533,0.9051467889908256,0.9027844036697247,0.9039564220183488,0.8983337155963304,0.8981181192660549,0.8583922018348623
1405681632,110,0.7321761363636363,0.7562329545454545,0.7659613636363636,0.7708863636363636,0.7907636363636363,0.80775,0.8139534090909091,0.8433124999999999,0.8505465909090909,0.8700329545454545,0.8689386363636363,0.8899602272727273,0.8923840909090909,0.8977079545454544,0.8943625,0.9067477272727271,0.9052352272727272,0.9029261363636363,0.9041852272727272,0.8984340909090909,0.8982034090909091,0.8582204545454545
1405681632,111,0.7320585585585586,0.7562454954954956,0.7660844594594595,0.7709786036036037,0.7911441441441441,0.8080844594594594,0.8141283783783785,0.8435416666666667,0.8507015765765766,0.870177927927928,0.8689729729729729,0.8900855855855855,0.8925664414414414,0.8978423423423424,0.8945,0.9068975225225225,0.9053952702702703,0.9030090090090092,0.9043322072072073,0.8984527027027027,0.8982240990990992,0.8581981981981983
1405681632,112,0.7320323660714285,0.756203125,0.7660948660714286,0.7711439732142856,0.791390625,0.808265625,0.8143035714285715,0.8436540178571429,0.8506629464285715,0.870234375,0.8690569196428571,0.8902433035714286,0.8926941964285714,0.8979486607142858,0.8944888392857143,0.9071015625,0.9055502232142857,0.9030926339285714,0.9044508928571429,0.8985658482142858,0.8983169642857142,0.8582131696428571
1405681632,113,0.7318772123893805,0.756037610619469,0.7661913716814159,0.7712411504424779,0.7916803097345132,0.8085265486725663,0.8145320796460177,0.843924778761062,0.8508982300884955,0.8703893805309735,0.8692101769911504,0.890521017699115,0.8929723451327434,0.8980840707964601,0.8946769911504425,0.9073163716814159,0.9057190265486725,0.9030962389380531,0.904478982300885,0.898516592920354,0.8983772123893805,0.8582378318584071
1405681632,114,0.7318125,0.7559627192982457,0.7664375,0.7711973684210526,0.791922149122807,0.808735745614035,0.8148026315789473,0.8440975877192983,0.8510668859649122,0.8703936403508772,0.8692203947368421,0.8906567982456141,0.8931206140350878,0.8981809210526317,0.8948201754385964,0.9074989035087719,0.9058684210526315,0.903248903508772,0.904547149122807,0.8986271929824561,0.8984934210526315,0.8580986842105263
1405681632,115,0.7317554347826087,0.755854347826087,0.7665793478260869,0.7712217391304348,0.7923141304347826,0.8090663043478261,0.8150999999999999,0.8444076086956522,0.8513869565217392,0.8705195652173914,0.8693673913043478,0.890795652173913,0.8933195652173913,0.8984478260869566,0.8950576086956522,0.9076880434782608,0.9061434782608696,0.903338043478261,0.9046478260869565,0.8987880434782609,0.8985804347826086,0.8581760869565217
1405681632,116,0.73165625,0.7556605603448276,0.766594827586207,0.7711713362068965,0.7925754310344828,0.8092316810344828,0.815354525862069,0.8444956896551724,0.8514946120689656,0.8705754310344828,0.8694612068965517,0.8910528017241379,0.8935032327586206,0.8985969827586207,0.8952122844827586,0.9078685344827586,0.9063221982758621,0.903405172413793,0.9048243534482758,0.8988329741379311,0.8986648706896552,0.8581648706896551
1405681632,117,0.7316121794871795,0.7555758547008548,0.7666880341880342,0.7713547008547009,0.7930042735042737,0.8095149572649574,0.8157692307692308,0.8446848290598292,0.8516634615384616,0.8706762820512821,0.8695160256410258,0.8911185897435898,0.8936442307692309,0.8987735042735043,0.8954561965811968,0.9080544871794873,0.9065544871794873,0.9035598290598292,0.9050395299145301,0.8990117521367522,0.8987991452991455,0.8582873931623933
1405681632,118,0.7315603813559322,0.7554809322033897,0.7667235169491525,0.7713569915254237,0.7933093220338983,0.8097065677966102,0.8160688559322034,0.8447690677966102,0.8517309322033898,0.8707690677966102,0.8696663135593221,0.8913559322033899,0.8937531779661017,0.8988887711864406,0.8956292372881356,0.9081684322033898,0.9067372881355932,0.9036631355932204,0.9051832627118644,0.8990836864406778,0.8988082627118643,0.858311440677966
1405681632,119,0.7314947478991596,0.755387605042017,0.7668382352941175,0.7714023109243697,0.7937153361344538,0.8098855042016807,0.8164464285714287,0.8449107142857144,0.8517773109243699,0.870810924369748,0.8697069327731094,0.8915273109243699,0.8939600840336136,0.898952731092437,0.8957962184873951,0.9083497899159665,0.9068960084033615,0.9037405462184874,0.9052584033613447,0.8991502100840337,0.8989044117647059,0.8582930672268909
1405681632,120,0.7314135416666668,0.7552375,0.766915625,0.7713927083333333,0.7938624999999999,0.810059375,0.8166395833333333,0.845,0.8518802083333333,0.8709260416666668,0.869840625,0.891803125,0.89425625,0.8991395833333332,0.8959552083333333,0.9085687499999999,0.9070947916666666,0.9038999999999999,0.9054229166666666,0.8994041666666667,0.8989979166666667,0.8582687499999999
1405681632,121,0.7313667355371901,0.7550216942148761,0.7668595041322315,0.7713574380165289,0.7940144628099174,0.8101683884297521,0.816784090909091,0.8450836776859504,0.8520030991735537,0.871004132231405,0.8699710743801653,0.8919648760330579,0.894340909090909,0.8992386363636362,0.8960258264462809,0.9086167355371901,0.9070929752066115,0.9040237603305784,0.9054938016528925,0.899426652892562,0.8990351239669422,0.8582438016528926
1405681632,122,0.7312868852459017,0.75497131147541,0.7669405737704919,0.7714579918032787,0.794295081967213,0.810391393442623,0.817064549180328,0.8452254098360655,0.8521844262295083,0.8711229508196722,0.8700829918032786,0.892079918032787,0.8944661885245901,0.8993452868852458,0.8962079918032787,0.9086823770491803,0.907218237704918,0.9040532786885247,0.9054825819672131,0.8995256147540983,0.8989938524590163,0.8582038934426229
1405681632,123,0.7311260162601627,0.7547479674796748,0.7668932926829268,0.7714471544715448,0.7946117886178862,0.810614837398374,0.8172855691056912,0.8453678861788618,0.8522876016260162,0.8712439024390244,0.8701280487804878,0.8922306910569106,0.8945863821138211,0.8994857723577236,0.8963831300813008,0.9088323170731708,0.9074176829268293,0.9041504065040651,0.905510162601626,0.8994725609756098,0.8990020325203252,0.8582256097560976
1405681632,124,0.731125,0.7547036290322581,0.7668820564516129,0.7714616935483871,0.7948487903225807,0.8108407258064517,0.8175897177419356,0.8455675403225806,0.8524536290322581,0.8712832661290322,0.87025,0.8925342741935482,0.8948387096774194,0.8996350806451612,0.8965161290322581,0.9089717741935485,0.9076179435483871,0.9042137096774194,0.9056280241935483,0.8995534274193548,0.8990120967741936,0.858225806451613
1405681632,125,0.731001,0.7545780000000001,0.7668800000000001,0.7714770000000001,0.7951520000000001,0.811001,0.8178580000000001,0.845761,0.852585,0.8714090000000001,0.8703620000000001,0.8926620000000001,0.894989,0.8997170000000001,0.8965910000000001,0.909095,0.9076740000000001,0.9044000000000001,0.905776,0.8996310000000001,0.8990830000000001,0.8581000000000001
1405681632,126,0.7309434523809525,0.754452380952381,0.7668561507936509,0.7715,0.7953373015873016,0.8112271825396826,0.8180486111111112,0.8458869047619049,0.8526904761904762,0.8715466269841271,0.8704623015873016,0.8927410714285715,0.8951984126984128,0.8998829365079367,0.8967837301587304,0.9092599206349207,0.907809523809524,0.9044742063492065,0.9058392857142858,0.8996825396825399,0.8990982142857145,0.8579950396825398
1405681632,127,0.7307755905511812,0.7543307086614175,0.7667972440944882,0.7714045275590552,0.7954783464566931,0.8112578740157481,0.818224409448819,0.8458641732283465,0.8526456692913387,0.8715698818897639,0.8704527559055119,0.8928159448818899,0.8953661417322835,0.8999458661417322,0.896875,0.9093120078740159,0.9078316929133858,0.9044911417322835,0.9059202755905512,0.899738188976378,0.899125,0.8578641732283465
1405681632,128,0.73071875,0.754287109375,0.76686328125,0.771451171875,0.795697265625,0.8113759765625,0.8184248046875,0.8458857421875,0.8526884765625,0.87165625,0.870587890625,0.89300390625,0.895525390625,0.9000205078125,0.897056640625,0.9093583984375,0.9079736328125,0.9045634765625,0.90602734375,0.899771484375,0.89920703125,0.8578125
1405681632,129,0.7305426356589146,0.7541124031007751,0.7668643410852712,0.7714631782945734,0.7959612403100773,0.811562984496124,0.8187393410852712,0.8459864341085269,0.8527877906976744,0.8717800387596899,0.8707480620155037,0.8931870155038759,0.8957480620155038,0.900202519379845,0.8972383720930232,0.9095155038759689,0.9081153100775193,0.9046773255813952,0.9061879844961239,0.8998672480620153,0.8992558139534883,0.8576531007751937
1405681632,130,0.7304096153846154,0.7539923076923079,0.7668692307692309,0.7714913461538462,0.7961567307692308,0.8117625,0.8189817307692308,0.8461846153846154,0.8529221153846156,0.8719500000000001,0.8708538461538463,0.8932942307692309,0.8958432692307695,0.9003346153846156,0.8974221153846156,0.9096413461538464,0.9082365384615385,0.9047500000000003,0.9062230769230771,0.8999298076923078,0.8992451923076925,0.8575798076923079
1405681632,131,0.7302270992366413,0.7538759541984732,0.7667795801526718,0.7714856870229008,0.7963664122137404,0.812037213740458,0.8191650763358779,0.8462414122137404,0.8529990458015267,0.8720849236641222,0.8709351145038169,0.8934599236641222,0.8959379770992366,0.9004341603053435,0.8975276717557251,0.9097433206106871,0.9083730916030535,0.9047547709923663,0.9063301526717558,0.8999484732824429,0.899293893129771,0.8575
1405681632,132,0.7300303030303031,0.7537660984848485,0.7666979166666666,0.7715568181818182,0.7965767045454545,0.8122282196969698,0.8193674242424243,0.846309659090909,0.853061553030303,0.872154356060606,0.8711297348484849,0.893624053030303,0.8960814393939394,0.9007026515151515,0.8977376893939395,0.9099460227272728,0.9085691287878788,0.904872159090909,0.906375946969697,0.9000918560606062,0.8993607954545455,0.8574185606060606
1405681632,133,0.7297828947368421,0.7534830827067668,0.7665845864661653,0.7715479323308271,0.7967894736842105,0.8124407894736841,0.8195610902255639,0.846359022556391,0.853093984962406,0.8722246240601503,0.8711992481203008,0.8937406015037593,0.896218984962406,0.9007734962406015,0.8978505639097745,0.9100056390977442,0.9086907894736842,0.9049454887218044,0.906515977443609,0.900109022556391,0.8993618421052632,0.8572321428571428
1405681632,134,0.729607276119403,0.7533544776119402,0.7665597014925374,0.771543843283582,0.7970317164179105,0.8126716417910448,0.8198059701492537,0.8464384328358209,0.8531688432835822,0.8722835820895523,0.8713069029850746,0.8938236940298508,0.8963656716417909,0.9008498134328359,0.898026119402985,0.9102257462686567,0.9088647388059701,0.9050205223880597,0.9065027985074626,0.9002966417910447,0.899482276119403,0.8571875
1405681632,135,0.7295092592592594,0.7531611111111111,0.766537037037037,0.7716074074074074,0.7973870370370371,0.8128768518518519,0.8201037037037037,0.8466092592592592,0.8532861111111111,0.8723842592592592,0.8712916666666668,0.8939083333333333,0.8965324074074074,0.900925925925926,0.8981861111111111,0.9104037037037037,0.9089416666666666,0.905087037037037,0.9066157407407408,0.9003546296296296,0.8994703703703704,0.8570851851851851
1405681632,136,0.7293667279411765,0.753,0.7664678308823529,0.7715753676470588,0.7976323529411766,0.8131121323529412,0.8203327205882354,0.8467261029411765,0.8533786764705883,0.8725358455882354,0.8714411764705883,0.8940808823529413,0.8966056985294117,0.9008869485294118,0.8983272058823529,0.9105248161764705,0.9091773897058825,0.9052086397058824,0.9066636029411765,0.9004025735294118,0.8994871323529412,0.8570569852941177
1405681632,137,0.7291961678832117,0.7527317518248176,0.7663585766423358,0.7715182481751826,0.797816605839416,0.8132901459854015,0.8206140510948906,0.8468102189781022,0.8534306569343065,0.8726277372262773,0.8715684306569343,0.8942983576642337,0.8967709854014598,0.9010392335766424,0.8984525547445256,0.9107308394160584,0.9093859489051095,0.9052472627737227,0.9066998175182482,0.9004479927007298,0.8994981751824817,0.8570191605839416
1405681632,138,0.7290661231884058,0.7525661231884058,0.7663523550724638,0.7715516304347826,0.7980715579710145,0.8135190217391304,0.8208007246376813,0.846919384057971,0.8535271739130434,0.8726992753623187,0.871644927536232,0.8944791666666666,0.896983695652174,0.9012019927536232,0.8985679347826088,0.9109057971014493,0.9095905797101449,0.9053351449275362,0.9068559782608695,0.9005271739130435,0.8996114130434782,0.8569773550724639
1405681632,139,0.7289577338129496,0.7524604316546764,0.7663264388489208,0.7716294964028777,0.7982508992805756,0.8136339928057555,0.820988309352518,0.8469739208633094,0.8535737410071943,0.8727922661870504,0.8717293165467626,0.8945494604316547,0.8971357913669065,0.9013938848920864,0.898798561151079,0.9110530575539569,0.9098012589928057,0.9053830935251799,0.9069640287769785,0.9006097122302158,0.8997221223021582,0.8569289568345324
1405681632,140,0.7288232142857144,0.7522357142857142,0.7662946428571429,0.7716151785714285,0.7983910714285715,0.8137357142857142,0.821199107142857,0.8470258928571429,0.8535874999999999,0.8728044642857141,0.8718044642857143,0.8945982142857142,0.8972,0.9013696428571428,0.8987508928571428,0.9110999999999999,0.9097973214285714,0.9054973214285714,0.9069508928571429,0.9006446428571429,0.8997276785714287,0.8568151785714285
1405681632,141,0.7287030141843973,0.752113475177305,0.7662703900709221,0.7716161347517729,0.7986781914893618,0.8138661347517729,0.8213856382978724,0.8470842198581561,0.8536693262411348,0.8729015957446808,0.8718643617021277,0.8947570921985817,0.8973581560283688,0.9015212765957447,0.8988874113475177,0.9112482269503546,0.9099716312056737,0.9055629432624114,0.907113475177305,0.900706560283688,0.8998182624113475,0.856758865248227
1405681632,142,0.7285396126760563,0.7521346830985917,0.7663089788732396,0.7716919014084508,0.7989022887323943,0.8141434859154929,0.8216434859154929,0.8472561619718311,0.8538415492957747,0.8729779929577465,0.8719762323943662,0.8949577464788734,0.8976073943661971,0.9016452464788733,0.899144366197183,0.9114612676056338,0.9102059859154928,0.9057139084507042,0.9072931338028168,0.9007799295774648,0.8999322183098591,0.8567015845070423
1405681632,143,0.7283968531468531,0.7519886363636363,0.7662421328671328,0.7717115384615386,0.7990795454545455,0.8143076923076924,0.8218645104895104,0.8473382867132866,0.8538531468531468,0.8730332167832168,0.8720227272727272,0.8950611888111887,0.8977325174825176,0.9017456293706293,0.8992840909090909,0.9116031468531469,0.910340909090909,0.9058024475524475,0.9073251748251748,0.9008662587412587,0.9000305944055943,0.8567473776223776
1405681632,144,0.7281232638888889,0.7518359375,0.766193576388889,0.771734375,0.7992760416666668,0.8144383680555556,0.8220529513888889,0.8474279513888889,0.8539635416666668,0.8731710069444445,0.8720659722222222,0.8952847222222222,0.8979131944444445,0.901892361111111,0.8994435763888889,0.9116571180555555,0.9104513888888889,0.9058263888888889,0.9073932291666668,0.9009427083333333,0.9000078125,0.8566970486111111
1405681632,145,0.7278103448275863,0.7516793103448276,0.7661525862068965,0.7717422413793104,0.7993965517241379,0.8145094827586206,0.8221956896551724,0.8475482758620689,0.8541448275862069,0.8732810344827586,0.8721991379310345,0.8955086206896551,0.8980594827586206,0.9020215517241379,0.8996112068965517,0.9118612068965517,0.9106431034482757,0.9059931034482759,0.9075051724137931,0.9010577586206897,0.9001,0.8566508620689655
1405681632,146,0.7275428082191782,0.751589897260274,0.7661404109589041,0.7717602739726027,0.7996541095890412,0.8146695205479453,0.8223758561643836,0.8477260273972603,0.8543125,0.8734768835616439,0.8724169520547946,0.8956138698630136,0.8981832191780822,0.9021172945205479,0.8997962328767123,0.9120590753424657,0.9107131849315068,0.9060650684931506,0.9076147260273972,0.9011292808219178,0.9000753424657535,0.8566515410958905
1405681632,147,0.727374149659864,0.7514838435374149,0.7661479591836735,0.7717823129251701,0.799875,0.8148333333333333,0.8226530612244899,0.8478809523809523,0.8545255102040816,0.8736037414965986,0.8725229591836735,0.8957083333333332,0.8983180272108844,0.9022236394557823,0.8999549319727892,0.9121896258503401,0.9109022108843537,0.9061751700680273,0.9076760204081631,0.901187074829932,0.9000994897959184,0.856545068027211
1405681632,148,0.7271604729729729,0.751258445945946,0.7660228040540541,0.771745777027027,0.8001993243243244,0.8149493243243244,0.8228614864864865,0.8480861486486486,0.8545574324324325,0.8736714527027027,0.8726275337837838,0.8959197635135135,0.8985701013513514,0.902397804054054,0.9001030405405406,0.9123336148648649,0.9110287162162163,0.9062677364864865,0.9077846283783784,0.9012322635135136,0.9001326013513514,0.8564543918918919
1405681632,149,0.7268372483221476,0.7510662751677852,0.766025167785235,0.7717156040268456,0.8004446308724832,0.8151174496644294,0.823118288590604,0.8482256711409395,0.8545755033557046,0.873760067114094,0.8726988255033556,0.8960553691275168,0.8986770134228188,0.9024488255033557,0.9002206375838927,0.9124244966442954,0.911130033557047,0.9062994966442952,0.907864932885906,0.9012147651006711,0.9001459731543624,0.8563917785234899
1405681632,150,0.7267524999999999,0.750955,0.7659983333333333,0.7716833333333334,0.8006624999999999,0.8153375,0.8233275,0.8484100000000001,0.8547408333333333,0.8738841666666667,0.8728741666666667,0.8962116666666666,0.898875,0.9025608333333334,0.9004191666666667,0.9126241666666667,0.9113533333333332,0.9065033333333333,0.9080241666666666,0.90127,0.9002766666666666,0.8563433333333332
1405681632,151,0.7266357615894039,0.7508253311258278,0.7659817880794703,0.7716647350993378,0.8008567880794701,0.8154966887417219,0.8234826158940398,0.8485173841059602,0.8548038079470199,0.8739635761589405,0.8729412251655628,0.8963427152317881,0.8990091059602648,0.9026514900662251,0.9006382450331125,0.9127781456953642,0.9115596026490066,0.9066134105960264,0.9081912251655628,0.9013518211920529,0.9003104304635761,0.8563567880794702
1405681632,152,0.7265452302631579,0.7505945723684211,0.7659358552631579,0.7716159539473684,0.8011019736842105,0.8156702302631579,0.8237245065789474,0.84871875,0.854905427631579,0.8740731907894738,0.8730139802631579,0.8964786184210527,0.8991792763157895,0.9026907894736842,0.9007417763157896,0.912875,0.9116644736842107,0.9066521381578948,0.9082697368421052,0.9013684210526316,0.9003511513157896,0.8562006578947369
1405681632,153,0.7264362745098039,0.7505571895424837,0.765875,0.7716004901960785,0.8013080065359478,0.8159460784313726,0.8240106209150327,0.848873366013072,0.8550106209150329,0.8741192810457518,0.8730531045751636,0.8966029411764708,0.8993137254901963,0.9028390522875818,0.9009060457516341,0.9130735294117649,0.9118586601307191,0.9067058823529414,0.9083766339869283,0.9014665032679741,0.9003815359477125,0.856169934640523
1405681632,154,0.7262475649350649,0.7503108766233766,0.7658003246753247,0.7714618506493507,0.8015040584415584,0.8160689935064936,0.8242167207792207,0.8489163961038961,0.8550787337662338,0.8742118506493507,0.8731022727272727,0.8967183441558442,0.8993896103896103,0.9029943181818181,0.9010040584415584,0.9132118506493507,0.9119732142857142,0.9067865259740261,0.9084326298701298,0.9015478896103896,0.9004561688311689,0.8561436688311689
1405681632,155,0.7261306451612902,0.7502096774193548,0.7658048387096774,0.7714354838709678,0.8017814516129033,0.8162435483870968,0.8244758064516129,0.8490241935483871,0.8551951612903226,0.8743,0.8731903225806452,0.896775,0.8995072580645161,0.9030395161290323,0.9011790322580646,0.9133508064516129,0.912050806451613,0.9069346774193547,0.9085161290322581,0.9015951612903225,0.900399193548387,0.8561419354838711
1405681632,156,0.7260088141025641,0.750042467948718,0.7656955128205128,0.771386217948718,0.8020248397435897,0.8163701923076923,0.8246602564102563,0.8490953525641025,0.8552964743589744,0.8743253205128205,0.8731979166666668,0.8968573717948717,0.8995897435897435,0.9031225961538462,0.9012836538461538,0.9133982371794871,0.9121650641025639,0.9069174679487179,0.9085104166666668,0.9016482371794872,0.900428685897436,0.8560128205128206
1405681632,157,0.7259227707006368,0.7499084394904458,0.7656520700636943,0.7714426751592357,0.8022691082802549,0.816483280254777,0.8249076433121019,0.8492054140127389,0.8553917197452229,0.8745199044585987,0.8733630573248409,0.8970334394904458,0.8997858280254777,0.9032707006369427,0.9014593949044586,0.9135589171974523,0.9122993630573248,0.9069864649681528,0.9086050955414012,0.9017062101910829,0.9004100318471339,0.8559593949044586
1405681632,158,0.7257768987341772,0.749867088607595,0.7656606012658227,0.7714098101265823,0.8024960443037975,0.8166004746835444,0.8250363924050632,0.8493259493670887,0.8555039556962024,0.8745988924050633,0.8735007911392405,0.8972199367088608,0.8999651898734178,0.9034810126582278,0.9015126582278481,0.9137539556962025,0.9125205696202531,0.9071408227848101,0.9087784810126581,0.901825158227848,0.9006170886075949,0.855987341772152
1405681632,159,0.7255558176100629,0.74974213836478,0.7656006289308177,0.7713404088050315,0.8026871069182391,0.8167389937106918,0.8252649371069183,0.849374213836478,0.8555290880503145,0.8747083333333333,0.873566823899371,0.8972908805031448,0.9000636792452831,0.9036014150943396,0.9016792452830189,0.9139190251572327,0.9125801886792453,0.9072161949685535,0.9088962264150944,0.9018899371069183,0.9006878930817611,0.8560463836477987
1405681632,160,0.7254343750000001,0.74958984375,0.7655007812500001,0.7713093750000001,0.8027960937499999,0.8168492187499999,0.825421875,0.8494937499999999,0.85560234375,0.8747296874999999,0.87364453125,0.89741875,0.90018984375,0.90374296875,0.9017867187499999,0.9140453125,0.9126625,0.90738359375,0.90901015625,0.901996875,0.9007609375,0.8559390625
1405681632,161,0.7252600931677019,0.7494899068322982,0.7654021739130435,0.7713051242236024,0.8030116459627328,0.8170729813664596,0.825649844720497,0.8496451863354036,0.8557181677018633,0.8748128881987577,0.8737422360248447,0.8975256211180124,0.9003757763975155,0.903833850931677,0.9019239130434783,0.9141708074534162,0.9127864906832299,0.9074961180124224,0.9091350931677018,0.9020566770186336,0.9008198757763975,0.8559145962732919
1405681632,162,0.7251489197530864,0.7494297839506173,0.7653472222222222,0.7711743827160494,0.8031527777777777,0.8171751543209876,0.8258055555555556,0.8497106481481482,0.8558032407407407,0.8748387345679012,0.8738086419753086,0.8975964506172841,0.9004799382716049,0.9039074074074074,0.9020138888888889,0.9142376543209877,0.9129359567901233,0.9075640432098766,0.9091782407407407,0.9020918209876543,0.9008333333333333,0.8558819444444444
1405681632,163,0.7250053680981595,0.7493128834355828,0.7652216257668711,0.7710858895705521,0.8033604294478528,0.8173328220858895,0.8260682515337423,0.84982745398773,0.8559662576687117,0.8749608895705522,0.8739079754601227,0.8978075153374233,0.9006104294478527,0.9040053680981596,0.9021587423312883,0.9144309815950922,0.9131273006134969,0.9077185582822085,0.9093266871165644,0.9022223926380368,0.9009746932515337,0.8558328220858896
1405681632,164,0.7248376524390244,0.7491387195121951,0.7651989329268293,0.7709862804878048,0.8034847560975609,0.8174778963414633,0.8262850609756097,0.8499092987804878,0.8560556402439025,0.8750297256097561,0.8739298780487804,0.8979451219512196,0.900721798780488,0.9040884146341464,0.9023422256097561,0.9145571646341464,0.9132271341463414,0.907748475609756,0.9094207317073172,0.9023185975609757,0.9010998475609756,0.8557591463414634
1405681632,165,0.7246674242424243,0.7490393939393939,0.7651424242424242,0.7709280303030303,0.8036431818181818,0.8176454545454547,0.8264689393939393,0.8500196969696969,0.8561015151515151,0.875101515151515,0.8740439393939393,0.8980257575757575,0.9008128787878789,0.9041416666666666,0.902380303030303,0.9146878787878787,0.9133765151515152,0.9078598484848485,0.909494696969697,0.9023878787878787,0.9011719696969697,0.8557371212121212
1405681632,166,0.7245542168674699,0.7489525602409638,0.7650993975903614,0.770820030120482,0.8037944277108434,0.8178426204819277,0.8266001506024098,0.8500625,0.8561641566265059,0.8751739457831325,0.8740865963855422,0.8980941265060242,0.900882530120482,0.9042296686746988,0.9024585843373493,0.9147673192771084,0.9134510542168675,0.9079156626506024,0.9095301204819277,0.902488704819277,0.9012658132530121,0.8556694277108433
1405681632,167,0.7245404191616766,0.748811377245509,0.7650396706586825,0.7707297904191617,0.8039610778443114,0.8179206586826346,0.8267350299401198,0.8500920658682635,0.8562410179640718,0.8752432634730539,0.8741092814371257,0.898186377245509,0.9009618263473054,0.9043001497005988,0.9024730538922155,0.9148502994011977,0.9135202095808385,0.9079603293413174,0.9094812874251498,0.9025868263473055,0.9012844311377246,0.8555426646706588
1405681632,168,0.7244255952380951,0.7487120535714287,0.7649441964285715,0.7707247023809524,0.8041287202380952,0.8181287202380951,0.8269077380952381,0.8501361607142858,0.8563199404761905,0.8753273809523809,0.8742366071428571,0.8983035714285713,0.901109375,0.9044010416666668,0.9026197916666667,0.9149464285714287,0.9136205357142858,0.9079933035714286,0.9095870535714287,0.902702380952381,0.9013511904761904,0.8553831845238096
1405681632,169,0.7243195266272189,0.7485939349112426,0.7649001479289941,0.7706523668639053,0.8042810650887575,0.8182344674556213,0.8270547337278106,0.8502551775147928,0.8564556213017752,0.8754156804733728,0.8742995562130177,0.8983801775147928,0.9011952662721893,0.90448224852071,0.9027292899408283,0.9150495562130176,0.9136819526627219,0.9080562130177515,0.9097144970414202,0.9027906804733729,0.9014223372781065,0.8552980769230769
1405681632,170,0.7242191176470589,0.7485110294117646,0.7648661764705882,0.7705786764705883,0.8043963235294118,0.818391911764706,0.8271610294117647,0.850241911764706,0.8565191176470589,0.8753941176470589,0.874364705882353,0.8983926470588236,0.9012080882352943,0.9045286764705884,0.9028007352941178,0.9151551470588237,0.9137558823529414,0.9080661764705884,0.9097088235294121,0.9028419117647061,0.901458823529412,0.8552029411764707
1405681632,171,0.7241491228070175,0.7483808479532164,0.7648092105263158,0.7705343567251461,0.8045197368421052,0.8184634502923976,0.82728216374269,0.8502331871345029,0.8565818713450292,0.8754554093567252,0.8744188596491228,0.8985116959064328,0.9013530701754386,0.9045599415204678,0.9028252923976609,0.91525,0.9138157894736841,0.9080979532163742,0.9097682748538012,0.9028055555555556,0.9014883040935672,0.8551622807017544
1405681632,172,0.7240668604651163,0.7482529069767442,0.7647529069767441,0.7705,0.8048270348837209,0.8186111918604652,0.8275021802325582,0.8503619186046513,0.8567899709302326,0.8755581395348837,0.8745021802325582,0.8986947674418605,0.9015348837209304,0.9047216569767442,0.9029912790697675,0.9154760174418605,0.913952761627907,0.9083066860465117,0.9099287790697674,0.9028742732558139,0.901608284883721,0.8551875
1405681632,173,0.7239205202312139,0.7481582369942197,0.7646676300578036,0.7704169075144508,0.8049949421965319,0.8187196531791908,0.827664739884393,0.8504284682080925,0.8568403179190752,0.8755881502890174,0.8745057803468208,0.8988236994219654,0.901670520231214,0.9048302023121387,0.9031589595375722,0.9156979768786128,0.9141567919075144,0.9084898843930636,0.9100332369942196,0.9030722543352602,0.9016972543352602,0.8551481213872832
1405681632,174,0.7237974137931034,0.7480969827586207,0.7646594827586207,0.770360632183908,0.8051752873563218,0.8187909482758621,0.8277406609195402,0.8504633620689654,0.8568872126436782,0.8756767241379311,0.8745581896551725,0.8989252873563218,0.9017686781609195,0.9049145114942528,0.9032974137931035,0.9157801724137932,0.9143283045977012,0.9086099137931035,0.9101020114942527,0.9031637931034483,0.9017586206896551,0.8550352011494253
1405681632,175,0.7236542857142857,0.7479778571428571,0.7646457142857144,0.7703021428571428,0.8053292857142857,0.8188799999999998,0.8277871428571429,0.8504842857142858,0.8569357142857144,0.8756885714285715,0.8746028571428571,0.8989928571428571,0.9018442857142857,0.905042857142857,0.9033721428571427,0.915885,0.9144257142857143,0.9086214285714286,0.9101921428571429,0.90324,0.9018264285714286,0.8549564285714285
1405681632,176,0.7235532670454545,0.7477748579545455,0.7645866477272727,0.770237215909091,0.8054438920454545,0.8190276988636362,0.827934659090909,0.8505916193181818,0.8570198863636364,0.8757926136363637,0.874671875,0.8991029829545455,0.9019651988636364,0.905109375,0.9034644886363636,0.9159822443181818,0.9145958806818183,0.908692471590909,0.9103522727272727,0.9032755681818182,0.9018913352272727,0.8549353693181817
1405681632,177,0.7233644067796611,0.7476581920903954,0.7645176553672317,0.770218220338983,0.8055614406779662,0.8191405367231639,0.8280459039548023,0.8506242937853108,0.8570416666666667,0.8758841807909605,0.8747916666666666,0.8992055084745763,0.9020444915254238,0.905209745762712,0.9035670903954802,0.9160466101694915,0.9147189265536722,0.9087655367231637,0.9104194915254237,0.9033813559322034,0.9018679378531074,0.8548721751412429
1405681632,178,0.7232373595505617,0.747497191011236,0.7645126404494382,0.7702380617977528,0.8057794943820225,0.8193293539325843,0.828239466292135,0.850750702247191,0.8572050561797753,0.8759571629213483,0.8748869382022472,0.8993504213483146,0.9021938202247191,0.9052949438202247,0.9037015449438202,0.9162598314606741,0.9148693820224719,0.9088160112359551,0.9104719101123596,0.9034318820224719,0.901935393258427,0.8547619382022472
1405681632,179,0.7231096368715084,0.7473128491620111,0.764463687150838,0.7702220670391061,0.8059581005586592,0.819421089385475,0.8283617318435754,0.8507611731843574,0.8572737430167596,0.8759909217877094,0.8749567039106145,0.8994727653631285,0.9023135474860335,0.9053784916201116,0.903784217877095,0.9163575418994412,0.915022346368715,0.9089022346368714,0.910554469273743,0.9034518156424581,0.901979748603352,0.854701815642458
1405681632,180,0.7230097222222223,0.74716875,0.7643861111111112,0.7702034722222222,0.8061409722222223,0.8195125,0.8285055555555555,0.8507659722222222,0.8573298611111111,0.8760090277777779,0.8750548611111111,0.8994993055555556,0.9023854166666665,0.9054270833333332,0.9038694444444444,0.9164111111111111,0.9151006944444443,0.9089284722222222,0.9105645833333333,0.9034743055555555,0.9020138888888889,0.8545868055555557
1405681632,181,0.722861187845304,0.7469758287292817,0.7642859116022099,0.770154005524862,0.8063390883977901,0.8196174033149172,0.8286312154696134,0.8508549723756905,0.8573508287292818,0.8761174033149172,0.875131906077348,0.8995704419889503,0.9024502762430938,0.9054813535911602,0.9040138121546961,0.9165366022099447,0.9152493093922652,0.908988950276243,0.9106180939226519,0.9035669889502762,0.9020290055248619,0.8545932320441989
1405681632,182,0.7227163461538462,0.7468440934065934,0.7642149725274726,0.770147664835165,0.8065357142857145,0.8197616758241759,0.8287712912087912,0.8508873626373628,0.8573901098901099,0.8761991758241758,0.8751854395604396,0.8996813186813187,0.9025178571428574,0.9056229395604397,0.9041339285714287,0.9166929945054947,0.9153317307692309,0.9090803571428573,0.9107328296703296,0.9036538461538463,0.9020418956043956,0.8545178571428572
1405681632,183,0.7225860655737705,0.7467233606557376,0.7642349726775955,0.7701543715846995,0.8067506830601093,0.819938524590164,0.8289685792349727,0.8509822404371584,0.8574501366120219,0.8763237704918033,0.8752602459016393,0.899792349726776,0.9026407103825137,0.9057363387978141,0.9042493169398907,0.9168142076502731,0.9154371584699454,0.9091516393442624,0.9107909836065574,0.9036844262295083,0.9020887978142077,0.8544521857923497
1405681632,184,0.7224592391304347,0.746578125,0.7642370923913042,0.7701908967391305,0.8069510869565217,0.8200360054347826,0.8291188858695653,0.851085597826087,0.857546875,0.8763532608695652,0.8752724184782609,0.8999116847826086,0.90271875,0.90584375,0.9043213315217391,0.9168926630434783,0.91553125,0.9092139945652173,0.910788722826087,0.9036711956521739,0.9021508152173913,0.854422554347826
1405681632,185,0.7223844594594595,0.7464094594594595,0.7641729729729729,0.7701722972972973,0.8071358108108108,0.8201344594594594,0.8291777027027026,0.8511702702702703,0.8576364864864865,0.8763418918918919,0.875218918918919,0.9000060810810812,0.9028290540540541,0.9059378378378379,0.9043898648648648,0.9169844594594595,0.915675,0.9093027027027027,0.9108743243243244,0.9037837837837838,0.9021851351351352,0.8543878378378379
1405681632,186,0.722241935483871,0.7463434139784947,0.7641155913978495,0.7701995967741936,0.8073158602150539,0.8202533602150538,0.8292641129032259,0.8511995967741935,0.8576747311827957,0.8763487903225807,0.8752426075268817,0.9000860215053763,0.9029778225806451,0.9060120967741936,0.9045073924731182,0.9171095430107528,0.9158219086021504,0.9093219086021505,0.9109657258064515,0.9038602150537633,0.9021928763440861,0.854309811827957
1405681632,187,0.7220655080213905,0.7462419786096257,0.7640467914438502,0.7701938502673797,0.80750935828877,0.8203790106951871,0.8293803475935829,0.8512573529411764,0.857701871657754,0.8763950534759358,0.8752479946524064,0.9001577540106952,0.9030748663101603,0.9060889037433154,0.9046905080213903,0.9172239304812834,0.9159197860962567,0.9094458556149733,0.9110942513368984,0.9039719251336898,0.9022901069518716,0.8542459893048129
1405681632,188,0.7218989361702127,0.7460019946808512,0.7640352393617021,0.7701801861702128,0.8076994680851063,0.8204847074468085,0.8294827127659575,0.8513031914893617,0.8577586436170213,0.8764654255319149,0.87534375,0.9003257978723405,0.9032480053191488,0.9062054521276596,0.9048264627659575,0.9174142287234042,0.9161203457446809,0.9096117021276595,0.9112619680851064,0.9040764627659574,0.9024002659574468,0.8542333776595744
1405681632,189,0.7217202380952381,0.7458981481481481,0.7639920634920635,0.7701474867724867,0.8078988095238095,0.8206507936507937,0.8295820105820105,0.8513399470899471,0.8577751322751321,0.8764662698412697,0.875369708994709,0.9004166666666668,0.9033108465608466,0.9063386243386244,0.9048763227513227,0.9175079365079366,0.9162222222222222,0.9096554232804233,0.9113253968253968,0.9041223544973546,0.9024107142857142,0.8541428571428571
1405681632,190,0.7215276315789474,0.7457164473684211,0.763970394736842,0.7701782894736843,0.8081269736842105,0.8207585526315789,0.8296480263157894,0.8513907894736842,0.8578072368421052,0.876533552631579,0.8754125,0.9004901315789473,0.9033796052631579,0.9064894736842105,0.9049565789473685,0.9175999999999999,0.9162809210526316,0.9096848684210527,0.9113605263157895,0.9041763157894738,0.9024526315789474,0.8540546052631579
1405681632,191,0.7213678010471203,0.7456106020942409,0.7639685863874346,0.7701681937172775,0.8082591623036649,0.8209299738219895,0.8298003926701571,0.8514751308900524,0.8578390052356022,0.8765366492146598,0.8754352094240837,0.9004869109947644,0.9034031413612565,0.9065274869109948,0.9050628272251309,0.9176760471204188,0.9163200261780104,0.9097971204188482,0.9114109947643979,0.9041642670157068,0.9024862565445025,0.8540098167539267
1405681632,192,0.7212513020833332,0.745400390625,0.76396875,0.7701484375,0.808396484375,0.820986328125,0.82989453125,0.8514498697916667,0.8578404947916666,0.876560546875,0.8754713541666668,0.9005631510416666,0.903521484375,0.9066087239583333,0.9050970052083332,0.9177838541666666,0.9164166666666667,0.9098671875,0.9114759114583333,0.904212890625,0.902513671875,0.8540026041666666
1405681632,193,0.721151554404145,0.7452208549222799,0.7639086787564765,0.7701360103626943,0.8085414507772021,0.8210913212435232,0.8299766839378238,0.8515155440414508,0.8578808290155439,0.876556347150259,0.8755090673575128,0.9006554404145075,0.9035913212435233,0.9066955958549221,0.9051463730569946,0.9179067357512952,0.9165485751295335,0.9099663212435231,0.9115887305699479,0.9043076424870464,0.9025680051813469,0.8538918393782383
1405681632,194,0.7209838917525773,0.7451295103092784,0.7638814432989691,0.7701739690721651,0.8087680412371135,0.8211649484536083,0.830146262886598,0.8515747422680413,0.8578988402061857,0.8765728092783507,0.8755341494845361,0.9006791237113403,0.9036269329896909,0.9067970360824743,0.9052970360824742,0.9179871134020621,0.9166295103092785,0.9099864690721652,0.9116623711340207,0.9043807989690723,0.9025528350515465,0.8537828608247423
1405681632,195,0.7208032051282052,0.7450307692307693,0.7639108974358976,0.7701769230769231,0.8089692307692308,0.8212801282051283,0.8302884615384617,0.8516070512820513,0.8579076923076924,0.8765467948717949,0.875499358974359,0.9007346153846155,0.903646794871795,0.9068141025641028,0.9053435897435899,0.9180448717948719,0.9166756410256413,0.9100500000000001,0.9117461538461539,0.9044224358974361,0.9025897435897438,0.853721794871795
1405681632,196,0.7206364795918367,0.7448571428571429,0.7638654336734694,0.7701683673469388,0.8091179846938776,0.8213877551020409,0.8304840561224489,0.8516485969387756,0.8579151785714286,0.8765860969387755,0.8755089285714286,0.9008316326530612,0.9037895408163265,0.906906887755102,0.9054241071428571,0.918189413265306,0.9167665816326531,0.9101798469387755,0.9118182397959185,0.9044610969387754,0.9026345663265306,0.8536945153061225
1405681632,197,0.7204390862944162,0.7446573604060913,0.7637347715736041,0.7701199238578681,0.8092804568527918,0.8214219543147208,0.8304980964467006,0.8516827411167512,0.8579765228426396,0.8765888324873097,0.8755475888324873,0.900863578680203,0.9038305837563452,0.9069752538071065,0.9055120558375633,0.9182569796954315,0.9168267766497462,0.9102290609137056,0.9118553299492386,0.9045126903553299,0.9026078680203046,0.8536408629441625
1405681632,198,0.7202922979797979,0.7445208333333334,0.7636508838383839,0.7701117424242425,0.8094400252525253,0.8215101010101009,0.8305890151515152,0.8516976010101011,0.8579381313131315,0.8765757575757577,0.8755536616161617,0.9009602272727273,0.9039002525252525,0.9070227272727273,0.9055157828282828,0.9183756313131314,0.9169141414141414,0.910260101010101,0.9119217171717171,0.9046382575757577,0.9026767676767676,0.8535561868686868
1405681632,199,0.7200992462311558,0.7443674623115578,0.763588567839196,0.770069095477387,0.8095778894472362,0.8216036432160804,0.8307198492462312,0.8517179648241207,0.8579761306532663,0.8766375628140705,0.875588567839196,0.9010081658291458,0.903981783919598,0.9071199748743718,0.9056206030150754,0.9185006281407037,0.9170075376884422,0.9103410804020101,0.9120069095477386,0.9047041457286432,0.9027449748743719,0.8534359296482412
1405681632,200,0.71985875,0.7442025000000001,0.76346875,0.7700287499999999,0.809689375,0.8216500000000001,0.830831875,0.8518025,0.8580474999999999,0.87665125,0.875596875,0.90109375,0.904048125,0.907191875,0.9056956250000001,0.91859625,0.917095625,0.9104331250000001,0.9120475000000001,0.9047687499999999,0.9027675,0.8533587499999999
942484272,1,0.795,0.789,0.79425,0.805375,0.8105,0.81225,0.81525,0.810625,0.80975,0.81225,0.81125,0.813125,0.8135,0.821625,0.816875,0.824875,0.8235,0.829375,0.829875,0.827875,0.82575,0.8175
942484272,2,0.8126875,0.8168125,0.818,0.8220625,0.82875,0.831,0.8320625,0.8361875,0.8328125,0.836125,0.836125,0.837875,0.837875,0.842375,0.841375,0.8448125,0.84425,0.8468125,0.8474375,0.848,0.8479375,0.8361875
942484272,3,0.7995416666666665,0.8080833333333333,0.8145416666666665,0.8264166666666665,0.8324583333333333,0.8365833333333332,0.8397916666666666,0.8439583333333333,0.8421666666666665,0.8443333333333333,0.8440416666666665,0.8440416666666665,0.8442499999999998,0.8460416666666666,0.8455416666666666,0.8525833333333332,0.8509166666666665,0.8550416666666665,0.8543333333333333,0.8547083333333333,0.8532083333333332,0.8365833333333332
942484272,4,0.784125,0.79815625,0.8115,0.82284375,0.8335625,0.839375,0.84153125,0.84703125,0.8478125,0.85128125,0.851125,0.85078125,0.85059375,0.8545625,0.85134375,0.85715625,0.8555625,0.857375,0.85796875,0.8589375,0.8574375,0.8429375
942484272,5,0.7704000000000001,0.787675,0.8048000000000001,0.8184,0.8314250000000001,0.839825,0.842825,0.8485250000000001,0.8496500000000001,0.8550250000000001,0.855075,0.8555250000000001,0.8562250000000001,0.858475,0.8565250000000001,0.861625,0.8609750000000002,0.8628000000000001,0.8622250000000001,0.8617,0.8612000000000001,0.84485
942484272,6,0.7585833333333334,0.7766458333333334,0.7950625,0.8125208333333334,0.8282291666666668,0.8392708333333334,0.8421666666666667,0.8523125,0.8550000000000001,0.8594166666666667,0.8589583333333334,0.8600416666666667,0.8606041666666667,0.8623958333333335,0.8608958333333335,0.8637083333333335,0.8632500000000001,0.8659791666666667,0.8648125,0.8647916666666667,0.8642291666666667,0.8479583333333334
942484272,7,0.7520892857142856,0.7706071428571428,0.7893214285714284,0.807375,0.8237321428571429,0.8371071428571429,0.8404285714285714,0.8509821428571429,0.8557142857142856,0.8600178571428571,0.8603214285714286,0.8608928571428571,0.8625,0.863375,0.8634464285714285,0.86725,0.8662857142857143,0.8688928571428571,0.867625,0.8664642857142857,0.865625,0.8480714285714286
942484272,8,0.74528125,0.763640625,0.782046875,0.801375,0.818953125,0.83440625,0.837796875,0.8506875,0.85646875,0.864796875,0.864390625,0.864609375,0.86515625,0.867625,0.866453125,0.869796875,0.868828125,0.870375,0.870109375,0.867546875,0.8670625,0.847515625
942484272,9,0.7408472222222223,0.7578333333333335,0.7768472222222222,0.7968750000000001,0.8150416666666668,0.8332777777777779,0.8369861111111112,0.8508611111111112,0.8565972222222222,0.8665000000000002,0.8657916666666668,0.8680555555555557,0.8687222222222224,0.8702916666666668,0.8689861111111113,0.8719444444444445,0.8714166666666667,0.8724722222222224,0.8727500000000001,0.8704722222222224,0.8693472222222223,0.8482222222222224
942484272,10,0.73655,0.752725,0.7710375,0.7933250000000001,0.8114000000000001,0.8309500000000002,0.83435,0.8502875000000001,0.8571000000000001,0.867025,0.8672000000000001,0.870025,0.8699125,0.8717250000000001,0.8709250000000002,0.8761750000000001,0.8750000000000001,0.875575,0.8751875000000001,0.8721375000000001,0.8715125,0.8497125000000002
942484272,11,0.7329431818181817,0.7484090909090909,0.7662499999999999,0.7893068181818181,0.808840909090909,0.8281477272727271,0.8321704545454545,0.8484431818181818,0.8557272727272727,0.8672386363636363,0.8667840909090908,0.8711477272727272,0.8714431818181818,0.8752954545454544,0.8736590909090908,0.8786590909090908,0.8771363636363635,0.878215909090909,0.8781818181818181,0.873965909090909,0.8741022727272726,0.8515340909090907
942484272,12,0.7319166666666668,0.7465520833333332,0.7633125,0.7862291666666666,0.8050520833333332,0.824625,0.8295833333333332,0.8470520833333333,0.85415625,0.8676041666666666,0.86671875,0.8719687499999998,0.8725416666666667,0.87678125,0.8744270833333333,0.8789479166666665,0.8786145833333333,0.8797395833333332,0.8799166666666667,0.876,0.8751041666666667,0.8533020833333333
942484272,13,0.7294903846153846,0.7434711538461539,0.7603461538461539,0.7826346153846154,0.8015673076923079,0.8217788461538462,0.826519230769231,0.8452019230769231,0.8532115384615385,0.8676346153846155,0.8670576923076924,0.8734903846153848,0.8735096153846155,0.8779615384615386,0.8753653846153847,0.8816923076923079,0.880394230769231,0.8805769230769233,0.8811538461538462,0.8767115384615386,0.8756538461538463,0.8533173076923078
942484272,14,0.7273035714285715,0.7408571428571429,0.7585982142857142,0.7808571428571429,0.7998214285714287,0.8202321428571429,0.8252321428571429,0.844,0.8525357142857144,0.8669375,0.8663928571428571,0.8745089285714287,0.8744375000000001,0.879357142857143,0.8762142857142858,0.8824910714285715,0.8820892857142858,0.881375,0.881982142857143,0.8778660714285715,0.876875,0.8533392857142857
942484272,15,0.7264749999999999,0.7387333333333334,0.7563083333333334,0.7789333333333334,0.7981750000000001,0.8183166666666668,0.8230333333333334,0.8427416666666668,0.8515083333333334,0.8665916666666668,0.8662500000000001,0.8749250000000002,0.8752583333333335,0.8802666666666668,0.8774333333333334,0.8832833333333334,0.8831750000000002,0.8830083333333334,0.8835166666666667,0.8787666666666669,0.8780833333333334,0.8545666666666668
942484272,16,0.7258828125,0.738359375,0.7546640625,0.7771484375,0.7958671875,0.81646875,0.8208046875,0.841578125,0.8507578125,0.866375,0.8660859375,0.8751953125,0.875734375,0.881390625,0.8783125,0.8843125,0.8838671875,0.8834140625,0.88428125,0.879328125,0.8786953125,0.8546796875
942484272,17,0.7255367647058824,0.7372279411764706,0.7528602941176471,0.7757720588235294,0.7937720588235295,0.8146838235294118,0.818389705882353,0.8400441176470589,0.8497500000000001,0.8659338235294118,0.8652279411764707,0.8748970588235295,0.8758014705882353,0.8816691176470589,0.8786176470588236,0.8853676470588236,0.8847426470588237,0.8838014705882353,0.8846250000000001,0.8795955882352942,0.8789926470588236,0.8548823529411765
942484272,18,0.7250277777777777,0.736826388888889,0.7516458333333333,0.7741805555555556,0.7924652777777779,0.8126458333333334,0.8170972222222223,0.8395347222222224,0.8492083333333335,0.8665208333333335,0.866138888888889,0.8758750000000002,0.876701388888889,0.8822222222222224,0.8792291666666667,0.886076388888889,0.8851597222222224,0.8844861111111113,0.8856527777777778,0.8803611111111113,0.8795416666666668,0.8553541666666667
942484272,19,0.725546052631579,0.7370526315789473,0.751328947368421,0.7734013157894738,0.7908355263157893,0.8117894736842105,0.8162434210526315,0.8385394736842106,0.8487171052631579,0.8661973684210525,0.8654868421052633,0.8765131578947368,0.8773026315789474,0.8829013157894737,0.8804802631578948,0.8872828947368421,0.8859276315789474,0.8854473684210528,0.8861513157894736,0.88075,0.8807171052631579,0.8559342105263157
942484272,20,0.7254625,0.7369375,0.75021875,0.77204375,0.7882125,0.80933125,0.81371875,0.8370062500000001,0.847275,0.8657625,0.8647437499999999,0.8765187499999999,0.8772687499999999,0.88241875,0.8802687499999999,0.88756875,0.8867375,0.88655,0.8870374999999999,0.8816062499999999,0.8808625,0.8561875
942484272,21,0.726077380952381,0.736875,0.7502142857142856,0.7710357142857144,0.7868809523809525,0.8081309523809526,0.8123988095238095,0.8362797619047619,0.8463333333333335,0.8654464285714286,0.8645535714285716,0.877059523809524,0.8774285714285716,0.8832202380952382,0.8804761904761906,0.8880952380952382,0.887529761904762,0.887529761904762,0.8882916666666667,0.8828154761904763,0.8822619047619048,0.8569404761904763
942484272,22,0.726340909090909,0.7367159090909091,0.7499488636363636,0.7698181818181817,0.7856875,0.8068693181818183,0.8112045454545453,0.8350795454545454,0.8456193181818182,0.8648295454545455,0.8643920454545454,0.8769431818181818,0.8771193181818181,0.8839318181818182,0.8807443181818181,0.888409090909091,0.887590909090909,0.8876477272727272,0.8886590909090908,0.883431818181818,0.8829829545454545,0.8575965909090909
942484272,23,0.726320652173913,0.7365326086956523,0.7493641304347826,0.7691576086956521,0.7842391304347827,0.8057282608695653,0.8100489130434783,0.8340543478260869,0.844766304347826,0.864,0.8632934782608696,0.876608695652174,0.8772010869565217,0.8840760869565217,0.8811739130434783,0.8887282608695652,0.887820652173913,0.8887336956521739,0.8892173913043477,0.8838423913043478,0.8838206521739131,0.8575326086956523
942484272,24,0.72621875,0.736109375,0.749015625,0.76803125,0.782890625,0.8047239583333333,0.8091145833333333,0.8335729166666668,0.8442291666666667,0.8635572916666667,0.8629427083333334,0.8764739583333334,0.8771510416666666,0.884875,0.8819791666666668,0.88975,0.8883645833333333,0.8889166666666667,0.88975,0.8840052083333334,0.883859375,0.8574895833333334
942484272,25,0.725965,0.735935,0.74924,0.76787,0.7817650000000002,0.80396,0.80845,0.83305,0.8440800000000002,0.8633800000000001,0.8627150000000001,0.876845,0.8772050000000001,0.8850399999999999,0.881965,0.8902950000000001,0.888935,0.8890300000000001,0.889895,0.8843000000000002,0.88447,0.8574100000000001
942484272,26,0.7264807692307693,0.7366490384615386,0.7494375000000001,0.7674903846153845,0.7809086538461539,0.8029326923076924,0.8074326923076923,0.8326538461538463,0.8433846153846155,0.8633076923076923,0.8627644230769231,0.8769855769230771,0.8776730769230771,0.8857788461538463,0.8822644230769232,0.8911105769230772,0.8896971153846155,0.8897067307692309,0.8903990384615386,0.8847019230769232,0.8846730769230771,0.8580096153846155
942484272,27,0.7264675925925926,0.7365925925925926,0.7494305555555557,0.7670787037037037,0.7800972222222222,0.8027083333333332,0.8067314814814815,0.832425925925926,0.8435787037037037,0.8635509259259259,0.8630555555555556,0.8772916666666667,0.8781296296296297,0.8858703703703703,0.8826342592592592,0.8914537037037037,0.8901435185185185,0.8899629629629631,0.890814814814815,0.8854398148148148,0.8851527777777778,0.8580740740740741
942484272,28,0.7269955357142857,0.7373571428571429,0.7501607142857143,0.76690625,0.7796919642857143,0.80196875,0.8058303571428571,0.8317410714285713,0.8429107142857142,0.8633794642857142,0.8625267857142856,0.8774151785714285,0.8780892857142856,0.8859955357142858,0.8822455357142858,0.8917321428571429,0.8902723214285715,0.8902723214285714,0.8910892857142857,0.8855267857142857,0.88534375,0.8579375
942484272,29,0.726625,0.7378793103448277,0.7505043103448276,0.7666551724137931,0.77875,0.8014525862068965,0.8053189655172414,0.8312025862068965,0.8421163793103449,0.8626681034482758,0.8623362068965518,0.8773620689655172,0.8781422413793102,0.8861724137931034,0.8823793103448275,0.8919741379310344,0.8904396551724137,0.8907370689655172,0.891676724137931,0.8857370689655172,0.8857155172413793,0.8578318965517242
942484272,30,0.7266208333333333,0.7384333333333334,0.7506875,0.7660750000000001,0.7777583333333334,0.8006666666666667,0.8045583333333334,0.8305916666666667,0.8418166666666669,0.8624166666666667,0.8618541666666667,0.8775125000000001,0.8782083333333335,0.8865166666666668,0.8826458333333335,0.8923500000000001,0.8910791666666669,0.8912666666666669,0.8920125000000003,0.8859333333333335,0.8859791666666668,0.8579666666666668
942484272,31,0.7263991935483871,0.7389637096774193,0.7512822580645161,0.7656653225806451,0.7775604838709675,0.800314516129032,0.8038427419354839,0.8301935483870968,0.8415201612903225,0.8620322580645161,0.8614193548387096,0.8773306451612902,0.8779999999999999,0.8861290322580645,0.8821129032258064,0.8924153225806452,0.8910846774193547,0.8914717741935483,0.8923629032258064,0.8864153225806451,0.8865685483870968,0.8577379032258063
942484272,32,0.726234375,0.73928125,0.75153125,0.76569140625,0.7771015625,0.799875,0.80327734375,0.82997265625,0.84137109375,0.86162890625,0.8612890625,0.87723046875,0.87811328125,0.88627734375,0.88212109375,0.89269921875,0.89083203125,0.8919140625,0.89266015625,0.88704296875,0.88695703125,0.858078125
942484272,33,0.726344696969697,0.739746212121212,0.7519469696969697,0.7656628787878788,0.7768484848484848,0.7996515151515151,0.8031969696969696,0.8300719696969696,0.8416098484848484,0.8619545454545454,0.8614280303030303,0.8772234848484848,0.878215909090909,0.8859431818181818,0.8823068181818181,0.8928522727272727,0.8910151515151515,0.8917121212121212,0.8926325757575757,0.8869090909090909,0.887125,0.8575378787878788
942484272,34,0.7266691176470588,0.7403198529411764,0.7521507352941177,0.7653933823529412,0.7762941176470588,0.7990514705882353,0.8027867647058824,0.8294889705882353,0.8412352941176471,0.8613676470588236,0.8607242647058825,0.8774705882352942,0.8782426470588236,0.8859080882352942,0.8819963235294119,0.8925735294117647,0.8911286764705882,0.8918492647058824,0.8925147058823532,0.8872205882352943,0.8872205882352943,0.8574485294117649
942484272,35,0.72675,0.7410285714285715,0.752525,0.7650678571428572,0.7761500000000001,0.7987678571428571,0.8023107142857143,0.8297535714285716,0.8413142857142858,0.8615892857142857,0.861064285714286,0.8777357142857145,0.8785928571428573,0.8859750000000002,0.8823357142857144,0.8927000000000002,0.8911642857142859,0.8921678571428572,0.8930357142857145,0.8874428571428573,0.8874500000000001,0.8576214285714286
942484272,36,0.7271215277777778,0.741829861111111,0.7529965277777778,0.7652951388888889,0.7760486111111111,0.7986284722222222,0.8020833333333333,0.8298541666666667,0.8413854166666667,0.8614930555555556,0.8611631944444443,0.8776354166666668,0.8784236111111111,0.8861979166666667,0.8824409722222222,0.8931215277777778,0.8912881944444443,0.8924930555555556,0.8934791666666666,0.8876909722222222,0.8877847222222222,0.85790625
942484272,37,0.7269864864864864,0.7418277027027027,0.7529594594594595,0.7648918918918919,0.7750709459459459,0.7977398648648649,0.8014189189189189,0.8295135135135135,0.8407871621621622,0.8608783783783783,0.8605067567567568,0.8772364864864864,0.8780540540540541,0.8860912162162162,0.8820810810810812,0.8932027027027027,0.8912297297297298,0.8927601351351352,0.8933716216216216,0.887945945945946,0.8880270270270271,0.8577195945945946
942484272,38,0.7268552631578947,0.7421776315789473,0.7535394736842105,0.7647269736842105,0.7750361842105262,0.7973322368421052,0.8010690789473685,0.8294177631578947,0.8407598684210525,0.8607171052631578,0.8604934210526316,0.877296052631579,0.8782006578947369,0.886016447368421,0.8823190789473683,0.8935953947368421,0.891828947368421,0.8927138157894736,0.8935526315789473,0.8881677631578947,0.8883355263157895,0.857858552631579
942484272,39,0.7268717948717949,0.742522435897436,0.7540192307692308,0.7650961538461539,0.7743301282051283,0.7969230769230771,0.8006698717948718,0.829448717948718,0.8408044871794873,0.8608974358974361,0.8604583333333334,0.877842948717949,0.8787243589743591,0.8861442307692309,0.8824807692307695,0.893695512820513,0.8919903846153847,0.8926538461538465,0.893647435897436,0.8882435897435899,0.888647435897436,0.8575673076923078
942484272,40,0.727040625,0.7428312499999999,0.7543562500000001,0.7651999999999999,0.7739281250000001,0.7963375,0.800353125,0.8294625000000001,0.840875,0.860709375,0.8603156249999999,0.877865625,0.8786031249999999,0.8864500000000001,0.882178125,0.893921875,0.8921906249999999,0.8928531250000001,0.8939281250000001,0.8887062499999999,0.888925,0.857615625
942484272,41,0.7270091463414634,0.7430762195121952,0.7547560975609757,0.765329268292683,0.7738841463414634,0.796237804878049,0.799984756097561,0.8296646341463415,0.8408414634146343,0.8606189024390245,0.8602926829268295,0.8779268292682928,0.8788414634146343,0.8865396341463415,0.8823689024390245,0.8940091463414636,0.8922256097560977,0.8930304878048781,0.8940762195121952,0.8889725609756097,0.8888597560975611,0.8573506097560976
942484272,42,0.7272708333333334,0.7435863095238097,0.7554196428571429,0.7656696428571429,0.773702380952381,0.7960595238095238,0.7999345238095239,0.8298630952380953,0.8412291666666667,0.8606696428571429,0.8604464285714287,0.8780089285714286,0.8789880952380954,0.8868392857142858,0.8827351190476191,0.8945148809523811,0.8928184523809525,0.8935892857142858,0.8944434523809526,0.8891577380952382,0.8891517857142859,0.857139880952381
942484272,43,0.7272151162790697,0.7440145348837208,0.7557877906976744,0.7659738372093022,0.7733052325581394,0.7960406976744184,0.7998430232558137,0.8298662790697673,0.841502906976744,0.8607034883720929,0.8603982558139533,0.8777354651162789,0.8787936046511627,0.8871453488372092,0.8830261627906976,0.8946220930232557,0.892831395348837,0.8936802325581393,0.8945813953488371,0.8896395348837209,0.8894796511627906,0.8570901162790696
942484272,44,0.7273636363636364,0.7442556818181818,0.7563522727272728,0.7661647727272728,0.7733806818181818,0.795971590909091,0.7997670454545455,0.8300397727272727,0.8414914772727272,0.8607102272727273,0.8603636363636362,0.8778039772727273,0.8788039772727273,0.8872045454545455,0.8831392045454545,0.8950852272727272,0.8929318181818181,0.8940170454545454,0.8950170454545454,0.8900710227272728,0.89003125,0.8568948863636364
942484272,45,0.7273527777777778,0.7446055555555556,0.7566916666666667,0.766275,0.7732916666666667,0.7961833333333334,0.7997805555555556,0.8301527777777779,0.8418666666666668,0.8609416666666668,0.8606027777777778,0.8780083333333334,0.8790472222222224,0.8876861111111113,0.8834222222222223,0.8957250000000001,0.8933055555555557,0.8942277777777778,0.8953222222222224,0.8902333333333335,0.8901361111111111,0.8572000000000002
942484272,46,0.7273777173913043,0.7449048913043479,0.7568858695652175,0.7663858695652174,0.7732663043478261,0.7960597826086956,0.7995434782608695,0.8305733695652173,0.8417690217391305,0.8609782608695652,0.8606195652173912,0.8779809782608695,0.879133152173913,0.8877771739130434,0.8836440217391304,0.8959755434782609,0.8936739130434782,0.8945135869565217,0.8955896739130434,0.8907146739130435,0.8904538043478261,0.8576358695652174
942484272,47,0.7276170212765958,0.7451037234042553,0.7572553191489362,0.766625,0.7731356382978724,0.7957420212765957,0.7994228723404255,0.8306808510638298,0.8419840425531916,0.8609867021276596,0.8608058510638298,0.8782367021276596,0.8793563829787235,0.8878936170212766,0.8837074468085107,0.8960159574468084,0.8938510638297872,0.894781914893617,0.8958670212765958,0.8908989361702128,0.8907340425531916,0.8577446808510638
942484272,48,0.7279791666666666,0.745703125,0.757609375,0.7667916666666666,0.7734244791666667,0.7955755208333333,0.7994427083333333,0.8307734375,0.8420703125,0.8609921875,0.8608177083333333,0.8782109375,0.8791901041666667,0.8877526041666667,0.8836328125,0.8959453125,0.8938541666666666,0.894984375,0.8957083333333333,0.8908880208333334,0.8908411458333333,0.8576354166666667
942484272,49,0.7281096938775511,0.7460382653061224,0.7578954081632653,0.7668035714285714,0.773280612244898,0.795329081632653,0.7993494897959184,0.8309489795918368,0.8422117346938776,0.8612066326530612,0.8609362244897959,0.8784030612244899,0.879405612244898,0.8877474489795918,0.8835280612244899,0.8959642857142858,0.8938086734693877,0.8949387755102041,0.8957729591836735,0.8908137755102041,0.8907857142857143,0.8575510204081632
942484272,50,0.72823,0.7461850000000001,0.7582625000000001,0.767015,0.7734025,0.7954549999999999,0.7996074999999999,0.8313550000000001,0.8424149999999999,0.8614475,0.8613275000000001,0.878685,0.87948,0.8880399999999999,0.883875,0.8963325,0.8940275000000001,0.8951425,0.8960225,0.890865,0.8908250000000001,0.8578625000000001
942484272,51,0.7282671568627451,0.746389705882353,0.7586642156862745,0.7670441176470588,0.7733553921568628,0.795372549019608,0.7995514705882354,0.8313088235294118,0.8424019607843138,0.8613897058823532,0.861279411764706,0.8785465686274511,0.8796617647058825,0.888105392156863,0.8839166666666668,0.896308823529412,0.8939828431372551,0.895105392156863,0.8960465686274511,0.8908700980392158,0.8908700980392159,0.8576519607843138
942484272,52,0.7284086538461538,0.7465961538461539,0.759045673076923,0.767233173076923,0.7735144230769231,0.7954543269230769,0.7994399038461538,0.8314927884615384,0.8425625,0.8615096153846152,0.8612956730769231,0.8788966346153845,0.8799423076923077,0.8882139423076924,0.883983173076923,0.8965216346153846,0.8941249999999998,0.8953341346153846,0.8961802884615383,0.8912235576923077,0.8912235576923077,0.8577379807692307
942484272,53,0.7286438679245284,0.7467900943396226,0.7595047169811321,0.7672075471698113,0.7736155660377357,0.795556603773585,0.7994599056603774,0.8316485849056603,0.8427146226415095,0.8617099056603773,0.8615330188679245,0.8791533018867924,0.8802193396226414,0.8886202830188679,0.8842806603773585,0.897,0.8946462264150944,0.8954528301886793,0.8964080188679245,0.8915754716981132,0.8914575471698113,0.8577334905660378
942484272,54,0.7286574074074074,0.7468611111111111,0.7599212962962963,0.7673912037037037,0.7738865740740741,0.7958009259259259,0.799675925925926,0.8320486111111111,0.8431736111111111,0.862125,0.8618009259259258,0.8792824074074074,0.8806180555555555,0.8888310185185184,0.8846458333333332,0.8972638888888889,0.8949907407407407,0.895800925925926,0.8966759259259258,0.8917175925925926,0.8918981481481482,0.8579282407407408
942484272,55,0.7285363636363638,0.7469113636363636,0.7603886363636364,0.7674818181818182,0.7742522727272726,0.7958613636363636,0.7997090909090908,0.832340909090909,0.8433522727272726,0.8622590909090909,0.8619977272727272,0.8793204545454546,0.8805590909090909,0.8889613636363636,0.8847977272727271,0.8974113636363636,0.8951954545454545,0.8959954545454545,0.8968954545454544,0.8919295454545454,0.8919795454545454,0.8577795454545453
942484272,56,0.7283549107142857,0.747375,0.76071875,0.7677142857142858,0.7744375,0.795953125,0.7997522321428571,0.8325290178571428,0.8434910714285715,0.8624174107142857,0.8620982142857142,0.8794910714285713,0.8807209821428571,0.8891651785714286,0.8848683035714285,0.8976495535714285,0.8953526785714286,0.8962120535714285,0.8971897321428571,0.8921473214285714,0.8922678571428573,0.8579107142857142
942484272,57,0.7283421052631578,0.7476469298245613,0.7607543859649123,0.7675877192982455,0.7743552631578948,0.7958399122807018,0.7998179824561402,0.8325767543859649,0.8435548245614036,0.8625964912280701,0.8622214912280701,0.8797280701754385,0.8809276315789473,0.8892609649122807,0.8849714912280702,0.8978179824561403,0.8956337719298244,0.8961885964912281,0.8974517543859649,0.8923881578947369,0.8924671052631579,0.8580065789473684
942484272,58,0.7284590517241379,0.7478965517241379,0.7607737068965517,0.7675452586206896,0.7746163793103449,0.7959073275862069,0.799907327586207,0.8329159482758621,0.8435862068965516,0.8626702586206897,0.8622931034482759,0.8799590517241379,0.8812155172413793,0.8895818965517241,0.8851594827586207,0.8979245689655172,0.8958577586206895,0.8963491379310344,0.8976487068965516,0.8925258620689654,0.8926465517241379,0.8578857758620689
942484272,59,0.7283516949152543,0.7481292372881356,0.7612118644067796,0.7676694915254237,0.7747987288135594,0.7961186440677966,0.8000021186440678,0.8331080508474576,0.8438305084745763,0.8630529661016949,0.8626101694915255,0.8804088983050847,0.8816059322033898,0.8897330508474577,0.885332627118644,0.8983474576271187,0.8961186440677966,0.8966567796610169,0.8976800847457628,0.8927139830508475,0.8928792372881356,0.8578135593220338
942484272,60,0.7284479166666666,0.7483833333333333,0.7616520833333332,0.7678770833333333,0.7752229166666667,0.7963333333333333,0.8001854166666666,0.8334749999999999,0.84403125,0.8632270833333333,0.8627666666666667,0.88041875,0.8815875,0.8897854166666666,0.8853291666666666,0.8983520833333333,0.8962291666666666,0.8966916666666666,0.8976166666666667,0.8928583333333333,0.8929166666666666,0.8579333333333333
942484272,61,0.728577868852459,0.7485676229508197,0.7618975409836066,0.7681434426229509,0.7753422131147542,0.7963790983606557,0.800233606557377,0.8335450819672131,0.8440963114754099,0.8632295081967213,0.862860655737705,0.8805594262295082,0.8816536885245901,0.8898340163934426,0.8855245901639344,0.8983811475409836,0.8963094262295083,0.89675,0.8974959016393443,0.8928196721311475,0.8927786885245902,0.8577684426229509
942484272,62,0.7285604838709677,0.7487862903225806,0.762225806451613,0.768296370967742,0.7754858870967741,0.7965241935483871,0.8002056451612902,0.8336129032258064,0.844171370967742,0.8632903225806451,0.8629838709677419,0.8807076612903224,0.8817318548387096,0.8900987903225807,0.8856955645161291,0.8985524193548385,0.8964717741935483,0.8967681451612902,0.8977036290322581,0.8929818548387096,0.8930564516129031,0.8577620967741935
942484272,63,0.7285079365079364,0.7488591269841269,0.7625674603174604,0.7684603174603175,0.775718253968254,0.7965634920634921,0.8004007936507938,0.8337301587301588,0.8442083333333334,0.8632043650793652,0.862873015873016,0.8807043650793652,0.8818789682539684,0.8901706349206351,0.8857996031746034,0.8986488095238097,0.8965674603174605,0.8968551587301588,0.8977916666666668,0.8933194444444446,0.8933194444444446,0.8578174603174604
942484272,64,0.728529296875,0.748705078125,0.762791015625,0.768611328125,0.775787109375,0.79668359375,0.800421875,0.833865234375,0.844310546875,0.863109375,0.862748046875,0.880876953125,0.8821015625,0.89031640625,0.885640625,0.898654296875,0.896552734375,0.897037109375,0.89803515625,0.893556640625,0.89356640625,0.85791015625
942484272,65,0.7283307692307692,0.7487115384615386,0.7629884615384617,0.7686442307692308,0.7757596153846155,0.7967307692307692,0.8005653846153847,0.8339307692307694,0.8443865384615387,0.8631865384615386,0.8627807692307695,0.8810903846153848,0.8823538461538463,0.8902538461538463,0.8858480769230771,0.8987076923076924,0.8965826923076925,0.897096153846154,0.8980076923076925,0.8934480769230772,0.8933692307692308,0.8578057692307693
942484272,66,0.7283200757575757,0.748655303030303,0.7632045454545455,0.7686988636363637,0.7759526515151515,0.797064393939394,0.8007007575757575,0.834123106060606,0.8444715909090909,0.8633276515151515,0.8627897727272728,0.8812594696969697,0.882530303030303,0.8906268939393939,0.8861079545454545,0.899001893939394,0.8967329545454545,0.8971704545454545,0.8982518939393939,0.8936931818181818,0.8936647727272727,0.8578579545454545
942484272,67,0.7281847014925373,0.7486473880597015,0.7635018656716418,0.7690335820895523,0.7762369402985074,0.7974011194029852,0.8009925373134329,0.8343843283582089,0.8446417910447761,0.8636940298507464,0.8630914179104477,0.8815205223880596,0.8828694029850747,0.8908526119402985,0.8864291044776119,0.8992723880597014,0.8970634328358209,0.8974216417910448,0.8984832089552238,0.8938638059701492,0.8939347014925373,0.8579776119402985
942484272,68,0.7280625,0.7486746323529412,0.7639154411764706,0.7693143382352942,0.7765128676470587,0.79765625,0.8013235294117647,0.8346084558823529,0.8450073529411765,0.8639963235294117,0.8633327205882354,0.8816525735294117,0.8829963235294118,0.89115625,0.8865533088235293,0.8994172794117646,0.8972830882352941,0.8974485294117647,0.8984705882352941,0.8939503676470588,0.8940275735294118,0.8578841911764705
942484272,69,0.7278242753623189,0.7486449275362319,0.7641105072463767,0.7694311594202897,0.7766865942028985,0.7977826086956522,0.8014257246376811,0.8347644927536231,0.8450851449275363,0.86425,0.863590579710145,0.8817246376811594,0.8831539855072463,0.8912590579710145,0.8867826086956523,0.8996956521739131,0.8973097826086956,0.8977735507246377,0.898626811594203,0.8940833333333332,0.894036231884058,0.857784420289855
942484272,70,0.7277625000000001,0.7485875,0.7642303571428573,0.7696178571428571,0.7769678571428572,0.7979392857142859,0.8014142857142859,0.8351410714285714,0.845194642857143,0.8643785714285714,0.8637767857142858,0.8819625000000001,0.8834500000000002,0.8916089285714287,0.8870839285714287,0.9000000000000002,0.8977517857142858,0.8979517857142858,0.8988982142857144,0.894307142857143,0.8941821428571429,0.8577625000000001
942484272,71,0.727862676056338,0.7485070422535212,0.764411971830986,0.7700757042253522,0.7772253521126761,0.7982200704225352,0.801730633802817,0.8354471830985915,0.8454947183098591,0.864612676056338,0.8639084507042253,0.8823327464788732,0.8837623239436619,0.8919225352112676,0.8872693661971831,0.9003257042253522,0.8980774647887324,0.8981285211267604,0.8991073943661971,0.8944964788732394,0.8944577464788732,0.8577130281690141
942484272,72,0.72771875,0.7484305555555557,0.7643506944444445,0.7701909722222222,0.7775590277777779,0.7984114583333334,0.8018854166666667,0.8357465277777778,0.8456336805555555,0.8647777777777779,0.8641215277777778,0.8825364583333334,0.8838715277777778,0.8919670138888889,0.8875677083333332,0.9005954861111111,0.8983090277777779,0.8983177083333332,0.8994947916666668,0.8946388888888889,0.8946770833333333,0.8575833333333334
942484272,73,0.7277003424657534,0.7485308219178082,0.7644195205479453,0.7703904109589041,0.7777602739726027,0.7985599315068492,0.8020085616438355,0.8359092465753424,0.8456506849315067,0.8647431506849313,0.864236301369863,0.8826695205479451,0.8840342465753425,0.8920547945205479,0.8875565068493151,0.9007671232876712,0.8984092465753424,0.8983681506849315,0.8995068493150685,0.8945941780821918,0.8946592465753425,0.8574503424657534
942484272,74,0.7274932432432434,0.7482702702702702,0.7644898648648648,0.7705827702702702,0.7782347972972973,0.7988125,0.8022483108108108,0.8361841216216216,0.8459645270270271,0.8650912162162162,0.8643530405405406,0.8829746621621621,0.8843006756756757,0.8922364864864865,0.8877297297297297,0.9009358108108109,0.8986081081081081,0.898606418918919,0.8997398648648648,0.8947956081081081,0.8947466216216217,0.8574527027027027
942484272,75,0.72738,0.7481149999999999,0.7646483333333333,0.770615,0.7784733333333332,0.7990733333333333,0.802395,0.8364233333333333,0.84591,0.8651883333333333,0.8644733333333333,0.8831233333333334,0.8845266666666667,0.8923216666666666,0.887795,0.9010999999999999,0.8987133333333333,0.8987366666666666,0.8998533333333333,0.8948266666666665,0.8946983333333333,0.8574983333333334
942484272,76,0.7272039473684211,0.7479177631578948,0.7647467105263158,0.7706842105263157,0.7787055921052631,0.799202302631579,0.8025394736842104,0.8366875,0.8460082236842105,0.8654440789473683,0.8647105263157896,0.883389802631579,0.8847565789473685,0.8925690789473685,0.8879638157894738,0.9014111842105264,0.8989407894736842,0.898766447368421,0.9000197368421053,0.8949177631578948,0.8949802631578947,0.8574095394736841
942484272,77,0.7272175324675325,0.7476314935064936,0.7647305194805194,0.7706834415584415,0.7789025974025974,0.799456168831169,0.8028311688311687,0.8367987012987012,0.8462532467532466,0.8653879870129869,0.8647207792207792,0.8836444805194804,0.8851477272727273,0.8929123376623377,0.8882662337662337,0.9016314935064934,0.8993457792207792,0.8990422077922077,0.9002191558441557,0.8952191558441557,0.8951948051948052,0.8572759740259739
942484272,78,0.7271778846153847,0.7474567307692308,0.7647676282051282,0.770775641025641,0.7792163461538462,0.7996522435897436,0.8031939102564104,0.8372179487179489,0.8463301282051283,0.8655240384615386,0.8649070512820514,0.883883012820513,0.8853076923076924,0.8930560897435899,0.8884647435897437,0.9017035256410257,0.8993669871794873,0.8990144230769234,0.9001602564102565,0.8950625000000001,0.8951410256410258,0.8571201923076924
942484272,79,0.7269525316455697,0.7472088607594938,0.7647832278481012,0.7708607594936709,0.7794667721518987,0.7999335443037975,0.8033212025316455,0.8374636075949368,0.846512658227848,0.8656376582278481,0.8649636075949365,0.8841234177215188,0.8855553797468353,0.8930696202531644,0.8885901898734175,0.9018322784810126,0.8995490506329112,0.8989952531645568,0.9001708860759493,0.8950806962025315,0.8951977848101265,0.8570363924050632
942484272,80,0.7269125000000001,0.7471156250000001,0.7649984375,0.7709796874999999,0.7796640625,0.8002906249999999,0.803734375,0.83776875,0.8465609375,0.8658140625,0.865046875,0.8842171875,0.8857546875000001,0.8932218749999999,0.8887421875,0.9019703125,0.8997468750000001,0.8992140624999999,0.900240625,0.89516875,0.8952984374999999,0.8570656249999999
942484272,81,0.7268132716049384,0.7469938271604938,0.7649814814814815,0.7708719135802469,0.780020061728395,0.800625,0.8040061728395063,0.8380200617283952,0.846648148148148,0.8659274691358025,0.86508487654321,0.8844922839506172,0.8859907407407407,0.8933996913580247,0.8888950617283952,0.9021604938271605,0.8998379629629629,0.8992577160493826,0.9002515432098765,0.8953487654320986,0.8954722222222222,0.85704012345679
942484272,82,0.7266890243902439,0.7468079268292682,0.7650838414634147,0.7709375,0.7803170731707317,0.8008506097560976,0.8043338414634147,0.8382942073170733,0.8468628048780488,0.866016768292683,0.8652332317073171,0.884594512195122,0.8861234756097561,0.8934695121951219,0.8890198170731708,0.9021905487804878,0.9000198170731708,0.899253048780488,0.9003216463414635,0.895314024390244,0.8954893292682927,0.8568353658536586
942484272,83,0.7265963855421688,0.7467409638554217,0.7653990963855422,0.7711234939759036,0.7806129518072289,0.8011882530120482,0.8047183734939759,0.8385692771084338,0.8470496987951807,0.8661129518072289,0.8653539156626507,0.8846521084337349,0.8861852409638554,0.8936295180722891,0.889046686746988,0.9023388554216867,0.9001340361445783,0.8994774096385543,0.9004427710843373,0.8954111445783133,0.8955451807228915,0.8567981927710844
942484272,84,0.726391369047619,0.7465342261904762,0.7655892857142856,0.7712931547619047,0.7808824404761905,0.8015342261904761,0.8050267857142858,0.8388541666666668,0.8471428571428571,0.8662633928571429,0.8654613095238094,0.8847767857142856,0.8862872023809523,0.8937544642857143,0.8890982142857142,0.9026636904761903,0.900327380952381,0.8997113095238095,0.9006458333333334,0.8954032738095239,0.895610119047619,0.8567842261904761
942484272,85,0.726289705882353,0.7464882352941177,0.7656279411764706,0.7714588235294118,0.7813441176470588,0.8019470588235295,0.8053338235294119,0.839164705882353,0.8472470588235296,0.8664485294117649,0.8655338235294119,0.8849838235294119,0.8864823529411766,0.8938088235294119,0.8892411764705884,0.9027323529411766,0.9004779411764707,0.8997102941176472,0.9006823529411766,0.895539705882353,0.8955264705882355,0.8567647058823532
942484272,86,0.7261860465116279,0.7462412790697674,0.765734011627907,0.7716584302325582,0.7817543604651161,0.8023226744186047,0.8056845930232558,0.8394709302325583,0.8474840116279071,0.8665465116279071,0.8655130813953489,0.8851046511627908,0.886546511627907,0.8938226744186047,0.8893473837209304,0.902702034883721,0.9005014534883722,0.8996933139534884,0.9007601744186047,0.8954011627906977,0.8956308139534884,0.8566831395348838
942484272,87,0.7259224137931035,0.7460747126436782,0.7659224137931034,0.7718002873563219,0.7821321839080461,0.8024727011494253,0.805926724137931,0.8398620689655172,0.8476264367816091,0.8667370689655172,0.8658031609195402,0.8853879310344827,0.8868275862068965,0.8939181034482758,0.8895531609195403,0.9029525862068966,0.9006494252873563,0.8997485632183907,0.900742816091954,0.8956221264367815,0.8957471264367817,0.8566034482758621
942484272,88,0.7259332386363636,0.7459360795454545,0.7660440340909092,0.7719332386363637,0.7823536931818182,0.802762784090909,0.806169034090909,0.8401434659090908,0.8477741477272728,0.8669176136363637,0.8659488636363637,0.8855923295454546,0.8870326704545455,0.894140625,0.8896022727272728,0.9030838068181819,0.9007556818181818,0.8998068181818183,0.9009460227272728,0.8957713068181818,0.8958295454545455,0.8564957386363636
942484272,89,0.7259213483146066,0.7458553370786517,0.7660926966292135,0.7721446629213483,0.7826404494382022,0.8030828651685393,0.806435393258427,0.8402851123595506,0.8479508426966291,0.8670772471910112,0.8661193820224719,0.8858525280898877,0.8873033707865169,0.8942823033707865,0.8898033707865168,0.9032443820224719,0.9009255617977528,0.8999087078651685,0.9010393258426966,0.895995786516854,0.8959705056179775,0.8564719101123597
942484272,90,0.7258027777777777,0.7457791666666667,0.7662611111111112,0.7722763888888889,0.7829722222222224,0.8033680555555557,0.8066805555555556,0.8404930555555556,0.8481291666666668,0.8672222222222224,0.8662444444444445,0.8860569444444445,0.8876000000000002,0.8946236111111112,0.8900805555555558,0.9034458333333334,0.9011291666666669,0.9000763888888891,0.9011833333333334,0.8961222222222224,0.8961097222222224,0.8564902777777779
942484272,91,0.7257623626373627,0.7456428571428572,0.7662239010989013,0.7724010989010989,0.7832554945054946,0.8036524725274726,0.8067994505494505,0.8407321428571429,0.8483475274725276,0.8674326923076924,0.866361263736264,0.8861923076923078,0.8878186813186815,0.89478021978022,0.8901332417582418,0.903570054945055,0.9012486263736265,0.9000590659340661,0.9011648351648353,0.8960906593406595,0.895997252747253,0.8563969780219781
942484272,92,0.7257486413043479,0.7455054347826088,0.7661426630434782,0.7723872282608695,0.7835013586956523,0.8038247282608695,0.806945652173913,0.8408872282608695,0.8484076086956522,0.8674470108695652,0.8662038043478261,0.8863994565217391,0.8879266304347826,0.894875,0.8903845108695653,0.9037377717391305,0.9013804347826088,0.9000638586956522,0.9012391304347827,0.8960190217391305,0.8961236413043477,0.8562934782608695
942484272,93,0.7257217741935484,0.7454717741935483,0.7661680107526881,0.7724879032258063,0.7837513440860215,0.8040819892473118,0.8069986559139783,0.8411236559139785,0.8485537634408602,0.8674516129032257,0.8663212365591397,0.8866008064516128,0.8881021505376343,0.8950147849462364,0.8905362903225805,0.9038655913978494,0.9016142473118279,0.900266129032258,0.9013534946236558,0.896244623655914,0.8962446236559138,0.8562903225806451
942484272,94,0.7257686170212767,0.7452726063829787,0.7662140957446809,0.7725944148936171,0.7840119680851063,0.804376329787234,0.8073896276595744,0.8415146276595744,0.848844414893617,0.8676875,0.8665226063829787,0.8870438829787235,0.8884654255319149,0.8951981382978723,0.8909534574468085,0.9042380319148937,0.9020372340425532,0.9006742021276596,0.9017792553191489,0.8965771276595744,0.8965877659574469,0.8562832446808512
942484272,95,0.7257289473684211,0.7452302631578948,0.7662934210526315,0.7726552631578948,0.7843723684210526,0.8047171052631578,0.8075815789473684,0.8418210526315789,0.8490236842105263,0.867946052631579,0.8667026315789473,0.8873513157894737,0.8887342105263157,0.8954184210526316,0.8912802631578948,0.9044907894736842,0.9023592105263158,0.9008026315789474,0.9019447368421052,0.8966868421052632,0.8967118421052632,0.8564184210526317
942484272,96,0.7257057291666668,0.7452018229166666,0.766515625,0.7728216145833333,0.7845572916666667,0.8049908854166667,0.8078776041666668,0.8420494791666667,0.8492513020833332,0.8680130208333334,0.8668372395833333,0.8875416666666667,0.8889674479166667,0.8955364583333334,0.8914140625,0.9048580729166666,0.90253515625,0.90085546875,0.9020572916666666,0.8967591145833332,0.8968098958333333,0.8561953125
942484272,97,0.7257036082474226,0.7450515463917528,0.7665231958762887,0.7728402061855671,0.7848208762886597,0.805110824742268,0.8081481958762888,0.8421855670103093,0.8493208762886598,0.8681456185567011,0.8670399484536083,0.8877809278350517,0.8892873711340208,0.8956546391752579,0.8915966494845362,0.9050399484536085,0.9026340206185569,0.9010231958762888,0.9021082474226805,0.8968298969072166,0.8969536082474229,0.8561817010309279
942484272,98,0.7257882653061225,0.7450943877551021,0.7666454081632653,0.772905612244898,0.7850943877551022,0.8053558673469388,0.8082920918367347,0.8424642857142858,0.8496007653061224,0.8682461734693878,0.8671900510204081,0.8879655612244899,0.8895778061224491,0.8960548469387756,0.8919272959183675,0.905298469387755,0.9029221938775511,0.9011288265306123,0.9023431122448979,0.896875,0.897047193877551,0.8561313775510204
942484272,99,0.7257095959595959,0.745074494949495,0.7667676767676768,0.7729381313131313,0.7853888888888889,0.8055353535353535,0.8085353535353534,0.8427676767676767,0.8498194444444445,0.8683787878787879,0.8673560606060605,0.8880719696969698,0.8896919191919191,0.896239898989899,0.8921755050505051,0.9054457070707072,0.9029507575757575,0.9011603535353536,0.9022260101010101,0.8969949494949494,0.897080808080808,0.8561161616161617
942484272,100,0.725625,0.7448887500000001,0.766825,0.7729487500000001,0.7856112499999999,0.8057450000000002,0.8086412499999999,0.8429675,0.84997625,0.86858875,0.8675062499999999,0.8882825,0.8899075000000001,0.8963574999999999,0.8923462499999999,0.9056425,0.9032749999999999,0.9013087499999999,0.90242,0.8971687500000001,0.89725,0.8561037499999999
942484272,101,0.7254814356435643,0.7447970297029703,0.7668601485148515,0.7730123762376239,0.7859764851485149,0.8061992574257426,0.8089269801980199,0.8432660891089111,0.8502438118811882,0.8688576732673269,0.867785891089109,0.8885705445544556,0.8901856435643565,0.8965581683168318,0.892571782178218,0.9058502475247526,0.903506188118812,0.9014900990099011,0.9027586633663368,0.8973081683168317,0.8974158415841584,0.8560680693069308
942484272,102,0.7255857843137256,0.7445502450980391,0.7668382352941177,0.7730330882352942,0.7862132352941178,0.8064019607843138,0.8090808823529412,0.843420343137255,0.8502904411764707,0.8689583333333335,0.8679007352941178,0.8886973039215689,0.8903468137254903,0.8966127450980393,0.8926519607843139,0.9059767156862747,0.9036127450980393,0.9016789215686277,0.9028333333333335,0.89740318627451,0.897497549019608,0.8559436274509805
942484272,103,0.7256189320388349,0.7442439320388349,0.7667038834951456,0.7730898058252426,0.7864672330097087,0.8065983009708738,0.8093046116504854,0.843620145631068,0.8503422330097087,0.8691104368932039,0.8680351941747572,0.8888191747572814,0.8905351941747572,0.896745145631068,0.8927682038834951,0.9060703883495146,0.9037111650485438,0.9017864077669903,0.9029417475728155,0.8975533980582525,0.8975509708737863,0.8558398058252427
942484272,104,0.725546875,0.74396875,0.7666610576923076,0.7730012019230769,0.7866274038461538,0.8067632211538462,0.8094435096153847,0.8437439903846154,0.8504254807692307,0.8692139423076922,0.8680661057692307,0.8889879807692308,0.8907259615384615,0.8968173076923077,0.8929411057692307,0.906236778846154,0.9039182692307692,0.9018545673076924,0.9030925480769231,0.897703125,0.8976646634615386,0.8559399038461538
942484272,105,0.7254583333333333,0.7437297619047619,0.7667130952380953,0.7731107142857143,0.7869916666666666,0.8071476190476191,0.8097452380952381,0.8441166666666667,0.8505773809523811,0.8693845238095239,0.8681690476190477,0.8892619047619049,0.8909047619047621,0.8969595238095239,0.8930607142857144,0.9064797619047621,0.9041476190476192,0.902107142857143,0.9032880952380954,0.8977666666666668,0.8978642857142859,0.8559750000000002
942484272,106,0.7253466981132076,0.7435872641509433,0.7668242924528301,0.7733290094339622,0.7873915094339623,0.8074858490566038,0.8100825471698113,0.8444422169811321,0.8508219339622642,0.869628537735849,0.8684021226415094,0.8896816037735851,0.8913125,0.8972665094339622,0.8932818396226415,0.906753537735849,0.9043856132075472,0.9023231132075472,0.9034386792452831,0.8980094339622642,0.8980400943396226,0.8560341981132076
942484272,107,0.725268691588785,0.7435221962616823,0.7668703271028037,0.7734135514018692,0.7877371495327102,0.8078516355140186,0.8103212616822429,0.8446787383177571,0.8510806074766356,0.8698154205607476,0.8686028037383178,0.8899042056074765,0.8916588785046728,0.8973761682242991,0.8935817757009344,0.9069661214953271,0.9045934579439253,0.9024766355140187,0.9037301401869159,0.8981308411214952,0.8981588785046729,0.8559988317757009
942484272,108,0.7251631944444443,0.7433981481481482,0.7668692129629628,0.7734895833333334,0.7880798611111111,0.8082384259259259,0.8105625,0.844880787037037,0.8512696759259258,0.8699953703703704,0.8687650462962963,0.8901851851851852,0.8918449074074074,0.8976041666666668,0.8936759259259258,0.9071712962962963,0.9048576388888889,0.9027175925925927,0.9038576388888889,0.8982361111111112,0.898269675925926,0.8560185185185185
942484272,109,0.7251422018348623,0.7432213302752293,0.7669426605504588,0.7736605504587155,0.7884850917431192,0.8084885321100916,0.8108119266055046,0.8451261467889908,0.8514529816513762,0.8701915137614679,0.8689025229357799,0.8903107798165137,0.8920619266055045,0.8977763761467891,0.8939071100917431,0.9073520642201836,0.9051169724770644,0.9029116972477065,0.9039747706422019,0.8983050458715597,0.898375,0.8559896788990825
942484272,110,0.7251681818181819,0.7430465909090909,0.7670181818181818,0.7736897727272727,0.7887761363636364,0.8086590909090908,0.8109420454545454,0.8453022727272728,0.8515249999999999,0.8702761363636364,0.8689761363636365,0.8905261363636363,0.8921897727272727,0.8979568181818182,0.8941454545454545,0.9075318181818182,0.9052829545454546,0.9030397727272728,0.9041829545454545,0.8984818181818182,0.8984670454545455,0.8559261363636363
942484272,111,0.7251576576576576,0.7427837837837837,0.7669572072072072,0.773787162162162,0.7891576576576577,0.8089054054054055,0.8111396396396396,0.8455135135135136,0.8516677927927928,0.8704358108108108,0.8690833333333332,0.8906948198198198,0.8924031531531532,0.8979853603603604,0.8942252252252253,0.9076531531531532,0.9054177927927929,0.903009009009009,0.9042635135135135,0.8985011261261261,0.8984617117117117,0.8558941441441442
942484272,112,0.7250792410714285,0.7426372767857142,0.7669933035714287,0.773859375,0.7894229910714285,0.8091372767857142,0.8113191964285713,0.8456540178571428,0.8517779017857143,0.8704397321428571,0.8692020089285715,0.8908125,0.892546875,0.8980825892857144,0.8942667410714286,0.9078236607142857,0.9055424107142857,0.9031462053571429,0.9043627232142857,0.89859375,0.8985167410714284,0.8557578125
942484272,113,0.7250077433628318,0.7423838495575221,0.7669911504424779,0.7738539823008849,0.7896869469026548,0.8093705752212389,0.8114944690265485,0.8459137168141592,0.8519734513274336,0.8705929203539823,0.8692743362831858,0.8911128318584071,0.8927632743362832,0.8982477876106195,0.8944612831858406,0.9080143805309735,0.9056548672566371,0.9031592920353982,0.9044546460176991,0.8985995575221238,0.8984690265486727,0.8556902654867256
942484272,114,0.7248552631578948,0.7422828947368421,0.7670964912280701,0.7738739035087719,0.789905701754386,0.8096162280701755,0.8116260964912281,0.8460986842105263,0.8521655701754387,0.8706228070175438,0.8692160087719298,0.8911282894736842,0.8929342105263158,0.8984144736842106,0.8946995614035088,0.9081480263157895,0.9058848684210528,0.903201754385965,0.9044692982456141,0.8986940789473683,0.898609649122807,0.8556315789473684
942484272,115,0.7247945652173912,0.7420521739130435,0.7671260869565217,0.7740434782608695,0.7902782608695652,0.8098521739130435,0.8118630434782608,0.8463956521739131,0.8523260869565217,0.8707402173913045,0.869329347826087,0.8913326086956522,0.8930956521739131,0.8986304347826086,0.8948847826086955,0.9084108695652173,0.9061130434782608,0.9033369565217392,0.9046304347826087,0.8988565217391304,0.8987891304347827,0.8555978260869564
942484272,116,0.7245883620689656,0.7418566810344828,0.767082974137931,0.7741379310344828,0.7904989224137932,0.810032327586207,0.8120355603448276,0.8465172413793104,0.8524148706896552,0.8707295258620691,0.8693922413793104,0.8915064655172414,0.8932672413793102,0.8987737068965518,0.8950452586206896,0.9086066810344828,0.9062877155172414,0.9035118534482758,0.9047672413793103,0.8989709051724137,0.8989148706896551,0.8555420258620691
942484272,117,0.7245576923076924,0.7418034188034189,0.7670053418803419,0.7743450854700855,0.790815170940171,0.8102788461538462,0.8123237179487182,0.8467168803418805,0.8525470085470087,0.8709423076923077,0.869519230769231,0.8916431623931625,0.8934273504273507,0.8989380341880344,0.8951923076923077,0.9088044871794873,0.9064903846153848,0.9036538461538463,0.9049337606837609,0.8991250000000002,0.8990395299145302,0.8556452991452993
942484272,118,0.724541313559322,0.7415974576271187,0.7670317796610169,0.7745402542372882,0.791198093220339,0.8104968220338983,0.8125275423728813,0.8467701271186441,0.8526355932203389,0.8709968220338983,0.8695381355932204,0.8917902542372881,0.8935879237288136,0.8990752118644069,0.8953824152542372,0.9089682203389831,0.9066398305084745,0.9037510593220338,0.9050328389830509,0.8991483050847457,0.8990836864406779,0.8556398305084745
942484272,119,0.724484243697479,0.7415063025210084,0.7670399159663867,0.7746302521008404,0.7915273109243699,0.8107878151260506,0.8127373949579833,0.8469495798319329,0.8527373949579833,0.8710157563025211,0.8696586134453782,0.8919695378151262,0.8937531512605043,0.8991649159663867,0.8955882352941178,0.9091449579831935,0.9067920168067228,0.9037699579831934,0.9051271008403363,0.8992184873949581,0.8991397058823531,0.8556922268907565
942484272,120,0.7243406250000001,0.7413624999999999,0.7669645833333334,0.7747489583333333,0.7917197916666666,0.8109375,0.8128229166666667,0.8470947916666667,0.852815625,0.8711864583333333,0.8698479166666666,0.892265625,0.8940270833333333,0.89934375,0.8956989583333334,0.909390625,0.9070208333333334,0.9040135416666667,0.9053958333333333,0.8993708333333332,0.8991510416666666,0.855703125
942484272,121,0.7242241735537189,0.7413047520661157,0.7668615702479339,0.7747510330578513,0.7919617768595042,0.8110061983471074,0.8128688016528925,0.8471663223140495,0.8528657024793388,0.8711973140495868,0.8698873966942149,0.8923595041322314,0.8941787190082645,0.8994132231404959,0.8958243801652893,0.9094607438016529,0.9071280991735536,0.9041105371900826,0.905440082644628,0.8994431818181818,0.8991694214876034,0.8555971074380165
942484272,122,0.7241915983606557,0.7412377049180328,0.766891393442623,0.7749159836065573,0.7922561475409836,0.8112059426229508,0.8130512295081966,0.8473360655737705,0.8530993852459017,0.8712899590163934,0.8700543032786885,0.8925389344262296,0.8942920081967213,0.899517418032787,0.8959764344262295,0.9095491803278688,0.907156762295082,0.9041834016393443,0.905360655737705,0.8994456967213115,0.8992120901639343,0.8554334016393443
942484272,123,0.7239471544715448,0.7410376016260162,0.7667754065040652,0.7750752032520325,0.7925934959349595,0.8114319105691057,0.8132936991869919,0.8474918699186992,0.8532571138211382,0.8714237804878049,0.8701443089430895,0.8926168699186992,0.8944380081300813,0.8996544715447155,0.8961615853658537,0.9096981707317072,0.9072987804878049,0.904263211382114,0.9054766260162602,0.8994532520325204,0.8992164634146341,0.855314024390244
942484272,124,0.7238407258064515,0.7408266129032258,0.7667127016129032,0.7752429435483871,0.7928790322580646,0.8115735887096774,0.8135,0.8477278225806452,0.85340625,0.8715272177419355,0.8702903225806451,0.8929022177419355,0.8946673387096774,0.8997903225806452,0.8962530241935484,0.90978125,0.9075756048387095,0.9042933467741936,0.9055645161290322,0.8995141129032258,0.8992620967741936,0.8552439516129033
942484272,125,0.723705,0.740696,0.766633,0.7754040000000001,0.7930920000000001,0.811779,0.813655,0.8478760000000001,0.8534960000000001,0.8715970000000001,0.8703690000000002,0.8930450000000001,0.8948410000000001,0.899943,0.8963890000000001,0.909945,0.907641,0.9043580000000001,0.905666,0.8996260000000003,0.8992950000000001,0.8550910000000002
942484272,126,0.7236240079365079,0.7405049603174603,0.766546626984127,0.7755099206349207,0.7933462301587302,0.8119196428571429,0.8138472222222223,0.8479861111111112,0.8536964285714287,0.8717371031746033,0.8704414682539684,0.893137896825397,0.8949553571428572,0.9001250000000001,0.8966170634920636,0.910122023809524,0.9077291666666668,0.904482142857143,0.9057440476190477,0.8996498015873017,0.8992718253968255,0.8548740079365079
942484272,127,0.7235127952755906,0.7402627952755906,0.7663917322834648,0.7755334645669293,0.7935344488188978,0.8120374015748033,0.8139084645669293,0.8480236220472444,0.85373031496063,0.8717175196850394,0.8704419291338583,0.8932942913385827,0.8951003937007874,0.9001771653543308,0.8966712598425198,0.9101338582677166,0.9077933070866143,0.9045905511811024,0.9058385826771654,0.8996791338582677,0.8993444881889765,0.8547834645669293
942484272,128,0.7234091796875,0.740150390625,0.7663583984375,0.7756826171875,0.79369921875,0.812134765625,0.8139580078125,0.8481005859375,0.85378125,0.8718291015625,0.8705009765625,0.89343359375,0.8952841796875,0.9002421875,0.896873046875,0.910251953125,0.9078994140625,0.90472265625,0.9059345703125,0.899744140625,0.899357421875,0.8547158203125
942484272,129,0.7232819767441859,0.7400717054263564,0.7663740310077518,0.7758129844961238,0.7939709302325579,0.8123168604651162,0.8141220930232558,0.8483410852713178,0.8538798449612403,0.8719738372093022,0.8707160852713177,0.8936424418604649,0.895456395348837,0.9004738372093023,0.8971027131782945,0.910375968992248,0.9080852713178293,0.9048468992248062,0.9060765503875968,0.8998071705426356,0.8994728682170542,0.8546346899224805
942484272,130,0.7232298076923077,0.7399423076923077,0.7663259615384616,0.7759615384615386,0.7942057692307694,0.8125076923076924,0.8142346153846155,0.848458653846154,0.8540519230769232,0.8721163461538463,0.8708307692307693,0.8937250000000001,0.8956019230769232,0.9005634615384618,0.8972009615384617,0.910485576923077,0.9081980769230771,0.9048451923076926,0.9061365384615386,0.8998519230769232,0.8994721153846156,0.8545182692307695
942484272,131,0.7231326335877863,0.7397719465648855,0.7662595419847329,0.7759646946564885,0.7944160305343512,0.8127576335877864,0.8143072519083969,0.848625,0.8540639312977101,0.8722614503816795,0.8709961832061069,0.8938683206106871,0.8956975190839696,0.9007328244274808,0.8973234732824428,0.9105877862595421,0.9083301526717558,0.9049208015267176,0.9062681297709924,0.8998845419847329,0.8994818702290076,0.8544856870229007
942484272,132,0.7230160984848485,0.7395880681818181,0.7661657196969698,0.7760861742424242,0.7946628787878788,0.8128958333333333,0.8144498106060606,0.8487623106060606,0.8542329545454547,0.8723693181818183,0.8711231060606061,0.894094696969697,0.8959214015151515,0.9009299242424242,0.897532196969697,0.9108219696969697,0.9084412878787879,0.9050198863636364,0.9064005681818182,0.8999848484848485,0.8995454545454545,0.8543825757575757
942484272,133,0.7228778195488721,0.7394116541353383,0.7660836466165413,0.7761156015037594,0.7949201127819548,0.8130808270676692,0.8146015037593985,0.8488204887218044,0.8542744360902256,0.8724257518796992,0.8711785714285714,0.8942171052631578,0.8960554511278196,0.9009586466165412,0.8976926691729322,0.9109633458646617,0.9085498120300751,0.9050751879699248,0.9064182330827069,0.900109962406015,0.8995949248120301,0.8542631578947368
942484272,134,0.7227863805970149,0.7391856343283583,0.7660401119402985,0.7762761194029851,0.7951520522388059,0.813232276119403,0.8147444029850747,0.8489085820895523,0.8543684701492538,0.872482276119403,0.8712285447761194,0.8943451492537313,0.896088619402985,0.9010326492537313,0.8977891791044776,0.9111539179104478,0.9087192164179105,0.9051800373134329,0.9064626865671641,0.9002546641791046,0.899679104477612,0.8542733208955223
942484272,135,0.7227064814814814,0.7390111111111112,0.7660500000000001,0.7764814814814816,0.7954333333333334,0.8134305555555557,0.8149268518518518,0.849087037037037,0.8544851851851851,0.8725611111111111,0.8712824074074075,0.8944324074074074,0.8962777777777777,0.9011231481481482,0.897988888888889,0.9113342592592591,0.9088055555555556,0.90525,0.9065462962962964,0.9002574074074075,0.8996861111111112,0.8541518518518519
942484272,136,0.7226397058823529,0.7388887867647058,0.765985294117647,0.7766056985294117,0.7956277573529411,0.8136130514705883,0.8150790441176471,0.849140625,0.8545615808823529,0.8727444852941176,0.8714136029411764,0.8945661764705883,0.8963566176470588,0.9012132352941176,0.8981056985294117,0.9114871323529412,0.9090119485294117,0.9052950367647059,0.9065919117647059,0.9002766544117646,0.8997012867647058,0.8541433823529412
942484272,137,0.7225155109489051,0.7387490875912409,0.7658576642335767,0.7766031021897811,0.7958020072992702,0.813728102189781,0.8151879562043796,0.849353102189781,0.8546833941605839,0.8728275547445256,0.8714808394160584,0.8947910583941606,0.8965967153284671,0.9013184306569344,0.898191605839416,0.9116824817518248,0.9092399635036496,0.9053932481751824,0.9066733576642336,0.9002846715328466,0.8997591240875913,0.8540684306569344
942484272,138,0.7223641304347826,0.7385914855072464,0.7657898550724638,0.7766576086956521,0.7960878623188407,0.8139701086956522,0.8154067028985508,0.8494221014492753,0.854758152173913,0.872909420289855,0.8715742753623189,0.8949619565217393,0.8967572463768115,0.9014184782608695,0.8983659420289855,0.9118641304347825,0.9094918478260869,0.9054846014492752,0.9067699275362318,0.9003632246376813,0.899883152173913,0.853990036231884
942484272,139,0.7222976618705036,0.7384316546762589,0.76568345323741,0.7766960431654676,0.7963839928057553,0.8140998201438849,0.8155404676258993,0.8495323741007195,0.854830035971223,0.8729730215827337,0.8716187050359712,0.8950260791366906,0.896921762589928,0.9015827338129496,0.8985530575539569,0.912,0.9096879496402878,0.9055629496402878,0.9068875899280576,0.9003723021582735,0.8999370503597122,0.8539118705035972
942484272,140,0.7221642857142858,0.7382598214285715,0.7656946428571428,0.7767723214285714,0.796575,0.8141624999999999,0.8156383928571429,0.84954375,0.8548499999999999,0.87296875,0.8716375000000001,0.8951232142857143,0.8969589285714284,0.9015660714285714,0.8985776785714286,0.9120133928571429,0.9096714285714286,0.9055794642857142,0.9068526785714286,0.9004,0.8999080357142857,0.8537196428571429
942484272,141,0.7220930851063829,0.7380531914893617,0.7656843971631206,0.7768200354609928,0.7967686170212765,0.8142570921985816,0.8156932624113475,0.8496799645390071,0.8548962765957446,0.8730292553191489,0.8717260638297872,0.8952597517730496,0.8970939716312057,0.9016737588652481,0.898741134751773,0.9121728723404255,0.9099095744680851,0.9056560283687943,0.9069822695035461,0.9005248226950355,0.9000097517730496,0.8535815602836879
942484272,142,0.7220132042253522,0.7379022887323944,0.7656866197183099,0.776925176056338,0.7970448943661972,0.8144920774647887,0.8158371478873239,0.8498855633802818,0.8550466549295774,0.8731769366197183,0.8718116197183099,0.8954524647887324,0.8973441901408451,0.9018327464788732,0.8989401408450705,0.912349471830986,0.9101329225352113,0.9058107394366197,0.9071883802816901,0.9005642605633803,0.9000959507042254,0.8535387323943662
942484272,143,0.721875,0.7376617132867133,0.7656451048951048,0.7769326923076924,0.797145979020979,0.8147019230769231,0.8159458041958042,0.8499466783216783,0.8551433566433566,0.8732421328671328,0.8718417832167832,0.8955979020979021,0.8975008741258741,0.9019291958041957,0.8990751748251748,0.9124676573426572,0.9102211538461538,0.9058951048951048,0.9072692307692307,0.9006328671328672,0.9002290209790209,0.8534519230769231
942484272,144,0.7216640625,0.7374713541666666,0.7655295138888889,0.7770164930555555,0.797376736111111,0.814859375,0.816115451388889,0.8500434027777778,0.8552404513888889,0.8733854166666667,0.8720112847222222,0.8957647569444445,0.8976397569444444,0.9020928819444445,0.8992361111111111,0.9126015625,0.9102743055555556,0.905953125,0.9073532986111111,0.9007430555555557,0.9002395833333334,0.8533828125
942484272,145,0.7214568965517242,0.7372379310344827,0.765371551724138,0.7770344827586207,0.7975275862068966,0.815005172413793,0.8162387931034483,0.8501525862068966,0.8554362068965518,0.8735120689655171,0.8720646551724138,0.8959905172413792,0.8978293103448275,0.9022603448275862,0.8993758620689655,0.9127913793103448,0.9104724137931034,0.9060991379310345,0.9074396551724138,0.9008224137931035,0.9003310344827586,0.8533353448275862
942484272,146,0.721375,0.7370436643835617,0.765367294520548,0.7771746575342465,0.7978313356164383,0.8151429794520547,0.8164529109589042,0.8503296232876713,0.8555873287671233,0.8736686643835616,0.8721481164383562,0.8961472602739726,0.897972602739726,0.9023296232876712,0.899597602739726,0.9129529109589041,0.9105933219178081,0.9062114726027397,0.9075299657534246,0.9008878424657534,0.9003227739726027,0.8533724315068494
942484272,147,0.7213171768707484,0.7369923469387755,0.76534268707483,0.7772389455782314,0.7980960884353742,0.8152670068027211,0.816700680272109,0.850405612244898,0.8556649659863947,0.8737925170068027,0.8722721088435373,0.8962287414965988,0.8981232993197279,0.902452380952381,0.8997933673469388,0.9131062925170067,0.9107465986394556,0.9063129251700681,0.9076156462585033,0.9009761904761905,0.900311224489796,0.8533197278911565
942484272,148,0.721214527027027,0.7367795608108109,0.7652466216216217,0.7772922297297298,0.7984155405405405,0.8153893581081081,0.8168108108108109,0.8505760135135135,0.8557305743243244,0.8739028716216217,0.8723682432432432,0.8964349662162162,0.8982880067567568,0.9026055743243244,0.8999662162162163,0.9132668918918919,0.9108969594594595,0.906433277027027,0.9076866554054054,0.901039695945946,0.900333614864865,0.8531765202702702
942484272,149,0.7210830536912751,0.7365998322147651,0.7651434563758389,0.7772709731543626,0.7986828859060403,0.8155226510067115,0.8169286912751678,0.850743288590604,0.85578355704698,0.8739303691275168,0.8724429530201343,0.8965192953020135,0.8983867449664429,0.9026661073825503,0.9000738255033557,0.9133322147651006,0.9110041946308725,0.9064958053691275,0.9077642617449665,0.9010478187919463,0.9003380872483222,0.8530746644295303
942484272,150,0.7209841666666666,0.73643,0.7651591666666666,0.7773133333333333,0.7988441666666667,0.8156858333333333,0.8170941666666668,0.8509933333333334,0.8559058333333334,0.8739991666666667,0.87263,0.8966841666666666,0.8986383333333333,0.9028275,0.9002591666666667,0.9135383333333333,0.9112033333333334,0.9067158333333333,0.9079466666666666,0.9010616666666668,0.9004283333333333,0.8530250000000001
942484272,151,0.7209048013245033,0.7363692052980132,0.7650968543046358,0.7773708609271524,0.7990844370860928,0.8158468543046357,0.8172491721854305,0.8510604304635762,0.8560041390728477,0.8741390728476821,0.8726754966887417,0.896828642384106,0.8987905629139072,0.9029652317880794,0.9004271523178808,0.913716059602649,0.9113915562913908,0.9068004966887416,0.9080976821192053,0.9011200331125828,0.9005364238410596,0.8529718543046357
942484272,152,0.720859375,0.736203125,0.7649177631578948,0.7774268092105262,0.7993092105263158,0.8160485197368421,0.8173799342105262,0.8512064144736843,0.8560427631578947,0.8741652960526316,0.8726833881578948,0.8969342105263158,0.8988914473684211,0.9029662828947369,0.9005444078947369,0.913827302631579,0.9114490131578948,0.906828125,0.9081537828947369,0.9011282894736842,0.9005805921052631,0.8528758223684211
942484272,153,0.720877450980392,0.7360531045751634,0.7648692810457517,0.7774779411764706,0.7996127450980393,0.8163022875816994,0.8176119281045752,0.8513839869281047,0.8561143790849673,0.8742924836601308,0.872701797385621,0.8971086601307191,0.8990416666666667,0.9031241830065361,0.9007410130718955,0.9140776143790852,0.9116266339869282,0.9069223856209152,0.908278594771242,0.9012091503267975,0.9005955882352943,0.8527998366013073
942484272,154,0.7207418831168831,0.7358262987012987,0.7648449675324676,0.7774650974025974,0.7998522727272728,0.8164472402597402,0.8177264610389612,0.8514732142857142,0.8561696428571429,0.874325487012987,0.8726923701298701,0.8971948051948052,0.8991590909090909,0.903241883116883,0.9009196428571429,0.9141980519480519,0.9117987012987013,0.906976461038961,0.9083076298701298,0.901349025974026,0.9006071428571429,0.8527694805194805
942484272,155,0.7207443548387097,0.7356798387096773,0.7648153225806452,0.7775064516129032,0.8001274193548387,0.8166588709677419,0.8179322580645162,0.8516379032258065,0.8562548387096774,0.8744129032258066,0.8727548387096774,0.8972862903225807,0.8992677419354839,0.9033532258064516,0.9010387096774193,0.9143435483870967,0.9119064516129033,0.9070669354838711,0.9083870967741936,0.9014217741935484,0.9005943548387098,0.8526516129032258
942484272,156,0.7206137820512821,0.735534455128205,0.7647067307692307,0.7775256410256411,0.8004150641025641,0.8168084935897436,0.818042467948718,0.8517091346153846,0.8563341346153845,0.8745,0.8728108974358973,0.8973253205128205,0.8993108974358974,0.9034286858974357,0.901119391025641,0.9144951923076923,0.9119447115384616,0.9071001602564102,0.9084206730769231,0.9014903846153847,0.9006065705128204,0.8524807692307693
942484272,157,0.720468152866242,0.7353789808917197,0.7646457006369426,0.7775899681528663,0.8006966560509554,0.8169554140127389,0.8182603503184714,0.8517953821656051,0.8564601910828026,0.8746027070063694,0.8729108280254777,0.8974777070063694,0.8994912420382167,0.903578821656051,0.901281050955414,0.914640923566879,0.9121027070063694,0.9071186305732485,0.9084872611464968,0.9015429936305732,0.90065525477707,0.8523654458598726
942484272,158,0.7203504746835442,0.7352658227848101,0.7646020569620252,0.7776210443037975,0.8009541139240507,0.8170838607594938,0.8184533227848101,0.8519462025316455,0.8565585443037975,0.8746985759493671,0.8730166139240506,0.8977120253164558,0.8997072784810127,0.9037666139240507,0.9014485759493671,0.9148362341772153,0.9123678797468354,0.907304588607595,0.9086020569620253,0.9016661392405063,0.900810917721519,0.8524319620253165
942484272,159,0.7201705974842768,0.7350998427672957,0.7645518867924528,0.7776603773584906,0.8011430817610063,0.817183176100629,0.8185487421383648,0.8520157232704403,0.8566297169811321,0.8747704402515724,0.8730911949685535,0.8978435534591195,0.8997861635220126,0.90387106918239,0.9015015723270441,0.9149842767295597,0.9124245283018868,0.9074205974842767,0.9087806603773586,0.9017382075471698,0.9009033018867926,0.8524701257861635
942484272,160,0.72006640625,0.7349625000000001,0.7645046875,0.7776953125,0.801353125,0.81735,0.8186765625000001,0.8521351562499999,0.856753125,0.8748273437499999,0.87314375,0.8979781250000001,0.8998999999999999,0.903940625,0.9016328125,0.9151109375,0.9125203125000001,0.9075078125,0.9089226562499999,0.90184375,0.90103828125,0.8523695312499999
942484272,161,0.7200023291925466,0.7348602484472049,0.7644006211180125,0.7776281055900622,0.8016187888198758,0.8175768633540373,0.8188757763975155,0.8522437888198758,0.8569114906832298,0.8749200310559007,0.8732422360248447,0.8981568322981367,0.9000908385093168,0.9040652173913044,0.9017507763975154,0.9152989130434782,0.9127228260869565,0.9076156832298136,0.9090318322981367,0.9019518633540372,0.9011125776397515,0.8522888198757764
942484272,162,0.7199367283950617,0.7347137345679011,0.7644043209876543,0.7776211419753087,0.8017816358024691,0.8177546296296295,0.819025462962963,0.8523240740740741,0.8569560185185184,0.8749359567901236,0.8733109567901236,0.8982145061728395,0.900173611111111,0.9041859567901235,0.9018333333333334,0.9153904320987655,0.9128279320987653,0.9077129629629629,0.9090987654320988,0.901986111111111,0.9010771604938271,0.8522476851851852
942484272,163,0.7198604294478528,0.7345812883435583,0.7643274539877299,0.7776388036809815,0.8019831288343557,0.8178773006134971,0.8192346625766871,0.8524401840490798,0.8570858895705521,0.8750544478527608,0.8734133435582822,0.8983673312883437,0.9002791411042945,0.9042829754601228,0.9019700920245398,0.9155414110429448,0.9129969325153374,0.9078397239263803,0.90925,0.9021403374233129,0.9011993865030674,0.852153374233129
942484272,164,0.7198064024390244,0.7344207317073171,0.7642423780487806,0.7775678353658536,0.8021646341463415,0.8179839939024391,0.8193536585365854,0.852467987804878,0.8571920731707318,0.8751280487804878,0.873453506097561,0.8984939024390244,0.9004092987804878,0.9043795731707318,0.9021006097560976,0.9156349085365852,0.9130846036585366,0.907878048780488,0.9093010670731708,0.90221875,0.9012416158536585,0.8521371951219512
942484272,165,0.7196984848484849,0.7342757575757576,0.7642075757575758,0.7775204545454545,0.8023681818181818,0.8181560606060606,0.8195636363636363,0.8525333333333333,0.8572242424242424,0.875205303030303,0.8735250000000001,0.8985924242424241,0.9005515151515151,0.9044401515151514,0.9021969696969697,0.9158098484848485,0.9132159090909091,0.9079446969696969,0.9093931818181819,0.9023628787878788,0.9013530303030302,0.8520833333333333
942484272,166,0.7195926204819277,0.7340481927710844,0.7641084337349399,0.7774871987951808,0.8025376506024097,0.8183215361445784,0.819644578313253,0.8525941265060241,0.8573042168674699,0.8752492469879518,0.8735278614457831,0.8986566265060242,0.9005933734939758,0.9045173192771084,0.9022884036144578,0.9159359939759035,0.9132417168674699,0.9079984939759037,0.9094359939759037,0.9024111445783133,0.901460843373494,0.8519721385542168
942484272,167,0.7195074850299401,0.7338742514970059,0.7640755988023953,0.7774782934131735,0.802691616766467,0.8183682634730539,0.8197327844311378,0.8526878742514971,0.8573255988023952,0.8752529940119761,0.8735396706586827,0.898684131736527,0.9006699101796407,0.9045755988023954,0.9023241017964071,0.9160104790419161,0.9133196107784431,0.9080523952095809,0.9094603293413175,0.9024910179640719,0.9014655688622755,0.8518577844311378
942484272,168,0.7194300595238095,0.7337232142857142,0.7640758928571428,0.7774947916666668,0.8028630952380952,0.8185119047619048,0.8198705357142858,0.8528444940476191,0.8573831845238096,0.8753549107142856,0.8736160714285715,0.8988415178571427,0.9007961309523809,0.9046257440476191,0.9024285714285714,0.916046875,0.9134203869047619,0.9081599702380952,0.9094955357142858,0.9025892857142856,0.9015900297619047,0.8517269345238095
942484272,169,0.719310650887574,0.7335946745562129,0.7640687869822486,0.7774918639053255,0.8031176035502958,0.8186301775147928,0.819955621301775,0.852960798816568,0.8574556213017752,0.8754112426035504,0.873698224852071,0.8988846153846155,0.9008794378698225,0.9047085798816568,0.9025258875739646,0.916146449704142,0.9134726331360947,0.9082056213017752,0.9095414201183432,0.9026531065088758,0.9016508875739645,0.8515880177514794
942484272,170,0.7192036764705882,0.733445588235294,0.7640066176470589,0.7774676470588235,0.8032691176470589,0.8188183823529412,0.8200742647058824,0.852994117647059,0.8575154411764706,0.8754514705882355,0.873681617647059,0.8989463235294118,0.9009088235294119,0.9047867647058825,0.9025970588235296,0.916258823529412,0.9135529411764707,0.9082154411764707,0.9095713235294118,0.9026742647058825,0.901629411764706,0.8514514705882353
942484272,171,0.7191162280701755,0.7332755847953216,0.7638647660818713,0.777453947368421,0.8033859649122808,0.8188888888888889,0.8201483918128654,0.8530124269005848,0.8575986842105262,0.8755255847953216,0.8737434210526315,0.8990767543859649,0.9010051169590644,0.904811403508772,0.9026133040935672,0.9163545321637426,0.9136966374269005,0.9082887426900584,0.9096520467836258,0.9027675438596491,0.901687134502924,0.8513099415204679
942484272,172,0.7190341569767442,0.733202761627907,0.7637805232558139,0.7775545058139535,0.8035472383720931,0.8190552325581395,0.8203350290697674,0.8531271802325582,0.8577543604651164,0.8756526162790698,0.8738321220930234,0.8992267441860465,0.9011744186046512,0.9049687500000001,0.9028212209302325,0.9165181686046512,0.9138590116279071,0.9084869186046513,0.9098204941860465,0.9028466569767443,0.9018386627906978,0.8513204941860465
942484272,173,0.7189364161849712,0.7330289017341041,0.7637651734104047,0.7775592485549132,0.8037008670520231,0.819135838150289,0.8204588150289017,0.8531763005780346,0.8578106936416185,0.8756842485549133,0.8737947976878612,0.8993742774566474,0.9013403179190752,0.9051156069364161,0.9029776011560693,0.9167767341040463,0.9140202312138729,0.9086755780346821,0.9099559248554913,0.9030158959537573,0.9019248554913295,0.8512304913294798
942484272,174,0.7188987068965518,0.7328979885057472,0.7637701149425287,0.7775581896551724,0.8038656609195403,0.8192579022988505,0.820555316091954,0.8532241379310345,0.8577931034482759,0.8757306034482758,0.8738326149425286,0.899467672413793,0.9014497126436781,0.9051824712643678,0.9031084770114942,0.916889367816092,0.9141795977011493,0.9087514367816092,0.9100524425287356,0.9030969827586207,0.9020158045977011,0.8511932471264367
942484272,175,0.7188000000000001,0.7327978571428572,0.7636264285714285,0.7775864285714286,0.8039735714285714,0.8193235714285713,0.8206107142857143,0.8532799999999999,0.8578328571428572,0.8757657142857143,0.8738964285714285,0.8995157142857142,0.90154,0.9052764285714286,0.9031807142857143,0.9169614285714286,0.9142764285714285,0.908795,0.9100971428571429,0.9031635714285715,0.9020342857142857,0.8510850000000001
942484272,176,0.7186938920454545,0.7326491477272727,0.7635788352272728,0.7775681818181819,0.8041640625,0.8194176136363637,0.8207365056818182,0.8533821022727273,0.8579076704545455,0.8758181818181817,0.8740213068181818,0.8996171875,0.9016186079545455,0.9053600852272727,0.903245028409091,0.9170646306818182,0.9144169034090909,0.9088529829545455,0.9101988636363637,0.9032045454545455,0.902127840909091,0.8510184659090909
942484272,177,0.7185091807909604,0.732478813559322,0.7634894067796609,0.7775233050847458,0.8042450564971751,0.8195628531073446,0.820816384180791,0.8534512711864406,0.8579406779661016,0.8759413841807909,0.8741398305084745,0.8997528248587571,0.9016906779661017,0.9054011299435029,0.9033735875706215,0.9172259887005649,0.9145155367231639,0.9089350282485875,0.9102768361581921,0.903274011299435,0.9020925141242938,0.850935734463277
942484272,178,0.7184087078651686,0.7323398876404494,0.7634466292134833,0.7775259831460674,0.8044536516853932,0.8196973314606741,0.820999297752809,0.8535505617977528,0.8580217696629213,0.8759719101123595,0.8742198033707865,0.8999473314606742,0.9018096910112361,0.905502808988764,0.9035259831460675,0.9174129213483146,0.9147106741573034,0.9089733146067415,0.9103785112359551,0.903364466292135,0.9021727528089887,0.8509066011235955
942484272,179,0.7182688547486035,0.73218156424581,0.7633756983240224,0.7775139664804469,0.8046305865921788,0.8198121508379889,0.8210921787709496,0.8535516759776537,0.8580782122905027,0.876022346368715,0.8742918994413408,0.9000265363128491,0.9019909217877093,0.9055914804469274,0.9036634078212289,0.9174608938547485,0.9148617318435754,0.9090642458100558,0.910481843575419,0.9033826815642458,0.9021927374301677,0.8508079608938547
942484272,180,0.7181159722222222,0.7320402777777778,0.7632916666666667,0.7774986111111112,0.8047534722222222,0.8198777777777777,0.8211569444444444,0.8536069444444445,0.8581340277777778,0.8761201388888888,0.8743166666666666,0.9001097222222221,0.9020395833333333,0.9056736111111111,0.9037354166666667,0.9175590277777779,0.9149284722222222,0.9090840277777776,0.9104638888888889,0.9034069444444445,0.90225,0.8506965277777777
942484272,181,0.7179191988950276,0.7318708563535911,0.7632078729281768,0.7775151933701657,0.8049171270718232,0.8199419889502763,0.8212099447513813,0.8536954419889503,0.8581381215469612,0.8762023480662984,0.8744012430939226,0.9001857734806629,0.9021222375690607,0.9057389502762432,0.9038508287292818,0.9176698895027624,0.9150414364640883,0.9091705801104972,0.9105414364640882,0.9034620165745855,0.9022872928176796,0.8507589779005525
942484272,182,0.7177541208791209,0.7316998626373626,0.7630885989010989,0.7774793956043957,0.805118131868132,0.8200453296703298,0.8213351648351649,0.8537280219780221,0.8582163461538462,0.8762754120879122,0.8744258241758244,0.9002967032967034,0.9022520604395606,0.9058894230769232,0.9039553571428574,0.9178234890109892,0.9151717032967035,0.9092699175824176,0.9105982142857144,0.9035212912087913,0.902346153846154,0.8507472527472528
942484272,183,0.7177226775956285,0.731579918032787,0.7630362021857924,0.7775327868852459,0.8053777322404371,0.8202110655737705,0.8214781420765027,0.8538319672131147,0.8582984972677595,0.8763627049180327,0.8744890710382514,0.9004282786885246,0.9023654371584698,0.9060081967213115,0.9041352459016393,0.9179296448087432,0.9152575136612022,0.9093319672131147,0.9106441256830601,0.9035607923497267,0.9023565573770491,0.8506823770491804
942484272,184,0.717616847826087,0.7315292119565218,0.7629741847826087,0.7775346467391305,0.8055482336956522,0.8203186141304347,0.821554347826087,0.8538879076086957,0.8583192934782609,0.8764177989130435,0.8744986413043478,0.9004986413043478,0.9024510869565218,0.906078125,0.9041881793478261,0.917985054347826,0.9153573369565218,0.9094239130434782,0.9107072010869565,0.9036202445652174,0.9024055706521739,0.8506460597826088
942484272,185,0.7175222972972974,0.7313756756756756,0.7629074324324324,0.7775364864864865,0.8057074324324324,0.8203972972972973,0.8216033783783785,0.8539689189189189,0.8583574324324325,0.8764452702702703,0.8744743243243243,0.9005972972972973,0.9025871621621623,0.9061567567567568,0.9042385135135135,0.9181277027027026,0.9155189189189189,0.9094858108108108,0.9108121621621622,0.9036587837837837,0.9024067567567567,0.8505871621621621
942484272,186,0.7174415322580645,0.7312580645161291,0.7628434139784945,0.777557123655914,0.8058635752688171,0.8205073924731182,0.821692876344086,0.8540423387096773,0.8584395161290322,0.8764327956989246,0.8744442204301076,0.9006908602150537,0.902692876344086,0.9062567204301075,0.9043380376344086,0.9182533602150538,0.9156471774193549,0.9095725806451612,0.9109086021505377,0.9037654569892473,0.9024543010752687,0.8505430107526881
942484272,187,0.7172540106951871,0.7311450534759358,0.7627660427807487,0.7775514705882354,0.8060608288770053,0.8206510695187167,0.8218141711229946,0.8540728609625668,0.8584979946524064,0.8764451871657755,0.8744451871657755,0.9007967914438503,0.9027640374331551,0.9063656417112299,0.9044237967914439,0.9183796791443851,0.9157767379679144,0.9096570855614973,0.9110267379679144,0.9038462566844919,0.9025401069518716,0.8504632352941176
942484272,188,0.717125664893617,0.7310019946808511,0.7627347074468086,0.7775711436170213,0.8062719414893617,0.820811170212766,0.8219235372340425,0.8541150265957447,0.8585684840425531,0.8765352393617022,0.8745372340425532,0.9009335106382979,0.9028949468085107,0.9064720744680851,0.9046070478723405,0.9185751329787233,0.9159242021276596,0.9097659574468084,0.9111788563829787,0.9039228723404256,0.9025984042553191,0.8504315159574469
942484272,189,0.7170033068783069,0.7308597883597884,0.7626792328042327,0.7775833333333333,0.8064007936507936,0.8208776455026454,0.821931216931217,0.8541917989417989,0.8586177248677248,0.8765595238095238,0.8745396825396824,0.9010191798941798,0.9029927248677249,0.9066091269841269,0.904635582010582,0.9186739417989418,0.9160304232804232,0.9098194444444443,0.9112294973544972,0.9040052910052909,0.9026567460317461,0.8502804232804233
942484272,190,0.7169039473684211,0.7306875000000002,0.762608552631579,0.7776500000000001,0.806595394736842,0.8209302631578947,0.8219953947368421,0.8541934210526316,0.8586467105263157,0.8766157894736841,0.8745480263157894,0.9010532894736842,0.9030217105263157,0.9067151315789475,0.9047401315789475,0.918782894736842,0.9161065789473685,0.9098776315789473,0.9112263157894737,0.9040552631578948,0.9027019736842106,0.8502223684210526
942484272,191,0.7167833769633507,0.7305804973821989,0.7625641361256544,0.7776380890052356,0.8067657068062827,0.821044502617801,0.8221034031413612,0.8542873036649216,0.8586793193717278,0.8766027486910996,0.874571335078534,0.9011073298429321,0.9030647905759163,0.9068069371727749,0.9048200261780105,0.9188606020942409,0.9161773560209424,0.9099659685863875,0.911309554973822,0.9040909685863875,0.9026767015706806,0.8501380890052356
942484272,192,0.7166569010416668,0.7304635416666666,0.7624967447916667,0.7776731770833334,0.8069563802083333,0.8211393229166667,0.8221731770833334,0.8543346354166667,0.8586966145833334,0.8766204427083333,0.8745944010416667,0.901154296875,0.9031829427083333,0.9069231770833333,0.9049016927083332,0.9189882812499999,0.91623046875,0.9100416666666666,0.911392578125,0.904154296875,0.902716796875,0.850115234375
942484272,193,0.7165233160621761,0.730341968911917,0.7624378238341968,0.7776502590673574,0.807062176165803,0.8212305699481863,0.8222176165803108,0.8543426165803107,0.8587791450777201,0.8766262953367875,0.8746224093264248,0.9012668393782383,0.9032124352331605,0.9069896373056994,0.9049540155440413,0.9191023316062175,0.9163445595854921,0.9101386010362693,0.9114922279792745,0.904252590673575,0.9027655440414507,0.8500265544041449
942484272,194,0.7163350515463917,0.7302609536082474,0.7623865979381445,0.7776552835051547,0.8072615979381444,0.8213582474226805,0.822298969072165,0.8543872422680413,0.8588376288659795,0.8766527061855671,0.8746243556701033,0.9012925257731961,0.9032809278350517,0.9070798969072166,0.9050625000000002,0.919202963917526,0.9164523195876291,0.9101920103092784,0.9115592783505155,0.9042880154639177,0.9027519329896909,0.849958762886598
942484272,195,0.7161044871794873,0.7301666666666666,0.7623076923076924,0.7776846153846154,0.8074262820512822,0.8215160256410257,0.8224275641025642,0.8544102564102566,0.8588641025641027,0.8766307692307693,0.8746173076923078,0.9013384615384616,0.9033865384615385,0.9071237179487182,0.9051185897435898,0.9192788461538463,0.9165102564102565,0.9102358974358976,0.9116108974358976,0.9043532051282053,0.9028,0.8498647435897437
942484272,196,0.7160255102040817,0.7300414540816327,0.762234056122449,0.7777315051020409,0.8075714285714286,0.8216039540816326,0.8225133928571428,0.8544311224489797,0.858921556122449,0.8766511479591838,0.8746530612244898,0.9014017857142856,0.9034732142857143,0.907186862244898,0.9052474489795919,0.9194126275510204,0.9165790816326531,0.9103507653061225,0.9116804846938776,0.9044285714285715,0.9028373724489795,0.8498660714285713
942484272,197,0.7158128172588833,0.7299162436548223,0.7621345177664975,0.7776890862944162,0.8077157360406092,0.8216637055837563,0.8225431472081218,0.854489847715736,0.8589562182741117,0.8766605329949239,0.8746434010152284,0.9014327411167512,0.9034765228426395,0.9072925126903554,0.9053369289340102,0.9195399746192893,0.9166307106598984,0.9104003807106599,0.9117366751269036,0.9044784263959391,0.9028623096446701,0.8497258883248731
942484272,198,0.7156338383838383,0.7297866161616162,0.7620669191919193,0.7777108585858586,0.8078453282828284,0.8217247474747474,0.8225978535353535,0.8545612373737375,0.8589431818181817,0.876647095959596,0.8746174242424243,0.9015227272727272,0.9034943181818182,0.9073276515151515,0.9053806818181818,0.9196338383838384,0.9166868686868687,0.9104867424242425,0.9118263888888889,0.9045422979797979,0.9029438131313131,0.8495940656565657
942484272,199,0.7154202261306533,0.7296633165829146,0.7618900753768844,0.7776645728643216,0.8079949748743718,0.8217977386934674,0.822643216080402,0.854541457286432,0.859002512562814,0.8766494974874373,0.8745904522613066,0.901604271356784,0.9035935929648242,0.9074133165829146,0.9054591708542714,0.919731783919598,0.916804648241206,0.9105502512562814,0.9119038944723619,0.9046206030150754,0.9029610552763819,0.8494792713567839
942484272,200,0.715215625,0.7294756250000001,0.761839375,0.777718125,0.80817,0.8218775,0.8227275,0.85458,0.859024375,0.876688125,0.87460625,0.9017350000000001,0.903670625,0.907458125,0.905545625,0.919823125,0.916905,0.9106150000000001,0.911945,0.9046949999999999,0.903004375,0.849395
929893138,1,0.7955,0.79,0.791625,0.8085,0.81025,0.8135,0.8135,0.812125,0.811,0.8135,0.81225,0.810625,0.809625,0.819,0.8185,0.824,0.824,0.828125,0.827125,0.824875,0.825,0.809625
929893138,2,0.81325,0.8171875,0.8171875,0.82325,0.8301875,0.832125,0.8331875,0.8360625,0.831,0.83625,0.837,0.84,0.83775,0.8420625,0.84175,0.8465625,0.8446875,0.8473125,0.8464375,0.845625,0.84625,0.8325
929893138,3,0.7984583333333333,0.8084999999999999,0.815625,0.8264166666666665,0.8334166666666665,0.8359999999999999,0.8383749999999999,0.843625,0.8398333333333332,0.8447083333333333,0.8442083333333332,0.8452083333333332,0.8448333333333332,0.84625,0.8454583333333333,0.8524583333333332,0.8512083333333332,0.8544166666666666,0.8551666666666666,0.8516666666666667,0.8520833333333333,0.8346666666666667
929893138,4,0.78453125,0.79721875,0.8110625,0.823,0.83296875,0.83984375,0.8410625,0.84584375,0.84596875,0.85065625,0.85090625,0.85171875,0.85084375,0.8534375,0.85071875,0.85625,0.855375,0.85809375,0.85765625,0.8568125,0.8566875,0.839
929893138,5,0.7713000000000001,0.78665,0.8045,0.8190500000000001,0.831725,0.8403750000000001,0.842075,0.8475,0.8491000000000001,0.8555000000000001,0.8549750000000002,0.8569750000000002,0.8564,0.8583500000000002,0.85655,0.8627,0.8607,0.8624250000000002,0.8621000000000001,0.8610000000000001,0.8600500000000002,0.8426250000000001
929893138,6,0.7588958333333333,0.7758125,0.7950625,0.8125208333333335,0.8287083333333334,0.8396458333333334,0.8418333333333333,0.85175,0.8525000000000001,0.8595208333333334,0.8587708333333334,0.8601666666666667,0.8603958333333334,0.8607083333333335,0.8598750000000002,0.8637291666666668,0.8633541666666668,0.8655,0.8652291666666667,0.8621875,0.8642083333333334,0.8442708333333334
929893138,7,0.7533214285714286,0.7702857142857142,0.7893035714285713,0.8071607142857142,0.8245714285714285,0.8377857142857142,0.84,0.8499107142857143,0.8534285714285714,0.8605714285714285,0.8605178571428571,0.8621428571428571,0.8620357142857142,0.8632142857142858,0.8625892857142856,0.8670714285714286,0.8659107142857142,0.8688214285714286,0.8675892857142856,0.8648571428571429,0.8650178571428571,0.8447321428571429
929893138,8,0.74628125,0.763515625,0.781984375,0.801109375,0.819578125,0.834875,0.837734375,0.850265625,0.8548125,0.864796875,0.8641875,0.86525,0.864921875,0.866296875,0.86640625,0.870390625,0.86925,0.871,0.86990625,0.865890625,0.866609375,0.846125
929893138,9,0.7410277777777778,0.7587777777777778,0.7764166666666668,0.7968611111111112,0.8156111111111111,0.8334027777777778,0.8367500000000001,0.8503888888888891,0.8552083333333335,0.866263888888889,0.8661944444444446,0.8686805555555557,0.8687500000000001,0.8685000000000002,0.8692361111111113,0.8723611111111113,0.8715833333333335,0.8724583333333333,0.8724722222222224,0.8685416666666668,0.8694583333333334,0.8464027777777778
929893138,10,0.7362875000000001,0.7538375,0.7711000000000001,0.7928875000000001,0.8119875000000001,0.8310875000000001,0.8338125000000001,0.8500500000000002,0.8553750000000002,0.8671125000000002,0.8669750000000002,0.8708625000000002,0.8705750000000002,0.8703750000000001,0.8704250000000002,0.8762625,0.8747500000000002,0.8751875000000001,0.8758625000000001,0.8712125000000001,0.8709875000000001,0.8477750000000001
929893138,11,0.732875,0.7489204545454545,0.7664545454545453,0.7889090909090909,0.8086931818181817,0.8279772727272726,0.831431818181818,0.8486249999999999,0.8542045454545453,0.8670795454545454,0.8668749999999997,0.8714886363636363,0.8714431818181818,0.8740795454545454,0.8732499999999999,0.8789204545454545,0.877431818181818,0.8776477272727271,0.8784886363636363,0.8724999999999998,0.8729204545454544,0.849806818181818
929893138,12,0.7306145833333333,0.7470208333333334,0.7635625,0.78578125,0.8046145833333334,0.8250520833333332,0.82871875,0.8467604166666668,0.8526666666666667,0.8671458333333334,0.8667083333333333,0.8724791666666666,0.87278125,0.8756770833333333,0.87409375,0.8793333333333333,0.8786145833333333,0.87928125,0.8795937499999998,0.8737708333333333,0.8746666666666666,0.8517708333333333
929893138,13,0.7283557692307693,0.7445192307692309,0.7606346153846155,0.7825,0.8017500000000001,0.8221057692307694,0.8258365384615386,0.8450096153846155,0.8517500000000001,0.8672980769230771,0.8674230769230771,0.8737403846153847,0.8737980769230771,0.8772211538461541,0.8755384615384617,0.8816153846153848,0.8805096153846155,0.880173076923077,0.8810865384615386,0.8744038461538461,0.8753557692307693,0.8519134615384616
929893138,14,0.7265982142857143,0.7421964285714286,0.7588303571428571,0.7804017857142856,0.7996875,0.8204464285714287,0.8242857142857144,0.8438482142857143,0.8516071428571429,0.86675,0.8666875000000002,0.8744732142857145,0.8745178571428573,0.8776875000000001,0.876294642857143,0.8827053571428572,0.882125,0.8814375000000001,0.8820446428571429,0.8758928571428573,0.8760892857142858,0.8532589285714287
929893138,15,0.7248833333333332,0.7409083333333333,0.7566916666666668,0.7788333333333335,0.79775,0.8191250000000001,0.8225833333333334,0.8424333333333334,0.8507833333333334,0.8661333333333334,0.8662750000000001,0.8751500000000002,0.8752916666666667,0.8788500000000001,0.8773166666666669,0.8836250000000001,0.8833833333333334,0.8830166666666669,0.8836416666666669,0.8767333333333335,0.8773000000000002,0.8538750000000002
929893138,16,0.7239609375,0.7408515625,0.75559375,0.7770859375,0.7959609375,0.81703125,0.8203046875,0.8414921875,0.8498515625,0.8660078125,0.866171875,0.8755390625,0.8758046875,0.880578125,0.87828125,0.8845546875,0.883875,0.8834609375,0.8839921875,0.8775703125,0.877671875,0.8538203125
929893138,17,0.723625,0.7395073529411763,0.7536985294117646,0.7750882352941176,0.7937647058823529,0.8148676470588235,0.8181985294117649,0.8397205882352942,0.848514705882353,0.8656029411764707,0.8654632352941177,0.8753235294117648,0.8760220588235295,0.880279411764706,0.8784044117647061,0.8854338235294119,0.8847647058823529,0.8838970588235295,0.8851176470588237,0.8779632352941177,0.8781764705882353,0.8540882352941178
929893138,18,0.7236597222222223,0.7390277777777778,0.7525833333333335,0.7739583333333333,0.7924791666666667,0.8132986111111112,0.8166180555555557,0.839263888888889,0.8485833333333335,0.8663402777777778,0.8660902777777778,0.8761111111111113,0.876652777777778,0.8807847222222224,0.8790555555555557,0.8859236111111112,0.8850972222222223,0.8845625000000001,0.8858750000000001,0.8784791666666667,0.8785486111111112,0.8546527777777778
929893138,19,0.7241644736842106,0.7389868421052631,0.7516907894736842,0.7729605263157895,0.7911973684210526,0.8120657894736841,0.8157763157894737,0.8385789473684211,0.8474736842105264,0.8660921052631579,0.8654407894736842,0.8765592105263158,0.8774868421052633,0.8817631578947369,0.8807302631578947,0.8872697368421053,0.8860723684210527,0.8853947368421053,0.8864934210526316,0.8793223684210527,0.8795000000000001,0.8556513157894737
929893138,20,0.724675,0.7386937499999999,0.75105625,0.77130625,0.7889625000000001,0.80974375,0.8135875000000001,0.8366687500000001,0.84634375,0.8656312500000001,0.86505,0.8764,0.8773125,0.8812687499999999,0.8803812499999999,0.8876187499999999,0.8866624999999999,0.88658125,0.88714375,0.87985625,0.8800875,0.8554125
929893138,21,0.7257202380952381,0.7390059523809523,0.7506785714285714,0.77025,0.7875535714285714,0.8088392857142858,0.8119464285714285,0.8361011904761906,0.8454166666666667,0.865154761904762,0.8648571428571429,0.8769166666666668,0.8774642857142858,0.8822857142857143,0.8806488095238096,0.8884642857142858,0.8875119047619048,0.887482142857143,0.888327380952381,0.8806904761904764,0.8812619047619048,0.8561488095238097
929893138,22,0.7258579545454545,0.7395568181818182,0.7501761363636362,0.7688579545454545,0.7859204545454544,0.8075511363636363,0.8107045454545454,0.8352045454545454,0.8443863636363637,0.8646079545454545,0.8644204545454545,0.8769375,0.8774488636363635,0.8828579545454545,0.8808693181818182,0.8885965909090907,0.8878863636363635,0.8875113636363636,0.8884488636363637,0.881528409090909,0.882125,0.8563863636363636
929893138,23,0.72525,0.7395054347826088,0.7495,0.7677880434782609,0.7846684782608695,0.8064347826086956,0.809516304347826,0.8339945652173912,0.8433097826086955,0.8637391304347826,0.8637336956521738,0.876625,0.8773423913043478,0.883125,0.8813532608695652,0.88875,0.8881467391304347,0.8885108695652174,0.8892336956521738,0.8822228260869565,0.882820652173913,0.8570380434782608
929893138,24,0.7255260416666668,0.73959375,0.748765625,0.7667083333333332,0.7837083333333333,0.805421875,0.8085572916666667,0.8335729166666668,0.8425677083333333,0.86328125,0.8631927083333333,0.876796875,0.8770729166666666,0.8840833333333333,0.88171875,0.8897864583333333,0.8886041666666666,0.8890989583333333,0.889625,0.8823645833333333,0.8830364583333333,0.8571197916666667
929893138,25,0.7258150000000001,0.74007,0.7491100000000002,0.7661,0.7824650000000002,0.80475,0.807965,0.833125,0.8423100000000001,0.8631200000000001,0.8628200000000001,0.8768800000000001,0.8773050000000001,0.8840450000000001,0.8818050000000001,0.8903150000000002,0.8890650000000001,0.8891700000000001,0.8898400000000002,0.8827500000000001,0.8835550000000001,0.8572550000000001
929893138,26,0.7264855769230769,0.7406153846153847,0.749625,0.7657548076923077,0.7814326923076924,0.8040625,0.8071826923076924,0.832721153846154,0.8420625,0.8633028846153847,0.8629326923076924,0.8772163461538462,0.8777163461538462,0.8847067307692309,0.8822500000000002,0.8909903846153847,0.8898221153846154,0.8897067307692309,0.8906394230769231,0.882846153846154,0.8839182692307694,0.8573942307692309
929893138,27,0.7268842592592594,0.7408888888888889,0.7496203703703703,0.765375,0.780875,0.8033194444444445,0.8065324074074074,0.8325601851851853,0.8424212962962963,0.8634861111111111,0.863111111111111,0.8773425925925925,0.8782175925925926,0.8852037037037037,0.88275,0.8914351851851852,0.8903935185185184,0.8899444444444444,0.8908796296296295,0.8835740740740742,0.8843055555555556,0.8576944444444443
929893138,28,0.7272857142857142,0.7413080357142858,0.7501339285714286,0.7652366071428571,0.7804330357142857,0.8028794642857142,0.80571875,0.8320848214285713,0.8416339285714286,0.8629553571428571,0.8626696428571429,0.8773169642857143,0.8783303571428571,0.8851875,0.8821875,0.8916830357142856,0.8903928571428572,0.8903571428571428,0.8911205357142857,0.88396875,0.8845535714285715,0.8574375
929893138,29,0.7277586206896551,0.742176724137931,0.7508146551724139,0.764823275862069,0.7797198275862068,0.802280172413793,0.8051767241379312,0.8315043103448275,0.8410689655172414,0.8625129310344828,0.8624224137931035,0.8773232758620689,0.8782931034482758,0.8853663793103449,0.88225,0.8921508620689654,0.8905732758620688,0.8907370689655172,0.8915991379310344,0.8841896551724139,0.8848017241379309,0.8579353448275862
929893138,30,0.7281208333333334,0.7425583333333334,0.7509333333333333,0.7642458333333334,0.7786500000000001,0.8016000000000001,0.8044458333333334,0.8309333333333334,0.8406166666666668,0.8620125000000001,0.8617041666666668,0.8772458333333335,0.8781166666666668,0.8857291666666668,0.8826083333333336,0.8923458333333335,0.8910333333333335,0.8913375000000002,0.8919416666666669,0.8843125000000002,0.8851500000000002,0.858025
929893138,31,0.7284475806451612,0.7427258064516129,0.7518548387096773,0.7641048387096773,0.7785282258064514,0.8011895161290322,0.8038145161290322,0.8304838709677418,0.8404959677419354,0.8618145161290321,0.861524193548387,0.8772096774193547,0.8780282258064515,0.8854717741935483,0.8819032258064514,0.892391129032258,0.8911451612903225,0.8913709677419354,0.8923104838709677,0.8849475806451612,0.8857499999999999,0.858673387096774
929893138,32,0.7286875,0.7427421875,0.752171875,0.7641171875,0.7780859375,0.80076953125,0.80330859375,0.8301796875,0.840265625,0.86148828125,0.8612734375,0.8772890625,0.87822265625,0.8853984375,0.8822109375,0.89253515625,0.8908828125,0.891796875,0.89275390625,0.885265625,0.8863125,0.858546875
929893138,33,0.7288522727272726,0.7430340909090909,0.7524166666666666,0.7641666666666667,0.7778787878787877,0.8005681818181818,0.8030416666666665,0.8303560606060605,0.8405227272727273,0.8614015151515152,0.861340909090909,0.8772992424242424,0.878306818181818,0.8853787878787878,0.8822575757575757,0.8927992424242424,0.8911363636363635,0.891746212121212,0.892594696969697,0.8853901515151515,0.886310606060606,0.858306818181818
929893138,34,0.7290955882352942,0.7435661764705883,0.7523345588235295,0.7639154411764707,0.7774375,0.8000735294117649,0.802669117647059,0.8300257352941177,0.8400955882352942,0.8609301470588236,0.8609191176470589,0.8774522058823531,0.8784044117647061,0.8854117647058825,0.8820735294117649,0.8927169117647061,0.8911176470588237,0.8919411764705883,0.8927830882352943,0.8854375,0.8864301470588236,0.8585330882352943
929893138,35,0.7292214285714287,0.7441892857142857,0.7525464285714286,0.7638107142857143,0.7772107142857144,0.7996642857142858,0.8026464285714288,0.8302035714285715,0.8404035714285715,0.8612750000000001,0.8610928571428572,0.8776750000000002,0.8784357142857145,0.8853714285714286,0.8821714285714287,0.8926892857142859,0.8912892857142858,0.8921500000000001,0.8930607142857144,0.8855857142857144,0.8867642857142859,0.858514285714286
929893138,36,0.729638888888889,0.7448819444444443,0.7529236111111111,0.764,0.7770243055555556,0.7994895833333334,0.8023923611111111,0.8304409722222221,0.8403611111111111,0.8612361111111111,0.8612638888888889,0.8775520833333333,0.8786597222222222,0.8856875,0.8823159722222222,0.8928472222222221,0.8912916666666666,0.8924375,0.893267361111111,0.8861041666666666,0.8871493055555555,0.8589791666666666
929893138,37,0.7294527027027027,0.74525,0.7528885135135135,0.7637094594594596,0.7762398648648648,0.7987871621621622,0.8015810810810811,0.8301013513513513,0.8398851351351351,0.8605945945945945,0.8606486486486487,0.8770506756756756,0.8782229729729729,0.8855743243243244,0.881875,0.8929054054054054,0.8913074324324325,0.8926756756756757,0.8934290540540542,0.8861858108108108,0.8873445945945946,0.8589155405405405
929893138,38,0.729625,0.745720394736842,0.7533519736842106,0.7634967105263158,0.7760197368421052,0.7985098684210526,0.8010690789473683,0.8299177631578947,0.8398059210526315,0.8604901315789474,0.8606019736842104,0.8771907894736841,0.8784407894736842,0.885608552631579,0.8821940789473685,0.8934243421052631,0.8918421052631579,0.8927697368421053,0.8935592105263158,0.8863717105263158,0.8874276315789473,0.8586644736842105
929893138,39,0.7297852564102565,0.7462339743589743,0.7539967948717949,0.7638044871794873,0.7755544871794873,0.7980544871794873,0.8004647435897437,0.829897435897436,0.8397115384615386,0.8605064102564104,0.8605320512820513,0.8775961538461541,0.878769230769231,0.8857371794871797,0.8822628205128206,0.8935192307692309,0.8920288461538464,0.8926634615384617,0.8936538461538464,0.8864038461538463,0.8874647435897438,0.8586570512820515
929893138,40,0.729934375,0.7464375,0.7544718749999999,0.76396875,0.775184375,0.797740625,0.800040625,0.8301,0.839846875,0.860484375,0.86046875,0.877675,0.878809375,0.8857468749999999,0.881996875,0.8939125,0.8923562500000001,0.8928875000000001,0.8939406249999999,0.887009375,0.88796875,0.859159375
929893138,41,0.7297743902439024,0.7468018292682927,0.7548231707317072,0.7641463414634148,0.7751920731707319,0.7975701219512196,0.799814024390244,0.8301341463414635,0.8396524390243904,0.8603323170731708,0.860423780487805,0.8777591463414636,0.8789847560975611,0.8860274390243903,0.8823658536585367,0.8939542682926831,0.8924878048780488,0.8930060975609756,0.8941920731707318,0.8869451219512196,0.8879969512195123,0.8592652439024391
929893138,42,0.7299464285714286,0.7475267857142858,0.7554791666666667,0.7645833333333334,0.775125,0.7974910714285716,0.7999821428571429,0.8303988095238096,0.8400833333333335,0.8605803571428573,0.8604732142857144,0.8779464285714287,0.8792559523809526,0.8863065476190477,0.8828482142857145,0.8945446428571431,0.892839285714286,0.8934851190476192,0.8944136904761906,0.887217261904762,0.8883125000000003,0.8592797619047621
929893138,43,0.7298139534883719,0.7480726744186045,0.7559505813953488,0.7648343023255814,0.7749215116279069,0.7974447674418602,0.7999709302325579,0.8304331395348836,0.8401802325581393,0.8604505813953488,0.8603924418604649,0.8778604651162789,0.8788837209302324,0.8866249999999999,0.882892441860465,0.8944505813953487,0.8928284883720929,0.8937122093023256,0.8945726744186044,0.8874127906976744,0.8885406976744186,0.8594999999999999
929893138,44,0.7298295454545454,0.7486107954545455,0.7564829545454546,0.7649346590909091,0.7749715909090908,0.7975852272727273,0.7999318181818181,0.8307840909090909,0.8401051136363636,0.8604147727272727,0.8604602272727273,0.8776392045454545,0.878872159090909,0.88671875,0.88315625,0.8949460227272727,0.8931363636363636,0.8940369318181818,0.8950710227272728,0.8879204545454545,0.8890738636363636,0.8599261363636364
929893138,45,0.7300583333333334,0.7489888888888888,0.7569611111111111,0.765038888888889,0.7748555555555556,0.797713888888889,0.8000277777777778,0.8309805555555556,0.8401694444444445,0.8607527777777778,0.8606555555555556,0.8777777777777779,0.8789722222222224,0.8871611111111113,0.8834361111111113,0.8953222222222224,0.893213888888889,0.8944277777777779,0.8953277777777779,0.8881500000000001,0.8892361111111112,0.8599583333333335
929893138,46,0.730304347826087,0.7494103260869565,0.7573804347826087,0.7650788043478262,0.774858695652174,0.7975434782608695,0.7999293478260869,0.8311603260869564,0.8402961956521738,0.8607255434782609,0.8607826086956522,0.8779103260869565,0.8791711956521738,0.887258152173913,0.883578804347826,0.8956467391304348,0.8936603260869564,0.894578804347826,0.8955978260869565,0.8886875,0.8895652173913043,0.859820652173913
929893138,47,0.7304574468085107,0.7498244680851065,0.7580159574468086,0.7655531914893617,0.77475,0.79725,0.799752659574468,0.831063829787234,0.8405265957446808,0.8606595744680852,0.8609813829787233,0.8781515957446809,0.8793404255319149,0.8874335106382979,0.8835664893617022,0.8957553191489362,0.8940398936170213,0.8949335106382978,0.8958776595744681,0.8887207446808512,0.8899015957446809,0.8598484042553192
929893138,48,0.7307526041666668,0.7503828125,0.7587161458333332,0.7659140625,0.7748802083333333,0.79725,0.799890625,0.8312682291666667,0.8404479166666667,0.8606354166666668,0.8609348958333333,0.878,0.8792317708333333,0.8871901041666668,0.8833619791666667,0.8956588541666666,0.8938541666666666,0.8949765625,0.8957265625,0.8887057291666668,0.8898619791666668,0.8598619791666667
929893138,49,0.7309260204081632,0.7509336734693877,0.7590969387755102,0.7660867346938776,0.7749489795918366,0.7970357142857142,0.7997321428571429,0.8314056122448981,0.8404617346938776,0.8607984693877552,0.8610076530612245,0.8781224489795918,0.8792627551020409,0.8870943877551021,0.8832627551020408,0.8955688775510204,0.8938086734693879,0.8950357142857144,0.8957346938775511,0.8887193877551022,0.8898367346938776,0.8599897959183674
929893138,50,0.730775,0.7512625,0.759785,0.7663125,0.7748925000000001,0.7974975000000001,0.8000475,0.83178,0.8405725000000001,0.8612375,0.8614624999999999,0.878355,0.8796575,0.88746,0.8836975,0.8960150000000001,0.8939100000000001,0.8952074999999999,0.896135,0.8888599999999999,0.8900500000000001,0.8600675
929893138,51,0.7306470588235295,0.7516372549019609,0.7606446078431373,0.7664240196078432,0.7750049019607843,0.7972843137254902,0.7999240196078432,0.8316936274509805,0.840654411764706,0.8613480392156864,0.8614093137254902,0.8783406862745099,0.8798333333333335,0.8875245098039217,0.8838088235294119,0.8959460784313726,0.8939681372549021,0.8951789215686277,0.8961568627450981,0.8888480392156864,0.890200980392157,0.8601397058823531
929893138,52,0.7303509615384615,0.7517475961538461,0.7611346153846154,0.7666201923076924,0.7751490384615384,0.79734375,0.7998725961538462,0.8319423076923077,0.8408317307692307,0.8612932692307692,0.8614278846153847,0.8785168269230769,0.8798990384615384,0.8876105769230769,0.8838293269230769,0.89625,0.8941394230769231,0.8954182692307692,0.8963774038461538,0.8890384615384616,0.8904903846153847,0.8605120192307693
929893138,53,0.7301084905660378,0.7520707547169811,0.761502358490566,0.7668514150943397,0.7753844339622642,0.7973301886792453,0.7999268867924529,0.8320707547169811,0.8407476415094339,0.8615283018867925,0.8616721698113208,0.8788301886792453,0.880308962264151,0.8881745283018868,0.8840966981132075,0.896566037735849,0.8946627358490566,0.8955094339622642,0.8964433962264152,0.8892547169811321,0.8906556603773584,0.860691037735849
929893138,54,0.7299907407407407,0.7523958333333334,0.7620162037037037,0.7671689814814815,0.7758009259259259,0.7975,0.8002986111111111,0.8325648148148148,0.8411180555555555,0.8619004629629631,0.862025462962963,0.8789699074074074,0.880625,0.8884444444444444,0.884548611111111,0.8968981481481482,0.8950185185185185,0.8957384259259259,0.8967453703703704,0.8896736111111111,0.8909953703703705,0.860587962962963
929893138,55,0.7298977272727273,0.7526886363636363,0.7627045454545454,0.7674772727272726,0.7761204545454545,0.7975795454545455,0.800459090909091,0.832759090909091,0.8413295454545455,0.8620022727272727,0.8621613636363636,0.8789863636363636,0.8806886363636363,0.8884590909090909,0.8846863636363635,0.8971840909090909,0.8952068181818181,0.8958522727272727,0.8968499999999999,0.889640909090909,0.8912022727272727,0.8608136363636363
929893138,56,0.72978125,0.753015625,0.7631026785714285,0.7677767857142858,0.7762522321428571,0.7976383928571429,0.8004375,0.8329955357142858,0.8412790178571429,0.8620111607142856,0.8623169642857144,0.8791875,0.8807700892857143,0.8885736607142858,0.8848526785714286,0.8973125,0.895328125,0.8962388392857142,0.897234375,0.88996875,0.8913549107142857,0.860984375
929893138,57,0.7297434210526316,0.7531469298245613,0.7633267543859649,0.7677982456140351,0.7761907894736843,0.7976644736842106,0.8004385964912281,0.8329473684210524,0.8414583333333333,0.8620570175438597,0.8624736842105263,0.8793464912280703,0.8809912280701754,0.8886820175438597,0.8849385964912281,0.8975197368421052,0.8955701754385964,0.8962741228070176,0.8975526315789474,0.8901842105263158,0.891719298245614,0.8610460526315789
929893138,58,0.7296810344827586,0.7531875,0.7637413793103449,0.7679137931034483,0.776510775862069,0.7977435344827586,0.8006530172413793,0.8331831896551724,0.8415409482758621,0.8622629310344828,0.8625107758620688,0.8795560344827587,0.8812758620689655,0.8889310344827586,0.8850129310344828,0.8977133620689656,0.895782327586207,0.8964655172413794,0.8976099137931035,0.8904094827586208,0.8918685344827586,0.8611185344827587
929893138,59,0.7296483050847458,0.7535105932203391,0.7643495762711864,0.76825,0.776646186440678,0.7978792372881355,0.8007584745762711,0.8334194915254237,0.8417309322033898,0.8626483050847458,0.8628093220338983,0.8800211864406778,0.8815720338983051,0.889146186440678,0.8852733050847458,0.8978834745762712,0.8961144067796609,0.8967224576271187,0.8977012711864406,0.8905233050847458,0.8918813559322034,0.861135593220339
929893138,60,0.7295229166666667,0.7537854166666667,0.7649583333333333,0.7686895833333333,0.7771625,0.7981604166666667,0.8009916666666667,0.8336583333333333,0.8420916666666667,0.8629375,0.8630166666666667,0.8800645833333333,0.8816770833333333,0.8892791666666667,0.88531875,0.8979187500000001,0.8962520833333333,0.8966583333333333,0.89771875,0.8905020833333332,0.8919708333333333,0.861275
929893138,61,0.7296147540983606,0.7540143442622951,0.765547131147541,0.7689754098360655,0.7773381147540983,0.7982459016393443,0.801125,0.833752049180328,0.8420717213114755,0.8630266393442623,0.8630655737704918,0.8801782786885246,0.8817008196721313,0.8892602459016393,0.8853995901639343,0.8980204918032787,0.896375,0.896735655737705,0.8975922131147541,0.8905676229508197,0.8918770491803278,0.861342213114754
929893138,62,0.7295181451612902,0.7541612903225806,0.7658911290322581,0.7691108870967741,0.7775504032258064,0.7982762096774193,0.8012237903225806,0.8339012096774194,0.8421935483870968,0.8631370967741934,0.8631915322580644,0.8803689516129032,0.881796370967742,0.889467741935484,0.8856451612903227,0.8982258064516129,0.8965362903225805,0.8969455645161291,0.8977499999999999,0.8908689516129031,0.8921330645161291,0.8614717741935483
929893138,63,0.7293829365079365,0.7541071428571429,0.766234126984127,0.769343253968254,0.7777162698412698,0.7985476190476192,0.8012480158730159,0.8339265873015873,0.8422321428571429,0.8630952380952381,0.8630912698412698,0.8804265873015875,0.881918650793651,0.8896309523809525,0.8858670634920636,0.8983174603174605,0.8966468253968255,0.8968849206349209,0.897873015873016,0.8911250000000002,0.8923988095238097,0.8615734126984129
929893138,64,0.72934765625,0.754140625,0.766390625,0.76959765625,0.77787890625,0.7985859375,0.801267578125,0.8340078125,0.842146484375,0.862880859375,0.862935546875,0.880478515625,0.882041015625,0.889708984375,0.885658203125,0.8983828125,0.896685546875,0.89709765625,0.89798046875,0.891423828125,0.892802734375,0.8614765625
929893138,65,0.7292980769230769,0.754148076923077,0.7665192307692309,0.7697788461538462,0.7777769230769231,0.7985346153846155,0.8013365384615385,0.8342730769230771,0.8422634615384617,0.8628596153846156,0.863071153846154,0.880723076923077,0.8824192307692309,0.8897403846153847,0.8858519230769232,0.8982846153846156,0.8966980769230771,0.8971230769230771,0.8980134615384618,0.8912000000000002,0.8925115384615386,0.8613826923076924
929893138,66,0.7292121212121212,0.754435606060606,0.7668181818181817,0.769844696969697,0.7780170454545455,0.7987253787878787,0.8015511363636364,0.8344280303030303,0.8423484848484848,0.8630454545454544,0.863123106060606,0.8808674242424241,0.8825871212121212,0.890155303030303,0.8861647727272728,0.8985984848484848,0.8968768939393938,0.897310606060606,0.8983257575757575,0.8915132575757576,0.8927310606060606,0.8612632575757575
929893138,67,0.729009328358209,0.7546063432835822,0.7672257462686567,0.7700690298507462,0.7782126865671641,0.799125,0.802044776119403,0.8347537313432836,0.8427313432835821,0.8633582089552239,0.8633264925373134,0.8811511194029852,0.8828003731343284,0.8903171641791044,0.8864962686567165,0.8988638059701494,0.8971529850746269,0.8974384328358209,0.8984645522388061,0.8916044776119403,0.8929421641791044,0.8612369402985074
929893138,68,0.7290091911764706,0.7547959558823529,0.767625,0.770516544117647,0.778422794117647,0.7993014705882353,0.8022647058823529,0.8348474264705883,0.8429044117647059,0.8636047794117647,0.8635147058823529,0.8810992647058823,0.8828897058823529,0.8905147058823529,0.8867242647058823,0.8990625,0.8973547794117647,0.8975128676470587,0.8984871323529412,0.8917738970588234,0.8930514705882352,0.8612996323529412
929893138,69,0.7288858695652174,0.7549329710144927,0.767838768115942,0.7705815217391305,0.7786865942028985,0.7995398550724637,0.8024384057971015,0.8349565217391305,0.8431884057971014,0.8638677536231884,0.8637210144927536,0.8813188405797101,0.8830326086956521,0.8907101449275362,0.8868822463768115,0.8992010869565218,0.8974130434782609,0.897766304347826,0.8986195652173913,0.8919510869565217,0.8932083333333334,0.8611884057971015
929893138,70,0.7285678571428572,0.7550982142857143,0.7680910714285715,0.7708160714285713,0.7790142857142858,0.7996964285714286,0.8025767857142857,0.835207142857143,0.8432517857142858,0.8640875000000001,0.8639982142857144,0.8814964285714286,0.8833285714285717,0.891014285714286,0.8870732142857145,0.8995910714285716,0.8978375000000001,0.8980553571428572,0.8988392857142858,0.8920589285714288,0.8934017857142857,0.8612892857142859
929893138,71,0.7285070422535211,0.7552429577464789,0.7684665492957747,0.771169014084507,0.7793591549295775,0.7998380281690141,0.8028485915492958,0.8354419014084506,0.8434753521126761,0.8643274647887323,0.8641707746478874,0.8817992957746478,0.8836426056338028,0.8913045774647887,0.8873080985915494,0.8999630281690141,0.8981426056338028,0.8982447183098591,0.8991320422535212,0.8921971830985915,0.8934489436619717,0.861301056338028
929893138,72,0.7282100694444443,0.755217013888889,0.7685902777777778,0.7714340277777778,0.7796770833333334,0.800171875,0.8030225694444445,0.835671875,0.8435746527777779,0.8643958333333334,0.8643506944444445,0.8820590277777777,0.8839253472222223,0.8914201388888889,0.8875850694444445,0.9001857638888889,0.8983923611111111,0.8983194444444443,0.8994027777777778,0.8922621527777779,0.8936614583333333,0.861421875
929893138,73,0.7280633561643836,0.7553647260273973,0.7686660958904109,0.7715188356164383,0.7799058219178082,0.8001883561643836,0.8031215753424658,0.8358561643835616,0.8435650684931506,0.8645565068493151,0.864474315068493,0.8822414383561644,0.8839897260273972,0.8914109589041095,0.8876592465753425,0.9003184931506848,0.8984965753424659,0.8984845890410958,0.8995188356164383,0.892292808219178,0.8936541095890411,0.8615119863013699
929893138,74,0.7278631756756756,0.7552820945945946,0.7688918918918919,0.7717297297297298,0.7801469594594594,0.8005287162162162,0.8034915540540539,0.8361300675675676,0.8437432432432433,0.8647331081081081,0.8645895270270271,0.8824847972972973,0.8841908783783784,0.8915777027027028,0.8878277027027027,0.9005371621621621,0.8986148648648647,0.8987483108108109,0.8998108108108108,0.8925810810810811,0.8938074324324324,0.8614662162162162
929893138,75,0.72772,0.7552016666666667,0.7688416666666666,0.77186,0.7804366666666666,0.80072,0.8036216666666667,0.8363383333333334,0.8438366666666666,0.8649466666666668,0.8647149999999999,0.8826616666666667,0.8844433333333334,0.89171,0.8879183333333333,0.9005716666666668,0.8987999999999999,0.8987683333333332,0.8998200000000001,0.89252,0.8938016666666666,0.8614433333333333
929893138,76,0.7273700657894736,0.755047697368421,0.7688898026315789,0.772016447368421,0.7808075657894737,0.8009309210526315,0.8038026315789473,0.8366365131578948,0.8439983552631579,0.8649226973684211,0.8649325657894738,0.8828832236842106,0.8847549342105263,0.8919621710526316,0.8881200657894737,0.9009095394736841,0.8990098684210527,0.8988717105263159,0.9000296052631579,0.8926217105263159,0.893998355263158,0.8613355263157894
929893138,77,0.7272305194805194,0.7549886363636362,0.7689951298701299,0.7720568181818183,0.7810551948051948,0.8010860389610389,0.8040584415584415,0.8368896103896104,0.8440227272727272,0.8650535714285713,0.8650762987012985,0.8831607142857142,0.8850844155844155,0.8922045454545454,0.8884220779220778,0.9011185064935064,0.8993133116883116,0.8991120129870129,0.9001948051948051,0.892810064935065,0.8942467532467531,0.8614886363636363
929893138,78,0.727195512820513,0.7549711538461538,0.7690961538461538,0.7722451923076924,0.7812932692307692,0.8013028846153847,0.8043653846153846,0.837198717948718,0.8441346153846154,0.86518108974359,0.8650977564102565,0.8833060897435898,0.8853141025641028,0.8922916666666667,0.8886105769230771,0.9012900641025642,0.8994326923076924,0.8990496794871795,0.9001762820512822,0.8928782051282053,0.8941522435897438,0.8615464743589745
929893138,79,0.7269113924050633,0.7547689873417721,0.7692136075949367,0.7722689873417721,0.7815237341772151,0.8014493670886076,0.804637658227848,0.8373829113924051,0.8442958860759493,0.8653797468354429,0.8652088607594935,0.8834984177215188,0.8854857594936708,0.8924066455696201,0.8887452531645569,0.9012895569620252,0.8995506329113921,0.8990189873417721,0.9002088607594935,0.8929129746835442,0.8941724683544303,0.8615142405063291
929893138,80,0.7267265625,0.7546343750000001,0.769453125,0.77244375,0.781728125,0.8018187499999999,0.805009375,0.8375328125,0.8444171875,0.8655562500000001,0.8653328125,0.8836375000000001,0.8855875000000001,0.8925562499999999,0.8888734374999999,0.901465625,0.8998078125000001,0.89915625,0.9002171875,0.8931046874999999,0.89429375,0.86156875
929893138,81,0.7264212962962961,0.7544953703703704,0.769462962962963,0.7725864197530864,0.7820385802469136,0.8020478395061728,0.8052561728395061,0.8377716049382716,0.8445895061728395,0.865658950617284,0.8653966049382716,0.8838827160493827,0.8858904320987654,0.8925756172839506,0.8890663580246914,0.9016574074074074,0.8999166666666667,0.8993672839506173,0.9003163580246913,0.8931373456790123,0.8944429012345679,0.8614614197530863
929893138,82,0.7263094512195121,0.7545868902439025,0.7696432926829269,0.7727484756097561,0.782484756097561,0.8024268292682928,0.8055472560975611,0.8380594512195122,0.844780487804878,0.8657362804878048,0.8654740853658536,0.883858231707317,0.8860426829268293,0.8927042682926831,0.889141768292683,0.9017835365853659,0.900125,0.8994222560975611,0.9003185975609757,0.8931783536585367,0.8944024390243903,0.8614161585365855
929893138,83,0.7261596385542168,0.7544487951807229,0.7699126506024098,0.7730481927710844,0.782823795180723,0.8027951807228916,0.8058222891566266,0.8383780120481927,0.8449774096385543,0.8658448795180723,0.8656084337349397,0.8840165662650602,0.8861897590361445,0.8928734939759035,0.8891551204819277,0.9018448795180722,0.9002138554216867,0.8995286144578313,0.9004186746987951,0.8932605421686747,0.8945,0.8613870481927711
929893138,84,0.7259672619047619,0.7542991071428571,0.7699449404761904,0.7732008928571429,0.7830863095238095,0.8032083333333333,0.806108630952381,0.8385922619047619,0.8450401785714285,0.8659583333333333,0.8656369047619047,0.8841517857142858,0.8862931547619047,0.8930252976190477,0.8892842261904763,0.90215625,0.9003690476190477,0.8997425595238094,0.9006354166666666,0.8932886904761904,0.8945104166666666,0.8612752976190476
929893138,85,0.7257529411764706,0.7540926470588235,0.7702294117647059,0.7734867647058824,0.7835132352941176,0.8036058823529413,0.8065176470588236,0.8387985294117648,0.8452058823529413,0.8661382352941177,0.8657691176470589,0.884348529411765,0.8863632352941178,0.8930941176470589,0.8894544117647061,0.9021338235294118,0.9004720588235295,0.8997941176470589,0.9006750000000002,0.8934264705882353,0.8944882352941178,0.861344117647059
929893138,86,0.7256831395348837,0.7540014534883721,0.7704055232558139,0.7737572674418605,0.7838415697674419,0.8038052325581395,0.8068531976744187,0.8391351744186047,0.8454563953488373,0.86625,0.8658343023255815,0.8845101744186047,0.8865029069767443,0.8930523255813955,0.8895406976744187,0.9021715116279072,0.9005101744186047,0.8996831395348838,0.9007194767441861,0.8934636627906978,0.8945072674418606,0.8612194767441861
929893138,87,0.7255977011494253,0.7539080459770116,0.7704885057471265,0.7739626436781609,0.7841522988505747,0.8040215517241379,0.8071594827586207,0.8394525862068966,0.8457341954022989,0.8664066091954024,0.8661336206896552,0.8846709770114942,0.8867456896551723,0.8931451149425286,0.8897528735632184,0.9023821839080459,0.9006824712643678,0.899831896551724,0.9008146551724138,0.8936465517241379,0.8946235632183906,0.8611508620689655
929893138,88,0.7254928977272728,0.7537088068181818,0.7706022727272728,0.7742258522727272,0.784484375,0.8042329545454545,0.8074275568181819,0.8397926136363637,0.8460142045454545,0.8666193181818183,0.8662613636363636,0.8848267045454545,0.8869133522727273,0.8933707386363636,0.889890625,0.9025426136363636,0.9007826704545455,0.8999190340909091,0.9009630681818183,0.8938096590909091,0.8947144886363636,0.8610880681818183
929893138,89,0.7252485955056179,0.7537907303370786,0.7708342696629213,0.7744087078651685,0.7849339887640449,0.8045547752808989,0.8076474719101123,0.8399691011235955,0.8462191011235954,0.8667626404494382,0.8663932584269664,0.8850969101123595,0.8872612359550562,0.8935182584269662,0.8900280898876405,0.9026629213483147,0.9009101123595505,0.8998862359550562,0.9010575842696629,0.8938988764044943,0.8948202247191012,0.8611109550561798
929893138,90,0.725111111111111,0.7538055555555556,0.7710736111111112,0.7745777777777778,0.7852305555555557,0.804713888888889,0.8079541666666666,0.8402125000000001,0.8462930555555556,0.8669597222222224,0.8665902777777781,0.8853250000000001,0.8874611111111113,0.8938958333333334,0.8903555555555557,0.902890277777778,0.9011583333333335,0.900077777777778,0.9011569444444446,0.8941236111111113,0.8950069444444446,0.8611569444444447
929893138,91,0.7249615384615385,0.7535425824175824,0.7711195054945056,0.7746936813186814,0.7856208791208792,0.8050329670329672,0.8081085164835164,0.8403804945054947,0.8464766483516485,0.867144230769231,0.866618131868132,0.8854670329670331,0.8876826923076924,0.8940659340659343,0.8904560439560442,0.9029546703296706,0.9012678571428573,0.900129120879121,0.9011936813186815,0.894019230769231,0.8950357142857145,0.8611332417582419
929893138,92,0.7247119565217393,0.7534891304347826,0.7711032608695653,0.7747282608695653,0.7859646739130435,0.8051725543478261,0.8083614130434783,0.8405135869565218,0.8465271739130436,0.8672391304347826,0.8665040760869565,0.885577445652174,0.8877595108695653,0.8941508152173914,0.8905951086956523,0.9031358695652175,0.9014673913043477,0.9001413043478261,0.901305706521739,0.8941005434782608,0.8951290760869565,0.8611385869565218
929893138,93,0.7243870967741936,0.7534005376344086,0.7711344086021505,0.7748575268817204,0.7863252688172043,0.8053655913978494,0.808630376344086,0.8407137096774193,0.8467419354838709,0.8672446236559138,0.8666102150537633,0.8857956989247311,0.8879838709677418,0.8942540322580644,0.8908534946236559,0.903263440860215,0.90165188172043,0.9003051075268815,0.9014153225806452,0.8940766129032258,0.8952217741935483,0.8612217741935483
929893138,94,0.7240332446808511,0.7533789893617021,0.7711901595744681,0.775031914893617,0.7866422872340425,0.8056130319148935,0.8090212765957446,0.8410704787234042,0.8469335106382979,0.8674228723404256,0.8667486702127659,0.8862765957446809,0.8884029255319149,0.8944242021276596,0.8912393617021276,0.9036343085106382,0.9021063829787235,0.9006635638297872,0.901813829787234,0.8944255319148937,0.8955970744680851,0.8613484042553191
929893138,95,0.7238197368421053,0.753432894736842,0.7712605263157896,0.775125,0.7869776315789474,0.8057263157894736,0.8092881578947368,0.8413092105263158,0.8472986842105263,0.8676631578947368,0.8669631578947368,0.8866026315789474,0.8886960526315789,0.8946539473684211,0.8914710526315789,0.9039263157894736,0.902425,0.9008210526315791,0.9019947368421053,0.8945315789473685,0.8956934210526316,0.861375
929893138,96,0.72365234375,0.75348046875,0.7714231770833334,0.775265625,0.78723828125,0.8061002604166666,0.80964453125,0.84149609375,0.84748828125,0.8677278645833334,0.86711328125,0.88682421875,0.8888684895833334,0.89469921875,0.8916041666666668,0.9041927083333332,0.90259765625,0.90091015625,0.9020911458333333,0.8946184895833333,0.8957265625,0.8613203125
929893138,97,0.7235541237113402,0.7534149484536083,0.7714948453608248,0.7752719072164949,0.7875257731958764,0.8062719072164949,0.8099201030927836,0.841702319587629,0.8476365979381444,0.8677654639175258,0.8672654639175259,0.8870180412371135,0.8891005154639177,0.8949329896907218,0.8917615979381445,0.9044188144329899,0.9027216494845364,0.9010231958762888,0.902091494845361,0.8947577319587631,0.8958930412371134,0.8612654639175259
929893138,98,0.7234808673469388,0.753344387755102,0.7715752551020407,0.7754693877551021,0.7878724489795919,0.8064400510204082,0.8101823979591838,0.8419464285714287,0.8478239795918368,0.8679987244897959,0.8674451530612246,0.8872704081632653,0.8894170918367347,0.8952219387755103,0.8920829081632653,0.9047844387755104,0.9030216836734694,0.9012053571428571,0.9022997448979593,0.8949030612244899,0.8959885204081632,0.8613201530612244
929893138,99,0.7232537878787879,0.7532941919191919,0.7716376262626263,0.7755984848484849,0.7881452020202021,0.80660101010101,0.810590909090909,0.8422512626262626,0.8480732323232323,0.8682070707070707,0.8675631313131313,0.8873901515151515,0.8895265151515152,0.8953686868686869,0.8923093434343434,0.9048320707070707,0.9031136363636364,0.901175505050505,0.9022095959595959,0.8949520202020202,0.8960176767676767,0.8613888888888889
929893138,100,0.72298125,0.7532475,0.7715825,0.775665,0.7883625,0.8068174999999999,0.810655,0.84238625,0.8482049999999999,0.8683575,0.86774875,0.88757,0.88977375,0.8954662499999999,0.8925949999999999,0.9050775000000001,0.90332125,0.9013724999999999,0.9024525,0.89513875,0.8962637499999999,0.86141
929893138,101,0.7227896039603962,0.7531794554455445,0.7715878712871288,0.7758019801980198,0.7887153465346535,0.8071707920792079,0.81102599009901,0.842575495049505,0.848361386138614,0.8685631188118813,0.8679987623762376,0.8878663366336634,0.8900321782178219,0.8957079207920792,0.892805693069307,0.905295792079208,0.9035507425742576,0.9015507425742575,0.9027425742574259,0.8953650990099011,0.8962363861386141,0.8614715346534654
929893138,102,0.7225796568627451,0.7531139705882354,0.7715330882352941,0.775843137254902,0.7889718137254902,0.8073026960784314,0.8112867647058825,0.8427720588235296,0.8484509803921569,0.8686666666666667,0.8680894607843139,0.887950980392157,0.8901960784313727,0.8957867647058825,0.8928921568627451,0.9053750000000003,0.9036887254901963,0.9017659313725491,0.902935049019608,0.8954926470588237,0.8964178921568628,0.8614289215686275
929893138,103,0.7225703883495146,0.7530582524271845,0.7714781553398058,0.7759623786407767,0.7893555825242717,0.8074927184466019,0.8115497572815533,0.8429902912621359,0.8485182038834952,0.8688143203883494,0.8681796116504854,0.8880849514563106,0.890373786407767,0.895883495145631,0.8929830097087379,0.9053956310679612,0.9038203883495146,0.9018992718446601,0.9029902912621359,0.8955254854368931,0.896503640776699,0.8614186893203883
929893138,104,0.7223161057692307,0.753094951923077,0.7714170673076923,0.7760288461538462,0.7895709134615385,0.8076875,0.8117295673076924,0.8431766826923076,0.8485504807692307,0.8689591346153845,0.868356971153846,0.8882692307692308,0.8905264423076923,0.8959519230769231,0.8930576923076924,0.9055985576923077,0.9040420673076922,0.9019495192307693,0.9030889423076924,0.8955853365384615,0.896483173076923,0.8613100961538462
929893138,105,0.7220428571428572,0.753129761904762,0.7715047619047619,0.776152380952381,0.7899309523809525,0.8080392857142858,0.8120392857142859,0.8434392857142858,0.8488500000000001,0.8690773809523811,0.8684404761904764,0.8885107142857145,0.8907190476190477,0.8961083333333335,0.8932238095238096,0.905861904761905,0.9042261904761906,0.9021178571428574,0.9032380952380954,0.895689285714286,0.8965845238095239,0.8613488095238097
929893138,106,0.7217794811320755,0.753122641509434,0.7715271226415095,0.7762830188679245,0.7902712264150944,0.8083632075471698,0.8124127358490566,0.8437063679245284,0.8491922169811321,0.8693384433962263,0.8686108490566037,0.888878537735849,0.8911367924528302,0.8964033018867925,0.8935483490566039,0.906127358490566,0.9045224056603773,0.9023278301886792,0.9034068396226415,0.8959009433962265,0.8969162735849058,0.8614422169811321
929893138,107,0.7216869158878503,0.7530992990654206,0.7715946261682243,0.7765467289719626,0.7905607476635514,0.8086214953271028,0.8127348130841121,0.844036214953271,0.8494252336448599,0.8695268691588786,0.8687780373831775,0.889070093457944,0.8914252336448597,0.8965420560747663,0.8937406542056073,0.9063598130841122,0.90478738317757,0.9025735981308411,0.9037056074766355,0.896053738317757,0.8969941588785046,0.8616308411214953
929893138,108,0.7213368055555556,0.7530740740740741,0.7716076388888888,0.7767395833333333,0.7910115740740742,0.8088414351851853,0.8130057870370371,0.8441712962962963,0.849636574074074,0.8696851851851852,0.8689479166666666,0.8893298611111111,0.8916041666666666,0.8968159722222222,0.893888888888889,0.9065416666666667,0.9050185185185184,0.9027650462962963,0.9038217592592591,0.8961898148148149,0.8971631944444445,0.8615706018518517
929893138,109,0.7211479357798165,0.7531135321100918,0.7715837155963303,0.776875,0.791420871559633,0.8091261467889909,0.8133738532110092,0.8444162844036698,0.8498417431192661,0.8698084862385321,0.8691376146788992,0.8895057339449541,0.8918532110091743,0.8969621559633028,0.8941410550458716,0.9067144495412844,0.9052201834862386,0.9029564220183486,0.9040160550458716,0.8963245412844038,0.8973061926605505,0.8617591743119267
929893138,110,0.7208840909090909,0.7530625,0.7716124999999999,0.7769204545454546,0.7916624999999999,0.8092045454545455,0.8135,0.8446113636363637,0.849971590909091,0.8699704545454544,0.8691477272727273,0.8897102272727273,0.8919852272727271,0.8970863636363635,0.8943568181818182,0.9067909090909091,0.9053272727272726,0.9030227272727273,0.9041227272727272,0.8964977272727273,0.8974374999999999,0.8617897727272728
929893138,111,0.7207207207207207,0.7530022522522523,0.7716520270270271,0.7770664414414414,0.7920270270270271,0.8094977477477477,0.8137421171171171,0.844722972972973,0.8501261261261263,0.8700923423423423,0.8692533783783783,0.8898141891891893,0.8922015765765766,0.8972015765765766,0.8944921171171172,0.9069527027027027,0.9054797297297298,0.9031238738738739,0.904259009009009,0.896561936936937,0.8974211711711712,0.8617713963963964
929893138,112,0.720515625,0.7529743303571429,0.7716662946428571,0.7772299107142858,0.7923325892857143,0.8096819196428571,0.8139375,0.8449553571428571,0.8502064732142857,0.8700479910714286,0.8693125,0.8899542410714284,0.8923716517857142,0.8973482142857142,0.8945033482142858,0.9071060267857142,0.9056216517857142,0.9031383928571429,0.9043604910714286,0.8966026785714284,0.8975111607142858,0.8617633928571429
929893138,113,0.7202920353982302,0.7528196902654868,0.7716648230088495,0.7772643805309735,0.7924933628318583,0.8098783185840708,0.8141858407079646,0.8451526548672567,0.8504590707964601,0.870212389380531,0.8694469026548672,0.8901537610619469,0.8926858407079646,0.8974435840707965,0.8946692477876106,0.9073716814159293,0.9058196902654867,0.9031803097345132,0.9044568584070796,0.8965907079646017,0.8975188053097345,0.8616814159292034
929893138,114,0.7200361842105264,0.7527982456140351,0.7717412280701754,0.7773070175438597,0.7928629385964913,0.8100427631578948,0.8144605263157894,0.8453103070175438,0.8505328947368421,0.8702280701754386,0.8694155701754387,0.8902916666666667,0.8927412280701754,0.8976326754385965,0.8948508771929824,0.9075537280701754,0.9059550438596491,0.9032258771929824,0.9045043859649123,0.8966995614035088,0.8976973684210527,0.8615899122807018
929893138,115,0.7198565217391305,0.7527369565217391,0.7717760869565218,0.7774173913043478,0.7932402173913043,0.8103326086956522,0.8147717391304348,0.8455989130434783,0.8508260869565217,0.8703869565217391,0.8695423913043479,0.8904304347826087,0.8929141304347826,0.8977880434782609,0.8951293478260869,0.9077630434782609,0.9062586956521739,0.9033934782608696,0.9045945652173912,0.896857608695652,0.8978532608695653,0.8617380434782608
929893138,116,0.7196109913793104,0.7525980603448277,0.77171875,0.7774428879310344,0.7934504310344828,0.8105075431034484,0.8149978448275863,0.8457456896551725,0.8508771551724137,0.8703760775862069,0.8696228448275861,0.890698275862069,0.8931368534482759,0.8979040948275862,0.895219827586207,0.9078987068965516,0.9064105603448277,0.9035140086206896,0.9047553879310344,0.8969525862068966,0.8979127155172414,0.8617133620689655
929893138,117,0.7194700854700854,0.7525363247863248,0.7717510683760683,0.7776527777777779,0.7938311965811966,0.8107905982905984,0.8153279914529916,0.8458995726495727,0.8509861111111112,0.870513888888889,0.869707264957265,0.890735042735043,0.8933087606837609,0.8980833333333335,0.8954049145299146,0.9081004273504275,0.9066495726495728,0.9037008547008548,0.904962606837607,0.8970641025641026,0.898056623931624,0.861655982905983
929893138,118,0.7192637711864406,0.7524226694915255,0.771772245762712,0.7777277542372881,0.7941684322033897,0.8109851694915254,0.815583686440678,0.8459173728813559,0.8510561440677966,0.8706641949152543,0.869739406779661,0.8909671610169492,0.8934703389830508,0.8982319915254238,0.8955720338983051,0.908239406779661,0.9067987288135594,0.903811440677966,0.9050646186440678,0.8971408898305085,0.898073093220339,0.8616366525423729
929893138,119,0.7190567226890755,0.7523308823529412,0.7718256302521009,0.7779128151260504,0.7945588235294119,0.8112100840336136,0.8158550420168068,0.8460567226890757,0.8511743697478993,0.8707321428571428,0.8698781512605043,0.8910976890756304,0.8935808823529413,0.8983287815126052,0.8957226890756304,0.9083781512605044,0.906903361344538,0.9038571428571431,0.9051281512605044,0.8972825630252103,0.8981218487394961,0.8616649159663867
929893138,120,0.718890625,0.7521822916666666,0.7718375000000001,0.7779572916666666,0.7947427083333335,0.8114312499999999,0.8160114583333334,0.8462291666666666,0.8512489583333334,0.870875,0.8700593750000001,0.8913979166666667,0.8937645833333333,0.8985020833333333,0.8959281250000001,0.9085541666666666,0.9071031250000001,0.9039802083333334,0.9053583333333334,0.8974520833333334,0.8983020833333333,0.8616687500000001
929893138,121,0.7186797520661157,0.7520588842975207,0.7718026859504132,0.7779741735537191,0.7949152892561984,0.8114793388429753,0.8161456611570247,0.8463853305785124,0.8513553719008264,0.8708367768595042,0.870111570247934,0.8915289256198347,0.8938946280991736,0.898625,0.8960413223140496,0.9086497933884298,0.907215909090909,0.9040754132231404,0.9054028925619835,0.8974194214876033,0.8982768595041323,0.8616229338842974
929893138,122,0.7184733606557376,0.7520092213114754,0.7718370901639343,0.7780737704918033,0.7951762295081967,0.811610655737705,0.816451844262295,0.8465245901639343,0.8514774590163934,0.8710153688524591,0.8702745901639344,0.8916659836065574,0.8941198770491803,0.898656762295082,0.896188524590164,0.9087254098360656,0.9073084016393442,0.9041290983606557,0.9053852459016394,0.8974426229508197,0.8982909836065573,0.8615092213114753
929893138,123,0.7181849593495935,0.7518973577235772,0.771834349593496,0.7781849593495934,0.7954644308943088,0.8117754065040651,0.8167428861788617,0.8466178861788619,0.8516402439024391,0.8711443089430894,0.870380081300813,0.8917936991869919,0.8942306910569106,0.8988130081300812,0.8963495934959351,0.908829268292683,0.9074776422764228,0.9043058943089431,0.9054512195121952,0.8974441056910568,0.898380081300813,0.8614664634146341
929893138,124,0.7179798387096774,0.7517792338709677,0.7718397177419355,0.7783447580645161,0.7957207661290322,0.8120524193548386,0.816929435483871,0.8467903225806451,0.8518074596774192,0.871195564516129,0.8704758064516129,0.8920493951612902,0.8944274193548388,0.8989657258064516,0.8964576612903226,0.9090221774193549,0.9076784274193549,0.9043397177419354,0.9054979838709678,0.8975030241935484,0.8984193548387097,0.86146875
929893138,125,0.7178669999999999,0.751711,0.771831,0.778462,0.7959,0.8122150000000001,0.817172,0.8469930000000002,0.8519200000000001,0.8713770000000001,0.8705780000000001,0.8921370000000001,0.8945700000000001,0.899066,0.89656,0.9090900000000001,0.9077750000000001,0.904461,0.9056010000000001,0.8974960000000001,0.8984380000000001,0.8614520000000001
929893138,126,0.7176339285714287,0.7516021825396827,0.7718075396825398,0.7784464285714287,0.7961428571428573,0.8123492063492064,0.8173720238095239,0.8472013888888891,0.8520476190476192,0.8714811507936508,0.8706825396825397,0.8923214285714287,0.8947023809523811,0.8992529761904764,0.8967450396825397,0.9092688492063494,0.9078829365079366,0.9045218253968256,0.9057450396825398,0.8975416666666668,0.8985218253968256,0.861375
929893138,127,0.7174202755905512,0.7514399606299215,0.7716624015748033,0.7783877952755908,0.7963248031496064,0.8124192913385827,0.8175226377952757,0.8471023622047245,0.851998031496063,0.8714458661417324,0.8706328740157482,0.8924281496062992,0.8948848425196851,0.899327755905512,0.8968051181102362,0.9093503937007874,0.9079143700787401,0.9045984251968505,0.905847440944882,0.8975688976377953,0.8984852362204725,0.8612765748031497
929893138,128,0.7172763671875,0.7513505859375,0.771640625,0.7784931640625,0.796529296875,0.8124833984375,0.817767578125,0.8472255859375,0.8520263671875,0.871556640625,0.870712890625,0.892560546875,0.8950673828125,0.8994326171875,0.8970205078125,0.909427734375,0.90802734375,0.90474609375,0.905943359375,0.8975673828125,0.89858203125,0.8612138671875
929893138,129,0.7171346899224804,0.7513478682170541,0.7715406976744185,0.7785164728682169,0.7967771317829456,0.8126782945736434,0.8179428294573643,0.8474011627906975,0.852220930232558,0.871735465116279,0.8709525193798449,0.8927558139534884,0.895296511627907,0.8996327519379845,0.8972286821705425,0.9095581395348836,0.9081705426356589,0.9048246124031006,0.9060610465116279,0.8976637596899225,0.8986831395348835,0.8611453488372092
929893138,130,0.7169067307692307,0.75125,0.7714740384615386,0.7786173076923079,0.7970490384615385,0.8128423076923077,0.8182125000000001,0.8475692307692307,0.852408653846154,0.8718500000000001,0.8710634615384617,0.892896153846154,0.8954125000000002,0.8997769230769233,0.897348076923077,0.9096759615384618,0.908281730769231,0.9048653846153848,0.9061528846153849,0.8977346153846156,0.8986634615384617,0.861135576923077
929893138,131,0.7166641221374046,0.7510982824427481,0.7713854961832061,0.7787041984732824,0.7972986641221375,0.8130753816793893,0.818348282442748,0.8476803435114504,0.852409351145038,0.8719990458015268,0.8710830152671756,0.8930562977099237,0.8955954198473283,0.8998597328244275,0.8975047709923664,0.9098291984732826,0.9084379770992367,0.9049284351145038,0.9062442748091603,0.8978311068702289,0.8986937022900763,0.8611135496183205
929893138,132,0.7164526515151515,0.75103125,0.7712945075757575,0.7787973484848485,0.7974479166666667,0.8132320075757575,0.8185672348484849,0.8477547348484847,0.8524630681818183,0.8720558712121212,0.8712642045454545,0.8932215909090909,0.8957585227272727,0.9000378787878788,0.897686553030303,0.90996875,0.9085984848484848,0.905064393939394,0.906405303030303,0.8978617424242425,0.8987424242424242,0.861153409090909
929893138,133,0.7162152255639098,0.7508148496240601,0.7712274436090224,0.7788524436090225,0.7976578947368421,0.8133721804511279,0.8187922932330827,0.8478195488721804,0.8524595864661655,0.8721043233082706,0.8713355263157895,0.8932800751879699,0.8958665413533834,0.9001428571428571,0.8978374060150377,0.9100996240601503,0.9087434210526315,0.9051015037593985,0.9064116541353383,0.8979652255639097,0.8988308270676691,0.8610845864661654
929893138,134,0.7159906716417911,0.7506847014925373,0.7711977611940298,0.778919776119403,0.7978889925373135,0.8134897388059701,0.8189440298507463,0.847919776119403,0.8525615671641792,0.8721455223880598,0.8714272388059702,0.8933889925373135,0.8959496268656717,0.9002322761194029,0.897972014925373,0.9103097014925373,0.9088703358208956,0.9051940298507463,0.9064561567164179,0.898107276119403,0.8989141791044776,0.861071828358209
929893138,135,0.7156851851851852,0.7505074074074074,0.7711555555555556,0.7790490740740741,0.7981703703703703,0.8136814814814816,0.8191759259259259,0.8480435185185186,0.8526546296296297,0.872212962962963,0.8715055555555555,0.8935657407407407,0.8960481481481481,0.9003611111111111,0.8981148148148147,0.9104435185185186,0.9089722222222222,0.9052666666666667,0.9065203703703704,0.8981222222222223,0.8989268518518517,0.8610481481481481
929893138,136,0.7155018382352941,0.750375,0.771078125,0.7792077205882354,0.7984246323529413,0.8138814338235295,0.8194439338235294,0.8481268382352941,0.8526893382352941,0.8723943014705883,0.8715965073529413,0.8937242647058823,0.8961930147058824,0.9003630514705883,0.8982472426470588,0.9105762867647058,0.9091783088235293,0.9052628676470588,0.906545955882353,0.898125,0.8989880514705881,0.8609595588235294
929893138,137,0.7153093065693431,0.7501733576642337,0.7709379562043795,0.7792399635036498,0.7985346715328467,0.8140091240875912,0.8197262773722628,0.8482645985401459,0.8527673357664235,0.8724607664233577,0.8716888686131388,0.8938877737226278,0.896360401459854,0.9005182481751826,0.8983421532846716,0.910793795620438,0.9093777372262775,0.9053941605839416,0.906587591240876,0.898146897810219,0.8990200729927008,0.860912408759124
929893138,138,0.7151177536231884,0.7500788043478261,0.7708179347826087,0.779375,0.7987989130434783,0.8141784420289855,0.8199574275362318,0.8483786231884057,0.8528224637681159,0.8724782608695653,0.8716983695652175,0.8939701086956521,0.8965009057971014,0.9006096014492754,0.898461956521739,0.9109583333333334,0.9096413043478261,0.905483695652174,0.9067617753623187,0.898278079710145,0.899159420289855,0.8608614130434783
929893138,139,0.7149424460431655,0.7499442446043165,0.7707338129496403,0.7794937050359712,0.7990494604316547,0.8143093525179856,0.8201978417266188,0.8484901079136692,0.8528669064748201,0.8725890287769784,0.871793165467626,0.894138489208633,0.8966852517985612,0.9007239208633093,0.8986996402877697,0.9111294964028778,0.9098821942446043,0.905533273381295,0.9068012589928057,0.8983678057553957,0.899216726618705,0.8608030575539568
929893138,140,0.7147410714285715,0.7497517857142857,0.7706455357142856,0.7796133928571429,0.7992428571428571,0.8143392857142857,0.820375,0.8485276785714286,0.8528875,0.8725883928571428,0.8718223214285715,0.894174107142857,0.8966687499999999,0.9007392857142856,0.8987178571428571,0.9111482142857141,0.9098741071428571,0.9056392857142858,0.9067874999999999,0.8984303571428571,0.8992535714285714,0.860713392857143
929893138,141,0.714593085106383,0.7496037234042553,0.7705,0.7796196808510638,0.7995310283687943,0.814464539007092,0.8205691489361702,0.8485824468085107,0.8530097517730496,0.872677304964539,0.8718785460992908,0.8943466312056737,0.8968262411347518,0.9008687943262412,0.8988156028368794,0.911288120567376,0.9100390070921985,0.9057207446808511,0.9069742907801419,0.8985514184397164,0.8992978723404256,0.8607677304964538
929893138,142,0.7144700704225352,0.7494762323943662,0.7705052816901409,0.7797588028169014,0.7997350352112675,0.814693661971831,0.8207772887323944,0.8487825704225351,0.8532095070422535,0.8728125,0.8719665492957746,0.8944955985915493,0.8970889084507041,0.9010528169014085,0.8990792253521127,0.9115308098591549,0.910218309859155,0.9058336267605634,0.907143485915493,0.8985536971830986,0.8993151408450704,0.8606610915492958
929893138,143,0.7143173076923077,0.74931993006993,0.7704484265734266,0.7798024475524475,0.799861013986014,0.8149020979020979,0.8210139860139859,0.8488907342657341,0.8532604895104896,0.8728662587412587,0.8720340909090909,0.8946145104895104,0.8972788461538462,0.9011407342657342,0.8992395104895103,0.9116162587412586,0.910381118881119,0.9058863636363637,0.9072438811188811,0.8986433566433567,0.8994265734265734,0.8605987762237762
929893138,144,0.7141171875,0.7491814236111111,0.7703324652777779,0.7799262152777777,0.8000815972222222,0.8150564236111111,0.8211588541666667,0.8490086805555557,0.8533506944444444,0.8730182291666667,0.8721553819444444,0.8947673611111111,0.8974045138888889,0.9012604166666668,0.8993645833333334,0.9116840277777778,0.9105026041666666,0.9059748263888889,0.9073454861111111,0.8987274305555557,0.8995052083333333,0.8605138888888888
929893138,145,0.7138948275862069,0.7490293103448276,0.7702663793103447,0.7800724137931034,0.8002508620689655,0.8151025862068966,0.8212431034482759,0.8491336206896553,0.8534663793103447,0.8731862068965518,0.8722086206896552,0.8949439655172414,0.8975784482758621,0.9013603448275862,0.8995327586206897,0.9118862068965516,0.9106913793103449,0.906098275862069,0.9074525862068965,0.898780172413793,0.8996431034482759,0.8604456896551723
929893138,146,0.7137046232876713,0.7489058219178082,0.7701815068493151,0.7802465753424658,0.8005308219178082,0.8152183219178082,0.8215145547945205,0.8492791095890412,0.8536849315068493,0.8733039383561643,0.8723510273972601,0.8950436643835615,0.8977534246575342,0.9014888698630138,0.8997457191780822,0.9120539383561643,0.9107773972602741,0.9062388698630136,0.907486301369863,0.8987979452054794,0.8996558219178082,0.8604494863013697
929893138,147,0.713577380952381,0.7487312925170068,0.7701215986394557,0.7804073129251701,0.8008069727891156,0.8153962585034015,0.8216998299319728,0.8494676870748299,0.8537585034013605,0.8734277210884355,0.8724651360544217,0.8952117346938776,0.8978647959183674,0.9016164965986395,0.8999090136054422,0.912235544217687,0.9109251700680272,0.9063520408163265,0.9076011904761905,0.898858843537415,0.8996802721088436,0.8604158163265306
929893138,148,0.7134273648648648,0.748512668918919,0.7700717905405406,0.7804788851351352,0.8010861486486487,0.81559375,0.8219476351351351,0.8496469594594593,0.8537905405405406,0.8735396959459459,0.8725287162162162,0.8954045608108109,0.8980574324324325,0.9017322635135135,0.9001081081081082,0.9123395270270271,0.9110996621621622,0.9064206081081081,0.9076875,0.8989079391891892,0.8997719594594593,0.8603201013513514
929893138,149,0.7132609060402684,0.7482978187919462,0.7699656040268457,0.780510067114094,0.8012340604026845,0.8157541946308725,0.8221694630872483,0.8497852348993289,0.8538959731543625,0.8735637583892617,0.8726006711409396,0.8955092281879194,0.8981979865771812,0.901751677852349,0.9002055369127517,0.912464765100671,0.9111778523489933,0.9065016778523489,0.9077692953020134,0.8989219798657718,0.8997927852348994,0.8602508389261745
929893138,150,0.7131216666666667,0.7482225000000001,0.7699491666666667,0.7806325,0.801495,0.815875,0.8223616666666667,0.8499825000000001,0.854035,0.8737324999999999,0.8727341666666667,0.8957,0.8983325,0.9019016666666666,0.9003891666666666,0.9126908333333333,0.9113975000000001,0.9066774999999999,0.9079116666666667,0.8990366666666666,0.8999116666666667,0.8602491666666666
929893138,151,0.7131084437086093,0.7481614238410595,0.7698352649006623,0.7806895695364239,0.8017210264900662,0.815955298013245,0.8226109271523179,0.8500769867549668,0.8540529801324503,0.8738336092715232,0.8728228476821193,0.8958096026490066,0.8984942052980132,0.9019975165562915,0.9005976821192053,0.9127798013245033,0.9116274834437086,0.9067988410596026,0.9080422185430463,0.8990529801324503,0.8999470198675497,0.860194536423841
929893138,152,0.712984375,0.7479555921052632,0.7697286184210527,0.7807598684210526,0.8019481907894737,0.816109375,0.8228865131578948,0.8502878289473684,0.8540863486842106,0.8738922697368421,0.8727993421052632,0.8959465460526316,0.8986274671052631,0.9020814144736842,0.9006850328947369,0.9128914473684211,0.911736019736842,0.9068363486842105,0.9081126644736842,0.899063322368421,0.8999473684210526,0.8601126644736842
929893138,153,0.7128406862745098,0.7478047385620916,0.7697246732026144,0.7808472222222222,0.8021625816993464,0.8163472222222224,0.8232303921568628,0.850373366013072,0.854233660130719,0.8739901960784315,0.8728472222222224,0.8960759803921572,0.8987589869281047,0.9022254901960786,0.9008276143790852,0.9131062091503269,0.9118848039215689,0.9069289215686276,0.9082377450980393,0.8991642156862747,0.8999991830065361,0.8601617647058825
929893138,154,0.712640422077922,0.7477086038961039,0.7696469155844157,0.780892857142857,0.8023839285714285,0.8165081168831169,0.8233855519480519,0.8505162337662338,0.8543100649350649,0.8740576298701298,0.8728417207792208,0.896163961038961,0.8988896103896105,0.9024285714285715,0.9009496753246754,0.9132995129870131,0.9120097402597402,0.9069586038961039,0.9083011363636364,0.8992012987012987,0.9000470779220779,0.8601566558441558
929893138,155,0.7125096774193548,0.7476096774193548,0.7695879032258065,0.7809677419354839,0.8026282258064517,0.8167008064516128,0.8236217741935484,0.850625,0.8544282258064516,0.8741096774193549,0.8729145161290324,0.8962362903225806,0.8989532258064517,0.9025016129032258,0.9011209677419356,0.913409677419355,0.9120758064516128,0.9070862903225807,0.9083556451612903,0.899283870967742,0.9000991935483871,0.8601774193548387
929893138,156,0.7123365384615385,0.7474246794871795,0.7695056089743589,0.7810088141025641,0.8028333333333334,0.8168445512820512,0.8237732371794871,0.8506947115384614,0.8545296474358974,0.8740929487179487,0.872920673076923,0.8962972756410257,0.8990320512820513,0.902560096153846,0.9011979166666666,0.9134807692307692,0.9121722756410257,0.9070777243589744,0.908380608974359,0.8993245192307693,0.9001266025641026,0.8601089743589744
929893138,157,0.7121329617834394,0.7472555732484077,0.7694132165605096,0.7811194267515924,0.8030692675159236,0.8169578025477707,0.823937898089172,0.8508574840764331,0.8546536624203822,0.8742261146496816,0.8730525477707007,0.8964331210191083,0.8992404458598726,0.9026894904458599,0.9013519108280255,0.9136170382165606,0.9123853503184715,0.9071273885350318,0.9084641719745223,0.8993726114649682,0.9001321656050955,0.8600716560509555
929893138,158,0.7119264240506329,0.7471677215189874,0.7693473101265823,0.7812096518987341,0.8032903481012659,0.8170688291139241,0.8241677215189873,0.8509675632911392,0.8547689873417721,0.8743797468354431,0.8731511075949367,0.896628164556962,0.8994169303797469,0.9028180379746834,0.9014881329113923,0.913814082278481,0.9125886075949368,0.9072626582278481,0.9086036392405062,0.8994960443037975,0.9002974683544304,0.8600878164556963
929893138,159,0.711683962264151,0.7469850628930819,0.7692743710691824,0.7812405660377358,0.8034488993710691,0.8172562893081761,0.8243427672955975,0.8510731132075472,0.8548026729559749,0.8744457547169812,0.8732272012578617,0.8967940251572327,0.8995338050314466,0.903,0.9016407232704403,0.9139528301886792,0.9126611635220125,0.9074040880503145,0.9087036163522013,0.8995817610062893,0.9004111635220127,0.8600157232704403
929893138,160,0.71148828125,0.74678984375,0.76920234375,0.78133671875,0.803640625,0.8173992187499999,0.8245539062499999,0.8511624999999999,0.85479921875,0.8745562499999999,0.8732429687500001,0.8968890625,0.8996570312500001,0.90309609375,0.90172265625,0.9140882812499999,0.9126968750000001,0.9075875000000001,0.9088390624999999,0.8997140625,0.9004500000000001,0.85993125
929893138,161,0.7113167701863353,0.7466001552795031,0.7691024844720497,0.7813951863354037,0.8038532608695652,0.817611801242236,0.82481599378882,0.851295807453416,0.8550015527950311,0.8746024844720496,0.8733284161490683,0.8971024844720497,0.8997895962732919,0.9032181677018634,0.9018975155279502,0.9141785714285714,0.912886645962733,0.9076607142857144,0.9089860248447206,0.8998268633540373,0.9005364906832299,0.8599091614906832
929893138,162,0.7111103395061728,0.7463942901234568,0.7691041666666667,0.781395061728395,0.8040300925925926,0.8177391975308642,0.8250023148148148,0.8513611111111111,0.8550972222222222,0.8746442901234568,0.8734351851851853,0.8971412037037036,0.8998287037037037,0.9033078703703704,0.9019328703703704,0.914287037037037,0.9129830246913581,0.9076820987654322,0.9090648148148148,0.8998541666666667,0.9005748456790125,0.8599274691358025
929893138,163,0.7109217791411042,0.7461978527607361,0.7690207055214724,0.7814447852760736,0.8042055214723927,0.8178581288343557,0.8252070552147239,0.851510736196319,0.8553013803680981,0.8747147239263804,0.8734861963190185,0.8972699386503068,0.9000023006134971,0.9034202453987731,0.9020835889570552,0.9144746932515336,0.9131648773006135,0.9078343558282208,0.90920245398773,0.8999777607361964,0.900736963190184,0.8599087423312883
929893138,164,0.7107614329268293,0.7459862804878048,0.7689344512195122,0.7814763719512194,0.8043307926829268,0.818001524390244,0.8253711890243901,0.8516028963414635,0.8554283536585366,0.8747324695121952,0.8735594512195122,0.8973993902439024,0.9001341463414634,0.9035091463414634,0.9022721036585366,0.9145754573170732,0.9132461890243904,0.9078986280487804,0.909280487804878,0.90009375,0.9008330792682926,0.8598650914634146
929893138,165,0.7105628787878788,0.7458045454545454,0.7687909090909091,0.7814651515151515,0.8044810606060606,0.8181462121212121,0.8255477272727272,0.8516825757575757,0.8554909090909091,0.8748393939393938,0.8735893939393938,0.8975151515151515,0.9002378787878788,0.9036068181818182,0.9023348484848485,0.9147371212121211,0.9133712121212121,0.9079712121212121,0.9093515151515151,0.9002151515151515,0.9009363636363636,0.8598378787878789
929893138,166,0.7104149096385542,0.7456099397590361,0.7686965361445783,0.7814359939759036,0.8045745481927711,0.8182590361445783,0.825628765060241,0.8517582831325301,0.8555489457831325,0.8748855421686746,0.8736468373493976,0.8975293674698795,0.9002816265060242,0.9036777108433734,0.9024292168674698,0.9148019578313252,0.9134804216867469,0.9080240963855422,0.9093591867469879,0.9002951807228916,0.9010323795180722,0.8598343373493976
929893138,167,0.7102507485029941,0.7454767964071857,0.7686085329341318,0.7814236526946108,0.8046541916167664,0.8183540419161676,0.8257178143712575,0.8517956586826346,0.855565868263473,0.8748944610778443,0.8736519461077844,0.8976429640718563,0.9003952095808384,0.903747005988024,0.9024004491017964,0.9148809880239521,0.9135755988023953,0.9080411676646707,0.9093899700598802,0.9003181137724552,0.9011017964071857,0.8597170658682635
929893138,168,0.7100825892857143,0.7452775297619048,0.7686197916666666,0.7815267857142858,0.8048422619047619,0.8185215773809524,0.8258936011904762,0.851875744047619,0.8557113095238096,0.8749813988095239,0.8737016369047619,0.8977105654761905,0.9005111607142858,0.903813988095238,0.9025572916666668,0.9149739583333333,0.9136376488095238,0.9080974702380952,0.9094620535714286,0.9003995535714285,0.9012477678571429,0.8596696428571428
929893138,169,0.7099164201183432,0.7450702662721894,0.7686257396449704,0.7816013313609467,0.8049948224852072,0.8186723372781065,0.8260872781065088,0.8519563609467456,0.8557899408284023,0.8750599112426035,0.8737781065088758,0.8977721893491125,0.9005991124260355,0.9038616863905324,0.9026856508875739,0.9150539940828403,0.9137418639053254,0.9081782544378698,0.9094985207100592,0.9003727810650888,0.9013350591715976,0.8595813609467454
929893138,170,0.7097882352941176,0.7449654411764706,0.7685779411764706,0.781652205882353,0.8051169117647059,0.8188183823529411,0.8262220588235295,0.8520661764705882,0.855854411764706,0.8750610294117648,0.8737654411764707,0.897816911764706,0.9006801470588236,0.9039058823529412,0.9027625000000001,0.9151757352941178,0.9138463235294119,0.9082073529411766,0.9095500000000002,0.9004051470588237,0.901356617647059,0.8594625000000001
929893138,171,0.7095709064327486,0.7447719298245614,0.7685131578947368,0.7816447368421052,0.8052690058479531,0.8188340643274853,0.826327485380117,0.8520921052631579,0.855907894736842,0.8751286549707602,0.8738011695906432,0.8978764619883041,0.9007741228070175,0.9039678362573099,0.9027850877192982,0.9152858187134504,0.9138998538011696,0.9082850877192982,0.9096608187134503,0.900516812865497,0.9014086257309941,0.8594049707602339
929893138,172,0.7094440406976744,0.7446736918604652,0.7684563953488373,0.781733284883721,0.8054767441860465,0.818952761627907,0.8265254360465117,0.8522558139534883,0.8560763081395348,0.8752456395348838,0.8738888081395348,0.8980915697674419,0.9009091569767442,0.9040835755813954,0.9029433139534885,0.9154454941860465,0.9140421511627908,0.9084513081395349,0.9097718023255813,0.9005697674418605,0.9014941860465117,0.8594476744186047
929893138,173,0.7093309248554913,0.7445484104046243,0.7683352601156069,0.7817167630057804,0.8055982658959537,0.8189862716763006,0.8266502890173411,0.8522882947976879,0.8561820809248555,0.8752687861271677,0.8739060693641618,0.8982167630057803,0.9010953757225434,0.9042261560693642,0.9031018786127167,0.9156799132947977,0.9142254335260116,0.908632225433526,0.9098952312138728,0.900710260115607,0.901606936416185,0.8594624277456646
929893138,174,0.7091760057471265,0.7445122126436782,0.768290948275862,0.7817234195402298,0.8057708333333332,0.8190431034482758,0.8267176724137931,0.8523268678160919,0.8562155172413793,0.8753620689655172,0.873971264367816,0.8983247126436782,0.9011939655172414,0.9043160919540231,0.9032227011494253,0.9158053160919539,0.9143419540229883,0.9087370689655172,0.9099777298850574,0.9008297413793104,0.9017219827586207,0.8594504310344828
929893138,175,0.7089414285714286,0.744365,0.7681657142857143,0.7817535714285714,0.8059042857142857,0.8190985714285715,0.8267992857142857,0.8523157142857143,0.8562685714285715,0.8754149999999999,0.8739735714285713,0.8983671428571429,0.9012385714285714,0.9043907142857143,0.9033349999999999,0.9158842857142856,0.9144442857142857,0.9087785714285714,0.9100657142857143,0.900875,0.9018035714285715,0.8593578571428573
929893138,176,0.7086853693181817,0.7442272727272727,0.768046875,0.7817038352272727,0.8060617897727272,0.8192159090909091,0.8269723011363637,0.8524147727272727,0.8563899147727273,0.8755149147727272,0.8740688920454546,0.8984609375,0.9013394886363636,0.9044850852272728,0.9034332386363636,0.9159921875,0.9146129261363637,0.9088849431818182,0.9101463068181819,0.9009282670454545,0.9018970170454547,0.8593458806818182
929893138,177,0.708486581920904,0.7441094632768361,0.7678792372881357,0.7817111581920904,0.8061440677966102,0.8192860169491526,0.8270720338983051,0.8525324858757063,0.8563742937853108,0.8755939265536724,0.8741151129943503,0.8985628531073446,0.9014194915254238,0.9045473163841808,0.903555790960452,0.9160911016949154,0.9147464689265536,0.908920197740113,0.9102457627118645,0.9009703389830509,0.9019025423728814,0.8593022598870057
929893138,178,0.708306179775281,0.7439831460674157,0.7678195224719101,0.7817331460674156,0.8063869382022472,0.8194325842696629,0.8272808988764045,0.8526158707865168,0.8565231741573034,0.8756530898876405,0.8742254213483145,0.8986643258426966,0.9015477528089887,0.9046200842696629,0.9036200842696629,0.9163040730337079,0.9149276685393258,0.908933286516854,0.9103082865168539,0.901061797752809,0.901997191011236,0.8592816011235955
929893138,179,0.7080663407821229,0.7438722067039107,0.7677311452513967,0.7817290502793296,0.8065558659217877,0.8195719273743017,0.8274196927374301,0.852683659217877,0.8566508379888268,0.8756724860335194,0.8742953910614524,0.8987939944134078,0.9016829608938547,0.9046780726256983,0.9037486033519553,0.9164259776536312,0.9150851955307262,0.9090558659217877,0.910421787709497,0.901002094972067,0.9020991620111731,0.8592381284916201
929893138,180,0.70781875,0.7437284722222223,0.7675868055555557,0.78168125,0.8066784722222221,0.8195923611111111,0.82750625,0.8527027777777778,0.8567090277777778,0.8757368055555556,0.8743118055555555,0.8988722222222223,0.9017416666666666,0.9047229166666666,0.9038305555555555,0.9164576388888889,0.9151729166666667,0.9091083333333333,0.9104388888888889,0.9010847222222221,0.9021388888888888,0.85921875
929893138,181,0.7075821823204419,0.7435662983425414,0.7674944751381215,0.7816843922651934,0.8068425414364641,0.8196622928176795,0.8275953038674033,0.8527216850828729,0.8567548342541437,0.875807320441989,0.8743542817679558,0.8989350828729282,0.9018674033149172,0.9048156077348067,0.9039993093922652,0.9165718232044199,0.9153100828729283,0.9091636740331491,0.9104799723756907,0.9011519337016576,0.9021726519337017,0.8591705801104972
929893138,182,0.7073592032967033,0.743426510989011,0.767411401098901,0.7816318681318682,0.8070982142857145,0.8197232142857145,0.8277046703296704,0.8527767857142858,0.8568248626373628,0.875893543956044,0.8743571428571429,0.8990343406593408,0.9019120879120881,0.9049649725274725,0.9041346153846156,0.9167053571428572,0.9153811813186814,0.909250686813187,0.9105357142857144,0.9011730769230771,0.9022266483516485,0.8591723901098903
929893138,183,0.7071987704918034,0.7433517759562842,0.7673763661202185,0.7816775956284152,0.807290300546448,0.8198989071038252,0.8279419398907104,0.8529378415300546,0.8568954918032786,0.8759993169398906,0.8744030054644809,0.8991209016393442,0.9020266393442623,0.9050607923497268,0.9042315573770492,0.9168333333333334,0.9154433060109289,0.909311475409836,0.910573087431694,0.9012206284153006,0.9022151639344262,0.8591530054644809
929893138,184,0.7070529891304348,0.7432472826086957,0.7673023097826087,0.781679347826087,0.8074741847826088,0.8200101902173914,0.8280692934782607,0.8530760869565217,0.8569565217391305,0.8760441576086957,0.8744103260869565,0.8991841032608695,0.9021379076086956,0.9051888586956522,0.904320652173913,0.9169042119565217,0.9155380434782608,0.9093770380434782,0.910655570652174,0.9013077445652173,0.9022873641304348,0.8591134510869565
929893138,185,0.7068986486486486,0.7431331081081081,0.7671804054054053,0.7816831081081081,0.8076324324324324,0.820068918918919,0.8281317567567569,0.8530952702702702,0.857043918918919,0.8759716216216216,0.8744587837837838,0.8992675675675675,0.9022317567567568,0.9052932432432433,0.904418918918919,0.9170324324324325,0.9156614864864865,0.9094472972972973,0.9107418918918919,0.9012979729729731,0.9023472972972972,0.8590695945945946
929893138,186,0.7067385752688171,0.7429892473118278,0.7671323924731183,0.7816700268817204,0.8077956989247311,0.8200840053763441,0.8282211021505376,0.8531142473118278,0.857065188172043,0.8759395161290322,0.874429435483871,0.8993682795698924,0.9023474462365592,0.9053581989247311,0.9045288978494623,0.917108870967742,0.9158239247311827,0.9095430107526882,0.9108198924731182,0.9014220430107527,0.902380376344086,0.8590712365591398
929893138,187,0.7065327540106953,0.7428676470588236,0.7670173796791444,0.7817012032085562,0.8079491978609626,0.8201664438502674,0.8283449197860963,0.8531336898395722,0.8570855614973263,0.8759578877005347,0.8744251336898395,0.8994692513368985,0.9024391711229945,0.9054338235294117,0.9046316844919786,0.9172586898395721,0.9159485294117647,0.9096550802139038,0.9109732620320856,0.901480614973262,0.9024772727272727,0.8590354278074867
929893138,188,0.7063497340425532,0.7426648936170214,0.7668789893617021,0.7816881648936171,0.8080930851063829,0.8202785904255319,0.8284753989361702,0.8531934840425532,0.8571502659574469,0.8760359042553191,0.8745172872340425,0.8996130319148935,0.9025631648936171,0.9056083776595745,0.9047253989361702,0.9174734042553191,0.9161396276595745,0.9097406914893618,0.9111023936170214,0.9015784574468084,0.9025684840425532,0.8589494680851064
929893138,189,0.7061527777777779,0.7425376984126983,0.7667791005291006,0.7816984126984127,0.8082824074074074,0.8203809523809523,0.8285707671957672,0.8532665343915343,0.8572089947089946,0.87605291005291,0.8744947089947089,0.8996468253968253,0.9026739417989418,0.9057228835978836,0.9047876984126983,0.9175601851851852,0.9162003968253968,0.9098214285714286,0.911146164021164,0.9016111111111111,0.9026296296296296,0.8588769841269841
929893138,190,0.7059763157894737,0.7424118421052631,0.7667190789473685,0.7816842105263158,0.8084375,0.8204703947368421,0.8286993421052632,0.8533394736842106,0.8572013157894737,0.8760960526315789,0.8745131578947368,0.8997381578947368,0.9027223684210526,0.905832894736842,0.9048973684210526,0.9176223684210527,0.9163236842105263,0.909833552631579,0.9111657894736843,0.9016940789473683,0.9026401315789474,0.8588335526315789
929893138,191,0.7058030104712043,0.7422447643979058,0.7665844240837696,0.7816897905759163,0.8086407068062826,0.8205759162303666,0.828839005235602,0.8534162303664922,0.8572630890052355,0.8761472513089006,0.8745163612565445,0.8997820680628272,0.9027951570680629,0.905928664921466,0.9049653141361257,0.9177310209424083,0.9163795811518326,0.9098946335078534,0.9112571989528797,0.9016956806282723,0.902678664921466,0.8588102094240837
929893138,192,0.7056178385416666,0.7421080729166667,0.7664876302083332,0.7817298177083333,0.8088157552083333,0.8206725260416667,0.8289036458333334,0.8534016927083332,0.8572389322916666,0.8762005208333333,0.8745234375,0.8998444010416666,0.9028854166666668,0.90603125,0.9050520833333334,0.9178170572916666,0.9164583333333333,0.910001953125,0.91137109375,0.9017669270833334,0.90269140625,0.85874609375
929893138,193,0.7054151554404146,0.7418905440414507,0.7663743523316062,0.7817208549222797,0.8089332901554404,0.8207312176165802,0.828996761658031,0.8534028497409325,0.8573056994818652,0.8762104922279791,0.874526554404145,0.899907383419689,0.9029034974093263,0.9060770725388599,0.9051301813471502,0.9179216321243522,0.9165705958549222,0.9101094559585491,0.9114384715025906,0.9018555699481864,0.9027545336787562,0.8586923575129534
929893138,194,0.7052132731958763,0.7417119845360826,0.7662693298969072,0.7817680412371135,0.8091301546391755,0.820853737113402,0.8291765463917528,0.8534813144329898,0.8572938144329898,0.8762023195876291,0.8745045103092784,0.8999052835051548,0.9029561855670105,0.906216494845361,0.9052293814432992,0.9179903350515465,0.9166759020618558,0.9101578608247425,0.9114967783505156,0.901897551546392,0.9027951030927837,0.8586076030927836
929893138,195,0.7050384615384615,0.7415121794871795,0.7661961538461538,0.7817461538461539,0.8092961538461539,0.8209608974358975,0.8293243589743591,0.8535173076923079,0.8573583333333333,0.876198076923077,0.8744717948717949,0.8999570512820515,0.9030474358974361,0.9062397435897437,0.9052762820512821,0.918073076923077,0.9167429487179489,0.9102089743589745,0.9115871794871796,0.9019262820512822,0.9028032051282052,0.8585410256410257
929893138,196,0.7048246173469388,0.7413609693877552,0.7660994897959184,0.7817672193877552,0.8094559948979593,0.8210829081632653,0.8293973214285715,0.8535612244897959,0.8574049744897959,0.8762200255102041,0.8745095663265307,0.9000778061224489,0.9031639030612244,0.9063335459183673,0.9053890306122448,0.918204081632653,0.916765943877551,0.9103137755102041,0.9116505102040817,0.9020019132653061,0.9028737244897959,0.8584840561224489
929893138,197,0.704627538071066,0.7411992385786802,0.7659067258883249,0.7817005076142132,0.8096205583756346,0.8211123096446701,0.8294517766497462,0.8536243654822335,0.8574536802030457,0.8762176395939086,0.8745228426395938,0.9000964467005076,0.9031884517766497,0.9064010152284263,0.9054790609137056,0.9182684010152284,0.9168470812182741,0.9103680203045685,0.9116732233502538,0.9020291878172589,0.9028972081218274,0.8584289340101523
929893138,198,0.7044532828282828,0.7410662878787878,0.765802398989899,0.7816616161616161,0.809802398989899,0.8212373737373737,0.8295770202020202,0.8536584595959595,0.8574488636363637,0.8761868686868687,0.8745164141414141,0.9001584595959596,0.9031950757575757,0.9064513888888889,0.9054627525252524,0.9183983585858585,0.9169128787878787,0.9104223484848485,0.9117840909090908,0.9020852272727272,0.9029387626262626,0.8583541666666668
929893138,199,0.7042468592964825,0.7408768844221106,0.7655967336683418,0.7816388190954774,0.8099491206030149,0.8213304020100501,0.8296721105527638,0.8536739949748744,0.8574962311557789,0.8761538944723618,0.8744811557788945,0.9002361809045226,0.9032945979899497,0.9065540201005025,0.9055188442211056,0.9184861809045227,0.9170785175879397,0.9105358040201005,0.9118793969849246,0.9021582914572864,0.9030188442211056,0.8582788944723618
929893138,200,0.7040643750000001,0.7407168749999999,0.7654137500000001,0.7816925,0.810104375,0.821395625,0.82977125,0.8537168749999999,0.85751375,0.876228125,0.8745331249999999,0.900315625,0.9033525,0.90664,0.9056381250000001,0.91855875,0.9171568749999999,0.9106150000000001,0.911905,0.90226,0.903120625,0.858183125
1843824993,1,0.795625,0.788,0.792875,0.806625,0.8115,0.81275,0.812375,0.811375,0.808,0.8135,0.8135,0.811625,0.81,0.823,0.8155,0.82425,0.82125,0.826875,0.828125,0.82375,0.8275,0.800875
1843824993,2,0.8125625,0.81775,0.8171875,0.821375,0.830625,0.8298125,0.832125,0.8345,0.8319375,0.8360625,0.83625,0.839,0.8388125,0.841375,0.840625,0.8463125,0.8448125,0.8469375,0.8465625,0.845125,0.847625,0.8199375
1843824993,3,0.7980833333333333,0.8079166666666665,0.81625,0.8260416666666666,0.8332499999999999,0.8364166666666666,0.8387083333333333,0.8419583333333333,0.8396666666666667,0.8432916666666667,0.8445833333333332,0.8440833333333333,0.8435,0.8466666666666666,0.8455416666666665,0.852625,0.8519166666666665,0.8548333333333332,0.85525,0.8512083333333332,0.8551666666666665,0.82375
1843824993,4,0.78409375,0.7974375,0.8119375,0.82384375,0.833125,0.83784375,0.83984375,0.84565625,0.8455,0.85190625,0.851375,0.85071875,0.85034375,0.854875,0.85078125,0.8563125,0.85540625,0.8579375,0.85840625,0.85690625,0.858625,0.82821875
1843824993,5,0.7708000000000002,0.7872250000000001,0.8045500000000001,0.819425,0.8316000000000001,0.8392500000000002,0.8418500000000001,0.8483000000000002,0.8478500000000001,0.85555,0.85555,0.856075,0.8569250000000002,0.85895,0.8561,0.8626500000000001,0.8605,0.86355,0.86255,0.860225,0.8624250000000002,0.832425
1843824993,6,0.758875,0.7760833333333333,0.7947916666666668,0.8137083333333335,0.8280833333333334,0.8381041666666668,0.8410833333333334,0.8514583333333335,0.8523125,0.859875,0.8594791666666668,0.859875,0.8602500000000001,0.8622083333333335,0.8602500000000001,0.8639166666666668,0.8637083333333335,0.8659583333333335,0.86525,0.8629375,0.8661666666666668,0.8347916666666667
1843824993,7,0.7517678571428571,0.7705535714285713,0.7891785714285713,0.8079999999999999,0.8247142857142857,0.8370178571428571,0.8393035714285715,0.8506428571428571,0.8533035714285714,0.8601428571428571,0.8605,0.861,0.8614464285714285,0.8636607142857142,0.8625714285714285,0.8675178571428571,0.8657321428571428,0.868625,0.8682142857142857,0.8646428571428572,0.8674464285714285,0.8365357142857143
1843824993,8,0.745953125,0.76340625,0.7819375,0.801921875,0.8199375,0.834265625,0.83653125,0.85075,0.854234375,0.86475,0.864890625,0.864984375,0.865546875,0.867734375,0.86659375,0.870078125,0.86878125,0.87121875,0.8705,0.866125,0.868890625,0.836296875
1843824993,9,0.7410416666666667,0.7585416666666668,0.776638888888889,0.7977222222222224,0.8157083333333335,0.8325972222222223,0.8361111111111114,0.8505694444444446,0.8550277777777779,0.8665694444444446,0.8658055555555556,0.8680972222222224,0.868513888888889,0.8702361111111113,0.8691111111111112,0.8723611111111114,0.871402777777778,0.8724166666666667,0.8729305555555557,0.8685694444444446,0.8711388888888889,0.8365833333333335
1843824993,10,0.73695,0.7535499999999999,0.771,0.7938500000000002,0.8118500000000002,0.8300625,0.8332750000000001,0.8503625000000001,0.8550125000000001,0.8668500000000001,0.8668875,0.8701000000000001,0.8702875000000001,0.8718,0.8706124999999999,0.8761250000000003,0.8746875000000001,0.8754875000000002,0.8759000000000001,0.871025,0.8736875,0.8382000000000002
1843824993,11,0.7337613636363636,0.7488863636363636,0.7664431818181817,0.7902613636363636,0.808840909090909,0.8273295454545454,0.8309090909090908,0.8488977272727273,0.8543522727272727,0.8673749999999999,0.867090909090909,0.8711590909090907,0.8712840909090908,0.8757727272727271,0.8732272727272725,0.8791931818181817,0.8774204545454544,0.8781818181818181,0.8782954545454545,0.8727386363636362,0.8758636363636363,0.8407045454545453
1843824993,12,0.7318020833333333,0.7469479166666666,0.7640104166666667,0.7864375,0.8050416666666668,0.8240104166666666,0.8284270833333333,0.8472395833333333,0.85275,0.8672604166666668,0.8665416666666667,0.87234375,0.8725104166666666,0.877125,0.87428125,0.87946875,0.8783541666666667,0.87990625,0.8798229166666667,0.8738854166666666,0.8770416666666666,0.84140625
1843824993,13,0.7295096153846155,0.7441442307692308,0.7610769230769232,0.7834423076923078,0.8018557692307693,0.8213461538461538,0.8256538461538462,0.8453076923076924,0.8517403846153847,0.8673653846153847,0.8672788461538463,0.8732884615384616,0.8738269230769232,0.8780384615384617,0.8755288461538463,0.8817596153846154,0.880346153846154,0.8806923076923079,0.881346153846154,0.8747019230769232,0.8775673076923078,0.8429423076923078
1843824993,14,0.7270803571428571,0.7413482142857143,0.7591071428571429,0.7815625,0.8001875000000002,0.8198035714285715,0.8240803571428571,0.8440892857142858,0.8514553571428574,0.8668571428571429,0.8664464285714286,0.8743214285714287,0.8748125000000001,0.8793125000000003,0.8764821428571429,0.8828482142857144,0.8820089285714287,0.8815803571428573,0.8820535714285715,0.875794642857143,0.8789732142857144,0.8435803571428572
1843824993,15,0.7261583333333334,0.7396666666666667,0.7569416666666666,0.7795500000000001,0.7980583333333334,0.8180250000000001,0.8222999999999999,0.8430250000000001,0.8504416666666669,0.8666166666666668,0.8661750000000001,0.8746083333333334,0.8753000000000002,0.8802500000000002,0.8774250000000002,0.8836333333333335,0.8833416666666667,0.8833166666666669,0.8835333333333335,0.8767666666666668,0.8803166666666669,0.8441833333333334
1843824993,16,0.725734375,0.73925,0.7556015625,0.7779375,0.796078125,0.815734375,0.8201015625,0.841765625,0.85,0.866578125,0.8661953125,0.875203125,0.875609375,0.881265625,0.87834375,0.8846015625,0.883703125,0.8836171875,0.88403125,0.8773984375,0.8807421875,0.843921875
1843824993,17,0.7244338235294117,0.7381544117647059,0.7540955882352941,0.7763088235294118,0.7940000000000002,0.8139926470588237,0.8176544117647059,0.8403455882352941,0.848529411764706,0.8658897058823531,0.8657279411764707,0.8752058823529412,0.8759926470588236,0.8815000000000001,0.8782720588235295,0.8856838235294119,0.884669117647059,0.8840882352941178,0.8849485294117647,0.8779705882352944,0.8810735294117649,0.8444632352941177
1843824993,18,0.7242361111111111,0.7374861111111111,0.7529305555555555,0.774986111111111,0.7927569444444446,0.8123680555555557,0.8162291666666668,0.8397847222222223,0.8484722222222224,0.8664930555555557,0.8661250000000001,0.8757013888888889,0.8767986111111112,0.8820833333333334,0.8789791666666668,0.8860000000000001,0.8849444444444445,0.884777777777778,0.8856527777777778,0.8785694444444446,0.8814861111111112,0.8449444444444446
1843824993,19,0.7245723684210525,0.7374736842105263,0.7523815789473683,0.7739473684210526,0.7914736842105262,0.8114671052631579,0.8152894736842106,0.8388881578947369,0.8476513157894737,0.866125,0.8654013157894738,0.8765921052631579,0.8771447368421054,0.8829342105263158,0.8805855263157896,0.8872565789473684,0.8859342105263157,0.8854078947368422,0.8865657894736843,0.8791973684210527,0.8822565789473685,0.8459144736842104
1843824993,20,0.7240875,0.73713125,0.7515499999999999,0.7722374999999999,0.7892625000000001,0.8089124999999999,0.8131937499999999,0.8372937500000001,0.84651875,0.86595,0.865,0.87656875,0.87725625,0.88241875,0.8804,0.887625,0.8865062499999999,0.8866875,0.8868875,0.8797125,0.8829250000000001,0.845625
1843824993,21,0.7248809523809524,0.7374940476190476,0.7513452380952381,0.7712440476190476,0.7876904761904762,0.8078095238095239,0.8116369047619049,0.8365654761904764,0.845529761904762,0.8652678571428573,0.8644880952380953,0.8767678571428572,0.8775892857142857,0.8832619047619048,0.8806964285714287,0.8885238095238096,0.8874226190476191,0.8875416666666668,0.8883511904761905,0.8808988095238096,0.8840119047619049,0.8460714285714287
1843824993,22,0.7251022727272728,0.7377443181818182,0.7505965909090909,0.7699772727272728,0.7861022727272727,0.8061931818181818,0.8100625,0.8351704545454545,0.8446363636363635,0.8647329545454545,0.864125,0.876903409090909,0.8771761363636362,0.8836477272727272,0.8810738636363636,0.8886704545454545,0.8877840909090908,0.8876818181818182,0.8884659090909091,0.8817897727272727,0.8848124999999999,0.8466477272727273
1843824993,23,0.7244402173913043,0.7374184782608695,0.7501521739130435,0.7685326086956521,0.7848532608695651,0.8049184782608695,0.8088315217391304,0.834179347826087,0.843625,0.8639021739130435,0.863391304347826,0.876516304347826,0.8772173913043477,0.8839891304347827,0.881375,0.888875,0.888070652173913,0.8887119565217392,0.8892010869565218,0.8824184782608695,0.8852336956521739,0.8472173913043479
1843824993,24,0.7242604166666667,0.7376875,0.7497135416666667,0.767234375,0.7838489583333332,0.804015625,0.8077395833333333,0.8333020833333333,0.843078125,0.8634479166666668,0.8629583333333333,0.8764427083333333,0.8770416666666666,0.8849739583333334,0.88175,0.8900052083333333,0.8886875,0.8891145833333334,0.8896302083333333,0.8825833333333334,0.8854583333333333,0.8475052083333334
1843824993,25,0.72448,0.737895,0.7500350000000001,0.766545,0.782535,0.803585,0.807395,0.83308,0.842885,0.8632650000000001,0.8627800000000001,0.876815,0.8771950000000001,0.8849750000000002,0.8820650000000001,0.8904000000000001,0.888965,0.88924,0.89,0.882965,0.8856600000000001,0.84708
1843824993,26,0.7250865384615385,0.7385769230769231,0.7501923076923076,0.7660865384615384,0.7816298076923077,0.8029375000000001,0.8064182692307693,0.8326923076923078,0.8424423076923079,0.863408653846154,0.8627932692307693,0.8770432692307693,0.877610576923077,0.8854230769230771,0.8822596153846155,0.8909951923076924,0.8898365384615385,0.889985576923077,0.8908798076923079,0.8833173076923079,0.8861971153846154,0.8472500000000001
1843824993,27,0.725601851851852,0.7387685185185185,0.7502407407407408,0.7658055555555555,0.78125,0.8020324074074074,0.8056944444444445,0.8324722222222222,0.8426296296296296,0.8635925925925926,0.8629444444444444,0.8770601851851852,0.8782129629629629,0.8857037037037037,0.8826018518518518,0.8914166666666667,0.890263888888889,0.8900555555555555,0.891,0.8837870370370371,0.8866712962962963,0.8472361111111111
1843824993,28,0.7259419642857142,0.7391964285714285,0.75078125,0.7655669642857144,0.7805,0.8013214285714286,0.8047633928571429,0.8320401785714286,0.8418794642857144,0.8633035714285713,0.8626383928571427,0.8772232142857143,0.8780669642857142,0.8857767857142856,0.8823035714285714,0.8920267857142856,0.8901741071428572,0.8904419642857142,0.8913169642857143,0.8841383928571429,0.8869017857142856,0.8477767857142858
1843824993,29,0.7259396551724138,0.7398836206896551,0.7511637931034484,0.76525,0.7797931034482758,0.8005818965517242,0.8041594827586207,0.831103448275862,0.8413405172413793,0.8624655172413793,0.8620560344827586,0.8773060344827586,0.8780431034482759,0.8859655172413793,0.8821206896551723,0.8922586206896551,0.8904396551724137,0.8907887931034483,0.8918491379310344,0.8843448275862069,0.887375,0.8477758620689656
1843824993,30,0.7260083333333335,0.7404375,0.7510333333333333,0.764575,0.7790833333333335,0.7998708333333334,0.8034875000000001,0.8304833333333335,0.8408791666666667,0.8620333333333335,0.8617458333333335,0.8773041666666668,0.8782708333333334,0.8863833333333334,0.8825416666666669,0.8923833333333335,0.8911375000000001,0.8913583333333335,0.892275,0.8845500000000002,0.8875666666666668,0.8478666666666668
1843824993,31,0.7264556451612902,0.7409395161290322,0.751850806451613,0.7642459677419354,0.7786653225806451,0.7995241935483871,0.802891129032258,0.8300685483870966,0.8406975806451612,0.8618548387096773,0.8612983870967742,0.8770564516129031,0.8782217741935483,0.8859314516129032,0.8818709677419354,0.892375,0.8912056451612902,0.8916209677419353,0.892241935483871,0.8851209677419354,0.8882056451612903,0.8478588709677418
1843824993,32,0.72637109375,0.741296875,0.75190234375,0.7639921875,0.77825,0.79908984375,0.80226953125,0.82983203125,0.840515625,0.86158984375,0.8611015625,0.87734375,0.8781328125,0.88603125,0.882109375,0.892765625,0.89096875,0.8921953125,0.8927265625,0.8855625,0.88884765625,0.84787109375
1843824993,33,0.7264810606060605,0.741590909090909,0.7522386363636363,0.7637499999999999,0.7778636363636363,0.799185606060606,0.8023030303030303,0.8297727272727272,0.8408560606060606,0.8616477272727272,0.8612045454545454,0.8772651515151514,0.8783371212121212,0.8860378787878788,0.8821628787878787,0.8928977272727272,0.8909166666666665,0.8919621212121212,0.8925984848484848,0.8856022727272727,0.8888068181818182,0.8478939393939394
1843824993,34,0.7265294117647059,0.741827205882353,0.7521066176470589,0.7633933823529412,0.7776323529411765,0.7985441176470589,0.8017352941176471,0.8292058823529412,0.840375,0.8611360294117648,0.8605992647058824,0.8774154411764707,0.8784522058823531,0.8859080882352942,0.8819485294117648,0.8927683823529413,0.891091911764706,0.8921102941176472,0.8929227941176472,0.8859264705882355,0.888794117647059,0.8482389705882354
1843824993,35,0.7267392857142856,0.742425,0.7524642857142858,0.7628499999999999,0.7772464285714287,0.7984464285714287,0.8015178571428572,0.829507142857143,0.8405142857142859,0.861457142857143,0.8608142857142859,0.8776035714285715,0.8785428571428573,0.8858642857142859,0.8821142857142859,0.8927678571428572,0.8909750000000002,0.8923607142857145,0.8930857142857144,0.8860107142857143,0.888807142857143,0.8483285714285715
1843824993,36,0.7266215277777778,0.7432986111111111,0.7530208333333334,0.7628541666666667,0.77675,0.7981354166666667,0.8012673611111111,0.8298368055555555,0.8404201388888889,0.8613958333333334,0.8608611111111111,0.8774583333333332,0.878638888888889,0.886076388888889,0.8820381944444444,0.8930069444444444,0.8913888888888888,0.8926006944444443,0.8934756944444443,0.8864201388888888,0.8892986111111111,0.8488368055555555
1843824993,37,0.7265236486486487,0.7434324324324325,0.7530912162162162,0.7622297297297297,0.7759222972972973,0.7972331081081081,0.8006283783783784,0.8293141891891892,0.8399628378378379,0.8606283783783785,0.8602939189189189,0.8770777027027027,0.8779256756756756,0.8860168918918919,0.8818682432432433,0.8929358108108109,0.8913141891891891,0.8927736486486487,0.8936047297297298,0.8866351351351353,0.8894864864864864,0.8488074324324325
1843824993,38,0.7263717105263159,0.7437138157894737,0.753625,0.7618092105263157,0.7757763157894736,0.7967203947368421,0.8000822368421052,0.8292763157894738,0.8399605263157893,0.860703947368421,0.8604243421052631,0.8771842105263158,0.8782203947368421,0.8860526315789473,0.8822171052631579,0.8935361842105263,0.8918815789473683,0.892921052631579,0.8936019736842105,0.8866611842105263,0.8896381578947369,0.8484736842105263
1843824993,39,0.7264615384615386,0.744147435897436,0.7540769230769231,0.7617339743589744,0.7753782051282053,0.7962211538461539,0.7996410256410257,0.8293910256410257,0.8400288461538463,0.860519230769231,0.8599839743589744,0.8775512820512822,0.8788269230769233,0.8862756410256412,0.8822628205128206,0.8937019230769232,0.891948717948718,0.8929134615384616,0.8935801282051284,0.8867948717948719,0.8897788461538463,0.8484198717948719
1843824993,40,0.726396875,0.744353125,0.7545499999999999,0.761690625,0.77508125,0.7956062500000001,0.799296875,0.82934375,0.83999375,0.8605187500000001,0.86,0.877721875,0.8787531249999999,0.886365625,0.8820999999999999,0.8938999999999999,0.892278125,0.893090625,0.893984375,0.8873312499999999,0.8904000000000001,0.848628125
1843824993,41,0.7264420731707317,0.7447256097560976,0.7550487804878049,0.7617408536585366,0.7750884146341463,0.7953323170731708,0.7988048780487805,0.8295091463414636,0.8399756097560975,0.8605914634146343,0.8599329268292684,0.8776158536585367,0.8787560975609757,0.8863750000000002,0.8823414634146342,0.8940426829268294,0.8922743902439024,0.893253048780488,0.8940213414634147,0.8873719512195123,0.8904298780487806,0.848734756097561
1843824993,42,0.7266309523809524,0.7450565476190476,0.7557529761904761,0.7619970238095238,0.7751101190476191,0.7953898809523811,0.7988095238095239,0.8298482142857144,0.8402559523809525,0.8606964285714287,0.8601696428571429,0.8777500000000003,0.878949404761905,0.8866755952380954,0.8828333333333335,0.8945803571428573,0.8927321428571429,0.8937827380952383,0.8945029761904764,0.8877083333333334,0.8907500000000002,0.8490059523809526
1843824993,43,0.7267063953488371,0.7453081395348836,0.7561947674418603,0.7618779069767441,0.7747122093023255,0.7952383720930232,0.7988052325581394,0.8296947674418603,0.8404156976744186,0.8606308139534883,0.8600697674418604,0.8777819767441859,0.8787906976744184,0.8872005813953487,0.8828546511627906,0.8946046511627905,0.8927558139534884,0.8939186046511627,0.8946133720930232,0.888095930232558,0.891203488372093,0.8488633720930231
1843824993,44,0.7269602272727272,0.7456420454545455,0.7565596590909092,0.7620255681818182,0.7746818181818181,0.7951818181818182,0.79865625,0.8298607954545455,0.8403863636363637,0.8606022727272727,0.86,0.8777727272727273,0.8787528409090909,0.8873267045454545,0.8831164772727272,0.8949943181818182,0.8928835227272728,0.8943125,0.8951761363636362,0.8883295454545455,0.8915681818181818,0.8489971590909091
1843824993,45,0.7269333333333334,0.7459527777777778,0.7571694444444445,0.7620638888888889,0.7745527777777778,0.7952222222222223,0.7986333333333334,0.830188888888889,0.840527777777778,0.8608527777777779,0.8601861111111111,0.8780083333333334,0.8791166666666668,0.8876861111111114,0.8834500000000002,0.8954194444444444,0.8932722222222225,0.8945250000000001,0.8954444444444446,0.8885750000000001,0.8918111111111113,0.8492472222222223
1843824993,46,0.7271358695652174,0.7459347826086956,0.7576440217391305,0.7619646739130435,0.7745461956521739,0.7950380434782609,0.7985407608695653,0.830141304347826,0.840625,0.8609211956521738,0.860266304347826,0.8780217391304348,0.879220108695652,0.8877065217391303,0.8835108695652174,0.8958016304347827,0.8937309782608696,0.8947717391304347,0.8956875,0.889078804347826,0.8923016304347825,0.8493532608695652
1843824993,47,0.7273005319148935,0.7460930851063828,0.7584015957446808,0.7624308510638298,0.7744760638297872,0.7948324468085106,0.7982313829787233,0.8303031914893618,0.8408324468085107,0.8608324468085107,0.8604627659574469,0.878063829787234,0.8794760638297873,0.8879202127659576,0.8835691489361702,0.8958297872340426,0.8939547872340426,0.8949627659574467,0.8958058510638298,0.8893058510638298,0.8926329787234042,0.849186170212766
1843824993,48,0.7275651041666668,0.74659375,0.7589791666666668,0.7627135416666666,0.774640625,0.7948359375,0.7984036458333333,0.8303697916666666,0.8407369791666667,0.8607682291666667,0.8602942708333332,0.8779270833333332,0.8793255208333333,0.887640625,0.8834739583333333,0.8958046875,0.89384375,0.8950520833333334,0.8958489583333333,0.8891692708333334,0.8924765625,0.849125
1843824993,49,0.7278775510204081,0.7470025510204082,0.7595714285714287,0.7628290816326531,0.77475,0.7946836734693877,0.7984081632653062,0.830484693877551,0.8407627551020408,0.8607857142857143,0.8605102040816327,0.8781428571428571,0.8794438775510205,0.8876479591836735,0.8832857142857142,0.8957576530612246,0.8939107142857143,0.8952372448979593,0.8958545918367347,0.8890994897959184,0.8924005102040817,0.8491071428571428
1843824993,50,0.7278925,0.7469925000000001,0.7600925,0.7629975,0.7749950000000001,0.795065,0.7986325,0.83077,0.84101,0.8613575000000001,0.8607675,0.8784625000000001,0.8796875,0.8878275000000001,0.8837650000000001,0.896065,0.8941200000000001,0.8954774999999999,0.8960425,0.8893275,0.892545,0.8492175
1843824993,51,0.7280490196078431,0.7472573529411766,0.7606617647058824,0.7630808823529412,0.7750367647058823,0.7948529411764707,0.7984607843137256,0.8307475490196079,0.8411348039215687,0.8613750000000001,0.8607867647058824,0.8784877450980393,0.879857843137255,0.8879093137254904,0.8837549019607844,0.896107843137255,0.8941029411764707,0.8954289215686276,0.8962058823529413,0.8894191176470589,0.8927181372549021,0.8490465686274511
1843824993,52,0.7280240384615385,0.7474230769230769,0.7612956730769231,0.7632932692307692,0.7750889423076924,0.794826923076923,0.7983149038461538,0.8308990384615386,0.8411730769230769,0.8613365384615383,0.8608437499999999,0.8786322115384614,0.88009375,0.8880120192307693,0.8837908653846154,0.8963653846153845,0.89425,0.8955384615384614,0.8963629807692307,0.8895697115384615,0.8929663461538462,0.8491418269230769
1843824993,53,0.728122641509434,0.7475,0.7617358490566037,0.7634858490566038,0.7751910377358491,0.7947099056603774,0.7982004716981133,0.8309528301886793,0.8413160377358491,0.8616297169811321,0.8610330188679245,0.8788820754716982,0.8802900943396227,0.8884599056603775,0.8840047169811321,0.8967122641509434,0.8945683962264152,0.8956462264150944,0.8964764150943397,0.8898254716981132,0.8931533018867924,0.8492382075471698
1843824993,54,0.7281759259259258,0.7474351851851853,0.7624375,0.7637407407407407,0.7755486111111111,0.7949027777777778,0.7985717592592594,0.8315069444444444,0.8416805555555555,0.8619490740740741,0.8612893518518518,0.8791412037037037,0.88075,0.8886504629629629,0.8844490740740741,0.897025462962963,0.8950925925925927,0.8959421296296297,0.8967361111111111,0.8902708333333333,0.8935,0.8492754629629631
1843824993,55,0.7280227272727272,0.7473522727272728,0.7632568181818182,0.7640704545454546,0.7757909090909091,0.7949045454545455,0.7986045454545454,0.8317,0.8419659090909091,0.8620568181818181,0.8614454545454546,0.8792431818181817,0.8807999999999999,0.8887068181818181,0.884615909090909,0.897290909090909,0.8951659090909091,0.8960181818181818,0.8969295454545454,0.8904477272727273,0.8938045454545454,0.8497
1843824993,56,0.7278772321428572,0.7471517857142858,0.7638303571428571,0.7642678571428572,0.7757991071428572,0.7948549107142857,0.79846875,0.8318660714285714,0.8419642857142858,0.8622254464285714,0.8615133928571429,0.879421875,0.8809799107142858,0.8888482142857143,0.8847723214285713,0.8973214285714286,0.8953772321428571,0.8963883928571429,0.8972455357142857,0.89059375,0.8938392857142857,0.8496160714285713
1843824993,57,0.7278026315789473,0.7471315789473685,0.7642828947368421,0.7642785087719298,0.7756425438596491,0.7949539473684211,0.7985197368421052,0.8319320175438596,0.8420811403508771,0.8623574561403509,0.8616995614035088,0.8796403508771928,0.8812543859649122,0.8889473684210526,0.8848837719298247,0.897594298245614,0.8955175438596491,0.8963991228070175,0.8974407894736841,0.8907872807017544,0.8941337719298246,0.8497850877192982
1843824993,58,0.7277478448275863,0.7470150862068965,0.7646875,0.7645064655172414,0.7758728448275861,0.7951314655172413,0.7985711206896552,0.8320193965517242,0.8421271551724138,0.8623168103448274,0.8617025862068965,0.8798900862068965,0.8814245689655172,0.8892327586206896,0.8850754310344827,0.8978706896551724,0.8958426724137931,0.8965732758620689,0.8976271551724138,0.8908771551724137,0.8942823275862068,0.849967672413793
1843824993,59,0.7276885593220339,0.747103813559322,0.7653283898305085,0.7647266949152542,0.7760783898305085,0.7952838983050848,0.7986885593220339,0.8320805084745763,0.8424978813559322,0.8627669491525424,0.8621610169491526,0.8802457627118644,0.8817966101694915,0.8894894067796609,0.8852733050847458,0.8979491525423728,0.8959809322033898,0.8968601694915254,0.8978050847457628,0.8912330508474576,0.8944025423728813,0.849938559322034
1843824993,60,0.7278791666666667,0.7471958333333333,0.7660458333333333,0.7651145833333334,0.7766020833333335,0.7955583333333334,0.7990083333333334,0.8324041666666667,0.8427791666666667,0.8630020833333333,0.8623395833333334,0.8803875000000001,0.8819395833333333,0.8894645833333334,0.8852333333333333,0.8980145833333333,0.8962125,0.896875,0.8976541666666666,0.89125,0.8944104166666667,0.8498666666666667
1843824993,61,0.7280573770491803,0.7473073770491804,0.7666209016393443,0.765327868852459,0.7768237704918033,0.7955799180327868,0.7991065573770492,0.8323627049180328,0.8427868852459016,0.8630450819672132,0.862266393442623,0.8805368852459017,0.8819118852459017,0.8896290983606557,0.885358606557377,0.8982151639344264,0.8963258196721312,0.8968401639344263,0.8976659836065574,0.8913319672131147,0.894422131147541,0.8498709016393443
1843824993,62,0.7279092741935485,0.7472379032258064,0.7670322580645161,0.7655564516129032,0.7768709677419355,0.7955241935483871,0.7990524193548387,0.8325443548387096,0.8429435483870968,0.8631633064516129,0.8622963709677419,0.8805302419354838,0.8819556451612902,0.8898084677419354,0.885625,0.898375,0.8964737903225805,0.8969677419354838,0.8978387096774193,0.8915584677419354,0.8945987903225806,0.8496612903225806
1843824993,63,0.7279484126984127,0.7470753968253969,0.7676448412698412,0.7657837301587301,0.7770753968253968,0.7957638888888889,0.7990337301587301,0.8326031746031747,0.8429464285714287,0.8631230158730159,0.8622837301587303,0.8805992063492065,0.8821765873015874,0.8899623015873017,0.8857341269841271,0.898388888888889,0.8965734126984127,0.8970357142857145,0.8979027777777779,0.8919722222222224,0.8948095238095238,0.8496666666666668
1843824993,64,0.72801171875,0.746943359375,0.76801171875,0.76603515625,0.77721875,0.795875,0.799009765625,0.832712890625,0.842982421875,0.8629609375,0.862224609375,0.88073828125,0.88234765625,0.890041015625,0.88561328125,0.898392578125,0.896630859375,0.897240234375,0.8980703125,0.892025390625,0.8950546875,0.84966015625
1843824993,65,0.7280211538461537,0.7469750000000002,0.7682596153846155,0.766073076923077,0.7770153846153847,0.7959211538461538,0.799046153846154,0.8327903846153847,0.8430173076923079,0.8629634615384616,0.8622384615384617,0.8809173076923079,0.8826653846153848,0.890094230769231,0.8857980769230771,0.8984269230769232,0.8966153846153847,0.8972192307692309,0.8981769230769232,0.891921153846154,0.8949807692307694,0.8495750000000002
1843824993,66,0.7280795454545455,0.7470397727272727,0.7684734848484849,0.7662594696969697,0.7771477272727273,0.7961098484848484,0.7992462121212122,0.8328901515151516,0.8431647727272726,0.863121212121212,0.8622310606060605,0.8809924242424243,0.8829147727272727,0.890530303030303,0.8861647727272728,0.898623106060606,0.8968674242424242,0.8973636363636363,0.8984185606060605,0.892185606060606,0.8951761363636362,0.8497367424242424
1843824993,67,0.7282574626865671,0.7469067164179104,0.7688134328358209,0.7663824626865672,0.7773955223880598,0.796419776119403,0.7995317164179105,0.833240671641791,0.8434458955223881,0.8634365671641792,0.8625130597014925,0.8813097014925373,0.8831921641791044,0.8907294776119403,0.8864123134328359,0.8989570895522389,0.8970186567164179,0.8974981343283582,0.8985578358208954,0.8923059701492537,0.8953320895522389,0.8497126865671641
1843824993,68,0.7281856617647059,0.7468235294117647,0.7690919117647058,0.7666488970588236,0.7776378676470589,0.7965128676470588,0.7997573529411764,0.8333988970588235,0.8436966911764706,0.8636966911764706,0.8627371323529412,0.8814577205882353,0.8833731617647058,0.8910294117647058,0.8865882352941176,0.8991544117647059,0.8972996323529412,0.8976636029411765,0.8985110294117646,0.8924430147058822,0.8954963235294118,0.8497591911764705
1843824993,69,0.7282916666666667,0.7467173913043478,0.769427536231884,0.7667735507246376,0.7778242753623188,0.7967608695652175,0.7998913043478261,0.8335489130434782,0.8437047101449275,0.8639420289855072,0.8630815217391304,0.8815,0.8834166666666667,0.8911105072463767,0.8868333333333334,0.8993007246376813,0.897375,0.897980072463768,0.8986829710144928,0.892518115942029,0.895590579710145,0.8496467391304348
1843824993,70,0.7282071428571428,0.7465553571428571,0.7697446428571428,0.7670142857142858,0.7779982142857145,0.7969017857142858,0.7999285714285715,0.8336964285714287,0.8438303571428574,0.8640982142857143,0.8633339285714288,0.8818089285714287,0.8836339285714286,0.8913464285714288,0.8870196428571431,0.899657142857143,0.8977089285714288,0.8981910714285716,0.8989589285714287,0.8925553571428573,0.8957375000000002,0.8496660714285715
1843824993,71,0.7283204225352112,0.7465475352112676,0.7701056338028169,0.7673591549295775,0.7783292253521127,0.7971602112676056,0.8001795774647887,0.8339700704225351,0.8440669014084506,0.864318661971831,0.8635915492957748,0.8821672535211268,0.8840088028169014,0.8917165492957747,0.8873908450704225,0.8999859154929577,0.8981355633802817,0.898281690140845,0.8992676056338028,0.8926830985915492,0.8959489436619718,0.8496302816901409
1843824993,72,0.7281684027777778,0.7465069444444444,0.7703559027777779,0.7675295138888889,0.77859375,0.7973402777777778,0.8003038194444445,0.8341666666666666,0.8441857638888889,0.8646197916666667,0.8637048611111111,0.8824305555555556,0.8842100694444445,0.8917604166666667,0.887595486111111,0.9002152777777779,0.8983489583333333,0.8984461805555556,0.8994739583333333,0.8929427083333333,0.8961388888888889,0.849625
1843824993,73,0.7282688356164383,0.7464948630136987,0.7703424657534247,0.7675188356164384,0.7788356164383562,0.7974982876712328,0.8003784246575342,0.8343390410958904,0.8441575342465754,0.8646900684931507,0.8637962328767124,0.8824811643835616,0.8843801369863012,0.8917791095890412,0.8875804794520548,0.9004092465753424,0.8985102739726029,0.898541095890411,0.8995462328767123,0.8929640410958903,0.8960907534246576,0.849529109589041
1843824993,74,0.7280641891891891,0.7462077702702702,0.7704645270270271,0.7676908783783783,0.7791114864864864,0.7978260135135136,0.800643581081081,0.8345641891891892,0.8443597972972973,0.864893581081081,0.8639493243243244,0.8827668918918918,0.884570945945946,0.8918733108108108,0.8876993243243243,0.9005456081081081,0.8987195945945946,0.8988496621621622,0.8997787162162163,0.8932685810810811,0.8963513513513514,0.8494797297297298
1843824993,75,0.7279216666666666,0.7459966666666666,0.7705533333333333,0.7676283333333334,0.7792449999999999,0.7979366666666667,0.80082,0.8347116666666667,0.8443716666666666,0.8650733333333334,0.8641133333333333,0.8829533333333334,0.8849016666666667,0.89203,0.887785,0.900655,0.8988166666666667,0.8988666666666667,0.8999000000000001,0.8932866666666667,0.8963766666666667,0.8494433333333332
1843824993,76,0.7276233552631579,0.7457138157894737,0.7707236842105263,0.7677236842105263,0.7795148026315789,0.7981299342105262,0.80103125,0.8349029605263159,0.8445197368421052,0.865141447368421,0.8642779605263157,0.8831743421052631,0.8852565789473683,0.8923536184210527,0.8879901315789472,0.901046052631579,0.8990855263157895,0.8989144736842105,0.9001332236842106,0.8933026315789474,0.8965098684210526,0.8494588815789473
1843824993,77,0.727375,0.7454480519480519,0.770952922077922,0.7676737012987012,0.7797272727272727,0.7983766233766233,0.8012288961038961,0.8350113636363637,0.8446477272727272,0.8652402597402598,0.8643733766233765,0.8834545454545455,0.8854512987012986,0.8926623376623376,0.8883149350649351,0.9012743506493506,0.8993701298701299,0.8991931818181818,0.9002711038961038,0.8935454545454544,0.8967532467532466,0.849577922077922
1843824993,78,0.7271282051282051,0.7451875000000001,0.771011217948718,0.7677868589743592,0.7799166666666667,0.7987067307692309,0.801676282051282,0.8353589743589743,0.8449551282051283,0.8653750000000001,0.864522435897436,0.8837564102564104,0.885658653846154,0.8927612179487181,0.888496794871795,0.9014294871794873,0.8994262820512822,0.8991634615384618,0.9003173076923079,0.8936153846153847,0.8966682692307694,0.8496217948717949
1843824993,79,0.7269731012658228,0.7449050632911391,0.7711962025316457,0.7677167721518988,0.7800490506329114,0.7989256329113923,0.8017958860759494,0.835629746835443,0.8449857594936708,0.8655268987341772,0.8645332278481012,0.8840553797468353,0.885884493670886,0.8928813291139239,0.8886408227848099,0.901398734177215,0.8995696202531644,0.8991060126582278,0.9002436708860758,0.8936170886075948,0.8966408227848099,0.8494240506329113
1843824993,80,0.7268375000000001,0.7447765624999999,0.7713687499999999,0.7678109375000001,0.7801875,0.79926875,0.8021203124999999,0.83576875,0.8451171875,0.8656109375,0.8646625,0.8841984374999999,0.8861015625,0.8930140625,0.8888421875,0.9015140625,0.89978125,0.8992781249999999,0.900284375,0.893765625,0.8968500000000001,0.8493859374999999
1843824993,81,0.726645061728395,0.7445123456790123,0.771449074074074,0.7677993827160494,0.7804398148148148,0.7995493827160495,0.8023364197530863,0.836016975308642,0.8452808641975308,0.8657484567901235,0.8648256172839506,0.8844475308641976,0.8863256172839505,0.8930925925925927,0.8890015432098766,0.9016898148148148,0.8999305555555556,0.8994706790123457,0.9003595679012346,0.8937854938271605,0.896908950617284,0.8492824074074073
1843824993,82,0.7264420731707316,0.7444649390243903,0.771655487804878,0.7681097560975609,0.7807728658536586,0.7997576219512196,0.8028079268292684,0.8362134146341463,0.8454893292682928,0.865830792682927,0.8650182926829268,0.8844207317073172,0.8865,0.8931432926829268,0.8890914634146343,0.9018689024390244,0.9000518292682927,0.8994847560975611,0.9003003048780488,0.8938384146341464,0.8968307926829268,0.8492774390243902
1843824993,83,0.7262439759036144,0.7443870481927711,0.771941265060241,0.7682168674698795,0.7810481927710844,0.8001626506024097,0.8030933734939759,0.8364427710843373,0.8457153614457832,0.8659262048192773,0.8650135542168674,0.8844367469879519,0.8865496987951808,0.8934051204819277,0.8891912650602409,0.9019277108433734,0.9001626506024096,0.8996129518072289,0.9005692771084338,0.8939653614457832,0.8968192771084337,0.8492364457831325
1843824993,84,0.7259955357142857,0.7441532738095239,0.7719657738095238,0.7682604166666667,0.7813080357142856,0.800498511904762,0.8033705357142857,0.836578869047619,0.8458005952380951,0.866077380952381,0.8651041666666667,0.8845550595238096,0.8866592261904761,0.8934270833333332,0.8892470238095238,0.902235119047619,0.9003497023809522,0.8998869047619047,0.9007261904761904,0.8939583333333333,0.8969627976190476,0.8492380952380952
1843824993,85,0.7258014705882353,0.7440985294117647,0.7721073529411765,0.7685779411764706,0.7816132352941176,0.8009044117647061,0.8037882352941177,0.8368514705882353,0.8459573529411766,0.8663500000000002,0.8652588235294119,0.8847750000000001,0.8868117647058825,0.8936441176470589,0.889325,0.9022779411764708,0.9005632352941179,0.8999382352941176,0.9007220588235295,0.8941544117647061,0.8970029411764707,0.8490852941176472
1843824993,86,0.7257034883720931,0.7439026162790698,0.7722906976744186,0.7687732558139535,0.7818139534883721,0.8011875,0.8040014534883722,0.837015988372093,0.8460799418604652,0.8663837209302326,0.865279069767442,0.8848561046511629,0.886890988372093,0.8935247093023257,0.8894156976744186,0.9022761627906978,0.9004825581395349,0.8998706395348838,0.900795058139535,0.8941293604651163,0.897014534883721,0.8488779069767443
1843824993,87,0.7254813218390804,0.743808908045977,0.772412356321839,0.7687787356321839,0.7820560344827586,0.8014195402298852,0.8042270114942528,0.8373045977011494,0.8463879310344828,0.8666393678160919,0.8655057471264368,0.885125,0.8872126436781609,0.8935747126436782,0.8896853448275862,0.9026206896551723,0.9006206896551723,0.8999454022988504,0.9008735632183907,0.8943175287356321,0.8970790229885057,0.8489396551724138
1843824993,88,0.725330965909091,0.743637784090909,0.7727485795454545,0.7687883522727272,0.7823920454545455,0.8017215909090909,0.8045752840909091,0.8374786931818182,0.8466392045454546,0.8668238636363637,0.8656889204545455,0.88534375,0.8873678977272728,0.8937982954545455,0.8898096590909091,0.9026732954545454,0.9008252840909091,0.9000113636363636,0.90103125,0.8944715909090909,0.8972130681818182,0.8488039772727273
1843824993,89,0.7250884831460673,0.7434887640449438,0.772866573033708,0.7688441011235955,0.7827359550561798,0.8020182584269663,0.8049171348314608,0.8375646067415731,0.8467963483146068,0.8669817415730338,0.8658370786516855,0.8855744382022471,0.8875744382022471,0.8939424157303371,0.8899227528089888,0.9027977528089888,0.9009761235955057,0.900008426966292,0.9011109550561798,0.8945280898876403,0.8973160112359551,0.8488651685393258
1843824993,90,0.7249430555555555,0.7432555555555556,0.7730638888888889,0.7689930555555556,0.7830055555555556,0.8022694444444446,0.8049958333333334,0.8378000000000001,0.8469486111111112,0.8671541666666668,0.8660875000000002,0.8857527777777779,0.8878708333333334,0.8942861111111112,0.8902666666666668,0.9029625000000001,0.9011472222222223,0.9001986111111113,0.9012638888888891,0.8947458333333335,0.897413888888889,0.8488958333333335
1843824993,91,0.7249217032967032,0.7430604395604395,0.7730508241758244,0.7690357142857144,0.7833887362637363,0.8025096153846155,0.8052802197802198,0.8380494505494507,0.8471607142857145,0.8672829670329671,0.8661964285714286,0.8859244505494508,0.8881840659340661,0.894438186813187,0.8902774725274727,0.9030219780219781,0.9012472527472529,0.9001868131868134,0.9012348901098903,0.894703296703297,0.8973708791208793,0.8488612637362638
1843824993,92,0.7247975543478261,0.742835597826087,0.7731073369565218,0.7690502717391304,0.7836616847826088,0.8027051630434783,0.8054116847826087,0.8381508152173912,0.8471548913043478,0.8673328804347825,0.8661005434782607,0.8861127717391305,0.8883179347826088,0.8946073369565217,0.8904809782608695,0.9032146739130436,0.9014239130434782,0.9002785326086957,0.9012404891304348,0.8947513586956523,0.8974986413043478,0.8489782608695653
1843824993,93,0.7247983870967741,0.7427594086021505,0.7731760752688172,0.7691572580645161,0.7839959677419355,0.8030094086021504,0.8056021505376343,0.8383037634408602,0.8471935483870967,0.8674126344086022,0.8661948924731182,0.8864018817204301,0.8884529569892472,0.8946868279569892,0.8907177419354839,0.9033682795698924,0.9016841397849462,0.9004368279569892,0.901375,0.8948575268817204,0.8976276881720429,0.8489610215053762
1843824993,94,0.7247353723404255,0.7425385638297872,0.7731808510638298,0.7691648936170213,0.7842593085106383,0.8033098404255319,0.8059827127659575,0.8386289893617022,0.8474654255319148,0.8675890957446809,0.8664507978723405,0.8868484042553191,0.8888696808510638,0.8948617021276596,0.8911103723404256,0.9037632978723404,0.9020691489361702,0.9008231382978723,0.9018125,0.895126329787234,0.8979787234042553,0.849158244680851
1843824993,95,0.7246065789473685,0.7422947368421053,0.7733210526315789,0.769125,0.7845960526315789,0.8035447368421053,0.8062381578947367,0.8388539473684211,0.8478157894736842,0.867796052631579,0.8666039473684211,0.8871855263157895,0.8892815789473684,0.8950684210526316,0.8914552631578947,0.9040657894736842,0.9023881578947369,0.9008894736842106,0.9020407894736842,0.8952157894736843,0.8980342105263157,0.8492631578947368
1843824993,96,0.72441015625,0.7422057291666666,0.7735377604166667,0.76926953125,0.7848580729166666,0.8038098958333333,0.80658203125,0.8390572916666668,0.8479934895833334,0.8678411458333334,0.8667330729166668,0.88732421875,0.8894010416666668,0.8951796875,0.89155859375,0.9043033854166667,0.902546875,0.9010325520833332,0.9022109375,0.89540625,0.8980989583333333,0.849171875
1843824993,97,0.7243492268041237,0.7421134020618557,0.7735567010309278,0.7691855670103094,0.7850798969072166,0.804063144329897,0.8068389175257732,0.839188144329897,0.848112113402062,0.8679007731958763,0.8668440721649485,0.8875257731958763,0.8896546391752579,0.8953595360824744,0.8917938144329899,0.9044085051546393,0.9026185567010312,0.9010798969072166,0.9022667525773197,0.8954961340206187,0.898167525773196,0.8490412371134022
1843824993,98,0.7243405612244899,0.7421045918367347,0.7735854591836735,0.7692767857142858,0.7854426020408163,0.8044145408163266,0.8070854591836735,0.8394566326530614,0.8482321428571428,0.8681275510204082,0.8670714285714287,0.887733418367347,0.8899566326530612,0.8957321428571429,0.8920752551020409,0.9048316326530612,0.902983418367347,0.9013686224489796,0.9023698979591837,0.8956517857142858,0.8982142857142857,0.8490650510204082
1843824993,99,0.7242474747474748,0.7421527777777779,0.7736931818181818,0.7693421717171717,0.7857032828282828,0.8046590909090908,0.807385101010101,0.8397702020202019,0.8484747474747475,0.8682790404040405,0.8671628787878788,0.8878585858585859,0.8900795454545455,0.8959065656565656,0.8921969696969697,0.904943181818182,0.9030871212121212,0.9013257575757575,0.9023434343434344,0.8957613636363636,0.8982954545454546,0.8490227272727272
1843824993,100,0.72414625,0.7419775,0.773615,0.76936375,0.7859974999999999,0.8047887499999999,0.8075825,0.83997375,0.8486787499999999,0.8683299999999999,0.86729125,0.8880399999999999,0.8903562500000001,0.89601125,0.89247375,0.90517125,0.9033025,0.90148125,0.902595,0.8958625,0.898605,0.8489875
1843824993,101,0.7240272277227723,0.7418539603960396,0.7736435643564357,0.7696237623762376,0.7862574257425744,0.8050148514851486,0.8078675742574257,0.8402710396039605,0.8489071782178219,0.8686695544554457,0.8675903465346536,0.888355198019802,0.8905247524752476,0.8962326732673268,0.8927784653465347,0.9054158415841584,0.9035594059405941,0.9016646039603962,0.9027623762376239,0.8960903465346536,0.8986856435643567,0.8490272277227723
1843824993,102,0.7240110294117648,0.7418063725490197,0.7735686274509803,0.7696838235294118,0.7865477941176471,0.8052745098039216,0.8080649509803922,0.8402818627450981,0.8490870098039217,0.8687720588235295,0.8676433823529414,0.8885453431372551,0.8906887254901963,0.8962708333333335,0.8928676470588236,0.905482843137255,0.9036213235294118,0.9018553921568628,0.9029129901960785,0.8962549019607845,0.8988039215686277,0.8489497549019609
1843824993,103,0.7239490291262135,0.7417135922330097,0.7735424757281553,0.76976213592233,0.7869405339805825,0.805509708737864,0.8082924757281553,0.8404150485436893,0.8491541262135922,0.8689417475728155,0.8678082524271845,0.888631067961165,0.8908883495145631,0.8964150485436893,0.8929344660194174,0.9054878640776699,0.903751213592233,0.9019866504854369,0.9030582524271844,0.8962718446601942,0.8989126213592233,0.8489502427184465
1843824993,104,0.7238389423076924,0.7416213942307693,0.7735360576923076,0.769734375,0.787155048076923,0.8057427884615384,0.8084254807692308,0.8405673076923076,0.8491754807692309,0.8690697115384616,0.8679555288461538,0.8887980769230769,0.8910036057692309,0.8964627403846155,0.8929795673076923,0.9056658653846155,0.9040048076923076,0.9020793269230769,0.9031418269230769,0.8963197115384616,0.89896875,0.8490108173076923
1843824993,105,0.7238095238095239,0.741502380952381,0.7737035714285714,0.7698607142857142,0.7875464285714285,0.8061107142857143,0.8088285714285715,0.8408535714285715,0.849377380952381,0.8691916666666668,0.8681333333333334,0.8890761904761906,0.8912654761904765,0.8965416666666669,0.8931761904761907,0.9059285714285715,0.9042202380952383,0.902282142857143,0.9032904761904764,0.8964202380952383,0.8990011904761905,0.8490666666666669
1843824993,106,0.7237676886792453,0.7414257075471699,0.7737818396226416,0.7700542452830189,0.7878867924528301,0.8063514150943397,0.8092122641509434,0.8411155660377359,0.8496898584905662,0.8694740566037735,0.8682924528301887,0.889441037735849,0.8916250000000001,0.8969150943396226,0.8934375,0.906193396226415,0.904502358490566,0.9024563679245284,0.9034799528301887,0.8965919811320755,0.8991721698113209,0.8491344339622642
1843824993,107,0.7237254672897196,0.7414485981308411,0.7739778037383178,0.7701728971962617,0.7882453271028037,0.8066810747663551,0.8095607476635513,0.8414042056074765,0.849963785046729,0.8696390186915888,0.8685116822429907,0.8896904205607478,0.8919380841121495,0.8970455607476635,0.8936845794392523,0.9064661214953271,0.9047219626168224,0.9027231308411214,0.9037488317757009,0.896838785046729,0.8993609813084112,0.8492523364485982
1843824993,108,0.7235995370370369,0.7414259259259258,0.7740208333333333,0.7701724537037037,0.7886284722222222,0.8069004629629629,0.8098657407407408,0.8415763888888889,0.8501412037037037,0.8698657407407407,0.8686574074074074,0.8898877314814815,0.8921134259259259,0.8972592592592592,0.8938703703703704,0.9066689814814816,0.9049375,0.9028495370370371,0.9038715277777778,0.896962962962963,0.8994212962962963,0.8492199074074074
1843824993,109,0.7235894495412843,0.7413566513761468,0.7740733944954129,0.7702522935779816,0.7889506880733945,0.8071639908256881,0.8102442660550458,0.841875,0.850315366972477,0.869980504587156,0.868855504587156,0.8901261467889908,0.8923646788990824,0.8974197247706422,0.8940699541284404,0.9068853211009175,0.9052385321100918,0.9030217889908257,0.9039701834862385,0.8970974770642202,0.8996788990825689,0.8491983944954129
1843824993,110,0.7235261363636364,0.7413556818181818,0.7741443181818182,0.7701647727272728,0.7892227272727272,0.8073977272727273,0.8103829545454545,0.8420511363636363,0.8504545454545455,0.8700329545454545,0.8688659090909091,0.8902693181818182,0.8925,0.8975806818181818,0.894259090909091,0.9068897727272727,0.9053465909090908,0.9031659090909091,0.9041147727272727,0.8972034090909091,0.8998375,0.8492545454545455
1843824993,111,0.7233051801801802,0.7411790540540539,0.7742184684684684,0.7702319819819821,0.7895292792792793,0.8076126126126125,0.8106565315315315,0.8421756756756758,0.8505698198198197,0.8701880630630631,0.8689335585585586,0.8904414414414416,0.8926644144144145,0.8976328828828829,0.8943659909909909,0.9070563063063064,0.9054921171171171,0.903161036036036,0.9042511261261261,0.8972702702702703,0.8998581081081082,0.8491441441441441
1843824993,112,0.723296875,0.741109375,0.7743046875,0.7703426339285715,0.7897645089285714,0.8078604910714285,0.8108125,0.8423270089285715,0.8506886160714285,0.8701662946428571,0.8690022321428571,0.8905915178571429,0.8928638392857142,0.8977377232142857,0.8943448660714287,0.9071986607142858,0.9056194196428571,0.9032299107142858,0.9043671875,0.8973359375,0.8999419642857143,0.8492120535714287
1843824993,113,0.7231570796460178,0.7409480088495575,0.7743617256637167,0.7703650442477876,0.7899524336283186,0.8081039823008849,0.8110486725663716,0.8425254424778761,0.8509446902654868,0.8703606194690265,0.8691393805309735,0.8908639380530974,0.893150442477876,0.8978561946902656,0.894558628318584,0.907445796460177,0.9057710176991149,0.9032909292035398,0.9044900442477877,0.8973119469026549,0.899900442477876,0.8491404867256638
1843824993,114,0.7230679824561402,0.7408508771929825,0.7745427631578948,0.7703355263157896,0.7902258771929824,0.8084166666666667,0.8112609649122806,0.8426918859649123,0.8510438596491229,0.8703728070175439,0.8691304824561403,0.8909846491228071,0.8933048245614035,0.8980065789473685,0.8948311403508773,0.9076162280701754,0.9059133771929825,0.9033388157894737,0.9045515350877192,0.8974396929824561,0.8999616228070175,0.8490811403508771
1843824993,115,0.7229195652173912,0.7407065217391305,0.7746010869565217,0.7704673913043477,0.7905739130434782,0.8086380434782607,0.811579347826087,0.842986956521739,0.8513032608695652,0.8705326086956521,0.8692510869565218,0.8911315217391305,0.8934423913043478,0.89825,0.8950576086956522,0.9077967391304348,0.9061978260869564,0.9034619565217391,0.904636956521739,0.8976076086956521,0.9001260869565217,0.849057608695652
1843824993,116,0.7227349137931035,0.7405711206896551,0.7746217672413793,0.7704396551724138,0.7907575431034484,0.8088523706896552,0.8118362068965518,0.843126077586207,0.8514299568965517,0.8704741379310345,0.8693232758620689,0.8913221982758621,0.8936702586206896,0.898417025862069,0.8951584051724139,0.9079665948275861,0.9063868534482759,0.9036142241379309,0.9048200431034483,0.8977683189655172,0.9001907327586207,0.8490140086206897
1843824993,117,0.7226485042735042,0.7406004273504274,0.7747713675213677,0.7705587606837607,0.7910940170940172,0.8091495726495728,0.8121741452991454,0.8433354700854702,0.8515972222222224,0.8706463675213677,0.8694700854700856,0.8914113247863249,0.8937905982905985,0.8985918803418805,0.8953108974358974,0.908155982905983,0.9065673076923079,0.9037767094017095,0.9049871794871797,0.8978525641025643,0.9003301282051284,0.8490106837606838
1843824993,118,0.7225,0.7405286016949152,0.7748622881355933,0.7705921610169492,0.7913771186440679,0.8094544491525424,0.8123930084745763,0.8434385593220339,0.851656779661017,0.8707860169491526,0.8695413135593222,0.8916970338983051,0.8939639830508475,0.8987669491525423,0.8955031779661017,0.9083601694915254,0.9066917372881357,0.9038930084745763,0.9050656779661017,0.8979216101694915,0.9004322033898304,0.8490031779661017
1843824993,119,0.7223771008403361,0.7403686974789916,0.7749485294117648,0.7706764705882354,0.7917121848739496,0.8098119747899161,0.812685924369748,0.8435525210084035,0.8517100840336136,0.8708130252100841,0.8696376050420169,0.8918445378151262,0.8941544117647061,0.8988403361344539,0.8956334033613447,0.9084600840336136,0.9068424369747901,0.9039159663865547,0.9051880252100842,0.8980210084033615,0.9005031512605044,0.8489243697478993
1843824993,120,0.7221468749999999,0.7402270833333333,0.774965625,0.7707020833333333,0.7919250000000001,0.8099937500000001,0.81288125,0.8436322916666666,0.8518395833333334,0.8709083333333333,0.869740625,0.8921125,0.8944500000000001,0.8989927083333332,0.8958145833333334,0.908715625,0.9071125,0.9041145833333333,0.9053958333333333,0.89815,0.9006947916666667,0.8488260416666666
1843824993,121,0.7219865702479339,0.7400082644628099,0.7749989669421488,0.7707283057851239,0.792051652892562,0.8100433884297521,0.8130051652892561,0.8437293388429753,0.8518987603305785,0.870974173553719,0.8697623966942148,0.89225,0.8945051652892562,0.8991446280991736,0.8959359504132233,0.908736570247934,0.9071126033057851,0.9042169421487604,0.9054039256198347,0.8982097107438016,0.9006983471074379,0.8487995867768594
1843824993,122,0.7217387295081968,0.7398811475409836,0.7750215163934426,0.770828893442623,0.7923360655737703,0.8103493852459016,0.8132602459016394,0.8438883196721312,0.852030737704918,0.871140368852459,0.8699887295081967,0.8923821721311477,0.894641393442623,0.8991926229508197,0.8960768442622951,0.908845286885246,0.9072202868852459,0.904281762295082,0.905375,0.898172131147541,0.9007069672131147,0.8486967213114753
1843824993,123,0.7215355691056912,0.7396758130081301,0.774959349593496,0.7708912601626016,0.7924928861788618,0.810604674796748,0.8135782520325203,0.8439532520325204,0.852114837398374,0.8712164634146341,0.870043699186992,0.8925701219512195,0.8947815040650408,0.8992896341463414,0.8962235772357724,0.9089776422764227,0.9074349593495935,0.9043709349593496,0.9054817073170732,0.8981270325203252,0.9007530487804878,0.8486138211382113
1843824993,124,0.7213870967741935,0.7395191532258064,0.7749969758064515,0.7709959677419354,0.7928074596774193,0.8109415322580645,0.8138608870967742,0.8441239919354839,0.8523266129032259,0.8712913306451613,0.8701169354838709,0.8928417338709677,0.8950413306451612,0.8994627016129032,0.8963951612903226,0.9091270161290322,0.9076350806451613,0.9044425403225806,0.9055604838709678,0.89821875,0.900789314516129,0.8486118951612902
1843824993,125,0.721212,0.739394,0.77497,0.771057,0.793061,0.8111360000000001,0.8141640000000001,0.8442890000000001,0.8524190000000001,0.8713890000000001,0.870282,0.892958,0.8951220000000001,0.899597,0.896503,0.9092160000000001,0.907672,0.9045780000000001,0.905691,0.8982940000000001,0.9007830000000001,0.8485330000000001
1843824993,126,0.7211071428571428,0.7393194444444444,0.7749315476190477,0.7710357142857145,0.7933164682539683,0.8113224206349208,0.8143611111111111,0.8444563492063493,0.8525168650793652,0.8715138888888889,0.8703769841269843,0.8929970238095238,0.8953392857142859,0.8997400793650795,0.8966587301587303,0.9093392857142859,0.907823412698413,0.9046101190476192,0.905794642857143,0.898311507936508,0.9007668650793653,0.8484484126984128
1843824993,127,0.7209301181102362,0.7390728346456694,0.7749261811023623,0.770944881889764,0.7934222440944882,0.8114153543307089,0.8144448818897638,0.8444773622047246,0.8524478346456694,0.8715049212598426,0.8703887795275591,0.893117125984252,0.8954753937007874,0.8998001968503938,0.8967391732283465,0.9094330708661418,0.9078877952755906,0.9047116141732284,0.9058631889763781,0.898339566929134,0.9007834645669293,0.8483641732283466
1843824993,128,0.720716796875,0.738861328125,0.774921875,0.771013671875,0.7935546875,0.8116103515625,0.81453515625,0.844568359375,0.852486328125,0.8716005859375,0.8705029296875,0.8932568359375,0.895609375,0.899935546875,0.896958984375,0.9095107421875,0.9079580078125,0.90481640625,0.906037109375,0.8983193359375,0.9008779296875,0.8482666015625
1843824993,129,0.720580426356589,0.7386967054263563,0.7749350775193797,0.771002906976744,0.793766472868217,0.8118071705426355,0.8147771317829456,0.8447403100775194,0.8526501937984494,0.8717412790697673,0.8706589147286821,0.8934903100775193,0.8958226744186046,0.9001279069767442,0.897188953488372,0.9096501937984496,0.9081618217054263,0.9048972868217053,0.9061521317829456,0.8984360465116279,0.9009767441860466,0.8482441860465114
1843824993,130,0.720410576923077,0.7384663461538462,0.774958653846154,0.7710942307692308,0.7939846153846155,0.8119884615384617,0.8150057692307694,0.844823076923077,0.8527471153846155,0.8718240384615387,0.870760576923077,0.8935798076923079,0.895935576923077,0.9002355769230771,0.8972913461538463,0.9097788461538463,0.9082826923076925,0.9049432692307694,0.9062346153846156,0.8985028846153849,0.9010365384615386,0.8481384615384616
1843824993,131,0.7202194656488549,0.7382146946564885,0.7749465648854962,0.7711574427480916,0.7942242366412214,0.8122156488549619,0.8152528625954198,0.8448702290076335,0.8528501908396947,0.8720238549618321,0.8708759541984733,0.8937061068702291,0.8961650763358778,0.9003072519083969,0.8974236641221375,0.9098721374045802,0.908416030534351,0.9049952290076336,0.9062624045801526,0.8984904580152672,0.9010410305343511,0.8479980916030535
1843824993,132,0.7200738636363636,0.7380596590909091,0.7749280303030304,0.7712651515151515,0.7944630681818181,0.8124545454545455,0.8153939393939393,0.8449545454545455,0.8528892045454545,0.8721647727272728,0.8710094696969698,0.8939507575757575,0.8963011363636364,0.90053125,0.8976079545454545,0.9100729166666667,0.9085596590909091,0.9051212121212121,0.9063617424242425,0.8986079545454546,0.9011155303030303,0.8480284090909093
1843824993,133,0.7199125939849623,0.7378035714285713,0.7748646616541353,0.771249060150376,0.7947791353383459,0.8126522556390978,0.8155902255639098,0.845078947368421,0.8529276315789472,0.8722124060150376,0.8710488721804511,0.8940592105263159,0.8964379699248121,0.9005855263157894,0.8977471804511279,0.9101644736842105,0.9086127819548871,0.9051898496240601,0.906422932330827,0.898671052631579,0.9011203007518797,0.8479295112781955
1843824993,134,0.7197042910447762,0.737651119402985,0.7748283582089552,0.7712966417910447,0.7950195895522388,0.8127574626865671,0.8158535447761194,0.8451184701492538,0.8530205223880597,0.872241604477612,0.8711203358208955,0.8941567164179105,0.8965046641791045,0.9006688432835822,0.8979235074626866,0.9103908582089553,0.9087509328358209,0.9052975746268658,0.9064869402985074,0.8987416044776119,0.9012518656716417,0.847999067164179
1843824993,135,0.7195416666666666,0.7375398148148148,0.7748601851851852,0.7713074074074073,0.7953981481481481,0.8130055555555554,0.8161351851851851,0.8452537037037037,0.8531157407407408,0.8723064814814815,0.8712074074074074,0.8942574074074076,0.8966722222222222,0.9007453703703704,0.8980462962962963,0.9105101851851852,0.9089648148148148,0.9053370370370372,0.9065601851851852,0.8987592592592594,0.9012898148148148,0.8479564814814814
1843824993,136,0.7193768382352942,0.7373125,0.7748988970588235,0.7713216911764706,0.7956810661764706,0.8132233455882354,0.8163373161764707,0.8453556985294117,0.8531461397058824,0.8724568014705882,0.8713556985294117,0.8944347426470588,0.8968088235294117,0.9007858455882353,0.8981985294117646,0.910655330882353,0.9091727941176471,0.9053731617647058,0.9066204044117647,0.8988262867647059,0.9013446691176471,0.8479365808823529
1843824993,137,0.7191341240875914,0.737117700729927,0.7747509124087592,0.7713412408759124,0.7958768248175182,0.8134343065693431,0.8165675182481751,0.8454908759124087,0.853206204379562,0.872513686131387,0.8714361313868614,0.8945930656934307,0.896962591240876,0.9008795620437957,0.8983129562043796,0.9108731751824818,0.9093649635036496,0.9054781021897811,0.9066952554744525,0.8988759124087591,0.9013567518248174,0.8478412408759124
1843824993,138,0.7189139492753622,0.7369864130434782,0.7747961956521738,0.7714003623188405,0.7961403985507246,0.8136983695652173,0.8168278985507245,0.8456268115942028,0.8532309782608695,0.8725824275362317,0.8715407608695652,0.8947019927536232,0.8971467391304347,0.901026268115942,0.8984347826086956,0.9110606884057971,0.9095679347826087,0.9055407608695653,0.9068007246376811,0.8989836956521738,0.9014221014492754,0.8477590579710145
1843824993,139,0.7187796762589929,0.7368893884892086,0.774716726618705,0.7715053956834532,0.7963579136690648,0.8139190647482014,0.8169973021582735,0.8457652877697842,0.8533147482014388,0.8725935251798561,0.8716429856115108,0.8948696043165467,0.8973390287769784,0.9011996402877699,0.8986232014388489,0.9111807553956834,0.9097751798561151,0.9056420863309351,0.9068911870503598,0.8990584532374101,0.9015080935251799,0.8476816546762591
1843824993,140,0.7185008928571428,0.7366875,0.7746794642857143,0.7716232142857143,0.7965071428571429,0.8140794642857143,0.8171482142857144,0.8457535714285714,0.8533098214285715,0.87258125,0.8716910714285714,0.8949214285714285,0.8973616071428571,0.9012276785714286,0.8986089285714285,0.9112214285714285,0.9098419642857142,0.9056580357142857,0.9069142857142856,0.8991151785714285,0.9015321428571429,0.8475348214285714
1843824993,141,0.7184015957446809,0.7365593971631206,0.7745806737588653,0.7716648936170213,0.7966409574468084,0.8142464539007092,0.8173528368794326,0.8457978723404256,0.8533173758865248,0.8727234042553191,0.8717420212765956,0.8950744680851065,0.8974955673758866,0.9013120567375886,0.8987730496453901,0.9114370567375886,0.9099955673758866,0.9057890070921986,0.9070150709219859,0.8991985815602836,0.9015957446808511,0.8475336879432624
1843824993,142,0.7182588028169014,0.7365017605633802,0.7745765845070423,0.7717139084507042,0.7969330985915491,0.8144903169014084,0.8175660211267606,0.8459375,0.8535264084507043,0.8728521126760563,0.8719058098591549,0.895281690140845,0.8977332746478873,0.9014507042253522,0.8990228873239436,0.9115889084507043,0.9102077464788733,0.9058987676056338,0.9071522887323944,0.8992579225352113,0.9016892605633804,0.8474955985915493
1843824993,143,0.71805506993007,0.7363793706293706,0.7744912587412587,0.7716678321678321,0.7971608391608391,0.81469493006993,0.8177727272727272,0.8460131118881118,0.8535812937062937,0.8728968531468532,0.87194493006993,0.895403846153846,0.8978863636363636,0.9015585664335664,0.8991765734265734,0.91168006993007,0.9103435314685314,0.9059685314685314,0.9072526223776224,0.8993968531468531,0.9018033216783217,0.8474055944055945
1843824993,144,0.7178272569444444,0.7362083333333332,0.7743680555555557,0.7717057291666667,0.7974079861111111,0.8148923611111111,0.817978298611111,0.846157986111111,0.8536605902777779,0.8730078125,0.8720026041666668,0.8955798611111111,0.8980416666666666,0.9017161458333334,0.8993038194444445,0.911795138888889,0.9103949652777779,0.9060538194444445,0.9073628472222223,0.8994279513888889,0.9018541666666666,0.8472960069444444
1843824993,145,0.7175810344827587,0.7360396551724139,0.7743241379310345,0.7717344827586208,0.7975663793103449,0.8150181034482759,0.8180862068965518,0.846253448275862,0.8538094827586208,0.8731500000000001,0.8721525862068965,0.8958043103448277,0.8982172413793102,0.9018689655172414,0.8994775862068964,0.9120043103448275,0.9106336206896551,0.9062077586206897,0.907503448275862,0.8995189655172414,0.9019543103448276,0.847173275862069
1843824993,146,0.7175111301369864,0.7359075342465753,0.7742431506849315,0.7717696917808219,0.7978279109589042,0.815291095890411,0.8183578767123287,0.846458904109589,0.8539691780821917,0.8733373287671232,0.872326198630137,0.8959606164383561,0.8983981164383561,0.901960616438356,0.8996943493150684,0.9121926369863013,0.910786815068493,0.9062885273972602,0.9075873287671232,0.8996001712328766,0.9019623287671232,0.8471207191780823
1843824993,147,0.7173758503401361,0.7358112244897959,0.7741896258503402,0.771827380952381,0.7981241496598639,0.8154846938775511,0.8185229591836735,0.8465969387755101,0.8541505102040816,0.8734557823129252,0.8724948979591837,0.8961198979591836,0.8985340136054422,0.9020340136054422,0.8998452380952381,0.9123171768707483,0.9108809523809525,0.9064013605442176,0.907671768707483,0.899609693877551,0.9019906462585033,0.8470051020408164
1843824993,148,0.7172153716216216,0.7356106418918918,0.7741326013513513,0.771831081081081,0.7984180743243244,0.8157322635135136,0.8187111486486487,0.8467491554054054,0.8542212837837837,0.8735194256756756,0.8725912162162163,0.8963217905405405,0.8987474662162163,0.9021841216216216,0.9000168918918918,0.9125,0.9110118243243244,0.9065126689189189,0.9077618243243244,0.8996891891891892,0.90203125,0.8469282094594593
1843824993,149,0.717028523489933,0.7353372483221476,0.7740385906040269,0.7717978187919464,0.7985662751677852,0.8159387583892617,0.8188473154362416,0.8468540268456377,0.8543179530201341,0.8735889261744967,0.872618288590604,0.8964211409395973,0.8988154362416108,0.9023045302013424,0.9001124161073826,0.9125528523489934,0.9111442953020135,0.9065427852348994,0.9078213087248322,0.8996602348993288,0.901989932885906,0.8467667785234899
1843824993,150,0.7169016666666667,0.73521,0.7740583333333334,0.7718016666666666,0.79882,0.8161258333333333,0.8190341666666667,0.8470566666666666,0.8545191666666667,0.873715,0.8727516666666668,0.8965791666666667,0.8989933333333333,0.9024108333333334,0.9003583333333333,0.9128125,0.9113166666666666,0.9067341666666666,0.9080166666666666,0.8997358333333333,0.9021316666666667,0.8467991666666667
1843824993,151,0.7168245033112582,0.7350455298013244,0.7740836092715231,0.7717715231788079,0.7990745033112583,0.8163849337748345,0.8192201986754967,0.8471829470198675,0.8545836092715232,0.8738054635761588,0.8728841059602651,0.8967773178807947,0.8991630794701987,0.9025033112582782,0.9005562913907285,0.9129329470198675,0.9115190397350993,0.9068973509933773,0.9081754966887416,0.8997872516556291,0.9022276490066226,0.846726821192053
1843824993,152,0.7167097039473684,0.7348462171052631,0.7740065789473685,0.7717006578947369,0.7992845394736842,0.8166348684210526,0.8193930921052631,0.8472919407894738,0.8546759868421052,0.8738478618421052,0.8729152960526315,0.8968618421052631,0.8992697368421052,0.9025921052631579,0.9006488486842105,0.9130699013157895,0.9116546052631579,0.9068898026315789,0.9082425986842105,0.8997845394736842,0.9022853618421052,0.8466990131578948
1843824993,153,0.7165972222222222,0.7346781045751634,0.7739583333333335,0.7717418300653596,0.7995089869281046,0.8168995098039217,0.8196143790849674,0.8474256535947714,0.8547467320261439,0.8739852941176471,0.872982843137255,0.8970049019607845,0.8994379084967322,0.9027034313725492,0.9008178104575164,0.9132565359477126,0.9118039215686277,0.9069705882352943,0.9082761437908496,0.8998848039215689,0.902296568627451,0.8465915032679738
1843824993,154,0.7164228896103896,0.7343936688311689,0.7738936688311688,0.7716558441558442,0.7997150974025974,0.8171071428571429,0.8197832792207792,0.8475178571428571,0.8547913961038961,0.8740146103896103,0.8729886363636364,0.8971006493506493,0.899521103896104,0.9028863636363637,0.9009334415584415,0.9133717532467532,0.9119220779220779,0.907064935064935,0.9083222402597403,0.9000129870129869,0.9023092532467533,0.8465730519480519
1843824993,155,0.7163822580645163,0.7341919354838711,0.7738677419354838,0.7716733870967741,0.7999814516129032,0.817366935483871,0.8199991935483872,0.8476290322580645,0.8549000000000001,0.8741169354838709,0.8730774193548387,0.8971733870967742,0.8996637096774193,0.9029798387096774,0.9010709677419354,0.9134943548387097,0.9120008064516129,0.9071653225806452,0.9084370967741936,0.9000572580645162,0.9023669354838708,0.8464887096774194
1843824993,156,0.7162035256410256,0.7339647435897436,0.7737828525641025,0.7716266025641026,0.8001923076923076,0.81753125,0.8201346153846155,0.8477155448717949,0.8549719551282051,0.8741458333333333,0.8731402243589743,0.8972491987179487,0.8997363782051282,0.9030184294871795,0.9011634615384615,0.9135841346153846,0.9120953525641026,0.9071498397435898,0.9084591346153845,0.9000881410256409,0.9023469551282051,0.8463605769230769
1843824993,157,0.7160843949044586,0.7337882165605095,0.7737221337579618,0.7716823248407643,0.8004673566878981,0.8177436305732483,0.820343949044586,0.84784474522293,0.8550708598726114,0.8742770700636943,0.8732324840764332,0.8973797770700637,0.899937898089172,0.903171178343949,0.90131449044586,0.9137531847133757,0.9123113057324841,0.9071711783439491,0.9085230891719746,0.9001361464968153,0.902468949044586,0.8463383757961784
1843824993,158,0.7159770569620253,0.7336463607594936,0.7736669303797469,0.7717167721518988,0.8006511075949367,0.8179469936708861,0.8205537974683543,0.8479699367088608,0.8551550632911392,0.8743607594936709,0.8733805379746835,0.8975664556962025,0.900126582278481,0.9033259493670885,0.9014311708860759,0.9138931962025316,0.9124849683544304,0.9073710443037974,0.9086756329113923,0.9002128164556962,0.9025712025316457,0.8463362341772152
1843824993,159,0.7157775157232704,0.7334528301886792,0.7736226415094339,0.7716446540880504,0.8007727987421385,0.818197327044025,0.8206501572327044,0.8480015723270441,0.8551753144654088,0.8744190251572327,0.8734229559748428,0.8977083333333332,0.9002067610062893,0.9034433962264152,0.9015715408805032,0.9140377358490566,0.9125809748427673,0.9074536163522012,0.9088223270440251,0.9003451257861635,0.9026674528301887,0.8463097484276729
1843824993,160,0.71559453125,0.7332875,0.77353359375,0.77153515625,0.80094453125,0.81838828125,0.8208078124999999,0.8481273437499999,0.8552679687499999,0.87448828125,0.8734632812500001,0.8978328124999999,0.9003546874999999,0.903596875,0.9016625,0.9141554687500001,0.91266640625,0.9076421875000001,0.9089375,0.9004453125,0.90272109375,0.8463359375
1843824993,161,0.71544099378882,0.7332080745341616,0.7734844720496894,0.7714472049689441,0.8011677018633541,0.8186669254658384,0.821027950310559,0.848207298136646,0.8554107142857144,0.8746110248447205,0.8735706521739132,0.8979503105590063,0.9005201863354038,0.9037344720496894,0.9017841614906832,0.9142989130434782,0.9128167701863353,0.9077383540372671,0.9090722049689441,0.9005753105590062,0.9028571428571429,0.8462204968944099
1843824993,162,0.7152662037037036,0.7330123456790123,0.7733958333333334,0.7713441358024692,0.8013233024691357,0.8188510802469137,0.8211736111111111,0.8483171296296296,0.8554876543209877,0.8746496913580247,0.8736666666666667,0.8980192901234568,0.9006658950617284,0.9038472222222221,0.9018734567901234,0.9143881172839505,0.912945987654321,0.9077445987654321,0.9091381172839506,0.9006550925925926,0.9029120370370369,0.8462021604938271
1843824993,163,0.7150996932515337,0.732786809815951,0.7733328220858896,0.7712361963190184,0.8015276073619632,0.819092791411043,0.8214064417177915,0.8484447852760736,0.8556104294478528,0.8747300613496932,0.8737967791411042,0.8981832822085889,0.900763036809816,0.9039164110429447,0.9020245398773007,0.9145943251533742,0.9130843558282209,0.9079133435582822,0.9092845092024541,0.9007707055214724,0.9030099693251534,0.8461641104294478
1843824993,164,0.7149138719512196,0.7325129573170732,0.7732926829268292,0.7711547256097561,0.8016448170731708,0.8192873475609757,0.8215548780487805,0.8485472560975609,0.8557278963414635,0.8747682926829268,0.8738414634146341,0.8983163109756098,0.9008955792682928,0.9040434451219512,0.90221875,0.9146951219512196,0.9131768292682928,0.9079657012195121,0.9093246951219512,0.9008475609756098,0.9030853658536585,0.846188262195122
1843824993,165,0.7147477272727273,0.7323363636363637,0.7731704545454545,0.7710999999999999,0.8017696969696969,0.8194818181818182,0.8216939393939394,0.848601515151515,0.855840909090909,0.8748795454545455,0.8739477272727272,0.8984568181818181,0.9010356060606062,0.9040787878787878,0.9022659090909091,0.9148651515151516,0.9133522727272727,0.9080750000000001,0.9094371212121212,0.9009742424242424,0.9032416666666667,0.8461795454545454
1843824993,166,0.7146355421686746,0.7320692771084336,0.7730843373493976,0.7710399096385543,0.801917921686747,0.8196611445783133,0.8218117469879519,0.8486317771084336,0.8558659638554217,0.8749329819277107,0.8739713855421686,0.8984811746987953,0.9010572289156625,0.9041709337349398,0.9023554216867469,0.9149239457831325,0.9133893072289156,0.9081061746987953,0.9094585843373495,0.9010572289156626,0.9032914156626507,0.8461144578313253
1843824993,167,0.7144842814371257,0.7319116766467066,0.7730598802395209,0.7709146706586826,0.8020074850299401,0.8197604790419163,0.8219730538922156,0.8487170658682635,0.8559236526946108,0.8749625748502995,0.8739857784431138,0.8985576347305388,0.9011317365269461,0.9042118263473056,0.9023645209580838,0.9149910179640719,0.913494760479042,0.9081175149700599,0.9095029940119761,0.9011167664670658,0.9033398203592815,0.8459902694610778
1843824993,168,0.7143690476190476,0.7316778273809524,0.7730520833333333,0.7708221726190477,0.8021912202380952,0.8199568452380953,0.822139880952381,0.8488162202380952,0.8560476190476191,0.875016369047619,0.8741205357142858,0.8986919642857143,0.9012738095238095,0.9042849702380952,0.9025193452380952,0.9151264880952381,0.9136078869047619,0.9081636904761905,0.9095409226190476,0.9011130952380951,0.903390625,0.8458965773809524
1843824993,169,0.7142329881656805,0.7315288461538462,0.7730414201183432,0.7707573964497042,0.8023971893491125,0.8201634615384614,0.8223002958579881,0.8488764792899408,0.8561146449704142,0.8750702662721893,0.8742211538461538,0.8987684911242603,0.9013668639053255,0.9043402366863905,0.9026538461538461,0.9152307692307693,0.9136664201183432,0.9082218934911244,0.9095806213017752,0.9011412721893491,0.9034215976331361,0.845853550295858
1843824993,170,0.7140397058823529,0.7313852941176471,0.7729191176470589,0.7707117647058824,0.8025625,0.8203360294117648,0.822429411764706,0.8489375000000001,0.8561735294117647,0.8750911764705884,0.8742750000000001,0.8988514705882353,0.9013720588235297,0.9044169117647061,0.9026808823529413,0.9153625000000001,0.9137433823529414,0.9082573529411767,0.9096338235294119,0.9011661764705884,0.903504411764706,0.8457360294117647
1843824993,171,0.7138786549707602,0.7312002923976608,0.772859649122807,0.7706637426900584,0.8026820175438597,0.8204619883040934,0.8224875730994151,0.8489634502923976,0.8561747076023392,0.8751615497076024,0.8743238304093568,0.8989276315789473,0.9014788011695906,0.904422514619883,0.9027127192982457,0.9154502923976608,0.9138406432748538,0.9083581871345029,0.9097616959064327,0.9012529239766082,0.9035840643274853,0.8456213450292398
1843824993,172,0.7137311046511627,0.7311024709302326,0.7727754360465117,0.7706889534883721,0.8029273255813953,0.8206809593023257,0.8226925872093024,0.8490799418604652,0.8563234011627908,0.8752579941860467,0.8743699127906978,0.8990646802325583,0.9016773255813952,0.9045595930232558,0.9028393895348839,0.9156409883720931,0.9139941860465117,0.9085334302325582,0.9098953488372094,0.9013270348837209,0.9036911337209304,0.8456424418604652
1843824993,173,0.7135975433526012,0.7309797687861271,0.7726495664739884,0.7705859826589595,0.803103323699422,0.820782514450867,0.822813583815029,0.8491062138728325,0.8564653179190751,0.8752297687861271,0.8743742774566474,0.8992297687861271,0.9018591040462428,0.9047030346820809,0.903032514450867,0.9158157514450868,0.9141358381502891,0.9086986994219654,0.909972543352601,0.9014674855491329,0.9038345375722544,0.8455527456647398
1843824993,174,0.713492816091954,0.7308347701149426,0.7725790229885058,0.7705258620689656,0.8032334770114943,0.8208620689655172,0.8228699712643678,0.8491645114942528,0.8565186781609195,0.875316091954023,0.8744418103448275,0.8993433908045977,0.9018728448275861,0.9048067528735632,0.9031652298850574,0.9159389367816092,0.9142959770114943,0.9087787356321839,0.9100704022988506,0.9015208333333332,0.9038477011494254,0.8455387931034484
1843824993,175,0.7133149999999999,0.7306342857142858,0.7724307142857143,0.7704685714285714,0.8033714285714285,0.8209728571428572,0.8229592857142858,0.8491721428571428,0.8565349999999999,0.8753814285714286,0.8744485714285715,0.89946,0.90199,0.9048871428571429,0.90325,0.9159921428571429,0.9144142857142857,0.9088335714285715,0.9100907142857143,0.9016121428571428,0.9038678571428571,0.8455228571428572
1843824993,176,0.7131661931818182,0.7304588068181819,0.7723416193181819,0.7703785511363637,0.8035688920454545,0.8211654829545455,0.8231505681818182,0.849330965909091,0.8566420454545455,0.875495028409091,0.8745532670454546,0.8995561079545455,0.9020696022727273,0.9049666193181819,0.9033380681818182,0.9161384943181818,0.9145795454545455,0.9089254261363636,0.9102535511363636,0.9016853693181819,0.9039083806818182,0.8454367897727273
1843824993,177,0.7130310734463275,0.730311440677966,0.7722175141242937,0.7702817796610171,0.8036772598870057,0.8213220338983052,0.82325,0.8493764124293786,0.8566772598870057,0.875593220338983,0.8746885593220339,0.8996680790960452,0.9022040960451977,0.9050084745762712,0.9034392655367233,0.9162761299435027,0.9147238700564971,0.9089759887005651,0.9103312146892656,0.9017245762711864,0.903941384180791,0.8454180790960452
1843824993,178,0.712936797752809,0.7301411516853933,0.772129213483146,0.7701987359550563,0.803872191011236,0.821556882022472,0.8233932584269663,0.8494522471910113,0.8567928370786517,0.8756509831460674,0.8747801966292134,0.8998405898876405,0.9023419943820224,0.905120786516854,0.9035625,0.9164438202247192,0.914877808988764,0.9090182584269663,0.9103848314606742,0.9018623595505618,0.9040554775280898,0.8454094101123596
1843824993,179,0.7128016759776536,0.729977653631285,0.7720356145251397,0.7701319832402235,0.8040412011173185,0.8217430167597766,0.8234895251396649,0.8494734636871508,0.8568743016759777,0.8756836592178769,0.8748659217877095,0.8999406424581005,0.9024574022346368,0.9051913407821228,0.9036843575418994,0.9165230446927374,0.9150342178770949,0.9090991620111731,0.9104350558659217,0.9018072625698322,0.904058659217877,0.8453945530726258
1843824993,180,0.7125590277777778,0.7297965277777778,0.7718881944444445,0.7700368055555554,0.8041645833333333,0.821861111111111,0.8236354166666667,0.8495041666666666,0.8569284722222221,0.8756937499999999,0.8748930555555555,0.8999777777777778,0.9025041666666666,0.9052326388888888,0.9037826388888889,0.9165763888888889,0.9150833333333332,0.9091652777777778,0.9104784722222222,0.9018249999999999,0.9040687499999999,0.8453243055555555
1843824993,181,0.7123881215469613,0.7295732044198895,0.7717886740331492,0.7699730662983425,0.8043390883977901,0.8219523480662984,0.8237520718232044,0.8495690607734807,0.8569924033149171,0.875792817679558,0.8749986187845304,0.9000559392265193,0.9025897790055248,0.9052990331491713,0.9039337016574586,0.916703729281768,0.9152230662983425,0.9092106353591161,0.9105649171270718,0.9019074585635359,0.9041243093922652,0.845228591160221
1843824993,182,0.7122211538461538,0.7293756868131868,0.7716531593406594,0.7699457417582418,0.8045535714285715,0.8220769230769231,0.8238523351648352,0.8496380494505495,0.8570103021978023,0.8758811813186813,0.8749972527472528,0.9001820054945056,0.9026627747252749,0.9054553571428573,0.9040418956043957,0.9168303571428573,0.9153276098901101,0.9093200549450551,0.9106208791208793,0.9020157967032968,0.9042005494505496,0.8452245879120881
1843824993,183,0.7121031420765027,0.72925,0.7716113387978143,0.7699856557377049,0.8048189890710382,0.822264344262295,0.8240286885245902,0.8497834699453551,0.8570881147540983,0.8759617486338798,0.8751079234972677,0.900315573770492,0.902811475409836,0.9055696721311475,0.9042090163934426,0.9169255464480875,0.9153825136612022,0.9093613387978142,0.9106755464480873,0.9020519125683061,0.9042643442622951,0.8451140710382514
1843824993,184,0.711961277173913,0.729093070652174,0.7715319293478261,0.7699585597826087,0.8049755434782608,0.822375,0.8241521739130435,0.8498552989130435,0.8571528532608697,0.8759741847826088,0.8750957880434782,0.900382472826087,0.9028865489130435,0.9056773097826087,0.9042873641304348,0.9170278532608696,0.9154857336956522,0.9094544836956523,0.9107092391304348,0.902110054347826,0.9042846467391304,0.8450665760869565
1843824993,185,0.7118060810810811,0.7289371621621622,0.7714054054054054,0.7699297297297297,0.8051108108108108,0.8224709459459459,0.8242513513513513,0.8498695945945947,0.8572533783783783,0.8759574324324325,0.8750858108108108,0.900454054054054,0.903004054054054,0.9057925675675677,0.9043608108108108,0.9171452702702703,0.9156486486486487,0.9095229729729731,0.9108297297297299,0.9021527027027028,0.9043216216216217,0.8450804054054054
1843824993,186,0.7116727150537634,0.7288259408602151,0.77134811827957,0.7699213709677419,0.8053151881720431,0.8225591397849462,0.8243165322580644,0.8499180107526881,0.857263440860215,0.8759912634408602,0.8750833333333332,0.9005430107526882,0.9031337365591398,0.9058622311827956,0.904432123655914,0.9172547043010753,0.9157923387096774,0.9096236559139785,0.910965053763441,0.9022217741935483,0.9044133064516128,0.8450181451612903
1843824993,187,0.7114879679144385,0.7286778074866311,0.7712847593582888,0.7699191176470588,0.805562834224599,0.8226784759358289,0.8243803475935829,0.8499344919786096,0.857283422459893,0.8760040106951872,0.8750875668449198,0.9006737967914439,0.9032379679144386,0.9059605614973262,0.904552807486631,0.9173983957219252,0.9158823529411765,0.909682486631016,0.9110581550802139,0.9023061497326202,0.9045180481283422,0.8449893048128342
1843824993,188,0.7113244680851064,0.7284933510638297,0.771157579787234,0.7698417553191489,0.8057506648936171,0.8228271276595744,0.8244847074468086,0.849998670212766,0.8573902925531915,0.8760644946808511,0.8751668882978725,0.9007938829787233,0.903404255319149,0.9060930851063829,0.904688829787234,0.9175957446808511,0.91609375,0.9097859042553192,0.9112074468085106,0.9024261968085107,0.9045837765957447,0.8449335106382978
1843824993,189,0.7112354497354497,0.7283829365079365,0.7710972222222223,0.7698220899470899,0.8059451058201058,0.822968253968254,0.8245853174603174,0.8500469576719577,0.8574351851851852,0.8760522486772486,0.8752156084656084,0.9008657407407408,0.9034517195767195,0.9062281746031746,0.9047394179894179,0.9176851851851853,0.9161739417989417,0.9098862433862434,0.9112506613756614,0.9024556878306877,0.9046329365079365,0.8448637566137566
1843824993,190,0.711078947368421,0.7282861842105263,0.7710486842105263,0.7698546052631579,0.8061368421052633,0.8230999999999999,0.8247046052631579,0.8500881578947369,0.8574513157894738,0.8761164473684211,0.8752684210526316,0.9009309210526317,0.903520394736842,0.9063157894736842,0.9048296052631579,0.9177598684210526,0.9162677631578947,0.9099131578947368,0.9112809210526315,0.9025032894736842,0.9046802631578947,0.8448276315789474
1843824993,191,0.7109725130890052,0.7281315445026177,0.7709541884816754,0.7698435863874344,0.8063115183246072,0.8232787958115184,0.8247899214659686,0.8501740837696335,0.8574757853403141,0.8761125654450261,0.8753030104712042,0.9009895287958115,0.9035425392670158,0.9064181937172775,0.9048763089005235,0.9178651832460734,0.9163193717277486,0.909982329842932,0.9113344240837696,0.902526832460733,0.9047081151832461,0.8447637434554974
1843824993,192,0.7108782552083334,0.7279459635416667,0.770876953125,0.7698014322916668,0.80648046875,0.82337109375,0.82485546875,0.85018359375,0.8575364583333333,0.8761588541666666,0.875373046875,0.9010234375,0.9036295572916666,0.9064694010416667,0.90496484375,0.9179303385416666,0.9163704427083332,0.9100891927083332,0.911408203125,0.9025611979166668,0.9047532552083334,0.8446477864583333
1843824993,193,0.7107266839378239,0.7277435233160621,0.7707746113989636,0.7697519430051812,0.806630829015544,0.8235246113989636,0.8249876943005179,0.8502072538860103,0.8575693005181347,0.8761457253886009,0.8754047927461138,0.9010783678756474,0.9037163212435231,0.9065595854922278,0.9050246113989635,0.9180615284974092,0.9164838082901554,0.910196243523316,0.9114889896373055,0.9026457253886008,0.9048199481865283,0.8445265544041449
1843824993,194,0.7105786082474226,0.7276262886597938,0.770743556701031,0.769742912371134,0.806853737113402,0.8237416237113403,0.8251282216494846,0.8502835051546392,0.8575869845360826,0.8761443298969073,0.8754143041237115,0.9011759020618558,0.9037847938144331,0.9066533505154641,0.9051481958762888,0.9181417525773197,0.916605025773196,0.9102454896907218,0.9115889175257733,0.9026701030927836,0.9048704896907218,0.8444381443298972
1843824993,195,0.7104320512820513,0.7274685897435897,0.7706711538461538,0.7697442307692308,0.8070314102564102,0.823897435897436,0.8252352564102565,0.8503339743589745,0.8576006410256412,0.8761621794871797,0.8754141025641027,0.9012217948717951,0.9038326923076925,0.9067032051282052,0.9052141025641027,0.9182461538461539,0.9166532051282053,0.9102967948717949,0.9116673076923077,0.9027044871794874,0.9048923076923078,0.8444185897435899
1843824993,196,0.7102168367346938,0.727313137755102,0.7705988520408164,0.7697315051020407,0.8072123724489796,0.8240274234693877,0.8253641581632652,0.8503539540816326,0.8576645408163265,0.8762008928571429,0.8754604591836735,0.9012633928571429,0.9039585459183674,0.9068105867346938,0.9053182397959183,0.918327168367347,0.9167264030612245,0.9103954081632653,0.91175,0.9027493622448981,0.9049534438775511,0.8443571428571429
1843824993,197,0.709975888324873,0.7271510152284263,0.7704492385786803,0.7696522842639595,0.8073489847715736,0.824130076142132,0.8253991116751269,0.8504289340101523,0.8576497461928935,0.8762347715736041,0.8754441624365482,0.9012779187817259,0.9039854060913706,0.9068470812182741,0.9054251269035533,0.9184625634517767,0.9167931472081218,0.9104428934010153,0.9117785532994924,0.9027766497461929,0.9049955583756346,0.8442766497461929
1843824993,198,0.7098200757575758,0.726979797979798,0.7703036616161616,0.7695909090909091,0.8075252525252524,0.8242683080808081,0.8254753787878788,0.8504393939393939,0.8576849747474748,0.8761957070707072,0.8754741161616162,0.9013611111111111,0.9040227272727273,0.9068844696969698,0.9054507575757575,0.9185435606060606,0.9168851010101009,0.9104816919191919,0.9118566919191919,0.9028566919191919,0.9050170454545455,0.8442171717171718
1843824993,199,0.709643216080402,0.7268071608040201,0.7702054020100502,0.7695577889447236,0.8076702261306532,0.824373743718593,0.8255672110552764,0.8504528894472362,0.8577085427135678,0.8761564070351758,0.8754905778894472,0.901462311557789,0.9040935929648242,0.9070075376884422,0.9055018844221107,0.9186564070351759,0.9169673366834171,0.9106005025125627,0.9119610552763819,0.9029434673366834,0.9051193467336683,0.8441136934673366
1843824993,200,0.709456875,0.72661875,0.770105625,0.769534375,0.80783125,0.824516875,0.8256262499999999,0.850463125,0.8577431249999999,0.87620625,0.8755131249999999,0.90153625,0.904165,0.9070093750000001,0.905625,0.918730625,0.91706,0.9106468749999999,0.91201125,0.9029768749999999,0.905129375,0.84403375
184566854,1,0.796375,0.791,0.793375,0.80625,0.810625,0.814875,0.812875,0.810875,0.811125,0.8135,0.814,0.810875,0.812125,0.821625,0.817625,0.823625,0.823875,0.828125,0.8275,0.82575,0.8255,0.78675
184566854,2,0.812125,0.8176875,0.816625,0.823,0.829625,0.832375,0.832,0.8346875,0.8329375,0.8355625,0.83675,0.8383125,0.837375,0.8415,0.8409375,0.84625,0.84525,0.8460625,0.84675,0.8461875,0.8460625,0.804
184566854,3,0.7994166666666667,0.8078749999999999,0.8160833333333333,0.826,0.8328333333333332,0.8369166666666665,0.8378333333333332,0.843375,0.8415833333333332,0.84425,0.8444583333333333,0.8441249999999999,0.8447083333333333,0.8463749999999999,0.8451666666666666,0.8527083333333333,0.85075,0.8547916666666665,0.8554166666666665,0.8522083333333332,0.8524583333333332,0.8059583333333332
184566854,4,0.78378125,0.79740625,0.8115,0.823625,0.8324375,0.840625,0.84028125,0.84625,0.84646875,0.85165625,0.85159375,0.85040625,0.85103125,0.85465625,0.850625,0.85696875,0.8554375,0.8575625,0.85840625,0.85659375,0.8575,0.8135
184566854,5,0.7706000000000001,0.786875,0.8042250000000002,0.818925,0.8311250000000001,0.8405750000000001,0.8414,0.848375,0.84935,0.8556000000000001,0.8554,0.856025,0.856075,0.8584750000000001,0.8560500000000002,0.8625250000000001,0.861025,0.8632250000000001,0.8628000000000001,0.860325,0.8601,0.81725
184566854,6,0.7585000000000001,0.7763333333333333,0.7950416666666668,0.8129166666666667,0.8285625,0.84,0.84125,0.8517083333333334,0.8542083333333333,0.8596250000000001,0.8595208333333334,0.8600833333333334,0.860125,0.8621458333333334,0.8599166666666668,0.8642916666666668,0.8635416666666668,0.8656458333333333,0.8644166666666667,0.8623333333333334,0.8638333333333333,0.8188541666666668
184566854,7,0.7520714285714284,0.7706428571428571,0.7893214285714284,0.8082321428571428,0.824375,0.8385178571428571,0.8398928571428571,0.8507321428571429,0.8548392857142858,0.8601964285714285,0.8604642857142858,0.8615535714285715,0.8619642857142857,0.863875,0.8630357142857144,0.8673928571428571,0.8658035714285713,0.8685892857142857,0.8679642857142857,0.8641071428571429,0.8645892857142857,0.8190178571428571
184566854,8,0.7455625,0.763703125,0.78215625,0.80153125,0.8194375,0.835140625,0.83746875,0.850390625,0.8554375,0.86521875,0.86453125,0.86484375,0.86534375,0.867390625,0.86646875,0.869953125,0.86853125,0.870875,0.870203125,0.865765625,0.8664375,0.820140625
184566854,9,0.7412777777777778,0.7576666666666667,0.7767083333333334,0.7970277777777778,0.8159444444444445,0.8338611111111113,0.8365277777777779,0.8506250000000001,0.8557083333333335,0.8664305555555557,0.8659444444444445,0.8681805555555556,0.8686250000000001,0.8695555555555556,0.8690833333333334,0.8725694444444446,0.8715555555555556,0.8722777777777778,0.8728472222222224,0.8682777777777779,0.8689583333333335,0.820527777777778
184566854,10,0.73755,0.7524375,0.7712,0.7933000000000002,0.8122375000000002,0.830925,0.8335250000000001,0.850125,0.8564875000000001,0.8674250000000002,0.867325,0.8703375000000001,0.8702000000000001,0.8717625000000001,0.870325,0.8761125000000002,0.8743875000000001,0.8754625000000001,0.8758500000000001,0.8708250000000002,0.8713625,0.8207000000000001
184566854,11,0.7339886363636363,0.747965909090909,0.7663977272727273,0.789590909090909,0.8092272727272727,0.8283181818181817,0.8313863636363635,0.8484090909090908,0.85525,0.8672727272727271,0.8672840909090908,0.8708636363636363,0.8712727272727271,0.8753181818181817,0.8729772727272727,0.8789999999999999,0.8768863636363635,0.8777727272727271,0.8780113636363636,0.872340909090909,0.8734318181818181,0.8227386363636363
184566854,12,0.7323958333333334,0.7459375,0.7635416666666667,0.78596875,0.8054479166666667,0.82525,0.8288645833333332,0.8464895833333332,0.8538854166666666,0.8675520833333333,0.8668541666666666,0.8720729166666666,0.8725104166666666,0.8766354166666667,0.8739166666666667,0.8791979166666666,0.8785,0.8795729166666666,0.8798229166666667,0.8734166666666666,0.8743958333333333,0.82396875
184566854,13,0.7300865384615385,0.7434326923076924,0.7608653846153848,0.7826346153846154,0.8020865384615385,0.8223653846153848,0.8258557692307693,0.8449807692307694,0.8528846153846155,0.8676634615384616,0.8674326923076924,0.8734615384615385,0.8736826923076924,0.8777692307692309,0.8754230769230771,0.8815961538461541,0.8801538461538463,0.8805384615384617,0.8811538461538462,0.873769230769231,0.8754903846153848,0.8240865384615386
184566854,14,0.72825,0.7409821428571429,0.7589642857142858,0.7804017857142858,0.8001517857142858,0.8209375000000001,0.8240982142857145,0.8436160714285715,0.8520714285714287,0.8669285714285716,0.8666160714285716,0.8744553571428573,0.8744375000000001,0.8789642857142859,0.876232142857143,0.8826160714285716,0.8820089285714287,0.8814464285714286,0.8817142857142858,0.8751071428571429,0.8765714285714287,0.8262053571428571
184566854,15,0.727775,0.739425,0.7571833333333333,0.7783333333333333,0.7979750000000001,0.8191416666666667,0.8223416666666667,0.8424,0.8512666666666668,0.8664500000000002,0.8666833333333334,0.8745166666666668,0.8756000000000002,0.8800833333333334,0.8773833333333334,0.8839416666666668,0.8835083333333335,0.8829416666666668,0.8833166666666669,0.8764250000000001,0.8777166666666668,0.8267333333333334
184566854,16,0.7272578125,0.7388046875,0.75575,0.7767265625,0.79684375,0.817109375,0.8200078125,0.84125,0.8505625,0.866453125,0.866359375,0.874859375,0.87596875,0.881484375,0.8780703125,0.884734375,0.883890625,0.8833046875,0.884046875,0.87696875,0.8779609375,0.8266953125
184566854,17,0.7265808823529413,0.7379411764705882,0.7542279411764706,0.7750367647058823,0.7944852941176471,0.8153161764705883,0.8176985294117649,0.8395367647058825,0.8489779411764707,0.8657794117647061,0.8657867647058825,0.8748455882352942,0.8759117647058824,0.8813970588235295,0.8783676470588236,0.8859117647058824,0.884514705882353,0.8838455882352941,0.8847205882352941,0.8773014705882354,0.8785588235294118,0.8269411764705883
184566854,18,0.726375,0.7372777777777778,0.752875,0.7735416666666667,0.7930902777777779,0.8138680555555556,0.8162569444444445,0.8391041666666668,0.8489583333333334,0.8666388888888891,0.8660277777777778,0.8757430555555556,0.8767708333333335,0.8817916666666669,0.8788055555555556,0.8861597222222224,0.8849236111111113,0.8845069444444446,0.8854166666666667,0.8780277777777779,0.8789791666666669,0.8272986111111111
184566854,19,0.7266710526315788,0.7373092105263158,0.7523815789473685,0.7725921052631578,0.7916710526315789,0.8128355263157895,0.8154736842105264,0.838217105263158,0.8485065789473685,0.8660789473684211,0.8655263157894738,0.8764013157894738,0.8774013157894738,0.8826644736842105,0.8803355263157896,0.8874868421052631,0.8860065789473686,0.8852828947368421,0.8864144736842107,0.878953947368421,0.8795131578947368,0.8281578947368421
184566854,20,0.72695625,0.737075,0.75105,0.7710062499999999,0.7892625000000001,0.8104625000000001,0.8131875,0.8365499999999999,0.84708125,0.8657499999999999,0.865225,0.8765187499999999,0.87740625,0.8821375,0.8802687499999999,0.8877749999999999,0.8867562499999999,0.8865124999999999,0.8871,0.8794437499999999,0.8800625,0.8284375
184566854,21,0.7275238095238094,0.737095238095238,0.750720238095238,0.7697321428571429,0.7880535714285716,0.8094107142857143,0.8116190476190477,0.8357738095238096,0.8464404761904762,0.8652738095238096,0.8646190476190477,0.8767916666666667,0.8776666666666667,0.8829404761904762,0.880452380952381,0.8884404761904764,0.8874464285714286,0.8873452380952382,0.8883035714285715,0.8806130952380954,0.8815654761904764,0.8291190476190478
184566854,22,0.7280511363636363,0.7371193181818182,0.7501022727272727,0.7685738636363635,0.7866136363636362,0.8080795454545454,0.8098806818181817,0.8348181818181818,0.845403409090909,0.8647670454545454,0.8644715909090909,0.8768636363636363,0.8773522727272727,0.883681818181818,0.8806988636363636,0.8888579545454545,0.8876761363636363,0.8876477272727272,0.8885511363636363,0.8815170454545453,0.8821704545454545,0.8294772727272728
184566854,23,0.728125,0.7370380434782607,0.7494239130434782,0.7674076086956522,0.785336956521739,0.8067934782608696,0.8088913043478261,0.8338097826086955,0.8446304347826087,0.8639565217391305,0.8635815217391304,0.8767826086956523,0.877375,0.8838315217391305,0.8811521739130435,0.8892554347826086,0.8880108695652174,0.8886304347826087,0.8891576086956522,0.8817989130434782,0.882788043478261,0.83
184566854,24,0.7283854166666668,0.73696875,0.7489895833333332,0.7662552083333333,0.784203125,0.80590625,0.8080416666666668,0.8332760416666667,0.8438854166666666,0.8635416666666668,0.8631302083333332,0.87665625,0.8772395833333334,0.8847239583333334,0.8816979166666667,0.8899114583333333,0.8885104166666666,0.8889479166666666,0.88953125,0.882109375,0.8832239583333332,0.8301875
184566854,25,0.7285600000000001,0.7373599999999999,0.749015,0.7660999999999999,0.7832100000000001,0.8053899999999999,0.807355,0.83291,0.8438450000000001,0.863205,0.86303,0.8767750000000001,0.87741,0.88465,0.882,0.89043,0.88889,0.8889300000000001,0.889865,0.882355,0.883625,0.83004
184566854,26,0.7288557692307693,0.7378125,0.7492403846153847,0.7653653846153847,0.7821201923076924,0.804548076923077,0.8061634615384616,0.8324615384615386,0.8433269230769233,0.8631346153846154,0.8628990384615386,0.8769134615384616,0.8776442307692308,0.8851826923076924,0.8824278846153848,0.8911250000000003,0.8897548076923079,0.8894711538461539,0.8906201923076925,0.8827115384615386,0.8840336538461541,0.830264423076923
184566854,27,0.7292453703703704,0.7381064814814815,0.7492824074074074,0.7650601851851853,0.781412037037037,0.8037546296296295,0.8055046296296297,0.8323657407407408,0.8432129629629629,0.8636018518518518,0.863125,0.8771203703703704,0.8782037037037037,0.8858148148148148,0.8828194444444444,0.8915231481481481,0.890125,0.8897685185185185,0.8907824074074074,0.8834074074074074,0.8845277777777778,0.8303148148148147
184566854,28,0.7297410714285715,0.7387678571428571,0.7495133928571429,0.7648169642857142,0.7812142857142857,0.8031383928571427,0.8046875,0.831625,0.8427455357142858,0.8633392857142858,0.86265625,0.8772767857142857,0.8782723214285714,0.8856607142857142,0.8822767857142857,0.8919642857142857,0.8901428571428571,0.89021875,0.8910491071428571,0.8836205357142857,0.8846160714285715,0.8304866071428572
184566854,29,0.7298879310344827,0.7392974137931035,0.7498405172413793,0.7645043103448276,0.7805086206896551,0.8026853448275862,0.8040991379310345,0.8312068965517242,0.8421422413793104,0.8627672413793104,0.8623922413793104,0.8773275862068967,0.8782284482758621,0.8858836206896551,0.8820991379310344,0.8921637931034483,0.8906422413793103,0.8905258620689654,0.891698275862069,0.8838663793103448,0.8848146551724138,0.830676724137931
184566854,30,0.7300208333333335,0.739975,0.7498875,0.7639916666666667,0.7795291666666667,0.8021708333333335,0.8032666666666668,0.8302958333333335,0.8418500000000001,0.8621791666666668,0.8620708333333335,0.8772791666666668,0.8781750000000001,0.8863291666666667,0.8823708333333334,0.8926000000000002,0.8910458333333334,0.8911291666666669,0.8919416666666669,0.8840958333333335,0.8853083333333335,0.8304333333333335
184566854,31,0.730625,0.7403225806451613,0.7504677419354838,0.763608870967742,0.7791411290322581,0.8016370967741934,0.8024758064516128,0.8299072580645162,0.8416451612903224,0.8618266129032257,0.8615645161290322,0.8772540322580644,0.8782258064516129,0.8858024193548385,0.8819798387096773,0.8925725806451612,0.8907137096774193,0.8914596774193547,0.8921290322580644,0.8847177419354839,0.8857620967741934,0.8304677419354838
184566854,32,0.73069921875,0.740609375,0.75066796875,0.7631875,0.77875390625,0.8012890625,0.80198828125,0.82981640625,0.84146484375,0.86145703125,0.86137109375,0.87710546875,0.87834765625,0.8859375,0.8821796875,0.89259765625,0.89077734375,0.89187109375,0.8927734375,0.88521484375,0.886234375,0.83067578125
184566854,33,0.7312234848484849,0.741375,0.7508977272727273,0.7628939393939392,0.7783825757575757,0.8013143939393939,0.8018674242424243,0.8298484848484847,0.8414393939393939,0.8616628787878787,0.8612651515151515,0.8772310606060605,0.8784280303030303,0.8857689393939393,0.8821022727272727,0.8927348484848485,0.890965909090909,0.8918560606060605,0.8926249999999999,0.8851439393939393,0.8864393939393939,0.8302954545454545
184566854,34,0.7316102941176471,0.7416102941176471,0.7508860294117647,0.7624889705882354,0.7780441176470589,0.8010441176470589,0.8015330882352941,0.8294154411764707,0.841058823529412,0.8611507352941178,0.8609375000000001,0.8773014705882354,0.878496323529412,0.8855000000000001,0.8818161764705884,0.8926691176470589,0.8910661764705883,0.8919852941176472,0.8926727941176472,0.8851727941176472,0.8865514705882354,0.8304705882352942
184566854,35,0.7320821428571429,0.7425821428571429,0.7511428571428572,0.7620214285714285,0.7776642857142857,0.8009071428571429,0.8014285714285715,0.8295892857142858,0.8412964285714286,0.8614464285714287,0.8612250000000001,0.877582142857143,0.8785607142857145,0.8856607142857145,0.8819285714285715,0.8928785714285716,0.8910178571428573,0.892157142857143,0.8931285714285716,0.8852642857142858,0.8867071428571429,0.8305750000000001
184566854,36,0.7327986111111111,0.7434861111111111,0.7516944444444443,0.7617777777777778,0.7776840277777778,0.8007569444444446,0.8010868055555556,0.8297604166666667,0.8412708333333333,0.8612256944444444,0.8611006944444444,0.8773055555555556,0.8786875,0.8860034722222222,0.8821631944444445,0.8930069444444445,0.8913854166666667,0.892361111111111,0.8934097222222221,0.8857986111111111,0.8869409722222221,0.8308680555555555
184566854,37,0.7328006756756756,0.7435067567567568,0.7517804054054055,0.7611216216216217,0.776777027027027,0.7999256756756757,0.800195945945946,0.8293581081081082,0.8405,0.8605608108108108,0.8605743243243243,0.8770472972972972,0.8781587837837839,0.8858412162162163,0.8819020270270271,0.8928885135135135,0.8913310810810811,0.8925270270270271,0.8932331081081081,0.8860675675675677,0.8872027027027027,0.8308378378378379
184566854,38,0.7332960526315789,0.743766447368421,0.7518815789473683,0.7608190789473683,0.7765098684210526,0.799171052631579,0.7998651315789475,0.8293815789473683,0.8406348684210526,0.8606348684210527,0.8606414473684211,0.8771282894736842,0.8785625,0.8857401315789473,0.8821315789473684,0.8934901315789473,0.8917335526315789,0.8926315789473683,0.8934934210526315,0.8862532894736842,0.8873980263157893,0.8305032894736841
184566854,39,0.7336698717948719,0.7442596153846155,0.7521634615384617,0.7608910256410256,0.7760480769230769,0.7987147435897437,0.7992756410256411,0.8292564102564104,0.8406121794871797,0.8606666666666667,0.8602948717948719,0.8776250000000001,0.8789262820512822,0.8858750000000001,0.8820929487179489,0.8937371794871797,0.8919070512820515,0.8926506410256411,0.8935705128205129,0.8861250000000003,0.8875608974358976,0.8307243589743591
184566854,40,0.733915625,0.74474375,0.7526031249999999,0.7610281249999999,0.7756156249999999,0.7983687500000001,0.7989156250000001,0.82935,0.8406437499999999,0.8606500000000001,0.86013125,0.87775,0.8789937500000001,0.8861343750000001,0.882096875,0.8939625,0.8922093749999999,0.892884375,0.8938187499999999,0.8865968750000001,0.88798125,0.831
184566854,41,0.7340030487804878,0.745079268292683,0.7531006097560976,0.7611890243902439,0.775530487804878,0.798158536585366,0.7984817073170732,0.8295335365853658,0.8406432926829269,0.8605975609756098,0.860204268292683,0.8777682926829269,0.8790670731707317,0.8862134146341464,0.8823963414634147,0.8940335365853659,0.8923018292682928,0.8930304878048783,0.8939756097560976,0.8867408536585367,0.8880243902439026,0.8312286585365855
184566854,42,0.7343095238095239,0.7456517857142857,0.7537529761904762,0.7611934523809524,0.7754702380952382,0.7982380952380953,0.7985059523809525,0.8298452380952381,0.8410386904761906,0.8606577380952382,0.8603214285714287,0.877919642857143,0.8790982142857144,0.8865119047619048,0.8827857142857144,0.8944761904761906,0.8926994047619049,0.893404761904762,0.8944136904761906,0.8869970238095239,0.8881755952380953,0.8315029761904764
184566854,43,0.7345639534883719,0.7460116279069766,0.7539563953488371,0.7612005813953487,0.7753401162790696,0.7982790697674418,0.7985755813953488,0.8297470930232557,0.8410406976744186,0.8605581395348836,0.8602296511627906,0.8777936046511627,0.879002906976744,0.8868953488372092,0.8828459302325581,0.894438953488372,0.8928023255813953,0.8936627906976744,0.8945436046511627,0.8871337209302324,0.888656976744186,0.8314999999999998
184566854,44,0.73484375,0.7465710227272727,0.754534090909091,0.761309659090909,0.7751960227272727,0.7980880681818182,0.7984119318181817,0.8299573863636364,0.8410085227272728,0.8606022727272727,0.8602443181818182,0.8777727272727273,0.879002840909091,0.8872045454545455,0.883,0.8949147727272727,0.8930539772727273,0.8941079545454546,0.8949772727272728,0.887752840909091,0.8890028409090909,0.8316960227272727
184566854,45,0.7351416666666667,0.7473277777777778,0.754786111111111,0.7613555555555556,0.7751222222222223,0.7979611111111112,0.7982777777777779,0.8301666666666667,0.8413277777777779,0.8608750000000003,0.860588888888889,0.8779222222222225,0.8792000000000001,0.8874777777777779,0.8833027777777779,0.8954583333333335,0.8932861111111112,0.8942222222222224,0.8953388888888889,0.8877972222222225,0.8891500000000001,0.8318888888888889
184566854,46,0.7353505434782608,0.747741847826087,0.7553532608695652,0.761125,0.7749266304347827,0.7978152173913043,0.7982880434782608,0.8304157608695653,0.8414429347826088,0.8609375,0.8606548913043478,0.8781005434782608,0.8792798913043478,0.887491847826087,0.8834701086956521,0.895600543478261,0.893608695652174,0.894570652173913,0.8956032608695652,0.8881358695652175,0.8896630434782608,0.831899456521739
184566854,47,0.7355505319148936,0.7482579787234043,0.7559148936170214,0.7613723404255319,0.7747579787234042,0.7977234042553191,0.7981648936170214,0.8304281914893618,0.8415718085106383,0.8608670212765958,0.8607659574468085,0.8781648936170213,0.8795026595744682,0.8877021276595745,0.8835292553191489,0.8958191489361702,0.8938324468085107,0.8948058510638298,0.8958643617021277,0.8883882978723404,0.8899148936170214,0.8318377659574469
184566854,48,0.7358385416666667,0.7488932291666668,0.7567005208333334,0.7616458333333332,0.7750078125000001,0.7976666666666667,0.7980234375,0.8305625,0.8418177083333332,0.8609114583333333,0.8606458333333332,0.8780494791666668,0.8794505208333333,0.8874427083333333,0.8833177083333332,0.8958072916666667,0.8938385416666668,0.894859375,0.8958880208333334,0.8884713541666668,0.8898828125,0.8318671875
184566854,49,0.7358010204081633,0.7493137755102041,0.7572474489795918,0.7616530612244897,0.7750076530612245,0.7976607142857142,0.7979693877551021,0.830719387755102,0.8416811224489795,0.860920918367347,0.8608418367346938,0.8782729591836735,0.8795382653061224,0.8874948979591838,0.8832780612244899,0.8957831632653063,0.8936811224489796,0.8949642857142858,0.895795918367347,0.8884311224489795,0.8899591836734694,0.831969387755102
184566854,50,0.735735,0.7494475,0.7576475,0.7616475,0.77507,0.7979725000000001,0.798145,0.830995,0.8418825000000002,0.861425,0.8611675,0.8783825000000001,0.8797275,0.8877275,0.8836900000000001,0.896115,0.8939625000000001,0.8951425000000001,0.8960375000000002,0.888635,0.8900725,0.8321825
184566854,51,0.7359142156862745,0.7495588235294118,0.75825,0.7615980392156863,0.775078431372549,0.7978186274509804,0.7981029411764706,0.8310465686274511,0.8419411764705883,0.8614852941176472,0.8612058823529414,0.8784877450980393,0.8798210784313727,0.8877671568627452,0.883700980392157,0.8961348039215689,0.893933823529412,0.8951299019607845,0.8961372549019608,0.8886960784313725,0.8902549019607845,0.8320588235294119
184566854,52,0.7357283653846154,0.74978125,0.7587908653846154,0.7615673076923076,0.7752836538461538,0.797735576923077,0.7979615384615385,0.8312331730769231,0.8421322115384615,0.861514423076923,0.8613245192307692,0.8786538461538462,0.8800528846153847,0.8877740384615384,0.8838653846153846,0.8963052884615385,0.8941995192307692,0.8954206730769231,0.8963581730769231,0.8888389423076923,0.8903846153846152,0.8323653846153846
184566854,53,0.7356698113207547,0.7499221698113209,0.7592028301886793,0.7617169811320755,0.7753419811320755,0.7977877358490566,0.7980117924528302,0.831301886792453,0.8422735849056603,0.8616533018867926,0.8613584905660377,0.8787877358490566,0.8805330188679246,0.8883867924528301,0.8840849056603773,0.896757075471698,0.8945754716981132,0.8954811320754716,0.8964575471698113,0.8890070754716981,0.8905943396226416,0.8325117924528301
184566854,54,0.7354328703703703,0.7502268518518519,0.7598449074074075,0.7620509259259258,0.7756574074074074,0.7979675925925926,0.7983842592592594,0.8317893518518519,0.8426273148148148,0.8619837962962963,0.8616111111111111,0.879076388888889,0.8807430555555557,0.8886064814814815,0.884548611111111,0.896986111111111,0.8948935185185185,0.8957777777777778,0.8967962962962963,0.889474537037037,0.8908541666666667,0.8325162037037037
184566854,55,0.7353727272727272,0.7505613636363636,0.7606727272727274,0.7621727272727272,0.7758568181818182,0.7981045454545453,0.7983386363636364,0.8319909090909091,0.8427636363636363,0.8620249999999998,0.8617068181818182,0.879125,0.880775,0.8887886363636363,0.8847681818181818,0.8972545454545454,0.8951318181818181,0.8960204545454545,0.8969545454545453,0.8895204545454545,0.8913136363636363,0.8324772727272728
184566854,56,0.7353325892857142,0.7508169642857142,0.7611629464285713,0.7622633928571428,0.7761004464285715,0.7982566964285713,0.798296875,0.8322098214285714,0.8429419642857142,0.8621607142857142,0.8618816964285715,0.8792790178571429,0.88090625,0.8888638392857142,0.8847611607142858,0.8973683035714286,0.8952745535714286,0.8961205357142857,0.8972142857142857,0.8897254464285713,0.8913526785714285,0.832609375
184566854,57,0.735030701754386,0.750907894736842,0.7614627192982456,0.7621535087719299,0.776063596491228,0.7983574561403509,0.7982938596491228,0.8324188596491229,0.8428377192982456,0.8623070175438596,0.8619956140350876,0.8795109649122806,0.8810964912280701,0.8889320175438595,0.8850350877192982,0.8976271929824561,0.8955438596491229,0.8961798245614035,0.8974298245614035,0.8898092105263158,0.8915394736842105,0.8328135964912281
184566854,58,0.7350862068965518,0.7509504310344828,0.7618383620689655,0.7622521551724137,0.7763038793103448,0.798467672413793,0.798364224137931,0.8325991379310345,0.8430862068965518,0.8623965517241379,0.8621702586206896,0.8797844827586206,0.8813556034482758,0.8892887931034482,0.885155172413793,0.8978275862068965,0.8957478448275861,0.8963340517241379,0.8977241379310344,0.8901034482758621,0.8917068965517241,0.8328620689655172
184566854,59,0.7350974576271186,0.7512817796610171,0.7623728813559322,0.7624131355932204,0.7762817796610169,0.7987161016949154,0.798540254237288,0.8328305084745763,0.8433156779661017,0.8628241525423728,0.8624639830508475,0.8801483050847457,0.8817309322033898,0.8895042372881355,0.8853453389830509,0.8979449152542373,0.8960063559322035,0.8966546610169491,0.8978199152542372,0.8903389830508475,0.8917711864406779,0.8329555084745761
184566854,60,0.7352625,0.75141875,0.76305625,0.7626041666666666,0.7768375000000001,0.7989541666666666,0.79888125,0.8330583333333332,0.8435124999999999,0.8630354166666666,0.8626479166666666,0.8802458333333334,0.8818416666666667,0.8896020833333332,0.8853166666666666,0.89795,0.8961041666666666,0.8966145833333332,0.8976875,0.8903374999999999,0.8918625,0.8331333333333333
184566854,61,0.735344262295082,0.751420081967213,0.763561475409836,0.7627110655737707,0.7769446721311476,0.799049180327869,0.7990655737704918,0.8333196721311475,0.843625,0.8630184426229509,0.8626618852459017,0.8803176229508197,0.8818504098360656,0.8897397540983607,0.8853729508196722,0.8981127049180329,0.8961639344262297,0.8965717213114753,0.897565573770492,0.8904713114754099,0.8919159836065573,0.8330061475409837
184566854,62,0.7351754032258064,0.7513225806451613,0.7639516129032259,0.762758064516129,0.7770201612903226,0.7991512096774193,0.7991612903225807,0.833366935483871,0.8436350806451612,0.8631391129032259,0.862774193548387,0.880491935483871,0.8819354838709678,0.8897620967741934,0.8856995967741935,0.8983165322580645,0.8963165322580644,0.8968064516129032,0.8977338709677418,0.8907943548387096,0.8919959677419353,0.833125
184566854,63,0.734906746031746,0.7511507936507937,0.764359126984127,0.7629900793650793,0.777343253968254,0.7991865079365079,0.799236111111111,0.8334265873015874,0.843545634920635,0.8630952380952382,0.8626071428571429,0.8804861111111112,0.8821329365079367,0.8898869047619049,0.8858174603174604,0.8983809523809525,0.8964265873015874,0.8968194444444446,0.8978611111111113,0.8911825396825399,0.8922698412698414,0.8331507936507937
184566854,64,0.73476171875,0.751021484375,0.7646640625,0.763103515625,0.7773828125,0.79932421875,0.799251953125,0.833599609375,0.843599609375,0.86287109375,0.862560546875,0.880685546875,0.88230859375,0.89005078125,0.88566796875,0.898392578125,0.89644921875,0.896970703125,0.897990234375,0.891255859375,0.89246484375,0.833203125
184566854,65,0.7346826923076923,0.7508942307692308,0.7649346153846155,0.7629653846153847,0.7772230769230771,0.7995115384615386,0.7993134615384616,0.8336423076923078,0.8436134615384617,0.8629423076923078,0.8626250000000001,0.880921153846154,0.8826615384615386,0.8901346153846156,0.8858711538461541,0.8983769230769233,0.8965634615384618,0.897021153846154,0.897873076923077,0.8911365384615386,0.8924500000000002,0.8330653846153848
184566854,66,0.7343825757575757,0.7509829545454545,0.7650738636363635,0.7628522727272727,0.7774128787878788,0.7997348484848485,0.7994450757575757,0.8338693181818182,0.8437272727272728,0.863032196969697,0.862683712121212,0.8810530303030303,0.8827878787878788,0.8904431818181817,0.8861174242424241,0.8986136363636362,0.896748106060606,0.8971401515151515,0.8981003787878787,0.8913503787878787,0.8927102272727272,0.8329488636363637
184566854,67,0.7342294776119404,0.7510634328358209,0.7652555970149253,0.7629309701492538,0.7775391791044777,0.8000373134328358,0.7997929104477612,0.8341175373134329,0.8441007462686567,0.8634589552238806,0.8629011194029851,0.881375,0.8830074626865672,0.8907425373134329,0.8864813432835821,0.8989160447761194,0.8969104477611941,0.8974477611940299,0.8983731343283582,0.8914533582089552,0.8929141791044777,0.83307276119403
184566854,68,0.7342132352941176,0.7511231617647058,0.7656286764705883,0.763172794117647,0.7777702205882353,0.8003161764705883,0.8000863970588236,0.83428125,0.8443547794117646,0.8636672794117647,0.8632408088235294,0.881452205882353,0.8831488970588235,0.890891544117647,0.88653125,0.8991323529411763,0.8971525735294117,0.8974871323529412,0.8985073529411765,0.8916378676470588,0.8929669117647059,0.833110294117647
184566854,69,0.7339836956521739,0.7511376811594203,0.765909420289855,0.7632173913043477,0.7780253623188407,0.8006739130434782,0.8001992753623187,0.8344891304347827,0.844588768115942,0.8639764492753622,0.8635326086956523,0.8815126811594203,0.8832898550724637,0.8910289855072463,0.8868949275362319,0.8993297101449275,0.8972264492753623,0.8977065217391305,0.898643115942029,0.8917880434782609,0.8931648550724638,0.833054347826087
184566854,70,0.7336714285714285,0.7509928571428571,0.7662678571428571,0.7633339285714287,0.778319642857143,0.8010089285714287,0.8003589285714287,0.8347446428571429,0.8446982142857145,0.8642035714285715,0.8638410714285715,0.8818160714285717,0.883557142857143,0.8913285714285717,0.8871125000000001,0.8994892857142859,0.8976250000000002,0.8978910714285716,0.8988839285714286,0.8918160714285716,0.8932660714285716,0.8330357142857144
184566854,71,0.7337253521126761,0.7508468309859154,0.766580985915493,0.7635563380281689,0.7785721830985914,0.8012024647887324,0.8006725352112676,0.8349788732394365,0.8449471830985916,0.8643961267605633,0.8640140845070422,0.8821619718309859,0.8839154929577464,0.8916742957746479,0.8874436619718309,0.8999084507042253,0.8979401408450703,0.8980669014084506,0.8991073943661971,0.8920052816901408,0.893487676056338,0.8331302816901409
184566854,72,0.7334253472222222,0.7506128472222222,0.7667239583333333,0.7636111111111111,0.7788315972222222,0.8013697916666668,0.8009409722222222,0.8352725694444445,0.8451701388888889,0.8645815972222222,0.8641684027777778,0.8823836805555555,0.884126736111111,0.8917204861111111,0.887734375,0.9002170138888888,0.8981631944444445,0.8982916666666666,0.8994236111111111,0.8921284722222222,0.8936197916666667,0.8331614583333332
184566854,73,0.7333304794520548,0.7505171232876712,0.7667688356164383,0.7636506849315069,0.7789657534246575,0.8014212328767123,0.801013698630137,0.8354143835616439,0.8451575342465754,0.8646130136986301,0.8642808219178082,0.8825496575342465,0.8842756849315068,0.8917448630136986,0.887652397260274,0.9003578767123288,0.898347602739726,0.8983972602739725,0.8995068493150684,0.8921712328767122,0.8936301369863013,0.8330753424657534
184566854,74,0.7331875,0.7503091216216217,0.7668986486486487,0.763785472972973,0.7791875,0.8016925675675676,0.8013006756756758,0.8356858108108108,0.8454375,0.8648733108108109,0.8644746621621622,0.8828040540540539,0.8844527027027027,0.8919425675675676,0.8877466216216217,0.9005337837837838,0.8985439189189189,0.8986418918918919,0.8996368243243243,0.8924527027027027,0.8938361486486487,0.8333192567567567
184566854,75,0.73302,0.7501300000000001,0.766885,0.7638133333333332,0.7792833333333334,0.8018900000000001,0.8014549999999999,0.8357883333333335,0.8454016666666666,0.86501,0.86457,0.8830183333333333,0.8846516666666666,0.89201,0.887835,0.9006166666666666,0.8987183333333333,0.89874,0.89979,0.89236,0.8938233333333333,0.8332733333333333
184566854,76,0.7327565789473685,0.7500789473684211,0.7670740131578948,0.7637450657894737,0.779435855263158,0.8021447368421052,0.8015411184210527,0.8360328947368421,0.8455328947368421,0.8651628289473683,0.8647697368421052,0.8832911184210526,0.885,0.8922713815789473,0.8881348684210527,0.90096875,0.8988371710526317,0.8988174342105264,0.9000805921052631,0.8924786184210526,0.8939407894736842,0.8331578947368421
184566854,77,0.7326948051948052,0.7498198051948052,0.7673376623376623,0.7636266233766233,0.7797061688311688,0.8022970779220779,0.8017597402597403,0.8362516233766233,0.8455925324675324,0.8651785714285714,0.8649188311688311,0.8834935064935064,0.8853100649350648,0.8926396103896104,0.8883944805194804,0.9012012987012986,0.8992110389610388,0.8990535714285715,0.900181818181818,0.8926785714285713,0.894215909090909,0.8332938311688312
184566854,78,0.732511217948718,0.749849358974359,0.7675176282051281,0.7636570512820513,0.7799471153846155,0.8026634615384617,0.8021426282051282,0.8365641025641026,0.8457692307692309,0.8652564102564104,0.8649310897435898,0.8836875000000002,0.8855064102564104,0.8927467948717949,0.888530448717949,0.9013333333333334,0.899309294871795,0.8989214743589745,0.9001842948717951,0.8927932692307693,0.8941298076923079,0.8333028846153847
184566854,79,0.7321851265822785,0.7494651898734178,0.7675395569620252,0.7635553797468354,0.7801028481012658,0.8029018987341772,0.8024193037974684,0.8368575949367087,0.8458085443037974,0.8654604430379746,0.8650268987341772,0.8838939873417722,0.8857231012658228,0.8928291139240505,0.8886424050632911,0.9013844936708859,0.899408227848101,0.8988765822784809,0.900153481012658,0.8927468354430379,0.8941313291139238,0.833362341772152
184566854,80,0.732084375,0.7491531250000001,0.7678421875,0.7636140625000001,0.7804265625000001,0.8032125,0.8027406249999999,0.8371140625000001,0.8459359375,0.8655671875,0.8651125,0.8840640625,0.885871875,0.8929406249999999,0.8888015625000001,0.901515625,0.899565625,0.89909375,0.9001890625,0.8929265625,0.8942437500000001,0.8332687500000001
184566854,81,0.7320108024691357,0.7489429012345679,0.7679336419753086,0.7636049382716048,0.7807561728395063,0.8034984567901234,0.803125,0.837317901234568,0.8461327160493827,0.8656929012345679,0.8652592592592593,0.8843086419753087,0.886125,0.8930462962962963,0.8890138888888889,0.9016435185185185,0.8997098765432099,0.899283950617284,0.9002515432098765,0.8929367283950617,0.8942160493827159,0.8331496913580247
184566854,82,0.7317149390243903,0.748766768292683,0.7681112804878049,0.7637759146341464,0.7810365853658536,0.8038079268292684,0.8034771341463416,0.8375198170731708,0.8463033536585367,0.8658170731707316,0.865452743902439,0.8843277439024392,0.8863064024390244,0.8931234756097561,0.8891539634146342,0.9017591463414635,0.8999375000000002,0.8992713414634147,0.900204268292683,0.8929878048780487,0.8942332317073172,0.833094512195122
184566854,83,0.7316596385542168,0.7486777108433734,0.7683222891566266,0.7639533132530121,0.7814307228915662,0.8042951807228915,0.8038629518072289,0.8377469879518072,0.8465572289156627,0.8659292168674699,0.8654909638554216,0.8844653614457831,0.8863765060240963,0.893355421686747,0.8892740963855421,0.9018463855421687,0.8999939759036144,0.8994277108433735,0.9004668674698795,0.8930647590361446,0.8942876506024096,0.8332243975903614
184566854,84,0.7314598214285715,0.7485193452380952,0.7685550595238096,0.7639925595238095,0.781797619047619,0.8046800595238095,0.8040729166666667,0.8380386904761904,0.8467113095238095,0.8660416666666666,0.8656145833333334,0.8844940476190477,0.8864791666666667,0.8934910714285714,0.8893318452380952,0.902154761904762,0.9001532738095238,0.899672619047619,0.9006339285714284,0.8931919642857142,0.894453869047619,0.8332247023809524
184566854,85,0.7313235294117646,0.7483661764705882,0.7687867647058825,0.76425,0.7821014705882353,0.8050279411764707,0.8044794117647059,0.8382823529411767,0.8467661764705884,0.8662455882352942,0.8656882352941178,0.884764705882353,0.8866470588235296,0.8936397058823532,0.8894602941176472,0.902164705882353,0.900354411764706,0.8997352941176473,0.9006632352941178,0.8933544117647059,0.894408823529412,0.8332676470588235
184566854,86,0.7311787790697675,0.7481220930232558,0.7689331395348837,0.7643953488372093,0.7823895348837209,0.8053706395348837,0.8048037790697674,0.8386598837209304,0.8469345930232558,0.8663197674418606,0.865703488372093,0.884889534883721,0.8867456395348838,0.8935232558139536,0.8896162790697675,0.9021206395348839,0.9003183139534884,0.8996351744186047,0.9007136627906978,0.8933037790697675,0.8943008720930233,0.8330973837209303
184566854,87,0.7309870689655172,0.7480747126436781,0.7690905172413793,0.7645172413793103,0.7826307471264368,0.8056652298850574,0.8050876436781609,0.8390172413793103,0.8472255747126436,0.8666364942528735,0.8659784482758621,0.885221264367816,0.8869971264367816,0.8936048850574712,0.8897672413793104,0.902405172413793,0.9005775862068965,0.8997370689655172,0.9007672413793102,0.8934137931034483,0.8944324712643678,0.8331307471264368
184566854,88,0.7309630681818182,0.7479730113636365,0.7692741477272728,0.7645397727272727,0.7830198863636364,0.8060042613636362,0.8053394886363636,0.8392272727272727,0.847471590909091,0.8667826704545455,0.8661732954545455,0.8853707386363636,0.8871463068181817,0.8938835227272728,0.8898636363636364,0.9025369318181817,0.9006832386363637,0.8998963068181818,0.9008977272727272,0.8937144886363637,0.8946392045454546,0.8331860795454545
184566854,89,0.7308244382022472,0.7480547752808989,0.7694143258426966,0.7646334269662922,0.7833946629213483,0.8062766853932585,0.8056502808988765,0.8393188202247192,0.8475758426966292,0.8668637640449439,0.8664101123595506,0.8856685393258427,0.8874803370786517,0.8940323033707865,0.8900351123595506,0.9026643258426967,0.9008230337078651,0.8998356741573034,0.9009817415730338,0.8938539325842697,0.8946460674157304,0.8332289325842697
184566854,90,0.7307069444444445,0.7480819444444444,0.7695666666666667,0.7647416666666665,0.7837375,0.8064347222222222,0.8059041666666669,0.8396694444444446,0.8476486111111112,0.8670263888888889,0.8666513888888889,0.8858222222222224,0.8877611111111113,0.8943319444444446,0.8903833333333334,0.9029083333333334,0.9009097222222224,0.9000583333333335,0.9010708333333335,0.8939541666666668,0.8947541666666669,0.8332680555555555
184566854,91,0.7306346153846154,0.7479381868131869,0.7695961538461539,0.7648489010989011,0.7842280219780221,0.8066387362637363,0.8060315934065935,0.8399368131868133,0.847776098901099,0.8671854395604397,0.866787087912088,0.8859766483516485,0.8878585164835168,0.8944917582417584,0.8904409340659343,0.902978021978022,0.9010535714285716,0.9000535714285716,0.901037087912088,0.89389010989011,0.8948461538461541,0.8331442307692309
184566854,92,0.7306277173913044,0.7476209239130435,0.7696521739130435,0.7649035326086956,0.784514945652174,0.8067459239130435,0.8062486413043477,0.8400964673913044,0.8478695652173912,0.8672255434782608,0.8667798913043477,0.8862119565217391,0.8880597826086957,0.8946236413043479,0.8906086956521739,0.9030964673913043,0.9012934782608696,0.9001263586956523,0.9011997282608695,0.8939497282608696,0.8949375,0.8331385869565218
184566854,93,0.7304327956989248,0.7476586021505377,0.7697190860215053,0.7649771505376343,0.7848440860215052,0.8070268817204301,0.8063991935483871,0.8402782258064515,0.8480040322580644,0.8672889784946235,0.866877688172043,0.8863884408602151,0.8882836021505375,0.8948239247311827,0.8908252688172043,0.9032983870967741,0.9014731182795698,0.9003266129032257,0.9013373655913979,0.8939811827956988,0.8951666666666666,0.8331908602150537
184566854,94,0.7304468085106384,0.7474242021276596,0.7697234042553192,0.7649720744680851,0.7851063829787234,0.8073696808510638,0.8068111702127659,0.8405970744680851,0.8483071808510638,0.8675465425531915,0.8670159574468085,0.8868351063829787,0.8887061170212767,0.8950119680851064,0.8911808510638298,0.9036409574468085,0.9018776595744682,0.9006662234042553,0.9017101063829787,0.8943643617021276,0.8954122340425532,0.8333297872340426
184566854,95,0.7302723684210526,0.7472855263157894,0.7697631578947368,0.7650960526315789,0.7854342105263158,0.8076763157894736,0.8071342105263157,0.8408223684210527,0.8486013157894736,0.867725,0.8672513157894737,0.8871342105263158,0.8890539473684209,0.8951789473684211,0.891475,0.903928947368421,0.9021710526315789,0.900775,0.9018934210526315,0.894453947368421,0.8954249999999999,0.8334013157894737
184566854,96,0.73008984375,0.7470455729166667,0.7699192708333333,0.7652877604166668,0.7856223958333333,0.8080520833333332,0.8074752604166667,0.8410677083333332,0.84876953125,0.8677955729166666,0.8673723958333333,0.88738671875,0.8891588541666666,0.89535546875,0.8916432291666666,0.9041575520833334,0.9023958333333333,0.90100390625,0.90203515625,0.89453125,0.895578125,0.8333932291666667
184566854,97,0.7300605670103092,0.7469188144329897,0.7699871134020619,0.7652577319587629,0.7858981958762887,0.8083659793814434,0.8077925257731959,0.841319587628866,0.8488208762886599,0.8678350515463918,0.867431701030928,0.887466494845361,0.8894574742268041,0.8955734536082475,0.8918260309278352,0.9043402061855672,0.9025000000000001,0.9010141752577322,0.90207087628866,0.8946675257731961,0.8956636597938146,0.8333801546391754
184566854,98,0.7300153061224489,0.746779336734694,0.7700663265306122,0.7653660714285715,0.7861926020408164,0.8086020408163265,0.8080446428571428,0.8415114795918367,0.8490102040816327,0.8679757653061224,0.8676301020408164,0.8877346938775511,0.8898061224489795,0.8958877551020409,0.8921160714285714,0.9046441326530612,0.9027933673469388,0.901188775510204,0.9023290816326531,0.8948341836734695,0.8957691326530612,0.833391581632653
184566854,99,0.7298888888888889,0.7467007575757575,0.7701010101010102,0.7653686868686869,0.7864381313131313,0.8089090909090909,0.8084267676767677,0.8417651515151515,0.8492613636363636,0.8681035353535353,0.867780303030303,0.8878497474747474,0.8898320707070707,0.8960151515151515,0.8922878787878787,0.9047436868686869,0.9029772727272728,0.9011527777777778,0.9022727272727272,0.8948573232323234,0.8958219696969696,0.8335050505050504
184566854,100,0.7296999999999999,0.74652,0.7701287499999999,0.765355,0.7867574999999999,0.80912125,0.80867875,0.8420349999999999,0.8494199999999998,0.86825375,0.8678262499999999,0.8880350000000001,0.89001125,0.8960825,0.89256625,0.9049625,0.903165,0.90126875,0.90243375,0.89505125,0.89604375,0.833495
184566854,101,0.7295420792079208,0.7463391089108912,0.7701571782178218,0.7655074257425744,0.7871497524752477,0.8094319306930693,0.8090037128712873,0.8422227722772277,0.8496287128712873,0.8685680693069309,0.868160891089109,0.8884084158415843,0.8902933168316832,0.8962945544554457,0.8927883663366337,0.9052438118811882,0.9033465346534655,0.9014653465346535,0.9026398514851486,0.8952747524752476,0.8960866336633665,0.8336200495049505
184566854,102,0.729453431372549,0.7461838235294118,0.7700514705882353,0.7655465686274511,0.7873357843137255,0.8097377450980393,0.80925,0.8424705882352943,0.8498210784313727,0.8687267156862747,0.8682806372549021,0.888496323529412,0.8904620098039218,0.8963848039215688,0.8928026960784317,0.9053247549019608,0.9034448529411767,0.9016139705882353,0.902856617647059,0.895421568627451,0.8961997549019609,0.8335759803921569
184566854,103,0.7294283980582524,0.7460606796116503,0.7699842233009708,0.7656067961165047,0.7876662621359224,0.810004854368932,0.8095679611650485,0.8426080097087378,0.8499296116504854,0.8688907766990291,0.8683968446601941,0.888621359223301,0.8907087378640777,0.8964890776699029,0.8929696601941748,0.9053640776699029,0.9035558252427185,0.9018143203883495,0.9029344660194175,0.8955849514563106,0.8963446601941748,0.8334757281553398
184566854,104,0.7293533653846154,0.7459771634615385,0.7699771634615384,0.7655564903846154,0.7879387019230769,0.8103076923076923,0.809796875,0.8427560096153845,0.8499675480769231,0.8690204326923077,0.8685913461538461,0.8888100961538462,0.8908701923076924,0.8966430288461538,0.8931117788461539,0.9055204326923076,0.9037860576923077,0.9018485576923078,0.9030709134615386,0.8956370192307693,0.8964266826923077,0.8334855769230769
184566854,105,0.7292571428571428,0.7457571428571428,0.7699642857142858,0.7656452380952381,0.7882845238095237,0.8107214285714286,0.8101940476190478,0.8430380952380954,0.8502166666666668,0.8691916666666668,0.8687178571428573,0.8890833333333334,0.8911333333333336,0.8967476190476192,0.8932988095238097,0.9058452380952383,0.9039940476190477,0.9020750000000003,0.9032130952380955,0.8958107142857145,0.8965380952380954,0.8335416666666667
184566854,106,0.7291426886792453,0.7457582547169811,0.7700589622641509,0.765811320754717,0.7886674528301887,0.8110283018867924,0.8105577830188679,0.8433761792452831,0.8504139150943397,0.8694740566037735,0.868869103773585,0.8894811320754715,0.8914740566037735,0.8970471698113208,0.8935601415094341,0.9060542452830189,0.9043077830188679,0.9023254716981133,0.9034044811320755,0.8958561320754717,0.8967110849056604,0.8335188679245283
184566854,107,0.7290245327102802,0.7456647196261683,0.7701904205607477,0.7659544392523364,0.7889415887850466,0.8112651869158879,0.8108890186915887,0.8436705607476636,0.8506892523364485,0.8696168224299065,0.869160046728972,0.8897441588785047,0.8918796728971963,0.8972640186915887,0.8937943925233645,0.9063235981308411,0.9045233644859814,0.9025806074766355,0.9036962616822429,0.89608761682243,0.8968516355140187,0.8335292056074766
184566854,108,0.7289884259259258,0.7455787037037037,0.770173611111111,0.7661273148148149,0.789326388888889,0.8115972222222222,0.811258101851852,0.8440127314814815,0.8508865740740741,0.8697708333333333,0.8693298611111111,0.8899988425925927,0.8920069444444444,0.8974421296296297,0.8939583333333334,0.906457175925926,0.9047453703703704,0.9027337962962964,0.9038055555555555,0.8961747685185185,0.8969340277777779,0.8335138888888889
184566854,109,0.7289461009174312,0.7454701834862385,0.7702201834862387,0.7662878440366973,0.7896376146788991,0.8119254587155963,0.8115355504587155,0.8442878440366974,0.8511032110091743,0.8698841743119266,0.8694472477064221,0.890170871559633,0.8922327981651377,0.8976215596330276,0.8942075688073394,0.9066949541284404,0.9049518348623853,0.9028795871559633,0.9039311926605506,0.896223623853211,0.8970160550458716,0.8335802752293577
184566854,110,0.7288840909090909,0.7453624999999999,0.7701772727272727,0.7662477272727273,0.7899113636363636,0.8121,0.8117193181818182,0.8443818181818181,0.8512102272727272,0.8700102272727274,0.8695068181818182,0.8903136363636363,0.8923386363636363,0.8977136363636364,0.8943386363636364,0.9067420454545455,0.9051590909090907,0.9030272727272727,0.9040420454545454,0.896403409090909,0.8971340909090909,0.8336022727272727
184566854,111,0.7287128378378378,0.7452184684684685,0.7701970720720721,0.7664065315315315,0.7902668918918919,0.8124020270270271,0.81190990990991,0.8445900900900901,0.8514065315315316,0.8701677927927929,0.8695698198198198,0.8905101351351351,0.8925202702702704,0.897856981981982,0.8943907657657658,0.9069718468468468,0.9052646396396397,0.902998873873874,0.9042105855855854,0.8964639639639639,0.8972150900900902,0.8335394144144144
184566854,112,0.7285959821428571,0.745125,0.7701841517857142,0.7665267857142858,0.7904799107142858,0.8126339285714287,0.8121261160714287,0.8447645089285715,0.8515223214285714,0.8701595982142857,0.8696160714285714,0.8906383928571429,0.8926953125,0.8979319196428571,0.8944118303571429,0.90709375,0.9054397321428571,0.9031004464285715,0.9043247767857142,0.8965167410714285,0.8972756696428571,0.8336383928571429
184566854,113,0.7284258849557523,0.7449236725663717,0.7701913716814159,0.7666559734513275,0.7908053097345132,0.8128661504424779,0.812237831858407,0.8450077433628319,0.8516780973451328,0.8702953539823008,0.869766592920354,0.8908484513274336,0.892933628318584,0.8980785398230089,0.8946106194690265,0.9072842920353983,0.9055995575221238,0.9031205752212389,0.9043816371681417,0.8965641592920354,0.8973030973451328,0.833762168141593
184566854,114,0.7283717105263158,0.7447894736842106,0.7703004385964912,0.7667149122807018,0.7910942982456141,0.8131524122807018,0.8125032894736841,0.8451984649122807,0.8517938596491228,0.8702839912280701,0.8697532894736842,0.890859649122807,0.8930811403508772,0.8982127192982456,0.8947971491228071,0.9073980263157895,0.905780701754386,0.903156798245614,0.9044495614035089,0.896688596491228,0.8974232456140352,0.8337412280701756
184566854,115,0.7282684782608695,0.7447326086956523,0.7703695652173913,0.7668554347826086,0.7914576086956522,0.8135108695652172,0.8127739130434782,0.8454913043478262,0.8520532608695653,0.8704163043478261,0.8698728260869565,0.89105,0.8932847826086957,0.8984184782608696,0.8950184782608697,0.9076489130434783,0.9059934782608695,0.9033445652173913,0.9045521739130434,0.8967999999999999,0.8975728260869567,0.8337608695652173
184566854,116,0.728155172413793,0.7445107758620689,0.7703351293103449,0.7668340517241379,0.7916260775862068,0.8137403017241379,0.8129633620689655,0.8455862068965517,0.8521056034482758,0.8704892241379311,0.8699827586206895,0.8912693965517242,0.8934784482758621,0.8985614224137931,0.89521875,0.9078092672413793,0.9062359913793103,0.9034730603448277,0.904707974137931,0.8969202586206897,0.8976993534482758,0.8337370689655172
184566854,117,0.7281581196581196,0.744426282051282,0.7704401709401709,0.7669230769230769,0.7919903846153846,0.8140512820512822,0.8133183760683762,0.8458301282051284,0.8522970085470086,0.870607905982906,0.8700651709401711,0.8913985042735044,0.8936442307692309,0.8987222222222223,0.8954326923076924,0.9079444444444446,0.9063290598290601,0.9036452991452993,0.9048920940170943,0.8971111111111112,0.8978205128205129,0.83378952991453
184566854,118,0.7280815677966102,0.7441091101694914,0.7704417372881356,0.7669904661016949,0.7922637711864406,0.8142775423728813,0.8135900423728814,0.8459120762711864,0.8524322033898305,0.870675847457627,0.8701843220338983,0.891594279661017,0.8937288135593221,0.8988877118644069,0.895583686440678,0.9081302966101694,0.9065646186440678,0.9037341101694916,0.9050190677966102,0.8971800847457627,0.8978675847457628,0.8337690677966102
184566854,119,0.7278939075630252,0.7439380252100841,0.7705651260504202,0.7671260504201682,0.7926113445378152,0.8145115546218489,0.8138592436974791,0.8460262605042018,0.852545168067227,0.8707699579831935,0.8701827731092439,0.8917258403361346,0.8938834033613448,0.8989621848739499,0.8957048319327733,0.9082542016806724,0.9067048319327732,0.903794117647059,0.9051207983193278,0.8972090336134456,0.8979296218487397,0.8337636554621849
184566854,120,0.7276437499999999,0.7437833333333334,0.7706031249999999,0.7671437499999999,0.792878125,0.814734375,0.8140520833333332,0.8461322916666667,0.8526604166666666,0.870875,0.8703968750000001,0.8920062499999999,0.894209375,0.8990875,0.895815625,0.9085166666666666,0.906921875,0.9040260416666668,0.90526875,0.8973708333333333,0.8980791666666667,0.833790625
184566854,121,0.7273935950413223,0.7435826446280992,0.7706280991735538,0.767094008264463,0.7930444214876033,0.8149039256198347,0.8141849173553718,0.8461559917355372,0.8527778925619834,0.8709152892561983,0.8704431818181818,0.8922076446280992,0.8943181818181818,0.8991621900826446,0.895944214876033,0.9085836776859504,0.9069948347107437,0.9040971074380165,0.905400826446281,0.8973853305785123,0.8980630165289257,0.833720041322314
184566854,122,0.7272172131147542,0.7434877049180327,0.7707387295081967,0.7672899590163935,0.7933022540983606,0.8151106557377049,0.8144282786885245,0.8463370901639343,0.8529016393442623,0.8710379098360657,0.8706372950819673,0.8923504098360655,0.8943944672131147,0.8992715163934425,0.8961280737704918,0.908703893442623,0.9070665983606557,0.9041741803278689,0.9053780737704918,0.8974385245901639,0.898031762295082,0.8336536885245901
184566854,123,0.7270142276422764,0.7432347560975611,0.7707439024390244,0.7673556910569106,0.7935081300813008,0.8154298780487804,0.8147235772357724,0.846479674796748,0.8530985772357724,0.8711331300813008,0.8706910569105691,0.8924745934959349,0.894553861788618,0.8993973577235772,0.8963536585365852,0.9087794715447155,0.9071778455284554,0.904246951219512,0.9053617886178863,0.8974207317073172,0.8980457317073172,0.83355081300813
184566854,124,0.7268185483870968,0.7430131048387096,0.7707278225806451,0.7674284274193549,0.7938235887096774,0.8156693548387097,0.8150171370967741,0.8466975806451612,0.8531975806451613,0.8712701612903224,0.8707701612903226,0.892710685483871,0.8948225806451613,0.8995292338709678,0.8965040322580645,0.9089405241935483,0.9074022177419355,0.9043306451612904,0.9055,0.8975362903225808,0.8981532258064516,0.8335645161290322
184566854,125,0.726683,0.7430119999999999,0.770688,0.7674440000000001,0.7940510000000001,0.815893,0.8152760000000001,0.8469500000000001,0.8533229999999999,0.8713150000000001,0.87086,0.892816,0.8949680000000001,0.89971,0.8966430000000002,0.9090720000000001,0.907479,0.9044010000000001,0.9056150000000001,0.897552,0.898185,0.8335370000000001
184566854,126,0.7264980158730159,0.742921626984127,0.7706755952380951,0.7674632936507937,0.7942926587301586,0.8160753968253969,0.815436507936508,0.847152777777778,0.8533928571428572,0.8714255952380954,0.8710119047619048,0.892936507936508,0.8951309523809525,0.8998373015873017,0.896858134920635,0.9092212301587304,0.907559523809524,0.9044613095238097,0.9056894841269844,0.8974791666666668,0.8981984126984128,0.8335000000000002
184566854,127,0.7263464566929135,0.7427273622047245,0.7706427165354333,0.767446850393701,0.7944183070866143,0.8161653543307088,0.8156033464566931,0.8471515748031497,0.853490157480315,0.8714173228346458,0.8709655511811024,0.8930679133858268,0.8952893700787401,0.8998553149606301,0.8968267716535433,0.9092883858267716,0.9076407480314962,0.9045442913385827,0.9057982283464566,0.8975108267716537,0.898224409448819,0.8335078740157481
184566854,128,0.7261142578125,0.74261328125,0.7705810546875,0.7675634765625,0.794548828125,0.816296875,0.8157734375,0.8472841796875,0.853509765625,0.871560546875,0.871025390625,0.8932353515625,0.895435546875,0.8999521484375,0.897029296875,0.909357421875,0.9077646484375,0.9046748046875,0.9059169921875,0.8975517578125,0.8982919921875,0.833380859375
184566854,129,0.7259496124031006,0.7425271317829456,0.7706017441860464,0.7676841085271316,0.7946908914728681,0.8164786821705425,0.8160513565891472,0.847437015503876,0.8536947674418603,0.871767441860465,0.8711860465116278,0.8934302325581395,0.8956724806201548,0.9002383720930232,0.8972461240310077,0.9094728682170542,0.907937015503876,0.9048062015503875,0.9060794573643409,0.8976647286821704,0.8982984496124029,0.8333168604651162
184566854,130,0.7258432692307693,0.7423557692307693,0.7706057692307693,0.7677673076923078,0.794860576923077,0.8166894230769232,0.8162,0.8476173076923078,0.853873076923077,0.8718221153846156,0.8713211538461539,0.8934826923076924,0.8957903846153847,0.9003326923076924,0.8973298076923079,0.9096048076923079,0.9080730769230771,0.9047971153846156,0.9061365384615385,0.8977307692307694,0.8983750000000001,0.8333067307692309
184566854,131,0.7256812977099237,0.742125,0.7705057251908397,0.7677986641221374,0.7950496183206106,0.8169513358778627,0.816442748091603,0.8477614503816794,0.8539646946564885,0.8719532442748092,0.8714465648854962,0.893719465648855,0.8958912213740459,0.900401717557252,0.8975362595419847,0.9096908396946565,0.9081269083969467,0.9048454198473282,0.906199427480916,0.8978387404580153,0.8983387404580153,0.8331727099236641
184566854,132,0.7255520833333332,0.7419498106060606,0.7704337121212123,0.7678295454545455,0.7951666666666667,0.8171505681818181,0.816722537878788,0.847874053030303,0.854089962121212,0.8721477272727273,0.8715842803030303,0.8939100378787879,0.896061553030303,0.9006486742424242,0.8977310606060606,0.9098238636363637,0.9083484848484848,0.9049498106060607,0.9063181818181818,0.8979119318181817,0.8984005681818182,0.833158143939394
184566854,133,0.7253778195488721,0.7417020676691729,0.7703552631578948,0.7677565789473685,0.7953787593984962,0.8173966165413533,0.8168533834586466,0.8480037593984961,0.8541212406015037,0.8721437969924811,0.871640977443609,0.8939652255639097,0.896156015037594,0.9007396616541352,0.8978524436090225,0.9099163533834587,0.9084276315789472,0.9050742481203008,0.9063383458646617,0.8980272556390977,0.8984765037593984,0.8330479323308271
184566854,134,0.725293843283582,0.7415727611940299,0.7703787313432836,0.7678367537313433,0.7956492537313433,0.8175662313432835,0.8170494402985076,0.8480111940298507,0.8541921641791046,0.8721744402985074,0.8716921641791044,0.8940736940298508,0.8962863805970149,0.9008320895522388,0.8980121268656717,0.9101324626865671,0.9085960820895523,0.905179104477612,0.9064188432835819,0.8981007462686567,0.8986222014925374,0.8330839552238806
184566854,135,0.7251296296296296,0.7413796296296296,0.7703842592592592,0.7679564814814814,0.7958935185185185,0.8178435185185186,0.8172898148148148,0.848187962962963,0.8543388888888889,0.8722648148148149,0.8717685185185184,0.8941981481481482,0.8964342592592593,0.9009027777777777,0.8981462962962962,0.910288888888889,0.9087120370370371,0.9052277777777777,0.9064472222222222,0.8980805555555555,0.8986740740740741,0.833038888888889
184566854,136,0.7249613970588236,0.7411755514705883,0.7703382352941176,0.7679788602941177,0.7961020220588235,0.8180689338235295,0.8174908088235293,0.8483290441176471,0.8544310661764705,0.8724237132352941,0.8718979779411765,0.8943538602941177,0.8965275735294117,0.9009117647058823,0.8982803308823529,0.9104099264705883,0.9089448529411766,0.9052830882352941,0.9064770220588235,0.8981516544117647,0.8986856617647059,0.8330248161764706
184566854,137,0.7248631386861314,0.7409543795620439,0.7702107664233576,0.7678503649635037,0.7963166058394161,0.8183403284671533,0.8177536496350365,0.8484279197080292,0.8545629562043796,0.8725310218978102,0.8720410583941607,0.8945136861313868,0.8967655109489051,0.9010501824817518,0.8983576642335767,0.9105839416058393,0.9091833941605839,0.9053813868613138,0.9066304744525547,0.8982180656934307,0.8987025547445255,0.8330136861313867
184566854,138,0.724794384057971,0.7407699275362317,0.7701784420289856,0.767911231884058,0.7965670289855072,0.818613224637681,0.8180090579710145,0.8486114130434782,0.8546757246376813,0.8725742753623188,0.8721521739130434,0.8946802536231884,0.8969284420289855,0.9011675724637681,0.898518115942029,0.9107771739130435,0.9093985507246377,0.9054221014492754,0.9067690217391305,0.8983442028985508,0.898786231884058,0.8329184782608695
184566854,139,0.724724820143885,0.740544964028777,0.7700854316546764,0.7679523381294964,0.7967715827338129,0.8188192446043165,0.8182625899280576,0.8487347122302158,0.8547068345323742,0.8726214028776978,0.8722311151079136,0.8948084532374101,0.8970872302158273,0.9013030575539568,0.898696942446043,0.9109703237410072,0.9096142086330935,0.9055125899280575,0.9068354316546763,0.8983678057553957,0.8988444244604317,0.8328057553956835
184566854,140,0.7246660714285715,0.74033125,0.7700562500000001,0.7679803571428572,0.7968883928571429,0.8189794642857142,0.8184303571428572,0.8488339285714286,0.8547526785714286,0.8726017857142857,0.8722580357142856,0.8948642857142857,0.8970901785714286,0.9013169642857143,0.89878125,0.911061607142857,0.9096366071428571,0.9055580357142856,0.9068294642857143,0.8983982142857143,0.8988428571428572,0.8327419642857141
184566854,141,0.724584219858156,0.7401258865248227,0.769936170212766,0.7679592198581561,0.7970523049645389,0.8192030141843971,0.8185460992907801,0.8488670212765957,0.8548280141843972,0.8726985815602837,0.8723368794326241,0.8950017730496455,0.8972358156028369,0.9014654255319149,0.898936170212766,0.9111852836879433,0.909764184397163,0.9056436170212767,0.906938829787234,0.8985035460992908,0.8988785460992909,0.8327012411347517
184566854,142,0.7245026408450704,0.74,0.7698565140845072,0.7680228873239436,0.7972720070422535,0.8193882042253522,0.8188028169014085,0.849112676056338,0.854968309859155,0.8728512323943662,0.8723626760563381,0.8951707746478873,0.8974507042253522,0.9015757042253522,0.8991241197183099,0.9113697183098591,0.9099366197183099,0.9057658450704226,0.9071258802816902,0.8985281690140845,0.8989718309859155,0.8327411971830986
184566854,143,0.7244353146853147,0.7398356643356643,0.76975,0.7680069930069929,0.7973723776223776,0.8195594405594405,0.8189868881118881,0.8492185314685315,0.8550437062937062,0.8729195804195804,0.8724606643356643,0.8953356643356644,0.8976005244755245,0.90168006993007,0.8992325174825174,0.9114921328671328,0.9100472027972027,0.9058645104895106,0.9071958041958041,0.8986547202797204,0.8991075174825176,0.832763986013986
184566854,144,0.7242890625,0.7396901041666667,0.7696067708333333,0.768006076388889,0.7975677083333332,0.8197734375,0.8191875,0.8493350694444445,0.8551918402777778,0.8730017361111111,0.872578125,0.8955243055555556,0.8977734375,0.9018784722222222,0.8993862847222222,0.9115798611111111,0.9101848958333335,0.9058715277777778,0.9072543402777778,0.8987118055555556,0.89915625,0.8326414930555556
184566854,145,0.7241431034482758,0.7395327586206896,0.7695362068965517,0.7680008620689655,0.7976974137931033,0.8199077586206898,0.819316379310345,0.8493991379310345,0.8553655172413793,0.8730810344827586,0.8727008620689656,0.89575,0.8979456896551724,0.9019543103448276,0.8995370689655172,0.9117275862068966,0.9104060344827587,0.9060103448275861,0.9073508620689655,0.898816379310345,0.8992103448275862,0.8325827586206896
184566854,146,0.7240633561643836,0.739464897260274,0.7694674657534247,0.7681044520547945,0.7978792808219178,0.8201309931506849,0.8195410958904109,0.8495907534246576,0.8554623287671232,0.8733073630136987,0.8728398972602739,0.8958938356164383,0.8981446917808219,0.9020933219178082,0.8997748287671232,0.911931506849315,0.9104666095890411,0.9061583904109589,0.9074520547945205,0.8988381849315068,0.8992602739726027,0.8325239726027397
184566854,147,0.7240136054421769,0.7392823129251701,0.7694489795918369,0.7681581632653062,0.7981343537414967,0.820343537414966,0.8197576530612245,0.8497057823129252,0.8556079931972789,0.873419217687075,0.8729965986394558,0.895985544217687,0.8983613945578232,0.9022151360544217,0.8999642857142858,0.9120229591836735,0.9106326530612245,0.9062874149659864,0.9075408163265306,0.8988852040816325,0.8993061224489797,0.8325068027210885
184566854,148,0.7238783783783783,0.7391258445945946,0.7693606418918919,0.7681511824324324,0.7983885135135136,0.8206722972972973,0.819962837837838,0.8498969594594594,0.8557516891891892,0.8735717905405406,0.8731511824324325,0.8961739864864865,0.8984847972972972,0.9023606418918919,0.9001182432432432,0.9121672297297296,0.9107913851351351,0.9063986486486486,0.9076326013513515,0.89896875,0.8993471283783785,0.8324315878378379
184566854,149,0.7236862416107384,0.7389085570469799,0.7692139261744967,0.7681669463087248,0.7985377516778523,0.8208229865771811,0.8201325503355704,0.8500402684563759,0.8558322147651006,0.8736669463087249,0.8732197986577181,0.8963087248322147,0.8985671140939597,0.9024421140939597,0.9002080536912751,0.9122525167785235,0.9108875838926174,0.9064320469798658,0.9076895973154362,0.8989303691275168,0.8993582214765101,0.8323632550335569
184566854,150,0.7235441666666667,0.7387849999999999,0.7691958333333332,0.7681733333333333,0.7987466666666667,0.8210016666666666,0.8203441666666668,0.8502724999999999,0.8559383333333332,0.8737625,0.8733,0.8964741666666667,0.89876,0.9025449999999999,0.9004416666666666,0.91247,0.9111091666666667,0.906655,0.9079375,0.8990608333333333,0.8994958333333334,0.8323141666666667
184566854,151,0.7234884105960265,0.7386399006622516,0.7691788079470198,0.768158940397351,0.7989105960264901,0.8212458609271523,0.8206051324503311,0.8503716887417219,0.8560364238410596,0.8738245033112583,0.8733650662251655,0.8966076158940398,0.8989503311258278,0.9026283112582781,0.9006117549668875,0.9126390728476821,0.9112417218543046,0.9067706953642385,0.9080513245033112,0.8990960264900661,0.8995670529801325,0.8323054635761589
184566854,152,0.7233207236842104,0.7384144736842104,0.7691019736842106,0.7681833881578947,0.7991184210526315,0.8214777960526316,0.8207944078947369,0.8505773026315789,0.856140625,0.8738856907894738,0.8734506578947369,0.8967417763157893,0.8990707236842105,0.90265625,0.9006957236842106,0.9127409539473684,0.9113766447368421,0.90678125,0.908140625,0.8991751644736842,0.8996225328947369,0.8322434210526316
184566854,153,0.7232254901960784,0.7382990196078432,0.7690800653594771,0.7681960784313726,0.7992916666666667,0.8217834967320261,0.8210334967320263,0.8507369281045752,0.8562017973856211,0.8739779411764708,0.87349591503268,0.896917483660131,0.8992450980392159,0.90284068627451,0.900856209150327,0.912950980392157,0.9115245098039217,0.9068374183006538,0.9082287581699348,0.8992508169934642,0.8996266339869282,0.8322361111111113
184566854,154,0.7230560064935064,0.7381623376623376,0.7690365259740259,0.768161525974026,0.7995194805194804,0.8219318181818182,0.8212102272727273,0.8508701298701299,0.8563011363636364,0.8740698051948053,0.873547077922078,0.897012987012987,0.8992978896103896,0.9030048701298702,0.9010219155844157,0.9131022727272727,0.9116542207792209,0.9069553571428571,0.9082508116883118,0.8992881493506493,0.8996972402597403,0.8322426948051947
184566854,155,0.7229879032258064,0.7380935483870968,0.7689120967741935,0.7682040322580644,0.7998217741935484,0.8221612903225806,0.8213903225806451,0.8510129032258065,0.8564346774193548,0.8741016129032259,0.8736016129032258,0.8970403225806451,0.899417741935484,0.9030556451612903,0.9011395161290322,0.9132427419354838,0.9118016129032258,0.9070370967741935,0.9083467741935484,0.899325806451613,0.8997258064516129,0.8322233870967741
184566854,156,0.7229014423076923,0.7379182692307693,0.768838141025641,0.7681634615384616,0.8000560897435898,0.8223621794871795,0.8215761217948717,0.8511538461538461,0.8565048076923076,0.8741145833333333,0.8736290064102563,0.8970801282051282,0.899485576923077,0.9031458333333332,0.9012283653846154,0.9132908653846153,0.9118229166666666,0.9070136217948718,0.9083878205128204,0.899301282051282,0.8997075320512821,0.8320929487179487
184566854,157,0.7227850318471337,0.737842356687898,0.7688033439490446,0.7682038216560508,0.8002515923566879,0.8226186305732485,0.8217874203821656,0.8512898089171974,0.8566146496815286,0.8742332802547771,0.8737635350318471,0.8972699044585988,0.8995923566878982,0.903281050955414,0.9014259554140128,0.9134124203821657,0.9119816878980892,0.9071074840764332,0.9084816878980893,0.899359872611465,0.8997627388535032,0.8320262738853503
184566854,158,0.722632911392405,0.7377159810126582,0.7687784810126582,0.7681511075949367,0.8004256329113923,0.8229090189873418,0.8220102848101266,0.8514026898734177,0.8567444620253165,0.874320411392405,0.8739319620253163,0.8974691455696202,0.8998441455696203,0.9034295886075949,0.901567246835443,0.9136313291139241,0.9122365506329113,0.90725,0.9085862341772152,0.8994928797468354,0.8998931962025317,0.8320348101265822
184566854,159,0.7225015723270439,0.7375070754716981,0.7686808176100628,0.7680951257861636,0.800566037735849,0.8230298742138366,0.8221194968553459,0.8514803459119498,0.8567444968553459,0.8743954402515723,0.8739960691823899,0.8975904088050315,0.8999488993710691,0.9036360062893082,0.9016823899371069,0.9137586477987423,0.9123278301886791,0.9073797169811321,0.9087319182389938,0.8996305031446541,0.8999866352201258,0.832002358490566
184566854,160,0.722471875,0.7373359375,0.7686140625000001,0.768115625,0.8007281250000001,0.8232820312499999,0.8222976562500001,0.8516234375,0.856859375,0.8744757812499999,0.87406015625,0.8976875,0.9000882812500001,0.90370859375,0.90176953125,0.91384765625,0.9123851562499999,0.90749609375,0.9088515625,0.8997859375,0.9001171874999999,0.832028125
184566854,161,0.722348602484472,0.7371832298136647,0.7685333850931677,0.7680372670807454,0.8009239130434782,0.8235062111801242,0.8225155279503106,0.8517368012422359,0.8569968944099378,0.8745698757763976,0.8741459627329192,0.8978369565217391,0.9002484472049689,0.9038299689440994,0.9018330745341615,0.9140403726708075,0.9125419254658386,0.9076071428571428,0.9089526397515528,0.8998858695652175,0.9001444099378882,0.8318990683229813
184566854,162,0.7223117283950616,0.7370625,0.7684537037037037,0.7679783950617284,0.8010725308641975,0.8236358024691358,0.8226813271604938,0.8518449074074074,0.8570246913580247,0.8745802469135803,0.8742129629629629,0.8980216049382715,0.9003148148148148,0.9039135802469136,0.9019220679012346,0.914108024691358,0.9127006172839506,0.9076589506172841,0.9090524691358025,0.8999089506172838,0.9002206790123457,0.8319552469135802
184566854,163,0.722180981595092,0.7368742331288344,0.7683849693251534,0.7679631901840491,0.8012407975460123,0.8238957055214724,0.8228719325153374,0.8519838957055215,0.8572139570552147,0.8747193251533742,0.8742714723926381,0.8981441717791411,0.9004631901840492,0.9040690184049079,0.9020498466257668,0.9142967791411043,0.9128481595092024,0.9077699386503068,0.9091978527607362,0.9000283742331289,0.9003174846625767,0.8319340490797547
184566854,164,0.7220746951219512,0.7367141768292683,0.7683277439024389,0.7679756097560976,0.801313262195122,0.8240114329268292,0.8230548780487804,0.8520175304878049,0.857248475609756,0.8748048780487805,0.8743407012195122,0.8982652439024389,0.9005884146341464,0.904125762195122,0.90225,0.9143658536585365,0.9129260670731707,0.9078368902439025,0.9092583841463415,0.900126524390244,0.9003879573170732,0.831951981707317
184566854,165,0.7219174242424242,0.7366174242424242,0.7682992424242425,0.7678916666666666,0.801455303030303,0.8241772727272727,0.8232348484848485,0.8521560606060606,0.8573242424242424,0.8748598484848485,0.874425,0.898385606060606,0.90075,0.9041909090909092,0.9023378787878789,0.9145234848484848,0.9130409090909091,0.9079348484848485,0.9093121212121211,0.9002181818181818,0.9005083333333332,0.8319045454545454
184566854,166,0.7218192771084336,0.7364111445783132,0.7682612951807228,0.767832078313253,0.8016084337349398,0.8243373493975903,0.8234006024096385,0.8522356927710844,0.8574239457831324,0.874894578313253,0.8744344879518071,0.8984344879518072,0.9007793674698796,0.9042492469879518,0.9024126506024097,0.914644578313253,0.913132530120482,0.9079819277108434,0.9093599397590362,0.9002951807228915,0.9005783132530121,0.8318704819277107
184566854,167,0.7217410179640719,0.7362627245508981,0.768247754491018,0.7677163173652695,0.8016848802395209,0.8244558383233532,0.8235374251497005,0.8522799401197606,0.8574790419161678,0.8749191616766467,0.8744767964071857,0.8984610778443115,0.9008824850299401,0.904307634730539,0.9024595808383234,0.9146991017964071,0.9132050898203593,0.9080703592814372,0.9093742514970061,0.9003660179640719,0.9006497005988024,0.8317754491017963
184566854,168,0.7216741071428571,0.7360550595238097,0.7682269345238095,0.7676026785714286,0.8017544642857142,0.8246897321428571,0.823703869047619,0.8524047619047619,0.8575900297619048,0.8750178571428571,0.8746346726190476,0.8985491071428571,0.900999255952381,0.9043965773809524,0.9025803571428571,0.9147611607142857,0.9132834821428572,0.9081004464285715,0.9094471726190476,0.9003973214285713,0.9007447916666668,0.8316659226190477
184566854,169,0.7216020710059171,0.7358897928994084,0.7682152366863906,0.7675931952662722,0.80185724852071,0.8248328402366863,0.8238431952662723,0.8524977810650887,0.8576309171597633,0.8750769230769231,0.8747093195266271,0.8986442307692307,0.9010747041420119,0.9044741124260355,0.9027078402366864,0.9148505917159764,0.9133424556213018,0.9081656804733728,0.9094511834319527,0.9004341715976332,0.9008350591715976,0.8315769230769231
184566854,170,0.7214977941176471,0.7357691176470589,0.7681867647058823,0.7675352941176471,0.8019801470588236,0.8249845588235295,0.8239330882352942,0.8525779411764707,0.8576992647058824,0.8750948529411765,0.8747117647058824,0.898669117647059,0.9010875000000002,0.9045125,0.902794117647059,0.9149213235294119,0.9134742647058824,0.9081970588235295,0.9095147058823532,0.9004882352941178,0.9008720588235296,0.8314227941176471
184566854,171,0.7214334795321637,0.7356016081871345,0.7681432748538012,0.7675423976608188,0.8019941520467836,0.8251293859649123,0.8240138888888889,0.8525687134502923,0.8577587719298245,0.8751483918128654,0.8747485380116959,0.8987558479532164,0.901186403508772,0.9045402046783627,0.9028179824561404,0.9150599415204679,0.9135694444444444,0.9082609649122807,0.9096388888888889,0.9005548245614033,0.9009254385964912,0.8314459064327485
184566854,172,0.7213655523255813,0.7355188953488373,0.7681010174418604,0.7675741279069768,0.8022645348837208,0.8253125,0.8241896802325582,0.8527245639534883,0.8578808139534884,0.8752579941860466,0.874828488372093,0.8989309593023257,0.901359011627907,0.9046758720930234,0.902969476744186,0.9152470930232558,0.9136976744186047,0.9084622093023256,0.9097805232558139,0.9006969476744187,0.9010341569767443,0.8314345930232558
184566854,173,0.7212485549132948,0.7353395953757226,0.7680180635838151,0.7675534682080924,0.8024111271676301,0.8253851156069364,0.8243092485549132,0.8528157514450868,0.8579248554913295,0.8752658959537571,0.8748547687861271,0.8991213872832369,0.9015989884393064,0.9048135838150289,0.9031445086705203,0.915478323699422,0.9138966763005779,0.9086264450867052,0.9098959537572254,0.900778901734104,0.9011452312138729,0.8313901734104046
184566854,174,0.7211594827586207,0.7352449712643679,0.767996408045977,0.7675172413793103,0.802573275862069,0.8254798850574713,0.8244173850574712,0.8528915229885058,0.8579928160919541,0.8753807471264368,0.8749849137931035,0.8992665229885058,0.9016522988505747,0.9048685344827586,0.903278735632184,0.9156020114942528,0.9140186781609195,0.9087370689655172,0.9099669540229883,0.900875,0.9012708333333332,0.8312880747126438
184566854,175,0.7210599999999999,0.7350035714285714,0.7678935714285715,0.7674871428571429,0.8026542857142858,0.8255778571428571,0.8244835714285714,0.8529278571428571,0.8580207142857144,0.8754007142857143,0.875012857142857,0.8992814285714286,0.9017007142857143,0.9049978571428571,0.903335,0.9156414285714286,0.9141657142857144,0.90877,0.9100464285714286,0.9009414285714286,0.901325,0.8312235714285714
184566854,176,0.7209353693181818,0.7347478693181817,0.7678728693181818,0.7674467329545455,0.8028004261363636,0.8257556818181818,0.8245816761363636,0.8530021306818183,0.8580923295454546,0.8754730113636365,0.8750880681818183,0.8993458806818182,0.9018110795454546,0.9051065340909091,0.9034609375000001,0.9157649147727273,0.9143288352272727,0.90884375,0.9101690340909091,0.9010426136363636,0.9014026988636364,0.8311555397727273
184566854,177,0.7207344632768361,0.7345070621468927,0.7677401129943503,0.7674209039548022,0.8029350282485875,0.8258425141242938,0.8246871468926554,0.8530748587570622,0.8581052259887005,0.8755388418079095,0.87522104519774,0.8994526836158192,0.9018728813559321,0.9051906779661018,0.9035536723163841,0.9158622881355932,0.9143707627118645,0.9089131355932204,0.9102104519774011,0.9010233050847457,0.901444209039548,0.8311045197740113
184566854,178,0.7206081460674157,0.7343497191011236,0.7677113764044944,0.7673981741573034,0.8030842696629213,0.8260758426966293,0.8249009831460674,0.8532183988764045,0.8581741573033708,0.8756404494382023,0.8752900280898877,0.8996355337078652,0.9020112359550563,0.9052914325842696,0.9036601123595506,0.9160119382022471,0.914566713483146,0.9089508426966293,0.9103096910112359,0.9010779494382023,0.9015140449438201,0.8310435393258426
184566854,179,0.7205111731843576,0.7341375698324022,0.767659217877095,0.7673854748603351,0.8032374301675977,0.8262053072625698,0.825,0.8532527932960893,0.8582297486033519,0.8757115921787708,0.8753673184357542,0.8998093575418994,0.902159217877095,0.9053777932960893,0.9037555865921786,0.9161515363128491,0.9146689944134078,0.9090272346368715,0.9104022346368715,0.9010824022346369,0.9015670391061451,0.8309825418994413
184566854,180,0.7203548611111111,0.7339618055555557,0.7675326388888889,0.7673243055555556,0.8033333333333332,0.8262770833333333,0.8250819444444444,0.8532409722222222,0.8582965277777778,0.875736111111111,0.8753694444444444,0.8998131944444444,0.9022131944444444,0.905429861111111,0.903836111111111,0.9161965277777777,0.9147256944444443,0.909098611111111,0.9104145833333332,0.9011569444444444,0.9016472222222222,0.8309743055555555
184566854,181,0.7201864640883978,0.7337375690607735,0.767460635359116,0.767314226519337,0.8034937845303868,0.8263984806629835,0.8252002762430939,0.8532921270718232,0.8583646408839779,0.8758466850828729,0.8754385359116023,0.899935773480663,0.9023238950276243,0.9054848066298343,0.9040020718232045,0.916310773480663,0.9149026243093922,0.9091671270718232,0.9105103591160221,0.9012658839779005,0.9016443370165745,0.8309046961325967
184566854,182,0.72004739010989,0.7335659340659341,0.7674340659340659,0.7672458791208792,0.803684065934066,0.8265357142857144,0.8253592032967034,0.8533454670329672,0.8584189560439562,0.875901098901099,0.8755288461538462,0.9000226648351649,0.9024134615384617,0.9056469780219781,0.9041538461538463,0.916445054945055,0.9150322802197804,0.9092486263736265,0.910566620879121,0.901316620879121,0.9017293956043958,0.8308516483516485
184566854,183,0.719985655737705,0.733381830601093,0.7673948087431693,0.7672540983606557,0.8038790983606557,0.8267657103825137,0.8255443989071038,0.8535150273224045,0.85850956284153,0.8760020491803279,0.875608606557377,0.900157786885246,0.9025109289617487,0.9057472677595627,0.9043053278688525,0.9165409836065573,0.9151284153005464,0.9093169398907104,0.9106202185792349,0.9013401639344262,0.901707650273224,0.8308551912568306
184566854,184,0.7199184782608695,0.7332717391304348,0.7673682065217392,0.7672432065217392,0.8039979619565217,0.8269429347826087,0.8256623641304348,0.8536052989130435,0.8585645380434782,0.8760129076086958,0.8755767663043479,0.9002540760869565,0.9026453804347826,0.90578125,0.904359375,0.916625,0.9152072010869565,0.9093892663043478,0.9106630434782609,0.9013851902173914,0.9017778532608695,0.8308485054347826
184566854,185,0.7198824324324324,0.7331236486486487,0.7672851351351352,0.7671945945945945,0.8041074324324324,0.8270141891891892,0.8257385135135135,0.8537047297297297,0.8586574324324324,0.8760189189189189,0.8755797297297297,0.9003452702702703,0.9027243243243243,0.9058736486486487,0.9044445945945947,0.91675,0.9153472972972974,0.9094581081081081,0.910766891891892,0.9014466216216217,0.9018939189189189,0.8308331081081082
184566854,186,0.7198568548387098,0.7329979838709678,0.7672358870967741,0.7671263440860215,0.8041693548387097,0.8270672043010752,0.8258286290322581,0.8537311827956989,0.8587123655913979,0.8759637096774193,0.8755725806451612,0.9004153225806452,0.9028622311827956,0.9059845430107526,0.9045450268817203,0.9168770161290322,0.9155181451612903,0.9095658602150537,0.9108958333333332,0.9015376344086021,0.9019986559139784,0.830755376344086
184566854,187,0.7197479946524065,0.732808155080214,0.7671524064171122,0.7671009358288771,0.8043054812834225,0.8271644385026738,0.8259151069518716,0.8537747326203209,0.8587640374331551,0.8760274064171123,0.8755949197860963,0.9005227272727272,0.902951871657754,0.9060889037433155,0.9046898395721926,0.9169745989304813,0.9156209893048128,0.9096316844919786,0.9109786096256685,0.9015995989304814,0.9020708556149732,0.8307125668449198
184566854,188,0.7196343085106384,0.7326323138297872,0.7670811170212767,0.7671030585106382,0.8044913563829788,0.8273051861702128,0.8260179521276596,0.853877659574468,0.8588271276595745,0.8761196808510637,0.8756648936170214,0.9006289893617021,0.903061835106383,0.9062121010638298,0.9048297872340425,0.9172234042553192,0.9157932180851065,0.9097200797872341,0.9110651595744681,0.9017014627659574,0.9021422872340427,0.8307101063829787
184566854,189,0.7195879629629629,0.7325066137566136,0.7669940476190477,0.7671164021164021,0.804651455026455,0.8274623015873016,0.8260919312169313,0.8539404761904762,0.8588743386243386,0.876148148148148,0.8757076719576719,0.9007189153439153,0.9031355820105821,0.9063220899470901,0.9048842592592592,0.9173141534391535,0.915880291005291,0.9097698412698413,0.9110879629629629,0.9017301587301587,0.9021673280423279,0.830667328042328
184566854,190,0.7195184210526315,0.7323927631578948,0.7669243421052632,0.7670888157894737,0.804817105263158,0.8275868421052632,0.8261815789473684,0.8539993421052632,0.8588802631578948,0.8761769736842105,0.8757440789473685,0.9007572368421053,0.9032138157894738,0.9064131578947369,0.9049473684210526,0.9173835526315789,0.9159736842105263,0.9098276315789474,0.911153947368421,0.9018342105263157,0.9022065789473683,0.830603947368421
184566854,191,0.7193874345549739,0.7322585078534031,0.7667886125654451,0.7670425392670156,0.8049600785340315,0.827734947643979,0.8262565445026178,0.8540287958115185,0.8589260471204189,0.8761767015706806,0.875776832460733,0.9007990837696335,0.9032611256544503,0.9065255235602094,0.9050209424083769,0.9174410994764398,0.9160484293193717,0.9099005235602095,0.9112630890052357,0.9018462041884818,0.9022002617801047,0.8306138743455497
184566854,192,0.7192447916666668,0.732109375,0.766705078125,0.767,0.8050904947916667,0.82784765625,0.8263639322916666,0.85405078125,0.8589713541666667,0.876232421875,0.875822265625,0.900927734375,0.903388671875,0.9065891927083333,0.9050774739583334,0.917529296875,0.9161204427083333,0.9099993489583332,0.9113430989583332,0.9018860677083332,0.902267578125,0.830525390625
184566854,193,0.7190887305699483,0.7319889896373056,0.7666269430051814,0.7669844559585492,0.8051930051813471,0.8280006476683937,0.8264948186528497,0.8541444300518134,0.8590291450777199,0.876264248704663,0.8758581606217615,0.9010265544041449,0.9034287564766839,0.9066703367875646,0.9051522020725388,0.9177059585492228,0.9162279792746112,0.9100990932642485,0.911431347150259,0.9019591968911916,0.9023095854922278,0.8305291450777201
184566854,194,0.7189478092783506,0.7318646907216496,0.7665579896907216,0.7669761597938144,0.8053492268041238,0.8281572164948454,0.8265792525773197,0.8541643041237115,0.8590895618556702,0.8762622422680413,0.8758891752577319,0.9010148195876291,0.9034838917525774,0.9067699742268043,0.9052680412371135,0.9177880154639176,0.916306701030928,0.9101185567010311,0.9115173969072166,0.9019684278350517,0.9023395618556701,0.8304780927835052
184566854,195,0.7188275641025641,0.7317134615384616,0.7665410256410258,0.7669461538461539,0.8055333333333334,0.8283160256410258,0.8266250000000002,0.8541903846153848,0.8590955128205129,0.8762012820512821,0.8758903846153847,0.9010557692307694,0.9035551282051283,0.9068320512820515,0.9053410256410258,0.9178339743589745,0.9163628205128206,0.9102057692307693,0.9115923076923078,0.9020019230769233,0.9023211538461541,0.830422435897436
184566854,196,0.7187104591836735,0.7315625,0.7664872448979593,0.7669094387755101,0.8056779336734694,0.8284649234693877,0.8267238520408163,0.8542684948979593,0.8591792091836735,0.8762034438775511,0.8759559948979593,0.9011473214285715,0.9036702806122449,0.9069323979591837,0.9054030612244899,0.9179566326530612,0.9164457908163265,0.9103252551020409,0.9116594387755101,0.9020905612244898,0.9024024234693877,0.8303826530612245
184566854,197,0.7186116751269035,0.7313140862944163,0.7663769035532993,0.7668236040609138,0.8057810913705583,0.8285729695431472,0.8267544416243654,0.8542912436548223,0.8592258883248731,0.8762525380710661,0.8759263959390863,0.9011782994923858,0.9036713197969544,0.9069885786802031,0.9055228426395938,0.9180469543147208,0.916501269035533,0.9103432741116751,0.9116719543147208,0.9020723350253806,0.9024708121827411,0.8303204314720811
184566854,198,0.718467803030303,0.7311401515151515,0.7663263888888889,0.7666875,0.8059741161616162,0.8287266414141413,0.8268308080808081,0.8543491161616161,0.8592007575757576,0.8762089646464647,0.875907196969697,0.9012695707070707,0.9037632575757575,0.9070239898989899,0.9055454545454545,0.9181117424242425,0.9165549242424242,0.9104431818181817,0.9117392676767677,0.902159090909091,0.9025063131313131,0.8302790404040404
184566854,199,0.7183542713567839,0.7309321608040201,0.7662248743718593,0.766627512562814,0.8060653266331658,0.8288360552763819,0.8269359296482413,0.8543486180904521,0.8592920854271356,0.8762223618090452,0.8759403266331658,0.9013109296482412,0.903822864321608,0.9071099246231156,0.9056231155778895,0.9182154522613066,0.9166683417085428,0.9105320351758794,0.911858040201005,0.9022600502512562,0.9025791457286432,0.8302393216080401
184566854,200,0.718194375,0.7308,0.7661081249999999,0.7665299999999999,0.8061812500000001,0.828913125,0.8270093749999999,0.8544187499999999,0.859315,0.8762468750000001,0.875999375,0.901409375,0.90388,0.9071643749999999,0.9056774999999999,0.91834375,0.916795625,0.9105775,0.9119156250000001,0.902338125,0.9026424999999999,0.8301381250000001
1497586439,1,0.79525,0.79225,0.791875,0.807625,0.8095,0.81475,0.81125,0.81125,0.811375,0.8135,0.812125,0.812,0.811375,0.81875,0.814875,0.82575,0.823125,0.82725,0.827375,0.827625,0.826375,0.815625
1497586439,2,0.814,0.8175,0.817375,0.82325,0.8261875,0.8324375,0.8319375,0.8361875,0.8316875,0.836875,0.835875,0.839375,0.8381875,0.841125,0.8416875,0.846,0.8455625,0.846375,0.8468125,0.8461875,0.8478125,0.83125
1497586439,3,0.79975,0.8084583333333333,0.8154166666666667,0.8255416666666666,0.8327499999999999,0.8377083333333333,0.8379999999999999,0.8442499999999998,0.8393749999999999,0.8439999999999999,0.844875,0.8448749999999999,0.8450416666666665,0.8471666666666665,0.845375,0.8520416666666666,0.8519166666666665,0.8547916666666665,0.855125,0.8521666666666666,0.8523333333333333,0.8346666666666666
1497586439,4,0.78484375,0.79784375,0.81140625,0.82253125,0.8325,0.84015625,0.8404375,0.84646875,0.84584375,0.85153125,0.851,0.8510625,0.85059375,0.8546875,0.850625,0.8566875,0.85578125,0.858375,0.85825,0.85740625,0.85690625,0.84090625
1497586439,5,0.770375,0.7869,0.8045500000000001,0.819575,0.8307,0.8410500000000002,0.8413500000000002,0.848875,0.8484750000000001,0.8558500000000001,0.855325,0.8557500000000001,0.8563000000000001,0.858925,0.856,0.8623500000000002,0.8611500000000001,0.8625750000000001,0.8628000000000002,0.8606500000000001,0.8613000000000001,0.8436500000000001
1497586439,6,0.7581458333333333,0.7765,0.7954166666666668,0.8128125,0.8280208333333333,0.8403333333333334,0.8417083333333334,0.8521458333333334,0.8526041666666667,0.8597291666666668,0.8596458333333334,0.85975,0.8605416666666668,0.8624375000000001,0.8606041666666667,0.8641041666666668,0.8635208333333334,0.8659583333333334,0.8652083333333334,0.8625416666666668,0.8637083333333335,0.8463958333333335
1497586439,7,0.752142857142857,0.7706071428571427,0.7895178571428572,0.8074107142857142,0.8237321428571429,0.8384107142857142,0.83975,0.8503392857142856,0.8530714285714286,0.8604464285714287,0.8610892857142858,0.8615178571428571,0.8615535714285715,0.8637321428571428,0.8628392857142857,0.8674821428571429,0.8662857142857142,0.8686428571428572,0.8681071428571429,0.8644642857142857,0.8661428571428571,0.8467678571428571
1497586439,8,0.746015625,0.764328125,0.782328125,0.801484375,0.819609375,0.835515625,0.837609375,0.8505625,0.8548125,0.86496875,0.86453125,0.86540625,0.865328125,0.86746875,0.8663125,0.8700625,0.8685625,0.870484375,0.8701875,0.86603125,0.86696875,0.846765625
1497586439,9,0.7410694444444446,0.7587361111111111,0.7769722222222224,0.7970416666666668,0.8156250000000002,0.8340000000000001,0.8364027777777778,0.8510000000000001,0.8553611111111113,0.8662777777777778,0.865888888888889,0.8679861111111113,0.8685694444444446,0.8698750000000001,0.8691527777777778,0.8727500000000001,0.8717222222222224,0.872388888888889,0.8727916666666667,0.8682777777777778,0.8698194444444446,0.8478888888888889
1497586439,10,0.7368875,0.7538375,0.7711749999999999,0.7930625,0.81205,0.8310625,0.8339625,0.8504,0.8556250000000001,0.8667625,0.8671875000000002,0.8704000000000001,0.8701625000000002,0.8720375000000001,0.8703625,0.876375,0.8750875000000001,0.8751000000000001,0.8754750000000001,0.8709000000000001,0.87195,0.8484875000000002
1497586439,11,0.7332272727272727,0.7496022727272728,0.7660113636363635,0.7894204545454545,0.8089999999999999,0.8285227272727272,0.831715909090909,0.8484999999999999,0.8543977272727271,0.8672727272727271,0.8673636363636362,0.8716590909090908,0.871431818181818,0.875306818181818,0.873215909090909,0.879556818181818,0.8780340909090908,0.878090909090909,0.8778749999999997,0.872590909090909,0.8739772727272727,0.8512386363636363
1497586439,12,0.7315729166666668,0.7481979166666666,0.7630208333333333,0.78603125,0.8054166666666667,0.8252291666666667,0.8288541666666668,0.8468125,0.853,0.8673125,0.8669166666666667,0.8726041666666666,0.8725208333333333,0.8769166666666667,0.87425,0.8790416666666666,0.8786770833333333,0.8794166666666666,0.88,0.8735625,0.8749791666666666,0.85171875
1497586439,13,0.7292211538461539,0.7457115384615386,0.7605673076923077,0.7826923076923078,0.802096153846154,0.8224807692307693,0.8260480769230771,0.8452019230769232,0.8522115384615386,0.8675096153846155,0.8671923076923078,0.8738557692307694,0.8739326923076923,0.8780576923076924,0.8752019230769232,0.8819615384615386,0.8804423076923078,0.8805865384615386,0.8811826923076924,0.8742211538461541,0.8753653846153847,0.8524903846153847
1497586439,14,0.7273660714285715,0.7432232142857143,0.7585982142857144,0.7812857142857144,0.8004821428571429,0.8209464285714286,0.8242946428571429,0.8442678571428572,0.8517678571428572,0.8669107142857144,0.8665000000000002,0.8746428571428573,0.8746160714285716,0.8790357142857145,0.8761160714285715,0.8826696428571429,0.8824196428571429,0.881544642857143,0.8816250000000001,0.8755714285714287,0.8769107142857144,0.8542410714285715
1497586439,15,0.7265583333333333,0.7416833333333334,0.7561666666666668,0.7792083333333334,0.7988166666666667,0.8191333333333335,0.8224000000000001,0.8427333333333333,0.8508333333333334,0.8662666666666667,0.8664750000000001,0.8751250000000003,0.8753500000000002,0.8800916666666668,0.877466666666667,0.8836000000000002,0.8835250000000002,0.8830416666666667,0.8835166666666668,0.87675,0.8784250000000002,0.8547416666666667
1497586439,16,0.7256875,0.741546875,0.7548828125,0.777578125,0.79678125,0.8171640625,0.8202265625,0.841453125,0.850109375,0.8662265625,0.866421875,0.875265625,0.8757890625,0.8811953125,0.8780390625,0.8847578125,0.8843828125,0.8837109375,0.884234375,0.8771484375,0.8784140625,0.855109375
1497586439,17,0.7244117647058823,0.7406544117647058,0.7533676470588235,0.7757867647058825,0.7948235294117647,0.8151985294117647,0.818419117647059,0.8396985294117647,0.848625,0.8659411764705883,0.8659779411764708,0.8750588235294119,0.8758161764705883,0.8815514705882354,0.8784926470588237,0.8855000000000001,0.8851617647058825,0.8839264705882354,0.8850367647058824,0.8776911764705883,0.8788970588235295,0.8549117647058825
1497586439,18,0.7235208333333334,0.7402222222222222,0.7525694444444446,0.7743333333333335,0.7934444444444446,0.8136875,0.8167569444444446,0.8393472222222222,0.8484861111111112,0.8664513888888891,0.8665069444444445,0.8758958333333335,0.8766736111111112,0.8821736111111111,0.8792777777777778,0.8861319444444445,0.8852083333333335,0.8842777777777778,0.8856111111111112,0.8781458333333335,0.8791597222222224,0.8554861111111111
1497586439,19,0.7235657894736842,0.740171052631579,0.7519407894736841,0.7733486842105263,0.7917697368421052,0.8126710526315788,0.8158486842105263,0.8383881578947369,0.8478223684210527,0.8658092105263159,0.8657171052631579,0.8765592105263158,0.8774605263157895,0.8827500000000001,0.8806184210526317,0.887671052631579,0.8861184210526316,0.885467105263158,0.8862434210526317,0.8790592105263159,0.8801381578947369,0.8562105263157895
1497586439,20,0.72284375,0.7396750000000001,0.7507062499999999,0.7719750000000002,0.7893625,0.8100750000000001,0.8135062499999999,0.8368125,0.8466750000000001,0.8653875000000001,0.86521875,0.8766875,0.87721875,0.8823812499999999,0.8804312499999999,0.8877437499999999,0.88679375,0.8867999999999999,0.8872125,0.87946875,0.88056875,0.85648125
1497586439,21,0.7227857142857143,0.7395833333333334,0.7503095238095239,0.7709345238095239,0.7877380952380953,0.8089345238095238,0.8118273809523809,0.8359702380952382,0.8458273809523811,0.8651904761904764,0.8646428571428572,0.8770297619047619,0.8775,0.883327380952381,0.8806130952380954,0.8885952380952382,0.8875238095238096,0.8874285714285716,0.8885178571428574,0.8809642857142858,0.8821964285714287,0.8569226190476191
1497586439,22,0.7226534090909091,0.7396022727272727,0.7497045454545455,0.7694659090909091,0.7866193181818183,0.8073806818181818,0.8102727272727273,0.834875,0.8446875,0.8646420454545455,0.8644602272727272,0.8769375,0.8774261363636364,0.8837329545454545,0.8808920454545455,0.8887329545454545,0.8879715909090908,0.8876022727272727,0.8884545454545455,0.8815511363636362,0.8828806818181818,0.8572159090909091
1497586439,23,0.7220652173913042,0.7396358695652174,0.7492826086956522,0.7687554347826088,0.7853097826086956,0.8064347826086956,0.8091902173913044,0.8339347826086956,0.8435271739130435,0.8637119565217392,0.8638804347826088,0.8765380434782609,0.877304347826087,0.8838097826086956,0.8813423913043478,0.8889673913043479,0.8882391304347825,0.8888858695652174,0.8890869565217391,0.8816956521739131,0.8837010869565217,0.857891304347826
1497586439,24,0.7214427083333332,0.7396822916666668,0.7490260416666666,0.7679322916666667,0.784421875,0.8051979166666667,0.8082552083333333,0.833453125,0.8429270833333332,0.8632083333333332,0.8632552083333332,0.8766770833333333,0.8770520833333334,0.8849947916666667,0.882046875,0.8898958333333332,0.8889270833333333,0.8890625,0.8896302083333334,0.8821302083333333,0.88384375,0.8580572916666668
1497586439,25,0.721325,0.7402000000000001,0.74937,0.7674650000000001,0.7832,0.80448,0.80749,0.8328900000000001,0.84267,0.863105,0.8629100000000001,0.8766649999999999,0.8773900000000001,0.885235,0.882105,0.890325,0.889125,0.8891350000000001,0.8898550000000001,0.882485,0.8840050000000002,0.858115
1497586439,26,0.7213605769230769,0.7406153846153847,0.7492884615384615,0.7670144230769231,0.7824519230769231,0.8036586538461538,0.8067596153846155,0.8325625000000001,0.8423365384615386,0.8630625000000001,0.8630817307692309,0.8769471153846156,0.8777740384615386,0.885658653846154,0.8824182692307694,0.8909903846153847,0.8902019230769231,0.8895625000000001,0.8906730769230771,0.8830384615384617,0.8843894230769233,0.858471153846154
1497586439,27,0.7217916666666667,0.7408425925925927,0.7494212962962963,0.7669259259259259,0.7814398148148147,0.8032314814814814,0.8060092592592593,0.8323796296296296,0.8425462962962963,0.8634259259259258,0.8630046296296296,0.8771944444444446,0.8783703703703704,0.8857453703703705,0.8826527777777778,0.8915231481481483,0.8904629629629629,0.8899027777777778,0.8909953703703705,0.8835185185185185,0.8850277777777779,0.8588564814814815
1497586439,28,0.7222053571428572,0.7413392857142856,0.7501116071428571,0.7668705357142858,0.7807991071428573,0.8024017857142858,0.8052544642857142,0.8316919642857142,0.8420267857142857,0.8630669642857142,0.8626919642857143,0.8771830357142857,0.8781785714285714,0.8859151785714284,0.8823928571428571,0.8919464285714286,0.8904508928571427,0.89015625,0.8912276785714285,0.8838482142857143,0.8850803571428572,0.8587901785714287
1497586439,29,0.7219827586206897,0.7415603448275861,0.7504568965517242,0.766780172413793,0.7801681034482758,0.8020646551724139,0.8045474137931035,0.8310431034482759,0.8414870689655172,0.8624568965517242,0.86225,0.8772025862068965,0.8779353448275862,0.8857887931034483,0.8823965517241379,0.8924525862068965,0.8907198275862068,0.890780172413793,0.8916681034482759,0.884125,0.8854913793103447,0.8590387931034482
1497586439,30,0.7224250000000001,0.7419125,0.7504541666666666,0.7665458333333334,0.7789,0.8014958333333334,0.8039000000000001,0.8305958333333333,0.8408041666666668,0.8619375000000002,0.8617041666666667,0.8772916666666667,0.8782333333333334,0.886325,0.8824625,0.8926208333333335,0.8911291666666669,0.8913958333333335,0.8921541666666668,0.8844333333333334,0.8858625000000002,0.8589958333333335
1497586439,31,0.7227983870967741,0.7421733870967742,0.7510403225806451,0.7665040322580644,0.7785,0.8007701612903224,0.8029435483870967,0.8299637096774193,0.840774193548387,0.8617459677419353,0.8612983870967742,0.8772177419354837,0.8780120967741935,0.8859112903225806,0.8819354838709677,0.8925806451612902,0.8909475806451612,0.8914354838709677,0.8922379032258063,0.8849032258064515,0.8863346774193548,0.8591774193548386
1497586439,32,0.72279296875,0.74244921875,0.75105859375,0.76654296875,0.77798828125,0.80036328125,0.8024609375,0.82976953125,0.84066015625,0.8615546875,0.86135546875,0.8772109375,0.87810546875,0.88598828125,0.88222265625,0.89277734375,0.891140625,0.8921015625,0.89279296875,0.88540625,0.88677734375,0.85931640625
1497586439,33,0.722780303030303,0.7428409090909092,0.7513901515151515,0.7666325757575757,0.7776553030303031,0.8002916666666665,0.802189393939394,0.829996212121212,0.8408863636363635,0.8614734848484848,0.8613219696969696,0.8770568181818182,0.8782916666666665,0.8858939393939392,0.8822348484848485,0.8929280303030301,0.8911742424242423,0.8918522727272726,0.8926439393939394,0.8853787878787879,0.8871325757575758,0.8590871212121213
1497586439,34,0.7229963235294117,0.7431948529411765,0.7513823529411765,0.7663786764705883,0.7771948529411765,0.7998161764705883,0.801764705882353,0.829433823529412,0.8405220588235295,0.8610183823529413,0.860683823529412,0.8772426470588236,0.8783345588235295,0.885933823529412,0.8820698529411766,0.8928382352941178,0.891279411764706,0.891856617647059,0.8926433823529414,0.8854742647058824,0.8871360294117648,0.8595220588235295
1497586439,35,0.723125,0.7437392857142857,0.7515857142857144,0.7663107142857143,0.7770107142857143,0.7997535714285716,0.801557142857143,0.8297714285714287,0.840582142857143,0.8613285714285716,0.8610142857142858,0.8775928571428573,0.8786392857142857,0.885932142857143,0.8820535714285715,0.892857142857143,0.8911714285714286,0.8921285714285716,0.8931321428571429,0.8855142857142858,0.8871428571428572,0.85945
1497586439,36,0.7232361111111111,0.7446944444444444,0.7519618055555556,0.76609375,0.7768680555555554,0.7995243055555555,0.80140625,0.8298229166666667,0.840579861111111,0.8612569444444444,0.86090625,0.87746875,0.8782986111111111,0.8859409722222221,0.88215625,0.8929722222222222,0.89159375,0.8924618055555554,0.8934340277777777,0.8861006944444445,0.8874201388888889,0.8598125
1497586439,37,0.7231114864864866,0.7448513513513513,0.7516756756756757,0.7657736486486486,0.7761486486486487,0.7987736486486487,0.8004020270270271,0.8294290540540542,0.8401587837837838,0.8607162162162163,0.860445945945946,0.8769594594594594,0.8778682432432433,0.8860608108108108,0.8818412162162163,0.8928614864864864,0.8913277027027027,0.892712837837838,0.8933986486486487,0.8862871621621623,0.887777027027027,0.8596689189189188
1497586439,38,0.723328947368421,0.7451118421052632,0.7518914473684211,0.7653782894736841,0.7758947368421053,0.7982368421052631,0.8000131578947369,0.8293453947368421,0.8400625,0.8606184210526316,0.8604276315789474,0.8771118421052632,0.8781513157894738,0.8859901315789472,0.8821776315789472,0.8934605263157893,0.8918914473684211,0.8927401315789473,0.8935855263157895,0.8864539473684211,0.8878486842105262,0.8593717105263157
1497586439,39,0.7235448717948718,0.7454679487179487,0.7521378205128205,0.7656121794871795,0.7753685897435898,0.7975608974358974,0.7997339743589744,0.8293141025641028,0.8399455128205129,0.8605641025641028,0.8602307692307692,0.8776634615384616,0.8786121794871796,0.8860833333333334,0.8823685897435898,0.8936538461538462,0.8921250000000002,0.8925705128205129,0.8936410256410259,0.8865833333333335,0.888121794871795,0.8596282051282053
1497586439,40,0.7231500000000001,0.7459187500000001,0.752571875,0.765740625,0.7749625000000001,0.7971875,0.799340625,0.8293843750000001,0.839975,0.8605125,0.8600749999999999,0.8776156249999999,0.8787250000000001,0.88626875,0.88218125,0.893915625,0.8922531250000001,0.89298125,0.8939125,0.8871031250000001,0.8886843750000001,0.85978125
1497586439,41,0.723030487804878,0.74625,0.7527987804878049,0.7659908536585367,0.7748719512195124,0.7969451219512196,0.7988201219512195,0.8294756097560976,0.8399420731707318,0.8604451219512196,0.8600884146341464,0.877628048780488,0.8788323170731708,0.8863292682926831,0.8824756097560976,0.8939573170731707,0.8923932926829268,0.8931676829268292,0.8941189024390245,0.8871463414634148,0.8887439024390245,0.859875
1497586439,42,0.7230386904761905,0.7467946428571429,0.7535386904761905,0.76625,0.7749732142857142,0.7969196428571429,0.7988482142857143,0.8297113095238097,0.8401815476190477,0.8606101190476192,0.8603392857142858,0.8776845238095239,0.8788630952380954,0.8866220238095239,0.8827976190476191,0.8946369047619049,0.8929166666666667,0.8936398809523811,0.8944880952380954,0.8874434523809526,0.8889107142857144,0.8602738095238096
1497586439,43,0.7229186046511626,0.7471308139534882,0.7538052325581395,0.7664069767441858,0.7748488372093022,0.7968808139534883,0.7988343023255812,0.8298343023255812,0.8402965116279069,0.8607093023255813,0.8601686046511627,0.8775988372093022,0.878752906976744,0.8870261627906977,0.8828604651162789,0.8946773255813952,0.8928691860465116,0.893845930232558,0.8945058139534883,0.8877412790697673,0.8892005813953487,0.8603313953488371
1497586439,44,0.722877840909091,0.7475255681818181,0.7543039772727272,0.7664261363636364,0.7749403409090909,0.7966448863636364,0.7987329545454545,0.830034090909091,0.8402897727272728,0.8606164772727273,0.8600198863636364,0.8776704545454546,0.8787272727272728,0.887340909090909,0.8831193181818181,0.8950142045454546,0.893153409090909,0.8942130681818181,0.895125,0.8880426136363637,0.8895170454545454,0.8606477272727272
1497586439,45,0.7229500000000001,0.7480444444444444,0.7546916666666668,0.7665333333333333,0.775,0.7967027777777778,0.798775,0.8303472222222222,0.8405777777777779,0.8608555555555556,0.8604444444444446,0.8777666666666669,0.8790250000000002,0.8875222222222223,0.8834000000000001,0.8954916666666668,0.8933750000000001,0.8943888888888889,0.8953361111111112,0.8882555555555557,0.8899194444444446,0.8608444444444446
1497586439,46,0.7232146739130435,0.7484646739130435,0.7551032608695653,0.7666114130434782,0.7748342391304347,0.7964483695652174,0.7986440217391305,0.8305788043478262,0.8405570652173913,0.8609239130434783,0.8602472826086957,0.877891304347826,0.8792364130434782,0.8876684782608695,0.8835190217391304,0.8956630434782608,0.8937853260869565,0.8947146739130435,0.8956766304347826,0.8887010869565217,0.8903070652173912,0.860804347826087
1497586439,47,0.7236382978723405,0.7490425531914894,0.7555984042553191,0.7669441489361702,0.7747952127659574,0.7964255319148935,0.7982446808510638,0.830561170212766,0.840752659574468,0.860875,0.8604813829787233,0.8778856382978725,0.8793164893617021,0.8877260638297872,0.8835239361702127,0.8959867021276595,0.8939787234042553,0.8949734042553191,0.8959095744680851,0.8888191489361702,0.8905744680851064,0.8610026595744681
1497586439,48,0.7239166666666668,0.7495104166666667,0.7562447916666667,0.7670338541666667,0.7749557291666668,0.7964088541666666,0.7983125,0.8306380208333334,0.8407526041666668,0.8608020833333334,0.8603880208333332,0.8779140625,0.8791979166666667,0.8874322916666667,0.8834453125,0.8958854166666667,0.8939427083333332,0.8949583333333333,0.8957708333333334,0.8888776041666667,0.8905364583333334,0.8608645833333334
1497586439,49,0.7240433673469387,0.7500841836734694,0.7567423469387755,0.7671683673469388,0.7750561224489795,0.7962551020408164,0.7981224489795918,0.8308520408163265,0.840795918367347,0.8609719387755104,0.8605306122448979,0.8780484693877552,0.8793341836734694,0.8875969387755103,0.883405612244898,0.8957397959183674,0.894,0.8950510204081634,0.8957729591836735,0.8887193877551021,0.8904821428571429,0.8608673469387754
1497586439,50,0.7238925,0.7501225,0.75713,0.767515,0.7750825,0.796615,0.7984450000000001,0.83111,0.8408375,0.86135,0.860855,0.8783150000000001,0.8795850000000001,0.8878299999999999,0.8837275,0.8960600000000001,0.8941950000000001,0.895225,0.8960174999999999,0.8889750000000002,0.8905475,0.8610599999999999
1497586439,51,0.7239901960784314,0.7505392156862746,0.7578823529411766,0.7676985294117648,0.7751299019607845,0.796610294117647,0.7980857843137256,0.8310612745098039,0.8408774509803922,0.8613970588235295,0.8608970588235295,0.8782303921568628,0.8798063725490197,0.8878455882352942,0.8838210784313726,0.8960759803921569,0.8941323529411765,0.8953504901960787,0.896044117647059,0.8890171568627452,0.8907181372549021,0.861029411764706
1497586439,52,0.7238509615384615,0.7508100961538462,0.7582716346153846,0.7677692307692308,0.7753557692307693,0.7965456730769231,0.7981177884615385,0.8311899038461538,0.8410360576923076,0.8613918269230769,0.8608846153846154,0.8784615384615384,0.8798990384615385,0.8879278846153845,0.8838245192307692,0.8964374999999999,0.89425,0.8955576923076923,0.8962884615384614,0.8891418269230769,0.8910673076923077,0.8613870192307693
1497586439,53,0.7239103773584905,0.7512193396226415,0.7586933962264152,0.7680495283018869,0.7754504716981132,0.7965141509433963,0.7979740566037736,0.8313632075471699,0.8410353773584904,0.8616155660377359,0.8610707547169811,0.8786344339622643,0.8802028301886792,0.8884504716981132,0.8841792452830188,0.8967806603773586,0.8947264150943397,0.8955542452830189,0.8964646226415094,0.8893844339622642,0.891183962264151,0.8615259433962265
1497586439,54,0.7236736111111111,0.7514120370370372,0.7592962962962964,0.7683263888888888,0.7756111111111111,0.7967060185185185,0.7983611111111111,0.8319768518518519,0.841425925925926,0.861900462962963,0.861273148148148,0.8787731481481482,0.8805023148148149,0.888675925925926,0.8846388888888889,0.8970555555555555,0.8951574074074075,0.8958587962962963,0.8967083333333333,0.8898449074074075,0.8915648148148148,0.8617060185185185
1497586439,55,0.7234136363636363,0.7515727272727272,0.7597045454545455,0.7684386363636363,0.7757590909090909,0.7966613636363636,0.7983136363636363,0.8321454545454545,0.8415909090909091,0.8620681818181818,0.8614227272727271,0.8788340909090907,0.880631818181818,0.8888181818181817,0.8848431818181818,0.8972886363636363,0.8952681818181818,0.8960181818181818,0.8968545454545453,0.8900727272727272,0.8917477272727271,0.861790909090909
1497586439,56,0.7232433035714285,0.7517254464285714,0.7600066964285714,0.76859375,0.7758415178571428,0.7966919642857142,0.7983236607142857,0.832375,0.8416116071428572,0.8621986607142857,0.8615736607142858,0.8790558035714287,0.8807879464285713,0.888859375,0.8849330357142858,0.8974241071428571,0.8955267857142857,0.8963080357142856,0.8971205357142857,0.8901138392857142,0.891953125,0.8618013392857143
1497586439,57,0.7229714912280701,0.751936403508772,0.7602017543859649,0.7685460526315789,0.7757982456140351,0.7967302631578947,0.7983552631578947,0.8324583333333333,0.8417675438596491,0.8623245614035087,0.8616688596491229,0.8792741228070174,0.8809035087719299,0.8890219298245613,0.8849627192982455,0.897688596491228,0.8957149122807018,0.8963574561403509,0.8974013157894738,0.8903355263157894,0.8923004385964912,0.8619232456140351
1497586439,58,0.7225991379310345,0.752010775862069,0.7603685344827587,0.7686918103448277,0.7759849137931035,0.7968340517241379,0.7984116379310344,0.8326034482758621,0.8418922413793104,0.8625064655172414,0.8616961206896551,0.8794741379310345,0.8811616379310344,0.889394396551724,0.8850711206896551,0.8979633620689654,0.895896551724138,0.8965905172413793,0.897581896551724,0.890551724137931,0.8923943965517241,0.8621206896551723
1497586439,59,0.7222966101694915,0.7522605932203389,0.7608495762711864,0.7687902542372882,0.7762097457627118,0.797,0.7985614406779662,0.8328559322033898,0.842082627118644,0.8628580508474577,0.8621440677966102,0.8798156779661017,0.8815699152542372,0.8895699152542372,0.8853114406779662,0.898,0.8961991525423728,0.89675,0.8976970338983051,0.8907224576271187,0.8925423728813558,0.8621970338983052
1497586439,60,0.7221854166666667,0.75246875,0.7613249999999999,0.7690104166666667,0.7765333333333333,0.79729375,0.7988208333333333,0.83325,0.8422979166666666,0.86309375,0.8623791666666666,0.879975,0.8816395833333334,0.8895958333333333,0.8853083333333334,0.8980687499999999,0.8962770833333334,0.89688125,0.8975708333333332,0.8907333333333334,0.8927187499999999,0.8622041666666667
1497586439,61,0.7219159836065574,0.7527295081967214,0.7618340163934426,0.7691885245901638,0.7766967213114754,0.7974282786885245,0.7988053278688525,0.8334098360655737,0.8423872950819672,0.8630430327868853,0.8623647540983607,0.8800204918032787,0.8817950819672131,0.8896639344262295,0.8854446721311476,0.8981659836065573,0.896389344262295,0.8968155737704918,0.8976127049180328,0.8908954918032788,0.8927459016393443,0.8622786885245902
1497586439,62,0.7216512096774192,0.7527358870967742,0.7621008064516129,0.7693205645161291,0.7766834677419355,0.7974213709677419,0.7988145161290322,0.8336391129032258,0.8425625,0.8632056451612903,0.8624193548387097,0.8801290322580645,0.8818447580645161,0.889875,0.8856774193548387,0.8983044354838708,0.8965262096774193,0.896991935483871,0.8977782258064516,0.8911673387096773,0.8929314516129032,0.8625120967741934
1497586439,63,0.7211845238095238,0.7527321428571428,0.7624007936507936,0.7694146825396826,0.7767956349206351,0.797438492063492,0.7988035714285716,0.8336269841269842,0.8425734126984128,0.8630615079365079,0.862279761904762,0.8802420634920636,0.8820218253968255,0.889952380952381,0.885825396825397,0.8983869047619049,0.8967123015873016,0.8970813492063494,0.8979146825396827,0.8914841269841272,0.8930952380952383,0.8625853174603176
1497586439,64,0.72101171875,0.752734375,0.762689453125,0.769482421875,0.776810546875,0.797478515625,0.798751953125,0.833791015625,0.842546875,0.863009765625,0.8622578125,0.88035546875,0.882078125,0.890125,0.8856484375,0.8984765625,0.896744140625,0.8971875,0.89811328125,0.89156640625,0.893291015625,0.8624921875
1497586439,65,0.7205288461538462,0.7527711538461539,0.76275,0.7695692307692308,0.7766711538461539,0.7976038461538463,0.7987019230769232,0.8338288461538463,0.8425326923076925,0.8630365384615386,0.8623096153846155,0.8805615384615386,0.8824576923076924,0.890169230769231,0.8859326923076923,0.8984615384615386,0.8966884615384617,0.8972269230769233,0.8980423076923079,0.8914230769230771,0.8930750000000002,0.8624769230769231
1497586439,66,0.7202973484848485,0.7528276515151515,0.7629602272727273,0.7695700757575757,0.7766818181818183,0.7977878787878787,0.7988181818181818,0.8340359848484847,0.8426666666666667,0.8631515151515151,0.8622575757575757,0.8807045454545454,0.8825416666666667,0.8904640151515151,0.8861022727272727,0.8987613636363636,0.8969412878787879,0.8973125,0.8983049242424243,0.8916931818181818,0.8934109848484848,0.8624185606060605
1497586439,67,0.7200541044776119,0.7529067164179105,0.7631324626865672,0.7697537313432835,0.7768526119402985,0.7982145522388059,0.7992014925373134,0.8342220149253731,0.8428376865671642,0.8634533582089553,0.8626044776119404,0.880875,0.8828376865671642,0.890839552238806,0.8863880597014926,0.8989794776119404,0.8971473880597016,0.8976119402985074,0.8984197761194029,0.8919141791044777,0.8936231343283583,0.8624664179104478
1497586439,68,0.7196636029411765,0.7529503676470588,0.7634558823529413,0.7700661764705883,0.7770919117647058,0.7984025735294117,0.7994264705882352,0.8344393382352941,0.8430992647058824,0.8635404411764707,0.8628860294117646,0.881,0.8830716911764707,0.8910919117647058,0.8865735294117646,0.8992242647058823,0.897358455882353,0.8976819852941176,0.8984797794117646,0.8919227941176471,0.8937830882352942,0.8624466911764705
1497586439,69,0.7192952898550725,0.7528713768115942,0.7637916666666666,0.7700760869565217,0.7770996376811595,0.798643115942029,0.7995851449275363,0.8347626811594202,0.8432282608695653,0.8639619565217391,0.8632173913043478,0.8811141304347826,0.8831394927536232,0.8912119565217391,0.8869148550724637,0.8993586956521739,0.8973913043478261,0.8978586956521739,0.8986467391304348,0.8920289855072464,0.8939184782608695,0.8623586956521738
1497586439,70,0.7190035714285714,0.7528089285714287,0.7640107142857143,0.7703053571428572,0.7772267857142858,0.7987803571428571,0.7996553571428572,0.8350125,0.8434392857142858,0.8640982142857143,0.8634642857142859,0.8813285714285716,0.8834000000000001,0.8914625,0.8870892857142859,0.8996732142857145,0.897764285714286,0.8980410714285715,0.8988803571428574,0.8921214285714287,0.8940571428571429,0.862519642857143
1497586439,71,0.7189154929577465,0.7528133802816901,0.7641056338028168,0.7705,0.7774841549295775,0.7991091549295775,0.7998573943661971,0.8352887323943662,0.8437218309859154,0.8642957746478873,0.8636795774647887,0.8816619718309859,0.8837024647887324,0.8917676056338028,0.8873468309859155,0.8999242957746478,0.898281690140845,0.8983943661971829,0.8990510563380281,0.8922764084507041,0.8941883802816901,0.8624559859154929
1497586439,72,0.7186788194444444,0.7527743055555555,0.7642274305555555,0.77071875,0.7777256944444445,0.7993454861111111,0.80003125,0.835482638888889,0.8438315972222221,0.8645173611111112,0.8638142361111111,0.8819114583333334,0.8838576388888889,0.8918819444444445,0.8876666666666666,0.9002395833333334,0.8984826388888889,0.8985052083333332,0.8993923611111111,0.8924201388888889,0.8944427083333333,0.8624947916666668
1497586439,73,0.7185393835616438,0.7528955479452054,0.7643184931506849,0.7708116438356164,0.7778972602739725,0.799373287671233,0.800166095890411,0.8356952054794521,0.8437893835616437,0.8646421232876712,0.8638510273972602,0.8819811643835617,0.8840821917808219,0.8918955479452054,0.8876797945205479,0.9004126712328766,0.8985479452054794,0.8985856164383561,0.8994828767123287,0.8923664383561642,0.8943253424657535,0.8624657534246575
1497586439,74,0.7182753378378378,0.7529121621621621,0.7645574324324325,0.7708209459459459,0.7780743243243242,0.7995945945945946,0.8003665540540541,0.8359797297297298,0.8439763513513514,0.8648783783783783,0.8640641891891891,0.8821773648648649,0.8843277027027027,0.8919611486486487,0.8877820945945946,0.9006773648648648,0.8987618243243244,0.8987567567567567,0.8997212837837838,0.8926469594594595,0.8945996621621621,0.8624763513513513
1497586439,75,0.7180016666666666,0.7526016666666666,0.7646566666666665,0.7708033333333333,0.778105,0.7996666666666666,0.8006133333333334,0.8360783333333334,0.8441133333333334,0.8649683333333333,0.8641966666666667,0.8824266666666667,0.88459,0.892135,0.8878916666666666,0.90078,0.8989066666666667,0.8988433333333333,0.8997583333333332,0.892675,0.8945500000000001,0.8624066666666667
1497586439,76,0.7177911184210527,0.7524144736842105,0.7647680921052631,0.7708898026315789,0.7782779605263158,0.79990625,0.8007417763157895,0.8364654605263159,0.8442796052631579,0.8651134868421052,0.8642845394736841,0.8826924342105263,0.884922697368421,0.8923799342105263,0.8880542763157895,0.9010197368421052,0.89915625,0.8990049342105263,0.9000082236842105,0.8928569078947369,0.8946792763157895,0.8623470394736843
1497586439,77,0.7176818181818181,0.752284090909091,0.7647207792207792,0.7708262987012987,0.7783847402597402,0.8000503246753247,0.8009610389610389,0.8366574675324675,0.8443198051948052,0.8652743506493505,0.8643603896103895,0.8829285714285713,0.8851607142857142,0.8926931818181818,0.8883814935064934,0.9013116883116882,0.8994918831168831,0.899241883116883,0.9002694805194804,0.8929902597402596,0.8949042207792206,0.8627045454545452
1497586439,78,0.7174903846153847,0.752125,0.764883012820513,0.7708782051282052,0.7785608974358975,0.800394230769231,0.8012451923076924,0.8370400641025642,0.8444487179487181,0.8653044871794873,0.8645689102564104,0.8831698717948719,0.8853878205128205,0.8928237179487182,0.888584935897436,0.9014134615384617,0.8995112179487181,0.8991538461538463,0.9002163461538464,0.8930336538461541,0.8950000000000002,0.8626490384615386
1497586439,79,0.7170806962025317,0.7518085443037975,0.764993670886076,0.7708481012658228,0.7785474683544303,0.8007231012658227,0.8014382911392404,0.8372658227848101,0.8444762658227848,0.8654999999999999,0.8646613924050632,0.8833243670886075,0.8855363924050632,0.8929699367088606,0.8886645569620252,0.9015205696202531,0.899517405063291,0.8991123417721517,0.9001756329113924,0.8930522151898732,0.8949746835443037,0.8626234177215188
1497586439,80,0.7169734375000001,0.751728125,0.7652234375,0.7709750000000001,0.7786875,0.8010984375000001,0.8016421875,0.8375265624999999,0.8445484375,0.86558125,0.86473125,0.8835125,0.8857406250000002,0.8931046874999999,0.888828125,0.9016296875,0.8998046875,0.8993328125000001,0.900203125,0.893284375,0.895090625,0.8626484375
1497586439,81,0.7166728395061728,0.7515570987654321,0.765408950617284,0.770929012345679,0.7787901234567901,0.8012608024691358,0.8018518518518518,0.837875,0.8447962962962963,0.8657237654320988,0.8649182098765432,0.8837283950617284,0.8860293209876543,0.8931435185185185,0.888962962962963,0.9018132716049383,0.899949074074074,0.8994583333333332,0.9002947530864198,0.893287037037037,0.8951666666666667,0.8626342592592594
1497586439,82,0.7163521341463416,0.7515121951219512,0.7656295731707317,0.7710716463414634,0.7790106707317073,0.8016143292682928,0.8021996951219512,0.8380655487804878,0.8449420731707318,0.8658704268292684,0.8650198170731708,0.883704268292683,0.8861310975609756,0.8932256097560975,0.8891341463414635,0.9018871951219513,0.900185975609756,0.8994435975609756,0.9002896341463416,0.8932881097560976,0.895219512195122,0.8625990853658536
1497586439,83,0.7161475903614457,0.7514804216867469,0.7660015060240964,0.7712846385542168,0.7793268072289157,0.8020346385542169,0.8025677710843373,0.8383328313253012,0.8452289156626505,0.8660030120481927,0.8651204819277108,0.8838012048192772,0.8861746987951807,0.8934171686746988,0.8892786144578313,0.9019683734939759,0.9003689759036144,0.8996009036144578,0.9004096385542169,0.8934367469879517,0.8952545180722891,0.8626009036144578
1497586439,84,0.715875,0.7514791666666667,0.766233630952381,0.7714092261904761,0.7795282738095238,0.8023958333333333,0.8029047619047619,0.838654761904762,0.8452127976190477,0.8661264880952381,0.8652083333333332,0.8839196428571429,0.8862946428571429,0.8935818452380951,0.8893184523809523,0.9021919642857142,0.9005059523809524,0.8998482142857143,0.9006443452380952,0.8934627976190476,0.8953333333333332,0.8624866071428571
1497586439,85,0.7156367647058823,0.7514323529411765,0.7664470588235295,0.771664705882353,0.7798735294117648,0.8026823529411765,0.8032294117647059,0.8389191176470591,0.8453500000000002,0.8662985294117649,0.8653411764705884,0.8842147058823531,0.8864441176470589,0.8937411764705885,0.8894720588235295,0.9022529411764708,0.9005691176470589,0.8998602941176472,0.9006970588235295,0.8937058823529413,0.8952823529411766,0.8624970588235296
1497586439,86,0.7153968023255813,0.7513415697674418,0.7666177325581396,0.7719084302325582,0.780140988372093,0.8030857558139535,0.8036264534883721,0.8392063953488372,0.8455930232558141,0.8663343023255814,0.8654316860465117,0.8842383720930234,0.8865450581395351,0.8936191860465117,0.8896279069767443,0.9023226744186047,0.9006133720930234,0.8997747093023256,0.9006758720930234,0.8936584302325582,0.8952950581395349,0.8622921511627908
1497586439,87,0.7150718390804598,0.7512629310344828,0.7667787356321839,0.7719899425287355,0.7803160919540231,0.803412356321839,0.8038649425287356,0.839515804597701,0.8460057471264367,0.8665847701149424,0.8656350574712643,0.8845114942528735,0.8868477011494252,0.8937701149425287,0.8897859195402298,0.9025,0.9007011494252873,0.8999252873563217,0.9007212643678161,0.8937758620689655,0.8954813218390805,0.862360632183908
1497586439,88,0.7150625,0.7512102272727272,0.7668948863636363,0.7722017045454546,0.7804971590909091,0.8036392045454545,0.8041306818181819,0.8397798295454545,0.8462144886363636,0.8668323863636362,0.8657883522727273,0.8846448863636363,0.8870241477272728,0.8939488636363636,0.8898607954545456,0.9026335227272727,0.9008650568181817,0.9000838068181819,0.9009190340909091,0.8939801136363636,0.895674715909091,0.8624048295454545
1497586439,89,0.7149115168539326,0.7511502808988764,0.7669887640449439,0.7724157303370787,0.7808005617977528,0.8040421348314607,0.8044157303370786,0.8399705056179776,0.8463735955056179,0.8669915730337079,0.8659887640449437,0.8848932584269663,0.8872949438202247,0.8941081460674157,0.8899662921348315,0.9027724719101123,0.9010154494382022,0.9000505617977528,0.9009971910112361,0.8941348314606742,0.8957570224719102,0.8624873595505619
1497586439,90,0.7146930555555556,0.7511194444444446,0.7670402777777777,0.7727736111111112,0.7809277777777779,0.8042236111111113,0.8046444444444445,0.8402791666666668,0.8465527777777779,0.8672013888888889,0.8661708333333333,0.8851472222222223,0.8875361111111113,0.8943777777777779,0.8902666666666668,0.9030416666666667,0.9012597222222224,0.9001694444444447,0.9011847222222223,0.894276388888889,0.8959083333333335,0.8625458333333335
1497586439,91,0.7145796703296703,0.7510508241758242,0.7671318681318682,0.7729395604395604,0.7811346153846155,0.8045164835164836,0.804907967032967,0.8405521978021979,0.8466359890109891,0.8673063186813188,0.8662129120879122,0.8852747252747255,0.8877500000000003,0.8945508241758243,0.8903324175824178,0.9029945054945057,0.9013118131868132,0.9002032967032967,0.9011675824175825,0.8942486263736265,0.8958173076923078,0.8623351648351649
1497586439,92,0.7143396739130435,0.7509932065217391,0.7671141304347827,0.7730842391304348,0.7812961956521739,0.8047065217391305,0.8050910326086956,0.840695652173913,0.8467160326086958,0.867351902173913,0.8661548913043478,0.8854035326086956,0.8878872282608695,0.8946671195652174,0.8905625000000001,0.9031875,0.901445652173913,0.900203804347826,0.9012282608695652,0.8942133152173912,0.8958464673913044,0.862366847826087
1497586439,93,0.7141680107526882,0.750994623655914,0.7671088709677419,0.7731881720430108,0.7814126344086021,0.8049637096774193,0.8052352150537634,0.8408602150537633,0.8468091397849462,0.8673521505376344,0.8662661290322581,0.8856801075268815,0.8880752688172041,0.894888440860215,0.8907862903225805,0.9033682795698924,0.9017352150537633,0.9004395161290322,0.9013911290322579,0.8943118279569892,0.8961196236559139,0.8625604838709676
1497586439,94,0.7139707446808511,0.7508523936170214,0.7670797872340426,0.7732539893617021,0.7815851063829786,0.8052553191489361,0.8056648936170213,0.8412699468085106,0.8470531914893616,0.8675811170212767,0.866436170212766,0.886063829787234,0.8884547872340426,0.8950877659574469,0.8911303191489363,0.9037632978723404,0.9021569148936172,0.9007819148936171,0.9017686170212765,0.8945638297872341,0.8964481382978724,0.8626502659574469
1497586439,95,0.7138118421052632,0.7507394736842106,0.7671644736842105,0.7732723684210525,0.7817947368421053,0.8055,0.805957894736842,0.841542105263158,0.8473368421052633,0.8677763157894738,0.8666565789473684,0.8863526315789474,0.8888434210526316,0.8952315789473685,0.8914263157894736,0.9039631578947369,0.9024763157894736,0.9009565789473685,0.9019460526315788,0.8946802631578947,0.8964381578947368,0.8626736842105263
1497586439,96,0.7136145833333333,0.75067578125,0.76734765625,0.7733268229166667,0.7818411458333333,0.8058151041666666,0.8062395833333332,0.8418059895833334,0.8475104166666667,0.86782421875,0.8667421875,0.8866263020833333,0.8890091145833332,0.8953841145833332,0.8916471354166666,0.9042552083333334,0.9027239583333333,0.9010143229166667,0.90213671875,0.89480078125,0.896546875,0.8627955729166668
1497586439,97,0.7135786082474226,0.7505966494845361,0.7674162371134022,0.7733118556701031,0.7819239690721649,0.806020618556701,0.8065296391752579,0.8420309278350516,0.8477177835051547,0.867895618556701,0.8668698453608248,0.8868041237113402,0.8892757731958764,0.8955115979381444,0.8918067010309281,0.9044909793814434,0.9028685567010312,0.9011301546391755,0.9021855670103095,0.8948634020618558,0.8967268041237114,0.862765463917526
1497586439,98,0.713561224489796,0.7506760204081633,0.7674936224489797,0.7734438775510205,0.7822002551020407,0.8063941326530613,0.8067448979591836,0.8421428571428571,0.8479234693877552,0.868140306122449,0.8671096938775511,0.8870344387755104,0.8895191326530612,0.8958609693877552,0.8921568877551022,0.9048214285714287,0.9030841836734694,0.9013073979591837,0.9023290816326531,0.8950956632653061,0.8967857142857142,0.8628380102040817
1497586439,99,0.7133497474747474,0.7506060606060605,0.7675984848484848,0.7735151515151515,0.7823308080808081,0.8066325757575757,0.8070454545454545,0.8424431818181818,0.8481603535353536,0.8682752525252524,0.8672689393939393,0.8871578282828282,0.8896338383838384,0.8960454545454545,0.8923320707070707,0.9049583333333334,0.9031919191919192,0.9013358585858586,0.9022815656565656,0.8951426767676768,0.8968762626262626,0.8628459595959596
1497586439,100,0.7131587500000001,0.7504850000000002,0.7675625,0.7734837500000001,0.78242,0.80669375,0.8072075,0.84263,0.8482274999999999,0.8684812500000001,0.86740125,0.8873275,0.88990375,0.89621125,0.89256375,0.90514625,0.9033525000000001,0.9015162499999999,0.90250375,0.8953450000000001,0.8969937499999998,0.86288875
1497586439,101,0.7129220297029704,0.7502846534653466,0.7676175742574257,0.7735915841584159,0.7827054455445546,0.8070519801980199,0.8074826732673267,0.8429059405940595,0.848391089108911,0.8686113861386139,0.8676126237623764,0.8875532178217822,0.8901881188118812,0.8963799504950496,0.8928267326732674,0.9054257425742575,0.9036299504950496,0.9017091584158416,0.9026806930693069,0.8955841584158417,0.8971200495049506,0.862930693069307
1497586439,102,0.7126936274509803,0.7502328431372549,0.7675943627450981,0.7735906862745099,0.7828357843137256,0.8072806372549021,0.8077352941176473,0.8430674019607844,0.8485416666666667,0.8687855392156865,0.8677414215686277,0.8877267156862747,0.8902181372549021,0.8964620098039218,0.8928149509803923,0.9054620098039218,0.9036397058823532,0.9018786764705884,0.9028198529411766,0.895669117647059,0.8973002450980393,0.8627830882352943
1497586439,103,0.712498786407767,0.7501116504854368,0.7676019417475727,0.7736225728155339,0.7830230582524271,0.8075849514563106,0.8078458737864076,0.8432475728155339,0.8485606796116504,0.8689866504854368,0.8678531553398058,0.8878604368932039,0.8904429611650485,0.8965133495145631,0.8929223300970873,0.9055157766990292,0.903871359223301,0.9019186893203883,0.902992718446602,0.8957463592233009,0.8973932038834952,0.8627657766990292
1497586439,104,0.7122992788461538,0.7500372596153846,0.7676526442307693,0.7734555288461538,0.7831742788461538,0.8077896634615385,0.8079987980769231,0.8434038461538462,0.8486670673076924,0.8691454326923077,0.8680168269230769,0.8880264423076922,0.8905925480769231,0.8966189903846155,0.8930697115384616,0.905671875,0.9041129807692307,0.9020108173076924,0.9031021634615385,0.8958317307692307,0.8974519230769231,0.862828125
1497586439,105,0.7121380952380952,0.7499964285714287,0.7676309523809524,0.7735607142857143,0.7834654761904762,0.8081571428571429,0.8083238095238096,0.8436976190476191,0.8490059523809526,0.8692261904761905,0.8681809523809525,0.8882666666666669,0.890759523809524,0.896734523809524,0.8932535714285716,0.9059130952380954,0.9043166666666669,0.902179761904762,0.903234523809524,0.8959642857142859,0.897607142857143,0.8628714285714286
1497586439,106,0.7119681603773584,0.7499174528301886,0.7677122641509434,0.7735778301886793,0.7835978773584905,0.8085200471698114,0.8087158018867924,0.8440495283018867,0.8491639150943397,0.8694905660377359,0.8684127358490566,0.8886356132075472,0.8911627358490566,0.8970896226415095,0.893558962264151,0.9061344339622642,0.9046143867924529,0.9024752358490566,0.9034575471698114,0.8961367924528303,0.8977794811320755,0.8629492924528301
1497586439,107,0.7117032710280373,0.7499158878504673,0.7678165887850468,0.7736308411214954,0.7838352803738317,0.8086845794392523,0.8090245327102804,0.8443457943925233,0.8493796728971962,0.8697640186915887,0.8686226635514019,0.8889380841121496,0.8915420560747663,0.8972371495327102,0.8937219626168224,0.9064240654205608,0.9048189252336448,0.9027908878504673,0.9036717289719627,0.896285046728972,0.8978901869158878,0.863089953271028
1497586439,108,0.7115520833333333,0.7497604166666667,0.7678194444444445,0.7737847222222222,0.7840833333333334,0.8090185185185185,0.80940625,0.8444965277777778,0.8495914351851852,0.8698888888888889,0.8687789351851852,0.8891284722222221,0.8917615740740741,0.8973912037037037,0.8939641203703703,0.9066736111111111,0.9050405092592593,0.9028298611111111,0.9038414351851852,0.896383101851852,0.8980034722222223,0.863037037037037
1497586439,109,0.7113692660550459,0.7496433486238532,0.7678417431192661,0.7739552752293578,0.7843532110091743,0.8092970183486239,0.8097660550458715,0.8448119266055046,0.8498314220183486,0.8699667431192661,0.8689197247706423,0.8892889908256879,0.8919977064220184,0.8975779816513761,0.8941983944954129,0.9068061926605504,0.9052935779816514,0.903006880733945,0.9039277522935779,0.8964965596330275,0.8981215596330275,0.8631364678899083
1497586439,110,0.7110772727272726,0.7495954545454546,0.7678840909090909,0.7739568181818182,0.7844909090909091,0.8094920454545455,0.8100113636363637,0.8449602272727272,0.85,0.8700977272727272,0.8689784090909091,0.8894295454545454,0.8921284090909092,0.8976897727272727,0.8943136363636363,0.9069090909090909,0.9054181818181819,0.9031022727272727,0.9040897727272728,0.8966613636363636,0.8981965909090909,0.8631272727272727
1497586439,111,0.7107849099099098,0.7494335585585586,0.7678941441441441,0.7741182432432432,0.7847207207207207,0.8097804054054054,0.810231981981982,0.8452027027027027,0.8501261261261261,0.8701351351351352,0.8690585585585586,0.8896554054054054,0.8922860360360361,0.8977601351351352,0.8944087837837837,0.9070506756756757,0.905570945945946,0.9032150900900902,0.9042421171171171,0.8967060810810812,0.8982072072072073,0.8631463963963965
1497586439,112,0.7105357142857144,0.7492845982142857,0.7678515625,0.7742008928571429,0.7848872767857142,0.8099352678571428,0.8105011160714286,0.8453950892857143,0.8502622767857142,0.8702366071428571,0.8690881696428571,0.8897533482142858,0.8923560267857142,0.897890625,0.8944564732142857,0.9071964285714287,0.9056316964285713,0.9033080357142856,0.9043738839285714,0.8967578125,0.8983013392857142,0.8631294642857142
1497586439,113,0.7102389380530973,0.7489590707964601,0.7679048672566371,0.7743263274336283,0.7851117256637167,0.8101935840707964,0.8106991150442477,0.8455995575221239,0.8504988938053097,0.8703761061946902,0.8692013274336283,0.8899745575221238,0.892679203539823,0.8980221238938052,0.8946073008849558,0.9074181415929204,0.9058694690265486,0.9033219026548672,0.9043827433628319,0.8967610619469026,0.8982809734513274,0.8631935840707965
1497586439,114,0.7100844298245614,0.7489133771929825,0.7679133771929824,0.7743256578947368,0.7852258771929823,0.8103366228070176,0.8109067982456141,0.8457313596491228,0.8505833333333332,0.8704035087719298,0.8692258771929824,0.8900339912280701,0.8927993421052631,0.8981502192982456,0.8948728070175439,0.9076392543859649,0.9060910087719298,0.9033651315789474,0.9044736842105262,0.8968355263157894,0.8983936403508771,0.8631217105263158
1497586439,115,0.7099065217391304,0.748829347826087,0.7679684782608694,0.7744260869565217,0.7855336956521739,0.8106423913043477,0.8112,0.8460717391304347,0.850858695652174,0.8705641304347825,0.8693304347826087,0.8902152173913044,0.8929489130434782,0.8983565217391304,0.8951032608695653,0.9078021739130434,0.9062902173913044,0.9035315217391304,0.9046054347826087,0.8970141304347826,0.8985586956521739,0.8631597826086956
1497586439,116,0.7096045258620688,0.7486928879310345,0.7678459051724138,0.7744450431034483,0.7857122844827586,0.810876077586207,0.81140625,0.8462058189655172,0.8510484913793104,0.8705797413793104,0.8693987068965517,0.8904310344827586,0.8931519396551725,0.8985355603448276,0.8952025862068965,0.9079903017241379,0.9064956896551725,0.9036487068965519,0.9047316810344828,0.897165948275862,0.8986519396551724,0.8631875
1497586439,117,0.7093771367521368,0.7484967948717949,0.7679326923076923,0.7745865384615385,0.7860032051282052,0.8112297008547009,0.8117339743589743,0.846380341880342,0.8511485042735044,0.870732905982906,0.8695459401709402,0.8905544871794873,0.8933194444444446,0.8986741452991455,0.8953878205128206,0.9081388888888892,0.9066997863247865,0.9037884615384617,0.9049134615384616,0.8973162393162395,0.8987777777777779,0.8631752136752139
1497586439,118,0.709219279661017,0.7484025423728814,0.7679502118644068,0.7746430084745762,0.7861461864406781,0.8114841101694915,0.8119120762711864,0.8465190677966102,0.8511334745762712,0.8707680084745762,0.8696144067796611,0.8907436440677966,0.8934417372881355,0.8988802966101694,0.8955497881355932,0.9083029661016949,0.9068802966101694,0.9038972457627119,0.9050794491525423,0.8973813559322034,0.8987722457627119,0.8632351694915253
1497586439,119,0.7090493697478991,0.7482394957983194,0.7679149159663866,0.7747720588235295,0.7864033613445379,0.8116712184873951,0.8121029411764707,0.846623949579832,0.8512342436974791,0.8708487394957984,0.8696974789915968,0.8908728991596641,0.8936575630252103,0.898965336134454,0.8956806722689078,0.908484243697479,0.9070241596638657,0.9039705882352944,0.9051638655462186,0.8974002100840337,0.8987899159663866,0.8631995798319329
1497586439,120,0.7088104166666667,0.7481583333333333,0.7679187500000001,0.77470625,0.7864770833333333,0.811853125,0.8123208333333334,0.8467791666666667,0.8513166666666666,0.8710093750000001,0.8698052083333333,0.8911281249999999,0.8938791666666666,0.8991437499999999,0.8958041666666666,0.9086697916666667,0.9072604166666668,0.90415625,0.905340625,0.8975739583333333,0.8989416666666666,0.8632218749999999
1497586439,121,0.7085599173553719,0.7480361570247934,0.7678047520661158,0.7746342975206612,0.7865578512396695,0.8119783057851239,0.8124214876033058,0.8469070247933883,0.8513966942148761,0.8710072314049587,0.8699576446280992,0.8912623966942149,0.893952479338843,0.8992365702479339,0.8959690082644628,0.908702479338843,0.9073243801652893,0.904297520661157,0.9053729338842975,0.8975743801652893,0.8989638429752066,0.8631518595041323
1497586439,122,0.7082725409836066,0.7480522540983606,0.767795081967213,0.7747807377049181,0.7867581967213115,0.8121895491803278,0.8126772540983607,0.8470040983606557,0.851577868852459,0.8711608606557377,0.870107581967213,0.8914323770491803,0.8941229508196722,0.8993022540983606,0.8961895491803279,0.9088329918032787,0.907375,0.9043340163934427,0.9053975409836065,0.8976321721311475,0.8989631147540983,0.8630717213114755
1497586439,123,0.7080792682926829,0.7478871951219512,0.7677113821138212,0.7748058943089432,0.786994918699187,0.8124085365853659,0.8129684959349593,0.84717581300813,0.8516900406504065,0.8712520325203252,0.8701778455284553,0.8916056910569106,0.8942591463414634,0.8994065040650407,0.8963150406504066,0.9089349593495936,0.90752337398374,0.9043556910569106,0.9054410569105692,0.8976036585365854,0.8989888211382114,0.8630264227642276
1497586439,124,0.70790625,0.7477298387096774,0.7677338709677419,0.7748225806451613,0.7871784274193548,0.812601814516129,0.813226814516129,0.8473558467741935,0.8518427419354839,0.8713004032258066,0.8702056451612903,0.8918699596774192,0.8945191532258064,0.8995433467741937,0.8965574596774193,0.9090725806451613,0.9077006048387097,0.9044667338709678,0.9055534274193549,0.8976764112903226,0.8990997983870969,0.8629747983870968
1497586439,125,0.707866,0.747649,0.7677070000000001,0.774904,0.7872619999999999,0.8128240000000001,0.8134520000000001,0.8475790000000001,0.851901,0.871445,0.8703380000000002,0.89201,0.894663,0.899652,0.8966400000000001,0.909209,0.9078189999999999,0.9045880000000001,0.9056510000000001,0.8977200000000001,0.8990900000000002,0.8629270000000001
1497586439,126,0.707750992063492,0.7475386904761906,0.7676130952380952,0.7749484126984127,0.7874226190476191,0.8130347222222224,0.8136845238095238,0.8477728174603176,0.8520505952380953,0.8716359126984128,0.8704672619047621,0.8920773809523812,0.8947926587301589,0.8998025793650795,0.8968591269841271,0.9093154761904764,0.9079206349206351,0.9046875000000001,0.9057053571428574,0.8976775793650795,0.8990982142857145,0.8629087301587303
1497586439,127,0.707595472440945,0.7473809055118112,0.7675590551181103,0.774865157480315,0.7874429133858268,0.8130905511811024,0.8137450787401577,0.8477795275590553,0.8520718503937009,0.8716456692913387,0.8704251968503939,0.8921830708661418,0.8949104330708663,0.8999025590551181,0.8968562992125985,0.9094124015748032,0.9080196850393701,0.9047027559055119,0.9057992125984253,0.8977746062992127,0.8990698818897639,0.86273031496063
1497586439,128,0.707376953125,0.74727734375,0.7675283203125,0.7749150390625,0.78747265625,0.8132216796875,0.8138720703125,0.84783984375,0.8521396484375,0.871728515625,0.87058203125,0.8923076171875,0.8951025390625,0.900021484375,0.897013671875,0.9095302734375,0.908169921875,0.90482421875,0.905947265625,0.8977607421875,0.8991181640625,0.862720703125
1497586439,129,0.7072732558139534,0.747205426356589,0.7675562015503874,0.7749932170542634,0.7876308139534882,0.8134748062015502,0.8140281007751937,0.8480174418604649,0.8523071705426355,0.8718507751937984,0.8707199612403099,0.8924447674418604,0.8953837209302326,0.9002616279069766,0.8972354651162788,0.9096521317829456,0.9082916666666665,0.9049476744186045,0.9060910852713178,0.8978410852713178,0.899127906976744,0.8627577519379844
1497586439,130,0.7071009615384616,0.7470721153846155,0.767510576923077,0.7750125,0.7878259615384615,0.8136682692307693,0.8142807692307693,0.8481990384615385,0.8523480769230771,0.8719884615384617,0.8708269230769232,0.8925615384615386,0.8954894230769233,0.900358653846154,0.897383653846154,0.909796153846154,0.9084278846153847,0.9049846153846155,0.9061721153846155,0.8979721153846155,0.8992211538461541,0.8627221153846155
1497586439,131,0.706949427480916,0.7468024809160306,0.7673969465648854,0.7750362595419847,0.7879818702290077,0.813912213740458,0.8144599236641221,0.8483969465648855,0.8524227099236641,0.8720925572519084,0.8709093511450382,0.8927099236641222,0.8956145038167939,0.9004427480916031,0.8975104961832061,0.9098463740458016,0.9085448473282443,0.905057251908397,0.9062309160305344,0.8979799618320611,0.8992576335877862,0.8625963740458016
1497586439,132,0.7067935606060606,0.7465719696969697,0.7673683712121212,0.7751732954545455,0.7881306818181819,0.8141306818181817,0.8147168560606061,0.8485350378787879,0.8524895833333332,0.8722376893939395,0.8711041666666668,0.8928626893939395,0.8957888257575758,0.900627840909091,0.8977585227272727,0.9100075757575757,0.9086941287878788,0.9051136363636364,0.9063560606060607,0.8980501893939393,0.8992907196969697,0.8626354166666667
1497586439,133,0.7065563909774436,0.7463524436090225,0.7672396616541353,0.7751795112781954,0.7882885338345864,0.8142969924812029,0.8149135338345864,0.8485582706766918,0.852453007518797,0.8722753759398496,0.8711983082706768,0.8930328947368421,0.8958956766917292,0.9006870300751879,0.8978214285714284,0.9101165413533834,0.908796992481203,0.9051456766917293,0.9063759398496241,0.8981973684210525,0.8993543233082706,0.8625864661654136
1497586439,134,0.7065307835820895,0.7461884328358208,0.7672425373134328,0.7751063432835821,0.7884430970149253,0.8144972014925373,0.815169776119403,0.8486110074626866,0.852517723880597,0.8723432835820895,0.8712425373134329,0.8931305970149254,0.8960820895522388,0.9007472014925373,0.8980205223880597,0.9102910447761194,0.9089636194029851,0.905294776119403,0.9064468283582089,0.8982910447761194,0.8994636194029851,0.8626287313432836
1497586439,135,0.7064009259259258,0.7459814814814816,0.7673324074074074,0.7752435185185186,0.7886509259259259,0.8147296296296297,0.8153990740740741,0.8487814814814815,0.8526324074074075,0.8724175925925926,0.8713435185185185,0.8932407407407408,0.8961787037037037,0.9008240740740742,0.8981787037037036,0.9104555555555556,0.9090962962962963,0.9053537037037038,0.9065166666666667,0.898275925925926,0.899437962962963,0.8625444444444443
1497586439,136,0.7062794117647059,0.7457628676470588,0.7672564338235295,0.7752766544117646,0.7887702205882352,0.8149825367647059,0.8156176470588236,0.8488961397058824,0.8526323529411765,0.8725330882352941,0.8714448529411765,0.8933832720588235,0.8962500000000001,0.9008363970588235,0.8982766544117646,0.9105891544117647,0.9093566176470588,0.9053979779411765,0.9065533088235295,0.8982674632352942,0.8995082720588234,0.8625588235294117
1497586439,137,0.7061779197080292,0.7454416058394161,0.7670985401459853,0.7752846715328466,0.788853102189781,0.815155109489051,0.8158065693430658,0.8490127737226278,0.852712591240876,0.8726624087591242,0.8714616788321167,0.8935958029197081,0.8964251824817517,0.9010018248175182,0.8984498175182482,0.9108348540145986,0.9095419708029198,0.9055009124087592,0.9066368613138687,0.8983266423357663,0.8995647810218979,0.862551094890511
1497586439,138,0.706016304347826,0.745215579710145,0.7670371376811593,0.7754048913043478,0.7890317028985507,0.815411231884058,0.816,0.8491838768115942,0.852786231884058,0.8727083333333334,0.8716041666666667,0.8937228260869565,0.8966177536231884,0.9010434782608695,0.898554347826087,0.9109710144927536,0.909741847826087,0.9055742753623188,0.9067527173913043,0.8984565217391305,0.8996576086956521,0.8625588768115943
1497586439,139,0.7058597122302158,0.7449856115107913,0.7669946043165468,0.7754163669064749,0.7892122302158273,0.8155908273381294,0.8162131294964029,0.849269784172662,0.8527796762589929,0.8727661870503598,0.871650179856115,0.8938983812949641,0.8968435251798562,0.9011708633093525,0.8986960431654676,0.9111411870503597,0.9099262589928058,0.9056312949640288,0.9068318345323741,0.8985080935251799,0.8997248201438849,0.8625080935251799
1497586439,140,0.7056375,0.7448383928571429,0.76705,0.7754741071428571,0.7893633928571429,0.8157339285714286,0.8163455357142857,0.8493053571428572,0.8527874999999999,0.8727285714285715,0.8716419642857143,0.8939499999999999,0.8968446428571428,0.9012455357142856,0.8987455357142856,0.91116875,0.9099598214285713,0.9056839285714285,0.9068267857142857,0.8985946428571429,0.89973125,0.8623553571428572
1497586439,141,0.7054024822695035,0.7446613475177305,0.7669618794326241,0.7754530141843973,0.7894875886524823,0.8159742907801418,0.816447695035461,0.8493723404255319,0.8528546099290779,0.8728537234042554,0.8717792553191489,0.8940301418439716,0.8969813829787233,0.9013812056737589,0.8988820921985816,0.9113714539007092,0.9101382978723405,0.9058351063829787,0.9069663120567376,0.8986533687943262,0.8997748226950355,0.8623927304964538
1497586439,142,0.7052271126760563,0.7445140845070423,0.7670167253521126,0.7756047535211267,0.7897068661971831,0.8162279929577465,0.8167411971830985,0.8495396126760564,0.8530633802816902,0.8730070422535211,0.871900528169014,0.8942174295774649,0.897224471830986,0.9015228873239437,0.8990651408450704,0.9115387323943662,0.910381161971831,0.9059744718309859,0.9071161971830985,0.8986919014084507,0.8999093309859155,0.8623160211267604
1497586439,143,0.7050839160839161,0.7443548951048952,0.7668986013986013,0.7756206293706294,0.7898505244755245,0.8164501748251748,0.8169659090909092,0.8496416083916084,0.8531791958041958,0.8730096153846152,0.8720454545454545,0.8943951048951049,0.8973583916083917,0.901652972027972,0.8992526223776224,0.9116687062937062,0.9105174825174824,0.9060629370629371,0.9072263986013986,0.8987683566433567,0.9000402097902097,0.8623277972027972
1497586439,144,0.7048020833333334,0.7441961805555556,0.7667022569444444,0.7756675347222222,0.7900095486111112,0.8166380208333333,0.8170972222222221,0.8497803819444445,0.8533116319444444,0.8731232638888888,0.8721119791666666,0.8945963541666667,0.8975269097222223,0.9017899305555556,0.8994600694444445,0.9117682291666668,0.910634548611111,0.9060703125,0.9073081597222221,0.8988715277777778,0.9000789930555555,0.8622239583333333
1497586439,145,0.7045603448275862,0.744001724137931,0.766626724137931,0.7757336206896552,0.7901474137931035,0.8167810344827586,0.8171965517241379,0.8499120689655172,0.8534456896551724,0.8732620689655173,0.8721922413793104,0.8947655172413792,0.8976879310344827,0.901923275862069,0.8995956896551724,0.9119758620689655,0.9107844827586207,0.9062318965517241,0.9074258620689655,0.8989577586206897,0.9001413793103449,0.8620905172413793
1497586439,146,0.7045128424657535,0.7438844178082191,0.7665,0.7758381849315069,0.790376712328767,0.8169897260273973,0.8174400684931507,0.8500856164383561,0.8535890410958905,0.8734092465753425,0.8723184931506849,0.8948792808219178,0.8978390410958904,0.9020299657534246,0.8998116438356164,0.9121181506849315,0.9109143835616438,0.9063741438356164,0.9075102739726028,0.8989708904109589,0.9000976027397259,0.8621292808219178
1497586439,147,0.7043511904761904,0.7437551020408164,0.766466836734694,0.775830782312925,0.7906147959183674,0.8172295918367347,0.8176258503401361,0.8502066326530612,0.8536913265306123,0.8735263605442177,0.8724277210884355,0.8949957482993197,0.8979676870748299,0.9021802721088437,0.8999413265306123,0.9122695578231291,0.91103231292517,0.9064421768707482,0.9076360544217686,0.8990425170068028,0.9000977891156463,0.8621598639455782
1497586439,148,0.7041942567567566,0.7436165540540539,0.7663893581081082,0.7758986486486487,0.790777027027027,0.81746875,0.8177837837837838,0.8503758445945946,0.8537668918918919,0.8736672297297298,0.8725945945945945,0.8952027027027027,0.8981782094594596,0.9023116554054054,0.9000608108108108,0.9123952702702703,0.9111739864864865,0.9065042229729731,0.9077111486486487,0.8990853040540541,0.9001621621621622,0.8620962837837838
1497586439,149,0.7040041946308726,0.7433414429530201,0.7662902684563759,0.7758506711409395,0.7908842281879195,0.817631711409396,0.8179505033557047,0.8505209731543624,0.8538280201342282,0.8736904362416108,0.8726552013422819,0.8953263422818794,0.8982642617449664,0.902396812080537,0.9001568791946308,0.91251677852349,0.9112944630872483,0.9065872483221478,0.9077197986577181,0.8990847315436242,0.9001694630872483,0.8620830536912751
1497586439,150,0.7038858333333333,0.7431833333333334,0.76622,0.7758691666666666,0.7910041666666666,0.8178258333333334,0.8181066666666668,0.8506958333333334,0.8539741666666666,0.8738049999999999,0.8727816666666667,0.8954741666666667,0.8984800000000001,0.9024774999999999,0.90039,0.9127175,0.911525,0.9068191666666666,0.9079308333333334,0.8991866666666667,0.9002491666666668,0.8619816666666666
1497586439,151,0.7038311258278145,0.7430438741721855,0.7662665562913906,0.775889072847682,0.791158940397351,0.8180703642384105,0.8182822847682119,0.8508783112582782,0.8539850993377484,0.8739635761589404,0.8728733443708608,0.8956208609271523,0.8986109271523178,0.9025960264900663,0.9006034768211921,0.9128178807947019,0.9116887417218543,0.9069602649006622,0.9080769867549668,0.899226821192053,0.9003129139072847,0.8619701986754967
1497586439,152,0.703733552631579,0.7427475328947368,0.7661373355263158,0.7759761513157893,0.7913157894736842,0.8182927631578948,0.8184144736842106,0.851001644736842,0.8540493421052632,0.8740526315789473,0.8729169407894738,0.8957154605263158,0.8986850328947369,0.9026455592105262,0.9007138157894736,0.9129440789473685,0.9117853618421052,0.9069268092105263,0.9081299342105262,0.8992294407894738,0.9003215460526316,0.861875
1497586439,153,0.7035890522875817,0.7426331699346406,0.7661217320261439,0.7760163398692812,0.791498366013072,0.8185310457516342,0.8186756535947713,0.8511486928104577,0.8542042483660132,0.8741299019607845,0.8730155228758172,0.895872549019608,0.8988848039215689,0.902808006535948,0.9009158496732027,0.9131470588235295,0.9119803921568629,0.907075163398693,0.9082516339869282,0.8993039215686276,0.9003594771241831,0.8618488562091504
1497586439,154,0.7034667207792209,0.7423628246753247,0.7659545454545454,0.7760357142857143,0.7917232142857142,0.8186761363636362,0.8188498376623377,0.8512930194805194,0.8542102272727272,0.8741939935064936,0.8730560064935065,0.8959918831168832,0.8989715909090908,0.902974025974026,0.9010827922077922,0.9133060064935065,0.9121006493506493,0.9071493506493508,0.9082938311688311,0.8993782467532467,0.9004107142857142,0.8618855519480519
1497586439,155,0.7033024193548386,0.7422185483870968,0.7658709677419355,0.7761540322580645,0.7919387096774194,0.8188354838709678,0.8190774193548388,0.8513379032258065,0.8543379032258065,0.8742387096774193,0.8731604838709677,0.8960750000000001,0.8990959677419356,0.9029959677419356,0.90125,0.9134637096774194,0.9122322580645161,0.9072403225806451,0.9084088709677419,0.8994395161290322,0.9004185483870968,0.8619024193548387
1497586439,156,0.7031314102564101,0.7420777243589743,0.7657932692307693,0.7761730769230769,0.7921434294871794,0.8190248397435897,0.8191642628205128,0.8514086538461538,0.8544551282051281,0.8743004807692308,0.8731546474358974,0.8961458333333333,0.8991602564102563,0.9030552884615384,0.9013020833333333,0.9135152243589744,0.9122892628205127,0.9072331730769231,0.9084198717948717,0.8995184294871794,0.9003766025641026,0.8617676282051282
1497586439,157,0.7029036624203822,0.7419968152866243,0.7657205414012739,0.7762213375796179,0.7922571656050955,0.8192547770700637,0.819406847133758,0.8516042993630573,0.8545342356687898,0.8744466560509554,0.8733097133757962,0.8962850318471337,0.8993542993630574,0.9032093949044586,0.9015151273885351,0.9136449044585987,0.9124410828025478,0.907220541401274,0.9085222929936305,0.8995246815286624,0.9004307324840766,0.8617643312101911
1497586439,158,0.7027634493670887,0.7419659810126582,0.765571993670886,0.77623417721519,0.7924193037974684,0.8194319620253164,0.8195363924050633,0.8517523734177214,0.8546447784810127,0.8745791139240506,0.8733979430379748,0.8964715189873418,0.8995506329113924,0.903370253164557,0.9015917721518987,0.913806170886076,0.9126740506329114,0.9074272151898733,0.9086416139240506,0.8996028481012658,0.9005791139240507,0.8617824367088608
1497586439,159,0.7026305031446541,0.7418506289308178,0.7654426100628929,0.776246855345912,0.7925841194968554,0.8195809748427674,0.819624213836478,0.8518333333333333,0.854625786163522,0.8746100628930817,0.8734874213836479,0.8965896226415094,0.8996611635220125,0.9035393081761006,0.9017099056603775,0.913999213836478,0.9127350628930817,0.9075314465408806,0.908749213836478,0.899742924528302,0.9007154088050314,0.8617460691823899
1497586439,160,0.7024656250000001,0.741734375,0.7653625,0.7762570312500001,0.7926765625000001,0.81980703125,0.8197140625,0.8519429687500001,0.8547,0.87466171875,0.8735804687500001,0.8966789062499999,0.89976640625,0.9036812500000001,0.90182578125,0.9140929687499999,0.9127898437499999,0.90761640625,0.9088664062499999,0.8998851562499999,0.90077109375,0.86169765625
1497586439,161,0.7022826086956523,0.7416017080745342,0.7652104037267081,0.7763237577639752,0.7928548136645963,0.8200504658385094,0.8198936335403727,0.8520217391304348,0.8548377329192547,0.8747639751552795,0.8736638198757765,0.8968579192546584,0.8999526397515527,0.903807453416149,0.9019541925465837,0.914210403726708,0.9129642857142857,0.9077523291925466,0.9090054347826088,0.9000155279503106,0.900858695652174,0.8616304347826087
1497586439,162,0.7021319444444445,0.7414907407407407,0.7651682098765432,0.7763256172839506,0.7930246913580247,0.8202175925925926,0.82,0.8521049382716048,0.8549182098765432,0.8747947530864197,0.8736682098765431,0.8969320987654321,0.9000532407407407,0.9038765432098765,0.9020038580246913,0.9143441358024692,0.9131041666666666,0.9078225308641976,0.909108024691358,0.9000509259259258,0.900888888888889,0.861596450617284
1497586439,163,0.7019256134969326,0.7412937116564418,0.7651104294478528,0.7763588957055215,0.7932231595092024,0.8204562883435583,0.8201825153374233,0.852204754601227,0.8550567484662577,0.8748926380368098,0.8738159509202456,0.8970398773006135,0.9002208588957056,0.9039493865030674,0.9021587423312883,0.9145122699386503,0.9132576687116566,0.9079624233128833,0.9092292944785276,0.9001664110429448,0.901019171779141,0.8616219325153375
1497586439,164,0.7017530487804878,0.7412057926829269,0.7650274390243902,0.7763079268292683,0.7934032012195121,0.8205701219512196,0.82028125,0.8523216463414635,0.8552233231707318,0.8749336890243902,0.8738216463414635,0.8971356707317073,0.9003010670731708,0.9040640243902439,0.9023269817073172,0.9146310975609756,0.9133643292682927,0.9080716463414634,0.9092926829268293,0.900220274390244,0.9010769817073171,0.861595274390244
1497586439,165,0.7014765151515152,0.7411189393939394,0.7649015151515152,0.7763068181818182,0.7935568181818181,0.8207507575757576,0.820415909090909,0.852409090909091,0.8552712121212122,0.8750015151515151,0.8739098484848484,0.8972977272727273,0.9004,0.9040931818181819,0.9023992424242424,0.914773484848485,0.9135727272727273,0.908155303030303,0.9093772727272728,0.9003522727272727,0.9011462121212122,0.8615598484848486
1497586439,166,0.7012628012048193,0.7410218373493975,0.7647680722891567,0.7763215361445782,0.7936618975903614,0.8209352409638554,0.8205361445783133,0.8524796686746988,0.8553072289156626,0.8750640060240964,0.8739615963855422,0.8973719879518071,0.900480421686747,0.9041701807228916,0.9024713855421688,0.9148652108433735,0.9136415662650602,0.9081746987951808,0.9094021084337349,0.9004194277108434,0.9011814759036144,0.861512048192771
1497586439,167,0.7011744011976048,0.7408929640718563,0.7647365269461078,0.7762380239520957,0.7938270958083832,0.8211032934131736,0.8206766467065868,0.8525187125748502,0.8553158682634731,0.8750920658682635,0.8740269461077844,0.8973997005988024,0.9006077844311379,0.9042552395209582,0.9025658682634731,0.9149214071856289,0.9137080838323355,0.9081998502994012,0.9094244011976048,0.9004491017964072,0.9012043413173654,0.8614498502994012
1497586439,168,0.701014880952381,0.7407232142857142,0.764655505952381,0.7761994047619049,0.7939441964285714,0.8212663690476191,0.820811755952381,0.852625744047619,0.8554241071428571,0.8751927083333333,0.8741197916666666,0.8975,0.9006755952380952,0.9043139880952381,0.9026927083333334,0.915015625,0.913779761904762,0.9082433035714287,0.9094806547619048,0.9004895833333333,0.9013191964285716,0.8613206845238095
1497586439,169,0.7008535502958579,0.740655325443787,0.7645887573964497,0.7761782544378698,0.7940539940828402,0.8214644970414201,0.8209363905325443,0.8527529585798816,0.8555414201183432,0.8752477810650887,0.8742019230769231,0.8975754437869823,0.900758875739645,0.9044430473372781,0.9027707100591715,0.9150828402366865,0.9138365384615385,0.9082559171597633,0.9095244082840236,0.9005096153846155,0.9014230769230769,0.8612832840236686
1497586439,170,0.7006977941176471,0.7405176470588236,0.764508088235294,0.7761830882352942,0.7941500000000001,0.8215897058823531,0.8210264705882354,0.8528639705882354,0.8555970588235295,0.8752316176470589,0.8742014705882355,0.8976257352941177,0.9008367647058825,0.9044595588235295,0.9028125000000002,0.9151705882352943,0.913933823529412,0.9083455882352943,0.9095433823529413,0.9005500000000002,0.9014580882352943,0.8612022058823531
1497586439,171,0.7006001461988303,0.7403991228070176,0.7644327485380118,0.7761929824561403,0.7942682748538011,0.8216907894736841,0.8210701754385965,0.8528881578947367,0.8556498538011695,0.8752843567251462,0.8742682748538011,0.8977375730994152,0.9009261695906432,0.9044407894736842,0.902826023391813,0.9152763157894738,0.9140080409356726,0.9084524853801169,0.9096557017543859,0.9005928362573099,0.9015445906432749,0.8611593567251463
1497586439,172,0.700514534883721,0.7403633720930232,0.7643466569767443,0.7762936046511628,0.7944571220930232,0.8219120639534883,0.8213095930232558,0.8530377906976744,0.8557877906976744,0.8753546511627908,0.8743611918604651,0.8979106104651164,0.9011300872093023,0.9046024709302326,0.9030101744186048,0.9154760174418605,0.9142093023255814,0.9086642441860465,0.9097986918604651,0.9007369186046512,0.9016111918604651,0.8611795058139535
1497586439,173,0.7003735549132948,0.740246387283237,0.7642377167630058,0.7762926300578036,0.7945585260115606,0.8219804913294797,0.8213721098265896,0.8531148843930636,0.8558843930635839,0.875346098265896,0.8743880057803467,0.8980715317919075,0.9012449421965318,0.9047637283236994,0.9031481213872833,0.9156799132947977,0.9143663294797688,0.9088367052023121,0.9099385838150289,0.9008547687861271,0.9016697976878614,0.8612109826589596
1497586439,174,0.7001954022988506,0.7401795977011494,0.764117816091954,0.7762492816091954,0.7946853448275861,0.8221522988505747,0.8214762931034483,0.8531522988505746,0.8559468390804598,0.875441091954023,0.8744856321839081,0.8982011494252874,0.9013556034482758,0.90483908045977,0.9032995689655172,0.9158053160919539,0.9144949712643677,0.9089022988505746,0.9100107758620689,0.9009705459770115,0.9017852011494253,0.8611831896551724
1497586439,175,0.6999914285714285,0.7400857142857142,0.7640107142857143,0.7762328571428572,0.7948042857142857,0.8222364285714286,0.8216071428571429,0.8531735714285714,0.8559964285714287,0.875527142857143,0.87448,0.8982435714285714,0.9014521428571428,0.9049785714285714,0.9033835714285714,0.9158992857142857,0.9145999999999999,0.90894,0.9100835714285714,0.9010364285714286,0.9018714285714287,0.8611092857142857
1497586439,176,0.699828125,0.7399424715909091,0.7638813920454545,0.776223721590909,0.7949183238636363,0.8224438920454546,0.8216931818181819,0.8532883522727273,0.8560348011363638,0.8756505681818182,0.874534090909091,0.8983139204545455,0.9015745738636364,0.9050390625,0.9035617897727273,0.9159886363636365,0.9147833806818182,0.9090170454545455,0.9102102272727274,0.9010887784090909,0.9019332386363637,0.8610191761363635
1497586439,177,0.6996080508474577,0.7398029661016949,0.7636899717514125,0.7762401129943503,0.7949540960451977,0.82257697740113,0.8218347457627119,0.8533135593220338,0.8560946327683616,0.8757655367231639,0.8746539548022599,0.8984604519774011,0.9016666666666666,0.9050579096045198,0.9036144067796611,0.9161285310734463,0.9148933615819208,0.9091271186440678,0.9102860169491526,0.9011207627118645,0.9018862994350283,0.8609887005649717
1497586439,178,0.6993764044943821,0.7397345505617977,0.7635898876404495,0.7762879213483146,0.795127106741573,0.8227710674157304,0.8219627808988764,0.8534543539325842,0.8562001404494384,0.8758335674157304,0.8747703651685393,0.8985948033707865,0.9017710674157304,0.905176966292135,0.9036987359550562,0.916311095505618,0.915068820224719,0.9092050561797753,0.9103237359550562,0.9011945224719102,0.9019683988764046,0.8610203651685394
1497586439,179,0.6991396648044692,0.7395467877094972,0.7635446927374302,0.7762953910614525,0.7952486033519554,0.8229134078212291,0.8220824022346369,0.8535069832402234,0.8562632681564246,0.8758666201117319,0.8748442737430167,0.8987136871508379,0.9018910614525139,0.9052674581005585,0.9038303072625699,0.9164120111731843,0.9151864525139664,0.9092039106145251,0.9104155027932961,0.9011620111731843,0.902,0.8609574022346369
1497586439,180,0.6989756944444445,0.7393687500000001,0.76336875,0.7763423611111111,0.7953069444444445,0.8229972222222223,0.8222131944444444,0.8535562500000001,0.8563388888888889,0.8759201388888889,0.8749111111111111,0.8988145833333333,0.9019208333333334,0.9053166666666667,0.9039187499999999,0.9164659722222221,0.9152451388888888,0.9092243055555554,0.9104270833333332,0.9012256944444443,0.9020208333333334,0.8609034722222223
1497586439,181,0.6987486187845303,0.7391968232044198,0.7633052486187845,0.7763591160220994,0.7954523480662983,0.8231312154696131,0.8222796961325968,0.8536049723756907,0.8563908839779005,0.8759806629834255,0.8750296961325966,0.8988687845303868,0.9020269337016575,0.9054143646408841,0.9040545580110497,0.9165814917127072,0.915368093922652,0.9092631215469613,0.9104737569060773,0.9012941988950276,0.9020331491712706,0.860832182320442
1497586439,182,0.6985322802197802,0.7390460164835165,0.763260989010989,0.7763282967032967,0.7956483516483518,0.8232445054945056,0.8223674450549452,0.8536462912087912,0.8564148351648353,0.8760377747252749,0.87507760989011,0.8989258241758243,0.9021483516483517,0.9055494505494507,0.904177197802198,0.9166868131868134,0.9155034340659342,0.9093681318681319,0.9106243131868134,0.9013179945054947,0.9020281593406594,0.8608619505494507
1497586439,183,0.6983715846994536,0.7389153005464482,0.7631762295081966,0.776396174863388,0.795801912568306,0.8234228142076503,0.8225621584699454,0.8537950819672131,0.8565027322404372,0.8761536885245903,0.8751912568306011,0.8990423497267759,0.90224043715847,0.9056482240437158,0.9043504098360656,0.9168107923497268,0.9156045081967213,0.9094658469945355,0.9106871584699454,0.9013695355191258,0.9020744535519125,0.8607841530054645
1497586439,184,0.6981895380434783,0.7388546195652174,0.7631365489130435,0.7764239130434781,0.7959483695652174,0.8235767663043477,0.8226725543478262,0.853915081521739,0.8565808423913043,0.8761745923913042,0.875172554347826,0.8990964673913043,0.9023240489130435,0.905735054347826,0.9044504076086958,0.916882472826087,0.9157221467391303,0.909523097826087,0.9107051630434783,0.901413722826087,0.9021698369565218,0.8607554347826087
1497586439,185,0.6980182432432432,0.738745945945946,0.7630236486486487,0.7764310810810812,0.7961013513513514,0.823679054054054,0.8227614864864865,0.8539878378378378,0.8566027027027027,0.8760777027027027,0.8751060810810811,0.8992040540540541,0.9024222972972973,0.9058216216216217,0.9044702702702704,0.9169912162162163,0.9158864864864865,0.9096364864864865,0.9107810810810811,0.9014709459459459,0.9022391891891892,0.8607905405405405
1497586439,186,0.697831317204301,0.7386935483870968,0.7630288978494623,0.7764663978494623,0.796258064516129,0.8237862903225808,0.8228346774193548,0.8539939516129031,0.8566673387096775,0.8760961021505376,0.87508938172043,0.8993030913978494,0.9025309139784945,0.9058817204301074,0.904559811827957,0.91715188172043,0.916032258064516,0.9096962365591397,0.9109146505376343,0.9015396505376344,0.9022977150537633,0.8607345430107528
1497586439,187,0.6976136363636365,0.7385688502673797,0.7629585561497326,0.7764525401069517,0.7964505347593582,0.8239331550802139,0.8229104278074867,0.8540601604278075,0.8566570855614974,0.8761082887700535,0.8751176470588237,0.8994572192513369,0.9026363636363635,0.906,0.904687165775401,0.9173128342245989,0.916153743315508,0.9097513368983957,0.9109639037433156,0.9016283422459893,0.9023489304812834,0.8607566844919786
1497586439,188,0.6974288563829787,0.7384015957446808,0.762813164893617,0.776345744680851,0.7965797872340424,0.824125,0.8230192819148936,0.8541156914893617,0.8566894946808511,0.8762207446808511,0.8751821808510639,0.8995631648936171,0.9027746010638298,0.9061496010638298,0.9048384308510637,0.9174847074468085,0.9163470744680852,0.9098716755319148,0.9111422872340427,0.9017087765957447,0.9024261968085107,0.8607273936170212
1497586439,189,0.6972592592592592,0.7382982804232804,0.7627189153439153,0.7762830687830687,0.7967169312169312,0.8242665343915344,0.8230694444444443,0.8541984126984128,0.8567460317460318,0.8762625661375661,0.8752235449735449,0.8996011904761905,0.9028478835978835,0.9062797619047619,0.9049080687830687,0.9175423280423282,0.9163948412698413,0.9100039682539682,0.9111891534391534,0.9017275132275132,0.9025085978835977,0.8606607142857142
1497586439,190,0.6970703947368421,0.7382157894736843,0.7626565789473684,0.7763236842105263,0.7968467105263157,0.8243815789473684,0.8231769736842105,0.8542059210526315,0.8567276315789474,0.8762822368421053,0.8752664473684211,0.8996618421052632,0.9029578947368421,0.9063559210526315,0.9049848684210526,0.9176105263157894,0.9164552631578947,0.9100072368421053,0.9112453947368422,0.9018401315789474,0.9025019736842105,0.860608552631579
1497586439,191,0.6969600785340315,0.7381623036649214,0.762559554973822,0.7763684554973822,0.7969914921465969,0.8245327225130891,0.8233252617801047,0.8542670157068062,0.8567663612565446,0.8763108638743456,0.8753089005235601,0.8997198952879581,0.9029404450261781,0.9064613874345551,0.9050602094240838,0.9177238219895288,0.9165458115183246,0.9100948952879582,0.9113219895287957,0.9018579842931937,0.9025006544502617,0.8605870418848168
1497586439,192,0.696810546875,0.7380442708333333,0.762455078125,0.7763977864583332,0.7971588541666668,0.824611328125,0.8233990885416668,0.854271484375,0.8568125,0.8763678385416667,0.87534375,0.8997623697916667,0.9031302083333332,0.906587890625,0.9051419270833333,0.9177916666666667,0.9165924479166666,0.9101412760416667,0.9113990885416666,0.9018678385416667,0.9025579427083333,0.860478515625
1497586439,193,0.6966450777202072,0.7379235751295337,0.7623743523316061,0.7763613989637305,0.7972415803108809,0.8246923575129533,0.8234974093264248,0.8543523316062175,0.8568225388601036,0.8763886010362694,0.8753601036269428,0.8998730569948186,0.9031729274611398,0.9066146373056992,0.9051761658031087,0.9178886010362692,0.9167299222797927,0.9102292746113988,0.9114909326424869,0.9019294041450776,0.9026016839378237,0.8604520725388599
1497586439,194,0.6964980670103094,0.7378460051546392,0.7622886597938145,0.7764432989690722,0.7974207474226805,0.8248911082474227,0.8236301546391753,0.8544085051546392,0.85684793814433,0.8764059278350517,0.8753911082474228,0.8999001288659796,0.9032442010309281,0.9067152061855672,0.9052905927835053,0.9179632731958763,0.9167751288659796,0.9103021907216496,0.9115380154639177,0.9020161082474228,0.9026385309278353,0.8604001288659795
1497586439,195,0.6963301282051282,0.7377371794871795,0.7622198717948718,0.7764301282051284,0.7975782051282052,0.824998717948718,0.8237262820512822,0.8544384615384616,0.8569064102564103,0.8763442307692308,0.8753314102564105,0.8999166666666668,0.9032967948717952,0.9067275641025642,0.9053570512820515,0.9180865384615385,0.9168871794871796,0.9104006410256411,0.9116057692307694,0.9020525641025643,0.9025833333333335,0.8603391025641026
1497586439,196,0.6961932397959184,0.7375739795918369,0.7621383928571429,0.7764789540816328,0.7977461734693878,0.8251792091836734,0.8238526785714284,0.8544897959183674,0.8569878826530613,0.8764113520408163,0.8754323979591837,0.9000433673469388,0.9034024234693877,0.906827168367347,0.9054496173469387,0.9181906887755102,0.9169432397959183,0.9104961734693877,0.9116913265306122,0.9021224489795918,0.9026581632653061,0.8602627551020409
1497586439,197,0.6960095177664974,0.7374435279187816,0.7620120558375634,0.7764454314720811,0.7978350253807107,0.8252944162436547,0.8238585025380711,0.8545507614213197,0.8570158629441623,0.8764232233502537,0.8754048223350253,0.9000685279187818,0.9034371827411167,0.9069581218274112,0.9055387055837564,0.9182823604060913,0.9170418781725889,0.9105012690355331,0.9117366751269036,0.9021104060913706,0.9027087563451776,0.8602303299492385
1497586439,198,0.6958547979797979,0.7373289141414141,0.7619406565656566,0.7764816919191919,0.7979419191919191,0.825425505050505,0.8239993686868686,0.8545719696969697,0.8569905303030304,0.8763939393939394,0.8754097222222221,0.9001079545454546,0.9034621212121212,0.9069924242424242,0.9055675505050506,0.9183737373737374,0.9171275252525252,0.9106060606060606,0.9118125,0.9022121212121212,0.902721590909091,0.8601224747474748
1497586439,199,0.695674623115578,0.7371733668341708,0.7618291457286432,0.7764855527638191,0.7980464824120603,0.8255100502512563,0.8240515075376884,0.8545973618090452,0.8569949748743718,0.876391959798995,0.8754616834170854,0.9001733668341708,0.9035370603015075,0.9071187185929649,0.905657663316583,0.9185069095477387,0.917266959798995,0.9106834170854272,0.9119038944723618,0.902299623115578,0.9027726130653266,0.8600427135678392
1497586439,200,0.695513125,0.737065625,0.7616868750000001,0.7765075,0.7981468749999999,0.825624375,0.8240987500000001,0.85461,0.8570487499999999,0.876414375,0.875465625,0.900253125,0.9036181249999999,0.9071231249999999,0.9057575000000001,0.91859125,0.9173250000000001,0.910766875,0.91195875,0.902348125,0.90277375,0.85995375
432652533,1,0.795,0.791,0.79175,0.806875,0.811625,0.816,0.812125,0.811375,0.8095,0.81275,0.814625,0.812125,0.812125,0.823125,0.816125,0.8255,0.8235,0.83,0.8275,0.82275,0.825375,0.78125
432652533,2,0.8126875,0.8175,0.8171875,0.822875,0.8295625,0.833625,0.8329375,0.8356875,0.8321875,0.835375,0.8366875,0.8375625,0.8369375,0.8428125,0.8401875,0.8465,0.8443125,0.847375,0.8469375,0.84625,0.8453125,0.800875
432652533,3,0.7987083333333332,0.8086666666666666,0.8158749999999999,0.8265416666666665,0.8327083333333333,0.8384583333333333,0.8377916666666665,0.8435833333333332,0.8408333333333332,0.8440416666666665,0.8452916666666667,0.8436666666666667,0.8444583333333333,0.847,0.8446666666666666,0.8522083333333332,0.8517916666666666,0.854,0.85425,0.8529999999999999,0.8535416666666666,0.8067916666666665
432652533,4,0.78475,0.798125,0.81103125,0.82278125,0.833,0.8405625,0.840875,0.8465,0.84646875,0.85109375,0.8513125,0.85109375,0.85078125,0.8536875,0.850625,0.85571875,0.85515625,0.8589375,0.85725,0.8569375,0.85721875,0.81334375
432652533,5,0.771625,0.7879,0.804525,0.8187250000000001,0.8320500000000001,0.841375,0.841625,0.8485500000000001,0.8491750000000002,0.8557750000000001,0.8545750000000001,0.8555500000000001,0.8563000000000002,0.85855,0.8561500000000001,0.8625250000000001,0.860625,0.8628500000000001,0.8619750000000002,0.860025,0.860025,0.8157000000000001
432652533,6,0.7587916666666668,0.7770625,0.7956458333333334,0.8123125,0.8292083333333333,0.840125,0.8406875,0.8520208333333334,0.853125,0.8595208333333335,0.8595625,0.86025,0.8603333333333334,0.8611666666666667,0.8597083333333335,0.8646666666666667,0.8635,0.8652291666666667,0.8644791666666667,0.8629166666666668,0.8642291666666667,0.81875
432652533,7,0.7518749999999998,0.7709642857142857,0.7896607142857143,0.8079285714285713,0.8237857142857142,0.8383928571428572,0.8396785714285715,0.8507321428571428,0.8540892857142858,0.8606964285714287,0.8603392857142858,0.8615357142857142,0.8620535714285714,0.8638571428571428,0.8627857142857143,0.8671607142857142,0.8656785714285714,0.8686428571428572,0.8680357142857142,0.864375,0.8654107142857143,0.8189285714285713
432652533,8,0.74521875,0.764796875,0.78225,0.80121875,0.818671875,0.835421875,0.837,0.85059375,0.85521875,0.864828125,0.864671875,0.864625,0.865375,0.86715625,0.866234375,0.869890625,0.86875,0.87078125,0.87003125,0.866453125,0.866515625,0.81940625
432652533,9,0.7412083333333335,0.7591111111111111,0.7763888888888889,0.7970555555555556,0.815013888888889,0.8338055555555557,0.8357777777777778,0.8509583333333335,0.8554861111111113,0.8662083333333334,0.8662083333333335,0.867888888888889,0.868402777777778,0.8697222222222224,0.8690277777777778,0.8723194444444445,0.8710000000000001,0.8724722222222224,0.8727500000000001,0.8682361111111113,0.8687222222222224,0.8196111111111111
432652533,10,0.7366,0.753375,0.7706000000000001,0.7930375000000002,0.811525,0.8310625,0.8336,0.8504625000000001,0.8552375000000002,0.8671000000000001,0.8673500000000002,0.8701625000000002,0.8701750000000001,0.8711625000000002,0.8702000000000001,0.8759125000000001,0.8747625,0.8752125000000001,0.8756375000000001,0.8706500000000001,0.8709625000000001,0.821075
432652533,11,0.7328636363636363,0.7497045454545455,0.7658977272727272,0.7890340909090907,0.808625,0.8283863636363635,0.830556818181818,0.8485454545454544,0.8546704545454545,0.8674431818181818,0.8671477272727273,0.8710681818181818,0.8714090909090908,0.8749886363636362,0.8728977272727272,0.8790681818181818,0.8772499999999999,0.8780795454545454,0.8784545454545453,0.8725340909090907,0.8731477272727272,0.8234772727272727
432652533,12,0.7315416666666666,0.74784375,0.7633541666666668,0.7858541666666666,0.80440625,0.8255104166666666,0.8281770833333333,0.84696875,0.8529270833333333,0.8672604166666668,0.8669166666666667,0.8720416666666666,0.8724166666666666,0.8765104166666667,0.87409375,0.8791458333333333,0.8785833333333334,0.8796875,0.8794375,0.8738333333333332,0.874375,0.82365625
432652533,13,0.7284807692307693,0.74525,0.7607980769230769,0.7824807692307693,0.8014903846153848,0.8223557692307693,0.8254038461538463,0.8453365384615386,0.8516730769230771,0.8675384615384617,0.8669903846153848,0.8732980769230771,0.8737019230769231,0.8778653846153848,0.8754423076923078,0.8819134615384616,0.8802403846153848,0.8803750000000001,0.8810192307692309,0.8743076923076923,0.875298076923077,0.8242884615384617
432652533,14,0.7268839285714286,0.7428214285714285,0.7585178571428571,0.7804285714285714,0.7998482142857143,0.8206517857142858,0.8239553571428572,0.8442142857142858,0.8515089285714287,0.866544642857143,0.8667678571428572,0.8742678571428574,0.8744375000000001,0.8788482142857145,0.8762946428571429,0.8829375000000002,0.8821964285714287,0.8815535714285716,0.8819375000000002,0.8755446428571428,0.8765267857142858,0.8257142857142857
432652533,15,0.726,0.7415750000000001,0.7563416666666667,0.7785500000000001,0.7978500000000001,0.818675,0.8218583333333334,0.8426750000000001,0.8505416666666668,0.8663083333333333,0.8665500000000002,0.8748000000000001,0.8750083333333334,0.8798500000000001,0.8774583333333335,0.8837250000000001,0.8831916666666668,0.8827750000000001,0.8836916666666669,0.8768,0.8775333333333335,0.8266833333333334
432652533,16,0.725078125,0.741109375,0.754484375,0.7771015625,0.7957421875,0.8165,0.8199609375,0.84175,0.85015625,0.86615625,0.8665703125,0.8749296875,0.875828125,0.881125,0.8779375,0.8847421875,0.8837265625,0.883390625,0.8839921875,0.877328125,0.877703125,0.8268046875
432652533,17,0.7249558823529412,0.7396911764705882,0.7530882352941177,0.7753308823529412,0.7937132352941175,0.8150735294117648,0.8175661764705883,0.840110294117647,0.8484852941176472,0.8657205882352942,0.8656911764705882,0.8750147058823531,0.8758235294117649,0.8810661764705883,0.878375,0.8856470588235295,0.8845514705882354,0.8837867647058825,0.8846985294117649,0.8775514705882353,0.8783970588235295,0.8270220588235295
432652533,18,0.7248333333333333,0.7390555555555557,0.7517013888888889,0.7739722222222223,0.79225,0.8133958333333333,0.8163055555555556,0.8394722222222224,0.8483125,0.8664097222222222,0.8662361111111111,0.8760694444444446,0.8766111111111113,0.88175,0.8788611111111112,0.8860416666666667,0.8850555555555557,0.884402777777778,0.8854930555555557,0.8781666666666668,0.8788541666666667,0.8275138888888889
432652533,19,0.7250855263157894,0.7391118421052632,0.7510723684210525,0.7727894736842104,0.7909144736842104,0.81225,0.815,0.8385657894736842,0.8476315789473683,0.866,0.8656118421052631,0.8764736842105264,0.8771973684210527,0.882421052631579,0.8803684210526317,0.8876776315789475,0.8857565789473685,0.8852368421052632,0.8862565789473685,0.8791118421052632,0.8794736842105264,0.828125
432652533,20,0.7250437500000001,0.7390562500000001,0.7499124999999999,0.7715875,0.78873125,0.80999375,0.81275,0.83705625,0.8462999999999999,0.8657062499999999,0.8650374999999999,0.8764624999999998,0.8770125000000001,0.8820625,0.88014375,0.8876000000000001,0.88675,0.8864624999999999,0.887,0.8798625,0.88010625,0.828725
432652533,21,0.7254464285714285,0.7390535714285713,0.7494761904761905,0.7704761904761906,0.787047619047619,0.8088928571428572,0.811327380952381,0.8362916666666668,0.8455238095238097,0.8651011904761906,0.864672619047619,0.8767559523809525,0.8774464285714286,0.8826607142857144,0.8805416666666668,0.8885654761904762,0.8876785714285715,0.8872202380952383,0.8880357142857145,0.8809583333333335,0.8812797619047621,0.8288630952380953
432652533,22,0.7258295454545455,0.7391647727272728,0.7493238636363636,0.7689602272727273,0.7856931818181817,0.8072670454545455,0.8098806818181817,0.8353068181818182,0.8445056818181818,0.8646079545454545,0.8642897727272726,0.8767954545454545,0.8772954545454544,0.8834545454545454,0.881090909090909,0.888715909090909,0.887778409090909,0.8876363636363637,0.8883125,0.8817670454545454,0.8820227272727272,0.8290681818181818
432652533,23,0.7259130434782609,0.7393315217391305,0.749054347826087,0.7682989130434783,0.7843804347826088,0.8061195652173913,0.8084782608695652,0.8342391304347826,0.8433804347826087,0.8637608695652174,0.8634402173913043,0.8764673913043478,0.8772282608695653,0.8835326086956521,0.881429347826087,0.8890923913043478,0.8880815217391305,0.8886576086956522,0.8891521739130434,0.8823532608695652,0.8827391304347826,0.8297717391304349
432652533,24,0.7258802083333333,0.739390625,0.7488489583333332,0.7674583333333334,0.783296875,0.8052135416666667,0.8074427083333334,0.8337395833333334,0.8428020833333333,0.8631302083333334,0.862890625,0.8763854166666666,0.87703125,0.8842760416666666,0.8815572916666667,0.8899166666666666,0.88853125,0.8889166666666667,0.8895989583333332,0.8825416666666668,0.882875,0.8303229166666666
432652533,25,0.7259300000000001,0.7397250000000001,0.749595,0.7669300000000001,0.78228,0.8043850000000001,0.807125,0.8331750000000001,0.842645,0.8629300000000001,0.8631350000000001,0.876575,0.8771550000000001,0.8845000000000001,0.8818550000000002,0.8903800000000001,0.8890650000000001,0.889,0.889815,0.8828550000000001,0.88365,0.8301200000000001
432652533,26,0.7262259615384614,0.7402884615384614,0.7497548076923077,0.7665673076923077,0.7811442307692307,0.803673076923077,0.806283653846154,0.832860576923077,0.8422932692307693,0.8630625000000001,0.8628221153846155,0.8771634615384617,0.877783653846154,0.8849182692307693,0.8822788461538463,0.8911682692307693,0.8897788461538463,0.8896538461538464,0.8905000000000001,0.8831586538461539,0.8838750000000002,0.8305817307692309
432652533,27,0.7265787037037037,0.7407407407407407,0.7499351851851852,0.7664305555555555,0.780412037037037,0.8028194444444444,0.8054814814814816,0.8327314814814816,0.8423194444444445,0.8634166666666667,0.8630046296296295,0.8771296296296297,0.8780370370370371,0.885337962962963,0.8827314814814815,0.8915324074074074,0.8903240740740741,0.8898564814814816,0.8907546296296296,0.8839074074074074,0.8842083333333334,0.8303703703703704
432652533,28,0.7269464285714285,0.7414821428571428,0.7505625,0.7664151785714286,0.7802232142857143,0.80221875,0.8046205357142858,0.8320892857142858,0.8417633928571429,0.8631830357142858,0.8625223214285714,0.8772901785714285,0.8781205357142858,0.8855267857142857,0.8823080357142857,0.8919419642857143,0.8902857142857142,0.8901875,0.8908883928571429,0.88415625,0.8844196428571428,0.8305803571428572
432652533,29,0.7267456896551724,0.7421120689655172,0.7508793103448277,0.7661120689655172,0.7795948275862069,0.8017672413793102,0.8039353448275863,0.8315991379310345,0.8410689655172414,0.8624137931034483,0.8621293103448275,0.8772758620689656,0.8778189655172414,0.8856293103448274,0.8820387931034481,0.8923362068965518,0.890625,0.890728448275862,0.891594827586207,0.8842456896551725,0.8846896551724137,0.8308706896551724
432652533,30,0.7270791666666666,0.742775,0.7509916666666668,0.7658375000000001,0.778675,0.8011625000000001,0.8035125000000001,0.8310625000000001,0.8405666666666668,0.8619333333333336,0.8616666666666668,0.8772958333333336,0.8781708333333336,0.8860500000000002,0.882575,0.8925583333333335,0.8910833333333334,0.8912625000000001,0.8918833333333336,0.8844333333333335,0.8850958333333335,0.8308750000000001
432652533,31,0.7271572580645161,0.7432137096774193,0.7514153225806451,0.7656814516129031,0.778375,0.8004758064516129,0.8028306451612902,0.8306572580645161,0.8403508064516129,0.8616612903225807,0.8611935483870968,0.8773104838709677,0.8781370967741935,0.8856814516129031,0.8819032258064514,0.8923387096774192,0.8911209677419354,0.891475806451613,0.8921088709677419,0.8848991935483871,0.88575,0.8310040322580644
432652533,32,0.72683203125,0.74335546875,0.75158984375,0.76554296875,0.77820703125,0.8000625,0.80215625,0.830265625,0.840015625,0.86136328125,0.86094140625,0.877265625,0.8781484375,0.8857734375,0.88216015625,0.89269140625,0.89096484375,0.89187109375,0.89250390625,0.885359375,0.8862421875,0.83111328125
432652533,33,0.727094696969697,0.743844696969697,0.7516325757575758,0.7655416666666667,0.777935606060606,0.7999810606060606,0.8018333333333333,0.830310606060606,0.8403560606060605,0.8616780303030303,0.8610757575757575,0.8772689393939392,0.878215909090909,0.8853825757575757,0.8820871212121213,0.8928257575757576,0.8910113636363635,0.8918219696969695,0.8924659090909091,0.8854924242424241,0.8864431818181817,0.8309772727272727
432652533,34,0.727014705882353,0.7441470588235294,0.7517058823529411,0.7652352941176471,0.7775661764705883,0.7995367647058823,0.8015955882352942,0.8299816176470589,0.8399044117647061,0.8609742647058825,0.860514705882353,0.8774044117647061,0.8783051470588237,0.8854779411764707,0.8819632352941178,0.8927058823529413,0.8910625000000002,0.891981617647059,0.8926286764705884,0.8858308823529412,0.8866250000000001,0.8313198529411766
432652533,35,0.7270535714285714,0.7448571428571429,0.7520964285714286,0.7649857142857143,0.7771464285714286,0.7992785714285715,0.8012357142857144,0.8301857142857143,0.8401214285714286,0.8611928571428573,0.8608214285714286,0.8777214285714288,0.8783000000000002,0.8855714285714287,0.8821571428571431,0.8927678571428573,0.8910464285714287,0.892082142857143,0.8930392857142858,0.8858357142857144,0.8867107142857144,0.8315571428571429
432652533,36,0.7275381944444445,0.7454270833333333,0.7525069444444444,0.7649270833333334,0.7770694444444445,0.7990868055555554,0.8011354166666667,0.830295138888889,0.8399722222222221,0.8612430555555555,0.8606041666666666,0.8776006944444444,0.8783402777777778,0.8858125,0.8822534722222222,0.8929895833333332,0.8914895833333333,0.8924201388888889,0.8932743055555554,0.8862256944444443,0.8871111111111111,0.83209375
432652533,37,0.7274898648648649,0.7456722972972973,0.7524729729729729,0.7645945945945946,0.7762331081081081,0.798293918918919,0.80025,0.8300135135135135,0.8395979729729729,0.8606655405405407,0.8600810810810812,0.8773175675675676,0.8779898648648649,0.8855608108108108,0.8819391891891891,0.8928581081081082,0.8913918918918918,0.8927567567567568,0.8933040540540541,0.8863581081081081,0.8872837837837837,0.832016891891892
432652533,38,0.7276776315789473,0.7461973684210526,0.7528782894736842,0.7643519736842105,0.7758947368421052,0.7979638157894736,0.7997401315789474,0.829983552631579,0.8395230263157893,0.8605427631578947,0.8600756578947368,0.8774046052631579,0.8781677631578947,0.8857269736842104,0.8820625,0.8934177631578946,0.8917598684210526,0.8927631578947369,0.8934276315789473,0.8864638157894735,0.8875065789473683,0.831641447368421
432652533,39,0.7277788461538461,0.7466955128205129,0.7533685897435899,0.764698717948718,0.7755576923076923,0.7972628205128206,0.7992532051282053,0.8299647435897437,0.8395929487179488,0.8604006410256411,0.8599134615384617,0.8778750000000001,0.8785865384615386,0.8858525641025642,0.8821762820512822,0.8935480769230771,0.892019230769231,0.8926442307692309,0.8935352564102566,0.886621794871795,0.8877628205128206,0.8317852564102566
432652533,40,0.7276125,0.7469124999999999,0.7541156250000001,0.764915625,0.7753625,0.79688125,0.798871875,0.82999375,0.8395843749999999,0.860515625,0.85986875,0.87779375,0.8786906250000001,0.885925,0.882090625,0.8938937499999999,0.892265625,0.8928375000000001,0.8938375,0.8870343749999999,0.8879124999999999,0.8319093750000001
432652533,41,0.727594512195122,0.7473689024390244,0.7545396341463415,0.7650000000000001,0.7753780487804879,0.7966402439024391,0.7984481707317073,0.8300396341463415,0.8394329268292684,0.8604817073170732,0.8597682926829271,0.8780213414634147,0.8787621951219513,0.8861646341463415,0.8823658536585367,0.8939420731707318,0.8923079268292684,0.8929725609756097,0.8940518292682927,0.8872439024390245,0.8880152439024391,0.8319390243902439
432652533,42,0.7275535714285714,0.7479404761904762,0.7554494047619048,0.7651696428571428,0.7753511904761905,0.7967202380952381,0.7985029761904763,0.8300833333333334,0.839654761904762,0.8605505952380954,0.8599672619047619,0.878122023809524,0.8789404761904763,0.8864375000000001,0.8826577380952383,0.894544642857143,0.8927827380952383,0.8934880952380954,0.894372023809524,0.8873869047619048,0.8882886904761906,0.8321785714285715
432652533,43,0.7273604651162789,0.7482529069767441,0.7557906976744184,0.7654215116279068,0.7752005813953488,0.7967965116279068,0.7984563953488371,0.8301656976744184,0.839642441860465,0.8605436046511626,0.8597965116279068,0.8778691860465114,0.878656976744186,0.886674418604651,0.8827587209302323,0.894517441860465,0.8928837209302325,0.8937994186046512,0.8944999999999999,0.8875726744186045,0.8886162790697674,0.8323343023255814
432652533,44,0.7273579545454545,0.7488210227272728,0.7560539772727273,0.7656079545454545,0.775059659090909,0.7966988636363637,0.7984488636363635,0.8305056818181819,0.8396931818181818,0.8604460227272728,0.8598664772727272,0.8778892045454545,0.8787102272727273,0.8868039772727273,0.8830710227272728,0.8949772727272728,0.8931022727272727,0.8940681818181817,0.8949289772727272,0.8880085227272727,0.8889460227272727,0.8325454545454545
432652533,45,0.7271833333333334,0.7492277777777777,0.7565694444444445,0.7659805555555557,0.7750333333333334,0.796611111111111,0.7983861111111111,0.8309194444444444,0.8397777777777778,0.8607250000000002,0.8601277777777778,0.8781055555555556,0.8789472222222223,0.887252777777778,0.8833777777777779,0.8955055555555556,0.8934222222222225,0.8942444444444445,0.8952805555555556,0.8883555555555556,0.8893027777777779,0.8326750000000002
432652533,46,0.7273804347826087,0.7497989130434782,0.7570027173913043,0.7658070652173913,0.775,0.7963804347826088,0.7984211956521738,0.8310461956521739,0.8399510869565218,0.8607391304347826,0.8600108695652173,0.8781358695652174,0.879125,0.8873831521739131,0.8835271739130434,0.8956902173913043,0.8937527173913042,0.8945951086956522,0.8954157608695652,0.8887608695652175,0.8896358695652173,0.8327010869565218
432652533,47,0.7275186170212765,0.7502765957446809,0.7576356382978722,0.766002659574468,0.7749893617021275,0.7962606382978723,0.7981968085106382,0.8310957446808511,0.8402367021276596,0.8607260638297873,0.86025,0.8783244680851064,0.8792606382978724,0.8875505319148935,0.8835106382978724,0.8957872340425533,0.8940531914893617,0.8949547872340425,0.895781914893617,0.8890797872340427,0.8898909574468086,0.8328430851063829
432652533,48,0.7277213541666667,0.750953125,0.7582369791666667,0.7663098958333333,0.7751328125,0.7962708333333334,0.7983020833333334,0.831265625,0.8401276041666667,0.8607682291666667,0.860265625,0.878265625,0.8792838541666668,0.8873046875,0.8832838541666668,0.8957265625,0.8939140625,0.8950364583333332,0.8956536458333334,0.8890755208333333,0.8898671875,0.8326953125
432652533,49,0.7277474489795918,0.7513852040816327,0.7584897959183672,0.7663112244897959,0.7752295918367347,0.796109693877551,0.7981862244897959,0.8313826530612245,0.8400969387755102,0.8608724489795919,0.8602933673469388,0.8784107142857144,0.8791811224489796,0.8872627551020408,0.8833698979591837,0.8956147959183673,0.8937755102040816,0.8951020408163265,0.8957551020408164,0.8889515306122449,0.8899387755102041,0.8325739795918368
432652533,50,0.72736,0.751355,0.7590100000000001,0.7664300000000001,0.775435,0.796485,0.7983725,0.831615,0.840435,0.8613275,0.8605750000000001,0.87868,0.879455,0.8876075000000001,0.8837775,0.896065,0.8940750000000001,0.8951474999999999,0.8958875000000001,0.8890174999999999,0.8900800000000002,0.8327725
432652533,51,0.7272843137254902,0.7518161764705883,0.7597181372549019,0.7666225490196079,0.7753946078431373,0.7962916666666667,0.7983137254901963,0.831622549019608,0.8403161764705883,0.8613137254901962,0.8606911764705882,0.8787745098039218,0.8795318627450981,0.8876519607843139,0.8838602941176472,0.8960220588235295,0.8940024509803922,0.8951176470588237,0.8960392156862745,0.8890808823529414,0.890294117647059,0.8327181372549021
432652533,52,0.7269639423076923,0.7519951923076923,0.7600745192307693,0.7666033653846155,0.7755384615384616,0.7963942307692308,0.7981947115384614,0.8318149038461539,0.8402860576923077,0.86146875,0.8607956730769231,0.8789639423076924,0.8797596153846153,0.8877115384615384,0.8838173076923076,0.8963341346153847,0.8941947115384616,0.895298076923077,0.8962668269230769,0.8891923076923076,0.8904038461538462,0.8330072115384616
432652533,53,0.7268231132075472,0.7521037735849057,0.7605636792452831,0.766561320754717,0.7756533018867924,0.7963632075471698,0.7981698113207548,0.8319386792452831,0.8402405660377358,0.8614834905660378,0.8607735849056604,0.8791462264150943,0.8800919811320755,0.8883867924528301,0.8840731132075472,0.896625,0.8946132075471699,0.8954103773584906,0.8964693396226414,0.8895424528301887,0.8905896226415095,0.8331816037735851
432652533,54,0.7268240740740741,0.7524375,0.7609699074074074,0.7666898148148148,0.7759652777777778,0.7966319444444444,0.798423611111111,0.8325486111111111,0.8407083333333333,0.861826388888889,0.861111111111111,0.8793263888888889,0.8804328703703703,0.8884861111111111,0.8845231481481481,0.8969675925925926,0.8949791666666668,0.8956805555555556,0.8966759259259259,0.8900462962962963,0.8910416666666666,0.8334050925925927
432652533,55,0.7266840909090909,0.7527249999999999,0.7614477272727272,0.7668022727272727,0.7762045454545455,0.7967204545454545,0.7985227272727272,0.8327068181818181,0.8409090909090908,0.8620159090909091,0.8611,0.8793363636363636,0.8805204545454546,0.8886454545454545,0.8847409090909091,0.8972181818181817,0.8951545454545454,0.8958636363636364,0.8968363636363635,0.890125,0.8912340909090908,0.8334772727272728
432652533,56,0.7266517857142858,0.7527120535714287,0.7618816964285713,0.7669084821428572,0.7763683035714286,0.7969017857142858,0.7985803571428571,0.83284375,0.8408794642857143,0.8621004464285713,0.8612790178571429,0.8795870535714286,0.8806316964285713,0.8888549107142858,0.8848058035714286,0.8973348214285715,0.8953794642857142,0.8961629464285714,0.8970625,0.8904174107142857,0.8914486607142856,0.833627232142857
432652533,57,0.72625,0.7528771929824561,0.7621929824561403,0.7667368421052632,0.7763289473684211,0.796967105263158,0.7985964912280703,0.8330043859649122,0.8409407894736841,0.8622521929824561,0.8615043859649122,0.8797741228070175,0.8807302631578947,0.888859649122807,0.8849890350877192,0.8976491228070176,0.8955986842105262,0.8962521929824561,0.8973662280701753,0.8906491228070176,0.8916293859649123,0.834030701754386
432652533,58,0.7257306034482758,0.7529375,0.7623275862068966,0.7666961206896551,0.7766788793103448,0.7972284482758621,0.798698275862069,0.8332931034482758,0.8410323275862069,0.8623599137931035,0.8615991379310345,0.8800452586206896,0.8810474137931034,0.8891379310344828,0.8850883620689655,0.8977306034482758,0.8957823275862069,0.8963987068965518,0.8975323275862068,0.8907219827586207,0.8918491379310344,0.8340668103448275
432652533,59,0.7254533898305086,0.7532733050847458,0.7627330508474577,0.766771186440678,0.7769470338983051,0.7973728813559322,0.7989004237288135,0.8333199152542373,0.8412266949152543,0.8628093220338983,0.8619385593220338,0.8804703389830508,0.8814216101694915,0.889228813559322,0.8852224576271185,0.8979216101694915,0.8960444915254236,0.8965572033898305,0.8976398305084746,0.8909724576271186,0.8919004237288135,0.8340466101694914
432652533,60,0.7254041666666667,0.7534125,0.7633875,0.7671166666666667,0.7772958333333333,0.7977479166666667,0.7991479166666665,0.8337458333333334,0.8414020833333334,0.8629979166666667,0.8621375,0.8805958333333334,0.8813958333333333,0.88934375,0.8853041666666666,0.8979958333333334,0.8961604166666666,0.89655,0.8975562499999999,0.8910708333333333,0.8920125000000001,0.8338583333333334
432652533,61,0.725344262295082,0.7534815573770491,0.7636926229508196,0.7672540983606558,0.7774918032786886,0.7978381147540984,0.7992315573770492,0.8337745901639344,0.8415245901639344,0.8630594262295082,0.8621946721311476,0.8807110655737707,0.8814918032786885,0.8894692622950819,0.8854467213114754,0.8981209016393443,0.8963237704918033,0.8966680327868853,0.8975184426229508,0.8911352459016393,0.8920143442622951,0.833905737704918
432652533,62,0.7250866935483871,0.7534657258064515,0.7639596774193549,0.7672399193548387,0.7775504032258065,0.7979959677419354,0.7992923387096773,0.833891129032258,0.8417076612903227,0.8631350806451612,0.8622560483870967,0.8808185483870967,0.8815423387096774,0.8897399193548386,0.8857016129032258,0.8982318548387095,0.8965423387096774,0.8968387096774193,0.8976552419354838,0.891391129032258,0.892233870967742,0.8339153225806452
432652533,63,0.7250079365079366,0.753375,0.7642519841269841,0.7674563492063492,0.7777599206349207,0.7982420634920635,0.7993710317460319,0.8340833333333335,0.8416607142857144,0.8631230158730159,0.8621408730158732,0.8808551587301587,0.8817341269841272,0.8898075396825399,0.8858174603174604,0.8983333333333335,0.8965218253968256,0.8969007936507938,0.8978134920634921,0.8917817460317462,0.8925079365079366,0.8339067460317462
432652533,64,0.72478515625,0.7533359375,0.764533203125,0.76762109375,0.7777421875,0.798318359375,0.7993984375,0.834205078125,0.841642578125,0.86292578125,0.862072265625,0.880970703125,0.8819375,0.88993359375,0.885666015625,0.898361328125,0.89662890625,0.8970234375,0.897986328125,0.891822265625,0.89265234375,0.83378125
432652533,65,0.7246403846153846,0.7532519230769231,0.7647115384615386,0.7675711538461539,0.7776865384615386,0.7983326923076923,0.799573076923077,0.8343134615384616,0.8414423076923078,0.8629326923076924,0.8621134615384616,0.8812673076923079,0.8822250000000001,0.8900230769230771,0.8857942307692309,0.8983019230769232,0.8966307692307693,0.897171153846154,0.8978942307692309,0.8917230769230771,0.8924788461538463,0.8338250000000001
432652533,66,0.7245511363636363,0.7531628787878788,0.7650151515151515,0.7676212121212121,0.7778049242424242,0.7987196969696969,0.7998011363636364,0.8345738636363635,0.8416325757575757,0.8631780303030303,0.8620965909090909,0.8814564393939394,0.8824753787878787,0.8903219696969698,0.8861363636363635,0.8986666666666665,0.8968181818181817,0.8971780303030302,0.8980833333333332,0.8921458333333333,0.8927727272727273,0.8336439393939393
432652533,67,0.724473880597015,0.7532145522388061,0.7653022388059703,0.7678750000000001,0.7780727611940299,0.7990727611940298,0.8001026119402985,0.8349160447761194,0.8419029850746269,0.8634682835820895,0.8624291044776119,0.8816996268656717,0.8827481343283582,0.8905839552238806,0.8864048507462687,0.8988861940298508,0.8970149253731342,0.8973339552238806,0.8982835820895523,0.8922425373134328,0.8929645522388059,0.8337835820895522
432652533,68,0.7243345588235294,0.7532150735294117,0.7656305147058824,0.7680073529411765,0.7783455882352941,0.7993382352941176,0.8003180147058824,0.8350919117647059,0.8421268382352941,0.8636709558823529,0.86271875,0.8817922794117647,0.8828455882352941,0.8907573529411764,0.8865919117647059,0.8991580882352942,0.8971930147058823,0.8974595588235293,0.8984448529411765,0.8923566176470588,0.8930992647058824,0.8336966911764706
432652533,69,0.7241123188405797,0.7532391304347826,0.7658351449275362,0.7680742753623188,0.7786648550724637,0.799659420289855,0.8006757246376812,0.8352663043478261,0.8421757246376812,0.8639891304347826,0.8629692028985507,0.881947463768116,0.8830452898550726,0.8909764492753622,0.8868804347826087,0.8993985507246377,0.8974148550724638,0.897679347826087,0.8985634057971015,0.8924547101449275,0.8932119565217391,0.833661231884058
432652533,70,0.7238392857142858,0.7532285714285715,0.7661089285714285,0.768325,0.7790339285714285,0.7999428571428573,0.8008696428571429,0.8355232142857144,0.8423178571428573,0.8642142857142858,0.8632839285714287,0.8822089285714287,0.8832107142857144,0.8912839285714287,0.8870910714285715,0.8996464285714287,0.8977553571428573,0.897826785714286,0.8987803571428573,0.8924910714285715,0.893282142857143,0.8335517857142859
432652533,71,0.7237447183098592,0.7533362676056338,0.7663873239436619,0.7685264084507042,0.7793186619718311,0.8002024647887324,0.8010739436619718,0.8358204225352113,0.8425017605633802,0.8644295774647888,0.8634876760563379,0.8824577464788731,0.8835052816901409,0.8915510563380281,0.8873785211267604,0.8999753521126761,0.8980985915492957,0.8980862676056338,0.8990352112676057,0.8927077464788732,0.8935545774647887,0.8336144366197183
432652533,72,0.7236857638888889,0.753265625,0.7664878472222222,0.7685729166666667,0.779611111111111,0.8004114583333334,0.8012864583333333,0.8359270833333332,0.8425052083333333,0.8646631944444444,0.8636163194444445,0.88278125,0.8837222222222223,0.8916475694444446,0.8876753472222222,0.9002638888888889,0.8983229166666666,0.8982569444444444,0.8993420138888889,0.892892361111111,0.8936493055555557,0.8336909722222222
432652533,73,0.7236232876712329,0.7532722602739725,0.7666198630136986,0.768763698630137,0.7797534246575342,0.8004383561643835,0.8014195205479452,0.8362089041095889,0.8424914383561644,0.864611301369863,0.8638287671232877,0.8828595890410958,0.8839109589041095,0.8916455479452055,0.8876763698630137,0.900361301369863,0.8984092465753424,0.8983013698630137,0.8994195205479453,0.8929589041095891,0.8935702054794521,0.8337243150684931
432652533,74,0.7233057432432434,0.7532111486486487,0.7668040540540542,0.7688918918918919,0.7801266891891891,0.8009459459459458,0.8017618243243244,0.8364510135135136,0.8427077702702702,0.8649138513513513,0.8640152027027026,0.8831216216216217,0.8840945945945946,0.8917297297297297,0.8877685810810811,0.9005371621621622,0.8985692567567568,0.8985591216216217,0.8996807432432432,0.8931402027027027,0.8939256756756756,0.8336908783783784
432652533,75,0.7230150000000001,0.7527733333333333,0.7668100000000001,0.768925,0.7803516666666667,0.80113,0.8019983333333334,0.8365983333333333,0.842775,0.8650183333333333,0.8641083333333334,0.8832866666666667,0.8843366666666667,0.891905,0.8878050000000001,0.9006166666666666,0.8987149999999999,0.8986683333333333,0.8997249999999999,0.8930400000000001,0.8938716666666666,0.8337516666666667
432652533,76,0.7229506578947369,0.7527138157894736,0.7669309210526316,0.7690559210526315,0.7806118421052631,0.8014111842105263,0.8022746710526316,0.8369177631578948,0.8429786184210526,0.8651677631578948,0.8642516447368421,0.8835855263157895,0.8846315789473684,0.8921546052631579,0.8880493421052631,0.9010542763157895,0.8989638157894736,0.8987549342105263,0.8999638157894736,0.8931825657894736,0.8940180921052632,0.8336710526315789
432652533,77,0.7226980519480519,0.7527094155844156,0.7670178571428571,0.7691412337662338,0.7807191558441559,0.8016201298701299,0.8025211038961039,0.8371136363636362,0.8430519480519479,0.8652613636363635,0.8643571428571429,0.8838311688311687,0.8849529220779221,0.892452922077922,0.8883474025974025,0.901288961038961,0.89925487012987,0.8988782467532467,0.900181818181818,0.8933392857142856,0.8942711038961038,0.8338928571428571
432652533,78,0.7225,0.7526746794871795,0.7670913461538462,0.7691762820512821,0.7809935897435898,0.8020352564102564,0.8029022435897436,0.8375080128205129,0.8431794871794873,0.8653798076923078,0.8644358974358974,0.884147435897436,0.8852115384615385,0.8926426282051284,0.8886041666666669,0.9013750000000001,0.8994102564102566,0.8989230769230772,0.900107371794872,0.8933878205128206,0.8942227564102566,0.8339246794871795
432652533,79,0.7222310126582279,0.7525949367088608,0.7672041139240507,0.7691012658227848,0.7812262658227849,0.8021645569620254,0.8031756329113924,0.8377927215189873,0.8433481012658228,0.8656075949367088,0.8644493670886074,0.8843670886075948,0.8854699367088605,0.8927452531645569,0.8886772151898733,0.9014018987341772,0.8995189873417722,0.8989113924050631,0.900139240506329,0.893389240506329,0.8942784810126582,0.8338417721518987
432652533,80,0.72211875,0.7525328125,0.7674453125,0.7692890625,0.78146875,0.80249375,0.8034640624999999,0.8380718750000001,0.8433875000000001,0.865778125,0.86455625,0.8845,0.8855953125,0.8928609375000001,0.8888390625,0.9015640625000001,0.8996875,0.8990171874999999,0.9001671874999999,0.8934953124999999,0.894371875,0.8339328125
432652533,81,0.7219104938271605,0.7522824074074074,0.7674737654320988,0.7694274691358025,0.7817145061728394,0.8027808641975309,0.8037438271604938,0.838155864197531,0.8435771604938271,0.865875,0.8647330246913579,0.8847777777777778,0.885783950617284,0.8929645061728395,0.8890231481481482,0.9017206790123458,0.8998070987654321,0.8992098765432098,0.9002299382716048,0.8935601851851852,0.8943132716049383,0.8339012345679011
432652533,82,0.7217957317073169,0.7522926829268293,0.7675853658536586,0.7696234756097561,0.7820518292682928,0.8030990853658536,0.8042118902439025,0.8384344512195122,0.8436204268292683,0.8660777439024391,0.8648948170731707,0.884907012195122,0.8859603658536587,0.8929954268292684,0.8891341463414635,0.9016768292682927,0.9000457317073172,0.8992362804878049,0.9002027439024392,0.8936432926829269,0.8944801829268292,0.8339192073170731
432652533,83,0.721612951807229,0.7522018072289156,0.7678057228915663,0.7698554216867469,0.7823298192771084,0.80357078313253,0.8045316265060241,0.8386024096385543,0.8437530120481926,0.8660813253012047,0.8650060240963855,0.8849171686746988,0.8859367469879518,0.8932243975903614,0.8893328313253012,0.9018524096385543,0.9000903614457831,0.899433734939759,0.9003343373493976,0.8937198795180723,0.8945271084337348,0.8337605421686747
432652533,84,0.7213288690476191,0.7520758928571429,0.7679657738095238,0.7700833333333332,0.7827247023809523,0.8039270833333333,0.8047931547619048,0.8390029761904761,0.8438526785714284,0.8662440476190476,0.8650699404761905,0.8849196428571429,0.886095238095238,0.8933675595238095,0.8892842261904762,0.9021502976190475,0.9003050595238095,0.8996220238095238,0.9004940476190477,0.8937440476190476,0.8946130952380952,0.8338184523809523
432652533,85,0.7211147058823529,0.7518250000000001,0.7681323529411765,0.7702014705882353,0.7830970588235295,0.8043691176470589,0.805239705882353,0.8391911764705883,0.8440852941176471,0.8663941176470589,0.8651647058823531,0.8852161764705884,0.8861852941176471,0.8934426470588237,0.8894088235294119,0.9022485294117648,0.9005014705882354,0.8996661764705884,0.9005823529411766,0.8939529411764707,0.8945279411764708,0.8337500000000001
432652533,86,0.7208255813953489,0.7516976744186047,0.7682674418604651,0.7703706395348838,0.7833953488372093,0.8047383720930232,0.8055741279069767,0.8395363372093023,0.8442848837209302,0.8664433139534885,0.8652281976744186,0.8852979651162792,0.8863125,0.8934593023255815,0.8895654069767442,0.902200581395349,0.9005203488372094,0.8995712209302326,0.9006177325581396,0.8939244186046512,0.894453488372093,0.8336787790697674
432652533,87,0.720594827586207,0.7515114942528736,0.7682614942528735,0.7704109195402298,0.7836925287356322,0.8050387931034483,0.805941091954023,0.8399425287356322,0.844587643678161,0.8666781609195402,0.8654655172413793,0.8855517241379309,0.8865603448275863,0.8935459770114942,0.8897715517241379,0.9024195402298851,0.9006206896551723,0.8996293103448275,0.9006364942528735,0.894087643678161,0.8946206896551723,0.8336465517241379
432652533,88,0.7204375,0.7513579545454545,0.7684161931818182,0.770440340909091,0.7840866477272728,0.8052045454545455,0.8061818181818182,0.8401008522727272,0.8447613636363636,0.8669332386363636,0.865671875,0.8857826704545455,0.8867329545454545,0.8937713068181817,0.8898735795454545,0.9026107954545455,0.9008125,0.8997286931818183,0.90084375,0.8942613636363637,0.8946974431818182,0.8335823863636364
432652533,89,0.7202556179775281,0.7513342696629213,0.7684929775280899,0.7705224719101122,0.7844213483146066,0.8055519662921348,0.806502808988764,0.8402823033707866,0.8448441011235954,0.8671278089887641,0.8658778089887641,0.8860463483146068,0.8870505617977529,0.894002808988764,0.8900252808988764,0.9027654494382022,0.9009452247191011,0.8997851123595506,0.9009620786516854,0.894375,0.8948497191011235,0.8335744382022472
432652533,90,0.720075,0.7512388888888888,0.7686791666666668,0.770651388888889,0.7847375,0.8058930555555557,0.8067944444444445,0.8405458333333333,0.8449902777777779,0.867288888888889,0.8660569444444445,0.8862902777777779,0.8873458333333335,0.8943194444444446,0.8903805555555557,0.902979166666667,0.9010986111111112,0.900013888888889,0.9010916666666667,0.8946166666666668,0.895001388888889,0.8335694444444446
432652533,91,0.7200398351648352,0.7511167582417583,0.7687348901098902,0.7707664835164835,0.7851483516483517,0.8062293956043957,0.8069615384615386,0.8408186813186814,0.8450769230769232,0.8674519230769231,0.8661826923076924,0.8864903846153848,0.8875631868131869,0.8944423076923078,0.8904615384615386,0.9030521978021979,0.9012032967032968,0.8999890109890112,0.9011085164835168,0.8945054945054947,0.895019230769231,0.8333777472527475
432652533,92,0.7198940217391304,0.751046195652174,0.7687703804347825,0.7708016304347827,0.7854089673913044,0.8065529891304347,0.8073369565217391,0.84096875,0.8451263586956522,0.867414402173913,0.8661657608695652,0.8866222826086956,0.8876942934782609,0.894625,0.8906195652173913,0.90315625,0.9013872282608696,0.9000163043478261,0.9011739130434783,0.8945557065217392,0.8950570652173913,0.8334823369565217
432652533,93,0.7197217741935483,0.751130376344086,0.7688360215053762,0.7708118279569892,0.7857123655913978,0.8068427419354839,0.8075430107526881,0.8411505376344086,0.8452311827956989,0.8675282258064515,0.8662231182795698,0.8867701612903225,0.887899193548387,0.8947217741935483,0.8908575268817204,0.9033440860215053,0.9015940860215053,0.9002056451612902,0.9012002688172043,0.8947083333333332,0.8951962365591398,0.8334301075268815
432652533,94,0.7195558510638298,0.751001329787234,0.7688417553191489,0.7709148936170214,0.7860159574468084,0.8072646276595744,0.8079122340425531,0.8414773936170213,0.8455319148936171,0.8677393617021276,0.866405585106383,0.887309840425532,0.8883284574468084,0.8948164893617021,0.8911875,0.9037273936170214,0.9020545212765958,0.9005757978723404,0.9016356382978724,0.8949468085106382,0.8955226063829786,0.8335890957446809
432652533,95,0.7194789473684211,0.7509947368421053,0.768921052631579,0.7709644736842106,0.7863565789473684,0.8075552631578947,0.8083026315789476,0.8417144736842105,0.8458394736842105,0.8679684210526316,0.8666197368421052,0.887603947368421,0.8884934210526315,0.8951131578947369,0.8914644736842104,0.9040486842105263,0.9023236842105263,0.9006894736842105,0.9018618421052631,0.8951223684210526,0.8956078947368421,0.8336223684210526
432652533,96,0.7192682291666667,0.750875,0.76895703125,0.7711028645833333,0.7866549479166667,0.8078411458333332,0.8084466145833333,0.8419453125,0.84601953125,0.8680755208333333,0.86660546875,0.8877278645833334,0.8886927083333334,0.8952630208333334,0.8916184895833333,0.9042942708333332,0.9025455729166667,0.9008216145833332,0.9019700520833334,0.89521875,0.895828125,0.8335598958333332
432652533,97,0.7191984536082475,0.7507023195876288,0.7690115979381443,0.7711301546391753,0.7867976804123712,0.8080837628865979,0.8087796391752579,0.8421817010309279,0.8461597938144331,0.8680876288659795,0.8666894329896908,0.8879729381443301,0.8889858247422682,0.8954574742268042,0.8918569587628867,0.9044755154639177,0.9025824742268043,0.9009432989690723,0.9020322164948454,0.8953402061855672,0.8959059278350516,0.8334922680412371
432652533,98,0.7190420918367347,0.7506071428571429,0.7692053571428571,0.7711619897959183,0.7871454081632653,0.8083660714285715,0.8091377551020409,0.8423775510204082,0.8463176020408164,0.8682691326530612,0.8669757653061225,0.8882538265306122,0.8892767857142857,0.8957551020408164,0.8921645408163265,0.9048112244897959,0.9029158163265306,0.9011301020408163,0.902183673469388,0.8953405612244899,0.8959795918367347,0.8334936224489796
432652533,99,0.7188851010101011,0.7505656565656565,0.7691805555555555,0.7712866161616162,0.7874419191919192,0.8086338383838383,0.8094734848484849,0.842564393939394,0.8465568181818182,0.8684116161616162,0.8671161616161617,0.8883257575757575,0.8893686868686869,0.8958977272727272,0.8922904040404042,0.9049040404040404,0.9030340909090909,0.901155303030303,0.9020934343434343,0.8954406565656566,0.8960732323232323,0.8335820707070707
432652533,100,0.7185799999999999,0.75037875,0.7690487500000001,0.7711837500000001,0.78773,0.80883125,0.80967375,0.8427425000000001,0.8466624999999999,0.8686487500000001,0.86723625,0.8884650000000001,0.88963625,0.8960025,0.89257375,0.90513,0.90331,0.9012512500000001,0.90238375,0.89564375,0.8963037500000001,0.8335925
432652533,101,0.7184009900990099,0.7502821782178218,0.7690878712871287,0.7713007425742575,0.7881002475247526,0.8091720297029703,0.8100309405940594,0.8429925742574258,0.8468811881188119,0.8688465346534655,0.8675198019801981,0.8887685643564357,0.8898638613861387,0.8961485148514853,0.8928440594059407,0.9053527227722773,0.9035198019801981,0.9014579207920793,0.9026658415841584,0.8958143564356438,0.8963514851485149,0.8336596534653465
432652533,102,0.7181911764705883,0.7500931372549021,0.7691176470588236,0.7713370098039215,0.7884007352941177,0.8094632352941178,0.8103039215686275,0.8431678921568627,0.8469901960784315,0.8689497549019609,0.8676348039215688,0.8888995098039217,0.8900012254901962,0.8963125000000002,0.8928823529411766,0.9053982843137255,0.9036421568627452,0.9016421568627452,0.9028051470588238,0.8959558823529412,0.8963664215686277,0.8336703431372551
432652533,103,0.7180716019417476,0.7499514563106795,0.7690898058252427,0.771256067961165,0.7887220873786407,0.8097439320388349,0.810514563106796,0.8434053398058252,0.8470266990291261,0.8691565533980582,0.8677754854368932,0.8890509708737864,0.8901978155339806,0.8963652912621359,0.8929563106796117,0.9054648058252428,0.9036881067961164,0.9016978155339805,0.9028907766990291,0.8960885922330097,0.8964830097087377,0.8337196601941748
432652533,104,0.7179026442307693,0.7498125,0.7691021634615386,0.7712908653846154,0.7889278846153845,0.8099507211538461,0.8107127403846154,0.8435324519230769,0.8470588942307693,0.8693125,0.8678942307692308,0.8892319711538462,0.8903677884615384,0.8964771634615385,0.8930240384615384,0.9056177884615384,0.9038725961538462,0.9017860576923077,0.9029795673076924,0.8961430288461538,0.8966021634615385,0.8337067307692307
432652533,105,0.717675,0.7497011904761905,0.7691619047619049,0.7713059523809523,0.7892119047619048,0.8103202380952382,0.811104761904762,0.8438190476190478,0.8473250000000001,0.8694309523809525,0.8681261904761907,0.8895297619047621,0.8906380952380955,0.8965833333333335,0.8932476190476192,0.9059107142857145,0.9041190476190477,0.9019642857142859,0.903159523809524,0.8962226190476192,0.8967595238095241,0.8338488095238097
432652533,106,0.717504716981132,0.7496191037735848,0.7692358490566037,0.7714268867924529,0.7896851415094339,0.8107181603773584,0.8115577830188679,0.8440766509433962,0.8475860849056603,0.8697441037735848,0.8684080188679245,0.8899327830188679,0.891,0.8969162735849057,0.8935306603773585,0.9061709905660378,0.9043632075471698,0.9021910377358491,0.9033325471698113,0.8964292452830189,0.8968290094339623,0.8339375
432652533,107,0.7174380841121495,0.7496366822429906,0.769269859813084,0.771571261682243,0.7900806074766354,0.8111226635514018,0.8118983644859813,0.8443971962616822,0.8478014018691588,0.8699684579439252,0.8686320093457943,0.8901834112149533,0.8913563084112149,0.8971203271028036,0.8937616822429907,0.9064030373831776,0.9046764018691588,0.9024614485981308,0.9036179906542057,0.8965957943925235,0.8970058411214953,0.8339953271028037
432652533,108,0.7172997685185185,0.7494652777777777,0.7692314814814816,0.7716886574074074,0.7904143518518518,0.8114791666666668,0.8122083333333334,0.8446689814814815,0.8479895833333333,0.870125,0.8687037037037036,0.8904108796296297,0.8914976851851852,0.8973402777777778,0.893875,0.9065891203703704,0.9049351851851852,0.9025972222222222,0.9037337962962964,0.8966990740740741,0.8971030092592593,0.8339849537037037
432652533,109,0.7172580275229358,0.7492603211009176,0.7692683486238532,0.7718532110091743,0.7907717889908257,0.8117477064220184,0.8125286697247707,0.8449174311926606,0.8482201834862385,0.8702442660550458,0.8688314220183486,0.890584862385321,0.891730504587156,0.8974197247706422,0.8941215596330275,0.9067981651376147,0.9051628440366972,0.9027167431192661,0.9039025229357799,0.8968233944954129,0.8972706422018348,0.834091743119266
432652533,110,0.7172295454545454,0.74915,0.7694045454545454,0.77185,0.7910147727272727,0.8119454545454546,0.8127386363636363,0.8450431818181816,0.8483227272727272,0.8703738636363637,0.868944318181818,0.8907647727272726,0.8919056818181819,0.8976181818181818,0.8943227272727272,0.9068875000000001,0.9052772727272727,0.9029181818181817,0.9040170454545455,0.8970102272727272,0.8973159090909091,0.8341579545454545
432652533,111,0.7171283783783783,0.7489358108108108,0.7695101351351352,0.7719200450450451,0.7913524774774776,0.8122274774774775,0.8130337837837838,0.8452218468468469,0.8484549549549549,0.8704538288288288,0.8691036036036037,0.8908997747747749,0.8921092342342343,0.8976813063063064,0.8943997747747748,0.9070382882882883,0.9054009009009009,0.9029200450450451,0.9041036036036036,0.8970337837837837,0.8973862612612613,0.8340968468468468
432652533,112,0.7171060267857142,0.7488046875,0.7695691964285715,0.7720669642857142,0.7916227678571429,0.8124910714285715,0.8131875,0.8453627232142857,0.8485580357142858,0.8705245535714285,0.8691071428571427,0.8910669642857142,0.8922868303571428,0.8977879464285713,0.8943738839285714,0.9071729910714286,0.9055033482142858,0.9029732142857142,0.9042488839285713,0.8971272321428571,0.8974810267857142,0.8340424107142858
432652533,113,0.7168628318584072,0.7485685840707964,0.7695365044247788,0.7721504424778761,0.7918904867256636,0.8128141592920354,0.8132853982300885,0.8455884955752213,0.8487831858407079,0.8707245575221239,0.8692400442477877,0.8913727876106194,0.892521017699115,0.8979269911504425,0.894591814159292,0.9073484513274336,0.9056847345132742,0.9030663716814158,0.9043440265486725,0.8971615044247787,0.8975464601769911,0.8340154867256636
432652533,114,0.716734649122807,0.7484243421052631,0.7696348684210527,0.7721677631578948,0.7921337719298245,0.8130756578947369,0.8135339912280701,0.8457423245614035,0.8489594298245614,0.8706578947368421,0.869297149122807,0.8914232456140351,0.8925953947368421,0.8980723684210526,0.8947905701754387,0.907548245614035,0.9058629385964911,0.9031469298245614,0.9044396929824561,0.897233552631579,0.897594298245614,0.8339736842105262
432652533,115,0.7166826086956521,0.7482913043478261,0.7696554347826087,0.7723847826086957,0.7925619565217391,0.8133902173913043,0.8138978260869565,0.8460304347826086,0.8492086956521739,0.8707923913043478,0.8694510869565217,0.8915586956521739,0.8927532608695651,0.8982608695652173,0.8949934782608695,0.9077608695652175,0.906091304347826,0.9032782608695652,0.9044717391304348,0.8973978260869566,0.8977380434782608,0.8339032608695652
432652533,116,0.7164655172413793,0.748155172413793,0.7696842672413793,0.7724127155172414,0.7927780172413793,0.813667025862069,0.81415625,0.8461508620689656,0.8493685344827586,0.8709148706896551,0.869459051724138,0.8917866379310345,0.8929547413793102,0.8983825431034483,0.8952295258620689,0.9079418103448277,0.9063092672413793,0.903427801724138,0.904594827586207,0.8975129310344828,0.8979202586206898,0.8339245689655173
432652533,117,0.7164444444444444,0.7480160256410257,0.7697564102564104,0.7725833333333334,0.7930811965811968,0.8140235042735043,0.8145117521367522,0.8462756410256411,0.8495042735042737,0.8710149572649574,0.8695598290598291,0.8919455128205129,0.8931527777777779,0.898587606837607,0.8954220085470088,0.9081752136752138,0.9064754273504275,0.9035758547008549,0.9048311965811968,0.8977083333333334,0.8979807692307694,0.8339626068376069
432652533,118,0.7163866525423728,0.7478442796610171,0.7697796610169492,0.7726843220338983,0.7934470338983051,0.8142944915254237,0.8147987288135594,0.8463591101694915,0.8495370762711865,0.8710900423728813,0.8696896186440678,0.8921228813559321,0.8932838983050847,0.8988029661016949,0.895582627118644,0.9082817796610169,0.906707627118644,0.903656779661017,0.9049427966101695,0.8977213983050848,0.8980529661016949,0.8339247881355932
432652533,119,0.7163077731092438,0.7476691176470589,0.7697279411764706,0.7728035714285714,0.7938319327731092,0.8145073529411766,0.8150724789915967,0.8464957983193279,0.8495924369747899,0.8711617647058825,0.8696869747899161,0.8922993697478993,0.8934128151260506,0.8988319327731095,0.8956481092436978,0.9084884453781514,0.9067689075630253,0.9036995798319328,0.905013655462185,0.8977457983193279,0.8981302521008405,0.8339348739495799
432652533,120,0.7161802083333333,0.7474739583333334,0.769790625,0.7729322916666668,0.7940197916666666,0.8147010416666667,0.8152583333333333,0.8465760416666667,0.8496875,0.8713447916666667,0.86983125,0.8925385416666667,0.8937114583333334,0.8990145833333334,0.8958583333333333,0.9087062499999999,0.9070479166666666,0.9038510416666666,0.9052322916666667,0.8979135416666667,0.8982854166666666,0.8338541666666668
432652533,121,0.7160103305785124,0.7472985537190083,0.7697262396694216,0.7729235537190082,0.7942179752066115,0.8148088842975206,0.815375,0.8466931818181819,0.8498088842975208,0.871357438016529,0.8699018595041322,0.892654958677686,0.8938295454545455,0.8990836776859504,0.8960113636363636,0.9087035123966941,0.9071663223140497,0.903974173553719,0.9052871900826447,0.8979462809917356,0.8982592975206612,0.8337541322314049
432652533,122,0.7159364754098361,0.7472920081967214,0.7697838114754099,0.7731659836065573,0.7945450819672132,0.8150553278688525,0.8156270491803277,0.8468924180327869,0.8499108606557377,0.8714774590163935,0.8700092213114754,0.8928288934426228,0.8939159836065573,0.899170081967213,0.8961290983606557,0.9088227459016394,0.907203893442623,0.9040829918032787,0.9052991803278689,0.8979887295081966,0.898263319672131,0.8337284836065574
432652533,123,0.7157764227642276,0.747030487804878,0.7697235772357723,0.7732621951219512,0.7948140243902438,0.8153394308943088,0.8159176829268292,0.8470457317073171,0.8500071138211382,0.871604674796748,0.8700416666666667,0.892941056910569,0.8940660569105692,0.8993028455284552,0.896321138211382,0.9089522357723576,0.907310975609756,0.9041321138211383,0.9053353658536586,0.8979613821138211,0.898321138211382,0.8335792682926828
432652533,124,0.715617943548387,0.7468911290322581,0.769688508064516,0.7734082661290322,0.7950574596774194,0.8156209677419355,0.816172379032258,0.8471653225806451,0.8502560483870968,0.8716754032258065,0.8701965725806451,0.893225806451613,0.8943377016129032,0.8994274193548388,0.8964223790322581,0.9090917338709678,0.9075322580645161,0.9042389112903225,0.9053850806451612,0.8980493951612903,0.8983921370967741,0.8335866935483871
432652533,125,0.7154360000000002,0.7466670000000001,0.7695770000000001,0.773442,0.7952910000000001,0.8158179999999999,0.816409,0.8473780000000001,0.8504200000000001,0.8717240000000002,0.8703360000000001,0.8933880000000002,0.8945010000000001,0.8995720000000001,0.8966050000000001,0.909209,0.907622,0.9043110000000001,0.9055140000000002,0.8980320000000002,0.8984370000000002,0.8335910000000001
432652533,126,0.7153184523809524,0.7464742063492064,0.7695505952380952,0.7734652777777778,0.7955039682539684,0.8160535714285715,0.816593253968254,0.8475466269841271,0.8504672619047621,0.8718660714285715,0.8704652777777779,0.8935148809523811,0.8946845238095239,0.8996904761904764,0.8968343253968255,0.9093799603174605,0.9077202380952382,0.9044156746031747,0.9056051587301589,0.8980823412698414,0.898483134920635,0.8335416666666667
432652533,127,0.7151840551181103,0.7463287401574805,0.7694685039370082,0.7733917322834647,0.7957253937007874,0.816081692913386,0.816708661417323,0.8475452755905513,0.850456692913386,0.8718779527559056,0.8704931102362206,0.8936259842519686,0.8948051181102363,0.8998001968503937,0.8968956692913387,0.9094251968503937,0.9078179133858268,0.9044547244094489,0.9057155511811025,0.8981141732283465,0.8984625984251969,0.8334488188976379
432652533,128,0.7151484375,0.746083984375,0.7694521484375,0.773515625,0.795912109375,0.8162529296875,0.8168916015625,0.8476396484375,0.85048046875,0.8720126953125,0.8705283203125,0.893833984375,0.89494140625,0.8998427734375,0.897044921875,0.9095185546875,0.907927734375,0.904541015625,0.905818359375,0.89812890625,0.8985380859375,0.833341796875
432652533,129,0.7151056201550386,0.7459651162790697,0.7694844961240308,0.7736046511627905,0.796174418604651,0.8164282945736433,0.8171695736434108,0.8478042635658914,0.8506327519379844,0.8721724806201548,0.8707170542635657,0.8939825581395349,0.8951618217054262,0.9001065891472867,0.8971947674418604,0.9096821705426354,0.9080862403100775,0.9047267441860464,0.9059689922480619,0.8982490310077519,0.8986201550387596,0.8333720930232558
432652533,130,0.7149836538461538,0.7457788461538462,0.7693903846153847,0.7737125000000001,0.7964817307692308,0.8167317307692308,0.8173576923076924,0.8479240384615385,0.8507701923076924,0.8723355769230771,0.8708048076923078,0.8940990384615386,0.895348076923077,0.9001951923076924,0.8973605769230771,0.9098134615384618,0.9082375000000001,0.9047298076923078,0.9060365384615386,0.898283653846154,0.8986509615384617,0.8333125000000001
432652533,131,0.714800572519084,0.7456221374045802,0.7692690839694656,0.7738024809160305,0.7966650763358779,0.8169103053435115,0.8175143129770993,0.8480925572519084,0.8508187022900763,0.8725143129770992,0.870925572519084,0.8942223282442748,0.8954685114503816,0.9002757633587786,0.8975362595419847,0.9098979007633587,0.9082958015267177,0.9047557251908397,0.9061326335877863,0.8983339694656488,0.8986641221374045,0.8332232824427481
432652533,132,0.7146609848484848,0.7453920454545454,0.76915625,0.7739375,0.796871212121212,0.8171325757575757,0.8177215909090909,0.8482367424242425,0.8509441287878787,0.8726136363636364,0.8710710227272728,0.8943910984848485,0.8956486742424242,0.9004772727272727,0.8977462121212121,0.9100625,0.9084763257575758,0.9048986742424242,0.9062575757575756,0.8983939393939394,0.89875,0.8332178030303031
432652533,133,0.7145404135338346,0.7451625939849624,0.768984962406015,0.7739699248120301,0.797171052631579,0.81725,0.8178355263157894,0.8483345864661654,0.8509642857142857,0.872624060150376,0.8710996240601503,0.8945441729323309,0.8957781954887218,0.9004859022556391,0.8978646616541353,0.9101795112781955,0.9085949248120301,0.9049360902255639,0.9063195488721805,0.8984727443609022,0.898828007518797,0.8330686090225564
432652533,134,0.7144878731343283,0.7449636194029851,0.7689449626865671,0.7740998134328358,0.7974393656716418,0.817472014925373,0.8180289179104479,0.8483740671641791,0.8510746268656717,0.8726875,0.871152052238806,0.8946128731343285,0.895875,0.9006371268656717,0.8980139925373135,0.9104048507462688,0.9087434701492536,0.905043843283582,0.9063358208955223,0.8985597014925373,0.8989533582089553,0.8330223880597015
432652533,135,0.7143240740740742,0.7447462962962963,0.7689981481481482,0.7742175925925926,0.7977851851851852,0.8177064814814814,0.8183268518518518,0.8485074074074074,0.8512231481481481,0.8727111111111111,0.8712583333333334,0.8947564814814815,0.8959768518518518,0.9006759259259259,0.8981527777777778,0.9105416666666666,0.9088564814814816,0.9050916666666667,0.9064231481481482,0.898588888888889,0.898975,0.8330444444444445
432652533,136,0.7140248161764706,0.7444972426470587,0.7689191176470588,0.7743556985294117,0.798047794117647,0.8178897058823529,0.8185110294117647,0.8486075367647059,0.85125,0.8728667279411765,0.8713501838235295,0.8948795955882354,0.8960615808823529,0.9008069852941177,0.8982674632352942,0.9106488970588236,0.9091102941176471,0.9051727941176471,0.9064439338235294,0.8986323529411766,0.8990082720588235,0.833
432652533,137,0.7137162408759125,0.7443065693430657,0.76875,0.7744388686131388,0.7982791970802919,0.8181651459854016,0.8187664233576643,0.8487600364963502,0.8513439781021898,0.8729534671532847,0.8715,0.8951113138686131,0.8962463503649635,0.9009315693430658,0.898404197080292,0.9108184306569345,0.9092883211678832,0.9052299270072993,0.9065255474452555,0.8986158759124088,0.8990045620437956,0.8329197080291972
432652533,138,0.7134320652173913,0.7440896739130435,0.768661231884058,0.7745588768115943,0.7985769927536233,0.8184728260869565,0.8190126811594203,0.8488378623188406,0.8514048913043477,0.8730932971014492,0.8715969202898551,0.8952264492753622,0.8964121376811595,0.9009990942028985,0.8984882246376811,0.9110045289855072,0.9095099637681159,0.9053161231884057,0.9066458333333333,0.898758152173913,0.8990733695652174,0.832883152173913
432652533,139,0.7132571942446043,0.7438588129496403,0.7685440647482015,0.7745746402877699,0.7988102517985611,0.8186501798561151,0.8192805755395685,0.8489748201438849,0.8515062949640287,0.873160071942446,0.8716555755395683,0.8953255395683454,0.8965611510791367,0.9011492805755396,0.8987419064748201,0.9112212230215828,0.9097410071942446,0.9054055755395684,0.9067535971223022,0.8988408273381295,0.8991339928057553,0.8327940647482014
432652533,140,0.7130241071428572,0.7435794642857143,0.768475,0.7745723214285714,0.79900625,0.8187571428571429,0.8194258928571428,0.8490098214285714,0.8515160714285714,0.8731598214285714,0.8716464285714285,0.8953473214285714,0.8965973214285714,0.9011348214285715,0.8987294642857142,0.9112526785714286,0.9097357142857143,0.9054678571428572,0.9067080357142856,0.8988767857142856,0.899192857142857,0.8327160714285714
432652533,141,0.7127881205673758,0.7433333333333334,0.7683315602836879,0.7746143617021277,0.7991498226950354,0.8189432624113474,0.8195771276595745,0.8490425531914894,0.8515921985815603,0.8732739361702128,0.8717535460992908,0.8955549645390071,0.8968129432624115,0.9012677304964538,0.8988927304964538,0.9114060283687944,0.9098794326241135,0.9055682624113475,0.9068147163120567,0.8989849290780142,0.8991870567375887,0.8327216312056737
432652533,142,0.7126514084507043,0.7431698943661972,0.7683028169014086,0.7747323943661972,0.7994049295774648,0.8191452464788732,0.8198353873239437,0.8492376760563379,0.8517491197183099,0.8733917253521126,0.8719524647887325,0.8957051056338028,0.8970651408450704,0.9014066901408451,0.8990616197183099,0.9116047535211268,0.9101338028169014,0.9057244718309859,0.9070651408450704,0.8991109154929577,0.8993318661971831,0.8326637323943662
432652533,143,0.7124842657342658,0.7429414335664335,0.7681215034965034,0.7747736013986014,0.7996284965034965,0.8194082167832167,0.8200533216783217,0.8492954545454545,0.8518015734265735,0.8734064685314685,0.8719781468531469,0.8958942307692307,0.8971765734265734,0.9015332167832169,0.8992045454545454,0.911673951048951,0.9102508741258741,0.90581993006993,0.9071092657342658,0.8991713286713287,0.8994388111888112,0.8326652097902097
432652533,144,0.7121527777777779,0.7427465277777777,0.7679166666666667,0.774868923611111,0.79984375,0.8196458333333333,0.8202152777777778,0.8494001736111111,0.8518984375,0.8735173611111111,0.8720520833333333,0.8960842013888889,0.8973289930555556,0.9016649305555556,0.8993602430555555,0.9117109375,0.9103324652777778,0.9058836805555556,0.9072135416666668,0.8991883680555556,0.8994305555555556,0.83259375
432652533,145,0.7119051724137931,0.7425172413793103,0.7678112068965518,0.7749318965517241,0.8000215517241379,0.8197655172413792,0.8203862068965517,0.8495517241379311,0.8519853448275863,0.8736594827586207,0.8721284482758621,0.8962879310344828,0.8974793103448275,0.9018405172413793,0.8995129310344828,0.9119749999999999,0.910548275862069,0.9060612068965518,0.9073163793103448,0.899280172413793,0.8995405172413793,0.8325551724137931
432652533,146,0.711673801369863,0.7423202054794521,0.7676575342465753,0.7751113013698631,0.8003655821917808,0.8199991438356165,0.820626712328767,0.8496952054794521,0.8521977739726028,0.873875,0.8723313356164383,0.896480308219178,0.897625,0.9019426369863013,0.899763698630137,0.912161815068493,0.910652397260274,0.9060950342465753,0.9073655821917808,0.8993056506849316,0.8995898972602739,0.8325162671232876
432652533,147,0.7116054421768707,0.7420578231292517,0.767545918367347,0.7751675170068026,0.8006011904761905,0.8201743197278911,0.8208171768707483,0.8498027210884354,0.852313775510204,0.874014455782313,0.8724991496598639,0.8966011904761905,0.8977287414965985,0.9020552721088435,0.8999302721088436,0.9122712585034014,0.9108027210884354,0.9062142857142856,0.9074795918367347,0.8993801020408164,0.8996666666666667,0.8324880952380953
432652533,148,0.7114298986486487,0.7418141891891892,0.7674163851351352,0.7751866554054054,0.8008496621621621,0.8203817567567567,0.8210760135135136,0.8500042229729731,0.852441722972973,0.8741317567567568,0.8726081081081081,0.8968201013513514,0.8979915540540541,0.902147804054054,0.90009375,0.9124645270270271,0.9109070945945946,0.9062930743243244,0.9075667229729729,0.8994636824324325,0.8997086148648649,0.832397804054054
432652533,149,0.7112206375838926,0.7415335570469799,0.7671845637583893,0.775255033557047,0.801010067114094,0.8206510067114094,0.8212474832214764,0.8501635906040269,0.8525293624161073,0.874138422818792,0.8726593959731543,0.8968691275167785,0.8981040268456376,0.9022416107382549,0.9001778523489933,0.9125889261744967,0.9110142617449665,0.9063104026845638,0.9076459731543626,0.8994580536912752,0.8996669463087248,0.832248322147651
432652533,150,0.7110675000000001,0.7413375000000001,0.7670816666666667,0.7753125,0.8012325,0.8208475000000001,0.8214266666666667,0.8503924999999999,0.8527100000000001,0.8742616666666666,0.8727841666666666,0.8970658333333333,0.8982708333333332,0.9024175,0.900385,0.9128025,0.9112708333333333,0.9064791666666666,0.9078675,0.8996124999999999,0.8998008333333333,0.83226
432652533,151,0.7110107615894039,0.7411423841059603,0.7669975165562914,0.775430463576159,0.8014271523178808,0.8210968543046359,0.821658940397351,0.8504701986754967,0.8527649006622516,0.8743932119205298,0.8728890728476821,0.8972516556291391,0.8984652317880796,0.902475165562914,0.9005529801324503,0.912932119205298,0.911384105960265,0.906635761589404,0.9079602649006622,0.8996307947019868,0.8998816225165562,0.8322483443708609
432652533,152,0.7108930921052631,0.740953947368421,0.766875,0.7755082236842106,0.8015921052631579,0.8213059210526316,0.8218182565789472,0.8506422697368421,0.852875,0.8744810855263159,0.8729597039473684,0.8973347039473686,0.8985855263157895,0.9025271381578948,0.900671875,0.9130213815789474,0.9115090460526317,0.9066661184210527,0.9080320723684211,0.8996225328947369,0.8999580592105263,0.8322277960526316
432652533,153,0.7107671568627452,0.7408194444444445,0.7668194444444445,0.7755669934640523,0.8018709150326798,0.821528594771242,0.8220825163398694,0.8507794117647061,0.8529926470588236,0.8745800653594773,0.8729730392156864,0.8975089869281048,0.8987099673202616,0.9026821895424838,0.9008455882352944,0.9131952614379086,0.9117017973856212,0.9067736928104576,0.9081331699346407,0.899762254901961,0.8999681372549021,0.8322189542483661
432652533,154,0.7105422077922078,0.7406501623376623,0.7666785714285714,0.7756055194805195,0.8020746753246754,0.8216842532467532,0.82225,0.8508676948051948,0.8530381493506493,0.8746047077922078,0.8730219155844157,0.8975811688311688,0.8987573051948052,0.9028400974025974,0.9009959415584415,0.9133474025974027,0.9118303571428572,0.9068051948051948,0.9081801948051947,0.8998076298701299,0.9000300324675324,0.8321704545454545
432652533,155,0.71045,0.7405104838709679,0.7665346774193549,0.7756185483870968,0.8022991935483871,0.8218774193548387,0.8224677419354839,0.8510048387096775,0.8531016129032257,0.874692741935484,0.8730991935483872,0.8976790322580646,0.8988782258064516,0.9029306451612904,0.9011217741935484,0.9134798387096774,0.9119717741935485,0.9069112903225807,0.9082516129032258,0.8998895161290322,0.900058870967742,0.8320677419354838
432652533,156,0.7102876602564102,0.7403493589743589,0.7664463141025641,0.7756466346153846,0.8025072115384615,0.8220649038461538,0.8226514423076923,0.8510929487179487,0.8531794871794872,0.8747059294871794,0.8731346153846155,0.8977011217948718,0.898971955128205,0.9029863782051282,0.9012475961538462,0.9135873397435897,0.9119847756410256,0.9069286858974358,0.9082796474358975,0.8998565705128205,0.9000472756410256,0.8319455128205129
432652533,157,0.7101711783439492,0.7402085987261147,0.7664164012738854,0.7757675159235669,0.8028121019108281,0.8223105095541401,0.8228606687898089,0.8512531847133757,0.8533176751592356,0.8748328025477706,0.8732762738853503,0.8979028662420383,0.8991512738853503,0.9031425159235669,0.9014410828025478,0.9137277070063694,0.9121759554140129,0.9069339171974523,0.9083622611464969,0.8999164012738854,0.9001194267515923,0.8318988853503184
432652533,158,0.7100284810126581,0.7400886075949368,0.7662919303797469,0.7758085443037974,0.8030205696202533,0.8225751582278481,0.8230751582278482,0.8513876582278481,0.8534485759493671,0.8749778481012659,0.8734272151898734,0.8980854430379747,0.899373417721519,0.903314082278481,0.9015870253164557,0.913943829113924,0.912384493670886,0.9071036392405063,0.908498417721519,0.9000387658227849,0.9002476265822785,0.8319256329113923
432652533,159,0.7098561320754716,0.739937893081761,0.766187106918239,0.7758231132075472,0.8032138364779875,0.822752358490566,0.8231996855345912,0.851500786163522,0.8534709119496855,0.8750055031446541,0.8734897798742138,0.8982138364779874,0.8994984276729561,0.903496855345912,0.9016941823899371,0.9140526729559749,0.9124811320754717,0.9072444968553459,0.9086595911949685,0.900185534591195,0.9003459119496855,0.8319025157232705
432652533,160,0.7096937499999999,0.73973984375,0.7661109374999999,0.77585078125,0.80334140625,0.8229164062500001,0.8233734375,0.8515750000000001,0.85356171875,0.8750640625,0.873546875,0.8983023437500001,0.8995875,0.903575,0.90177734375,0.9141414062500001,0.91254296875,0.90737421875,0.90879296875,0.9002757812500001,0.9004265625000001,0.8319046875000001
432652533,161,0.7095093167701864,0.7395621118012423,0.7659899068322981,0.7758757763975156,0.8035380434782609,0.8231234472049689,0.8236156832298136,0.8516871118012422,0.8537600931677019,0.8752041925465839,0.8736746894409937,0.8984673913043477,0.8997585403726709,0.9036327639751552,0.9018478260869565,0.9143206521739131,0.9127259316770187,0.9074805900621118,0.9089363354037268,0.9003486024844721,0.9005155279503105,0.831889751552795
432652533,162,0.709329475308642,0.7393364197530864,0.7659583333333333,0.7758634259259258,0.8037175925925926,0.8233078703703703,0.8237793209876543,0.8517469135802469,0.8538001543209877,0.8752307098765432,0.8737021604938272,0.8985570987654321,0.8998016975308643,0.9037600308641974,0.9019706790123457,0.9144297839506174,0.9128549382716049,0.9075231481481482,0.9089899691358024,0.900454475308642,0.9005972222222222,0.831920524691358
432652533,163,0.7091602760736196,0.739146472392638,0.7659455521472393,0.7758957055214724,0.8039256134969326,0.8235322085889571,0.8239846625766871,0.8518604294478528,0.8539378834355829,0.8753573619631903,0.8737515337423313,0.898756134969325,0.9000046012269938,0.9038236196319019,0.9021065950920246,0.9145881901840491,0.9130130368098159,0.907739263803681,0.909105828220859,0.900614263803681,0.9007085889570552,0.8319409509202453
432652533,164,0.7089474085365854,0.738967987804878,0.7657225609756098,0.7759458841463415,0.8040350609756096,0.8236966463414634,0.8241173780487805,0.8519870426829268,0.8540266768292684,0.8754230182926829,0.8737682926829268,0.8988833841463414,0.9001524390243903,0.90396875,0.9022903963414634,0.9146486280487804,0.9130998475609756,0.9077690548780488,0.9091684451219512,0.9006524390243902,0.9007675304878048,0.8319641768292684
432652533,165,0.7087015151515152,0.7387265151515151,0.7655462121212121,0.7759136363636362,0.8041954545454545,0.8238378787878787,0.8243363636363636,0.8520431818181818,0.8541166666666666,0.875494696969697,0.8738742424242423,0.899019696969697,0.9002636363636364,0.9040401515151515,0.9023598484848485,0.9148265151515151,0.9132143939393939,0.9078765151515151,0.909280303030303,0.9008098484848485,0.9008780303030303,0.8319522727272728
432652533,166,0.7085730421686748,0.7385459337349398,0.7654457831325301,0.7760015060240963,0.8043561746987952,0.8239977409638555,0.8245579819277109,0.8521076807228914,0.8542063253012048,0.8755466867469879,0.8739548192771084,0.8990647590361446,0.9003177710843374,0.9040715361445784,0.9024073795180723,0.9149578313253012,0.9133109939759035,0.907898343373494,0.9093087349397591,0.900906626506024,0.9009751506024096,0.8319638554216867
432652533,167,0.7084670658682635,0.7383712574850299,0.765370508982036,0.7759229041916168,0.80449625748503,0.8241025449101796,0.8246010479041915,0.8521923652694611,0.8542320359281438,0.8755808383233533,0.8740471556886228,0.8991107784431137,0.9003435628742515,0.9041347305389222,0.9024573353293412,0.9149910179640719,0.9133884730538923,0.9079199101796407,0.9093315868263473,0.900939371257485,0.9010606287425149,0.8319124251497005
432652533,168,0.7083876488095239,0.7382276785714286,0.7652730654761905,0.7759561011904762,0.8046636904761905,0.824265625,0.824764880952381,0.8522671130952381,0.8543638392857142,0.8757120535714286,0.8741011904761905,0.8992276785714286,0.9004813988095237,0.9042150297619048,0.9025758928571429,0.9151116071428571,0.913453869047619,0.9079799107142857,0.9093928571428571,0.900967261904762,0.9011622023809523,0.8318616071428571
432652533,169,0.7082292899408285,0.7380628698224851,0.7652248520710059,0.7759467455621302,0.8048187869822486,0.824487426035503,0.824944526627219,0.8523698224852071,0.8545295857988165,0.8757255917159764,0.8741634615384616,0.899340976331361,0.9005591715976332,0.9042914201183433,0.9027041420118342,0.9151494082840236,0.9135162721893492,0.9080377218934912,0.9094275147928994,0.9010140532544378,0.9012359467455622,0.8317921597633137
432652533,170,0.7081316176470589,0.7378926470588235,0.765172794117647,0.7759558823529412,0.8049544117647061,0.8245882352941178,0.8250625000000001,0.8524602941176472,0.8546110294117649,0.8757661764705883,0.874181617647059,0.8993713235294118,0.9005426470588236,0.9043264705882355,0.9028117647058825,0.915244117647059,0.9135948529411767,0.9080735294117649,0.9094375000000002,0.9010308823529413,0.9012786764705883,0.8317220588235296
432652533,171,0.7080204678362574,0.7376557017543859,0.7650592105263159,0.7759649122807017,0.8050423976608186,0.8246323099415205,0.8252134502923978,0.852483187134503,0.854641812865497,0.8758084795321638,0.8742711988304093,0.899468567251462,0.9006842105263159,0.9043494152046783,0.9028077485380117,0.9153114035087719,0.9136951754385965,0.9081337719298245,0.9095606725146199,0.901109649122807,0.9013874269005848,0.8316769005847953
432652533,172,0.7078989825581395,0.7374890988372093,0.7649781976744187,0.7760414244186046,0.8052790697674418,0.8248408430232559,0.8255050872093023,0.8526736918604652,0.8548401162790696,0.8759375,0.8743662790697674,0.899609738372093,0.9009265988372094,0.9045072674418605,0.9029331395348839,0.9155443313953489,0.9138771802325582,0.9083015988372093,0.909688226744186,0.9011780523255813,0.9014665697674419,0.8316424418604652
432652533,173,0.7077933526011561,0.7373222543352601,0.7648605491329479,0.7760498554913294,0.8054660404624279,0.8249140173410404,0.8256408959537572,0.8527507225433526,0.8549169075144509,0.8759414739884391,0.8743742774566474,0.8997630057803468,0.9010549132947976,0.9046921965317919,0.9031300578034681,0.9157622832369942,0.9140419075144509,0.908514450867052,0.9098424855491328,0.9012861271676299,0.901596098265896,0.8316416184971099
432652533,174,0.7076932471264368,0.7371961206896551,0.7647938218390805,0.7760969827586207,0.8056824712643678,0.8250495689655172,0.8257600574712645,0.8528103448275861,0.8549992816091955,0.8759971264367816,0.8744533045977012,0.8998872126436781,0.9011386494252873,0.9047449712643679,0.9032528735632184,0.9158886494252872,0.9141767241379309,0.9086048850574712,0.9099145114942528,0.9013829022988504,0.9017248563218391,0.8316472701149424
432652533,175,0.7075421428571428,0.7369464285714284,0.7646428571428571,0.7761207142857143,0.8058457142857143,0.8251135714285716,0.8258278571428572,0.8527771428571429,0.8550507142857142,0.875962857142857,0.8744771428571428,0.899925,0.90116,0.9048514285714286,0.9033364285714286,0.9159842857142858,0.9142864285714286,0.9086485714285714,0.9099957142857142,0.9015171428571428,0.9017778571428571,0.8316285714285714
432652533,176,0.7073849431818182,0.7367301136363638,0.764484375,0.7761079545454546,0.8059964488636363,0.8252975852272727,0.8259453125,0.8528884943181818,0.8551491477272728,0.8760838068181818,0.8745958806818183,0.8999957386363635,0.9012727272727272,0.9049410511363636,0.9034509943181818,0.9161427556818182,0.914440340909091,0.9087258522727274,0.9100632102272728,0.9016228693181819,0.9018267045454545,0.8316122159090908
432652533,177,0.7072146892655368,0.7365218926553673,0.7643354519774012,0.7761151129943503,0.8060748587570622,0.8254194915254238,0.8260706214689265,0.8529392655367232,0.8552231638418079,0.8762005649717515,0.8747598870056497,0.9001002824858757,0.901361581920904,0.9050007062146892,0.9035218926553673,0.9162641242937852,0.9145642655367233,0.9087831920903955,0.9101377118644068,0.9016278248587571,0.9018559322033898,0.8315868644067795
432652533,178,0.7070337078651685,0.7363855337078651,0.7642998595505619,0.7761439606741574,0.8063426966292135,0.8256657303370787,0.8262970505617977,0.853058286516854,0.8553707865168539,0.8762900280898877,0.8748132022471911,0.9002773876404494,0.9015070224719102,0.9051039325842696,0.9036566011235955,0.9164150280898876,0.91475,0.9088384831460674,0.9102148876404494,0.9016713483146068,0.9019543539325843,0.8314789325842696
432652533,179,0.7068917597765363,0.7361333798882681,0.7642898044692739,0.7761208100558659,0.8065446927374302,0.8258023743016761,0.8264343575418994,0.8530789106145251,0.8554525139664804,0.8763561452513966,0.874865223463687,0.9004134078212289,0.901615223463687,0.9051417597765362,0.9037472067039105,0.9164951117318435,0.914840782122905,0.9088722067039106,0.9103324022346367,0.9016445530726257,0.9019685754189943,0.8314078212290503
432652533,180,0.7068270833333333,0.7359451388888889,0.7641527777777778,0.7760791666666667,0.8067423611111112,0.8258854166666667,0.8265256944444446,0.8530930555555556,0.8554909722222221,0.8763965277777777,0.8748770833333332,0.9004666666666667,0.9016763888888888,0.9051833333333333,0.9038104166666666,0.9165729166666666,0.9148847222222222,0.9089333333333334,0.9103319444444444,0.9017375,0.9020194444444444,0.8313111111111111
432652533,181,0.706635359116022,0.7357078729281769,0.7639813535911602,0.776050414364641,0.8069150552486187,0.8259993093922652,0.826614640883978,0.8531291436464089,0.8555593922651934,0.8764779005524862,0.8749585635359115,0.9005310773480663,0.9018080110497237,0.9052430939226519,0.9039917127071823,0.9167113259668508,0.9150421270718232,0.9090359116022099,0.9104178176795581,0.9018404696132596,0.9020421270718232,0.8312900552486188
432652533,182,0.7065219780219779,0.735540521978022,0.763901098901099,0.7760721153846155,0.8071174450549452,0.8261442307692308,0.8267712912087912,0.8531675824175825,0.8555947802197803,0.8765432692307693,0.8750467032967034,0.9006600274725276,0.9018846153846155,0.9053990384615386,0.9041160714285715,0.9168475274725276,0.9151565934065936,0.9091524725274726,0.9104519230769232,0.9018770604395605,0.9021071428571429,0.8312843406593409
432652533,183,0.7064706284153005,0.7353346994535519,0.7638948087431694,0.7761489071038252,0.8073784153005465,0.8263107923497267,0.8269494535519126,0.8532998633879781,0.8556864754098361,0.8766700819672132,0.8751625683060109,0.9007814207650273,0.9020061475409835,0.9055382513661202,0.9042862021857924,0.9169596994535519,0.9152588797814207,0.9091953551912569,0.9105,0.9019474043715846,0.9021420765027321,0.8312452185792351
432652533,184,0.7063974184782608,0.7351691576086956,0.763859375,0.7762044836956522,0.8075366847826088,0.8263763586956522,0.8270115489130435,0.8533804347826087,0.8557513586956522,0.8766861413043479,0.8751827445652175,0.9008648097826087,0.902110054347826,0.905625,0.9043417119565218,0.9170427989130435,0.9154076086956523,0.9092486413043478,0.9105726902173913,0.9020169836956522,0.9022167119565218,0.8311610054347827
432652533,185,0.7063317567567569,0.7349777027027027,0.7637560810810811,0.7762101351351353,0.8077141891891892,0.8264236486486486,0.8270716216216217,0.8534493243243244,0.8558162162162162,0.8766635135135137,0.8752067567567569,0.9009817567567568,0.9022209459459459,0.9057256756756759,0.9044445945945946,0.9171405405405405,0.9155614864864865,0.909341891891892,0.9107006756756757,0.9020554054054054,0.9022675675675675,0.8311885135135135
432652533,186,0.7062372311827957,0.7348239247311829,0.763679435483871,0.776247311827957,0.807869623655914,0.8265,0.8271814516129031,0.8535208333333333,0.8558877688172042,0.8766612903225804,0.8751807795698924,0.9010772849462366,0.9023380376344086,0.9058266129032257,0.90452688172043,0.9172399193548386,0.9156995967741935,0.9093978494623655,0.9108118279569892,0.902122311827957,0.9023299731182794,0.8312069892473117
432652533,187,0.7061143048128342,0.7346965240641711,0.7636129679144386,0.7762941176470588,0.8080855614973262,0.8266149732620319,0.8273081550802139,0.853543449197861,0.8559812834224599,0.8766651069518716,0.8752058823529412,0.9011744652406417,0.9023689839572191,0.9058923796791444,0.9046691176470588,0.9173455882352941,0.9157887700534759,0.9095180481283422,0.9108870320855614,0.9022045454545455,0.9024204545454545,0.8312025401069518
432652533,188,0.7059940159574468,0.7345126329787234,0.7635232712765958,0.7762992021276596,0.8082938829787234,0.8267932180851063,0.8274261968085107,0.8536170212765957,0.8560452127659575,0.8767613031914894,0.8752918882978723,0.9012872340425532,0.9025398936170214,0.9060644946808512,0.9048045212765958,0.9175259308510639,0.91596875,0.9096409574468085,0.9110039893617022,0.9023038563829788,0.9024980053191489,0.8312127659574468
432652533,189,0.7059728835978836,0.7343611111111111,0.76344708994709,0.7763498677248676,0.8084689153439153,0.8269080687830688,0.8275681216931217,0.8536984126984127,0.8561236772486772,0.8767612433862435,0.8752843915343915,0.901353835978836,0.9025859788359788,0.9061719576719577,0.9048604497354498,0.9176276455026454,0.916063492063492,0.9097136243386245,0.9110787037037037,0.9023439153439153,0.9025396825396825,0.8311461640211639
432652533,190,0.7059013157894738,0.7342611842105262,0.7633993421052632,0.7764473684210526,0.8086861842105263,0.8270315789473685,0.8277177631578948,0.8537,0.8561743421052631,0.8768151315789473,0.8753111842105263,0.9014197368421053,0.9026605263157894,0.9062440789473684,0.9049473684210527,0.917717105263158,0.9161368421052632,0.9097434210526317,0.9111256578947369,0.9023802631578948,0.9025881578947367,0.8310973684210525
432652533,191,0.7057886125654451,0.7341282722513088,0.7633259162303665,0.7764011780104711,0.8089181937172775,0.8271747382198953,0.8278579842931938,0.8537297120418849,0.8562395287958116,0.8768462041884817,0.8753475130890053,0.9014548429319371,0.9026924083769634,0.906351439790576,0.9050445026178011,0.9177879581151833,0.9162041884816755,0.909791884816754,0.9112375654450262,0.9023946335078534,0.9026158376963351,0.8310608638743455
432652533,192,0.7056901041666668,0.733951171875,0.7632239583333333,0.7764375,0.80909375,0.8273046875,0.8279973958333333,0.8537766927083333,0.856306640625,0.8768522135416668,0.8753509114583333,0.9015657552083333,0.9027877604166668,0.9064440104166667,0.9051204427083334,0.9179055989583332,0.9162643229166666,0.9098802083333333,0.9112766927083332,0.9024498697916667,0.9026048177083332,0.8310123697916667
432652533,193,0.7055744818652849,0.7337920984455958,0.7631101036269429,0.7764546632124352,0.8092111398963729,0.827439766839378,0.8280984455958548,0.8537908031088082,0.8563445595854922,0.8768801813471501,0.875407383419689,0.9016237046632123,0.9028387305699481,0.9064702072538858,0.9051858808290154,0.9180174870466319,0.9164099740932641,0.9099902849740932,0.9113529792746112,0.9025123056994817,0.902687176165803,0.8310148963730569
432652533,194,0.705492912371134,0.7336011597938146,0.7630219072164948,0.7765012886597937,0.809430412371134,0.827548969072165,0.828237113402062,0.8538363402061857,0.8563930412371135,0.8768878865979383,0.8754046391752579,0.9016372422680413,0.9029201030927836,0.9065921391752579,0.9053015463917528,0.9181030927835053,0.9165064432989694,0.9100541237113405,0.9114503865979383,0.9025773195876291,0.9027139175257732,0.8309639175257734
432652533,195,0.7053955128205128,0.7334596153846153,0.7629878205128205,0.776502564102564,0.8096115384615385,0.8276871794871796,0.8283333333333334,0.8538621794871796,0.8564108974358976,0.8768679487179488,0.8753391025641026,0.901694871794872,0.9030147435897438,0.9066576923076926,0.9053467948717949,0.9182423076923079,0.9165519230769232,0.9100923076923079,0.9115153846153847,0.9025993589743591,0.9027096153846155,0.8309833333333334
432652533,196,0.7052455357142857,0.7333596938775511,0.7629642857142858,0.7765204081632653,0.8098348214285714,0.8278654336734694,0.8284502551020407,0.8539036989795918,0.8564610969387756,0.876889030612245,0.8753826530612245,0.9017920918367347,0.9031173469387754,0.9067174744897959,0.9053960459183674,0.9183386479591837,0.9165886479591836,0.9101843112244898,0.9116033163265306,0.9026505102040817,0.9027589285714286,0.8309866071428571
432652533,197,0.7050786802030456,0.7332087563451777,0.7628534263959391,0.776488578680203,0.8099511421319797,0.8279587563451777,0.8285139593908629,0.8539701776649746,0.856479695431472,0.8768565989847716,0.8754257614213198,0.9018248730964467,0.903117385786802,0.9068267766497462,0.9055253807106599,0.9184149746192893,0.9166637055837564,0.9102385786802031,0.9116541878172588,0.9027100253807107,0.9028572335025381,0.8309143401015229
432652533,198,0.7049513888888889,0.7330808080808081,0.762751893939394,0.7765523989898989,0.8101477272727272,0.8280517676767677,0.8286489898989899,0.8540050505050506,0.8565056818181819,0.8768661616161617,0.8754116161616161,0.9018712121212121,0.9031603535353536,0.9068592171717172,0.9055492424242425,0.9185037878787878,0.9167392676767677,0.9103181818181819,0.9116862373737374,0.9027828282828283,0.9029444444444444,0.8308636363636364
432652533,199,0.7048423366834171,0.7329780150753769,0.7626507537688442,0.7765841708542713,0.8102518844221106,0.8281369346733668,0.8287719849246231,0.8540772613065326,0.8565609296482412,0.8768951005025126,0.8754208542713569,0.9019943467336684,0.9032085427135678,0.9069704773869346,0.9056118090452262,0.9186444723618091,0.9168580402010051,0.9104145728643216,0.9117701005025126,0.902858040201005,0.9030125628140704,0.8308121859296483
432652533,200,0.7047018749999999,0.7328175,0.7624981249999999,0.7765687499999999,0.810373125,0.8282143750000001,0.8289200000000001,0.8540762500000001,0.8566518750000001,0.876953125,0.8754400000000001,0.90209375,0.90328875,0.9070168750000001,0.9056700000000001,0.918749375,0.9169437500000001,0.910478125,0.911805625,0.90291625,0.903045625,0.830745625
202244314,1,0.7945,0.789375,0.791125,0.808375,0.81125,0.815125,0.812,0.813875,0.8105,0.811875,0.81325,0.81225,0.81325,0.8205,0.815875,0.825125,0.82325,0.828125,0.828,0.82275,0.825,0.799
202244314,2,0.81375,0.8178125,0.8166875,0.823125,0.82925,0.8314375,0.8319375,0.8371875,0.831125,0.836,0.836125,0.838125,0.838375,0.8418125,0.8418125,0.8461875,0.844125,0.8478125,0.8464375,0.846625,0.84775,0.821
202244314,3,0.7987083333333332,0.8089166666666665,0.8158333333333333,0.8266666666666665,0.8329999999999999,0.8366249999999998,0.8379583333333332,0.8431666666666666,0.8415416666666665,0.8439166666666665,0.84475,0.8445833333333332,0.8447499999999999,0.8460833333333333,0.84525,0.8528333333333332,0.8515416666666665,0.8549583333333333,0.8549166666666665,0.8524166666666666,0.8531249999999999,0.8230416666666667
202244314,4,0.78390625,0.7973125,0.81128125,0.823125,0.83296875,0.84003125,0.8399375,0.84646875,0.8468125,0.851375,0.8513125,0.85034375,0.8506875,0.85428125,0.85046875,0.85675,0.85621875,0.85821875,0.85815625,0.85696875,0.857125,0.82640625
202244314,5,0.7706500000000001,0.7872,0.8046250000000001,0.8192750000000001,0.831825,0.8404250000000001,0.8415499999999999,0.8486750000000002,0.8495250000000001,0.8554750000000001,0.8553000000000001,0.8557750000000001,0.8563000000000001,0.8586500000000001,0.855925,0.8627250000000002,0.8613000000000001,0.8626250000000001,0.862025,0.859425,0.86055,0.8293750000000001
202244314,6,0.7589375,0.7758125,0.7947708333333334,0.8130208333333334,0.8288125,0.8394166666666667,0.8407708333333334,0.852125,0.8547916666666667,0.8598333333333333,0.8596041666666667,0.859875,0.8600208333333335,0.862125,0.859875,0.8639791666666667,0.8634166666666667,0.8658125000000001,0.8652083333333335,0.8625833333333334,0.8636666666666667,0.8336666666666668
202244314,7,0.7525892857142857,0.7704107142857142,0.7885,0.807375,0.8244464285714286,0.8373392857142857,0.8386607142857142,0.8505535714285715,0.8551964285714286,0.8600535714285714,0.8607857142857143,0.8621428571428572,0.8620357142857142,0.8635535714285714,0.8629464285714286,0.8673928571428571,0.86575,0.8686428571428572,0.8680892857142858,0.8642142857142858,0.8651964285714286,0.833375
202244314,8,0.746125,0.763796875,0.781953125,0.80078125,0.8195625,0.83490625,0.83640625,0.85059375,0.856484375,0.864921875,0.8645,0.86528125,0.865234375,0.867125,0.8664375,0.869765625,0.8686875,0.870671875,0.870609375,0.8654375,0.866578125,0.833140625
202244314,9,0.7407916666666667,0.7581944444444445,0.7763611111111111,0.7968611111111114,0.8155,0.8336944444444445,0.835513888888889,0.850527777777778,0.8568472222222223,0.8666250000000002,0.8660277777777778,0.8677777777777779,0.8682222222222225,0.8691805555555556,0.8688611111111113,0.8719166666666668,0.8714027777777779,0.8723888888888889,0.8735277777777779,0.8682222222222225,0.8690833333333334,0.8346805555555556
202244314,10,0.735975,0.7529750000000001,0.7706000000000001,0.793,0.8118125000000002,0.8310375000000001,0.8329250000000001,0.8502000000000001,0.8571500000000001,0.8668625000000002,0.8667500000000002,0.8701125000000002,0.8703375000000001,0.8717875000000002,0.8705125,0.8763125000000003,0.8749875,0.8755375000000002,0.8761250000000002,0.8708500000000001,0.871025,0.8359375
202244314,11,0.7323863636363636,0.7481931818181817,0.7654318181818182,0.7889545454545455,0.8090795454545453,0.828556818181818,0.8303636363636363,0.8483636363636362,0.8552272727272725,0.8675340909090907,0.8672499999999999,0.871215909090909,0.8715795454545453,0.8750340909090908,0.8732045454545453,0.8788522727272726,0.8776136363636362,0.8777840909090908,0.8786136363636362,0.8721022727272725,0.8731590909090907,0.8378068181818181
202244314,12,0.7314583333333332,0.746375,0.7625208333333334,0.7856979166666668,0.8049895833333333,0.8248645833333332,0.82771875,0.8465520833333332,0.85421875,0.8674479166666667,0.86665625,0.8721041666666667,0.8725520833333332,0.87684375,0.8741875,0.8793645833333332,0.87840625,0.8795520833333332,0.88025,0.8733854166666667,0.87428125,0.8403125
202244314,13,0.7290288461538462,0.7431057692307693,0.7600000000000001,0.7824615384615385,0.801826923076923,0.821875,0.8249615384615385,0.8450192307692309,0.8531153846153847,0.8677500000000002,0.8667788461538463,0.8733846153846154,0.8733557692307693,0.8777500000000001,0.8753750000000001,0.8818269230769232,0.8800865384615386,0.8804615384615385,0.881471153846154,0.8742788461538462,0.8750576923076924,0.8401442307692308
202244314,14,0.7272678571428571,0.7407232142857142,0.7578303571428572,0.7807321428571429,0.7998214285714287,0.8203303571428572,0.8235625000000001,0.8440178571428573,0.8521517857142857,0.8671250000000001,0.8665625000000001,0.8743214285714287,0.8743303571428572,0.8789107142857144,0.876294642857143,0.8826339285714286,0.8818750000000002,0.8813214285714287,0.8821160714285715,0.8753303571428572,0.8763125000000002,0.8409285714285716
202244314,15,0.7262666666666666,0.7386416666666666,0.7552416666666666,0.7787166666666667,0.7982583333333333,0.8180666666666667,0.8215666666666668,0.8427083333333335,0.8510166666666668,0.8667,0.8663333333333335,0.8747166666666668,0.8754083333333336,0.8799083333333335,0.8772333333333333,0.8837750000000001,0.8834250000000001,0.8828750000000002,0.8838416666666667,0.8765916666666668,0.8775833333333335,0.8417083333333335
202244314,16,0.7254921875,0.7383984375,0.753515625,0.7772578125,0.796484375,0.816375,0.8193046875,0.8413359375,0.8506796875,0.8665078125,0.866265625,0.8750546875,0.8758125,0.8811796875,0.87821875,0.88453125,0.8839921875,0.88340625,0.884390625,0.876625,0.8775390625,0.8414921875
202244314,17,0.7251764705882353,0.7375367647058825,0.7521470588235294,0.7754117647058824,0.7944485294117647,0.8146691176470588,0.8170588235294118,0.8398161764705883,0.8494191176470589,0.8658676470588237,0.8655367647058825,0.8749926470588236,0.8758676470588237,0.8815,0.8784558823529413,0.8858602941176472,0.8846470588235295,0.8838676470588237,0.8849705882352943,0.8775367647058825,0.8780000000000001,0.8411102941176472
202244314,18,0.7255277777777779,0.736826388888889,0.7506944444444444,0.7740069444444446,0.7928958333333334,0.8133958333333332,0.8156597222222223,0.8393958333333335,0.8492847222222224,0.8665486111111111,0.8660486111111113,0.8758819444444446,0.8765208333333335,0.8817569444444445,0.8791180555555557,0.8862500000000001,0.8850486111111112,0.8844930555555557,0.8856527777777778,0.8783402777777778,0.8786597222222223,0.8414513888888889
202244314,19,0.7261644736842104,0.7370592105263157,0.7501052631578948,0.7726907894736842,0.7911776315789473,0.8122631578947369,0.814703947368421,0.8385789473684211,0.8485328947368421,0.8661315789473685,0.8653815789473684,0.876671052631579,0.8773684210526317,0.8825855263157895,0.8802368421052631,0.8874802631578947,0.8857894736842107,0.8855921052631579,0.8865460526315789,0.878796052631579,0.8796578947368421,0.8420394736842105
202244314,20,0.72644375,0.7368125,0.74909375,0.7709812500000001,0.78891875,0.80973125,0.81228125,0.8367625,0.84725625,0.8660125,0.864825,0.8765562499999999,0.8773562500000001,0.8821187499999998,0.8801312499999999,0.88788125,0.88660625,0.8866124999999999,0.88745625,0.8796312499999999,0.88005,0.84221875
202244314,21,0.7273511904761905,0.7372619047619048,0.7484166666666667,0.7698452380952381,0.7873095238095239,0.8082916666666667,0.8110714285714287,0.8361904761904763,0.8461071428571428,0.8655595238095238,0.864511904761905,0.8768630952380954,0.8773630952380954,0.8828928571428573,0.8803511904761906,0.888309523809524,0.8874107142857144,0.8872916666666667,0.8886130952380953,0.8806607142857145,0.8814761904761906,0.8421607142857144
202244314,22,0.7277329545454545,0.7374261363636364,0.7478125,0.7682102272727273,0.7857102272727272,0.8070568181818182,0.8094545454545454,0.8350681818181818,0.8453920454545455,0.8647272727272727,0.8641136363636363,0.8766988636363636,0.8773011363636363,0.8833920454545455,0.8808352272727272,0.8886136363636362,0.8875795454545454,0.8875681818181818,0.8886704545454545,0.8813465909090907,0.8823068181818181,0.8426363636363636
202244314,23,0.7275,0.737304347826087,0.7469673913043477,0.7674782608695653,0.7845326086956521,0.8059130434782608,0.8081684782608695,0.8340760869565218,0.8444130434782608,0.8639728260869565,0.8634565217391305,0.876445652173913,0.8772608695652174,0.8836141304347827,0.8812336956521739,0.8889836956521738,0.8881032608695651,0.8884184782608695,0.8891739130434783,0.8820054347826086,0.8829021739130435,0.8426847826086955
202244314,24,0.7272239583333333,0.737359375,0.7466510416666666,0.7663072916666667,0.7834010416666668,0.8050208333333333,0.8072447916666666,0.8333333333333334,0.8437708333333334,0.8636041666666666,0.8630052083333333,0.8765364583333333,0.8770052083333334,0.8845572916666666,0.8817760416666667,0.8901614583333333,0.88846875,0.8890052083333333,0.889875,0.88209375,0.8830260416666667,0.8429791666666667
202244314,25,0.727005,0.7377850000000001,0.7465599999999999,0.76576,0.78225,0.804355,0.8064000000000001,0.8330500000000001,0.843805,0.8634400000000001,0.862585,0.8768100000000002,0.8773600000000001,0.8847750000000001,0.8819550000000002,0.8905700000000001,0.889125,0.8891250000000002,0.889845,0.88273,0.8838300000000001,0.8428
202244314,26,0.7272932692307693,0.7379278846153845,0.7468846153846155,0.7655240384615386,0.7811394230769231,0.8034567307692309,0.8056586538461538,0.8326490384615386,0.8432115384615385,0.8634134615384617,0.8628269230769232,0.877173076923077,0.8778221153846155,0.8851250000000003,0.8824519230769232,0.8911394230769232,0.8896634615384617,0.8897019230769233,0.8906394230769232,0.8828461538461541,0.884096153846154,0.8431682692307693
202244314,27,0.7273425925925926,0.7379027777777777,0.7466574074074074,0.7652685185185186,0.7804305555555555,0.8026527777777779,0.8048842592592593,0.8324259259259259,0.8432824074074073,0.8638148148148148,0.8629537037037037,0.8770925925925926,0.8782407407407408,0.8854490740740741,0.8827592592592591,0.8915972222222222,0.8903055555555557,0.889726851851852,0.8909814814814815,0.8834722222222222,0.8848194444444445,0.8432222222222222
202244314,28,0.7276919642857144,0.7383705357142857,0.7468169642857142,0.7650535714285714,0.7800669642857142,0.80171875,0.804,0.8317991071428571,0.842625,0.863375,0.8625758928571429,0.8771785714285714,0.87809375,0.8855848214285713,0.88225,0.8917276785714285,0.8902723214285715,0.8902633928571428,0.8913928571428571,0.8839598214285714,0.8846294642857142,0.8432767857142857
202244314,29,0.7276508620689656,0.738948275862069,0.7471594827586207,0.7647931034482759,0.77925,0.8012456896551723,0.803426724137931,0.831301724137931,0.841948275862069,0.8628879310344828,0.8620344827586207,0.8772801724137931,0.878030172413793,0.885780172413793,0.8822543103448277,0.8922672413793102,0.8905,0.8908534482758621,0.891801724137931,0.8840905172413793,0.8851034482758621,0.8432758620689655
202244314,30,0.72805,0.7397625000000001,0.7472583333333334,0.7644625,0.7782833333333333,0.80095,0.8027458333333334,0.8307958333333335,0.8416083333333334,0.8623916666666669,0.8615666666666668,0.8772708333333334,0.8781500000000001,0.8863583333333335,0.8823708333333335,0.8925791666666669,0.8910708333333335,0.8912166666666669,0.8921041666666667,0.8841666666666668,0.8853958333333335,0.8436791666666668
202244314,31,0.7286895161290322,0.7401129032258064,0.7475685483870969,0.7642903225806451,0.7779193548387097,0.8004637096774193,0.8021975806451612,0.8302983870967741,0.8411733870967741,0.862157258064516,0.8611774193548386,0.877241935483871,0.8780846774193548,0.8859314516129032,0.8817862903225805,0.8924879032258064,0.8909758064516129,0.8914193548387096,0.8924516129032258,0.8846693548387097,0.8859717741935483,0.8437741935483871
202244314,32,0.7290703125,0.7405,0.747765625,0.7643203125,0.777640625,0.7999375,0.8015,0.82996875,0.8411953125,0.86164453125,0.861140625,0.87705078125,0.8780859375,0.885734375,0.8821171875,0.892875,0.89094140625,0.89183984375,0.8929375,0.88530859375,0.88628125,0.84375390625
202244314,33,0.7293901515151515,0.740969696969697,0.747689393939394,0.7644280303030303,0.7774431818181817,0.7998825757575757,0.8013598484848484,0.8300416666666667,0.8413257575757576,0.8618030303030303,0.8611931818181817,0.877215909090909,0.8783068181818181,0.8856477272727271,0.8821287878787878,0.8928825757575758,0.8910113636363635,0.89175,0.8929242424242424,0.8853371212121212,0.8865037878787878,0.8435378787878788
202244314,34,0.7297830882352941,0.7418051470588236,0.7475735294117648,0.7643051470588237,0.7769080882352941,0.7991764705882354,0.8007573529411766,0.8296470588235295,0.8406580882352943,0.8613529411764708,0.8606397058823531,0.8774411764705884,0.8783713235294119,0.8857095588235295,0.8817720588235295,0.8927426470588237,0.8910514705882353,0.8918713235294119,0.8929044117647059,0.8855625000000001,0.8865698529411766,0.843404411764706
202244314,35,0.7301107142857144,0.742475,0.7477750000000001,0.7643821428571429,0.7766500000000001,0.798875,0.8006535714285715,0.8297678571428573,0.8408214285714287,0.861632142857143,0.8610178571428574,0.877632142857143,0.8784892857142859,0.8855571428571429,0.8819107142857144,0.892907142857143,0.8910714285714286,0.892282142857143,0.8932321428571429,0.8856642857142858,0.8868214285714286,0.84355
202244314,36,0.7306076388888889,0.7431770833333332,0.7479131944444444,0.7644652777777778,0.7763020833333334,0.7986736111111111,0.8005451388888888,0.8301597222222221,0.8409479166666667,0.8615034722222221,0.8609375,0.8773541666666667,0.8784722222222222,0.8859270833333333,0.88209375,0.8929583333333333,0.8914618055555554,0.8925277777777778,0.8934513888888889,0.8860520833333333,0.8871631944444444,0.84371875
202244314,37,0.7308141891891892,0.7430540540540541,0.7473716216216216,0.7641824324324326,0.7755337837837838,0.7976993243243242,0.799777027027027,0.8296655405405406,0.840418918918919,0.860847972972973,0.8603445945945946,0.8769898648648649,0.8779898648648649,0.8857263513513512,0.881793918918919,0.8928918918918919,0.8913581081081081,0.8927635135135136,0.8935337837837838,0.8863108108108109,0.887462837837838,0.8433513513513514
202244314,38,0.7309375,0.7435493421052631,0.7473881578947369,0.7642171052631579,0.7754605263157893,0.7972434210526316,0.7991940789473684,0.8294967105263158,0.8403651315789473,0.8607927631578948,0.8603486842105262,0.8771677631578948,0.8783026315789473,0.885671052631579,0.8820789473684211,0.8935032894736842,0.8918223684210526,0.8927796052631579,0.8935756578947368,0.8864375,0.8874243421052631,0.8433125
202244314,39,0.7310865384615385,0.7438429487179488,0.747599358974359,0.7642371794871795,0.7751217948717949,0.7969102564102566,0.7987083333333335,0.8297371794871796,0.8404038461538463,0.860772435897436,0.8602275641025642,0.8774423076923078,0.8788012820512822,0.8858942307692309,0.8822211538461541,0.8937371794871797,0.8919166666666667,0.892596153846154,0.8937083333333334,0.8865929487179488,0.8876442307692309,0.8431570512820514
202244314,40,0.731278125,0.744246875,0.748021875,0.7646625,0.7746750000000001,0.7963375,0.7981625,0.829753125,0.8402999999999999,0.8606125,0.86004375,0.877465625,0.8787562499999999,0.8862000000000001,0.8820812499999999,0.8940499999999999,0.8921343749999999,0.8929343750000001,0.8941187500000001,0.8869437499999999,0.88803125,0.84328125
202244314,41,0.7314481707317073,0.744579268292683,0.7483871951219512,0.7649420731707316,0.7747682926829268,0.7958810975609756,0.7978384146341464,0.8298353658536587,0.8402774390243902,0.8606768292682927,0.8599512195121952,0.877579268292683,0.8788414634146343,0.8862439024390245,0.8823018292682927,0.8941371951219513,0.8922103658536586,0.8929847560975611,0.8942012195121951,0.8871006097560976,0.8880213414634147,0.8431676829268293
202244314,42,0.7317470238095238,0.7450208333333334,0.7488363095238095,0.7654285714285716,0.7745922619047619,0.7958511904761906,0.7979761904761906,0.8300744047619049,0.840639880952381,0.8608303571428573,0.8602797619047621,0.8776875000000001,0.8790684523809525,0.8864613095238096,0.8827500000000003,0.8946190476190478,0.8927380952380954,0.8935654761904763,0.8945952380952383,0.8872291666666667,0.8883363095238096,0.8437261904761906
202244314,43,0.7318604651162789,0.745345930232558,0.7490261627906976,0.7655523255813952,0.7742790697674418,0.7957616279069766,0.7979098837209301,0.830156976744186,0.8407877906976744,0.8608895348837208,0.8600465116279069,0.8775290697674418,0.878924418604651,0.8869040697674418,0.8828662790697674,0.8945319767441859,0.8927906976744184,0.8939273255813953,0.8947470930232557,0.8875930232558139,0.8886191860465115,0.8440406976744185
202244314,44,0.7317244318181818,0.745846590909091,0.7493948863636363,0.7657727272727273,0.7740056818181817,0.7957414772727273,0.7978153409090909,0.8303551136363636,0.8407017045454545,0.8608238636363638,0.8600340909090909,0.8775596590909092,0.8789261363636363,0.8870568181818181,0.8829999999999999,0.8950227272727272,0.8930312499999998,0.8939886363636363,0.895153409090909,0.8879005681818183,0.8891392045454545,0.8443948863636364
202244314,45,0.7319,0.7461861111111111,0.7497361111111112,0.7659027777777778,0.7742027777777778,0.7957388888888889,0.7978972222222224,0.8305500000000001,0.8410277777777778,0.8610611111111113,0.8603694444444445,0.877863888888889,0.879138888888889,0.8873916666666669,0.8832194444444446,0.8953694444444447,0.8932694444444447,0.8944166666666667,0.8954111111111113,0.8882138888888891,0.8893944444444446,0.8445222222222224
202244314,46,0.7320298913043477,0.7464619565217391,0.7501277173913043,0.765921195652174,0.7741304347826088,0.7956494565217391,0.7977771739130435,0.830820652173913,0.841008152173913,0.8610842391304347,0.8603804347826087,0.8779320652173912,0.8792228260869565,0.8874782608695653,0.8834320652173913,0.89575,0.8935326086956522,0.8946793478260869,0.8956711956521739,0.8886222826086956,0.8896847826086957,0.8446005434782607
202244314,47,0.7323617021276596,0.7466356382978724,0.7505904255319149,0.7664441489361702,0.7739813829787233,0.795311170212766,0.797436170212766,0.830938829787234,0.8411808510638298,0.8609654255319149,0.8605824468085107,0.8780212765957447,0.8793962765957447,0.8877553191489362,0.8834015957446809,0.8958191489361702,0.8938670212765958,0.8948271276595744,0.8958856382978724,0.8887393617021276,0.8901196808510637,0.8445292553191489
202244314,48,0.7326614583333334,0.7471770833333333,0.7511875,0.7667239583333333,0.7743203125,0.7951276041666666,0.7974322916666666,0.8309895833333334,0.8413567708333333,0.8609479166666667,0.8603333333333333,0.8779739583333334,0.8792083333333333,0.8873645833333332,0.8833802083333334,0.8959036458333333,0.8938125,0.8949661458333333,0.89578125,0.8887838541666667,0.8900859375,0.8446119791666667
202244314,49,0.7328647959183674,0.7473367346938776,0.7515612244897959,0.7669821428571428,0.7741505102040817,0.7951020408163265,0.7974132653061224,0.8312142857142858,0.841344387755102,0.8611428571428571,0.8605510204081633,0.8780637755102041,0.879265306122449,0.887405612244898,0.8833035714285714,0.8958061224489795,0.8937551020408164,0.8950637755102041,0.8958571428571429,0.8887295918367347,0.8900943877551021,0.844344387755102
202244314,50,0.7329249999999999,0.7474449999999999,0.7519775,0.7673225,0.7742650000000001,0.7954450000000001,0.7977049999999999,0.8315600000000001,0.84147,0.8615925,0.8611400000000001,0.87826,0.8796725000000001,0.887655,0.8838125,0.896085,0.89398,0.8950475,0.8961650000000001,0.88901,0.8902574999999999,0.8446200000000001
202244314,51,0.732875,0.7475318627450981,0.752421568627451,0.7676789215686274,0.7744093137254902,0.7951960784313726,0.7974901960784314,0.8318063725490197,0.8415784313725492,0.8615514705882353,0.8610049019607844,0.8782573529411766,0.8798333333333335,0.8877254901960786,0.883700980392157,0.8961225490196081,0.8940808823529413,0.8952132352941178,0.8962450980392159,0.8891200980392159,0.8903333333333335,0.844436274509804
202244314,52,0.7325432692307693,0.7477572115384615,0.7527043269230769,0.7679254807692308,0.7745625,0.7951826923076923,0.7974951923076924,0.8318413461538462,0.8416995192307692,0.8616201923076923,0.8610721153846153,0.8784326923076923,0.8798894230769231,0.8878485576923076,0.8837475961538462,0.8964086538461538,0.8942572115384615,0.8953653846153845,0.8962692307692307,0.8892644230769231,0.8905384615384614,0.8444567307692307
202244314,53,0.7326556603773585,0.7478278301886792,0.7531816037735848,0.7680731132075472,0.7746367924528301,0.7950047169811321,0.797375,0.8320070754716982,0.8417830188679245,0.8619504716981132,0.8611627358490567,0.8786462264150944,0.8804174528301886,0.888438679245283,0.8840400943396227,0.8968254716981132,0.894561320754717,0.8954127358490566,0.8966533018867924,0.8895235849056603,0.8907783018867925,0.8443396226415094
202244314,54,0.7327939814814816,0.7479791666666668,0.7536666666666667,0.7682523148148148,0.7749953703703705,0.7950069444444443,0.7976087962962963,0.8324212962962964,0.8422060185185185,0.8621319444444445,0.8613796296296297,0.8788611111111111,0.8808819444444443,0.888587962962963,0.8845208333333334,0.8971018518518519,0.8949513888888889,0.8957662037037037,0.8968194444444446,0.8899583333333333,0.8912222222222221,0.8447199074074074
202244314,55,0.7328636363636363,0.7482659090909091,0.7542113636363635,0.7685477272727272,0.7752568181818181,0.7950818181818181,0.7976863636363637,0.8325704545454546,0.8424522727272726,0.8622068181818181,0.8614318181818181,0.8789386363636364,0.8808318181818181,0.8887954545454545,0.8847454545454544,0.8973568181818182,0.8951409090909089,0.895909090909091,0.8969590909090909,0.8899522727272726,0.8912386363636362,0.8448090909090908
202244314,56,0.7329129464285715,0.7483125,0.7544598214285714,0.7687522321428572,0.77540625,0.7952053571428571,0.7976986607142857,0.8326696428571428,0.8424799107142856,0.862375,0.86159375,0.8791049107142856,0.8808861607142857,0.8889241071428571,0.8848035714285715,0.8974754464285714,0.89528125,0.8961339285714286,0.897390625,0.8901116071428571,0.8913861607142857,0.8449017857142856
202244314,57,0.732875,0.7483684210526317,0.7546513157894738,0.7687105263157895,0.7753311403508771,0.7953640350877192,0.7976184210526316,0.8328793859649123,0.8424758771929823,0.8625394736842104,0.8617456140350876,0.8793157894736842,0.8810614035087719,0.8889671052631579,0.884905701754386,0.8977214912280701,0.8955833333333333,0.896234649122807,0.8975263157894737,0.8904254385964911,0.8917083333333332,0.8450087719298246
202244314,58,0.7328922413793103,0.7485129310344828,0.7546508620689656,0.7689590517241379,0.7757909482758621,0.7953038793103449,0.7977262931034482,0.8331487068965517,0.842573275862069,0.862655172413793,0.8618706896551724,0.8796099137931034,0.8813081896551724,0.8892155172413793,0.8849353448275862,0.8978879310344828,0.895864224137931,0.8964633620689655,0.8976961206896551,0.8906788793103447,0.8919762931034484,0.8450560344827586
202244314,59,0.732875,0.7486313559322034,0.7549491525423729,0.7690338983050848,0.7759152542372882,0.7954915254237288,0.797832627118644,0.833375,0.8428220338983051,0.863135593220339,0.862228813559322,0.8798813559322034,0.8817372881355932,0.8893728813559322,0.8852711864406778,0.8980466101694915,0.8960953389830508,0.896667372881356,0.8977838983050846,0.8908389830508474,0.8919872881355931,0.8450381355932203
202244314,60,0.7328979166666667,0.7488229166666668,0.7554541666666666,0.76931875,0.7763333333333332,0.7956437500000001,0.7979666666666667,0.8336749999999999,0.8430229166666666,0.8633104166666666,0.8624458333333334,0.8800333333333333,0.8818916666666666,0.8894645833333334,0.8852541666666666,0.8980499999999999,0.89616875,0.8965645833333333,0.89766875,0.8909104166666666,0.8921145833333333,0.8451166666666666
202244314,61,0.7327397540983607,0.748766393442623,0.7558729508196721,0.7695225409836065,0.776563524590164,0.7958647540983607,0.7980696721311475,0.8335860655737704,0.8430860655737705,0.8632786885245902,0.8625020491803278,0.880079918032787,0.8818237704918033,0.8897172131147542,0.8853565573770492,0.8981352459016393,0.8963176229508196,0.896702868852459,0.8977520491803278,0.8909487704918033,0.8921536885245902,0.845139344262295
202244314,62,0.7326935483870968,0.7488004032258064,0.7561451612903226,0.769671370967742,0.7767419354838709,0.7959435483870968,0.7981552419354838,0.8337520161290322,0.8430584677419354,0.8635100806451612,0.8625342741935483,0.8801975806451612,0.8818487903225805,0.8898608870967741,0.8856512096774193,0.8983508064516129,0.8965342741935483,0.8968467741935483,0.8978770161290321,0.8912096774193548,0.8922560483870968,0.8451612903225806
202244314,63,0.732375,0.7485515873015872,0.756343253968254,0.7697996031746032,0.7769543650793651,0.7962380952380952,0.7982261904761906,0.833875,0.8431547619047619,0.8634067460317462,0.8624900793650795,0.8803134920634922,0.8821250000000003,0.8898492063492065,0.8857718253968255,0.8984007936507938,0.8965773809523812,0.8969404761904762,0.8981011904761906,0.8915674603174605,0.8925158730158731,0.845170634920635
202244314,64,0.73218359375,0.7483984375,0.756529296875,0.7701015625,0.776994140625,0.79625390625,0.798314453125,0.834083984375,0.843267578125,0.863306640625,0.862357421875,0.88044921875,0.88219140625,0.890017578125,0.88568359375,0.898474609375,0.89651171875,0.89699609375,0.89814453125,0.891623046875,0.8928359375,0.8451484375
202244314,65,0.7320403846153847,0.7482730769230769,0.7566903846153847,0.7701403846153846,0.7769596153846154,0.7962173076923077,0.7983019230769233,0.8340769230769233,0.8433615384615385,0.863294230769231,0.8623826923076924,0.8806076923076924,0.8825307692307695,0.8900250000000002,0.8858557692307694,0.8984846153846157,0.8965153846153847,0.8970596153846156,0.8981403846153848,0.8916038461538462,0.8927480769230771,0.8449230769230771
202244314,66,0.7318920454545454,0.7481704545454545,0.7568560606060606,0.7702746212121212,0.7771875,0.7965189393939393,0.798683712121212,0.834125,0.843465909090909,0.8635227272727273,0.8624848484848485,0.880778409090909,0.8828314393939393,0.8903219696969696,0.8860795454545455,0.8987405303030302,0.8967556818181818,0.89725,0.8983693181818181,0.8918598484848484,0.8930568181818181,0.8448920454545455
202244314,67,0.7316623134328358,0.7481492537313433,0.7571100746268657,0.7704067164179105,0.777358208955224,0.7967555970149254,0.7988917910447761,0.8344906716417911,0.8435988805970149,0.8638358208955224,0.8627014925373134,0.8811641791044776,0.8830970149253732,0.8907108208955223,0.8863544776119404,0.8990764925373134,0.8970317164179105,0.8973861940298506,0.8986100746268656,0.8920223880597015,0.8931753731343283,0.8449514925373134
202244314,68,0.7316194852941176,0.7481672794117646,0.7575882352941176,0.7706047794117646,0.7776948529411765,0.7969944852941175,0.7991323529411765,0.8348069852941178,0.8438180147058824,0.8640330882352941,0.8629044117647059,0.8811305147058823,0.8832224264705882,0.8908860294117646,0.8865698529411763,0.8992904411764705,0.8972095588235294,0.8974981617647059,0.8985551470588234,0.8921470588235294,0.8933051470588236,0.8449669117647058
202244314,69,0.7316757246376812,0.7479601449275363,0.7577518115942029,0.7708297101449275,0.7779384057971015,0.797231884057971,0.799302536231884,0.8348985507246377,0.8439311594202898,0.8643496376811595,0.8632300724637681,0.8812173913043478,0.8833170289855072,0.8909981884057971,0.8868333333333333,0.899340579710145,0.8972898550724637,0.8978097826086956,0.898679347826087,0.8922916666666667,0.8933369565217392,0.8449130434782609
202244314,70,0.7316214285714286,0.7477982142857142,0.7579071428571429,0.7710839285714286,0.7783285714285714,0.7973714285714286,0.799369642857143,0.8351910714285715,0.8440803571428573,0.8645517857142859,0.8634535714285716,0.881557142857143,0.8836017857142858,0.8912839285714288,0.8870928571428573,0.8996839285714288,0.8977500000000003,0.8980035714285716,0.8989517857142859,0.8923339285714287,0.893444642857143,0.8447714285714287
202244314,71,0.7315651408450704,0.747926056338028,0.758137323943662,0.771411971830986,0.7786021126760563,0.7976197183098591,0.7996197183098592,0.8354313380281689,0.8442799295774647,0.8647200704225352,0.8637411971830986,0.881855633802817,0.8839419014084506,0.8916302816901408,0.8873063380281689,0.8999929577464788,0.8980492957746479,0.8981866197183099,0.8992253521126761,0.8924260563380281,0.8936461267605633,0.8446619718309859
202244314,72,0.7312586805555557,0.7478888888888889,0.758314236111111,0.7715173611111111,0.7788784722222222,0.7978333333333334,0.7997829861111112,0.8357118055555557,0.8444010416666667,0.8649027777777778,0.8638211805555556,0.88209375,0.8841805555555555,0.8916996527777779,0.8875607638888889,0.9002552083333334,0.8982951388888889,0.8983680555555555,0.8995833333333333,0.8926961805555556,0.8938784722222223,0.8446232638888889
202244314,73,0.7310530821917809,0.7479520547945205,0.758431506849315,0.7716078767123288,0.779097602739726,0.7979640410958904,0.7999691780821918,0.835833904109589,0.8444571917808219,0.8649023972602741,0.8639777397260273,0.8822380136986301,0.8842671232876712,0.891681506849315,0.887652397260274,0.9003698630136987,0.8983972602739726,0.8984280821917807,0.8995462328767123,0.8927260273972601,0.8938595890410959,0.8444794520547945
202244314,74,0.7306030405405405,0.7477652027027027,0.7584881756756757,0.7717753378378379,0.7794037162162162,0.7981976351351352,0.8000945945945945,0.8360033783783785,0.8446739864864865,0.8651925675675676,0.8641148648648649,0.8824966216216217,0.8844679054054054,0.8919391891891891,0.8877820945945946,0.9005760135135136,0.8986131756756757,0.8985793918918918,0.8998057432432434,0.8929358108108109,0.8940996621621621,0.844587837837838
202244314,75,0.7303583333333333,0.7475733333333334,0.7586616666666667,0.7717416666666667,0.7797266666666667,0.798395,0.8002133333333333,0.8361516666666666,0.844635,0.865325,0.8642583333333334,0.8826733333333334,0.88465,0.8919783333333333,0.8879083333333333,0.9007616666666668,0.8987533333333333,0.8987316666666667,0.8999716666666667,0.8929066666666666,0.8940166666666667,0.8444849999999999
202244314,76,0.730046052631579,0.7474457236842105,0.7587565789473684,0.771858552631579,0.7799851973684211,0.7987105263157894,0.8005,0.8364720394736842,0.8447861842105262,0.8654654605263158,0.8644309210526316,0.8829457236842104,0.8849638157894737,0.8922171052631579,0.8880230263157894,0.9011266447368421,0.8989967105263158,0.898735197368421,0.9000723684210528,0.8930674342105263,0.8941809210526317,0.844360197368421
202244314,77,0.7298814935064935,0.7472808441558442,0.7587743506493507,0.7718993506493507,0.7802435064935065,0.7989318181818182,0.8006753246753247,0.8366412337662338,0.8448993506493506,0.8656477272727272,0.8645551948051948,0.8831282467532466,0.8853311688311687,0.8925795454545454,0.8883685064935064,0.9013847402597401,0.8993084415584415,0.8989724025974025,0.9003327922077922,0.8933311688311688,0.8943717532467531,0.8443717532467533
202244314,78,0.7297067307692308,0.7471634615384617,0.7589535256410256,0.7721201923076922,0.7803189102564104,0.7992644230769231,0.8009567307692309,0.836959935897436,0.8450400641025642,0.8657868589743591,0.864706730769231,0.8834070512820514,0.8856698717948719,0.8927403846153847,0.888508012820513,0.9015400641025643,0.8994006410256411,0.8989038461538463,0.9002323717948718,0.8932003205128207,0.8942900641025642,0.8443060897435898
202244314,79,0.7293623417721519,0.7469493670886076,0.7590933544303797,0.772115506329114,0.7805316455696202,0.7994525316455696,0.8011044303797469,0.8371993670886075,0.8451787974683543,0.8658987341772151,0.8647041139240504,0.8836882911392404,0.8858496835443037,0.8928037974683544,0.8887167721518986,0.9014778481012656,0.8994319620253164,0.8990300632911392,0.9002863924050631,0.8932832278481012,0.8942784810126582,0.8440617088607594
202244314,80,0.7292859375,0.7468953125,0.7592703125000001,0.7723,0.7807687499999999,0.799846875,0.8014296875,0.8374734374999999,0.845325,0.8659734375,0.8647765625000001,0.883890625,0.8859734375,0.892996875,0.88890625,0.9016734375,0.89964375,0.8991046874999999,0.900390625,0.8934921875,0.8944734375000001,0.8441828124999999
202244314,81,0.7291080246913579,0.7466141975308642,0.7592438271604938,0.7723132716049383,0.7808271604938272,0.8000586419753085,0.801570987654321,0.8376651234567901,0.845449074074074,0.8661404320987653,0.8649444444444444,0.8840555555555556,0.8862037037037037,0.893033950617284,0.8890339506172841,0.9017824074074074,0.899804012345679,0.8992145061728395,0.9003626543209876,0.8934938271604937,0.8945987654320988,0.8442052469135801
202244314,82,0.7290289634146341,0.7465396341463414,0.7594969512195123,0.7723993902439024,0.781157012195122,0.8004634146341464,0.801939024390244,0.8379390243902439,0.8455701219512195,0.8662103658536586,0.8651204268292684,0.8840990853658536,0.8863871951219513,0.893123475609756,0.8890838414634147,0.901908536585366,0.8999771341463415,0.8992484756097562,0.9003887195121951,0.8935167682926829,0.8945076219512196,0.8441829268292683
202244314,83,0.7289593373493977,0.7465045180722891,0.759722891566265,0.7726686746987953,0.7814518072289156,0.8008343373493976,0.8022349397590361,0.8381174698795181,0.8458463855421687,0.8663072289156626,0.8651882530120483,0.8842259036144579,0.8864894578313254,0.8933057228915662,0.8892334337349397,0.9020195783132531,0.9000948795180723,0.8994322289156625,0.9004969879518072,0.8936009036144579,0.8945737951807228,0.8441310240963855
202244314,84,0.7288467261904763,0.7463214285714287,0.7599107142857142,0.7727693452380952,0.7817589285714287,0.8012098214285713,0.8024613095238096,0.8383690476190476,0.8459345238095238,0.8664880952380953,0.8652752976190476,0.8842946428571429,0.886516369047619,0.8934672619047619,0.8892574404761905,0.9022752976190476,0.9002782738095239,0.8996011904761905,0.9007113095238095,0.893625,0.8945877976190476,0.8441205357142858
202244314,85,0.7287588235294118,0.7462485294117647,0.7599573529411764,0.7729588235294118,0.7822029411764706,0.8016073529411765,0.8026941176470589,0.8386808823529414,0.8460029411764706,0.8666691176470589,0.8654735294117648,0.8844823529411766,0.8867014705882355,0.8936000000000002,0.8893985294117649,0.9022705882352944,0.9004235294117648,0.8996955882352943,0.9007529411764709,0.8937970588235296,0.8946367647058825,0.8440676470588236
202244314,86,0.7287238372093022,0.7461991279069767,0.760125,0.7731700581395349,0.7825712209302326,0.8019200581395349,0.8029665697674419,0.8389287790697674,0.8462456395348839,0.8667485465116279,0.8654825581395349,0.8845872093023256,0.8868619186046512,0.8935174418604652,0.8894578488372095,0.9022994186046512,0.9004651162790699,0.8996293604651164,0.9008008720930233,0.8938052325581397,0.8945901162790699,0.8439244186046513
202244314,87,0.7286623563218391,0.7461350574712644,0.7602686781609196,0.7732557471264367,0.7828074712643679,0.802117816091954,0.8032442528735633,0.8392887931034483,0.8464022988505746,0.8669798850574713,0.865757183908046,0.8848491379310344,0.8870545977011495,0.8935919540229885,0.8897528735632184,0.9024913793103448,0.900596264367816,0.8997902298850574,0.9008591954022989,0.8939281609195402,0.8947701149425286,0.8439770114942529
202244314,88,0.7285426136363637,0.7461619318181818,0.7603892045454546,0.7732855113636363,0.7831392045454546,0.8023948863636364,0.8034545454545455,0.8395142045454546,0.8465198863636364,0.867234375,0.8659673295454545,0.885002840909091,0.8871832386363636,0.8938196022727273,0.8898664772727273,0.9027159090909092,0.9008039772727272,0.8998366477272728,0.9009786931818182,0.8941221590909091,0.8948664772727274,0.8438394886363636
202244314,89,0.7283946629213482,0.7461643258426967,0.7606151685393259,0.7734115168539326,0.783558988764045,0.8026671348314608,0.803681179775281,0.8397078651685393,0.8467247191011236,0.8674115168539327,0.8661151685393258,0.8852598314606741,0.8874929775280899,0.8940070224719102,0.8900323033707865,0.902807584269663,0.9008581460674158,0.899818820224719,0.9011601123595505,0.8942865168539327,0.8949676966292136,0.8438665730337079
202244314,90,0.7283944444444445,0.7460319444444444,0.7608291666666668,0.7736069444444444,0.7838013888888891,0.8028972222222224,0.8038847222222223,0.84,0.8468458333333335,0.8676041666666667,0.8663069444444446,0.8854666666666668,0.8877777777777778,0.8943111111111113,0.8903027777777779,0.9030305555555558,0.9011208333333335,0.9000750000000002,0.9012555555555557,0.8945486111111113,0.8950986111111112,0.8438430555555557
202244314,91,0.7282953296703297,0.7458173076923076,0.7609739010989011,0.7736868131868132,0.7841607142857143,0.8032568681318683,0.8041442307692309,0.8401662087912088,0.8470357142857144,0.8677156593406594,0.8664615384615386,0.8857362637362639,0.888103021978022,0.8944697802197804,0.8903626373626375,0.9031098901098903,0.9012032967032969,0.900078296703297,0.9012815934065936,0.8944162087912089,0.8951304945054946,0.8436744505494508
202244314,92,0.7282255434782609,0.7456970108695653,0.7609388586956523,0.7736046195652174,0.7844701086956523,0.8033763586956523,0.8042486413043479,0.8404470108695652,0.8472078804347825,0.8677853260869565,0.8664076086956523,0.88590625,0.8882255434782609,0.8946317934782607,0.890514945652174,0.9032975543478261,0.9013845108695653,0.9000638586956522,0.9013315217391303,0.8943722826086956,0.8951576086956521,0.8436820652173913
202244314,93,0.7282352150537634,0.745638440860215,0.7609516129032259,0.7736801075268817,0.7847163978494622,0.8035456989247312,0.8044677419354839,0.840635752688172,0.8473064516129032,0.8678360215053763,0.8665147849462365,0.8861317204301075,0.8883615591397849,0.8948373655913978,0.8907755376344084,0.9034905913978494,0.9015806451612902,0.9002204301075268,0.9014717741935483,0.8945739247311827,0.8952862903225804,0.8435712365591398
202244314,94,0.7281914893617021,0.7454773936170214,0.7611210106382977,0.7737606382978724,0.7850944148936171,0.803876329787234,0.8049574468085107,0.8410199468085107,0.8475226063829787,0.8680784574468084,0.8667593085106382,0.8865585106382979,0.8887021276595745,0.8949827127659573,0.8911223404255318,0.9038164893617022,0.9019747340425532,0.9005890957446809,0.901876329787234,0.8948949468085107,0.8956210106382979,0.8436954787234042
202244314,95,0.7281907894736842,0.7454342105263159,0.7612789473684209,0.7738065789473684,0.7854302631578948,0.804075,0.8051644736842105,0.8412723684210527,0.8478302631578947,0.8682486842105264,0.8669671052631579,0.8868776315789473,0.8890355263157894,0.8951342105263159,0.891411842105263,0.9041223684210526,0.9023263157894738,0.9007197368421053,0.9019960526315789,0.8950355263157894,0.8956723684210526,0.8437618421052632
202244314,96,0.728171875,0.7452981770833332,0.761421875,0.7739010416666667,0.7856666666666667,0.8042838541666666,0.8054518229166667,0.8414466145833333,0.84801953125,0.86832421875,0.866984375,0.88700390625,0.8892643229166667,0.8952955729166667,0.8915872395833333,0.9043138020833333,0.9024895833333333,0.9008880208333333,0.9021536458333332,0.8951458333333333,0.89588671875,0.8436770833333332
202244314,97,0.7280670103092785,0.7451585051546392,0.7615682989690722,0.7737951030927837,0.7859432989690722,0.804576030927835,0.805729381443299,0.8416095360824742,0.8480966494845362,0.8683917525773197,0.8671005154639176,0.8871842783505157,0.889501288659794,0.8954432989690723,0.8917989690721652,0.9045438144329898,0.9025902061855673,0.9009729381443301,0.9022139175257734,0.8952719072164951,0.8959922680412372,0.8436907216494847
202244314,98,0.7281811224489795,0.7451517857142858,0.7617589285714286,0.7738954081632653,0.7863507653061224,0.8047895408163265,0.8060369897959183,0.8418966836734694,0.8481913265306122,0.8686122448979592,0.8673086734693877,0.8874387755102041,0.8898022959183675,0.8957997448979591,0.8920637755102041,0.9048303571428571,0.9028571428571429,0.9011683673469388,0.9024464285714286,0.8953201530612245,0.8961339285714286,0.8437665816326532
202244314,99,0.7281224747474747,0.7450883838383838,0.7618434343434343,0.7738977272727272,0.7865997474747475,0.8050088383838384,0.806260101010101,0.8422702020202021,0.8484936868686869,0.868709595959596,0.8674078282828281,0.8875214646464646,0.8899507575757575,0.8959785353535354,0.8922714646464647,0.9049154040404039,0.9030151515151515,0.9011616161616162,0.9023661616161617,0.8954217171717173,0.8960694444444445,0.843824494949495
202244314,100,0.7279125000000002,0.7449912499999999,0.7618725,0.77383,0.7868575000000001,0.8050687499999999,0.8063925000000001,0.84235625,0.8486925,0.8688325,0.86757125,0.88769375,0.89014625,0.8960812499999999,0.892555,0.9052025,0.90326875,0.9013075,0.90255375,0.89562,0.8963075,0.8437875
202244314,101,0.7278168316831684,0.7448378712871286,0.7618935643564357,0.7738700495049505,0.7872747524752476,0.805460396039604,0.806680693069307,0.8425965346534654,0.848855198019802,0.8691237623762377,0.8678391089108911,0.8879826732673268,0.8903923267326734,0.8962920792079209,0.8927871287128715,0.9054282178217823,0.9034133663366337,0.9015123762376238,0.9028403465346536,0.8957339108910892,0.896355198019802,0.8438316831683169
202244314,102,0.7276875,0.7447867647058823,0.7618860294117648,0.7738026960784313,0.7875367647058824,0.8057463235294119,0.8068651960784314,0.8427291666666668,0.848936274509804,0.8693014705882354,0.8679901960784315,0.8880931372549021,0.8905453431372551,0.8964227941176472,0.8928676470588236,0.9055049019607846,0.9035551470588238,0.9016678921568628,0.9029950980392158,0.8958823529411766,0.8964117647058825,0.843811274509804
202244314,103,0.7275145631067961,0.744633495145631,0.76188713592233,0.7738300970873786,0.787765776699029,0.8059526699029126,0.8070691747572817,0.8428713592233009,0.8489660194174757,0.8694308252427183,0.8680885922330096,0.8882949029126214,0.890759708737864,0.8964854368932038,0.8929223300970873,0.9056055825242719,0.9036735436893204,0.9017985436893204,0.9030655339805824,0.8960364077669903,0.8965303398058253,0.8436638349514562
202244314,104,0.7273185096153847,0.7445432692307693,0.7618653846153847,0.7737584134615385,0.788046875,0.8061225961538462,0.807296875,0.8430793269230769,0.8490685096153846,0.8695528846153845,0.8682836538461538,0.8884567307692307,0.8909326923076923,0.8966141826923077,0.8931129807692307,0.9056826923076924,0.9039146634615385,0.9018269230769231,0.903203125,0.8960757211538461,0.8966658653846155,0.8435480769230769
202244314,105,0.7272190476190477,0.744527380952381,0.7618821428571428,0.7737785714285714,0.7884142857142858,0.8064238095238097,0.8076309523809525,0.8433345238095239,0.8492107142857144,0.8697154761904764,0.868307142857143,0.8887047619047621,0.8911142857142859,0.8967059523809525,0.8932583333333335,0.9058845238095239,0.9041904761904763,0.9020357142857145,0.9033630952380954,0.8961642857142859,0.8967547619047621,0.8435559523809525
202244314,106,0.726997641509434,0.744503537735849,0.7620094339622642,0.7738997641509434,0.7887240566037735,0.8067370283018868,0.8079599056603773,0.8435801886792453,0.8495448113207548,0.8700153301886792,0.8685813679245283,0.8891438679245284,0.8915212264150943,0.8970212264150944,0.8935978773584905,0.9061922169811321,0.904433962264151,0.9022594339622642,0.9035023584905661,0.8963537735849056,0.8969540094339623,0.8435117924528303
202244314,107,0.7269042056074766,0.7445303738317757,0.7621051401869159,0.7739392523364486,0.7890420560747664,0.8069988317757009,0.8082873831775701,0.8438341121495327,0.8498060747663551,0.8701904205607476,0.8688014018691589,0.8894112149532709,0.891838785046729,0.8971016355140187,0.893733644859813,0.9064742990654207,0.9046740654205607,0.9025724299065421,0.9037476635514018,0.8965560747663551,0.8970163551401868,0.8434193925233644
202244314,108,0.7268229166666667,0.7444571759259259,0.7621539351851853,0.7740497685185185,0.7895104166666667,0.8072488425925927,0.8085625,0.8440555555555556,0.8500324074074074,0.8703229166666667,0.8689444444444444,0.8896608796296296,0.8920185185185184,0.8973599537037037,0.8939247685185184,0.9066574074074074,0.9048599537037036,0.9026678240740741,0.9038888888888889,0.8966759259259258,0.8971655092592592,0.8434317129629629
202244314,109,0.72675,0.7442866972477064,0.7621651376146789,0.7741043577981652,0.7899025229357799,0.8075538990825689,0.8088084862385321,0.8443337155963303,0.8502591743119267,0.8704518348623853,0.8690619266055046,0.8898623853211008,0.8922500000000001,0.8975378440366973,0.8941788990825689,0.906848623853211,0.9050688073394496,0.9028176605504586,0.9040435779816515,0.896755733944954,0.8973245412844036,0.8434805045871561
202244314,110,0.7265909090909092,0.7442090909090908,0.7621511363636364,0.7740602272727272,0.7901693181818182,0.8076977272727274,0.8089625,0.8445102272727272,0.8503738636363635,0.8705840909090908,0.8692056818181818,0.8899170454545453,0.892381818181818,0.8976465909090909,0.8942965909090909,0.9069988636363636,0.905278409090909,0.9029431818181818,0.9042022727272726,0.8969318181818182,0.8973784090909092,0.843525
202244314,111,0.726427927927928,0.7440777027027027,0.7622015765765766,0.7741171171171172,0.7905506756756756,0.8078524774774776,0.8091970720720721,0.8447376126126126,0.8505,0.8707027027027027,0.869257882882883,0.8901306306306307,0.8926362612612613,0.8977105855855856,0.8943344594594594,0.9071362612612613,0.9054054054054054,0.9030698198198197,0.9043310810810811,0.8969403153153153,0.8974222972972973,0.8434988738738739
202244314,112,0.7264386160714287,0.743921875,0.7622578125,0.7742008928571429,0.7908225446428571,0.8080145089285714,0.8094029017857142,0.8448939732142858,0.8505435267857142,0.8707700892857143,0.8693180803571429,0.8902064732142858,0.89275,0.8978448660714284,0.8944330357142857,0.9072544642857142,0.9055033482142857,0.9030658482142858,0.9044709821428573,0.8970111607142857,0.8975546875,0.8434575892857142
202244314,113,0.7263196902654868,0.7437865044247788,0.7624269911504425,0.7742422566371681,0.7911659292035398,0.808216814159292,0.8096227876106195,0.8450652654867256,0.8507245575221238,0.870908185840708,0.8694823008849557,0.8904546460176991,0.8930597345132743,0.8980199115044247,0.8946106194690265,0.9074568584070796,0.9056526548672567,0.9031172566371681,0.9045210176991151,0.8970508849557521,0.897578539823009,0.843375
202244314,114,0.7261907894736842,0.7437236842105264,0.7626162280701755,0.7742236842105262,0.7914660087719299,0.8084649122807018,0.809875,0.8452763157894737,0.850843201754386,0.8709703947368421,0.869452850877193,0.8905328947368422,0.8931074561403509,0.8981326754385967,0.894811403508772,0.9076118421052631,0.9058530701754386,0.903202850877193,0.9045504385964912,0.8971206140350878,0.8976743421052631,0.8433815789473684
202244314,115,0.7261076086956523,0.7435358695652173,0.7626804347826087,0.7743086956521741,0.7918315217391305,0.8087304347826086,0.8102184782608695,0.8455684782608696,0.8511119565217391,0.8710663043478261,0.8695521739130435,0.8906902173913044,0.8933119565217391,0.8983163043478261,0.895054347826087,0.9078521739130434,0.9061206521739129,0.9033108695652174,0.9046750000000001,0.8972891304347826,0.8978032608695652,0.8433576086956521
202244314,116,0.7259633620689656,0.7433275862068965,0.7626896551724138,0.7742564655172414,0.7919881465517242,0.809001077586207,0.8104612068965517,0.8456454741379309,0.8512521551724137,0.8710743534482758,0.8696120689655172,0.8909428879310344,0.8935010775862069,0.8985,0.8951907327586207,0.9080549568965517,0.906323275862069,0.9034127155172414,0.9048178879310347,0.8974127155172413,0.8979633620689655,0.8432306034482759
202244314,117,0.7258771367521367,0.7432745726495728,0.7628643162393164,0.7743835470085471,0.7924722222222222,0.8093087606837608,0.8107788461538462,0.8458899572649574,0.8514572649572651,0.8712467948717949,0.8697222222222224,0.8910470085470088,0.8937072649572652,0.8986570512820515,0.8953920940170942,0.9082329059829061,0.9064743589743591,0.9035822649572651,0.9050384615384617,0.8975747863247865,0.898096153846154,0.8433247863247864
202244314,118,0.7257913135593219,0.7431101694915255,0.7629216101694914,0.7744353813559323,0.792727754237288,0.8095497881355932,0.8111027542372881,0.8459915254237288,0.8515243644067797,0.871292372881356,0.8698103813559321,0.8912531779661017,0.8938093220338983,0.8988506355932203,0.8955550847457627,0.9084131355932203,0.9066917372881356,0.9036705508474576,0.9051843220338983,0.8976419491525424,0.8981334745762712,0.8433707627118645
202244314,119,0.7256039915966387,0.7430157563025211,0.7630504201680672,0.7746050420168068,0.7930714285714286,0.8097720588235295,0.8113224789915968,0.8461207983193278,0.8516018907563027,0.8714096638655463,0.8698981092436976,0.8914600840336137,0.8940052521008405,0.898888655462185,0.8957373949579834,0.9085304621848741,0.9068277310924372,0.9037142857142858,0.9052457983193278,0.8976880252100842,0.8981460084033616,0.8433298319327732
202244314,120,0.7253999999999999,0.7429708333333335,0.763096875,0.77456875,0.793221875,0.8099468750000001,0.8114895833333332,0.8462000000000001,0.8516958333333333,0.8715052083333332,0.8700875,0.8917239583333334,0.8942677083333334,0.8990979166666667,0.89585,0.9087177083333333,0.9070385416666666,0.9038927083333334,0.9054635416666666,0.8978604166666666,0.8982895833333333,0.8433999999999999
202244314,121,0.7253336776859505,0.7428615702479339,0.7630785123966941,0.7745805785123966,0.7933078512396695,0.8100650826446281,0.8116415289256199,0.8463068181818183,0.8518119834710745,0.8715929752066115,0.8700795454545455,0.8919297520661157,0.8943873966942149,0.8991838842975206,0.8959493801652894,0.908827479338843,0.9071311983471074,0.9040547520661157,0.9054328512396694,0.8978966942148761,0.898297520661157,0.8432386363636364
202244314,122,0.7252602459016393,0.7428647540983606,0.763094262295082,0.7746372950819671,0.7935881147540983,0.8102459016393442,0.8118831967213115,0.8464877049180328,0.8519774590163933,0.871671106557377,0.8702776639344263,0.8920194672131146,0.8945604508196721,0.8992510245901639,0.8961311475409837,0.908872950819672,0.9071772540983607,0.9041127049180329,0.9054375,0.8978647540983606,0.8983206967213114,0.8431987704918033
202244314,123,0.7250589430894309,0.7426920731707317,0.7630752032520326,0.7746615853658536,0.7938455284552844,0.8105091463414635,0.8121331300813008,0.8466036585365855,0.852145325203252,0.8718302845528456,0.8703475609756098,0.8921504065040652,0.8947367886178862,0.8993678861788618,0.8962865853658536,0.909005081300813,0.9073302845528456,0.9041331300813008,0.9055040650406504,0.8978475609756098,0.8983922764227643,0.8431209349593497
202244314,124,0.7249334677419355,0.7426350806451613,0.7631219758064517,0.774664314516129,0.7941239919354839,0.8107389112903226,0.81246875,0.8468457661290322,0.8523336693548387,0.8718729838709677,0.8704495967741935,0.8923891129032259,0.8949586693548388,0.8995413306451612,0.8963881048387097,0.9091340725806452,0.9075594758064516,0.90421875,0.9055846774193549,0.8979092741935484,0.8984163306451612,0.8430191532258063
202244314,125,0.724827,0.742515,0.763087,0.774671,0.794337,0.8108890000000001,0.812739,0.8470880000000001,0.8524339999999999,0.8719680000000001,0.8705900000000002,0.892509,0.8950830000000001,0.8996460000000001,0.8965580000000001,0.9092400000000002,0.9075780000000001,0.9042960000000001,0.905718,0.8980330000000001,0.8984750000000001,0.842931
202244314,126,0.724766865079365,0.7424246031746031,0.7630694444444445,0.774702380952381,0.7945595238095239,0.8110446428571428,0.8129295634920636,0.8472440476190477,0.8525634920634922,0.872075396825397,0.8707013888888889,0.8925744047619051,0.8951894841269843,0.899762896825397,0.8967777777777778,0.90940376984127,0.9076686507936509,0.9044335317460319,0.9057857142857144,0.8980297619047621,0.8984523809523811,0.8427777777777778
202244314,127,0.7246535433070866,0.7422814960629922,0.762992125984252,0.7746358267716537,0.7947362204724411,0.8111033464566931,0.813111220472441,0.8472942913385828,0.8526033464566931,0.8720570866141732,0.8706968503937008,0.8927007874015749,0.89535531496063,0.899847440944882,0.8968031496062993,0.909464566929134,0.9077549212598426,0.904464566929134,0.9059025590551182,0.8980108267716537,0.8984694881889764,0.8426437007874017
202244314,128,0.724640625,0.7421845703125,0.762966796875,0.774669921875,0.7948994140625,0.8112119140625,0.813318359375,0.847404296875,0.852646484375,0.872138671875,0.8707744140625,0.892875,0.8955048828125,0.90000390625,0.89693359375,0.9095283203125,0.9079208984375,0.9045224609375,0.9060576171875,0.8979921875,0.898515625,0.8426796875
202244314,129,0.7245213178294572,0.7420823643410852,0.7629457364341085,0.7746463178294573,0.7951230620155039,0.8113895348837209,0.8134961240310077,0.8475552325581394,0.8527887596899225,0.8723003875968991,0.8709554263565891,0.8930736434108526,0.8957122093023255,0.9001928294573642,0.8971463178294573,0.9096521317829456,0.9080397286821705,0.904656007751938,0.9061569767441859,0.898112403100775,0.8985755813953488,0.8425135658914729
202244314,130,0.7243951923076923,0.741998076923077,0.7629259615384616,0.7746567307692308,0.7954278846153847,0.8115807692307693,0.813671153846154,0.8476634615384616,0.8528951923076924,0.8724173076923077,0.8710884615384616,0.8931557692307693,0.8958288461538463,0.9003278846153847,0.8973269230769232,0.909781730769231,0.9081471153846156,0.9046701923076924,0.9062432692307694,0.8981423076923079,0.8986519230769232,0.8424576923076925
202244314,131,0.7242337786259543,0.7418597328244275,0.7628015267175572,0.7746498091603052,0.7957146946564885,0.8117919847328244,0.8138625954198474,0.8478358778625954,0.8529551526717557,0.8725868320610687,0.8711717557251909,0.8933540076335877,0.8959828244274809,0.9003702290076337,0.8974513358778625,0.9098244274809161,0.9082414122137406,0.9047347328244275,0.9063578244274809,0.8982528625954198,0.8986746183206107,0.8423320610687023
202244314,132,0.7241486742424242,0.7417518939393939,0.762811553030303,0.7747623106060606,0.7958825757575757,0.8119346590909091,0.8139971590909091,0.8480028409090908,0.8531060606060606,0.8726979166666666,0.8713267045454545,0.8935464015151515,0.8962140151515151,0.900654356060606,0.89765625,0.910091856060606,0.908471590909091,0.90484375,0.906440340909091,0.8983636363636364,0.8987679924242425,0.8423001893939395
202244314,133,0.7241456766917292,0.7416663533834587,0.7627518796992481,0.774812030075188,0.7961268796992481,0.8121005639097744,0.814171992481203,0.8480469924812029,0.8531851503759399,0.8727321428571427,0.8713458646616541,0.8936437969924812,0.8963195488721805,0.9006832706766917,0.8977716165413533,0.9101936090225563,0.908578947368421,0.9049304511278194,0.9064652255639096,0.8984266917293232,0.8987716165413533,0.8422575187969924
202244314,134,0.724080223880597,0.7416212686567164,0.7626557835820895,0.7749468283582089,0.7963945895522389,0.8122378731343283,0.814384328358209,0.8481035447761194,0.8532350746268658,0.8728264925373135,0.8714123134328359,0.8937621268656717,0.8963936567164178,0.9007761194029852,0.8979179104477611,0.9103889925373133,0.9087332089552238,0.905124067164179,0.9064953358208956,0.8984626865671641,0.8988983208955224,0.8422005597014924
202244314,135,0.7240046296296295,0.7415685185185185,0.762637962962963,0.7750703703703705,0.7967425925925925,0.8125027777777777,0.8146314814814815,0.8482685185185185,0.8533629629629629,0.8729231481481481,0.8715009259259259,0.8938555555555556,0.8965722222222223,0.9008712962962964,0.8980879629629629,0.9105898148148147,0.9088101851851852,0.9051138888888888,0.9066129629629629,0.8984972222222223,0.8989342592592593,0.8422268518518519
202244314,136,0.7239163602941177,0.7414283088235294,0.7625376838235295,0.7751544117647059,0.7970404411764707,0.8126681985294117,0.814796875,0.8484724264705882,0.8534044117647058,0.8730670955882354,0.8716654411764706,0.8939935661764706,0.896703125,0.9008878676470589,0.8982150735294117,0.9106893382352942,0.9090900735294117,0.9051479779411765,0.9066691176470588,0.8985735294117647,0.8989310661764706,0.8421847426470588
202244314,137,0.7238950729927007,0.7411879562043796,0.7623832116788322,0.7750994525547447,0.7972554744525547,0.8128740875912409,0.815043795620438,0.8486058394160584,0.8535273722627738,0.8731259124087591,0.8717764598540145,0.8942527372262774,0.8968585766423357,0.9010191605839416,0.8983038321167883,0.9108996350364963,0.9092582116788321,0.9052271897810219,0.9066906934306569,0.8985711678832117,0.8989708029197079,0.8421195255474453
202244314,138,0.7237726449275362,0.7410679347826088,0.7624121376811595,0.7752717391304348,0.797661231884058,0.8131539855072464,0.8153514492753623,0.8487146739130434,0.8536503623188405,0.873179347826087,0.8718405797101448,0.8943677536231884,0.8970597826086958,0.9010960144927537,0.898463768115942,0.9110824275362319,0.9094746376811595,0.9053423913043478,0.9068052536231884,0.8986666666666667,0.8990072463768116,0.8421820652173913
202244314,139,0.7237095323741007,0.7409595323741007,0.7623111510791367,0.7753911870503598,0.7979199640287771,0.8133561151079136,0.8155782374100718,0.8488228417266187,0.853669964028777,0.8732248201438849,0.8719280575539569,0.8944676258992806,0.8971942446043165,0.9012464028776979,0.8986771582733813,0.9112491007194244,0.9096591726618706,0.905466726618705,0.9069208633093525,0.8987706834532374,0.8990341726618706,0.8421025179856115
202244314,140,0.7236008928571429,0.7407616071428572,0.7622732142857143,0.7754517857142857,0.7981383928571429,0.8135571428571429,0.8157705357142857,0.8488901785714286,0.8537410714285714,0.8732116071428571,0.8719303571428572,0.8944857142857142,0.8972803571428571,0.9012678571428571,0.8987526785714285,0.9112821428571428,0.9097294642857142,0.9054660714285715,0.9069508928571429,0.8988366071428572,0.8990607142857143,0.8419437499999999
202244314,141,0.7235106382978723,0.7406507092198581,0.7621693262411348,0.7755248226950355,0.7983980496453901,0.8137721631205673,0.815968085106383,0.8489778368794325,0.8537845744680851,0.8732863475177305,0.871979609929078,0.8946781914893618,0.8973599290780141,0.9013882978723404,0.8988608156028369,0.9114326241134751,0.9098599290780142,0.9055824468085106,0.9070656028368794,0.898895390070922,0.8991728723404255,0.8419051418439717
202244314,142,0.7234375,0.7405528169014085,0.7622411971830986,0.775705985915493,0.7987244718309859,0.8140026408450705,0.8162359154929578,0.8491338028169014,0.8539815140845072,0.873406690140845,0.8720880281690141,0.8948116197183099,0.8976029929577465,0.9015316901408451,0.8990360915492959,0.9115915492957746,0.9100404929577465,0.9057517605633802,0.9072165492957747,0.8989357394366198,0.899205985915493,0.8418926056338029
202244314,143,0.7234047202797204,0.7403312937062938,0.7621678321678322,0.775784965034965,0.7989055944055945,0.8142403846153846,0.8164694055944055,0.8492202797202797,0.8540506993006993,0.8734825174825176,0.8722071678321679,0.8949763986013987,0.8977893356643356,0.9016171328671327,0.8991800699300699,0.9117027972027971,0.9101756993006993,0.9057666083916083,0.9072779720279719,0.8990393356643357,0.8993680069930069,0.8417683566433566
202244314,144,0.7233506944444443,0.7400868055555555,0.7620980902777779,0.7758350694444445,0.7991145833333333,0.8144548611111111,0.8166328125,0.8494123263888889,0.8541614583333332,0.8736137152777779,0.8722994791666666,0.8951762152777778,0.8979383680555555,0.90178125,0.8994123263888889,0.9118177083333333,0.9103298611111111,0.9058480902777777,0.9073663194444445,0.8990842013888889,0.8994227430555557,0.8417092013888889
202244314,145,0.7232336206896552,0.7399258620689655,0.7620681034482758,0.7759163793103449,0.7992741379310345,0.8145870689655172,0.816825,0.8495327586206897,0.8543327586206897,0.8737879310344827,0.8724181034482759,0.8953448275862069,0.8981474137931034,0.9018999999999999,0.8995405172413794,0.9120025862068964,0.9105456896551724,0.9060344827586208,0.9074525862068965,0.899221551724138,0.8994991379310345,0.841643103448276
202244314,146,0.7231669520547946,0.7398013698630136,0.7620719178082191,0.7761035958904109,0.7995676369863014,0.8148005136986302,0.8170907534246575,0.8497542808219178,0.8544717465753424,0.8739529109589042,0.8725273972602741,0.8955428082191781,0.8982962328767123,0.9019940068493151,0.8996883561643836,0.912179794520548,0.9106361301369864,0.9060907534246576,0.9075744863013698,0.8992645547945206,0.8994940068493151,0.8417140410958904
202244314,147,0.7230969387755102,0.7396853741496598,0.762158163265306,0.7761675170068028,0.799908163265306,0.815031462585034,0.8173426870748299,0.8499268707482993,0.8545816326530612,0.8740603741496598,0.8726819727891156,0.8956488095238097,0.8984438775510204,0.9020782312925171,0.8998928571428572,0.9123154761904761,0.910780612244898,0.9061573129251701,0.9076734693877551,0.8993341836734694,0.8995892857142858,0.8415892857142858
202244314,148,0.7229577702702702,0.7394864864864864,0.762181587837838,0.7762221283783783,0.8002466216216215,0.81525,0.8174974662162162,0.8500878378378378,0.8546359797297297,0.874168918918919,0.8728285472972973,0.8958513513513513,0.8986224662162162,0.9022027027027028,0.9000380067567566,0.912450168918919,0.9108910472972973,0.9062854729729729,0.9077694256756758,0.8993657094594595,0.8996537162162163,0.8415878378378379
202244314,149,0.7228112416107383,0.7392038590604026,0.762148489932886,0.7762709731543624,0.8004362416107383,0.8153758389261745,0.8177239932885906,0.8502575503355705,0.8547080536912751,0.8741904362416107,0.8729161073825503,0.8959572147651006,0.8987231543624161,0.9023187919463087,0.9001031879194631,0.9125629194630873,0.9109958053691275,0.9063590604026845,0.9078464765100671,0.8993615771812081,0.8996384228187919,0.8414899328859061
202244314,150,0.7227066666666667,0.7391274999999999,0.7621633333333334,0.7763708333333333,0.8006883333333332,0.8156108333333334,0.8178833333333334,0.8504558333333334,0.8548616666666666,0.8743466666666667,0.8730708333333334,0.8961525,0.8989258333333333,0.9024841666666666,0.900325,0.9127341666666666,0.9112133333333333,0.9065033333333333,0.9080141666666666,0.8994800000000001,0.8997683333333333,0.8415166666666667
202244314,151,0.7225562913907284,0.7389983443708609,0.762274834437086,0.7764610927152319,0.8009312913907284,0.8158940397350993,0.8181059602649007,0.8505521523178808,0.8549602649006622,0.8744354304635762,0.8731374172185431,0.8963385761589404,0.8990413907284768,0.9025513245033113,0.9005024834437085,0.9128816225165564,0.9113874172185431,0.9066514900662251,0.9081324503311258,0.8995314569536424,0.8998402317880796,0.8414379139072847
202244314,152,0.7223799342105264,0.738859375,0.7621669407894737,0.7765575657894738,0.8011883223684211,0.8161282894736842,0.8183388157894738,0.850750822368421,0.8550666118421053,0.8744769736842105,0.8732162828947369,0.8964202302631578,0.8991875,0.9026274671052631,0.9006019736842105,0.9130509868421052,0.9114802631578948,0.9066743421052631,0.9082261513157894,0.8995394736842106,0.8998700657894736,0.8413256578947369
202244314,153,0.722299019607843,0.7387802287581698,0.7621062091503269,0.7766176470588235,0.801467320261438,0.8163692810457517,0.8186086601307191,0.8508921568627451,0.8551879084967321,0.8745980392156865,0.8732736928104575,0.8965547385620917,0.8993292483660131,0.9027238562091504,0.900797385620915,0.9132401960784315,0.9116821895424838,0.9067197712418301,0.9083349673202616,0.8996021241830067,0.8999419934640525,0.8413104575163399
202244314,154,0.7220576298701299,0.7386071428571429,0.7621030844155844,0.7766818181818181,0.8016542207792208,0.8165592532467533,0.8188206168831169,0.8510316558441559,0.8552637987012986,0.8746176948051948,0.8733133116883116,0.8966387987012986,0.8993977272727273,0.9028961038961039,0.9009350649350649,0.9133831168831168,0.9118108766233767,0.9068019480519481,0.9083896103896104,0.8997012987012986,0.8999431818181818,0.8413295454545455
202244314,155,0.7219080645161291,0.7384935483870968,0.7620338709677419,0.7767451612903226,0.8019314516129031,0.8167935483870967,0.8190612903225806,0.8511572580645161,0.8553459677419355,0.8746870967741937,0.8733701612903226,0.8966693548387098,0.8995846774193549,0.9029370967741936,0.9010838709677419,0.9135104838709678,0.9119564516129033,0.9069185483870967,0.908508870967742,0.8997588709677418,0.899991935483871,0.8412379032258064
202244314,156,0.7217644230769231,0.7383421474358973,0.7620016025641025,0.7767692307692308,0.8021386217948718,0.8169190705128205,0.8192956730769231,0.8512475961538462,0.8553589743589743,0.8747491987179488,0.873395032051282,0.8967355769230769,0.8996490384615383,0.9030392628205128,0.9011802884615383,0.913573717948718,0.9119895833333332,0.9068862179487179,0.9084943910256411,0.8997339743589744,0.8999991987179488,0.8410745192307693
202244314,157,0.7215398089171974,0.7381807324840763,0.761970541401274,0.7768574840764332,0.8023996815286625,0.8170979299363058,0.8195207006369426,0.8513487261146497,0.8554968152866242,0.8748933121019109,0.8735071656050954,0.8968813694267516,0.8997722929936306,0.9031823248407643,0.9013320063694268,0.9137579617834395,0.9121496815286625,0.9069132165605095,0.9085501592356688,0.8997842356687898,0.9000366242038217,0.8410063694267516
202244314,158,0.7214359177215189,0.7380791139240506,0.7619034810126581,0.7768544303797468,0.8025775316455696,0.8173267405063291,0.8197840189873417,0.8515134493670886,0.8556036392405063,0.8750427215189874,0.8736732594936709,0.8970870253164558,0.9,0.903373417721519,0.9014469936708861,0.9139319620253165,0.9123591772151899,0.9070988924050633,0.9087049050632912,0.8999129746835444,0.9002096518987341,0.8410292721518988
202244314,159,0.7212154088050315,0.7378954402515724,0.7619111635220125,0.7767995283018868,0.8027303459119497,0.8175448113207547,0.8199905660377358,0.8516163522012579,0.8556163522012579,0.875126572327044,0.873691037735849,0.8972272012578617,0.9001737421383648,0.9035322327044025,0.9015864779874214,0.9140833333333334,0.9124544025157233,0.9072295597484277,0.9088278301886792,0.9000345911949686,0.9002814465408805,0.840933962264151
202244314,160,0.72108203125,0.73771328125,0.7618656249999999,0.776771875,0.80289140625,0.8177648437499999,0.82020625,0.8517250000000001,0.8557296875000001,0.87513046875,0.873746875,0.8973570312500001,0.90027109375,0.90366796875,0.90167421875,0.914175,0.9125203125000001,0.90734375,0.90893515625,0.900125,0.900346875,0.8408562500000001
202244314,161,0.7208462732919255,0.7375077639751553,0.7617973602484471,0.7768066770186335,0.8031024844720498,0.8180178571428571,0.8205038819875776,0.8518454968944099,0.8558726708074534,0.8752119565217391,0.8738385093167701,0.897483695652174,0.9004363354037267,0.9037476708074534,0.9018214285714287,0.914304347826087,0.9126909937888199,0.9074844720496894,0.909079192546584,0.900238354037267,0.9004184782608695,0.8407895962732919
202244314,162,0.7207592592592592,0.7373564814814815,0.7617785493827162,0.7768132716049383,0.8032523148148147,0.8181929012345679,0.8207075617283951,0.8519382716049382,0.855923611111111,0.875273148148148,0.8738927469135802,0.8976242283950616,0.9004961419753087,0.903846450617284,0.9019197530864197,0.9143564814814815,0.9128047839506174,0.9075486111111111,0.9091828703703705,0.9003233024691358,0.9004483024691358,0.8407314814814815
202244314,163,0.720689417177914,0.7372147239263804,0.76172009202454,0.7767814417177914,0.8034708588957056,0.8183911042944785,0.8209754601226994,0.8521180981595091,0.8560575153374232,0.8753588957055215,0.8739754601226993,0.897799846625767,0.9006702453987729,0.9039823619631903,0.9020291411042944,0.9145751533742331,0.9130352760736196,0.9076848159509202,0.9093036809815951,0.9004785276073619,0.9005866564417178,0.84072009202454
202244314,164,0.7205746951219512,0.7370442073170732,0.7616410060975609,0.7767553353658536,0.8036958841463414,0.8185594512195122,0.821158536585366,0.8521539634146342,0.856125,0.8754397865853658,0.8740899390243903,0.8979092987804879,0.9008071646341463,0.9040335365853658,0.9021920731707318,0.914640243902439,0.9130724085365853,0.9077789634146342,0.9093955792682927,0.9005602134146342,0.9006707317073172,0.8406996951219512
202244314,165,0.7204083333333333,0.7368318181818182,0.7615446969696971,0.7767401515151514,0.8038386363636364,0.8187469696969697,0.8213204545454545,0.8522431818181817,0.8562227272727273,0.875530303030303,0.8741780303030302,0.8979977272727273,0.9008901515151515,0.9040962121212122,0.9022515151515151,0.9148068181818182,0.9131712121212122,0.9078742424242424,0.909448484848485,0.9006666666666667,0.9008098484848486,0.8406962121212121
202244314,166,0.7202439759036144,0.7366182228915662,0.7615218373493976,0.7768027108433735,0.8039442771084336,0.818921686746988,0.8214811746987951,0.8523599397590362,0.8563012048192771,0.8755655120481928,0.8742213855421685,0.8980557228915663,0.9009563253012047,0.9041671686746988,0.9022981927710843,0.9149510542168675,0.9132447289156627,0.9079171686746988,0.9095090361445783,0.9007725903614457,0.900871234939759,0.8405873493975904
202244314,167,0.7201564371257485,0.7364184131736528,0.761497754491018,0.7767485029940119,0.8040905688622754,0.8191100299401198,0.8216047904191617,0.8524191616766467,0.856375,0.8755905688622754,0.8742522455089821,0.8981272455089822,0.9010344311377246,0.9041586826347305,0.9023630239520959,0.9149767964071857,0.9133502994011976,0.9079146706586827,0.909500748502994,0.9007971556886227,0.9009019461077844,0.8405187125748502
202244314,168,0.720047619047619,0.7362046130952381,0.7614181547619047,0.7767715773809524,0.8042366071428572,0.8193147321428571,0.821860119047619,0.8525275297619048,0.8564784226190477,0.8756688988095238,0.87434375,0.8982165178571428,0.9011822916666667,0.9042529761904762,0.9024918154761905,0.9150654761904762,0.9134501488095238,0.9079501488095238,0.9095639880952381,0.9008534226190476,0.901,0.8404010416666667
202244314,169,0.7199637573964497,0.7360739644970415,0.7613831360946745,0.7768217455621302,0.8043905325443786,0.8195554733727811,0.8220399408284024,0.8527011834319527,0.8565584319526627,0.8757596153846153,0.8744371301775148,0.8982781065088756,0.9012514792899409,0.9044186390532544,0.902603550295858,0.915176775147929,0.9135118343195266,0.9080244082840236,0.909625,0.9008616863905325,0.9010458579881656,0.8402655325443786
202244314,170,0.7198536764705882,0.7358838235294117,0.7613279411764706,0.7768830882352941,0.8044735294117648,0.8197514705882353,0.8222411764705884,0.8527742647058824,0.8566125000000002,0.8757286764705883,0.8744757352941177,0.8983102941176471,0.9013161764705883,0.9044389705882354,0.9026661764705883,0.9152661764705884,0.9135926470588237,0.9080617647058825,0.9096500000000001,0.9009227941176472,0.9011272058823531,0.8402198529411766
202244314,171,0.7197054093567252,0.7357748538011696,0.7613004385964912,0.7768296783625731,0.8045635964912281,0.819890350877193,0.8224305555555556,0.8527909356725146,0.8566396198830409,0.8757792397660819,0.8745190058479532,0.8983823099415205,0.9014400584795321,0.9044473684210526,0.9026615497076024,0.9153384502923977,0.9136688596491228,0.9081323099415205,0.909720029239766,0.9009707602339181,0.9011856725146199,0.8401491228070175
202244314,172,0.7195843023255813,0.7356475290697674,0.7613001453488372,0.7768880813953488,0.8047630813953489,0.8201119186046512,0.82265625,0.8529135174418605,0.8567834302325582,0.8758815406976744,0.8745981104651164,0.8986119186046513,0.9016380813953487,0.9046082848837209,0.9028524709302326,0.9155145348837209,0.9137936046511628,0.9082906976744186,0.9098495639534885,0.9010886627906978,0.9013103197674419,0.8401140988372093
202244314,173,0.719371387283237,0.7355469653179191,0.7612304913294797,0.7768164739884392,0.8049125722543352,0.8202406069364163,0.8228027456647399,0.8529804913294797,0.8568663294797687,0.8758973988439307,0.8746011560693642,0.8987810693641618,0.9017550578034682,0.9047304913294797,0.9029797687861272,0.9157803468208092,0.9140158959537572,0.9085158959537571,0.9100260115606936,0.9011900289017342,0.9014053468208092,0.8400354046242774
202244314,174,0.71928591954023,0.7354820402298852,0.7612772988505747,0.7768405172413791,0.805066091954023,0.8203663793103448,0.8229008620689656,0.8529719827586207,0.8568958333333333,0.8759834770114941,0.8747004310344828,0.8989173850574713,0.9018168103448276,0.9048168103448275,0.9031113505747126,0.9158757183908045,0.9141573275862068,0.9085682471264367,0.910092672413793,0.901232040229885,0.9014971264367816,0.8399777298850575
202244314,175,0.7190671428571429,0.7353714285714287,0.7612314285714286,0.7768514285714286,0.8052378571428571,0.8204300000000001,0.8230414285714285,0.8529942857142857,0.8569064285714286,0.8760071428571429,0.8746635714285714,0.8989821428571428,0.9019028571428571,0.9049342857142857,0.90323,0.9159585714285714,0.9142328571428572,0.908635,0.9101642857142858,0.9013671428571429,0.9015978571428572,0.8399242857142857
202244314,176,0.7188529829545455,0.7352492897727273,0.761245028409091,0.7768238636363636,0.8053636363636364,0.820625,0.8232443181818182,0.8531115056818181,0.8569588068181818,0.8760866477272726,0.8748146306818182,0.8990525568181819,0.902026278409091,0.9050021306818182,0.90334375,0.9160802556818183,0.9144147727272728,0.90871875,0.9103125,0.9014282670454546,0.9016278409090909,0.8398856534090909
202244314,177,0.7186447740112994,0.7350798022598869,0.7612528248587571,0.7768100282485875,0.8054512711864407,0.8207542372881356,0.8233686440677966,0.8531553672316383,0.8570360169491525,0.8761836158192091,0.8749004237288136,0.8991546610169492,0.9021122881355932,0.9050741525423729,0.9034152542372882,0.9162012711864407,0.914505649717514,0.9088093220338983,0.9103827683615818,0.9014858757062147,0.9016278248587571,0.8397535310734463
202244314,178,0.7184705056179775,0.734999297752809,0.7612998595505618,0.7767970505617977,0.8056481741573034,0.8209824438202247,0.8236123595505618,0.8532605337078651,0.8570962078651685,0.8762682584269662,0.8749761235955057,0.8993293539325843,0.9022212078651686,0.9051804775280898,0.9035400280898876,0.9163588483146068,0.9146966292134833,0.908813202247191,0.9104410112359551,0.9015323033707865,0.9017528089887641,0.8397331460674158
202244314,179,0.7182548882681565,0.7348715083798882,0.7613072625698325,0.7767590782122904,0.8058261173184358,0.8211075418994412,0.8237688547486034,0.8533135474860335,0.8571752793296089,0.8763610335195531,0.87498812849162,0.8994902234636871,0.9023331005586592,0.9052311452513966,0.9036354748603351,0.9165062849162011,0.9148282122905027,0.9088847765363127,0.9105153631284916,0.9015460893854749,0.9018756983240224,0.8396396648044693
202244314,180,0.718025,0.7347638888888889,0.7612875,0.7767194444444444,0.8059319444444444,0.8211951388888887,0.8238687499999999,0.8533881944444445,0.857223611111111,0.8764111111111111,0.8750875,0.8995430555555556,0.9023541666666667,0.9052715277777778,0.9037013888888888,0.9165604166666665,0.9149284722222222,0.9089034722222222,0.9105347222222222,0.9015666666666666,0.9018583333333333,0.83955625
202244314,181,0.7178011049723757,0.7346284530386741,0.761232044198895,0.7767382596685084,0.8061906077348067,0.8213342541436464,0.8240421270718232,0.8535283149171271,0.857303867403315,0.8764758287292819,0.8751691988950275,0.8996602209944752,0.9024564917127071,0.9053908839779006,0.9038687845303868,0.9166553867403315,0.9150462707182321,0.9089765193370165,0.9105870165745856,0.9016767955801105,0.901889502762431,0.8395379834254144
202244314,182,0.7175934065934066,0.7345254120879122,0.7612225274725274,0.7767781593406594,0.8063962912087912,0.8215034340659343,0.8241868131868132,0.8535391483516485,0.8573228021978023,0.8765309065934067,0.8751936813186815,0.8997534340659342,0.9025954670329671,0.9055542582417584,0.9040254120879123,0.916805631868132,0.9151641483516485,0.9090748626373628,0.9106826923076925,0.9016978021978023,0.9019244505494507,0.8395570054945056
202244314,183,0.7174071038251366,0.7344439890710383,0.7612780054644809,0.7767862021857923,0.806641393442623,0.8217431693989071,0.8244173497267759,0.8536564207650273,0.8573811475409836,0.8766243169398907,0.8753094262295081,0.8998736338797815,0.9027575136612022,0.9056837431693989,0.9041434426229508,0.9169474043715847,0.9152684426229509,0.9091461748633881,0.9107349726775956,0.9017752732240437,0.9019795081967213,0.8395519125683061
202244314,184,0.717366168478261,0.7343716032608695,0.7612588315217391,0.7768491847826088,0.8068389945652175,0.8218648097826088,0.8245169836956523,0.8537785326086957,0.8575047554347827,0.876679347826087,0.8752832880434782,0.8999232336956521,0.902860054347826,0.905726902173913,0.9042058423913044,0.9169911684782609,0.9153892663043478,0.9092282608695652,0.9107690217391305,0.9018260869565218,0.9020217391304347,0.839538722826087
202244314,185,0.7172486486486487,0.7343128378378379,0.761277027027027,0.7768959459459459,0.8069682432432432,0.8219324324324325,0.8246236486486487,0.8538108108108108,0.8575216216216216,0.876675,0.8752783783783784,0.900002027027027,0.9029587837837839,0.9057925675675677,0.904341891891892,0.9171033783783785,0.9154932432432433,0.9093304054054054,0.9108459459459459,0.901875,0.9020702702702703,0.8395094594594594
202244314,186,0.7171176075268817,0.7342573924731182,0.7613145161290322,0.7769099462365591,0.8071129032258064,0.8220510752688172,0.8247842741935484,0.8538797043010752,0.857575940860215,0.8766747311827958,0.875260752688172,0.9000645161290322,0.9031041666666666,0.9059012096774193,0.9044623655913978,0.9172231182795699,0.9156364247311827,0.909372311827957,0.9109596774193548,0.9019583333333334,0.902168682795699,0.8394381720430107
202244314,187,0.7170086898395722,0.7341610962566845,0.7613395721925132,0.7769739304812834,0.8073622994652406,0.8221965240641712,0.8249097593582887,0.8539311497326203,0.8576450534759358,0.876673796791444,0.8752760695187164,0.9001504010695187,0.9032192513368984,0.9060193850267381,0.9045354278074867,0.9173442513368985,0.9157680481283422,0.9094298128342246,0.9110929144385026,0.9020715240641711,0.9022506684491978,0.8393663101604277
202244314,188,0.7168065159574468,0.7340851063829786,0.7613011968085107,0.7769301861702127,0.8075651595744681,0.8224015957446809,0.8250452127659574,0.85396875,0.857751329787234,0.8767539893617021,0.8753863031914894,0.9002686170212766,0.9033809840425532,0.9061356382978724,0.9046815159574468,0.9175438829787236,0.9159288563829788,0.9095425531914894,0.9111875,0.9021303191489363,0.9023597074468086,0.839405585106383
202244314,189,0.7166673280423281,0.733962962962963,0.7613207671957671,0.7769001322751321,0.8077347883597884,0.8225535714285713,0.8251626984126983,0.8540132275132275,0.8578253968253968,0.8767757936507936,0.8754080687830688,0.9003439153439153,0.903425925925926,0.9062513227513227,0.9047612433862433,0.9176230158730158,0.9160205026455026,0.9096375661375662,0.9112592592592592,0.9021468253968253,0.9024358465608466,0.8393141534391534
202244314,190,0.7164690789473684,0.7338315789473685,0.7613493421052632,0.7769453947368422,0.8079776315789474,0.8227434210526317,0.8253335526315788,0.8540572368421052,0.8578953947368422,0.8768605263157895,0.8754335526315788,0.9004302631578949,0.9034677631578948,0.9063131578947369,0.9048736842105264,0.9177276315789473,0.9160763157894736,0.9096993421052633,0.9112940789473684,0.9022105263157894,0.9024513157894736,0.8391986842105263
202244314,191,0.7163056282722514,0.7337375654450261,0.7613651832460734,0.7770026178010471,0.8081524869109947,0.8229116492146598,0.825509162303665,0.8541289267015707,0.8579410994764398,0.8768730366492148,0.8754888743455497,0.9004666230366493,0.9035314136125654,0.9064051047120417,0.9049214659685864,0.9178043193717278,0.9161623036649215,0.9097663612565445,0.9113867801047121,0.9022388743455498,0.902473821989529,0.8390929319371728
202244314,192,0.716162109375,0.733603515625,0.7613528645833333,0.777041015625,0.808349609375,0.8230319010416668,0.8256158854166668,0.8541666666666666,0.858001953125,0.876919921875,0.875505859375,0.9005735677083334,0.9036197916666666,0.906513671875,0.9049700520833333,0.9178743489583334,0.9162526041666667,0.9098151041666668,0.9115091145833333,0.902240234375,0.902515625,0.8390787760416667
202244314,193,0.71597603626943,0.733461139896373,0.7613445595854922,0.7769967616580311,0.8084708549222797,0.82310103626943,0.825764896373057,0.8542091968911916,0.8580757772020725,0.8768989637305697,0.8755505181347151,0.900615932642487,0.9036755181347148,0.9065233160621761,0.905091968911917,0.9179863989637304,0.9163840673575128,0.9098711139896372,0.9115945595854921,0.9023024611398962,0.902564766839378,0.839047279792746
202244314,194,0.7158240979381444,0.7333588917525774,0.7613737113402063,0.7770431701030929,0.8086932989690723,0.8233041237113402,0.8259716494845362,0.8542396907216496,0.8581076030927837,0.8768840206185569,0.875590850515464,0.90063337628866,0.9037667525773198,0.9066469072164949,0.905166881443299,0.9180734536082477,0.9164471649484538,0.9099806701030929,0.911604381443299,0.902341494845361,0.9026088917525775,0.8389961340206187
202244314,195,0.7156301282051283,0.7331858974358975,0.7614224358974359,0.7771384615384616,0.8088820512820514,0.8234897435897437,0.8261288461538463,0.8542801282051283,0.8581570512820513,0.8769089743589745,0.8755666666666668,0.9006826923076924,0.9038282051282054,0.9067166666666668,0.9052051282051284,0.9181525641025643,0.9165288461538464,0.9100391025641027,0.911646153846154,0.9023628205128207,0.9025865384615386,0.8389467948717949
202244314,196,0.7154566326530613,0.7330025510204082,0.7614164540816326,0.7772072704081633,0.8090529336734694,0.8236103316326531,0.8262602040816326,0.8543443877551019,0.8581811224489795,0.8769247448979592,0.8755758928571429,0.9007576530612245,0.9039343112244899,0.9068207908163265,0.9052729591836735,0.9182825255102041,0.9165822704081633,0.9101473214285715,0.9117302295918367,0.902452806122449,0.9026428571428571,0.8388934948979593
202244314,197,0.7152855329949239,0.7328832487309644,0.7613096446700508,0.7771484771573604,0.8092024111675127,0.8237417512690356,0.8263001269035533,0.8543521573604062,0.8582144670050761,0.8769060913705584,0.8755329949238578,0.9007671319796955,0.903979695431472,0.9068997461928934,0.905361040609137,0.9183394670050762,0.9166535532994924,0.9102176395939087,0.9118007614213197,0.9025355329949238,0.9026884517766498,0.8387766497461929
202244314,198,0.7151489898989898,0.7327228535353536,0.7612348484848485,0.7771483585858585,0.809366792929293,0.8238933080808081,0.8264627525252525,0.8543674242424243,0.8582550505050506,0.8768863636363637,0.8755763888888889,0.9008472222222222,0.9040473484848485,0.9069400252525252,0.9054375,0.9184273989898991,0.9167266414141413,0.910268308080808,0.9118851010101011,0.9025871212121213,0.9027506313131313,0.8387127525252525
202244314,199,0.7149378140703518,0.7325791457286432,0.7611538944723618,0.7771005025125628,0.8095219849246231,0.8240251256281407,0.8265697236180904,0.8543969849246231,0.8583360552763819,0.8769170854271355,0.8756118090452262,0.9009170854271357,0.9041048994974874,0.9070452261306532,0.9055100502512563,0.918592336683417,0.9168285175879397,0.9103548994974874,0.9119472361809046,0.9026438442211056,0.9028473618090452,0.838662688442211
202244314,200,0.714705625,0.732455,0.7610425000000001,0.777128125,0.809646875,0.8241724999999999,0.826673125,0.8544668750000001,0.858405,0.8769549999999999,0.87564125,0.9010281250000001,0.9041581249999999,0.9070806250000001,0.9055725,0.9187037499999999,0.916933125,0.910441875,0.9120168750000001,0.902684375,0.902899375,0.8385612499999999
