seed,k,gamma_0.00,gamma_0.30,gamma_0.50,gamma_0.70,gamma_0.90,gamma_1.00,gamma_1.20,gamma_1.50,gamma_2.00
191664964,1,0.008718726307808946,0.01592115238817286,0.02047005307050796,0.050037907505686124,0.1508718726307809,0.2680060652009098,0.41091736163760423,0.4954510993176649,0.5333586050037907
191664964,2,0.017058377558756634,0.027103866565579986,0.039613343442001514,0.07562547384382108,0.17892342683851403,0.27862016679302504,0.3595526914329037,0.38684609552691435,0.3946171341925701
191664964,3,0.024766237048268882,0.03601213040181956,0.05534495830174375,0.09236795552185999,0.18979024513520343,0.26648976497346477,0.31526408895628,0.3260045489006823,0.32789992418498864
191664964,4,0.03146322971948446,0.045678544351781654,0.06292645943896892,0.10310841546626232,0.19143290371493557,0.2517058377558757,0.28278999241849884,0.28781273692191056,0.2841167551175133
191664964,5,0.03851402577710387,0.05307050796057619,0.0712661106899166,0.10978013646702045,0.18718726307808947,0.23798332069749809,0.2586808188021228,0.2592115238817286,0.2540561031084155
191664964,6,0.04485721506191559,0.060715188273944905,0.07796310336113217,0.11662875916098053,0.18776851149861007,0.2272554965883245,0.24305029062421024,0.24058630275461207,0.23332069749810463
191664964,7,0.05177082205133759,0.06715043864399435,0.0836131268276833,0.12303693274125418,0.18807538178273583,0.22154229394562977,0.23156070616267727,0.22625365536661965,0.21791400411567202
191664964,8,0.0579510993176649,0.07354056103108415,0.09017247915087187,0.12680060652009098,0.18768953752843062,0.21455648218347234,0.22161675511751328,0.21498294162244125,0.20688021228203185
191664964,9,0.06322129559430545,0.07922668688400303,0.09653778114733384,0.13040181956027294,0.18612585291887793,0.21110268722095865,0.213587734815938,0.20705921994777185,0.1977508213292899
191664964,10,0.06849886277482942,0.08449583017437452,0.1014404852160728,0.13449583017437455,0.18525398028809706,0.20606520090978014,0.20780894617134194,0.20064442759666418,0.19040940106141016
191664964,11,0.07374732924391757,0.09073678406506307,0.10627886139637467,0.13912054586808187,0.1860569301812668,0.2038045351161348,0.2024950031015232,0.19529257702115926,0.1846095526914329
191664964,12,0.0792582764720748,0.09587439979782662,0.11170078342178416,0.14237427343947434,0.18596790497851906,0.20132044478140002,0.19936189032095025,0.1910538286580743,0.17964998736416476
191664964,13,0.08502945121595615,0.10132967866099027,0.1168425963725433,0.1473727182597539,0.186650726074532,0.2002391088820202,0.1963317198343734,0.18819618592173556,0.17594914562314107
191664964,14,0.09151954944221813,0.10622224629047979,0.12225170583775588,0.15125094768764213,0.18720892450991009,0.198283331528214,0.1938968915845337,0.1859092386006715,0.17169392396837427
191664964,15,0.09623452110184484,0.11101844831943392,0.12807682587819053,0.15569876168814756,0.18824867323730096,0.19643669446550419,0.19203942380591354,0.18354814253222135,0.16901693201920648
191664964,16,0.10040750568612586,0.11585481425322214,0.13213134950720243,0.15840598938589842,0.18934799090219864,0.19565011372251706,0.19027198635329795,0.1813874147081122,0.166485026535254
191664964,17,0.10511528341435132,0.12067965927841949,0.13631093074075726,0.16188734781251393,0.1914997993132052,0.19582571466797485,0.1892030504392811,0.17952548722294073,0.16449627614502965
191664964,18,0.10871030241765647,0.12488417151040351,0.1391205458680819,0.1645185746777862,0.19248588998399457,0.19581332659422124,0.18821076573161485,0.1785232920562716,0.1634024092325836
191664964,19,0.11288456166952636,0.1287458601013527,0.14319061489964485,0.1683093252463988,0.19358764614341006,0.19668010055464666,0.18828059534735245,0.17778620166793024,0.16286261521886594
191664964,20,0.11724791508718727,0.13301743745261563,0.1474033358605004,0.17079226686884003,0.1938589840788476,0.19747915087187265,0.18832448824867323,0.17729340409401062,0.16222517058377559
191664964,21,0.12168309325246399,0.13731542654969492,0.15152171558540017,0.1740315534856854,0.19515144951081265,0.19775082132928984,0.1879851258168165,0.17684753962236904,0.1613776670637929
191664964,22,0.1259046109311462,0.14120545868081877,0.15476600730581017,0.17735543455786063,0.19518919291474252,0.19758425804672963,0.18695292577021158,0.17675236060376318,0.16064167068715968
191664964,23,0.1295612618254936,0.14488907934205753,0.15823911395325838,0.17994528133961826,0.1963773609783433,0.1981244025447473,0.18724659656525033,0.17679731021524867,0.16028282295546692
191664964,24,0.13363975233762954,0.1482025524387162,0.16109110437199897,0.18233510235026534,0.19797194844579227,0.1981614859742229,0.1871683093252464,0.17658579732120291,0.1601908011119535
191664964,25,0.13734647460197122,0.15167551175132676,0.16450341167551177,0.18533737680060655,0.19954510993176652,0.19862016679302502,0.18723275208491283,0.1768612585291888,0.1602122820318423
191664964,26,0.14117629906106025,0.15568320989094303,0.16826558581676096,0.18789000991427074,0.2007202426080364,0.19908730390155713,0.18768589257596083,0.17696973231469063,0.1601008922843646
191664964,27,0.14462415410103052,0.15891668772639203,0.1712998062505265,0.19019739982590628,0.20266475725156546,0.200053351304299,0.18828798472467917,0.17685957375115827,0.16023643051694605
191664964,28,0.14815065525831256,0.16282627531679847,0.17395483591465394,0.19246182172641615,0.204091302935124,0.20076085779270011,0.18884707029134623,0.17751543377017218,0.1606195169500704
191664964,29,0.1515385218687093,0.16583880159995817,0.1767796920341952,0.194831507673002,0.20536717994300804,0.20144571383754675,0.189158453373768,0.17768162923845127,0.16106768450498024
191664964,30,0.1546878948698509,0.16871367197371748,0.17984584281020977,0.19727065959059892,0.20653272681324236,0.2017563810967905,0.18925954005559767,0.17754612079858478,0.1614227950467526
191664964,31,0.15872239477610114,0.17227127100198097,0.18295874195994033,0.19925896940497442,0.2078798698916579,0.20300080706302429,0.18962312602411407,0.17788402748905574,0.1617672234586319
191664964,32,0.16225597043214557,0.17533405989385897,0.18588893100833964,0.2012296247156937,0.20903620166793024,0.20383576573161485,0.19050890826383624,0.17821266110689918,0.16210197119029568
191664964,33,0.166080823396972,0.1787051715027454,0.188492200243527,0.2035862797803662,0.2107887058607301,0.2052748868518391,0.19160521055896343,0.17901532382199556,0.16261171227054472
191664964,34,0.1695022967488739,0.18221246042010436,0.19137715738304417,0.20599384560495917,0.21246042010435714,0.20684118984970787,0.19250323328724966,0.17979306961601926,0.1637381260313071
191664964,35,0.17258745803097583,0.18570345499837537,0.1949095635221488,0.20843712769414055,0.21380916278566015,0.2078522690349832,0.19341492472652444,0.18038557348640744,0.1644752518141449
191664964,36,0.17590135624631453,0.1887161991407632,0.19751916435009692,0.21093420941790916,0.2158200657063432,0.20898618482014988,0.19473928059978096,0.18154536264847107,0.16557156094684525
191664964,37,0.17946642624428827,0.19179148822818268,0.20056144089502698,0.21299920086879903,0.21765055426920477,0.20988463823945247,0.195869106407393,0.18249902669917833,0.16661885539823376
191664964,38,0.18218546745939906,0.19465504169825626,0.20346354894058497,0.2147759466900762,0.21899565061250548,0.21107497705598338,0.19634092813534978,0.18332269262998285,0.16768085870476038
191664964,39,0.1850469469878113,0.19743978538519857,0.2058085962559048,0.21688925176415702,0.22062168309325247,0.21272914601193602,0.19742034563869287,0.18452207383215724,0.16858148169747866
191664964,40,0.1881349507202426,0.20034116755117512,0.20835860500379075,0.21861258529188782,0.22185367702805156,0.2135614101592115,0.19847422289613345,0.18503601213040183,0.16947498104624717
191664964,41,0.19127572625233455,0.20328593354167052,0.2109044176112724,0.2209360380184545,0.22370051221361345,0.2142513729913645,0.19979104643207157,0.18605188705412454,0.1703896151925886
191664964,42,0.19470919527780786,0.20599119101772628,0.213491461785624,0.22317592692876997,0.22502617423011664,0.2156937073540561,0.20090978013646701,0.18699231019170365,0.17161269359904688
191664964,43,0.1976391558086641,0.20853535976867604,0.21610804520690444,0.22528518786254564,0.2265899113140681,0.21720119188250436,0.20220568788899268,0.1883650404640584,0.17281414743375
191664964,44,0.20014301468054313,0.21076573161485973,0.2182524639878696,0.22677303742504654,0.22788441656902605,0.21828692535667513,0.2034771521124819,0.1892876835067889,0.17401268178372042
191664964,45,0.20298205711397524,0.2135287675848707,0.22089124757813153,0.22903714935557237,0.2292814421699941,0.2192317412180945,0.20432145564821835,0.1901945918625221,0.1749894701373094
191664964,46,0.2054421992945908,0.21619639384250255,0.22308567096285065,0.2308649503906121,0.2306671721000758,0.21990473679005837,0.20554932920196456,0.19114447704123677,0.17592378943204667
191664964,47,0.2084993467004339,0.21904892487861535,0.22567064023357475,0.2327359540593293,0.2323246172955011,0.22112173955123965,0.20660397141612763,0.19195715645314793,0.1767941541786976
191664964,48,0.21161865049279757,0.22168783169067474,0.2282584660096032,0.2348685873136214,0.23407095021480923,0.22235121304018196,0.20804902704068737,0.19362838008592367,0.17763615112458933
191664964,49,0.21444817502436914,0.22404883105630424,0.2303461187355913,0.23706116259999072,0.2355061812442945,0.22339898810168493,0.20914112422831146,0.1948523154523371,0.17854435178165276
191664964,50,0.2175966641394996,0.22679302501895374,0.2327975739196361,0.2390068233510235,0.23681576952236544,0.22461713419257015,0.21032600454890069,0.19589082638362396,0.17931008339651253
191664964,51,0.2206068174047481,0.2296228574826443,0.2350785651637456,0.24125525873730844,0.2382449568151749,0.22622604765939733,0.21156104594984312,0.19707443250234136,0.18044715991021124
191664964,52,0.22312212048754887,0.2323511401411326,0.23731556540502716,0.2430891701172217,0.2398160027993235,0.22722633696856592,0.21287980404735524,0.19811774654458505,0.18129993584883655
191664964,53,0.22569270602371724,0.23495501165834606,0.23972563548714723,0.24504699100233163,0.2412633927932825,0.2286323258042828,0.21436336847525997,0.19939347990902198,0.18240662594589954
191664964,54,0.22844888102659142,0.23717462724286079,0.24206048353129475,0.24693931991126833,0.2426501558419678,0.22959312610563562,0.21565860781175414,0.2004324263611602,0.18340212843624518
191664964,55,0.23125646150665102,0.23966503549520987,0.24441381211661728,0.24891446688262453,0.24395892204838374,0.23085670962850643,0.2171617616651733,0.20158522296505615,0.18438210765731614
191664964,56,0.2336320805805264,0.24211388497779698,0.24675078522690347,0.25048061301852054,0.24559325246398786,0.23212254955052528,0.2181780028159861,0.20262915628723055,0.18550308675403446
191664964,57,0.23679555218599949,0.24468962398414534,0.24892595400555975,0.25228442600055856,0.2468443664126199,0.23341712887221844,0.21955096231860924,0.20388252663501058,0.18666453852599654
191664964,58,0.2395885074900002,0.24738568926302582,0.25140519202112366,0.2541240751875768,0.24830069802096677,0.2346605317508039,0.22079814906799822,0.20512535619983793,0.1877532613526444
191664964,59,0.24161858624278792,0.24988756248313437,0.2533827630074144,0.25581783837267574,0.24948921242338187,0.2356818853522828,0.22198378329756746,0.2063774559566184,0.18853522828028427
191664964,60,0.24421278746525146,0.25221127116502395,0.2555724033358605,0.25758150113722517,0.25087187263078087,0.23678291635077073,0.22323730098559513,0.20733510235026537,0.18960702552438716
191664964,61,0.24687729153979043,0.2548627251146547,0.2574478927155446,0.2593743397258231,0.2526069178090705,0.23838228165898157,0.22444350538783725,0.20832349395344213,0.1906996109819908
191664964,62,0.2494130450732471,0.2568600357064247,0.2595991586979383,0.2612744258847123,0.25395583164176183,0.23985057105823082,0.2259287338893101,0.2095918217613539,0.19177529408887475
191664964,63,0.2521390663922885,0.25893233209381805,0.26183255713202636,0.2631021577192919,0.2557673562222463,0.24151293067138405,0.22737282934401956,0.210729629228492,0.19302742577951065
191664964,64,0.2546555155420773,0.26101094579226686,0.2637414708112206,0.2646713893100834,0.25675819749810463,0.24257842115238817,0.2284578752843063,0.21183780326004548,0.1941811978771797
191664964,65,0.2568495946812854,0.2630489298419549,0.2656732956202251,0.26623316031958943,0.25804513909138627,0.2439085554324372,0.22962034175074358,0.213127660815303,0.19512451157636906
191664964,66,0.2591207756105406,0.26509982309830676,0.26791991177889585,0.26813242355319683,0.2592643646472304,0.24536494589565097,0.2309371194890528,0.21436120109357412,0.19625175178624762
191664964,67,0.2614599481742161,0.2674006766772657,0.2699749923619205,0.2696864426917724,0.26070745589716315,0.24663075826327044,0.2321976169191948,0.2157389700474127,0.1973679743813156
191664964,68,0.26368572447932925,0.26960041029300275,0.27184141283503543,0.2713452704812023,0.2624314320117736,0.24826071444498954,0.23363845158988536,0.21708736565134013,0.19867435222762342
191664964,69,0.26584149168781795,0.2717144081484656,0.2738185494061158,0.27320323916889167,0.26379778268560944,0.24957972113261032,0.23489468306028943,0.21861643098087044,0.19993737020799682
191664964,70,0.2679898191270443,0.27365969890609765,0.2759612260370411,0.2749918769630672,0.26541210874038773,0.25082854976713964,0.2361908372143399,0.21985811762157478,0.20106141015921156
191664964,71,0.2705634870633963,0.27570502621490883,0.27785667759399457,0.2767247915087187,0.26687417911563394,0.25221838994543455,0.2373650546188427,0.22105414900319276,0.20207370073359032
191664964,72,0.27283400724454554,0.2778830764046837,0.2797521270322635,0.27845695392132086,0.2684167298458428,0.25366439221632553,0.23861721843147163,0.22212218852666157,0.20318423047763456
191664964,73,0.2753642755512167,0.28008973173948715,0.28183451556284855,0.2804220715153655,0.26984431958623695,0.2551746341666061,0.24004798155514243,0.22336867905324703,0.20443050463717843
191664964,74,0.27755465852509065,0.2820523328483905,0.2836762084298096,0.28190889904309163,0.27121283527651996,0.256459643874352,0.24131200950761222,0.22447390529270742,0.205689199434461
191664964,75,0.27970684862269396,0.28423047763457165,0.28536770280515544,0.28355825120040434,0.27267121556734897,0.25785696234521105,0.24261309072529694,0.22551933282789996,0.20678797068486227
191664964,76,0.28196201268903875,0.2865458281792426,0.2875284306292646,0.285308846414748,0.2741710227046008,0.2592623997446231,0.24411934878895494,0.22672678664059698,0.2077929851163162
191664964,77,0.28397152506326123,0.2884761182714177,0.2892736528066323,0.28684166477949646,0.2756663351811191,0.2606657936453236,0.2455224835816193,0.22812933844018,0.20897866348965663
191664964,78,0.2862016679302502,0.2903909333022297,0.2911976827822165,0.2884275189051535,0.27693376878365505,0.2619457242277561,0.24687992068583423,0.22932582959118217,0.20989094302210295
191664964,79,0.2882505926046775,0.29231005460600185,0.2929482442586923,0.29011237895989483,0.27852899684264065,0.2634715597738985,0.248322952754772,0.23079912860721108,0.21116400034548613
191664964,80,0.2905420773313116,0.29436599696739957,0.2948682714177407,0.29211050037907504,0.2803165276724791,0.2650398028809704,0.24987680060652007,0.23208870356330552,0.21252369219105385
191664964,81,0.29267402353073313,0.2963243759301379,0.2967221707428935,0.2938627280300265,0.28156852834639035,0.2664991248514119,0.25133144263798796,0.233571074233192,0.21366261383951551
191664964,82,0.29459679357976293,0.29812866362173857,0.2982581038850571,0.2954057952255034,0.28300726714621205,0.26789973927032673,0.2526812625973114,0.2349294550564915,0.2148477227759389
191664964,83,0.2964960676671813,0.2999625492112499,0.3001178329694822,0.2969162472482805,0.2842925911378646,0.26933967865396385,0.25384327301625004,0.23618202910200317,0.21588552846716663
191664964,84,0.298666016823712,0.30162641250586664,0.30221307628434235,0.2984809920935774,0.2856465937398462,0.27066861619553056,0.25508141088125924,0.23747698472869058,0.21701144445647852
191664964,85,0.3007982874726843,0.30356330553449584,0.3038442670472283,0.3002051465013602,0.2871783436649868,0.2720554787494983,0.25638852963475006,0.2389822949649913,0.21829817598002052
191664964,86,0.3030616922615794,0.3057328490576018,0.3058562688435566,0.3018803885960118,0.28886400902727577,0.2736172576123561,0.25784156425763,0.24052753142796693,0.21984149373203807
191664964,87,0.3048634894076843,0.3074821573292202,0.3075344435439596,0.3035084050090193,0.29006649063641043,0.2748294162244124,0.2590041218965953,0.24194574433783866,0.2210574015494148
191664964,88,0.30674495140947,0.30912709352815493,0.3091615548969605,0.3050218829691915,0.29132779654007857,0.27613464056792336,0.2603168722861672,0.24311203390998692,0.22237059756013505
191664964,89,0.30909524580248915,0.3113100663594313,0.3110374730601153,0.3066930173522672,0.2928972408446985,0.2776277568127029,0.2616895673433227,0.2444182262694755,0.22358613522331355
191664964,90,0.3112627411338556,0.31320865975907675,0.31305281779125604,0.3083859826467863,0.2943433577626148,0.27900766574003877,0.26322129559430546,0.24554797405441833,0.2246483025861343
191664964,91,0.31323680110639923,0.31501137225170583,0.3149322247123612,0.3100500712327854,0.2957660232110573,0.2802156145598147,0.2643486157511934,0.24664039523781756,0.22580792975031033
191664964,92,0.31488776082012065,0.3168614233444309,0.3165565151465208,0.3113730757820483,0.2970300293371131,0.28148383162474866,0.26547615123446616,0.24794392985463296,0.22712364439463362
191664964,93,0.31674370450080297,0.31871652522683364,0.3180562009342366,0.31296925823571126,0.298376906584493,0.28275330773557683,0.266726177374518,0.24935801804886398,0.22844367270741112
191664964,94,0.31865291242559646,0.3203224557611344,0.3195118803735906,0.3144588905198974,0.29981610827028854,0.2840401335634668,0.2678649202329295,0.2505686125852919,0.2297154517445518
191664964,95,0.3203104425202506,0.3219943338254659,0.3212321934479869,0.3159610550257372,0.3011731375443917,0.2853517417501297,0.26904353377758267,0.25197717569131317,0.23106819360759748
191664964,96,0.32220590093505186,0.3236906115744251,0.3230706659085166,0.3173568991660349,0.30248215188273947,0.28681371619914076,0.2703121051301491,0.2532655736669194,0.23228613848875407
191664964,97,0.32378871841366863,0.32534800653415974,0.32478916392456014,0.31890373056751836,0.30389313991386785,0.2883119826797871,0.2714959005181995,0.2543710871247352,0.23361184277373517
191664964,98,0.32540885952561466,0.3271069610558401,0.3264339094242701,0.3204228620940416,0.30534495830174374,0.2898299577602079,0.27283347000665314,0.25563584038619236,0.23489888753075147
191664964,99,0.32723367105474765,0.3289490814130693,0.32816412801249795,0.32198022683238753,0.3068363697628292,0.29114878887433854,0.27405594994677634,0.25701671759291167,0.23609100864597454
191664964,100,0.3287755875663382,0.3307619408642911,0.3296664139499621,0.3233396512509477,0.3080515542077331,0.29249810462471565,0.275235026535254,0.25811599696739956,0.23730856709628506
191664964,101,0.33035077579024014,0.3324037862467066,0.33116147096134935,0.32489359625879194,0.3092276627207831,0.2937981819410144,0.2764995984056328,0.2591972616518665,0.23849826225988788
191664964,102,0.33203630201132767,0.334180677578082,0.3326792430391413,0.32639477322392185,0.3105851134995318,0.295325484249803,0.27768362841725014,0.26050260892833255,0.23967206291159374
191664964,103,0.33378846875759066,0.335860500379075,0.3344362086605769,0.32777479261282083,0.31194564873359487,0.2967200806730606,0.27903604525346504,0.26174948659252006,0.24093348152837177
191664964,104,0.3354960051320931,0.33740960517874846,0.3359370443809413,0.32937977488773545,0.3132945996384207,0.2980113139324663,0.2801401119729399,0.2629942555549076,0.2422982154312708
191664964,105,0.33705909960648395,0.3388533882089606,0.3374020722769775,0.33088920177623743,0.3143579190584498,0.29921657821582004,0.2812303693274126,0.2641900429618398,0.24334813531174412
191664964,106,0.3387071394853162,0.3406418527472213,0.33892528645200054,0.33244167250776036,0.31575879382608324,0.300606520090978,0.2825110503955255,0.26552062025262135,0.24463215414765332
191664964,107,0.34032437488043193,0.342311861860798,0.34045545690944,0.3339403257919834,0.31719371089681364,0.30178625835205086,0.2835552280473029,0.266766100061644,0.24595239950968237
191664964,108,0.3418695420211721,0.3440281638727431,0.3418239126161795,0.33521115884648867,0.31850728666498185,0.30312315727402916,0.28487490523123576,0.26803414483475135,0.24726223570044648
191664964,109,0.34357763387609463,0.34542432062098755,0.3431394370213743,0.33651431790834035,0.3197411160804335,0.30437292638988395,0.28611820186268444,0.26920241216935265,0.24844022786236447
191664964,110,0.34532703838996487,0.34674340064787373,0.3445309807705562,0.3378868288648425,0.3209869736025915,0.3055344958301744,0.2873044317320284,0.270445930112344,0.2497691088290027
191664964,111,0.34701418628636216,0.34843827906754365,0.34599990437746314,0.33930291170624755,0.32230600577833335,0.3068663811650923,0.2886571180733425,0.2716465517830188,0.2511525930782944
191664964,112,0.34846136142098993,0.34968320155962307,0.34742567421206544,0.34058540019495287,0.32333410050904365,0.30789017654066936,0.2898908805372035,0.272812195386115,0.2524166034874905
191664964,113,0.350228451428073,0.351358967305615,0.34888323817319367,0.3420934336149,0.3247432018088254,0.30924808952880634,0.2912269284185526,0.2740511382315645,0.25373539890101776
191664964,114,0.35166194485455493,0.35283242222310895,0.350281978638788,0.34331896838381015,0.326084354175811,0.3103893167338361,0.29226686884003034,0.27535812617214,0.25482156870569145
191664964,115,0.35334080495764253,0.35454065992022943,0.3515871707815539,0.34476052345320896,0.32712529254705475,0.3116260671786927,0.29343705705903683,0.27647756864554834,0.25615255298810036
191664964,116,0.3549678439779353,0.35605931871062196,0.3530659329167865,0.3462033672322292,0.3283508927871167,0.3128807090010719,0.294678570494889,0.2776692112624507,0.2573494810593187
191664964,117,0.3565800301964062,0.3576103367612086,0.3545680164330657,0.3475081484937437,0.3295134231449622,0.3140426248841715,0.2959118213098501,0.2789409226103691,0.25866850696266924
191664964,118,0.35816167872425175,0.359160766374115,0.35600287840043177,0.3487522648128397,0.33079438711915804,0.3153229847984477,0.29716593207488984,0.28028745454311815,0.2598977139846571
191664964,119,0.35971037391453925,0.3606723963277502,0.3574709641248463,0.35010289180114806,0.33210160485725754,0.3168143679003064,0.29867610425519714,0.28172603385554373,0.2611699721586891
191664964,120,0.3613532979529947,0.3621683093252464,0.3589777609299975,0.3516616123325752,0.3334502148091989,0.3180471316654031,0.30000000000000004,0.2828184230477635,0.26241470811220624
191664964,121,0.36275289945425726,0.3635643080470429,0.36019649245922597,0.35286875231047815,0.3346919466913953,0.31919059643230846,0.3010921121059656,0.2840493988057569,0.2636075414006353
191664964,122,0.3641388781864055,0.36487217091935026,0.3613424228489044,0.35409338917958216,0.33586671472426954,0.3202438509054301,0.3023247865372426,0.2851483364197914,0.2648429634969363
191664964,123,0.3657427097394553,0.36655017042968,0.3626484710639373,0.3553196866312863,0.3370038893717216,0.3215111226169123,0.3035466632149263,0.2863095348163489,0.265996659208442
191664964,124,0.3673267871554697,0.3680574237570006,0.3639120545868082,0.35649257746582214,0.3382297194844579,0.32265707158404466,0.3046846340091467,0.2873541783853848,0.26719594511971434
191664964,125,0.3688066717210008,0.3694131918119788,0.36526762699014403,0.3576800606520091,0.3392964366944655,0.3238483699772555,0.3058680818802123,0.28857012888551936,0.268330553449583
191664964,126,0.37029916844170063,0.3707263800137189,0.3664512557613392,0.358917891139271,0.34051169115611873,0.3249936820823856,0.3069274462375296,0.28959529224881764,0.2694321094624355
191664964,127,0.3717801006489049,0.37228155426743,0.36794457743578113,0.36018697056347865,0.34154065654605914,0.3260761851319002,0.3081342940547898,0.2906669930094978,0.2705222878224377
191664964,128,0.3732378932903715,0.37371766015921154,0.3691835670962851,0.36135625947687644,0.34279046626231996,0.3272543119787718,0.3091949393479909,0.2918937168309325,0.2715598938589841
191664964,129,0.3748317670774783,0.3752196578333363,0.3704856274720689,0.36266904102826314,0.344111994640055,0.32855522447708213,0.3104242702070514,0.29298387902510126,0.2727812354908287
191664964,130,0.3764419431970607,0.37667522015512916,0.37180847961742575,0.3640228611418907,0.34529363737096874,0.3297165684959468,0.3116580159794716,0.2941884877821193,0.27396337551758326
191664964,131,0.3778220835817095,0.3780709420159848,0.37321530884489174,0.3654052051924601,0.34650064529570745,0.33083703244998236,0.3129134377767103,0.29534866224123063,0.27516508574041176
191664964,132,0.37951156753279575,0.37972120752636296,0.37458359179359935,0.3665598364233694,0.3477582879591978,0.3319864681691823,0.3140981459783582,0.29657166815999264,0.2762997679601167
191664964,133,0.38088777668203866,0.381021735536719,0.3759170481168805,0.3677313070393953,0.3488345579642814,0.3331100685755328,0.3152536382654893,0.2976252230272421,0.27742308766609475
191664964,134,0.38231982619125754,0.3823933780679619,0.37728152263700454,0.3689843051610786,0.3500673282563679,0.33433571339662566,0.31643431817410295,0.29877338101003703,0.27850701005963363
191664964,135,0.38377558756633817,0.3836267655069778,0.37843484120967064,0.37026366776177233,0.35124533176087386,0.33543088198129895,0.31765647375958217,0.3000196557436891,0.27968438491562075
191664964,136,0.38521272800249745,0.3848921865941221,0.37973007626098204,0.37154930205592474,0.35241994826740397,0.33665767292512155,0.31899166034874904,0.30123924095794496,0.2807022922891673
191664964,137,0.3865071415527136,0.3861031637548906,0.38092892757729535,0.3728549055632724,0.35358295103014337,0.3378167490301766,0.3201385699185957,0.30248252657675856,0.28181325157855713
191664964,138,0.3877663139620485,0.3873268066497456,0.38213512652316756,0.3739795189592467,0.3547400863631869,0.33890134159607077,0.3212661106899166,0.30361989210095486,0.2829273384535935
191664964,139,0.3890946378605985,0.38855193328279,0.38331851577115866,0.37518885573876,0.3558669364735656,0.3398366977380946,0.3224265167093012,0.304735438336215,0.2840881199513475
191664964,140,0.39048521607278236,0.3900140799306833,0.3846122603704105,0.37637008556265567,0.35708599588432793,0.3407505686125853,0.32371114480667174,0.3058648326654392,0.285318964583559
191664964,141,0.39170282666322537,0.3911973932540771,0.3857290339231849,0.3774619715129127,0.3582124863559864,0.3417482619005372,0.3249157162905489,0.30702122282623306,0.28644094225692146
191664964,142,0.39314354664758827,0.3926042990314899,0.38703830259799893,0.3786105564394708,0.3593231107646638,0.34279864173669766,0.32602590524191394,0.3080171704983502,0.28755512605580413
191664964,143,0.39430698187332003,0.3937184877291018,0.3882232248418754,0.3795628177735835,0.36030686523484096,0.343818425698638,0.3271391231967426,0.3090495554483424,0.28856359713069346
191664964,144,0.3955253348496334,0.39494882486732374,0.38934693791592956,0.3806913907842641,0.3613611953500126,0.34485037065116675,0.3283685030747199,0.31015447308567096,0.2894922500210597
191664964,145,0.3969438707484772,0.396256307024653,0.390682596533424,0.38186191210687304,0.36250294109957915,0.34607722673917024,0.3295521685707563,0.3114402237849991,0.2906433818723694
191664964,146,0.39820796161475586,0.39754587846749817,0.39180522812009927,0.3830008204638217,0.3636783781818937,0.34721977006241755,0.33077154756093763,0.3125266131461153,0.29181249805269666
191664964,147,0.3995141650291656,0.3987328062384924,0.39295126693588733,0.3840159263098719,0.36478882682716757,0.3483364536110123,0.3318737654273234,0.313760682438252,0.2929038180852326
191664964,148,0.4009512734872856,0.40016751019404534,0.3942047620023359,0.3851863614941704,0.36592268917894394,0.3494943958363215,0.3330430506321333,0.31493453271315286,0.29393172550867774
191664964,149,0.4022062677134905,0.4013463524838321,0.3953905490736831,0.38627748294162245,0.36693956678590145,0.3505553831202202,0.33408215497809507,0.31612061201540725,0.29493820313334795
191664964,150,0.4034950720242608,0.4025903462218853,0.3965706343189285,0.3873641647712914,0.36818802122820316,0.351594642405863,0.33523881728582267,0.3173136214303765,0.29598938589840784
191664964,151,0.40478437909514037,0.4038806239926896,0.3977576831735863,0.3884289221716231,0.36925174098378766,0.35275318950238244,0.33626719017517787,0.3184054747475762,0.29710195863814143
191664964,152,0.40592454411236584,0.40499930170384263,0.39887923466741154,0.3894397669685966,0.3703663062128407,0.3538491081760504,0.3373169466501736,0.3196176329755397,0.2982048800925742
191664964,153,0.4072207604295193,0.4062693563652401,0.4002537077504744,0.390586054993137,0.3715406304042972,0.3550099847874454,0.3385065929328517,0.320776781776648,0.29926117528133317
191664964,154,0.4084435276626331,0.40728661028130325,0.40139371621555087,0.3916263796855154,0.37252985831454366,0.35612132371040633,0.33952817463052487,0.3217805696956569,0.3002889831926981
191664964,155,0.4095673653060726,0.4084643791728827,0.4024089608452151,0.3925848027586881,0.3736065934603439,0.35696397564137056,0.34052679204676073,0.3228301010051603,0.3013768984323412
191664964,156,0.41067436480628294,0.40949340020606134,0.40341604945471515,0.39358925759608093,0.37459419529169335,0.35811901012810793,0.34158064578837893,0.3238758966583075,0.30243385626251434
191664964,157,0.4117986507825365,0.4105889908877118,0.4045093030330833,0.39461230521095414,0.37556680171718587,0.35906134255346894,0.3425800282978323,0.3248673237300986,0.30342905984556917
191664964,158,0.41307185151773973,0.4118818437443019,0.4058022475791979,0.39584073089509697,0.37662786345620486,0.36014769531962265,0.34370111611212945,0.3260381378297713,0.30456041688659413
191664964,159,0.41429804359124733,0.413122672502992,0.4071027698704469,0.39696072400951743,0.3777018038250819,0.361246608589507,0.3448653210694208,0.32712985347199375,0.305572641747846
191664964,160,0.4156202615617892,0.4142579605761941,0.40829937452615617,0.39809988627748294,0.3787860121304018,0.3622725549658833,0.3458206974981046,0.3281794920394238,0.3065508908263836
191664964,161,0.4167400486911315,0.4155627969617487,0.409563522148814,0.3991354263299413,0.37985910651302746,0.36331636521174043,0.3468254229865464,0.32922550963227365,0.3076158768877231
191664964,162,0.4178974906167224,0.41682110465279526,0.4106903845973848,0.40031495989292293,0.38089555312198725,0.36438472842314135,0.34798856222914853,0.3304668707120059,0.3087215342711931
191664964,163,0.4191500346516463,0.41806629859951533,0.4117685363051577,0.40138001925608263,0.38191928259464086,0.36534928394349686,0.3490164979046219,0.3314860207351731,0.3097950203956334
191664964,164,0.420463581057342,0.4191714898574308,0.41290750568612583,0.4024089757576879,0.38295595332753934,0.3663066994582,0.35008506074446644,0.33258519943046283,0.31082305516004366
191664964,165,0.42175661083924915,0.4203413972936339,0.41401658740551833,0.4033887012658809,0.3840397913938475,0.3673949502607577,0.3512601373859903,0.33367335217221494,0.31199025891975096
191664964,166,0.42286279309809366,0.42149720945952124,0.4151465604647552,0.40447536925564276,0.3851448249403984,0.3684586716844634,0.3522178174411063,0.33478949916420797,0.31303607150360346
191664964,167,0.4241395904173458,0.4225937813531391,0.41620852306002093,0.4056534391414291,0.3862093856260186,0.369489224734761,0.35329114326313255,0.33595810653144054,0.31397629305452784
191664964,168,0.4252748294162244,0.4237179140041157,0.4173571248059497,0.4068468175746417,0.38737409292754243,0.370570688472508,0.3544261525686848,0.3370563919275064,0.31507455142784935
191664964,169,0.42648186944565314,0.4247614518798982,0.4184786753457658,0.40794756651757874,0.3883298715630902,0.37158552067865647,0.35545576485682623,0.33810354805281034,0.31610373646881496
191664964,170,0.4276947776836285,0.4259889399277528,0.4195468938143871,0.4090710431253623,0.38942603576684653,0.37267983766668156,0.35650448200508406,0.3392342683851403,0.31716541051598807
191664964,171,0.42893561931110313,0.4272153722694403,0.4207511449840168,0.41014812745789164,0.390529330655423,0.37379017419718114,0.3575764024668697,0.34035398073145967,0.31828117171878395
191664964,172,0.42996367932013324,0.42829971613449225,0.42175846747888646,0.4111399580372727,0.39158453373768004,0.37478401537457906,0.35866230583422964,0.3413791279510552,0.31927596664139496
191664964,173,0.43109817824854174,0.42961036342999376,0.42287904218908173,0.4121772931849755,0.3927020382405659,0.37587154395298594,0.35977071437023145,0.3423464088664122,0.3202855552682668
191664964,174,0.43214338622955395,0.4306575862940402,0.4239998082838793,0.413200526347895,0.39382412660235466,0.3768855716190426,0.3608402394708635,0.34335703641734855,0.32140989778045015
191664964,175,0.4332806238492364,0.43179248348315824,0.4250102891801148,0.41423589299252683,0.3948575760857793,0.3778728473952129,0.36171125311383084,0.34427596664139504,0.3223524314957219
191664964,176,0.434331707905438,0.43289509959335587,0.42599421049004055,0.41520995588944787,0.39579097456750983,0.3788101350885657,0.362667137638707,0.3452555310496933,0.32335533117375426
191664964,177,0.43539661530949236,0.4340195234362619,0.4270141307187863,0.4161216124182419,0.3967630845144627,0.3797132736236577,0.3636186462094636,0.3462090352646886,0.32434047365107105
191664964,178,0.4365347428678519,0.43499714628889785,0.4280353689805863,0.4171060813861369,0.39768167917472386,0.380785153887436,0.3645339080508727,0.34713691850312206,0.32525917659786524
191664964,179,0.43761144594897944,0.43609938119703007,0.4291235530556838,0.41820026175238556,0.3986831906684004,0.3818090562937049,0.3654728273069576,0.3480989068237746,0.32628409028339567
191664964,180,0.438711987195687,0.4371683093252464,0.43021228203184236,0.41925280094347567,0.3995914413276051,0.38276472074804146,0.3665087187263078,0.34913444528683346,0.32724496672563386
191664964,181,0.4397857074043202,0.4382128600689456,0.43132667892552107,0.42031046456590676,0.4006257879944206,0.38380825922869743,0.3674577676877259,0.3500936168786834,0.3283062256271493
191664964,182,0.4408434628298162,0.4392209382732506,0.4323184397104033,0.4214106590907198,0.4017258329237101,0.3849153121329012,0.3684817835689708,0.35125677961159385,0.3293599880028993
191664964,183,0.4418088715991996,0.4401910704002453,0.4333573621347519,0.4223994001085439,0.4027703550876844,0.38584455022640934,0.36946146484544923,0.35235751542193333,0.3302572324620821
191664964,184,0.4427555460328972,0.4411444770412368,0.43431494544615484,0.42329704651086125,0.403684032699344,0.38686669743217855,0.37044285855555925,0.3533288558525893,0.33120240959883973
191664964,185,0.4438518123885826,0.4421859311927546,0.435452738561154,0.4242853922914574,0.40475790422719915,0.38781837182140444,0.3714648689629736,0.354441325328361,0.3321455648218347
191664964,186,0.4450585732103989,0.4432345292539966,0.436500851899859,0.425195855446045,0.4057346311558936,0.3889065518843699,0.3724697758973481,0.3552809639104242,0.33316010010842356
191664964,187,0.4461024191880901,0.44431448228888354,0.43745666989657533,0.426295240682254,0.4067252374793739,0.3898594381580601,0.37349434225409783,0.3563163634741925,0.33429757594677545
191664964,188,0.44731461616634133,0.44537891374832644,0.4385535463681383,0.42735470133724773,0.40783233590889295,0.3908021873437323,0.3745221234655526,0.35737099349926604,0.33534834578097533
191664964,189,0.44822917794866246,0.44632979128809297,0.43962678155248286,0.4283387687481698,0.40879333790630223,0.39172092053062485,0.37548086372953693,0.35834627002178177,0.3363177972730664
191664964,190,0.4491879813255656,0.4474342604046127,0.4406228801723794,0.4291947647739516,0.4098280196320977,0.39265791468816086,0.37647739515581974,0.35934120745381265,0.3372451219025578
191664964,191,0.45026773416319676,0.4484715931869694,0.4416819818282135,0.43022041924510473,0.4107883570371018,0.3936208217394584,0.3773741808207868,0.3601808446030429,0.3381409047787273
191664964,192,0.45120000947687644,0.44941914644933034,0.4427359742228961,0.43120182587819056,0.4117604087692697,0.39457764720748045,0.378320855446045,0.36114006823351025,0.3390549974728329
191664964,193,0.45223261459655023,0.4502822439672071,0.4437633314608727,0.43216324189702515,0.4126398944089375,0.3955402703414032,0.3792498634936971,0.36224451716051176,0.3401972761591251
191664964,194,0.45328193023455754,0.4511872474461283,0.44490319908084064,0.433085436483434,0.4135318071328639,0.39648319954979955,0.3802611319103038,0.36322424829807026,0.34117341316054806
191664964,195,0.4541746855621003,0.4521840555199161,0.4459438968915846,0.43408370754845366,0.41448649909605184,0.3974533932077526,0.38125814039384925,0.36414144359557554,0.3420831632355514
191664964,196,0.4551937150902818,0.4531687580263341,0.44700878835233865,0.435050517553496,0.41542371307886305,0.3984407637201962,0.3822817223932788,0.3651305101267194,0.34303971778248826
191664964,197,0.4560869448089808,0.4541857968080725,0.447837732784797,0.43599789103420145,0.4163417910045681,0.39929111040128074,0.3832217916203246,0.3660614294016002,0.34393845514406773
191664964,198,0.45713388624685064,0.4552633997289039,0.4487348848607378,0.4369108063194493,0.4171893307602178,0.4001788162136911,0.38412556191176356,0.36703080846371217,0.3448185417480338
191664964,199,0.4580750606710581,0.45620825888350014,0.44983827400840437,0.43786597887085166,0.4181540759140661,0.40104807586072894,0.3850869205771084,0.36790472453244233,0.34570502245876844
191664964,200,0.459021986353298,0.45716641394996216,0.45077331311599694,0.4387490523123579,0.41905989385898407,0.401961713419257,0.38607467778620175,0.36883623957543593,0.34660538286580744
1662057958,1,0.0075815011372251705,0.016300227445034118,0.021607278241091737,0.0576194086429113,0.14670204700530706,0.2642153146322972,0.41698256254738436,0.49924184988627746,0.5314632297194845
1662057958,2,0.014973464746019712,0.026914329037149357,0.0356330553449583,0.07960576194086429,0.17721758908263835,0.27824109173616374,0.36239575435936316,0.3893100833965125,0.39423805913570886
1662057958,3,0.025018953752843062,0.03778114733383876,0.05420773313115997,0.0940106141015921,0.18562041950972957,0.26181450593884253,0.3191811978771797,0.3277735658327015,0.329921657821582
1662057958,4,0.030799848369977255,0.04634192570128885,0.062263078089461715,0.1049090219863533,0.18858984078847613,0.24573540561031085,0.2847801364670205,0.28714935557240334,0.285538286580743
1662057958,5,0.03730098559514784,0.053297952994692956,0.07088703563305535,0.11364670204700529,0.18703563305534496,0.230705079605762,0.2577710386656558,0.25883244882486733,0.2527672479150872
1662057958,6,0.0434040940106141,0.06020975486479656,0.079921657821582,0.12022997220116248,0.18473591104372,0.22283295425827646,0.24450341167551176,0.24014404852160728,0.23338387667424815
1662057958,7,0.05041698256254738,0.06644644210982345,0.08680818802122821,0.1262861475143507,0.18428463121412322,0.21688508610419144,0.23296869923101912,0.22657857684392937,0.21807646485432686
1662057958,8,0.057098180439727066,0.07249810462471569,0.09438968915845337,0.12907505686125853,0.18408832448824866,0.2117134192570129,0.22365428354814254,0.21540940106141016,0.20744882486732372
1662057958,9,0.06284222053744419,0.07876337292561705,0.09973885940527334,0.13301322550753938,0.18309325246398786,0.20764889225844496,0.21510403504338305,0.2065116670878612,0.19880380759834895
1662057958,10,0.06925701288855193,0.08472327520849128,0.10519332827899924,0.13608794541319183,0.18244882486732372,0.20432145564821835,0.20940106141015924,0.19905231235784687,0.19139499620924944
1662057958,11,0.07426424977600111,0.0902543249017851,0.11000068922737612,0.1409814597835826,0.18392032531532151,0.20280515542077332,0.2039079192225515,0.1929492039423806,0.18653938934454473
1662057958,12,0.07846853677028051,0.09641142279504676,0.11394364417487995,0.14414329037149357,0.18426206722264343,0.20018321961081625,0.19977255496588325,0.18843189284811726,0.18230351276219356
1662057958,13,0.08473785501837057,0.10243774421181549,0.11885461013588383,0.14772263369685662,0.18443459497288156,0.1983437335977139,0.1972648276666472,0.1853677028051554,0.17889426721875545
1662057958,14,0.08975955810679084,0.10803639120545866,0.12344308458789124,0.15192786743203723,0.1853406260153796,0.19725441351673342,0.19522365428354815,0.1822267951911621,0.17521390663922884
1662057958,15,0.0947182208743998,0.11286328026282536,0.12858225928733888,0.15491533990396764,0.18683345969168563,0.19638615112458932,0.19335355066969925,0.18145059388425575,0.1724538792014152
1662057958,16,0.09903335860500379,0.11720526914329037,0.13307903714935557,0.1576715314632297,0.18709723275208492,0.1955316527672479,0.1909827520849128,0.17998957543593633,0.17006254738438212
1662057958,17,0.10337599785934087,0.12123712259733312,0.13760424564063684,0.16092851090398252,0.18846719885831512,0.19607099852829685,0.1894483342996031,0.1782544708558177,0.16819783258261609
1662057958,18,0.10833122736079523,0.12513688821497768,0.14154241428691772,0.1640973801701626,0.19002190211439643,0.19564484879117175,0.18917951309914918,0.17776514194254908,0.1669615028220032
1662057958,19,0.11230597342484336,0.12884561669526354,0.1455448705159411,0.16617453413670644,0.1910937312956386,0.1960017557160528,0.18913850205498584,0.1771677107856829,0.16631419336818162
1662057958,20,0.11652767247915086,0.13335860500379076,0.14926080363912056,0.16986353297952997,0.19236163760424563,0.19666413949962092,0.189158453373768,0.17697119029567857,0.166262319939348
1662057958,21,0.12054586808188021,0.1377486551861078,0.15300191342647748,0.17309289144012419,0.19419473627206757,0.19711902956785443,0.1892306581465035,0.17684753962236904,0.16608902848478282
1662057958,22,0.12507753807981253,0.14182576331931904,0.15636846095526916,0.1760631332276518,0.19496519401750634,0.19746364325591012,0.18896891584533737,0.17644220828451304,0.16581087600799502
1662057958,23,0.12872070409071432,0.14563074793156872,0.15931041302699672,0.1789399083627254,0.1959653228730593,0.1974486600520816,0.18872993374427266,0.17602267857731482,0.16618320862313343
1662057958,24,0.13280262825372757,0.1488817285822593,0.1624336618650493,0.18119787717968158,0.1971506191559262,0.19756128380085922,0.18870040434672733,0.17576446803133686,0.1657821582006571
1662057958,25,0.13639120545868083,0.1527672479150872,0.16612585291887794,0.1836997725549659,0.198316906747536,0.19810462471569376,0.18890068233510238,0.175724033358605,0.16532221379833206
1662057958,26,0.14068058552516477,0.15693707354056102,0.16889251764156996,0.18608211348924011,0.19953927800781476,0.1986061701755409,0.1895812678602671,0.1759345658132618,0.16567037965824927
1662057958,27,0.14428719849493163,0.1601662314323421,0.1715104035043383,0.18830202454159997,0.20083958105186306,0.1992530817398141,0.19025355909358943,0.1759750652851487,0.16590851655294414
1662057958,28,0.1477715802014513,0.16376042456406367,0.1748212931874797,0.19078306076031626,0.20233131159969675,0.20016516841763238,0.1910538286580743,0.17685205242066498,0.1659671829307917
1662057958,29,0.15108101748973884,0.16664923792842018,0.1778515594363546,0.19309299103291416,0.2032757313534287,0.20083135081435782,0.19122375885597762,0.1773156257352749,0.1659956602441766
1662057958,30,0.15428354814253223,0.17015415718979024,0.18095779631033612,0.19550164265857975,0.2045489006823351,0.20126358352287088,0.1913191811978772,0.17752084912812738,0.165959059893859
1662057958,31,0.15834331971923987,0.1735307784489716,0.18402259776467997,0.19812174423439066,0.20602117929027366,0.202621732006163,0.1916407835848272,0.1778962557166964,0.16602264667759054
1662057958,32,0.1614504359363154,0.17664897649734648,0.1874170773313116,0.200222706595906,0.20703421152388174,0.2036343821076573,0.19216736163760426,0.17808235405610312,0.16653241091736165
1662057958,33,0.16489764973464746,0.17985388379626438,0.19030716566728695,0.20234567050336572,0.20852574264249776,0.2045511981069221,0.1930296138029269,0.17892342683851403,0.16748225239506512
1662057958,34,0.16820898184899433,0.1833608348570664,0.19311644293805466,0.20482317263524058,0.20998528296838065,0.20599384560495923,0.1940195335146947,0.17954778575569727,0.1679413994559158
1662057958,35,0.1717643236217914,0.18656991227120112,0.19665330878371057,0.2073107332394671,0.21177298819451965,0.20755983970540454,0.19494205566987974,0.18029892775912487,0.16854760099642585
1662057958,36,0.17459565327268134,0.18949540897986691,0.19976202510319263,0.20972327520849124,0.21319812989638617,0.20887035633055345,0.19619240165108245,0.18112416814084745,0.16957290876926964
1662057958,37,0.17800135237587855,0.19284675122431,0.2024670614511403,0.2118414851546012,0.21487408560949126,0.21018175112185727,0.19734442554760978,0.18191504620617585,0.17046083232588163
1662057958,38,0.18061928893499857,0.1958620964845776,0.2053190215873269,0.2135090379474083,0.2161126850484817,0.211025098759028,0.19817644946330956,0.18226527273452772,0.17135190136067996
1662057958,39,0.18375420384518185,0.19842149258373673,0.20774285103322251,0.2160047432981474,0.21782235959643087,0.21201959526447772,0.19943235940203338,0.1830252133512179,0.1723430726463327
1662057958,40,0.1867134192570129,0.20135519332827898,0.2105193328278999,0.2180724033358605,0.21922858225928735,0.21315390447308566,0.20067285822592873,0.18387035633055343,0.1732183472327521
1662057958,41,0.18984263762273712,0.20429371844893585,0.21298470755746224,0.22022411657020285,0.22082508922132435,0.21437156752158879,0.20200077664157995,0.18485918748497568,0.17419885722738956
1662057958,42,0.19315679266399507,0.20709231380194232,0.2158020145131593,0.22276074948554098,0.22225531607639262,0.215847142496119,0.2032744864435539,0.18596339218022312,0.17546662334380303
1662057958,43,0.19584956891231906,0.2096549535412663,0.21849709963503008,0.22496782269866172,0.223751256237107,0.2172188232804979,0.20454184812313764,0.18714847400250365,0.1762699014404852
1662057958,44,0.19853194568888277,0.2121097249982769,0.22033737680060653,0.22639396236818526,0.22482597008753186,0.21847646288510578,0.2056826797160383,0.1881590736784065,0.1771572816872286
1662057958,45,0.20152472411759753,0.2148344705585039,0.22282031842304775,0.22834639036306964,0.2264341672984584,0.21943391458175382,0.20677280768258782,0.18915002948361553,0.17802207059219946
1662057958,46,0.204098955071365,0.21737482282361473,0.22485743481557174,0.2302798562811089,0.22811253584731517,0.22080297985957742,0.20773313115996966,0.19009790025381545,0.17908824208062762
1662057958,47,0.20691045763231328,0.2198877292597551,0.2273321181423709,0.23242140241640183,0.22982433500556515,0.22222670301485653,0.20899133773167938,0.19118287548594196,0.17993967060797186
1662057958,48,0.21012604245640637,0.22258813495072025,0.2294904599444023,0.23439474349254483,0.23136214303765476,0.22340946424058628,0.21029978519080111,0.19245956532726816,0.18107151882739447
1662057958,49,0.21321811514598257,0.2252402098064396,0.23179279293218424,0.23587752007550555,0.23303058903622104,0.22449753214401755,0.21098234593306617,0.19362225557395057,0.18183998390865067
1662057958,50,0.21643669446550418,0.2278316906747536,0.23433661865049282,0.23805155420773313,0.23468536770280515,0.22582259287338893,0.21214556482183475,0.19485974222896135,0.182827899924185
1662057958,51,0.21913511424281618,0.23052223163715826,0.23681785071875605,0.2397389585098634,0.23633471584236426,0.22732610860872024,0.21347128692265385,0.1960858642168012,0.18400005946275402
1662057958,52,0.22177348807371547,0.23292704263136407,0.23917449116463518,0.24184988627748294,0.237803989035983,0.2284947804280632,0.21462938123286873,0.19700968099375984,0.1852656441360005
1662057958,53,0.22464846152745793,0.2357060094125052,0.2414636588610583,0.2439383752700016,0.23931795099203226,0.22995551232351558,0.21568655499449269,0.1983635401318895,0.18642625202054156
1662057958,54,0.2273397354898492,0.2379397972650437,0.24392075927329906,0.24568977620531826,0.2408670990930278,0.23132704349535282,0.21652907646084293,0.19947069890208632,0.1874666554348131
1662057958,55,0.23021572816872285,0.24036804741884343,0.24628161830587914,0.2476118271417741,0.24227031497691084,0.23282789992418496,0.21831277138327937,0.20082018057757253,0.1885036873664622
1662057958,56,0.2330363912054587,0.24291941947362725,0.2483212390339002,0.24965477093035848,0.2440972598288747,0.23428869273258962,0.21979584100509042,0.20205377450449477,0.18976091194627967
1662057958,57,0.23561177393825733,0.24572044212122418,0.2506883204979849,0.2516991873162816,0.2453945705811154,0.2358578402032374,0.2210273599084899,0.20331723926951567,0.19108708085604456
1662057958,58,0.23832056678256774,0.24837912734307596,0.2532940315285875,0.2536796423622912,0.2470785077514313,0.23754280933831795,0.22224255575017646,0.20456981516823095,0.1920080520770699
1662057958,59,0.24069338610400792,0.25065856259878444,0.25514963827244574,0.2553423883013582,0.24853831228074685,0.23884298582644792,0.2235193585279038,0.20594698089204713,0.19299417894912685
1662057958,60,0.24332196108162749,0.25324740965377807,0.2574172352792519,0.2572656052565075,0.2497472832954258,0.23982815264088955,0.2244377053323225,0.20703816022239072,0.19392848117260553
1662057958,61,0.24569656595284559,0.2554593022533216,0.2597223430567121,0.25914440895362856,0.2512459762114866,0.24112280788973267,0.22581687567581007,0.20832349395344207,0.1949377944046036
1662057958,62,0.24812908117097507,0.2575692729095845,0.2620081195431534,0.2610971165839223,0.2528430629264594,0.24254078113918165,0.22712710019809731,0.2094083983467436,0.19595734794198927
1662057958,63,0.25068895387318435,0.25968446514314597,0.2641370927951671,0.2631442771700543,0.25448572150619153,0.24444324103156548,0.2287206517684152,0.21053708316786404,0.1970287736019351
1662057958,64,0.2531569844579227,0.2618046341925701,0.26599222896133434,0.2650563874147081,0.25560320318423047,0.2455221758908264,0.22976686884003034,0.2115179586808188,0.19812002463987868
1662057958,65,0.25574152913046017,0.26362045838922266,0.267860267102117,0.266828016562664,0.2566688050387823,0.24666122353764505,0.2309733481075407,0.2126902665189246,0.19902023677611244
1662057958,66,0.25774232085831783,0.265777563351483,0.2698382613090725,0.2687067796999564,0.2584258046729616,0.24808739403129093,0.23233280492567832,0.21387299836882856,0.20024927056769362
1662057958,67,0.26004548900682334,0.2680230387109185,0.2718137892795311,0.2705803808855646,0.2599097009267536,0.24947099227139516,0.23357247122990055,0.2148563475269596,0.20123227682663258
1662057958,68,0.262286491548856,0.27013000044597063,0.2738594300495027,0.2723208312893011,0.2615785131338358,0.2509699861749097,0.23495963965571062,0.21611737947643045,0.2022309682022923
1662057958,69,0.2646603157860039,0.27213194009515335,0.27593367834657356,0.2738460186131347,0.2630780894617134,0.2522167650064278,0.236191229631583,0.21741327971344124,0.203327070354133
1662057958,70,0.2669879779053395,0.274277049712986,0.2776399870031409,0.275419690241525,0.26459438968915844,0.25350373659698905,0.23742553882811654,0.2184988627748294,0.20431604029026318
1662057958,71,0.2693354974425781,0.27635639462247324,0.2792448397740499,0.2772640391248171,0.26600924729575326,0.25494666253777404,0.23876389496951383,0.21983683755299038,0.2055174107571891
1662057958,72,0.27157568865302,0.27833586050037906,0.28103150534917026,0.2789834470558504,0.2674479824783085,0.2564863954174038,0.24004927975739196,0.22112185157105552,0.20655378653862355
1662057958,73,0.2741128085826747,0.28052073488632945,0.2834494791612575,0.280868653089202,0.26914848318049167,0.257937208553595,0.2414811968386179,0.22254302242254922,0.2075721540810286
1662057958,74,0.27649427289305983,0.2826772944286212,0.28530008401122886,0.28244165317705877,0.2704751757064115,0.2591285371800914,0.24270024383746905,0.2237157551789849,0.20875765834067578
1662057958,75,0.2787010361384888,0.28455395501642655,0.28707101339398533,0.28417993429365684,0.27191811978771796,0.2604953247409654,0.24405863027546118,0.22498357341420266,0.210078342178418
1662057958,76,0.28110410598140534,0.2869947328518415,0.28911456047244727,0.2859123738079087,0.2733530186345317,0.26167152148757034,0.24540122102070946,0.22622800367104262,0.2112844659031962
1662057958,77,0.28332660516132846,0.28882565501215995,0.29068164587497414,0.2874718155233697,0.2747063399072497,0.26291562872305857,0.24664986264683006,0.22754841822317182,0.21247895394976518
1662057958,78,0.28540949826014267,0.2906339301335511,0.2925633249742423,0.2890058513636982,0.27622907797282326,0.2641861550125386,0.24797340642678017,0.22883497599191305,0.21364767403433058
1662057958,79,0.2876411934626347,0.2925835644571549,0.29446934290457866,0.2906354065699945,0.27779483882112455,0.2655924607249451,0.2494025969040604,0.2301033579332252,0.2147820078502126
1662057958,80,0.2900777103866566,0.29456974981046247,0.2964366944655042,0.2926032979529947,0.2793546247156937,0.2672573919636088,0.2508955648218347,0.23146796815769521,0.21596853677028052
1662057958,81,0.29193459317290504,0.29644605434345134,0.29820103145854976,0.2941716040022838,0.2806980596973015,0.26858637763363563,0.25223935079886556,0.23267252595026158,0.21721468752047474
1662057958,82,0.29391260933079383,0.29839216701492266,0.29987148430999094,0.29561382422012245,0.2820364651713234,0.2699985206827049,0.25351800144233433,0.23401412748016795,0.2184905416150447
1662057958,83,0.2957242160453794,0.30026854955835475,0.30166610338244565,0.2973409939987394,0.2835664112096605,0.2712213524301908,0.25482521442860145,0.235254893721969,0.21958493564858367
1662057958,84,0.2978988411133976,0.3021859994945666,0.303237481497527,0.2990766814686451,0.2850644427596664,0.27268132423553193,0.25616448247229145,0.23643001552402615,0.22067132387450808
1662057958,85,0.3002229853275655,0.30404495384203717,0.3050706863488382,0.3008696427775053,0.28646925032332876,0.2740668064041386,0.25750345627257726,0.23760870534718814,0.22177228738349014
1662057958,86,0.3023652520408343,0.3059091630375373,0.30698027046564524,0.3027619584956891,0.2881852002045242,0.27577710386656556,0.2591286563111589,0.23918754518045737,0.22315178870532643
1662057958,87,0.30438855629046735,0.307843803647835,0.3086368112380504,0.3044146993978371,0.2895915575191934,0.2769862225824161,0.26026770541946614,0.2403335860500379,0.22424686064852337
1662057958,88,0.3063486456682059,0.30942863050520364,0.310117857881315,0.30598680129574746,0.2908797987456062,0.278378937211386,0.26161348128747675,0.24152250327383004,0.22527396788200427
1662057958,89,0.3084606145275191,0.3114208073872784,0.3119872903374194,0.30758746411564775,0.29232649862425575,0.27977016977451424,0.2630056818665826,0.24278692574388158,0.22652503173156377
1662057958,90,0.31050880296520933,0.3134361047931935,0.3138067559599023,0.3092536433324909,0.2936905062757981,0.2811052143880044,0.26452278662286244,0.24415382023418414,0.22773144638193915
1662057958,91,0.31246198835281475,0.315323796749119,0.31558206766698044,0.31097484774512824,0.2948829032983695,0.28234010114222396,0.265639970340501,0.24548650742737171,0.2289779969840622
1662057958,92,0.3142037775653493,0.3171045258265484,0.31706744239707285,0.31232488380525425,0.29606998055180145,0.2836017074859083,0.2669388865082243,0.24660480601246004,0.2302304117084748
1662057958,93,0.3161608256499303,0.31882657927559976,0.31873690560623474,0.314033114040451,0.29734565938679514,0.2847220523857272,0.26819764076728053,0.24809443452599314,0.23127246936828977
1662057958,94,0.31805607084670856,0.3203950446018099,0.32049586243608147,0.315362218314971,0.298763570080493,0.28586695272046847,0.26931669704644073,0.2493870275676286,0.2323084864420176
1662057958,95,0.31968397111049035,0.32217788595826186,0.32199034356170947,0.3168947767447428,0.30011970791269305,0.28707154542915286,0.27056382426878417,0.25076812577311364,0.23351023502653526
1662057958,96,0.3214714430123832,0.32411312231488504,0.3237340472580238,0.3184625347485469,0.301581848622694,0.2885037591609806,0.27170204700530703,0.25201383623957546,0.23468694718220873
1662057958,97,0.3230618322221614,0.325875585221544,0.32526984672862136,0.31980256833121,0.3028887864126994,0.289785295014186,0.2726682976012756,0.25321432200276683,0.23576123742604127
1662057958,98,0.3246971267657935,0.32748603611270133,0.32679364391700577,0.3213202642694682,0.3045326546084696,0.2911721929105228,0.27404418932091407,0.2544754065386579,0.23686002073308476
1662057958,99,0.3265176403917875,0.32937027592069285,0.3287346551182791,0.322795812560786,0.3060475873212795,0.2925234145855829,0.2752544397730145,0.2557990825617816,0.23815103269235188
1662057958,100,0.3281235784685368,0.3309628506444276,0.3303146322971948,0.3241925701288855,0.3073237300985595,0.2937566338134951,0.2765390447308567,0.2569901440485216,0.23916603487490526
1662057958,101,0.32981031234283403,0.3326439922233315,0.331822037397068,0.32571555108505545,0.30878853616976554,0.2951756130882232,0.277726900817451,0.25812008797543895,0.24032232639488363
1662057958,102,0.3314565401596575,0.3343813643728909,0.3336009157264119,0.3272792816899314,0.31009826220101383,0.29653332144078254,0.27906242102602985,0.2594099808232618,0.2415525725073957
1662057958,103,0.3333247458724982,0.3361144438637685,0.33523852285859396,0.3287132794040793,0.31148928652921815,0.29780210073827623,0.2803867301648056,0.26064906482551503,0.2427589303458784
1662057958,104,0.3351460896949904,0.33778139033067006,0.33668425963725435,0.33011605528663907,0.312762436577827,0.29906106024377443,0.2816564122003849,0.26188983495655216,0.24387647985070274
1662057958,105,0.3368713671973717,0.3393696523340192,0.3381457814361529,0.3315246037763096,0.31398245424022525,0.30027437813639485,0.28286941766850787,0.26283981371168635,0.24500884508466012
1662057958,106,0.3385962779120832,0.34090291387128613,0.33961191297008886,0.33312114666628523,0.3154226329266025,0.3017508976211252,0.2842419214098731,0.26426895732902284,0.24622355415051425
1662057958,107,0.340278319032402,0.34265905209979236,0.34118880772037724,0.33448945321080115,0.3166622972656997,0.3030758220968873,0.2854045474835793,0.265558019740245,0.24743681491926056
1662057958,108,0.3419923904192289,0.3441896217673322,0.3425610030045208,0.3358534804706147,0.31793867407969,0.30439025075113024,0.2867035913851684,0.2668056608541825,0.24855038890292872
1662057958,109,0.34350112331415933,0.3455982082617496,0.3439393201688797,0.3372411682467257,0.3190872985511682,0.30530148639155325,0.2878953335512725,0.2680686647515841,0.24982089573001512
1662057958,110,0.34522020814666754,0.3471155834309739,0.3453511613481287,0.33848645668205946,0.32047694534426907,0.306454614377283,0.2889964849403818,0.2691467365083741,0.2509993796953615
1662057958,111,0.34695271465551986,0.3487388070405508,0.3468126959408233,0.3398527412932265,0.3217971572785826,0.30786700271158196,0.29011194666994516,0.2703385720823174,0.2522351767992405
1662057958,112,0.3484985920069316,0.35016719917686556,0.3483936694465504,0.3411743203725766,0.32309040940106143,0.3092507852269035,0.29143087295570236,0.2714651250947688,0.2535199826708545
1662057958,113,0.3500707830415909,0.35188564680939566,0.3498191845525237,0.3426704328164941,0.32452514978496716,0.3107778083423349,0.2926492985434125,0.2729977792240032,0.2549028158902896
1662057958,114,0.3516320178763816,0.3532547251373316,0.3510733809504808,0.34399066278280993,0.325851588790019,0.3119488448186425,0.29381974648524267,0.27430070627668485,0.2558922894803346
1662057958,115,0.35326498994627026,0.3549164386722484,0.35249035830833636,0.34528793222797244,0.3270231070969443,0.3131061080528727,0.29505883904143454,0.27552493654613175,0.25709859247783234
1662057958,116,0.3549057540979321,0.35646780476327417,0.3539351912368304,0.3468177302554181,0.328161355258686,0.3143643303443047,0.29630924681707665,0.2767280593971399,0.2583004365898931
1662057958,117,0.35655087057664764,0.35810281033935315,0.3553553261665468,0.3480945808466658,0.3292995859333994,0.3156010445623789,0.2975382801008275,0.2780142946935972,0.25943637694964455
1662057958,118,0.35819701622955247,0.3597454414618162,0.3567738785160818,0.34949756492463474,0.3306176995926549,0.3169517225427584,0.29864689479703416,0.2792947918942188,0.2607618766142815
1662057958,119,0.35983460859704003,0.36138594937595964,0.35818770267773525,0.3508992679710246,0.33189454705308963,0.31837526519326453,0.29989615254744806,0.28063977675983204,0.2619153802536936
1662057958,120,0.3613785696234521,0.3628632802628254,0.3596948445792267,0.35237869598180444,0.3332290876926965,0.3196392469042204,0.3010961587060905,0.2817633308061663,0.2631444275966642
1662057958,121,0.36277796226793396,0.3642284726094775,0.36107995664133236,0.3536895594583926,0.33444131855462755,0.32091993057600615,0.30232645567954686,0.2828777122663676,0.2643437615523907
1662057958,122,0.3641264494960166,0.36557439192632274,0.36227457462807144,0.3548173603947352,0.33563056960688054,0.3221174759815558,0.303415404118868,0.28408568339154106,0.26552032712313106
1662057958,123,0.36558553227685425,0.3668706891769448,0.36359461775057483,0.3560840005670716,0.33693916924006234,0.3233479415916221,0.304613004431788,0.2851753915567965,0.2668349390089807
1662057958,124,0.36717699136687126,0.3681216219521143,0.3648444569444105,0.35720487172589205,0.33813800777715275,0.3246716720878476,0.3057087480740542,0.2863300643204774,0.26795715229034706
1662057958,125,0.3686125852918878,0.36941015921152387,0.36623805913570884,0.35840788476118274,0.33943593631539043,0.32596512509476877,0.30689310083396515,0.2875936315390447,0.2689764973464746
1662057958,126,0.3699953066897722,0.37073841414250813,0.3673929263390977,0.3596279047378365,0.3406771604269709,0.3270093986545844,0.3080887396656919,0.2886897240574269,0.27010902920683055
1662057958,127,0.37151743446777263,0.37223976646588625,0.3687654092518192,0.36088840866082034,0.3418272014709306,0.3281745297379905,0.3093312160847218,0.28993869132544936,0.27105657471360434
1662057958,128,0.37298616376042454,0.3736702757771039,0.3699328326383624,0.36217067854435175,0.3430125805534496,0.32932737869598183,0.31040027956785443,0.2910822592873389,0.27202485310841545
1662057958,129,0.37457023467390727,0.3751873336036814,0.37131724174409786,0.36353591809627916,0.3443294485486421,0.3305416953176884,0.31168491516359004,0.29216401901840133,0.2733248702622964
1662057958,130,0.3761270193036683,0.37665772438327405,0.3726191170467137,0.36479267510351665,0.3455764856826268,0.33183938881436986,0.3128652242374759,0.293304951303435,0.2743599463462997
1662057958,131,0.37756454403926176,0.37797255612336433,0.37391269120140747,0.3660418197917692,0.3468247400008102,0.33290602989773654,0.3141490488399146,0.29441978366678434,0.27564544039261757
1662057958,132,0.3790808004227261,0.3794282858915156,0.3752010246513658,0.36742424242424243,0.3481545937004618,0.33413743193879664,0.31520952512233785,0.29564982654444366,0.2767247915087187
1662057958,133,0.38041464540806147,0.3807281661317813,0.37651558768034565,0.36848375677632295,0.34923358433992485,0.33521635780125064,0.3164165151316502,0.29669321142127497,0.27783921517212284
1662057958,134,0.381903975196044,0.382062394622792,0.3778897400789834,0.36976508662147944,0.3503756803548595,0.33646305998438436,0.31752345173299534,0.2977747728378577,0.2789200321365123
1662057958,135,0.38331508157133626,0.38333192935164123,0.37899643388650217,0.37094319490073846,0.3514194254906916,0.3375930137871002,0.31865610872434225,0.2990115968887766,0.28013365905708587
1662057958,136,0.38478905588012313,0.3846719885831512,0.38028753957989564,0.37220432145564825,0.352645720911564,0.33880669401953356,0.3197637470454444,0.3002023591847656,0.2812095839093788
1662057958,137,0.38618340592021155,0.38590670879841504,0.38153489427402976,0.37338063009468575,0.3538181435836705,0.339703823400829,0.3209188558020619,0.30141170871540596,0.28223936514612374
1662057958,138,0.38760699256133874,0.38719220753535294,0.3826048499631912,0.3745206623375196,0.354940611574425,0.34084066761160736,0.322027007724341,0.30264748217248466,0.28336684576589644
1662057958,139,0.3889746428785706,0.388401939555255,0.3838475845555549,0.3756033838584932,0.35592966112326213,0.3419284284475376,0.32308376195177296,0.3036991180368821,0.2845081023884456
1662057958,140,0.3903471244449258,0.38968645077439623,0.38510505794433014,0.3767139607928084,0.3570670421314849,0.3430168959168201,0.32417957326979313,0.30491443734430845,0.28562763998700313
1662057958,141,0.3915952876400023,0.3907080906984122,0.3863366294043951,0.3777093112663258,0.3579436387979288,0.3441087434602832,0.325270595067185,0.30611789503115944,0.28668828201033447
1662057958,142,0.39306079082531586,0.39211844226847054,0.3876843319202554,0.37881344168117115,0.35906683466988437,0.3452412732650642,0.32651977063289517,0.30721096861685654,0.28769928135911754
1662057958,143,0.3942725205045144,0.3932651881855824,0.3888488312294226,0.3799737033247268,0.3600046655391614,0.3464109809826261,0.32751554737908034,0.3082834527110494,0.28872264960210375
1662057958,144,0.3956069412854856,0.394506570634319,0.390120882823688,0.38101781652767247,0.36118482014994524,0.3474881012551596,0.3286396470390026,0.3095226813242355,0.28969758234352627
1662057958,145,0.3971059580141696,0.3958772319677916,0.3916028339128389,0.382167786463099,0.36236699694125646,0.3486392512614049,0.32979007084782097,0.3106167159028522,0.2907688687877441
1662057958,146,0.3984468308286684,0.39714603217464445,0.3927918618297382,0.38329161776771525,0.3635122082939545,0.3498706990559473,0.33096887430286537,0.31170095651541746,0.29197087872713867
1662057958,147,0.3998803463766097,0.3983485736978643,0.39390024394898215,0.38452909594467055,0.36450258647810907,0.35097966404150743,0.33200786000526067,0.3128245991345742,0.29306370008200405
1662057958,148,0.40128424482101516,0.3996834211011619,0.39523441181894564,0.3856883798127165,0.3657613261479827,0.3521069401471221,0.3332095362989981,0.3140329487941315,0.2940213716369895
1662057958,149,0.40248612178231424,0.4009163948690029,0.3963471411634806,0.38682447043977797,0.366853066437356,0.3531325846812971,0.33434420015163,0.3151105932397434,0.2951442774931181
1662057958,150,0.40381854940611583,0.40217589082638366,0.3975966641394997,0.38796057619408647,0.36788981551680566,0.35430123831185245,0.3354485721506192,0.31630528177912565,0.2961561789234268
1662057958,151,0.40515090199780085,0.4034287464414643,0.39885474145072775,0.38908665505174,0.36891785368204894,0.3553489749910879,0.3365207436900321,0.31741636499656073,0.29713710466990345
1662057958,152,0.40650812018674437,0.40453293962730935,0.4000014963489086,0.39014554487051595,0.3699423406887195,0.3564801883404493,0.3377508878336858,0.31849537129404254,0.29824727664498624
1662057958,153,0.40783768650245034,0.4057936543331004,0.4011877685114987,0.391257488590584,0.37107979406066194,0.35762386834946264,0.3388782351454608,0.3196271685323106,0.2993825784041188
1662057958,154,0.40897767887911934,0.4069395350669042,0.40238078827919616,0.3923845297992379,0.37219509073186097,0.3586985417917943,0.34002047989917583,0.3206605752094759,0.30044405935232316
1662057958,155,0.41030839590109813,0.4081635647729218,0.4033334148548509,0.39341632223825473,0.3732666487319328,0.35973000073369366,0.34099391034263493,0.32176135390936433,0.3014307026339602
1662057958,156,0.4114130751734998,0.40929171283606464,0.4044512159561439,0.3945150755234152,0.374224840108085,0.36077496549444993,0.3419961703699384,0.3228480200618184,0.30263554363251105
1662057958,157,0.41260026173080355,0.4103475418069083,0.4053616182883192,0.39544530453972554,0.3751925556419407,0.3617438418411941,0.34307741340428716,0.32385806657234056,0.303704311797685
1662057958,158,0.41379881191159396,0.41168750779742996,0.40661557950499516,0.3966204738918052,0.376332760722066,0.3628276120190785,0.34418575637469895,0.32496569130814484,0.30461080028022763
1662057958,159,0.4151086443417684,0.41301300298968635,0.40781323758708005,0.39781423891741885,0.37738233176458247,0.3638953657478269,0.3452348596468642,0.3260403106984994,0.30560840354566304
1662057958,160,0.41632865807429875,0.4141323919636088,0.40903383244882485,0.3989220053070508,0.37835955269143295,0.3649853108415466,0.34641774071266107,0.3270398976497347,0.3066385519332828
1662057958,161,0.41753822536365304,0.41533911913316596,0.41023691013802094,0.40006310069269496,0.3795106400011301,0.36600756266510953,0.3474729114377069,0.3281612740689116,0.30771241152953255
1662057958,162,0.41868840030326004,0.4164911689551569,0.4114204550772658,0.40118542854201183,0.38053051788204684,0.367190351837812,0.3486063141736632,0.32933666544988255,0.3087964132947706
1662057958,163,0.41981283459769214,0.4176872235426541,0.41249877905273097,0.4022963111113178,0.3814867184193268,0.3682330451122574,0.34952348172300085,0.33041158713842517,0.30975315934640946
1662057958,164,0.42098134211061594,0.41879934910039024,0.4135477727028976,0.40326651750217274,0.38245437230718027,0.3691983024834039,0.35053579023280756,0.33161439745557425,0.31081149799367597
1662057958,165,0.4221517678682197,0.4199186711696188,0.41471270705539093,0.4043926758104166,0.38342408160452135,0.3701817262848347,0.3515611000068923,0.33269924414731084,0.3118593057182898
1662057958,166,0.42332179361875094,0.4209651342291074,0.41577682983640396,0.4054869972688327,0.3844985704759904,0.37117385386884916,0.3527202060706815,0.33381212492121637,0.3129538624551276
1662057958,167,0.4245163955636868,0.42207397184402995,0.4168100493478547,0.40657729272312076,0.38559650978558424,0.3722403562851552,0.3538245722353625,0.33490032822906124,0.3140761691174134
1662057958,168,0.42569677605689743,0.423253095779631,0.41802050615545694,0.40763655727643594,0.3866971731831474,0.37340923860067154,0.3548435864110618,0.3360658327015416,0.3150384490414816
1662057958,169,0.426856458407167,0.424458640443944,0.41918747841066606,0.4087617928231446,0.3877489222155928,0.3743893302708256,0.3559290479159844,0.3371255792670617,0.31611046561183614
1662057958,170,0.4279378316906747,0.42570574856174465,0.42025821700932076,0.4097935155866744,0.388732551398118,0.375335592917986,0.3568701779422914,0.3382865807429871,0.31712527315702627
1662057958,171,0.4292149377740535,0.4268628989709553,0.4214117553170264,0.4109528306487725,0.389831034498047,0.3764481332216059,0.3578091678526617,0.33937193248473724,0.3181991496304572
1662057958,172,0.43028324840876625,0.42798455489535764,0.422609182432075,0.41200389653895647,0.39088148174268733,0.3774507643211031,0.3589047375566409,0.3403983814376642,0.3191811978771797
1662057958,173,0.43154298886439635,0.42930359748802516,0.42375332512369246,0.4131392235315771,0.3918650054560514,0.378443995494923,0.35989122956171915,0.3414239198552065,0.32021981970927355
1662057958,174,0.4327337847376539,0.43038961944350035,0.42485817364251915,0.41413514243636335,0.3929134750289753,0.3794432389567157,0.3608489538399867,0.34232220508396294,0.3210656802000819
1662057958,175,0.4338221596447525,0.4314718942922128,0.42595256146431276,0.4151370085562655,0.3939456298061301,0.3803249214773096,0.3618303909888444,0.3432362179140041,0.3221336510343334
1662057958,176,0.43496278172169,0.4325267937142463,0.42713143566062445,0.41604564408298295,0.3949639017161762,0.3812956613136674,0.3628028292783789,0.34408384451030394,0.32312917844096767
1662057958,177,0.43607980707863775,0.43345626501843976,0.42809781421467213,0.4169590042105173,0.39577577603303304,0.3822725656742182,0.3637707045656057,0.3450268350873586,0.32404278193975067
1662057958,178,0.4370969665476911,0.43454992290720756,0.42909166801543563,0.41786636113501036,0.39674889897862703,0.383253401027336,0.36478946426898146,0.34592515610225655,0.32496102767673846
1662057958,179,0.43817476418990176,0.4355762999733165,0.4301824219295979,0.4189541763906126,0.3978149181917908,0.38415762745604637,0.3657989589201232,0.34681344001084285,0.3260447859178911
1662057958,180,0.43923637435767837,0.4366333923005644,0.431275798163592,0.4199772554965884,0.39875747620251034,0.3852266026451015,0.36676564737595824,0.34768764215314635,0.3270912307303513
1662057958,181,0.44028834836369424,0.43771440778423304,0.43234033819359224,0.42098902986106157,0.39969380788224806,0.3861266906538102,0.3677802956366576,0.3486212977351836,0.32807165984610814
1662057958,182,0.44127252580626347,0.4387877096368377,0.43334110923193564,0.42206258487532183,0.40068025227236753,0.3870918694648793,0.36876088278665986,0.34970298844445924,0.32904548067550343
1662057958,183,0.44234537673432023,0.4397664234786247,0.43432679998508555,0.42304983490556275,0.4017657026145821,0.38802164249286386,0.36983018266031975,0.35075835725856236,0.3299920870671191
1662057958,184,0.4433220984276626,0.4406726934106867,0.43524409137357023,0.42398308995615913,0.402707502389821,0.38890628605333427,0.37084871608926395,0.35171366647987606,0.3310169924514619
1662057958,185,0.4444931664037046,0.44162653935208906,0.4363297338278384,0.42505788578570997,0.40372927893777016,0.38997807511833293,0.37181525725877507,0.3527877384587013,0.3319365612769707
1662057958,186,0.4454784090260624,0.4426434982513634,0.437446501504072,0.4261007442914557,0.4048154760449021,0.3910220352662085,0.3728121662712873,0.3537585495691588,0.3329501822005918
1662057958,187,0.446524064171123,0.44367187911762684,0.43854727086230455,0.42717299201712533,0.40577045484952545,0.39210348140910506,0.37375787036849334,0.35489939307448115,0.33393877228332924
1662057958,188,0.4476291678092688,0.44483651379994515,0.4396605261884406,0.42835884696659293,0.40696328617747163,0.39308873582501247,0.37477618440791705,0.355901069475586,0.33493700901714707
1662057958,189,0.4486002302529975,0.44579627824510304,0.44074595552988277,0.42935765831899264,0.4079429261385289,0.39412975197660566,0.3757175349290588,0.3568580494281783,0.3359046255179689
1662057958,190,0.4496668129763377,0.4468915845337376,0.44183193009057903,0.4303339850764135,0.40890028330872674,0.3951877419097402,0.37662503491480787,0.35786880012768846,0.3368101831531064
1662057958,191,0.45074207415581374,0.4478325242429415,0.44275371235546523,0.43130604257548755,0.4098734167166146,0.3960659550905215,0.3776123431601761,0.35882728864084723,0.33784320185449074
1662057958,192,0.45173110942633304,0.4488544825625474,0.44381989196360877,0.4322344105382866,0.41085220811220624,0.39707717336365933,0.37859726434167296,0.35979948508971443,0.33875292203689666
1662057958,193,0.45274132153814123,0.4497813935034785,0.44484556128641967,0.43315119398822316,0.4118306771891093,0.39804059442111506,0.37961715383376476,0.3607635710834476,0.33968071273967165
1662057958,194,0.4537606590434803,0.45086288425314397,0.44580203684453235,0.4342128916783255,0.4127463010872029,0.39903707119576687,0.38058354110814974,0.3617294420171483,0.34054031873568696
1662057958,195,0.4547345502614646,0.45189829124628206,0.44674675842227024,0.43513345385976165,0.4137439007795338,0.4000583192395171,0.3815691763379405,0.36278454928947723,0.3414222118543574
1662057958,196,0.4556559545728829,0.45286897928238773,0.4477630703532361,0.43611424858040265,0.4147545295601182,0.4010517398771488,0.3825679627423373,0.3637766706379292,0.3423879407714564
1662057958,197,0.45670847396312386,0.45387791858930204,0.4486709282143449,0.43694269231805366,0.4157337315224963,0.4019696509045847,0.3834950335394835,0.36473370458315213,0.343318850228792
1662057958,198,0.4577790796517105,0.45493218768427257,0.44969980318729375,0.43780680190839394,0.41670878611742906,0.4028648884600363,0.38448740628422207,0.3657021312442086,0.3441656902612172
1662057958,199,0.45890559697654304,0.4558863308201356,0.45070690830955373,0.43869270537677013,0.4176549921708619,0.40383684914336665,0.3854374221372214,0.36654462608722155,0.34501925853680837
1662057958,200,0.4597554965883245,0.4569200151630023,0.45153146322971943,0.43962092494313876,0.41856330553449583,0.404764973464746,0.38644806671721005,0.36754738438210766,0.3459931766489765
1405681632,1,0.006065200909780136,0.015163002274450341,0.02539802880970432,0.060272934040940106,0.16034874905231236,0.25928733889310085,0.4245640636846095,0.5030326004548901,0.5356330553449583
1405681632,2,0.014973464746019712,0.026345716451857466,0.0401819560272934,0.07865807429871115,0.18309325246398786,0.27748294162244125,0.3606899166034875,0.3906368460955269,0.3968915845337377
1405681632,3,0.025018953752843062,0.035253980288097043,0.05648218347232752,0.0922415971695729,0.1909274703057872,0.263962597927723,0.31892848117260547,0.32853171594642405,0.32562547384382107
1405681632,4,0.032789992418498864,0.043025018953752846,0.0615049279757392,0.10178165276724792,0.1898218347232752,0.2506633813495072,0.28326383623957546,0.29046626231993933,0.28430629264594387
1405681632,5,0.03821076573161487,0.05253980288097043,0.06959818043972707,0.10871872630780895,0.188855193328279,0.23464746019711902,0.2586050037907506,0.2614101592115239,0.2540561031084155
1405681632,6,0.04378316906747536,0.05945160475107404,0.07676269901440484,0.11549153399039674,0.1870735405610311,0.2253601213040182,0.24235531968663127,0.24197624462977,0.23483699772554967
1405681632,7,0.0505252897216506,0.06752951370085562,0.08372143398678651,0.12363262211632188,0.18899599263511316,0.219430304343117,0.2321022419581934,0.22793241633271957,0.21888876854760095
1405681632,8,0.05686125852918878,0.07169257012888552,0.08998294162244125,0.12845905989385897,0.18873199393479909,0.21389310083396512,0.22374905231235784,0.21863153904473084,0.2080174374526156
1405681632,9,0.06254738438210766,0.07783674500884508,0.09582175048437369,0.13208659759076744,0.18797910875242188,0.20988122314885016,0.2159464240586303,0.20988122314885016,0.19863532979529946
1405681632,10,0.0681576952236543,0.08400303260045489,0.10079605761940863,0.1369598180439727,0.1872251705837756,0.20682335102350266,0.20959059893858983,0.2029567854435178,0.19211523881728584
1405681632,11,0.07412640430077884,0.09063339995864636,0.10589978633951341,0.14025777103866566,0.18702184850782275,0.20480391481149632,0.20504514439313531,0.19711902956785443,0.18629815976290576
1405681632,12,0.07875284306292646,0.09660096032347737,0.11122693960070759,0.14335355066969926,0.18742102602982055,0.20154157189790245,0.20166793025018953,0.19152767247915087,0.18164013141268637
1405681632,13,0.08377558756633814,0.10217530763398845,0.11672595789350906,0.14827666647226923,0.18805038782294278,0.20029742812153734,0.19901440485216074,0.18793374934390858,0.17694057269493205
1405681632,14,0.08929925268060218,0.10727824109173617,0.12292862558215095,0.15154879237517596,0.18877937831690675,0.1988248673237301,0.19649626340301096,0.18636954402686015,0.17329145456514672
1405681632,15,0.09388425574930502,0.11170078342178416,0.1281526408895628,0.1551427849380844,0.18913318170331056,0.19729593126105632,0.19555218599949456,0.18420520596411422,0.171594642405863
1405681632,16,0.09853582259287338,0.11649450341167551,0.13258150113722517,0.15748199393479909,0.18967968157695222,0.19737964366944655,0.19363627748294163,0.18174279757391965,0.16970716451857468
1405681632,17,0.10321990813004504,0.12079115194220219,0.13724746911653216,0.16148597422289612,0.19076394773223923,0.19747580609195914,0.1927931142130848,0.17999375641082818,0.16752887659991975
1405681632,18,0.10774155505012215,0.12463145480582934,0.14015247241175974,0.16432903714935557,0.19145396344031673,0.19716114901861678,0.19176985932103446,0.1788602476623705,0.16622441243366187
1405681632,19,0.11196680100554646,0.12850644427596664,0.14299110171182317,0.16749132117632975,0.19342803559315272,0.19719883484298312,0.19173217349666813,0.17816527672479152,0.16545628666054826
1405681632,20,0.11662244124336618,0.133434420015163,0.1471379833206975,0.1714746019711903,0.19490144048521607,0.197592873388931,0.19211523881728582,0.17736921910538286,0.1649924184988628
1405681632,21,0.12070832882053502,0.13677389075417884,0.15170222751723889,0.17459114047438534,0.19664969854507386,0.19757030939745115,0.19204664428318713,0.1769197443951045,0.16459077945052167
1405681632,22,0.12535322903025706,0.14024054035426287,0.1552656971534909,0.17670066855055483,0.1969294920394238,0.19765318078434074,0.1918119787717968,0.17676959128816594,0.1633641188227996
1405681632,23,0.12881959323598247,0.14386722484095327,0.1583874476711606,0.1792530573227412,0.19812440254474734,0.1977453274878861,0.19168012657810593,0.17673138411840328,0.164188944193559
1405681632,24,0.13264468031336873,0.14684420015163002,0.1615491533990397,0.18116628759160983,0.19909337882234013,0.19819307556229468,0.19133813495072025,0.17658579732120294,0.1634287338893101
1405681632,25,0.13622441243366187,0.15091736163760425,0.16514025777103866,0.18335102350265353,0.20021228203184233,0.1985140257771039,0.19196360879454136,0.17617892342683852,0.1630326004548901
1405681632,26,0.1406514259054062,0.15501253863649617,0.16871755992301862,0.18583425672129236,0.2015950312007931,0.19898524523240216,0.19223479325829593,0.17667813611710503,0.16349798798623666
1405681632,27,0.14402044197343664,0.15879032937410495,0.172057956364249,0.18842838289388705,0.20276303597001097,0.19954791789515064,0.19262628815320249,0.1765928172296633,0.16332519023951927
1405681632,28,0.14729773638037474,0.16216289396729122,0.1753628289829958,0.19086429112964368,0.2037799198527023,0.19994855409942594,0.19271905122928623,0.17716343550308677,0.16367919419473628
1405681632,29,0.1501921518391676,0.16509372303992054,0.17778620166793024,0.19324984967713263,0.20490967556403755,0.20067449217013933,0.19293613238869575,0.17769470079213615,0.16408721340618546
1405681632,30,0.15350012635835228,0.16813242355319685,0.18042709123073036,0.1953121051301491,0.2058503917108921,0.20097295931261056,0.19299974728329541,0.17778620166793024,0.1639373262572656
1405681632,31,0.1570593558169679,0.17142752329477365,0.1836557509354594,0.19762038690112252,0.20748856660715592,0.20210814644525416,0.19336496368216388,0.17836092836704248,0.16391939152339258
1405681632,32,0.15991044351781653,0.17483652388172857,0.18605477634571646,0.19989101592115238,0.20852681956027294,0.20298284685367704,0.19415750568612586,0.17846142911296436,0.16412765352539802
1405681632,33,0.16359960484297104,0.1779585085119581,0.18863004571874928,0.20243756748684724,0.21034070806625768,0.20387345785374592,0.19506283456245546,0.17900383669906034,0.1646104716612677
1405681632,34,0.16713865227668018,0.1809860411184944,0.1915889934442314,0.2049569638317799,0.21237122597333097,0.20555902421620656,0.1962493867903492,0.17988226374704544,0.1655220086518307
1405681632,35,0.17070291346257987,0.18408967832773745,0.19443301202209462,0.20753817827358387,0.2134409184447092,0.20650926026210328,0.1967507852269035,0.18074298711144804,0.16588324488248674
1405681632,36,0.1737111448066717,0.18742102602982055,0.19755075393816865,0.2100812905399714,0.21487237806419004,0.20772260129727907,0.19786664981888635,0.18133476539465923,0.16659295762783252
1405681632,37,0.17709976845685715,0.19082843267831898,0.2004384976333422,0.21231276765772594,0.21701534741716696,0.2089932995922382,0.19915783865745962,0.1824068192529148,0.16731553388111386
1405681632,38,0.18042975140656795,0.19340808427437053,0.20322413311519893,0.2138681616854874,0.2186864051713818,0.20993775188539962,0.199513187821715,0.18331271697059176,0.16812976337735921
1405681632,39,0.18292801461868935,0.19597208452401776,0.20563363853735347,0.215897824692366,0.21987325285278278,0.21134892401003091,0.2006667833051457,0.18400692054975606,0.16898971637409846
1405681632,40,0.1858984078847612,0.19898597422289616,0.2081595905989386,0.21803449583017437,0.22106709628506443,0.2124715693707354,0.20157316148597423,0.18462850644427595,0.1696455648218347
1405681632,41,0.18921392777233306,0.20205625104014496,0.21040514802418683,0.22019637937092038,0.22249856691137038,0.21391852659997412,0.20234286876606444,0.18553412600085062,0.17101832504299266
1405681632,42,0.19247987291959998,0.20494422181306182,0.21331094985378532,0.2225260839741507,0.22410556337773926,0.21521535073468354,0.2033196144265136,0.18681179825986496,0.17193761507635655
1405681632,43,0.19573496482536099,0.20788299804291482,0.21587002133399158,0.2247562459227392,0.22577005130736819,0.21662817144771404,0.20472697780206991,0.18805649099917132,0.17309624980164676
1405681632,44,0.19819594734302842,0.21020573437176923,0.2181060031704459,0.22631642428837273,0.2273588806947412,0.217580467296161,0.20594113998208008,0.18920153008477497,0.17408160452133156
1405681632,45,0.20123831185241345,0.2131918119787718,0.22057956364249012,0.22835481425322213,0.22845590093505183,0.2187852750400135,0.20652009097801363,0.1900429618397776,0.17499789402746185
1405681632,46,0.20412367735768205,0.2158914856445924,0.22312687477337903,0.23041170847479975,0.22973596598213405,0.2199789036490095,0.2073952599136368,0.19090549494017206,0.17552823285097405
1405681632,47,0.2072975981159163,0.21853273756714467,0.22589647218234318,0.232268159308309,0.23115513041795044,0.22131530979304115,0.20841869243301658,0.1919490910264062,0.17650379881599534
1405681632,48,0.21052880970432145,0.22104024513520346,0.22825846600960326,0.2342525903462219,0.23252306039929235,0.2228803386403841,0.20931261056355824,0.19303607530957798,0.17775461207985846
1405681632,49,0.21318717024338166,0.22345314168123656,0.23049310702294565,0.23621017777846542,0.23413686930420388,0.22390184276894987,0.21046401881450078,0.19413284646686574,0.17864492271510576
1405681632,50,0.21623957543593633,0.2264215314632297,0.2330705079605762,0.23844579226686882,0.2356027293404094,0.22507202426080364,0.21169825625473845,0.1953601213040182,0.17968915845337377
1405681632,51,0.21930606966061633,0.22909512554073944,0.23562859563840705,0.24012546641097685,0.23686988062852132,0.22636727170018878,0.21309964471004472,0.1964500735851581,0.18081136927856814
1405681632,52,0.22191199626756863,0.23148364145331546,0.23810287513850817,0.242010264186155,0.23840905114597305,0.22789700822301276,0.21430133551058494,0.1976074531988103,0.18202163643786085
1405681632,53,0.2247557469209092,0.2341610997468065,0.2406482898708284,0.24378817571916978,0.24000457751012055,0.2294262377158225,0.21540761297151928,0.198764072267441,0.18295735763228288
1405681632,54,0.22740993457445313,0.2367042933760144,0.2430502906242103,0.24559851739533317,0.2413093533260326,0.23098306798079354,0.21650801673546177,0.1997023558812793,0.18389352202847273
1405681632,55,0.2301881590736784,0.2391756840581708,0.24514439313529535,0.24729478254876283,0.24278723550899442,0.23227651802329588,0.21783720449376248,0.20079950375628922,0.18505065821214417
1405681632,56,0.23279270009747646,0.2413828116538503,0.24704186071699338,0.24898462038340732,0.2442935665547492,0.23380807971406908,0.2189699989169284,0.202019928517275,0.18620708328820534
1405681632,57,0.23555191998191077,0.2435191466155913,0.24947794049186647,0.25090113456499474,0.24591995530904592,0.23515289360626734,0.22001649309019328,0.20347019938017902,0.18727637896864982
1405681632,58,0.23812449347729472,0.2463072860840239,0.25176465974745754,0.2530129931243628,0.2473922250398682,0.2363925126140493,0.2213667616532901,0.20470706648192208,0.18836762437583332
1405681632,59,0.24087971113195666,0.24875676231351435,0.2535305380295807,0.25485408822811323,0.24889168733375308,0.23787923568188532,0.22253633338044998,0.20571568085735212,0.18935762840364423
1405681632,60,0.2435557240333586,0.25118145059388425,0.2557998483699772,0.256937073540561,0.25035380338640384,0.23905736669193833,0.2234900176901693,0.20675385392974474,0.19033990396765227
1405681632,61,0.24609428404529013,0.25384978684795984,0.2581936141388782,0.25882747734871175,0.25182391031457013,0.24025901390770457,0.22482879478989298,0.20784498937346968,0.19144533240532444
1405681632,62,0.24830027635794466,0.25605297268213945,0.2600821736897454,0.2604551346327863,0.25331996380444616,0.2415930934970285,0.2261671843283034,0.20903543740370273,0.19269852527574652
1405681632,63,0.25079726103228756,0.25836071097632884,0.26227781989722854,0.2625967243101436,0.2552318374911248,0.24310745273595916,0.2276796996281454,0.21027834939889528,0.19392396837430953
1405681632,64,0.25310367702805153,0.26044825625473844,0.2643219294920394,0.2640494692949204,0.25632581501137225,0.24426056671721,0.22866518195602728,0.21119219105382867,0.19506965504169826
1405681632,65,0.25542660523706767,0.26272817402461074,0.2664256138099959,0.26562664022861143,0.2575552574794425,0.24550650259520618,0.22999941680760486,0.2122237126027877,0.19618008981162885
1405681632,66,0.2576102189445631,0.265111310221242,0.268413858065109,0.2675121189146966,0.2589829301353183,0.24681232338548484,0.23120706687802975,0.21392469042203688,0.1974751303788453
1405681632,67,0.26011904088352783,0.267264888597196,0.270416303622147,0.26913197469815436,0.2605037737770586,0.24839600330417658,0.2324239303859776,0.21513923936043816,0.19859006710194288
1405681632,68,0.2623924095794497,0.2693941488650046,0.2724490478526513,0.27106653882174553,0.26199661062302104,0.24980488783838023,0.23377781741961381,0.21653547696561568,0.19970565936761359
1405681632,69,0.2649899462702311,0.27156058058915955,0.2743789212293019,0.2726538550285131,0.2633088308006724,0.25095867532496074,0.2349880783641538,0.2179901330608388,0.2011075584270033
1405681632,70,0.2673670529622008,0.2733510235026535,0.27645402361096066,0.27419040398570343,0.2645564821834724,0.25243691107982236,0.23622332936207083,0.21902415249648,0.20208491281273688
1405681632,71,0.26973058975536307,0.2753953592670504,0.278449316063172,0.27593994596845667,0.2659718736985979,0.25363858663733735,0.23732234193637944,0.22024794712169912,0.20338177663402704
1405681632,72,0.2720179428860247,0.2775513857299301,0.2802522955100665,0.27755665066127544,0.2670531126274113,0.2550174795720664,0.23870672226434164,0.22164307977423975,0.20443728413781484
1405681632,73,0.27462689667348655,0.28004818926750236,0.28250958073260146,0.2795289083676924,0.2688161434046133,0.2565507285511024,0.23999605346516145,0.2228286269174447,0.2057962134036786
1405681632,74,0.2769706780320882,0.28210355920742575,0.28425506628690866,0.28129418273466794,0.2700090158391902,0.25780177448107694,0.2412351699690593,0.2239360285228367,0.20691350941540482
1405681632,75,0.2791811978771797,0.28403841293909526,0.28616123325751835,0.2830022744503412,0.27137225170583773,0.25952994692949205,0.242446297700278,0.22521101844831945,0.2080616628759161
1405681632,76,0.28160288895095964,0.2862315949084234,0.28820677546785844,0.2847302581700651,0.27275447907106665,0.2610430549459319,0.2437003710945293,0.22658712740912174,0.20918458960137265
1405681632,77,0.2837942951665469,0.28815119679410806,0.289879188287073,0.2864084361430836,0.27430757263964234,0.26258578419306244,0.24498094778610321,0.22773057117257267,0.210381733505312
1405681632,78,0.2858760521762796,0.28989521976633426,0.291693396318112,0.2880630236581715,0.2756701852607842,0.26394315818121733,0.24625298886102526,0.22907311288660798,0.2114023833129216
1405681632,79,0.28798188117196577,0.29175823648525445,0.29360082916670666,0.28994443431444994,0.27727181121102484,0.2654341129163828,0.24753121371196055,0.23039606145814337,0.21246437174307345
1405681632,80,0.29021512509476877,0.2937310462471569,0.2957022365428355,0.29169825625473844,0.2789660727824109,0.2669162244124337,0.24914708112206216,0.23168593631539044,0.21374147081122064
1405681632,81,0.29220602963337355,0.29556154587744177,0.29757859957506155,0.293254335963459,0.28037046396914983,0.26830558129521986,0.2504422542330048,0.23286440344817905,0.21484195846086168
1405681632,82,0.29431479872039057,0.29756005103644667,0.2993583461232641,0.29472623384308144,0.28166663584755636,0.26976275448880344,0.25177055788753494,0.23416668207622182,0.21612363394293532
1405681632,83,0.2964275601267846,0.29946472775103444,0.3010632370269554,0.2963270824008696,0.28318733615279923,0.2712761584625081,0.2530074810234113,0.23548325218995775,0.21724654493637935
1405681632,84,0.29845391530380155,0.3015000541535795,0.3028584064406657,0.29783114913895803,0.2846537781147334,0.2724692227156215,0.2542691071879851,0.23670078342178422,0.21845102711289216
1405681632,85,0.30048164830754137,0.3033626187396869,0.30477634571645185,0.29952281139901,0.2860277393747491,0.27402220933862553,0.25549212861793696,0.2378361503813049,0.21960486999955406
1405681632,86,0.3024930796762875,0.30538462894722923,0.30667612885025647,0.3011442777297812,0.2876518504152194,0.2756713154786043,0.25676164113052524,0.23929774141791704,0.22099194245111695
1405681632,87,0.3044756999816998,0.30710743945692054,0.3082098071510113,0.30252368129809243,0.28885083614371737,0.2769382935522383,0.2578581823568883,0.24050351624794122,0.22212926895157425
1405681632,88,0.30648649114342824,0.3087307877868909,0.3098852436418775,0.30410865669584397,0.2903370321869185,0.2781204769453443,0.2588910331518368,0.24152250327383004,0.2233269005444896
1405681632,89,0.3086182075286862,0.31072228705778127,0.31167210433508535,0.3057304222640577,0.29176427494441654,0.27955720625942365,0.2602627117922158,0.24289766677172864,0.22446354490548678
1405681632,90,0.3106267374273439,0.3125389604919552,0.31356246314548053,0.30742987111448067,0.2932145564821835,0.28096622020048856,0.2618102939937663,0.2442169994103277,0.22576446803133685
1405681632,91,0.31258695815178,0.3144073515567071,0.3153529563688775,0.30901282190137386,0.29467878596005964,0.282365095102017,0.26289480042323105,0.2455489923268543,0.22687017304151497
1405681632,92,0.3145663710979991,0.31616919932755383,0.31705508125391435,0.31038418432936676,0.29598345254969183,0.2834657349111646,0.2639557306259683,0.2467284174440452,0.22804660975046973
1405681632,93,0.31627495577457665,0.3177708756226206,0.31874098168211495,0.31192985888625296,0.29736196369031603,0.2847220523857272,0.2652547139817555,0.24809851060187338,0.2292955725663789
1405681632,94,0.3181689868210927,0.3193546045521269,0.32019340893326664,0.3131724549545917,0.2985780652654332,0.2859193779942897,0.2662236058909877,0.2492821770199861,0.23050989627861207
1405681632,95,0.31999122141973585,0.32110849527153745,0.3219185188140936,0.3146402777223574,0.29999999999999993,0.28715135070428155,0.267475360121304,0.2505526515302662,0.23169865528111408
1405681632,96,0.3218584154662623,0.32296010235026534,0.32370640636846093,0.3161999305029063,0.3013212345211018,0.28841688779378316,0.26857862648471065,0.25177296563052814,0.23296136593378824
1405681632,97,0.3233861954151458,0.3248126118662217,0.32537536246609816,0.3176766216205654,0.30261131910303807,0.2896524233447707,0.2698467286213392,0.2528938668000594,0.2342527531791501
1405681632,98,0.3250220482431031,0.3265963701629249,0.32690581918893413,0.31923148334390616,0.3038944159923257,0.2910832263155452,0.2710502699942752,0.25421624297937523,0.23544042332626758
1405681632,99,0.32685459599788635,0.32832494773359067,0.32857766443816483,0.32090043727647977,0.3053813341910385,0.2923740819874254,0.2723367105474763,0.2554353236688339,0.23685298780067543
1405681632,100,0.32846474601971193,0.3300113722517058,0.3299658832448825,0.32238438210765735,0.3066717210007581,0.2936656557998484,0.2733623957543594,0.2566262319939348,0.2380439727065959
1405681632,101,0.3301856341813105,0.3315780782020583,0.3316193636042907,0.32384269511105773,0.3078765041022677,0.2948603427439029,0.2747318325464086,0.25784234981496634,0.23915507547722173
1405681632,102,0.33188021228203185,0.3333073183784507,0.3333147512227029,0.32536532429499476,0.3091022610712215,0.2961542463839213,0.27610786543578764,0.25921301045057904,0.24032243678365964
1405681632,103,0.33379582943830644,0.3350029810756899,0.3349698580124689,0.3268915109269305,0.31032629897612923,0.2974340667024886,0.27734676902919975,0.2604797691690527,0.24153705734706346
1405681632,104,0.335517874846912,0.33672799906689216,0.3363963083921386,0.3282789992418499,0.3116470811220622,0.29883142823817577,0.2784524989794133,0.2618570303843238,0.2427866390622266
1405681632,105,0.33715657604967686,0.3383118524134445,0.33783891115202713,0.3296075670601826,0.3127405321491751,0.3000649842954619,0.2794794035885772,0.2630780894617134,0.24403047041409437
1405681632,106,0.33876078218204186,0.3398872788132805,0.3393150900482069,0.3310898765502739,0.3141387843849686,0.30151844593531407,0.280655013088818,0.26434048092465706,0.24539745662093926
1405681632,107,0.34053694033287746,0.3415289124442901,0.3408947588444942,0.33251259450305737,0.31542587488397467,0.3027038325551076,0.28174133618643404,0.2655934473156526,0.24662906619996738
1405681632,108,0.34208715918344423,0.3430383567798276,0.34237146547609015,0.3337826074747985,0.31667509055681914,0.3039620363350462,0.283077808665375,0.26692148934377896,0.2478519080111195
1405681632,109,0.34367153320210614,0.34455140466436207,0.34373413275278053,0.3350919170069068,0.31790138484117103,0.3050858657170083,0.2842610818593458,0.2681625640775956,0.24909056763881454
1405681632,110,0.345333930663726,0.34608518850368736,0.34513750086153416,0.3363774209111586,0.319077813770763,0.30643049141911916,0.28554000964918325,0.2694844579226687,0.2502136604865945
1405681632,111,0.34702784664877157,0.3476459780477976,0.3465429037832374,0.33768415876073193,0.3204140455846293,0.3076860029096572,0.286683195705182,0.27082351494785156,0.25147019650431324
1405681632,112,0.3486915141340842,0.34905366619733563,0.34794351781652766,0.33902848478284414,0.3217805696956569,0.30892586374959385,0.2877721217372468,0.2721894292212715,0.25271444817502436
1405681632,113,0.35028212577240736,0.3504397941588895,0.3493864351513281,0.34055029621528776,0.32314974471139973,0.31032493106201403,0.28906318141257453,0.27333995316913456,0.25392661375270886
1405681632,114,0.3517350996900895,0.3519678650758815,0.35078408682813933,0.34189577431068197,0.3242388571884602,0.3116229732785337,0.2902351595440459,0.27466315523456103,0.2550875862894537
1405681632,115,0.3534990275900715,0.35338365692059204,0.35218709826284733,0.34327718627418663,0.3255133994791838,0.31280614431222603,0.2912779773873488,0.27589741899330855,0.25620859017041897
1405681632,116,0.3551247026221537,0.35484693210635015,0.35367376016313296,0.34458903035214766,0.32659603670492277,0.3140604167211315,0.29245967425688213,0.2771430812266346,0.2574246424930067
1405681632,117,0.3567647077882104,0.35629491391432255,0.3549114519546665,0.3459335290267815,0.3277962455369582,0.3153191682380462,0.293741049616713,0.2783285705954395,0.2584611496666083
1405681632,118,0.3585214787782218,0.3578115161717274,0.3564108659616299,0.3473387646008147,0.32902751185412676,0.31654694748204215,0.29487863173179474,0.27962246694337006,0.25968247645237147
1405681632,119,0.3600767069526825,0.359305814820242,0.35799020138760584,0.3487171972655628,0.33044514242391426,0.31797707710832623,0.29620733812857974,0.2810092953026548,0.2610170679340728
1405681632,120,0.36179555218599946,0.36094895122567605,0.359540055597675,0.35015794794035887,0.3317791256002022,0.3194023249936821,0.29750442254233,0.282294035885772,0.2622220116249684
1405681632,121,0.36329174994830793,0.3622422446255929,0.36081992994943574,0.35130232645567955,0.3329500811408593,0.32057844973966004,0.2987706689891541,0.28334764002280716,0.26340703889122113
1405681632,122,0.3646670975279335,0.3635733727737108,0.3620073577847102,0.3524310518400676,0.333996196820741,0.32161100684820837,0.29991672777439443,0.28443368672243,0.2645571036179918
1405681632,123,0.3662388974155094,0.36497223198160716,0.3633264914908437,0.35378181302662154,0.33519480759629433,0.32278086996184596,0.30108113438981243,0.28561302292325425,0.265666894728083
1405681632,124,0.36767834870013943,0.36640049891168774,0.36464574824524937,0.3547897967668566,0.3364443982489178,0.32391657903103527,0.30222981731027904,0.2868467069382964,0.2668199271197632
1405681632,125,0.3693373768006065,0.3678089461713419,0.36606216830932525,0.3559666413949962,0.33771038665655806,0.32506141015921153,0.30351175132676267,0.28796967399545115,0.2679332827899924
1405681632,126,0.37063010698340493,0.36905363611201364,0.367347798356138,0.35729629228492005,0.33881487899683504,0.3262271802832834,0.30449655222210187,0.28923426838514027,0.26901091495481183
1405681632,127,0.3719472518550799,0.37045483037137417,0.36877436378072154,0.35865873096416395,0.3399318261866243,0.3275536824007689,0.3056956773504146,0.29039835714243073,0.2702178338397617
1405681632,128,0.3733297005307051,0.3718163618271418,0.3699624478771797,0.3595793451478393,0.34095432145564825,0.3286551127748294,0.30679314347990905,0.2914554112964367,0.2714266252843063
1405681632,129,0.3748993541031202,0.3733389753806913,0.3713995216014011,0.3608030514072794,0.34215197089643906,0.32977179093863684,0.3080587243095838,0.2925519097742593,0.2725931672455642
1405681632,130,0.3764390272350849,0.37484982795824345,0.37283489823292704,0.36226162010847374,0.34337785035283136,0.3310695748527439,0.30935149005656964,0.29375109348574097,0.2738642328104042
1405681632,131,0.3778365520953301,0.37612058637992,0.37417023074385525,0.3634606369618436,0.34461973852502187,0.332454612272772,0.3106274126246462,0.2949290753462316,0.27512168019954975
1405681632,132,0.3793852091805086,0.3774898338962024,0.3755255358742849,0.3646702047005307,0.3457968617180141,0.33370666482872696,0.3118236956371907,0.29624141337560594,0.2763715624784616
1405681632,133,0.38077376914614053,0.3787871878331157,0.37677495482451395,0.36589293552303814,0.3469249317379879,0.3348059306720174,0.31287943133041096,0.29738580720185603,0.277462990303659
1405681632,134,0.38222081404954,0.3802547158068641,0.37818960542247065,0.3671935998551594,0.34818043972706597,0.33603306439749697,0.31412874973125277,0.29858950131827594,0.2784476027746031
1405681632,135,0.38359868587313617,0.38166119113806757,0.37947097969842475,0.3684188358183809,0.34939769185409825,0.33728694577822704,0.3153595597113414,0.29982871423356644,0.27956925841687025
1405681632,136,0.38505663827320163,0.38300517325959954,0.38077531998394504,0.3695981804397271,0.35065278954644785,0.3384220443294831,0.31652209784596175,0.30104134147973066,0.2806437586406815
1405681632,137,0.38634112327963566,0.38427142880859755,0.3818669308201856,0.37071326984056713,0.35157966386833645,0.339543339070187,0.31753761697370825,0.30213942214573086,0.2817800479239415
1405681632,138,0.38783498697959584,0.38557976508334163,0.38305259803759983,0.37188911230510596,0.3527403280922086,0.3407527661491468,0.3187691597718957,0.3033809099998901,0.28280647394271025
1405681632,139,0.38914099955820025,0.386820187519431,0.38430302005552497,0.3729553127778293,0.35375884281202785,0.341691165642164,0.31987116902384083,0.3044981755308414,0.2839135817956704
1405681632,140,0.39052312357846847,0.38817556590490626,0.38556807104949636,0.37409021986353297,0.3549090219863533,0.3428869273258962,0.3210224195819344,0.3055696956568829,0.28512942705512834
1405681632,141,0.39174853074809524,0.38934772205464063,0.38670763903451466,0.3751229977578113,0.35600793637991385,0.3438909769382565,0.32212239016233013,0.3066636555740164,0.28635491103834304
1405681632,142,0.3931729116167818,0.39066888060737437,0.38819955365246817,0.3762693675319544,0.3571073903618832,0.3451104656750206,0.3232282245405717,0.3077315294343773,0.2874883874894553
1405681632,143,0.39442627122687773,0.3918204615702721,0.3893365921417475,0.3773572901700271,0.3581357990000901,0.34613529003218163,0.3242390664680278,0.3086916873876692,0.2885291357618878
1405681632,144,0.39577805155420775,0.3930060652009098,0.39048679555218596,0.37839851318338813,0.35924995788054925,0.3473196234521102,0.3252279715272513,0.30984384213629856,0.289773923848033
1405681632,145,0.39711118663564354,0.39436616036182065,0.3917884499751641,0.3795560900368618,0.36048469321063503,0.3484065776058142,0.3264045384434394,0.3109984052704504,0.29093879898564745
1405681632,146,0.39843384880617316,0.3956479067786929,0.3929320676726869,0.38074714135864657,0.36154413368367483,0.3494552743360994,0.3275649880046112,0.312202062583734,0.29214224142407597
1405681632,147,0.3997256218636052,0.3968168010191188,0.39406270468763704,0.381996771415162,0.36255305761425116,0.35059027401711257,0.3285987632353927,0.3132268828683862,0.29305854259823716
1405681632,148,0.4010742167489703,0.3980185644325144,0.3952472184087044,0.38327561830215356,0.3638070405507858,0.35174067168001966,0.3297517570641149,0.3144273917587034,0.2941135790832531
1405681632,149,0.40226732678305205,0.3993085060372155,0.3963547735471758,0.38442790195948734,0.364736352025889,0.35285273061247335,0.3307951417333652,0.3155151095755886,0.295060321272471
1405681632,150,0.40357088703563304,0.40042709123073034,0.3975208491281273,0.38549658832448824,0.36578215820065707,0.35391963608794547,0.3319610816274956,0.31669446550416985,0.29616376042456405
1405681632,151,0.40491492149882763,0.4017417369168897,0.39872921990872073,0.3864707861163133,0.36663838247920105,0.3550301502743901,0.3330262239605561,0.3177728461758607,0.2971170212231823
1405681632,152,0.4061988747456207,0.4030390846334943,0.399986532859822,0.3875094768764215,0.36760055464666214,0.3561210646023702,0.33413221738956944,0.3188270619687962,0.2982248314113563
1405681632,153,0.4075329398881109,0.4042352346548931,0.4012100670442552,0.3887179334710887,0.36867403013770583,0.3572893903581144,0.3353154251339151,0.32005827349893706,0.2993107275763477
1405681632,154,0.4086896802969585,0.405440465523862,0.4023094040152417,0.3896670047162844,0.3697311028622628,0.35831454368224647,0.33645865128048597,0.3212168801630515,0.30033082914053344
1405681632,155,0.4098730709970896,0.4066203624446672,0.403585316344249,0.3907016557020226,0.37080632933062685,0.35941206681503585,0.3374868546552863,0.32236787400034234,0.30140380053315075
1405681632,156,0.41104614995820454,0.40767821387609104,0.4045751443401179,0.39173276180478606,0.3717414124919811,0.3603667308178301,0.33849215606228494,0.3234895316965066,0.3024605859139597
1405681632,157,0.4122042852382861,0.40877812278168657,0.4056030673691225,0.392658982147255,0.37263078089461715,0.3613985696556453,0.3395087959900137,0.32442064293061235,0.3035014945698102
1405681632,158,0.41345812420226297,0.40996487557700984,0.40678352415043995,0.3937798101745664,0.3736792353240372,0.3624869243097475,0.34069250774944576,0.32550551338278905,0.3046036026525657
1405681632,159,0.4146914233672355,0.4113083572937379,0.408080259010781,0.3950510440060843,0.37470258104815446,0.36353059541009247,0.3418637141726389,0.3264503793134689,0.30580390137372987
1405681632,160,0.4159732752084913,0.41239338514025786,0.40935130780894613,0.3962092494313874,0.3756728582259287,0.3644782979529947,0.3428568043972706,0.3274710955269144,0.3068612585291888
1405681632,161,0.41710499672724016,0.4136909667120301,0.4105100325392378,0.39730597714248045,0.3766357912779774,0.3654589633592172,0.343856394125043,0.3286062752226183,0.3077948191505893
1405681632,162,0.4182765656735836,0.4150029483615534,0.41176677056131195,0.3984055447916959,0.37781615327736123,0.3664977208697199,0.3449115023540093,0.32963852151367945,0.30881747302015183
1405681632,163,0.4195291097085075,0.41610348051368157,0.412808085694219,0.3995241794071545,0.37875179653669583,0.36744466201853976,0.34599319990511496,0.33071856816606743,0.3098903705633102
1405681632,164,0.420722461583979,0.4171443628765325,0.41388524196083515,0.40056214057212597,0.3798262726751604,0.36837080937147504,0.34705708315612344,0.33178313208454296,0.3109201353575325
1405681632,165,0.4219587842029085,0.41838169412089043,0.4150894846876651,0.4016036023617525,0.3809038068325407,0.3695545293725733,0.3481953729868817,0.3328233050750109,0.31202242286396953
1405681632,166,0.4232304502315555,0.4195378938041781,0.4161787407400641,0.40288599431844135,0.3819706422353554,0.3706006741141975,0.3493473514984883,0.3338966175543721,0.3131000118746403
1405681632,167,0.4245345548478479,0.42064392821634977,0.41727765091500096,0.4040281832090179,0.38301789143471965,0.37163429017628125,0.35032664012384634,0.33487989903438004,0.31406481956481275
1405681632,168,0.4256268276833099,0.4217232571572981,0.41841086320805804,0.40505072385284674,0.38403687858767466,0.3726194988988772,0.35133714213509515,0.33595075634499444,0.31516255099462076
1405681632,169,0.4268676736455356,0.42284364611885455,0.41947234546523054,0.4061015382820946,0.38506399415013165,0.3736132357757132,0.35235811601939787,0.3370538017415022,0.31617551399437444
1405681632,170,0.4279422913972261,0.423993221246042,0.4205815457342907,0.40712215136244034,0.3861258529188779,0.3746800160549436,0.35344735316416176,0.33812603130714,0.3172902822994247
1405681632,171,0.4292215882136476,0.42529339522675774,0.4217442772967293,0.4082416681075952,0.387270615254335,0.3757099344266656,0.3543997091541084,0.339227839626866,0.31831442391675424
1405681632,172,0.43031851120475334,0.42634924273145614,0.42273921399227743,0.40922915527972215,0.3883557839801118,0.3767036338311264,0.35544016785090893,0.34028157342595694,0.3193795511046071
1405681632,173,0.43156270953209425,0.42757256110120206,0.4239198552064754,0.41028849145656854,0.3893232305083112,0.37792030220827655,0.35651023064416465,0.3413516107403139,0.32041264401565384
1405681632,174,0.4326684269692296,0.42880578285535026,0.42497363903340213,0.41131386543271203,0.3902751997769122,0.378896412294232,0.3574961003198173,0.34230695493799723,0.321377218896238
1405681632,175,0.4337441784901982,0.42982995776020794,0.4259677244665872,0.41231452399003576,0.3912271201126395,0.37981804397270663,0.35853352106574243,0.3432448824867324,0.32231777320480887
1405681632,176,0.4348400130953201,0.4308984940381832,0.4270431284030602,0.4133899648494038,0.3921574539940726,0.38080243297263766,0.35960438348611207,0.34415707491901576,0.32323040871183406
1405681632,177,0.4358078153711723,0.4319742314628014,0.42809353088069624,0.4143226121483917,0.3931629423077747,0.38181853227277984,0.36056248741770647,0.34509108509699615,0.32414129862119484
1405681632,178,0.4369947440604476,0.4330421412203661,0.42919389050267903,0.41537468800845034,0.39411879956725815,0.38277423311838216,0.36148640014992633,0.34602950822465095,0.32511649104275453
1405681632,179,0.4380392289740407,0.43418282853524554,0.43026501370176323,0.4164848941766448,0.3951508041050229,0.3836980783647676,0.36253340731297196,0.3468685011922864,0.3261485550675347
1405681632,180,0.43914371156600124,0.4352581922331733,0.43134529525734977,0.417475360121304,0.39616923595316317,0.38462640047173785,0.36337292561705,0.347860331901272,0.3271312442085755
1405681632,181,0.4402527446290719,0.4363761262298997,0.43240107397618327,0.4185198061481367,0.397080074893503,0.385678502465035,0.3643413937396069,0.34888727857618573,0.3280967918940768
1405681632,182,0.4413725016454357,0.43739846203834065,0.4333910971515217,0.41960067983570637,0.3981537795032867,0.3867773621374834,0.3654116921743912,0.34987378050304513,0.32909546859508954
1405681632,183,0.44251730695136654,0.43844898229740203,0.4343640860562522,0.4206780264896821,0.3992198925332572,0.3877067823363452,0.36634807790303137,0.35089507285284016,0.330089445141832
1405681632,184,0.4435507795760952,0.4393315093779873,0.4352234894683059,0.4215953291360385,0.4002146718528529,0.38869408642911296,0.36722072057223853,0.3518846622935689,0.33106437683356954
1405681632,185,0.4446939737311231,0.4403950576808803,0.43620679056615375,0.42262156014999075,0.4012109911275946,0.38971989426879494,0.36824990266991786,0.3529086326660247,0.33192836505952505
1405681632,186,0.4456924030097744,0.44150015896695927,0.43725288789976113,0.4237447724326836,0.40214360830541224,0.39069187311990994,0.3692639422175484,0.3539317827940685,0.3328605085312268
1405681632,187,0.44674907663802993,0.4425650610371656,0.43829185130527504,0.4248296189383466,0.40309868519742315,0.3916757550080477,0.37031578776661955,0.35499669576287335,0.33388201238176707
1405681632,188,0.4478469343312954,0.44361460164857314,0.4393721871824238,0.4259896278612102,0.40413635410449567,0.3927681351120288,0.37139878695981804,0.3560664107237914,0.33481199490265035
1405681632,189,0.4487927763136254,0.4446349848169408,0.44034882927983754,0.42693879843235416,0.4051510082594238,0.39379079068237527,0.372378064190043,0.3569663565872815,0.33576422734876105
1405681632,190,0.44971270100953675,0.4456486173736084,0.44132117632975537,0.42794381708630935,0.4060133274809465,0.39476277881968,0.37345676549219897,0.35806631818363194,0.3366944655041698
1405681632,191,0.4508035994268226,0.44661988099821776,0.4423726526124424,0.4289244191815948,0.4070392848778823,0.395678941289014,0.37436936597215886,0.35895827792751134,0.33760503951510146
1405681632,192,0.45175875031589596,0.44754154030831433,0.4434348938589841,0.4299441654030832,0.40800519648723776,0.39667835481425323,0.37528035759413697,0.3599673047763457,0.3385416666666667
1405681632,193,0.4527216803434852,0.448573460032133,0.4445234456940609,0.4309395954699548,0.4088648567960498,0.3975731339883017,0.37621529891934147,0.36090302356550535,0.33949608550990507
1405681632,194,0.4537801989948649,0.4495322135638527,0.4454796276466864,0.43186809751217337,0.40971565462745135,0.398613054250721,0.37711910772766,0.3618525437108713,0.3403976770905794
1405681632,195,0.4547617659065725,0.45050834937112416,0.44655624890651424,0.4328901071130033,0.41066853288233124,0.3995373340331642,0.37800392682879413,0.3629070196924632,0.3413269570964794
1405681632,196,0.4557410530550355,0.45152481007566025,0.44754452197861705,0.4338243257879346,0.4116929182590398,0.400539214927821,0.379024771394532,0.36386370317649425,0.3423183147406043
1405681632,197,0.45670077700765466,0.45242704248334575,0.448428474117063,0.4347933175032616,0.4125702828246288,0.40145010641040946,0.37996597945682586,0.36482221957104866,0.34332462294539395
1405681632,198,0.4576508067789341,0.4533507937601948,0.44933030073287844,0.43575826498495185,0.41338709306867,0.40235754053039874,0.3808593899571913,0.36577488302279815,0.3441848354661091
1405681632,199,0.4587093922988711,0.4543071688998441,0.4502192539650488,0.43669256060438666,0.41417474026691453,0.4032120420144696,0.381837161546931,0.36664749067551555,0.3452192730140467
1405681632,200,0.45977824109173615,0.4552805155420773,0.45121493555724035,0.4375454890068234,0.41513457164518575,0.40407505686125855,0.38280136467020465,0.36764594389689154,0.3461732373009856
942484272,1,0.00796057619408643,0.014025777103866566,0.022365428354814254,0.05041698256254738,0.16679302501895377,0.266868840030326,0.41925701288855194,0.4977255496588324,0.5310841546626232
942484272,2,0.01592115238817286,0.026345716451857466,0.03658074298711145,0.07391963608794541,0.18442001516300227,0.28335860500379073,0.35917361637604245,0.39423805913570886,0.39272175890826383
942484272,3,0.02312357846853677,0.03866565579984837,0.0520596411422795,0.09085165529441494,0.19307556229466766,0.2675006317917614,0.3153904473085671,0.3308061662875916,0.3276472074804145
942484272,4,0.030136467020470053,0.04681576952236543,0.06197877179681577,0.10149734647460197,0.19474981046247156,0.25047384382107657,0.2835481425322214,0.2895185746777862,0.28857088703563305
942484272,5,0.03813495072024261,0.052312357846853674,0.07020470053070509,0.10765731614859743,0.19401061410159212,0.23563305534495835,0.25868081880212285,0.26065200909780134,0.2589840788476118
942484272,6,0.04504675259034621,0.05945160475107404,0.07789992418498863,0.11498610058124843,0.19383371240839017,0.2276977508213293,0.24229214051048778,0.24368208238564565,0.23666919383371238
942484272,7,0.051662514892234376,0.06622982779161701,0.08453373768006064,0.11989602512726089,0.19316581826058699,0.22045922235459758,0.23183147406043533,0.22825733781002924,0.2205133759341492
942484272,8,0.05634003032600455,0.07287717968157695,0.09112016679302502,0.12580553449583018,0.19020090978013646,0.21540940106141016,0.22299090219863532,0.21834723275208492,0.20887035633055345
942484272,9,0.0621683093252464,0.07846853677028051,0.09649566169657148,0.1301069834049364,0.1887372588661444,0.2109342094179092,0.21421952657737342,0.20950214809198892,0.19922500210597252
942484272,10,0.06834723275208492,0.08396512509476876,0.10329795299469295,0.1335481425322214,0.18847611827141775,0.20648218347232755,0.20860500379075056,0.20235026535253983,0.1926459438968916
942484272,11,0.07347163829347303,0.08942725205045145,0.10862223447515336,0.13884485491763732,0.18943414432421257,0.2038389964849404,0.20456268522985732,0.19667103177338202,0.18653938934454475
942484272,12,0.07821582006570633,0.0948003538033864,0.1132170836492292,0.1420583775587566,0.1890636846095527,0.20037275713924688,0.20081501137225172,0.19181197877179681,0.18186125852918877
942484272,13,0.08412550300344084,0.09998833615209655,0.11856301393829824,0.1468186854843413,0.18962500728990492,0.199131043331195,0.19811045663964538,0.18869189945763107,0.17778620166793024
942484272,14,0.08984078847611826,0.10568071049496369,0.1237950828549767,0.15209032817069207,0.1912433661865049,0.19812087078955917,0.19544026860175456,0.18555724033358606,0.1737246832015596
942484272,15,0.09492039423805913,0.11018448319433913,0.1284559009350518,0.15534495830174372,0.1917867071013394,0.19754864796563051,0.19385898407884758,0.18321961081627494,0.17093757897397016
942484272,16,0.09967304776345716,0.11538097043214557,0.1321076573161486,0.15786106899166036,0.19164613343442002,0.1960291887793783,0.1929728961334344,0.18119787717968158,0.16906747536012132
942484272,17,0.10435713330062882,0.11989921063194042,0.13635552780627036,0.16117379476430455,0.1928377112785979,0.19609329706105336,0.19196806850109266,0.1798599652142889,0.1672612942068412
942484272,18,0.10864712324151295,0.12368376716367618,0.1399839946087103,0.16422373852244967,0.1938337124083902,0.19640299890489427,0.19086429112964368,0.1782916350770786,0.1659716957290877
942484272,19,0.11294441562587286,0.12760863493076893,0.14436774270779298,0.16763098040780494,0.1950440924145086,0.19735844539324046,0.19083436415147043,0.17800566617453414,0.16475799050317227
942484272,20,0.11705837755875664,0.1314442759666414,0.14859742228961334,0.1706406368460955,0.1961713419257013,0.19768764215314633,0.18989764973464746,0.17761561789234268,0.16434799090219865
942484272,21,0.1209610455251092,0.13523953933354996,0.15258673598324848,0.1738510415538467,0.19740784865879632,0.19858117621574786,0.18971804036246795,0.17737102422470125,0.16383262933679915
942484272,22,0.12545661313667378,0.13936177544972086,0.15640292232407468,0.17649390033772142,0.19865256047970223,0.19848025363567437,0.18941691363980975,0.17683851402577708,0.16296781308153557
942484272,23,0.12966015097076178,0.14259814747667865,0.15906319016382633,0.17923657579852986,0.19929459076375383,0.19856940369845405,0.19042753073804264,0.1769126808847282,0.16305171902297522
942484272,24,0.13370293151377305,0.14589651250947688,0.1626231993934799,0.18190864291129644,0.20010424564063684,0.1994882486732373,0.19024829416224412,0.17696487237806421,0.162607404599444
942484272,25,0.13763457164518575,0.1494010614101592,0.16579226686884005,0.18453373768006065,0.201516300227445,0.20007581501137223,0.19009855951478394,0.176800606520091,0.16224412433661864
942484272,26,0.14151163468828368,0.15346707878929258,0.16944655041698256,0.18761299352656444,0.202528139033067,0.2007639820376743,0.19080597189012657,0.17715926984312125,0.16244824167492855
942484272,27,0.1447364726363968,0.15679667537135314,0.1723949119703479,0.18986044421980736,0.2036054249852582,0.20168197006711033,0.1909274703057872,0.17698593210344535,0.1620756465335692
942484272,28,0.1482860392071916,0.16042997942163975,0.17576898082963285,0.1918932091411242,0.20436207083288202,0.20189808296328388,0.19143290371493557,0.17724466587241416,0.16227120112639445
942484272,29,0.15172152362029753,0.16331599173877806,0.17819141983216125,0.19428250241823744,0.2052495359598442,0.20255679590076076,0.1912368304096625,0.17739405505738412,0.16241405453452198
942484272,30,0.15511751326762702,0.16680566085418247,0.18162749557745766,0.19687894869850897,0.2062926459438969,0.20277988375031591,0.19126863785696235,0.17752084912812738,0.1624715693707354
942484272,31,0.15836777617452125,0.16997236420553202,0.18410819535816478,0.19891657903103524,0.2076353053388442,0.20378341363202815,0.19200763041404778,0.17788402748905574,0.16294113331213772
942484272,32,0.16153335860500379,0.17318991660348748,0.18686031084154664,0.20088608794541318,0.20904804776345717,0.2044517626990144,0.19235689916603488,0.1785680439727066,0.16325104245640637
942484272,33,0.1649435982263882,0.1768442575872447,0.18943414432421257,0.20329910170698645,0.2105704505249615,0.20584924299859855,0.19345463735152893,0.1793943988788568,0.16370298894938776
942484272,34,0.16892253489720377,0.17975962181688446,0.19278196494670652,0.20561477054809796,0.2124381215716006,0.20732060830397364,0.19437631003879943,0.18022789100477188,0.16420639521919456
942484272,35,0.17247915087187263,0.18317989819127042,0.1961009422722842,0.20820968266002382,0.2136575327629156,0.20850211198960253,0.19524531571536877,0.18065634138416548,0.16503844904148163
942484272,36,0.17581711734478983,0.18641015921152387,0.1994987785359279,0.21041824614607027,0.21533569202257602,0.20971274534580067,0.19656094684525316,0.1817033105888299,0.16566632971106057
942484272,37,0.17927176607995413,0.18929164190725983,0.20278466487715924,0.21249718255025302,0.21710755486343056,0.21103210868184333,0.19777472696350637,0.18270393213531957,0.16684425137798906
942484272,38,0.1825146642193049,0.19207134591596503,0.20544870515941105,0.21438689597382385,0.21820757352060968,0.2122620805235226,0.19881489166433902,0.1831331551015522,0.16796017716771078
942484272,39,0.1856009797632239,0.1946987811278941,0.20740265546937267,0.21664625493283568,0.2195622169086915,0.21338037751987715,0.19951011838805624,0.1840555199160203,0.16891195738807563
942484272,40,0.18850454890068233,0.19782031842304776,0.2097611827141774,0.2184325246398787,0.22087755875663379,0.2145185746777862,0.2003127369219105,0.1845147839272176,0.16965504169825626
942484272,41,0.1915346067789715,0.20072486547458349,0.21231901477468149,0.22073263189038259,0.22245233824589952,0.21542558109432494,0.20106695759906806,0.18547865160228552,0.17077793598254404
942484272,42,0.19484457922668688,0.20362648471063935,0.2151972995414997,0.22261633994007002,0.22402433300841182,0.21652406224051407,0.2025073107332395,0.1862973392541247,0.17152243763312755
942484272,43,0.1977713912936157,0.2063931449124601,0.21790644780224624,0.224959006999665,0.22569071001639718,0.21803868328719783,0.2041363259692861,0.18728952518645203,0.1727524375407726
942484272,44,0.20021193741815424,0.2091115859121924,0.2199410710593425,0.2268591908470604,0.2265318078434075,0.21926045902543248,0.20540698876559374,0.18833138052243434,0.1739265283617065
942484272,45,0.20327689326931175,0.21177659843315647,0.22242439558588153,0.22884339988206553,0.22801785864712323,0.2203352708280684,0.20630949372420182,0.18956280010108667,0.17488838345547972
942484272,46,0.2062662755051587,0.21450703761083822,0.22495632396083992,0.23073309819692125,0.22934865016316708,0.22151992616277152,0.20711507400204368,0.1905758644559449,0.17579193723835582
942484272,47,0.20942687077573272,0.2175164937976868,0.22746923039698028,0.23267143064539542,0.23075992450760568,0.22292032971464518,0.207991224815705,0.19146516542190248,0.1769070701530818
942484272,48,0.21233731362143038,0.22028999241849886,0.22986163760424563,0.23460007581501138,0.23255464998736414,0.22410443517816528,0.20897302249178668,0.1927122820318423,0.1778888678291635
942484272,49,0.21508254552768796,0.22304312172177435,0.23224923024554783,0.23674397734833125,0.23384289272949516,0.2254568241246461,0.20974454982902943,0.19353715709179806,0.17888474571026286
942484272,50,0.21812736921910542,0.22608794541319183,0.23464746019711902,0.23874905231235782,0.23514783927217592,0.22681576952236543,0.21117513267626992,0.19479150871872636,0.17992418498862775
942484272,51,0.22091156401908754,0.2286640205741129,0.2368921791612779,0.24048224293508152,0.23672865658772987,0.22832954258276472,0.2124455544158528,0.1957662519139574,0.1806255481722636
942484272,52,0.22365428354814254,0.23162214964716857,0.2392255204992127,0.2423383099084388,0.23806642561380997,0.22966116521840554,0.21367440368577592,0.19688575260978597,0.1815186329970257
942484272,53,0.22625059006966397,0.23421831862331385,0.24145650650149483,0.2442673838099189,0.23948960762155433,0.23091392850501377,0.2147710529703749,0.19841360664883345,0.18266411089018267
942484272,54,0.2287788167242299,0.23683767163676187,0.24377334119563082,0.2462162693398478,0.24065650183921597,0.23212029315137728,0.21603066296015497,0.19928818128211606,0.1838584224861708
942484272,55,0.23161485974222895,0.23928596043834863,0.24594389689158452,0.24805293266248535,0.24201530084774966,0.2333310359087463,0.21721689985526224,0.20039975187814454,0.1848094286305052
942484272,56,0.2339976172424997,0.24151819560272933,0.24819939347990902,0.25017599913354277,0.24380618433878476,0.23504007364886817,0.21853677028051555,0.20145808512942706,0.18599046896999893
942484272,57,0.2369019592195044,0.24420414189377915,0.2502626923639652,0.2521181650107072,0.2454743758562441,0.23621031350172245,0.21989013473790614,0.20287831025630793,0.1872630780894617
942484272,58,0.23973229458053388,0.2466275391493033,0.25258816762960445,0.253901858774934,0.24681054090089144,0.2375362735614755,0.22143211942171448,0.2040404172439936,0.18858984078847613
942484272,59,0.2422675113401267,0.24879531231929686,0.25480268822040325,0.2557471633620745,0.2483584122537618,0.23861811079271664,0.22262628339394255,0.20525308078796212,0.18986520347978053
942484272,60,0.24483826130907252,0.25136467020470055,0.2569939347990902,0.2577836745008845,0.24977255496588324,0.23967020470053071,0.22386909274703057,0.20633055344958304,0.19079479403588578
942484272,61,0.2473744391553462,0.2539802880970432,0.25939919710660087,0.2596664139499621,0.251252190556681,0.24104823574739928,0.2252389415727265,0.20744105693583068,0.1916379771063523
942484272,62,0.24942527330088776,0.2562914231211328,0.26132945290909537,0.2614578492993226,0.2528552911541001,0.24256523759446305,0.22637506419819514,0.208827557533811,0.19273520995866858
942484272,63,0.25202474216879067,0.2587638542907686,0.26325860139355206,0.2635113180981263,0.2544375849910346,0.24422060964896444,0.227781989722854,0.21020012756176512,0.1937314223136816
942484272,64,0.25436528620166793,0.26075033169067474,0.26509192570128887,0.26488461902956784,0.2558282789992419,0.24542148407884762,0.22870072024260804,0.21113888362395755,0.19478534874905232
942484272,65,0.2567796115938648,0.26283314865574153,0.2671021169883945,0.266647226920161,0.2572986528255672,0.24676619816877587,0.22999358488365312,0.21221204875488422,0.19581851052662275
942484272,66,0.25927010820869806,0.26500792611482527,0.2690973418797528,0.26843683231097937,0.25883359753716084,0.24803570197808256,0.23116686194775654,0.21352264111930525,0.19699267121556738
942484272,67,0.2616013940909554,0.2672762042705351,0.27123668993923483,0.27007683342197275,0.26031706516696274,0.2493125728446471,0.2322881423059079,0.21480542699693342,0.19797902074162924
942484272,68,0.2640090532042992,0.2694610444632743,0.27333541452972393,0.2719584801320073,0.2619464389243188,0.2506578067163181,0.2338893100833965,0.21615082727556528,0.19913147214913257
942484272,69,0.2663634066211777,0.271626506686005,0.2752634296953116,0.27369768489523244,0.26322642317961564,0.2518596653151817,0.2348342508048478,0.21724297062992382,0.20018459307116723
942484272,70,0.2686559081555291,0.27373009855951475,0.27723383515650385,0.27554424347449363,0.2645998050471136,0.2530921693923968,0.23577927000974763,0.2186342467237084,0.20144590057402795
942484272,71,0.2709906138880287,0.27592392871253296,0.2791647534944313,0.27716259650396696,0.26596653461329,0.25454623113968117,0.23693792779421027,0.21995429742976427,0.2025648965819176
942484272,72,0.27301301491028557,0.277746188189706,0.2810051806924438,0.27863596158706094,0.2671057619408643,0.2558282789992419,0.2383276472074804,0.22126400471737848,0.2039634403167383
942484272,73,0.2758368211700437,0.2798300912895822,0.2832417668013335,0.28088423151619635,0.268592852617695,0.25718425124887057,0.23963774964429257,0.22261052893952452,0.20511076261592945
942484272,74,0.2780771673872508,0.2818525500481528,0.28504907485195585,0.28239554945392703,0.2698963178493125,0.2586265188615454,0.24089707599942625,0.2238848021638014,0.20632440628649876
942484272,75,0.2803234773818549,0.2839676522618145,0.2868890573666919,0.2840586302754612,0.27136719737174625,0.26010614101592117,0.2423907000252717,0.22505433409148345,0.20757644680313367
942484272,76,0.28269023582458797,0.28641614460715853,0.2889000837955389,0.28598220342364633,0.27300885838553923,0.2615168987670085,0.24362056581940061,0.22619308886317385,0.20872570926938266
942484272,77,0.2847198290716107,0.2884958104821638,0.29076533777064484,0.28779673700067937,0.27440111064068606,0.2628220907220149,0.2449415633646111,0.2274794954855607,0.20985496686785543
942484272,78,0.2868626193114442,0.2902937345697012,0.2923835073190646,0.28943352578682374,0.27573822437355416,0.26422503450555,0.24603915164946247,0.22884469586516593,0.21088237009389396
942484272,79,0.28891277434957435,0.2921181178683506,0.29419103463498436,0.29125920096736113,0.27730060172167253,0.2657364132781835,0.24735847064807437,0.23007936584101885,0.21191735204076734
942484272,80,0.29112964366944655,0.29410064442759665,0.29630875663381345,0.29317664897649737,0.2790134571645186,0.2674611448066717,0.24863532979529945,0.23144901440485216,0.21302596664139503
942484272,81,0.2930718183434888,0.2962260972116923,0.2980278737165267,0.2949718735667687,0.28057638128398804,0.2687361356807907,0.24986662173925248,0.23271932533999753,0.21434588492966053
942484272,82,0.29495737717043585,0.2982349895523216,0.299561752251336,0.29656151186227553,0.28194400784038165,0.2701372066791176,0.2512204367684313,0.23387544148375525,0.2156243643558498
942484272,83,0.29696648611123794,0.30007216127588443,0.3011180430592727,0.29802150223334584,0.28329238104807397,0.2713675018497036,0.25239548032920156,0.23510874430245626,0.21691314157311586
942484272,84,0.2993023213834435,0.30202805155420775,0.30287194483555363,0.29953698689483377,0.28457706054370197,0.27266327304234805,0.2537411097873569,0.2363487851546987,0.21814866962706236
942484272,85,0.30151184052089375,0.30373723408999687,0.3047005307050796,0.30121304018195605,0.28592516612406904,0.27394193462070193,0.2551665700396914,0.23760424564063684,0.2192882308344111
942484272,86,0.30372286968633744,0.3057857432515824,0.3068348114321985,0.30299116666960524,0.2875813248232452,0.2755170407461608,0.25676164113052524,0.2389715605550364,0.22062609094275085
942484272,87,0.305573710491229,0.3075823725741375,0.30855402473137955,0.3046543445487264,0.2888464789591558,0.2767857920925815,0.257849467987765,0.24009829808371025,0.22192883846173955
942484272,88,0.3072618719415535,0.30926063133227655,0.3101781652767248,0.3061289544420704,0.29025518643600523,0.2779352470880143,0.25914087807567715,0.24119942794127783,0.22304259425184367
942484272,89,0.309482839399954,0.31133562198124215,0.31198729033741945,0.3077365385762111,0.29166631172747487,0.27945924304248193,0.26050974946972083,0.2425782214990928,0.22422502576858533
942484272,90,0.3114775503327436,0.31320444781400053,0.3134782242439558,0.30943054502569284,0.29311768174543,0.28082722601297283,0.26179344621346134,0.2441496082891079,0.22542330048016174
942484272,91,0.3134825750443643,0.31508218847111946,0.3151405077106366,0.31106649226436944,0.2944663373018187,0.2820485049446384,0.26299477626240325,0.24526156178923428,0.22659107382382593
942484272,92,0.31527507663908755,0.31682433991495534,0.3166430431486304,0.3122630780894617,0.2958845634044236,0.2828765204206085,0.26415762929755743,0.24654712067772028,0.22754392326202327
942484272,93,0.3170616384194608,0.31866761231627094,0.3182844611835293,0.3138415384740802,0.2970888666063407,0.2840331955619686,0.26547074600340764,0.24794769579430487,0.22855372675617724
942484272,94,0.31887471166099396,0.32034261932798863,0.3198344974432597,0.31504766667204365,0.29822318648879714,0.2851571951671963,0.266392979852564,0.24907247592470116,0.22945735808881648
942484272,95,0.3206855273133554,0.32197837277044017,0.3214237261082958,0.31657954590798454,0.29966481784445953,0.28647300586568775,0.2677666493755237,0.2505686125852919,0.23086868041977573
942484272,96,0.322592873388931,0.3237537907505686,0.323145691180187,0.31799658832448824,0.3011514404852161,0.2878719673995451,0.2691393416729846,0.25194275966641394,0.23202947308567096
942484272,97,0.32409744964554527,0.32548869418412885,0.32496502348702155,0.31962280077847166,0.3023572997350383,0.2892499003462479,0.2702726995615235,0.25313225420695157,0.23325230766825852
942484272,98,0.325656418746422,0.3269599727684857,0.3265422165833733,0.3211926165462394,0.30368553789976943,0.2906035803252309,0.2714177407126611,0.25446767031300765,0.23450434002258977
942484272,99,0.32748255871834336,0.3287078518314303,0.3282943154057635,0.3229259999540515,0.30489121694580373,0.2918877937831691,0.27266217903064,0.2558297148896088,0.2358038305725948
942484272,100,0.3291622441243366,0.3303904473085671,0.3299052312357847,0.32437452615617896,0.3061106899166035,0.2931463229719484,0.27371493555724036,0.25709628506444276,0.2369901440485216
942484272,101,0.330816174869951,0.33197591935084336,0.3314467155585915,0.32579436867113554,0.307249716632012,0.29428610033103386,0.2749495192127249,0.2581726330328256,0.23805538249048563
942484272,102,0.3325751832196108,0.3338276174761034,0.3331214972721461,0.3272718488456793,0.3085262156416774,0.2955373203109902,0.2763642985624879,0.25943971220027057,0.239233525100715
942484272,103,0.334285314705904,0.33548510566257167,0.3347269555488491,0.32885313233767854,0.3098920188138999,0.2968194498627233,0.27776632782999766,0.26064906482551503,0.24042191421862694
942484272,104,0.3358276958068467,0.33723829241266695,0.3362505102933458,0.33026549833790164,0.3111477226336969,0.29814617717384967,0.27891540794308045,0.26202105324546565,0.24156922493730684
942484272,105,0.33751398967471746,0.3387775731975884,0.33756814325426915,0.33160041878768187,0.31222065778547964,0.29932127513628654,0.2800173291454565,0.2633416368821979,0.24267302068666738
942484272,106,0.33906475746348724,0.3403199965668674,0.33905402892414205,0.333135451385412,0.31366672865378287,0.30077817672050006,0.28135952050581486,0.264637303846539,0.2437738710000429
942484272,107,0.3407849333607306,0.34190090198606987,0.34074596302778226,0.33453196630129023,0.3150042867366243,0.30199173828941495,0.2826270255716239,0.2659973216752992,0.24497105567089197
942484272,108,0.3423188161626373,0.3434806110128324,0.3422170274899615,0.3359693089602111,0.31630654536264846,0.30319335635863304,0.28394125740600346,0.26747957206638023,0.2461144806671721
942484272,109,0.3439393201688797,0.34494786848529957,0.3437028329774433,0.3371716131904208,0.31764055338002795,0.30444943695181925,0.28506096500685124,0.26877117082026275,0.24710129302849673
942484272,110,0.3456096216141705,0.3465228478875181,0.34518574677786196,0.33837962643876207,0.3188848301054518,0.3055724033358605,0.2861051760975946,0.269777379557516,0.24832173133916877
942484272,111,0.34723958226611756,0.34819922272537895,0.34668633758853623,0.33973321312214416,0.32012034779282694,0.3067468529940099,0.28723985547336567,0.2710352505651975,0.24963287776024698
942484272,112,0.3487693599046897,0.3496121249864616,0.3480585941730749,0.34089339867865265,0.3213338026643561,0.30801540669338245,0.2884084262969782,0.2722029676161595,0.25064984295461934
942484272,113,0.3505001777962656,0.35119458962609107,0.3494602373747878,0.3423618053365717,0.32280421611974747,0.3092648627614108,0.28969720960502393,0.2735680691325555,0.2517528028071682
942484272,114,0.3520742721093864,0.3525364776611734,0.350860566883471,0.3435650346487903,0.32395953872550975,0.31038266629424205,0.2909035287232486,0.27471968397111046,0.2527366558929545
942484272,115,0.35366054652734286,0.3540758809374691,0.35220028348221644,0.3448000791113162,0.3252760655305402,0.3115865115205854,0.2921745723044467,0.27592708573688896,0.25382206546461417
942484272,116,0.35525541815900236,0.3555854748895454,0.3536378133904996,0.34613800946380485,0.3265110716059711,0.3128088154558051,0.2934302371179838,0.27714634911505587,0.2550750307181512
942484272,117,0.35684894668973516,0.35716322259157746,0.3552354477297616,0.3474239095922189,0.32790316414273957,0.31391950648963535,0.29466767753348494,0.278357730215198,0.25617373949443695
942484272,118,0.3585664537849681,0.3587752663162899,0.3566196784929518,0.34881008982151346,0.3292170493825574,0.31522018478302766,0.29584238187635725,0.2795774919366238,0.25741766361264956
942484272,119,0.3602200546632603,0.3602423531960169,0.35811443607010657,0.3503195061193545,0.3306999827982747,0.31648307541363785,0.2972458126540988,0.28088824612483354,0.2586120119010455
942484272,120,0.36187136719737173,0.3616565579984837,0.35964430123831187,0.35167740712661105,0.3320729087692697,0.3179144553955016,0.29843315643164015,0.2821266110689917,0.25966325499115495
942484272,121,0.36338886835130546,0.3628782135226411,0.3608731884284989,0.35286875231047815,0.33321010783275584,0.3189524997023791,0.299463029216975,0.2831972631407465,0.26072845067951556
942484272,122,0.3647944916044196,0.3641388781864055,0.36220932400352973,0.353965995103096,0.3343131284256578,0.31996731254427724,0.30062827029915856,0.2842161846406244,0.26184454194061574
942484272,123,0.36631594519129423,0.3655516312555089,0.3636531740601712,0.35536283338572583,0.33567250380616015,0.3212953888447148,0.30181462921528385,0.28544351781652766,0.2630164512410855
942484272,124,0.36785565800092934,0.36701191029372204,0.36483834283059013,0.3566087456284086,0.3368632150456113,0.3223269094377461,0.30284428574922356,0.2866204847269436,0.2641480593802734
942484272,125,0.3694404852160728,0.36836694465504166,0.36611068991660345,0.35784382107657314,0.3380045489006824,0.32347839272175893,0.3039150871872631,0.28769067475360127,0.26530098559514786
942484272,126,0.3707233714815216,0.36957712071434584,0.3672846191799945,0.3590953945389123,0.33912776634535546,0.32460257289673516,0.3051102927903534,0.28883413360289784,0.26637544074996694
942484272,127,0.3722278270940166,0.3710070263203453,0.3686281064753184,0.36037203082745817,0.3403347799872249,0.3259269429835296,0.30631353984466875,0.28990287320984043,0.26744789956600384
942484272,128,0.3735725454890068,0.3724086666034875,0.36975514120545866,0.3614451051933283,0.3413896654662623,0.32696704416224415,0.3072906794920394,0.2910200672858226,0.2685065627369219
942484272,129,0.3751226851443718,0.3738649787541654,0.3711644362948205,0.36281303077854377,0.3425574930502906,0.32819378081821443,0.30847600072876447,0.29198770503846583,0.2696722323113
942484272,130,0.3767218755467429,0.3752930541785735,0.3725053945296553,0.36413949962092496,0.34394354697614743,0.32940164460255444,0.30959059893858987,0.29320872455823177,0.270933691024669
942484272,131,0.37813749717863987,0.3766588150866085,0.3737969430924422,0.36534154373252925,0.34510588058267594,0.3306547291783621,0.3108241844098872,0.2945355317757496,0.2720717175283149
942484272,132,0.3796465412272842,0.37809865141176746,0.375212511774301,0.3666517334068509,0.3462506030739541,0.33197785282698095,0.3120333356307579,0.2957101339398534,0.27314368093367336
942484272,133,0.3810673385510782,0.3794341805993376,0.3764215314632297,0.36790801872003737,0.347372411316388,0.33291910595290347,0.3130846448950275,0.29677871707319853,0.2742821800521014
942484272,134,0.3826225204530796,0.3807724078621298,0.37787276656897467,0.36925022348454845,0.34855668586559246,0.3341320312765211,0.31426736672965727,0.2979190476729318,0.2753301347696695
942484272,135,0.3840872715019796,0.38202903434139224,0.3790497851908011,0.3703675624069862,0.34976272709403866,0.33537191475023165,0.31545783842978686,0.2991688428382894,0.2763962597927723
942484272,136,0.3856057396423315,0.38327275565267804,0.3803627971279489,0.37154651473933015,0.35088971145698605,0.3365796280604736,0.3167590197565,0.30043928109530393,0.27754704990411627
942484272,137,0.3870245651704731,0.3846422029518049,0.38163450523787656,0.37258374238391173,0.3520998544573139,0.33755111979325186,0.3178226150091587,0.3015223875641246,0.2786616713612945
942484272,138,0.388345914230148,0.38591214248827066,0.38288228895408244,0.37369658612695167,0.3532127984529343,0.33867334717781367,0.3189504565382207,0.30267220445880166,0.2798755095537902
942484272,139,0.38955825483661594,0.3870683589595344,0.3838912190944742,0.37474705603220226,0.3541161005994295,0.339599434932721,0.31988753197593556,0.3037509340518488,0.2808727998647329
942484272,140,0.3910105057944331,0.38840842629697825,0.38525398028809704,0.3760072565796599,0.3553503736596989,0.34075056861258535,0.3211902956785444,0.30487652983862235,0.281937073540561
942484272,141,0.39222439092585726,0.3896192580882788,0.3865517074508412,0.3771608622478882,0.35638163448561394,0.34183429311911556,0.32243694180525756,0.30600766753235586,0.2830373321719119
942484272,142,0.3936961419769565,0.3910105820670802,0.38802603337996133,0.37833292400345975,0.35748112633343654,0.34276393768219626,0.3234871701780051,0.30709617828273655,0.2840687033497421
942484272,143,0.39482655327992705,0.3922101401252273,0.38916958704676674,0.3793587004352736,0.3583902829543466,0.3436779293488922,0.3244749943006197,0.30801836525869886,0.2850803480068075
942484272,144,0.3959386319602392,0.3934430545025693,0.39039992418498864,0.3805176480498694,0.35955795636424903,0.3448451057198214,0.32568602055429197,0.30900935051806927,0.286135856288434
942484272,145,0.3973281744268124,0.39477137852605165,0.39179367859663794,0.3817128963948655,0.36064939478706437,0.34607722673917024,0.3267653133251418,0.310240255156728,0.28714804841703484
942484272,146,0.3986623324020896,0.3959776501500722,0.39290610362769635,0.38280349372189393,0.361866087841557,0.34732881905137764,0.3278402068815105,0.31143871966101344,0.28831254478797763
942484272,147,0.3999680236006457,0.39729902575131637,0.3941245944928389,0.3839514577627867,0.36292439644546215,0.34841897335128136,0.3289236847127024,0.3125383587855157,0.2895205087341987
942484272,148,0.4014328012622174,0.39862047415117924,0.3954085814396656,0.38518123885826694,0.3640657336639141,0.34949951847222505,0.3300488699465197,0.31367436428088435,0.2906737290740323
942484272,149,0.40270746090947485,0.3998783906864566,0.39661427459281234,0.38629783596480965,0.3651408683617343,0.3504866916669635,0.3311614961507345,0.31477985661295166,0.2918343670973027
942484272,150,0.40387161991407633,0.4010386656557999,0.3978241091736164,0.38742987111448063,0.3662825372757139,0.35160980540813747,0.3322971948445792,0.3159944402324994,0.29283042709123075
942484272,151,0.4051910688912431,0.4023015629942411,0.3989426065301327,0.38876783033504203,0.36728105277427714,0.352514698572569,0.33341031987909764,0.31713770717330514,0.29389111759360137
942484272,152,0.4064607358046367,0.4036101911336339,0.40022096085551256,0.3897664698136547,0.368224033358605,0.35352489924584013,0.3344963289573441,0.3182235345756354,0.29492288815290685
942484272,153,0.40775592521567644,0.4048496831130734,0.4015594107241077,0.390913100140233,0.3693405085056515,0.3547002829436045,0.335597873215498,0.31944382504075675,0.29598576858087183
942484272,154,0.4088939869834487,0.40604846253064597,0.40269586365113275,0.39200545474237664,0.37040802260665795,0.3557200949164558,0.3366481888089166,0.32052519126059686,0.29694130736587143
942484272,155,0.4100760595759251,0.40720487172589204,0.4037247181393529,0.39300545378952784,0.3714250776492455,0.3567120741519724,0.3377069627528186,0.321665973733767,0.29810707036122186
942484272,156,0.4113085865360316,0.40834888513053785,0.4047306623121635,0.39403151182908575,0.37238049415835617,0.357868723391847,0.3387837522598705,0.3228455900935052,0.2991290993565444
942484272,157,0.4125447284422189,0.4094396932630877,0.4056537716760912,0.3950179396667038,0.37324889054147375,0.3588247224542816,0.3398371667399062,0.3239981070392065,0.30008499007644274
942484272,158,0.4138300016314622,0.4106462509956718,0.40696586405120866,0.3961910154413105,0.3742766384199768,0.3598909799330141,0.34091323499774473,0.3251288375351484,0.3011319469102984
942484272,159,0.4151205649410407,0.41200928853095303,0.4081923126439413,0.39727781195016243,0.37543927408318667,0.36099627600478734,0.3420615961205602,0.32616190081107765,0.3021037473595873
942484272,160,0.4163262888551933,0.4132652577710386,0.4093015542077331,0.39841025398028806,0.37651630022744503,0.36196455648218345,0.34308424943138743,0.3272270659590599,0.30304444655041696
942484272,161,0.4174699447633488,0.4144302807980824,0.4104652969735213,0.3995074378764261,0.3776388097514115,0.3629631896929257,0.3442590142164919,0.3284037879251645,0.30406057666498715
942484272,162,0.4186462808524976,0.41563240015350195,0.411602972697236,0.4006097960482596,0.37867960201798967,0.3641273317795936,0.3453724763429085,0.32947238368011683,0.30513670101741874
942484272,163,0.41993609213151806,0.41686628185509556,0.41272436359577114,0.4016195574821974,0.3796750652334684,0.36513765308353135,0.34640250794197125,0.33051391414763925,0.30614845788545886
942484272,164,0.4211523881728582,0.41793256162281117,0.41372575306496046,0.4026863477505132,0.3807023058858337,0.3661009818968546,0.3473876181142403,0.33156816879010337,0.30724726788587065
942484272,165,0.42242745881866434,0.41904564982654446,0.4148528499552003,0.4038252119374182,0.38176763847726697,0.3671789923495761,0.3484871459094355,0.332706136421072,0.3083051898821421
942484272,166,0.4236392118892553,0.4202937603332207,0.4160029047197128,0.4049480712843793,0.38268540424016007,0.3681526713373585,0.3495825607205167,0.3337801547356979,0.3094280077093819
942484272,167,0.42490682017314874,0.4215178437665987,0.41713010673119266,0.40601889473516956,0.38371702387491885,0.36920548591974506,0.35071479482278806,0.33492983706582286,0.31044658219572985
942484272,168,0.42593821076573163,0.422711559984115,0.41822358207877536,0.407088252283476,0.3848017978988411,0.37040371493555724,0.3516756020072927,0.3360861402938734,0.3114124156106719
942484272,169,0.4270874923175617,0.42386423281040414,0.41926822812692055,0.40816962823727854,0.3858468177882653,0.3715092570577495,0.3527147605995218,0.3371547388868203,0.31251037409549104
942484272,170,0.4282366320296124,0.4250078044864648,0.42038754849930876,0.4092628105070686,0.38696650760379964,0.3726553092806493,0.3538531864603309,0.3382642822102305,0.31350176158408777
942484272,171,0.4295319420613703,0.4262510585283021,0.4215780163068778,0.4103786760304855,0.3879356592137407,0.373783523757587,0.35476326651858353,0.3392921272096085,0.31455027510651784
942484272,172,0.4306270606696405,0.42734100886859316,0.42264885307756045,0.411336107339951,0.38889354161891493,0.37482588994481375,0.3558258546820177,0.3403102244476965,0.31556455736375333
942484272,173,0.4318125046562687,0.42847971181530947,0.42370731023239716,0.4123723086766556,0.3899104681686512,0.37593947069727895,0.3567928935478358,0.3413779049639112,0.316477275217256
942484272,174,0.4329167864892421,0.42966632680627076,0.42486470941936155,0.4133464920307095,0.39097670649133365,0.37694657220290534,0.3577074237710561,0.3423875628523873,0.3174884316749889
942484272,175,0.43403660781977693,0.43074623632622105,0.4258399220188454,0.4144221813061843,0.391985270226362,0.3777623740929275,0.3586136683634788,0.34334019278674316,0.3184208816202751
942484272,176,0.435160934592322,0.4318612585291888,0.4269289751188918,0.4155524157419532,0.3929543731477015,0.3788187504307671,0.35959792197946105,0.3443918429940037,0.31936427389895927
942484272,177,0.43625756543863486,0.43288872326664185,0.4280142892021433,0.4165113958100427,0.39385255907788386,0.3797132736236577,0.3604618290692744,0.3453609351374736,0.320226331367283
942484272,178,0.43740576364457234,0.43391103236193573,0.4288978712167031,0.4175447862272235,0.3948492644240189,0.380627560886269,0.3614225110953991,0.3464490463493794,0.32113194367540954
942484272,179,0.43846912973684987,0.43500874625689856,0.4299515885150846,0.41857510133375114,0.3957861254293713,0.38161845989640025,0.3624677574427893,0.3475101757298783,0.3221100291824262
942484272,180,0.4395438463482436,0.43600370651166714,0.4309683261730268,0.4196824193412518,0.3967294246483025,0.38256675932945833,0.3634571645185747,0.3485847864543846,0.32305618734731695
942484272,181,0.44063810269792536,0.4370944839343383,0.43213090446051966,0.4207314263693825,0.39772303645403556,0.3835150520023959,0.36448171434076543,0.3496915041111842,0.32411126795370676
942484272,182,0.44169950595272817,0.4381024585725117,0.43318489698322904,0.42185638470702913,0.3988640245274059,0.3845737280157295,0.3655554074432012,0.35078814286547416,0.32509643502820157
942484272,183,0.44272859468797776,0.439254775724282,0.4342729423267337,0.4228571902045348,0.39974604042638695,0.38550068979231655,0.3664972221876981,0.3518458676675906,0.3261226214593768
942484272,184,0.4436682104361011,0.4401926690180308,0.4353161980419949,0.42369878366351327,0.4007029370076145,0.38641139532583973,0.3675112074364637,0.35291269736625247,0.32709232949863204
942484272,185,0.44477388685121816,0.4412392680777822,0.43635227342581406,0.4248591275126529,0.4017724320226216,0.3874249533840133,0.3685531627154069,0.35393315984673074,0.32810687867549126
942484272,186,0.4458024570585406,0.4423051839533045,0.43746891992141324,0.4259621577115279,0.40272648715628495,0.38849283018252667,0.36960429455354743,0.354903926891503,0.3290351113176323
942484272,187,0.44681799937564104,0.4433292925689126,0.4384601038706199,0.4269459524108768,0.40368858274580083,0.38943171175700275,0.3706604014546752,0.35594945125338023,0.33002639335422634
942484272,188,0.44793565402545454,0.4445118803735906,0.43960608455793393,0.4279838046231026,0.40477755553046313,0.390529979191199,0.37163470069201365,0.3570947526333618,0.3309325246398787
942484272,189,0.44892715741843875,0.4455816696150282,0.4406175914894641,0.4289685548214737,0.405852999105463,0.3915664825444962,0.3726588605284587,0.35818581497125845,0.3318671753091768
942484272,190,0.4499341606480189,0.4465903196201269,0.4416284266390008,0.42989306093132756,0.4068891903754838,0.392576114281154,0.37364231275687326,0.35924145085990183,0.332782011890986
942484272,191,0.4509961139844957,0.4475983312758754,0.44268226365364843,0.43080391697660836,0.4078609449487752,0.39353349554834893,0.37458966613609385,0.360335650123646,0.3336932230906327
942484272,192,0.4519265700025272,0.44851686884003034,0.4437428923426838,0.4318355919888804,0.4088008592367955,0.3944769553955017,0.37544620293151376,0.36136909274703055,0.3346364038412939
942484272,193,0.4530300470995848,0.4495437350481406,0.44479056594138283,0.432821221918002,0.40977620822808924,0.3955304497440752,0.37640581850750493,0.3623407590143263,0.3355639183397691
942484272,194,0.45405766630452626,0.4505072571379442,0.4457375550049632,0.433820138655495,0.41073954808000435,0.39647929155952266,0.37734772515885984,0.36334734999179324,0.33645060691089
942484272,195,0.4550436422309053,0.4514725607978071,0.4466864952081024,0.43473299508174407,0.4117746544585058,0.39744367333449976,0.3783363464940417,0.3643513928578372,0.3374253999727843
942484272,196,0.4560311615169192,0.45255372808714084,0.4477727406352988,0.43579899738515576,0.41278952824495985,0.3983750058021692,0.37945993408735745,0.3654496294347913,0.3383612353205118
942484272,197,0.4569490038215384,0.4535315555931851,0.44871133723055845,0.4366848443098332,0.4137440685336915,0.3991987469356496,0.3803796908132988,0.36634621675396295,0.33933952425118247
942484272,198,0.4579360703318246,0.4545607707093681,0.449625136888215,0.43766129835121487,0.4146162152227353,0.4001692436112451,0.38126909734187975,0.3671877991438265,0.340166256959282
942484272,199,0.4589551243709069,0.45555678315763803,0.450520228130798,0.43859174568825926,0.41550245541582065,0.4011566551483726,0.3822200464033587,0.36808188021228205,0.3411332629790346
942484272,200,0.4598805913570887,0.45651440485216066,0.45142342683851405,0.4394825625473844,0.4164897649734647,0.4020583775587567,0.38310462471569373,0.3691906747536012,0.34206406368460957
929893138,1,0.008718726307808946,0.015163002274450341,0.019711902956785442,0.05724033358605004,0.15883244882486733,0.255117513267627,0.41584533737680063,0.4965883244882487,0.5348749052312358
929893138,2,0.018953752843062926,0.024450341167551175,0.03677028051554208,0.07789992418498863,0.19029567854435178,0.2714177407126611,0.3553828658074299,0.3889310083396513,0.39423805913570886
929893138,3,0.026408895628001007,0.0365175638109679,0.05420773313115997,0.089461713419257,0.19294920394238058,0.25903462218852663,0.3180439727065959,0.32928986606014654,0.3294162244124337
929893138,4,0.03335860500379075,0.04378316906747536,0.06122062168309325,0.09818043972706596,0.19275966641394995,0.24384003032600454,0.28515921152388174,0.2881918119787718,0.28828658074298713
929893138,5,0.041015921152388175,0.05178165276724792,0.07058377558756633,0.1087945413191812,0.18893100833965124,0.2330553449583017,0.2606520090978014,0.25974222896133436,0.25678544351781657
929893138,6,0.04814253222137983,0.05875663381349507,0.07821582006570633,0.11485974222896134,0.18764215314632296,0.22460197119029568,0.2438084407379328,0.2415339903967652,0.2347738185494061
929893138,7,0.05388281165385031,0.06536337051879128,0.0861583450666089,0.12162893967291234,0.1874255388281165,0.21975522582042667,0.23367269576519004,0.22793241633271957,0.21807646485432686
929893138,8,0.05960955269143291,0.07259287338893101,0.0916887793783169,0.12523692191053828,0.18546247156937073,0.21394048521607278,0.22289613343442002,0.2166887793783169,0.20588514025777105
929893138,9,0.06456911801870104,0.07813158116418163,0.09641142279504676,0.13073877516637183,0.18540982225591776,0.20933367028893946,0.2156094684525314,0.20756465335692023,0.1967399545109932
929893138,10,0.07001516300227446,0.08517816527672478,0.10166793025018954,0.13498862774829418,0.18567096285064447,0.20561031084154666,0.20978013646702046,0.20053070507960577,0.18953752843062927
929893138,11,0.07509132262733474,0.09135708870356331,0.10665793645323593,0.1388793162864429,0.18609139155007234,0.20332207595285684,0.20449376249224616,0.1954993452339927,0.18436832310979392
929893138,12,0.07932145564821835,0.09637983320697498,0.11198508971443014,0.14259540055597675,0.18622062168309325,0.20097295931261058,0.19961460702552436,0.19042203689663886,0.1787338893100834
929893138,13,0.08552516475185164,0.10191287105616144,0.11722167142940455,0.1470228028226512,0.18805038782294278,0.19988919344491746,0.19717734880737156,0.18781711086487432,0.1750160377908672
929893138,14,0.09122170475468427,0.1068179356655475,0.12179140041156718,0.15095310300010828,0.18821076573161483,0.19820210115888656,0.19557565255063356,0.18498862774829414,0.1712877721217372
929893138,15,0.09610816274955773,0.11172605509224161,0.12741976244629769,0.15521859994945664,0.18898155168056607,0.19701794288602478,0.19378316906747534,0.18392721758908262,0.16891584533737677
929893138,16,0.10069181197877179,0.11708680818802122,0.13134950720242608,0.15854814253222138,0.1892295299469295,0.19546057619408644,0.192475360121304,0.18197971948445793,0.16676933282789994
929893138,17,0.10518217901262097,0.12174998885073363,0.13586496008562637,0.16170895955046158,0.19045176827364757,0.19511216161976544,0.191655889042501,0.18037283146768943,0.16465236587432547
929893138,18,0.10925785527756718,0.1257686799764131,0.13949962092494314,0.16481341083312276,0.19153820234184146,0.19528683345969172,0.19054839524892597,0.17923932271923176,0.16359194676101424
929893138,19,0.11356290650812018,0.1292845457084713,0.14325046885599135,0.16824947129005227,0.19296915526116276,0.1961813175850924,0.19029567854435178,0.1784445951877419,0.16286261521886594
929893138,20,0.11783548142532223,0.1329795299469295,0.14797194844579228,0.17156937073540562,0.19393479909021988,0.19702426080363913,0.18949962092494313,0.17793783169067476,0.16275587566338137
929893138,21,0.12189970757067041,0.13735152893606267,0.1516300227445034,0.17435647496299506,0.19511534712444492,0.19715513195422216,0.18937506769197443,0.17785840644066572,0.16256904581392828
929893138,22,0.12604245640636846,0.14127438141842993,0.15535185057550482,0.17628713212488797,0.1960162657660762,0.1970328761458405,0.18886553173892065,0.1771831277138328,0.16145151285409054
929893138,23,0.12957774334970498,0.1446748195273099,0.15903022711540363,0.17941787256485478,0.1969542143257408,0.19779477206052015,0.18905956422849984,0.1774730527079144,0.16120578831130303
929893138,24,0.133434420015163,0.14820255243871622,0.16197561283800857,0.18208238564569118,0.19798774323982818,0.19835102350265352,0.1889215314632297,0.17742292140510488,0.16102792519585546
929893138,25,0.1369825625473844,0.1520394238059136,0.16576194086429114,0.18432145564821836,0.19968157695223654,0.19887793783169067,0.1890674753601213,0.17792266868840032,0.16092494313874148
929893138,26,0.1405639470461305,0.15593106665889078,0.16931533212806907,0.18688400303260044,0.2012596955735697,0.19934974047938417,0.18914387356388873,0.1778882603370852,0.16113605878579343
929893138,27,0.14423103922724848,0.15932384241709488,0.17197371746272427,0.1888214977676691,0.20262263780080306,0.2000393114873782,0.18911633392300564,0.17810911745710836,0.16103670008143095
929893138,28,0.14737896674970216,0.16297519766056534,0.1749566771363587,0.19128398137116862,0.20405068775046029,0.2007202426080364,0.18949691324596554,0.17862558215098015,0.1612964366944655
929893138,29,0.15045358291286504,0.16577344383153383,0.17789077409740922,0.1934459229824057,0.20471360225876448,0.20189014666283236,0.18972053018221746,0.17887114062377454,0.16135525868604741
929893138,30,0.15381602223907,0.16876421531463232,0.18102097548647963,0.19552691432903713,0.2060020217336366,0.20221127116502402,0.18997978266363408,0.17901187768511498,0.16148597422289612
929893138,31,0.15760962606079873,0.17233241214018438,0.18401036953703928,0.19820734182787547,0.20732959964782702,0.20336765389224487,0.1904301890483993,0.17985277213920617,0.16212184206021177
929893138,32,0.1609647460197119,0.1756775966641395,0.18655231235784686,0.2002345526914329,0.20847943517816528,0.20390684230477635,0.19094721379833207,0.18002511372251706,0.1623625852918878
929893138,33,0.16448411330898063,0.17884301697796767,0.18920440186550877,0.20293151377306037,0.2101224527304891,0.20484986330323707,0.19186941438647276,0.18088772486043145,0.16333540101546168
929893138,34,0.1680640413860768,0.18224590821923917,0.19229139722606253,0.20520224769210182,0.21202559871560447,0.20603844267047228,0.1928711590777327,0.18172189269946037,0.164674664407082
929893138,35,0.1714718942922127,0.18563847070291345,0.19542943788584424,0.20762482400086643,0.21357088703563304,0.20711578035308137,0.19358821618108954,0.18232427163435502,0.1655041698256255
929893138,36,0.1747220116249684,0.1892742818633645,0.1981614859742229,0.20996546205037486,0.2149566169657148,0.20833333333333331,0.19508676606857048,0.18331437958049027,0.16603487490523122
929893138,37,0.1780628240067209,0.19241644980841344,0.20119664774706478,0.21217957912423419,0.21617523512898795,0.20979243079318896,0.19666823760834376,0.18420998709095754,0.16690572300883144
929893138,38,0.18094848569490443,0.19502414109572644,0.20361318383145122,0.21402777223574476,0.21777862016679303,0.21123458760624075,0.19728861577750284,0.18511831132037826,0.16749132117632975
929893138,39,0.18387084232421608,0.19764390272350849,0.20609047258023755,0.21641297797476716,0.21942613868315156,0.21222371260278763,0.19845065220349528,0.1859314554538209,0.16819268676736454
929893138,40,0.1868366186504928,0.20087187263078088,0.20880401819560274,0.21826194086429115,0.2205742987111448,0.21317285822592874,0.19923237300985597,0.18665655799848369,0.16890636846095528
929893138,41,0.19008302668318572,0.20397936352373378,0.21137594999907547,0.22016864217163776,0.2222211949185451,0.2144547791194364,0.20045673921485238,0.18774385621035894,0.16990883707169144
929893138,42,0.19367125166973537,0.20686667388714391,0.21389761363226112,0.22258023755370232,0.22381674428679732,0.21584714249611897,0.20119859922740896,0.18880645510668254,0.17098992743420338
929893138,43,0.19663416612303192,0.2096196907452792,0.21628435918683991,0.22435953946788442,0.22569071001639718,0.21726290177548177,0.20260239434384752,0.1897843680025389,0.17214415430999522
929893138,44,0.1993848645668206,0.2118598800744365,0.21827831001447376,0.22629057826176857,0.2269022675580674,0.21840754014749464,0.20352884416569025,0.1909332138672548,0.17287545661313666
929893138,45,0.20245977592452194,0.21469126442591185,0.22083228034706423,0.22849802038581418,0.22848959649566167,0.21961081627495574,0.20486900850812906,0.1921489343778957,0.17387751663718304
929893138,46,0.20528562481458282,0.21692158090780236,0.2231928008702245,0.2304693938095395,0.2299090219863533,0.2209842766259024,0.20606025645251677,0.19313874147081123,0.1746959158783004
929893138,47,0.20807187908312227,0.21979900956559612,0.22564644395334954,0.23267143064539542,0.23142128950042742,0.22237994612294937,0.2068781959253464,0.1942396722210572,0.17597148065104123
929893138,48,0.2110737300985595,0.2228171594642406,0.22824267121556738,0.234789613343442,0.23263362395754358,0.22341736163760426,0.2081753853929745,0.19561852413444528,0.17702805155420773
929893138,49,0.21381380452105025,0.2251241664216862,0.23044668966904427,0.23672850489703084,0.2341136606272531,0.224513004595318,0.20911017932571055,0.19616747381287616,0.1779331899552846
929893138,50,0.21664139499620924,0.2276042456406369,0.23292645943896892,0.2386656557998484,0.23579226686884003,0.2259135708870356,0.210303260045489,0.19695981804397272,0.17887793783169068
929893138,51,0.21973717462724285,0.23022491786707103,0.23519749067178047,0.24025925760751612,0.23729355275089567,0.2272740786989549,0.2112637321797559,0.19804070225512496,0.18012011476311524
929893138,52,0.2224004198985245,0.23270105557823523,0.23725724616551003,0.24203213390097392,0.23850381991018837,0.22853851985770104,0.21227474193736512,0.19894150580276435,0.18094273050679419
929893138,53,0.22537800220292678,0.23550574334472943,0.2395754359363154,0.24395267998912845,0.24006894874619136,0.2300556453574034,0.21341210465332514,0.2003662008096471,0.18226357875463112
929893138,54,0.22820318423047764,0.2381293347934743,0.24197624462977,0.24575997528992222,0.2415199505798444,0.2310392272484767,0.2146898604442198,0.201534551989442,0.18356358633083425
929893138,55,0.23091874009235647,0.2409538906885381,0.24439313529533394,0.24794265628230752,0.24271142049762215,0.23218002619064027,0.21590736784065062,0.20254324901785098,0.184554414501344
929893138,56,0.23346961984187153,0.24326464854326874,0.2466695548575761,0.24976307808946172,0.24427325896241742,0.2335914653958627,0.21736569912271198,0.20375284306292646,0.18578739304668038
929893138,57,0.2361704108641581,0.24562733596690745,0.24885279917002515,0.2518255456685687,0.24591330486945187,0.23525930063977227,0.2185533963795007,0.20479363685939644,0.1868441003950361
929893138,58,0.23879114271522311,0.2482876264672819,0.25126794070743247,0.25392800188230374,0.24771901388199002,0.23651015659721314,0.21992889074795433,0.2062102951556822,0.18826305194635434
929893138,59,0.24133588620038296,0.2504272625640893,0.2531835879775382,0.2559334883900233,0.24889811233471681,0.23791136068670415,0.22119993317999,0.20739903110985466,0.18928052839207923
929893138,60,0.2438337124083902,0.2526598433156432,0.25514910285569875,0.25746146070255244,0.25006317917614357,0.23914581753853933,0.2225486479656305,0.20849759919130653,0.1900998230983068
929893138,61,0.24649200213773476,0.25523558582632144,0.2573671062280168,0.2594364831777675,0.25128947662784773,0.24021551349134343,0.22377857045203148,0.20969064989622038,0.19116568687157434
929893138,62,0.2490033994472841,0.25766098461688963,0.259379050600406,0.26126831177089194,0.25287363349556113,0.2415930934970285,0.22523783902761133,0.21074127515957836,0.19255790065787864
929893138,63,0.25142303572932834,0.2599492159765094,0.261423396753192,0.2631262259768704,0.25456996040771623,0.2430653332851968,0.2265605256507455,0.21230610009988327,0.1936832857985246
929893138,64,0.2539625189537528,0.26217186315390445,0.2634690106141016,0.26471877369219105,0.2559645090978014,0.2441065674753601,0.22746872630780895,0.21315271986353299,0.1945365807429871
929893138,65,0.25641220038490703,0.26434944888318657,0.26546334635796354,0.26653058844112676,0.25744445092435997,0.24521490639762056,0.22847728465620806,0.2141482475068525,0.19563188896016798
929893138,66,0.25883934109862844,0.26666781537896017,0.2673340685092012,0.2681956027293404,0.25894272520504513,0.24649642750476716,0.22981712500287177,0.21534909366600039,0.19700415833850254
929893138,67,0.2612279768707637,0.26877553098797147,0.2694035508582938,0.2699070983218856,0.2604811424303803,0.24774535208717594,0.23122446901202853,0.2166555395878832,0.19797902074162918
929893138,68,0.26355193328279,0.2707710832627213,0.2715236587432547,0.27175779333719846,0.26218614815145164,0.24903001382509032,0.23281340587789323,0.21781764259911696,0.19900325558578247
929893138,69,0.2659238993088747,0.27276922569799256,0.2733515728867939,0.2734504620320621,0.26327037391084596,0.2503378712463329,0.2341749898363934,0.21929217347353616,0.2002010745953786
929893138,70,0.26816311058160947,0.27461821726416114,0.27522473735513914,0.2751272609119463,0.2647839272175891,0.25151630022744503,0.23533521065742444,0.22037799198527025,0.20122387089786634
929893138,71,0.2704727226131619,0.2765752971200974,0.27710920565088787,0.27678352144710566,0.2663936614379224,0.2529178101207701,0.23667097352881503,0.2216841610695256,0.2025862529231492
929893138,72,0.2725970853340073,0.27859384213629856,0.27896238733046924,0.27843589419593967,0.26763225507539384,0.2540961165866397,0.2380486058461798,0.2231225254822677,0.2039476455227024
929893138,73,0.2751461775732965,0.28094654522417356,0.2810504014041355,0.28048957803234076,0.2694081236303967,0.25542908180751295,0.23945080852036102,0.2244539761338498,0.20503806328995608
929893138,74,0.2772626682785895,0.2831127184804213,0.2829283035878942,0.2820523328483905,0.2707774112247198,0.2568592094748274,0.2407177837428027,0.22558039464787,0.20626293465565643
929893138,75,0.27927723022491785,0.2850189537528431,0.2846702047005307,0.2836896638867829,0.2722415971695729,0.2582613090725297,0.24201667930250187,0.22681829668941117,0.20731867576446802
929893138,76,0.28158293763217745,0.2871543434020989,0.2866106699652847,0.2853687003710945,0.2733979091017916,0.25977614620326406,0.2432913690594948,0.22787897530026732,0.20852120825186543
929893138,77,0.2835727577956539,0.28899796185618776,0.2884465799552987,0.286846587832183,0.27491310812008307,0.2612860982838238,0.24470033378297215,0.22937979382255352,0.20985496686785543
929893138,78,0.28582259287338896,0.2908088878521024,0.2903471938725919,0.28835461985575706,0.2765498337901674,0.262412278143893,0.24614607025524388,0.23068661184658154,0.21091152971365257
929893138,79,0.2879386954059942,0.2926171533862439,0.29200295582575986,0.29018435523651404,0.27814992178577946,0.2638746269229662,0.24769435993896413,0.2320467174019443,0.21199412673582788
929893138,80,0.2903193707354056,0.2948398407884761,0.2938637225170584,0.2921484078847612,0.27978108415466263,0.2653004169825625,0.24914234268385144,0.23324014404852159,0.2131775966641395
929893138,81,0.2925102256666573,0.29675493031570865,0.2956364249010193,0.29365213077621466,0.2813672909705257,0.2665740038749895,0.2505358530124767,0.23445558269920158,0.21451436273270996
929893138,82,0.2947724625085523,0.29854009874442944,0.2975739196360879,0.29494813143734167,0.28281310675123433,0.2679783280016273,0.2518214094195529,0.23559977070581925,0.21585550768320422
929893138,83,0.29672442613516997,0.3004512363327457,0.2993505485170401,0.29663764991733427,0.28408250134731494,0.2692848726216465,0.25289786895877675,0.23692191053828657,0.2170775596700677
929893138,84,0.2988239647640709,0.3022807682587819,0.30128795263366914,0.2982959673634427,0.28533972345572045,0.27072276977508214,0.25407054406296253,0.2381313404816058,0.21827502797934945
929893138,85,0.30098113544128796,0.3041341479730634,0.3030682781073005,0.3000758150113722,0.2867457521295099,0.2721758908263836,0.2551844088658966,0.23946394327253265,0.21950229674887392
929893138,86,0.30308813935856976,0.3064160657298517,0.30508048733184057,0.30200821623146495,0.2884320397764339,0.27369219105382864,0.25643986811714303,0.24095068497981204,0.2208861540631557
929893138,87,0.3053209937866548,0.30814009219802535,0.3068547227523463,0.3034169041332253,0.2896438437339329,0.2748555593317822,0.2578233248803953,0.24210260298205713,0.2221859123508754
929893138,88,0.3071154111241298,0.3099541663794886,0.3086144806671721,0.3049141911916741,0.29096595216762006,0.27614756358122544,0.25899872492935416,0.243124956923289,0.22324936246467708
929893138,89,0.3094572837781431,0.31203414231073934,0.31044117521786163,0.30656523924321283,0.2924372396521028,0.277534052866063,0.26043734187459,0.2443585964852501,0.2246765084205774
929893138,90,0.31155757728919214,0.31387414708112205,0.31202510319265436,0.3083691348664814,0.2937452615617892,0.2789023671131329,0.2618355656642237,0.24562800101086682,0.22596664139499623
929893138,91,0.3135242316440194,0.31551541710753234,0.3139574602804322,0.31010005915237154,0.2950411983770589,0.28017395796015965,0.26308225512167893,0.24708612085412693,0.22703263378016977
929893138,92,0.3152668358769819,0.3173023041170847,0.3155841052180506,0.3114637241652108,0.2962636384612849,0.2814714704815901,0.2642812407291426,0.24823647690938458,0.22826911032732305
929893138,93,0.3170860948747422,0.3192382629395029,0.3174040287934,0.31289996494574746,0.2975657674843275,0.2826024929280083,0.2655400392933715,0.2493620941247442,0.22962981078855763
929893138,94,0.3189714967818947,0.3209394609068766,0.3189956930621199,0.3144669559466391,0.2990216637362283,0.28387882502863226,0.2668043166163922,0.2503831077702321,0.2309494620360363
929893138,95,0.320801244962292,0.3226966202465983,0.32069350784086825,0.31584932764055706,0.30036311400183546,0.2851721798810901,0.268053948365987,0.25186943856988947,0.2322612824707713
929893138,96,0.3226955395501643,0.3244764025777104,0.32241913065453626,0.317349001769017,0.3017516426585797,0.28662022997220116,0.2692617513267627,0.25314711271165025,0.2335062863280263
929893138,97,0.3242420452857913,0.32594202105625164,0.3241443455288683,0.3188060308105953,0.3029395902862994,0.28780003595351056,0.27052281093924635,0.25441407501778135,0.23473343598321125
929893138,98,0.32589624174157916,0.32754405780507806,0.325857560613328,0.3204305983196918,0.3043237765159134,0.2890718076464855,0.2718316287849484,0.2556203679348919,0.23593554176788226
929893138,99,0.3276969850131336,0.3293166693469953,0.3275936009067169,0.3220108591602147,0.3056799993873534,0.29037915163768085,0.27302976696456605,0.25709329841247963,0.2372665242263423
929893138,100,0.3292608036391206,0.3310386656557998,0.32892721758908267,0.32345716451857465,0.3070507960576194,0.29158453373768006,0.2742001516300227,0.2583358605003791,0.23848369977255493
929893138,101,0.33107890015688457,0.33270404371748774,0.3304558659050136,0.32490860913233094,0.3081955276649727,0.2927022421726631,0.2754674633498224,0.25952379165134104,0.23951913766054392
929893138,102,0.33268295946126747,0.3343962300613953,0.33215522751936255,0.32623868349462604,0.30972290356627863,0.2941399455915801,0.2768660155495101,0.26086310187456324,0.24068664615201654
929893138,103,0.3343810035552088,0.33609604216197914,0.3337443046732962,0.32773430886888416,0.31095195683696825,0.29545772393030906,0.27816380458864837,0.2620144710982871,0.24203390329537672
929893138,104,0.3359953636204584,0.3376574619466962,0.3352882428413133,0.32901527964075344,0.3123870064734356,0.29678660990260686,0.2794257012888552,0.2632311774654459,0.2433188021228203
929893138,105,0.3375392613451749,0.33912415610671864,0.33672334741326404,0.33030073287844325,0.3135095129788079,0.2979421639770389,0.2806274594750713,0.2644933030073288,0.24442398642550273
929893138,106,0.3391720428569385,0.34075986668001773,0.33836382622627204,0.33167637003447437,0.3148361394424021,0.29947287110017595,0.2818101191583103,0.26574591957886906,0.2454224898794112
929893138,107,0.3409443574500648,0.3423189473758795,0.33987090191521474,0.33297669574089683,0.31606002848377057,0.3006490331814671,0.28318678126306385,0.2670884909978531,0.2465404972614484
929893138,108,0.34248378401145646,0.34390531547468617,0.34136059865779356,0.3343898295566226,0.31748588998399463,0.30189818324769047,0.2845519894420577,0.2683009013562463,0.2476904501165305
929893138,109,0.343914975899173,0.34538954309283515,0.34285426129052454,0.33574225678335684,0.31857259113451253,0.3030931133538753,0.28562783871573544,0.26944585486641953,0.24869410381787704
929893138,110,0.345426976359501,0.3469398304500655,0.3443242125577228,0.33712867875112,0.3198428561582466,0.3042284099524433,0.2869529257702116,0.270563098766283,0.24988627748294165
929893138,111,0.347157620091661,0.3486261090506731,0.34586671584397133,0.33844913905565915,0.3211414598829307,0.3054935147429461,0.2882302317480483,0.2718446270379553,0.25099891400118846
929893138,112,0.34880659049063145,0.349970892450991,0.34731736705296223,0.33984078847611826,0.32237964366944655,0.306688643994368,0.2893188833531896,0.273086347882595,0.25207475901657095
929893138,113,0.3504934685032238,0.351519990338618,0.34884969170798474,0.34124470804511325,0.32383073795514167,0.30814776546995243,0.29080759760344055,0.2745073701584064,0.2532925855602595
929893138,114,0.3520908982083716,0.353071838048495,0.3502720029793969,0.34263064788582526,0.32496042988441537,0.30938177513533643,0.2920174773552532,0.2756041924371201,0.25433276139552824
929893138,115,0.3537396578435574,0.35459669710254804,0.3518047269011438,0.3440254474733824,0.3262682532880641,0.31070310182285654,0.29326894551208094,0.2769126808847282,0.2555625144213337
929893138,116,0.35533057959269043,0.3562325167969465,0.35324566677995345,0.34538312723850356,0.3275502601239183,0.3119493608010248,0.29446288985908864,0.2780809652035241,0.2567057070403388
929893138,117,0.35698826487302604,0.3576978156204843,0.3546295756303338,0.3468828366478101,0.3288427518905153,0.3131581164181619,0.2956364249010193,0.27920335918819617,0.257894157060192
929893138,118,0.3586114287917143,0.359263566389535,0.3561635034245255,0.34817080222562036,0.33019364952904745,0.3144973721746058,0.29688644453296664,0.2803838295575744,0.2590913763637065
929893138,119,0.3601690865883882,0.36091130917871317,0.3576366103681806,0.3496218805945426,0.33149635896815133,0.3158332324590185,0.2981727945158351,0.28162728321047903,0.26033536993265843
929893138,120,0.36171973717462724,0.36227571392469043,0.35918941117007835,0.3510803639120546,0.3327773565832702,0.3171152388172858,0.29949456659085166,0.2828247409653778,0.26142595400555974
929893138,121,0.36323849146924475,0.363470322495755,0.36046278485454164,0.35240195740574815,0.33403404783237994,0.31842931346687636,0.30060965294268766,0.2839898746232746,0.2623575335685061
929893138,122,0.3646422401471557,0.36492810002610027,0.36173081942355734,0.35357449135584584,0.3351862439254775,0.3195229868628743,0.30170024484520064,0.28516076511018035,0.263531736660908
929893138,123,0.3662142421272582,0.3663960748781104,0.36317239593927403,0.3549745125957704,0.3364183262757571,0.3207437267700956,0.3030042468734012,0.28642048361347905,0.26463753644359794
929893138,124,0.36775171806598345,0.36775783217980385,0.36456320770867473,0.3561929858886253,0.33753882462275914,0.32202120374672893,0.3042811024970041,0.2876812834747732,0.2657652424857541
929893138,125,0.36930705079605763,0.3690674753601213,0.36587717968157696,0.3574465504169826,0.3386231993934799,0.3231781652767248,0.305434420015163,0.28883699772554966,0.26679605761940867
929893138,126,0.37065718377318074,0.3704676462447501,0.366923595316317,0.3585959781941586,0.3397384983814097,0.3243077367413986,0.3064972261333141,0.28995330758029775,0.2677984764792953
929893138,127,0.3721561908627987,0.37202485777223254,0.36837737966605577,0.3599153498534442,0.340886975936196,0.3256015951000818,0.3076179162214276,0.29102218932261975,0.2688865938762962
929893138,128,0.373516276535254,0.37346296910538285,0.3697018337755876,0.36104826099317666,0.34212116186504926,0.32676269901440486,0.30880697971948445,0.29208325435936316,0.2699340172479151
929893138,129,0.37510505374637826,0.3749258012001105,0.37102926224353666,0.36239575435936316,0.3434214315519744,0.32819965795087896,0.3099923009562095,0.2932365957296754,0.2711297612120998
929893138,130,0.37652650609436056,0.3762903131743162,0.3725024785676795,0.3637516766781361,0.3445733947629323,0.32955035866332305,0.31136058785793436,0.29448883186563246,0.27222254621799735
929893138,131,0.3777294850945373,0.37771501658091666,0.3737853682815457,0.3649971931083576,0.3457338140738126,0.3308138828281893,0.31257776826071104,0.29573352470354014,0.2734288641059327
929893138,132,0.37931628644289744,0.3791870563098766,0.3751493325981574,0.3662152227353137,0.34689101017759094,0.33200944241505276,0.31379948078204334,0.2967870517150275,0.27458244308130586
929893138,133,0.38065406123344747,0.3804630986108181,0.37648993598476854,0.36740068518529073,0.34795955012626334,0.33313857045950734,0.3148289601942688,0.2978475377222434,0.2756388697292891
929893138,134,0.38211614407115296,0.3818898306043701,0.37784164846729207,0.3686957554909305,0.3491535876342322,0.3341942674798864,0.3159930069138764,0.2989374582734546,0.2767134758353796
929893138,135,0.38350602308145904,0.3831437958049027,0.37912560020217334,0.36990986437536855,0.35044787015977313,0.335360682896695,0.3172717827759526,0.30008985482829303,0.27781989722854017
929893138,136,0.38500646657449944,0.3845214734870446,0.3804631405253534,0.3711339918833341,0.3515335815903314,0.33661586317620296,0.3184286223966463,0.3013256477723766,0.27891840966864384
929893138,137,0.3864905397254058,0.3858070978345683,0.3816317382666585,0.37222126915435827,0.35247062860052125,0.3375898573903034,0.31960731144474636,0.30229160556271895,0.2799538469200843
929893138,138,0.3878954192350375,0.3870109107690279,0.3827971344123237,0.37339442484974344,0.3536385711617277,0.33877498324378374,0.32079913417059475,0.3034221138104185,0.28106217929700805
929893138,139,0.38920645136657916,0.38821649276484804,0.3839703066962654,0.37455888208311294,0.3546369879077784,0.3398312434207297,0.32176108999078223,0.30451999280030106,0.28210820274788506
929893138,140,0.3906124769847287,0.38959438968915844,0.3853297952994693,0.37589894942055674,0.355924401602946,0.34094552149897106,0.32304505577818693,0.305826925159753,0.28328820535037363
929893138,141,0.3918937084294463,0.39075379478328204,0.3865490189752606,0.37691889944563634,0.35706719575866097,0.34193914366675804,0.32424897434656597,0.30690024142510713,0.2844649127051979
929893138,142,0.3934185095409454,0.392094416384585,0.3878578521927623,0.3781220301337975,0.35832203226943155,0.3430335614902455,0.3254172495168128,0.30808390906469907,0.28552093455349226
929893138,143,0.3945296553332944,0.39334471442128754,0.3889601679594098,0.379072405986735,0.3593737574025671,0.3441153236452706,0.32653207293085984,0.3090495554483424,0.2864163887666541
929893138,144,0.3957622567601719,0.39458027967315307,0.3901866944655042,0.38023860668856874,0.3605898829079269,0.3451715314632297,0.3276919593968495,0.31003601213040183,0.2874784137814843
929893138,145,0.39719745888996366,0.3958798462785287,0.3914878042404121,0.38149329429295964,0.3617395623643826,0.34626807142296934,0.3287835612140859,0.3113356513555201,0.288651277090795
929893138,146,0.39842086678367794,0.39711227891615686,0.39275551216675153,0.3825594316989832,0.3629461921131617,0.34738593995035677,0.33004455430120366,0.3126019088765877,0.2896548859139863
929893138,147,0.3997436730567891,0.398327943762797,0.3940240235593858,0.3836394299948941,0.3640280979715617,0.3483467685785459,0.33106146173404916,0.3137297375356511,0.29071446622621755
929893138,148,0.4011997213286068,0.39975257668585945,0.3952549023625597,0.38480984775526095,0.3653387086859414,0.3495404995594533,0.3321440280310637,0.3147757310001434,0.29180327029076086
929893138,149,0.4024123420732607,0.4009698215548692,0.3962962586055126,0.3859111285242532,0.3664816237641899,0.3506138980618833,0.33316372480677353,0.31586365509766906,0.2929639598841913
929893138,150,0.40375537022997215,0.4021607278241092,0.3975562294667678,0.38709375789739703,0.36763709881223144,0.35170583775587566,0.3344958301743745,0.3168359868587314,0.29404852160727823
929893138,151,0.40505299519503535,0.4033433917928996,0.39882963714232644,0.38807997228484353,0.3688023738634024,0.3527356164865014,0.33564962418850325,0.3178456486702248,0.295025832333345
929893138,152,0.40617892342683853,0.4045678544351782,0.3999516180519532,0.3891779059095806,0.36985505366904753,0.35378426639000843,0.3366660348749052,0.31887694026575153,0.2960501376640996
929893138,153,0.40756267126511964,0.40588780369362804,0.4012100670442551,0.3903159949853077,0.37091379387236323,0.3548514174433989,0.33788471163041917,0.3199542136794066,0.29717006843171945
929893138,154,0.4087019879286748,0.40696661185668015,0.4023389423313608,0.3913753039985034,0.3718406309384323,0.355838248180932,0.3389571005188898,0.3210248811082776,0.29817453206384215
929893138,155,0.40987551664261784,0.4081513365452811,0.4034141211572795,0.39241116192619047,0.3728851280295434,0.35688571498447014,0.3400156521313801,0.3221306463841131,0.2992051652033554
929893138,156,0.4110315701483253,0.4093378822340156,0.40450224529072143,0.39335598063801247,0.3739235240372466,0.3578322738671488,0.3410630625376645,0.32309587682976615,0.30032221379833207
929893138,157,0.4121511664405095,0.4104851677829663,0.4054437109757923,0.3942984214059097,0.3749704224876016,0.35886335430721017,0.34201020846713637,0.32421782570273755,0.30130430793449975
929893138,158,0.4134869147129106,0.41177627853859367,0.40670435024615886,0.39549044634888336,0.3759728793389699,0.359931766489765,0.3431996813850155,0.3254599284075968,0.3023795357050316
929893138,159,0.4148010928805413,0.41309167894488397,0.4079705894974752,0.3966174107504732,0.3771701450975343,0.36097005068638816,0.3442788275852203,0.32645991579288675,0.30331249612580524
929893138,160,0.41600881349507207,0.4142721758908263,0.4091451857467779,0.39774213419257015,0.37824819939347987,0.36200957164518577,0.3451146702047005,0.32747109552691434,0.30420773313115995
929893138,161,0.41724391243130726,0.4154686168233981,0.4102510371587736,0.3989329390324875,0.3792163270687845,0.36295141717563184,0.34609552691432904,0.32854741263614917,0.3051389392491018
929893138,162,0.4184520633850935,0.4166409270023119,0.41145789458905463,0.3999943840732317,0.3802871610554198,0.3641086120236992,0.34713915330544093,0.329690000842389,0.30613118804930783
929893138,163,0.4197128332023237,0.4177988530072513,0.412549942557338,0.40101257226845033,0.3813564840439634,0.3650609078266208,0.34816997446475995,0.3307767085122118,0.30706940096838564
929893138,164,0.42100907930989845,0.4189056750309732,0.41357088703563305,0.402083063666118,0.382334177776956,0.36613334196268416,0.3491604874350487,0.331732280552525,0.30810943249690265
929893138,165,0.4222551519746365,0.4201300342316263,0.41482528086015585,0.40321179957267905,0.38341489190617317,0.36714223355618353,0.3502285937464103,0.3328761458405128,0.3091276678843017
929893138,166,0.42343140568338555,0.4213053883464106,0.41596636736483467,0.4042355928642545,0.3843729733185966,0.36814582058331885,0.351375174694228,0.3340153639577263,0.3100651278350704
929893138,167,0.42457087341616995,0.42243261770621,0.4171709651205549,0.40547184629981886,0.3853990275703332,0.3692100257407853,0.3525806612703327,0.3351205095495135,0.31110258633604665
929893138,168,0.4257238528466732,0.4236028376475685,0.41825517166684717,0.4065557420845518,0.3865414816419366,0.3702796129824181,0.35366800245496227,0.33614255027257306,0.31218636051843024
929893138,169,0.42697085383852745,0.42472556311711845,0.4193624361292175,0.4076941021304467,0.38754031878193534,0.3713051397194396,0.35453387226292105,0.33717941241123145,0.313306656019667
929893138,170,0.4280827721535923,0.4258752174106944,0.42038308879275743,0.4087700129331491,0.38857869152209784,0.37241002542032736,0.3557775498372207,0.3382955001560898,0.31433126700263125
929893138,171,0.42931912799436034,0.4271377838075096,0.4215358968561155,0.4099064948193075,0.3897334947173341,0.373550758371795,0.3567583983968007,0.33928325995681646,0.3153261597258245
929893138,172,0.43049482518468885,0.42820274344552783,0.42253204506585323,0.41089752631486154,0.39090352099017933,0.37461872101838956,0.3578093869562918,0.34047331487913673,0.3163249114022251
929893138,173,0.43164597457348575,0.42940658319711467,0.4236350011175045,0.4120129542874923,0.39189787323554803,0.37563927831120963,0.3590081818859094,0.3414655523759022,0.3172748666663745
929893138,174,0.43277735658327016,0.4304549772119247,0.4246381358221571,0.41311556124894333,0.39295922546687234,0.3767243557902626,0.3599905884813469,0.3424943138741471,0.3181507237283557
929893138,175,0.4339218022311275,0.4316191920285931,0.4255994801256363,0.4141124228311492,0.3939911188129536,0.3776908913679194,0.3608556265569154,0.34334452507310737,0.3190858875771689
929893138,176,0.43500585843269696,0.4327292542559791,0.4266382073195948,0.41508287959197737,0.39495097870287404,0.3787519815287063,0.3618012957474671,0.3443423047763457,0.3199888862085602
929893138,177,0.43606267374273444,0.43383748174228903,0.4276737641510646,0.41598240406402726,0.3958421677096585,0.37967900695185103,0.362811237755019,0.3452367184521744,0.3209716314790781
929893138,178,0.4371842815888781,0.4349140905180125,0.4286955558773671,0.4168696918843864,0.3968681585470777,0.38058922745355267,0.36385455443773373,0.3462339531991379,0.32179426020734125
929893138,179,0.43819805930512795,0.43595537503017784,0.4298499371031889,0.4179270735829158,0.3978233891427821,0.38160575346991327,0.3647803270634178,0.3472115747074345,0.3227771165729921
929893138,180,0.4392363743576784,0.43702089124757804,0.43080195434251545,0.4189642827057535,0.3988311852413445,0.3825667593294583,0.3657021312442086,0.3481404262488417,0.32372167466936236
929893138,181,0.4402401786050876,0.43801808669718817,0.43196545181139234,0.4200612384235503,0.3998676378806982,0.3836155801942707,0.36670590058599556,0.349197240501133,0.32472700312893993
929893138,182,0.4412891884461255,0.43899182697514766,0.43315990302343604,0.42108990327337564,0.400913529230436,0.3846487098951087,0.36772363345524833,0.35018203934049275,0.32579626590240696
929893138,183,0.44240752018626456,0.4400191401831989,0.434150726871243,0.4221466834039697,0.4020764198743046,0.3857326920129092,0.3687778868740601,0.3512037186641644,0.3267813420499882
929893138,184,0.44340656623924585,0.4409693608464911,0.4350009888914527,0.42310956917295706,0.40310717935194657,0.3866977618090121,0.3697465141576293,0.3522719781125358,0.3277515904670864
929893138,185,0.4445075097842346,0.44204454644181707,0.4360018851300126,0.4240763887465935,0.40415138413622115,0.38778353789726044,0.37080302440423746,0.3532016474397066,0.3287728213429502
929893138,186,0.4456434900992117,0.44311224697758966,0.4370592742954503,0.4250735731696382,0.40521085540528423,0.3888698672014478,0.37186651666707427,0.35432308607857044,0.329689321496409
929893138,187,0.4467632666134205,0.44411379549407465,0.43806886597770955,0.4262141551085939,0.4061779098571678,0.38985335674003563,0.3728659290582316,0.3553554994263196,0.3306041280665551
929893138,188,0.447848950687981,0.4451712290097269,0.43913224073685736,0.4272841288532576,0.40727582146371366,0.3909050215346894,0.3738446276192473,0.3562660300356492,0.3316059877728131
929893138,189,0.4489391915472279,0.44610515421736036,0.4401141637684473,0.42823848434159273,0.4082457850463915,0.39194154622509436,0.3747848899478922,0.35721105053932956,0.33253306376884845
929893138,190,0.44989026774669805,0.4470631658752643,0.4409460915366506,0.4292207014883684,0.40911974781533056,0.39295119907425874,0.3757870795259567,0.3582518654483061,0.3334084833007462
929893138,191,0.45094848151661776,0.4480329775452607,0.4419935775555811,0.43020851112813535,0.4100599772158028,0.39395226432844177,0.37673312719059737,0.35917460871912327,0.3342092414926428
929893138,192,0.45190682650998226,0.44907166098054085,0.44310122883497594,0.43118603108415465,0.411091104371999,0.39492908137477883,0.3775982436189032,0.36011538097043216,0.33511814505938836
929893138,193,0.45284738398928376,0.44999548252522903,0.44419936598223647,0.4321828830916811,0.412054586808188,0.3959841613406294,0.37861152466737635,0.3611013996315312,0.33610208707334416
929893138,194,0.4537469810775111,0.4509996639128362,0.4453135380599173,0.43327888200214154,0.41303549236769505,0.39694238840733764,0.37950298179658126,0.3621515049670556,0.33700554153021267
929893138,195,0.4547287183375129,0.45198577010555785,0.44629964425263896,0.4342411694951498,0.4140063373573609,0.39796660251550314,0.3804961023308256,0.3630625376645089,0.3378880659396201
929893138,196,0.4557719979576364,0.4530739892621188,0.447527115470904,0.4351491544305365,0.4150736488681902,0.3989648930079992,0.38152357227955624,0.3640880537203509,0.33881573857746283
929893138,197,0.45677582232347996,0.454097281820176,0.4485304587770307,0.43608448178323067,0.4160223673525937,0.399858760867139,0.3825040505228157,0.3650685221460651,0.33963585703674914
929893138,198,0.45765463581991256,0.4550566315160705,0.4495121801793523,0.43705248083564996,0.4169691609039599,0.4008106079751265,0.383424847412717,0.3660486594527535,0.34053193037271884
929893138,199,0.4586065277105771,0.45599681500756245,0.45044784193903553,0.4380107512543765,0.41792167814051306,0.40173574468247225,0.38435734396013427,0.3669179864447331,0.34145900084196573
929893138,200,0.45955269143290367,0.45692949203942385,0.4513760424564064,0.43890447308567093,0.4189025777103867,0.40271796815769517,0.38534116755117515,0.36799469294920395,0.3424715693707354
1843824993,1,0.007202426080363912,0.01819560272934041,0.02539802880970432,0.05534495830174375,0.1573161485974223,0.25094768764215314,0.4188779378316907,0.4943138741470811,0.5288097043214557
1843824993,2,0.014025777103866566,0.027862016679302503,0.039613343442001514,0.07373009855951479,0.18726307808946172,0.2693328278999242,0.35917361637604245,0.3887414708112206,0.3955648218347233
1843824993,3,0.021859994945665904,0.03803386403841294,0.054460449835734136,0.09173616376042457,0.19509729593126104,0.2584028304270912,0.31488501389941875,0.32840535759413697,0.3265099823098307
1843824993,4,0.028999241849886278,0.045678544351781654,0.062263078089461715,0.10083396512509477,0.1943707354056103,0.24402956785443516,0.2824109173616376,0.28942380591357086,0.28487490523123576
1843824993,5,0.036770280515542084,0.053828658074298714,0.06891584533737681,0.10796057619408643,0.1910538286580743,0.23366186504927974,0.26004548900682334,0.2618650492797574,0.2550416982562548
1843824993,6,0.04277230224917867,0.05957796310336113,0.0772681324235532,0.11606014657568864,0.19029567854435178,0.2234647460197119,0.2453247409653778,0.2415339903967652,0.23357341420267877
1843824993,7,0.050741904039857025,0.06579659915520415,0.0849669663164735,0.12265785768439293,0.19034983212390336,0.21910538286580744,0.2342142315607061,0.22793241633271957,0.2178056969565688
1843824993,8,0.05757202426080364,0.07249810462471569,0.09164139499620925,0.1264215314632297,0.1890636846095527,0.21365617892342684,0.22659211523881728,0.21673616376042457,0.206027293404094
1843824993,9,0.06280010108668184,0.07910032853171596,0.09662202004885856,0.13086513351865894,0.1886109005138573,0.20929155083817705,0.21838935220284728,0.20903883413360294,0.19724538792014149
1843824993,10,0.06811978771796816,0.0843062926459439,0.10197119029567854,0.1351781652767248,0.1876800606520091,0.2053828658074299,0.2128885519332828,0.20193328278999242,0.19033358605003792
1843824993,11,0.07364394513750086,0.09018540216417396,0.10731270246054174,0.13980977324419325,0.18767661451512851,0.20318423047763454,0.2070094424150527,0.1976014887311324,0.1840237094217382
1843824993,12,0.07853171594642405,0.09508466009603234,0.11151124589335354,0.1424058630275461,0.1877053323224665,0.20040434672731872,0.20267879706848627,0.1925701288855193,0.17822845590093503
1843824993,13,0.08403802414416517,0.10097976322388755,0.11637604245640637,0.14746019711902958,0.18778795124511574,0.19936432028926346,0.19863532979529946,0.1888085379366653,0.17527847436869423
1843824993,14,0.08967832773746344,0.10673670529622008,0.12214339867865263,0.15073648868190187,0.18888768547600995,0.19833748510776555,0.19603595797682224,0.1861529297086537,0.1724791508718726
1843824993,15,0.09529946929492039,0.11218094516047508,0.1269648723780642,0.15360121304018196,0.19027040687389435,0.1967399545109932,0.19375789739701793,0.18410411928228454,0.16959818043972705
1843824993,16,0.0994598180439727,0.11651819560272934,0.13120735405610312,0.15684230477634573,0.1908879833206975,0.19583965125094768,0.19150398028809704,0.18207448824867323,0.16750379075056862
1843824993,17,0.10346519199036704,0.12130401819560273,0.13575346742184363,0.1607055255764171,0.19127681398563973,0.19551353520938322,0.19025108147883868,0.17988226374704547,0.1653659189225349
1843824993,18,0.10797321202931515,0.12463145480582935,0.13931008339651252,0.16346558840872716,0.1927175469631876,0.19537107236121642,0.189853424311347,0.17877600876084576,0.1643079774239744
1843824993,19,0.11176728781772471,0.12842663900083795,0.1434898846813774,0.1673117593072902,0.19414628306931087,0.1959419017597063,0.18957743106819358,0.17814532540600933,0.1638402298391924
1843824993,20,0.11584533737680061,0.13326383623957544,0.1477065959059894,0.1700341167551175,0.19474981046247156,0.19685367702805154,0.18946171341925702,0.17738817285822595,0.16290750568612586
1843824993,21,0.1204917145023286,0.1369183002996498,0.1515036643922163,0.17244304848550487,0.19605400917000612,0.19751615581789955,0.18948337485107764,0.17661287411097873,0.16208166359796383
1843824993,22,0.1251119994486181,0.14105038252119376,0.15516231304707423,0.17482252395065132,0.19718795230546554,0.19742918188710454,0.18900337721414293,0.1760803639120546,0.16155489696050726
1843824993,23,0.12903385305073012,0.14431222599465998,0.15799189109008802,0.17796749843425522,0.19838810693212908,0.1972508817615453,0.18864752612321586,0.17612156772258297,0.16178264165870057
1843824993,24,0.1326604751074046,0.1473022491786707,0.16131223148850138,0.1805187010361385,0.19903019964619664,0.19771923174121805,0.1883687136719737,0.17631728582259287,0.16132802628253728
1843824993,25,0.13648218347232755,0.15065959059893858,0.16462471569370735,0.1833055344958302,0.2000606520090978,0.19783169067475365,0.18835481425322215,0.17598180439727065,0.16191053828658075
1843824993,26,0.14060768647576835,0.1544439260512043,0.1681052079080889,0.1856447191928617,0.20181372834898237,0.19846037207674813,0.188531521548959,0.17587624657374468,0.16220038490698083
1843824993,27,0.14417487995956535,0.15842529413416448,0.17097689046134837,0.1876983124140061,0.20304383230842668,0.19901440485216074,0.1890461348384017,0.17610142363743575,0.16266531884424226
1843824993,28,0.1476091194627965,0.1618244340950937,0.17384652875555076,0.18988952669771472,0.20445683959709737,0.19992147730965015,0.1891178381891043,0.17687912921044083,0.16281273692191053
1843824993,29,0.15079344330867164,0.1648715066272777,0.1773548403963295,0.19206033829180938,0.20589004209040285,0.20094899479752165,0.18952445687694439,0.17696269378578336,0.1629892028966563
1843824993,30,0.15361384887541066,0.1677407126611069,0.18059135708870358,0.19442759666413953,0.20645691180187015,0.2017563810967905,0.18981551680566086,0.17691432903714938,0.1629011877685115
1843824993,31,0.15705935581696787,0.1711829587419599,0.18396145662647653,0.19724131184426127,0.2077820440705324,0.20291520946953948,0.19006334221917875,0.17752940888747584,0.16345471887304655
1843824993,32,0.16062120924943138,0.17438637225170583,0.18675369598180439,0.1994171721000758,0.20879927975739196,0.20358699772554967,0.19035490902198635,0.17802312357846853,0.16347611827141775
1843824993,33,0.16380637305580442,0.17769430468444872,0.1896179382911756,0.2020470053070508,0.2099041973947205,0.2047005307050796,0.19128357111677807,0.1785213775357824,0.16427734509614722
1843824993,34,0.1674954288007849,0.18085224992195512,0.192637024483789,0.20423226151719218,0.21185835971993042,0.20550327788431522,0.19197921776747093,0.17922445703072737,0.16531017259064354
1843824993,35,0.17091952778078628,0.18402469403227553,0.19561356005631975,0.2065525831257446,0.21297519766056536,0.20646593739846203,0.19242932957868514,0.18002815986136683,0.16605653633705186
1843824993,36,0.17411127958891415,0.1872736079521523,0.19887751663718306,0.20862816948866986,0.2143669446550417,0.20804902704068737,0.1933914581753854,0.18069244377053323,0.16701415213545617
1843824993,37,0.17750957932913963,0.19085916849374016,0.20201626949162962,0.21056082617871852,0.21593959387742556,0.20920845030018645,0.19425035346187733,0.18157695223654283,0.16819662725652113
1843824993,38,0.18036989745022144,0.19391684290331593,0.20467060372690635,0.2124615937113443,0.21722995890028327,0.21017716771078568,0.19533338653685003,0.18233510235026534,0.16908742667890347
1843824993,39,0.1833556890418149,0.1965455570459361,0.20716937851130424,0.21446900332419663,0.2189887443867732,0.21159192084135223,0.1967788340040046,0.18321961081627494,0.16988394471336096
1843824993,40,0.1863248673237301,0.19927975739196363,0.2094958301743745,0.21640447308567096,0.22019522365428354,0.21261372251705837,0.1976213040181956,0.18387983320697499,0.17067854435178165
1843824993,41,0.189574511363006,0.20215795410418091,0.2117920079883134,0.21873555354204033,0.22163871373361196,0.2140572125963868,0.19879250725790046,0.18433218069860757,0.17186893248765694
1843824993,42,0.19242571934004837,0.20520596411422795,0.21433986786526585,0.22133470522401533,0.22305859417307486,0.21555832340517708,0.20002527167045742,0.18562041950972957,0.17282212354236615
1843824993,43,0.1956732549323836,0.2081210219158277,0.21672514413667857,0.22339862827723608,0.22529400356154236,0.21698079940758502,0.2012888551933283,0.18687518733360367,0.17368690163443057
1843824993,44,0.19845440760907024,0.2104814253222138,0.21895030670618235,0.22495520022055274,0.22669549934523398,0.21816631056585567,0.20260700255014125,0.18810738162519816,0.17496898476807496
1843824993,45,0.20144890910622526,0.21335186589166877,0.22150619155926207,0.22736921910538285,0.22815264088956275,0.21935809957038158,0.20367281610647792,0.18898997557071856,0.17562126189874483
1843824993,46,0.204329696410324,0.2158914856445924,0.22381085802815046,0.22910966806210234,0.22987605893793053,0.22067112766588656,0.20487358670929887,0.18967762138642583,0.17644295744470448
1843824993,47,0.20733792524962497,0.21872630780894617,0.22630780894617133,0.2313728969399771,0.2314293549271692,0.22209765618698885,0.20597486813027277,0.1907473424418886,0.17729421063668477
1843824993,48,0.21046563052817788,0.2216720368966389,0.22895343694718223,0.23347074804144555,0.2328863406621178,0.22343315643164016,0.20728297952994693,0.19198572150619156,0.17837850644427597
1843824993,49,0.2131949064690319,0.2241184570871563,0.23106558772106264,0.23551391746994474,0.23446952700716375,0.22458263062617012,0.208553171078894,0.19337469635314325,0.17940307282882825
1843824993,50,0.21630022744503408,0.2269522365428355,0.23360879454131916,0.2376194086429113,0.23589082638362394,0.22608794541319183,0.20981046247156937,0.19441243366186506,0.18017437452615617
1843824993,51,0.2193432338818773,0.22975664867918355,0.23593334225274643,0.23934501776449776,0.23716719439860862,0.22748219833801603,0.21104817969644266,0.1955729979634007,0.18135396690897737
1843824993,52,0.22204321455648218,0.23213973289788295,0.23844550067067125,0.2412375342625532,0.2382559631422406,0.2290196535837173,0.21234764098676154,0.1970169708986995,0.18267772788242842
1843824993,53,0.2247915087187263,0.2348119644670777,0.24099160312987256,0.24308009212239118,0.23973994020627407,0.23035604445906704,0.21370535139542532,0.19824195001931136,0.1839372308924714
1843824993,54,0.22752225310981944,0.23732204532052906,0.24351360458259624,0.24512116362002637,0.24142869176985934,0.2317061185522141,0.2149636368741752,0.19937242018364076,0.18481313003678432
1843824993,55,0.23001585222965054,0.2400303260045489,0.24585429733269004,0.2469363843131849,0.24308360328072232,0.23286236129299054,0.21641050382521193,0.20039975187814463,0.18589840788476117
1843824993,56,0.23292808404635545,0.24250649842954622,0.2479353947795949,0.24902523556807105,0.24469971840138632,0.23421423156070617,0.21767708220513377,0.20178977580418064,0.18721569370735405
1843824993,57,0.23583123844486123,0.24511525211816498,0.25012968357208415,0.25090113456499474,0.2465384461912932,0.23553196866312864,0.2190122767114906,0.20319088091722862,0.18844685633720387
1843824993,58,0.23844474654257405,0.24774515698935973,0.252431308985386,0.2531241013306842,0.24813076782306345,0.23692191053828657,0.22025567959007608,0.20450445739980655,0.18957020731484145
1843824993,59,0.2409375361406304,0.25008673751301064,0.25424371313655697,0.2550275632541345,0.24925148738772313,0.23839323575898538,0.22151475822721373,0.20545225581783835,0.1907454286118143
1843824993,60,0.24371998989133178,0.2523629011877685,0.25636846095526916,0.2568107151882739,0.25043593631539046,0.23963861511245893,0.22289613343442002,0.20677280768258782,0.19181197877179681
1843824993,61,0.24629314309151246,0.25478193862712684,0.25873426217079504,0.2586845474092395,0.25209112715793136,0.24122223741284382,0.22409550205694825,0.2079630619321642,0.1927503448961583
1843824993,62,0.24853261268311766,0.2571473990559808,0.2611704859497664,0.26057741690919317,0.2533260779182665,0.24258969404974445,0.2254885176942454,0.20907823620044508,0.19397026095037784
1843824993,63,0.25086946580502306,0.2592632706355223,0.26333080616628757,0.26260274137453815,0.25518971804036245,0.24447332635353863,0.22685536180608204,0.21024826407692218,0.195049159416104
1843824993,64,0.2531569844579227,0.2613544825625474,0.2650741565579985,0.264173853297953,0.2565390447308567,0.24574725170583775,0.2281261846095527,0.2113639594389689,0.19605880401819561
1843824993,65,0.2554732606286814,0.26362045838922266,0.26716626815186334,0.2659065725782936,0.2579518283081589,0.24688283664781013,0.2292237709220272,0.2122878637662565,0.19715985303551642
1843824993,66,0.2576217060674983,0.26562823075332553,0.26901118845773886,0.267960116709169,0.25947113286006385,0.24816206033036964,0.23052932662485348,0.21363751234865713,0.19828497254577615
1843824993,67,0.26018693492356265,0.2676383058173877,0.27095379810575626,0.26975999456847677,0.2609564007106243,0.2494766501080647,0.23182419969900311,0.21474319079356818,0.19949532096907427
1843824993,68,0.26241470811220624,0.269734201489542,0.27285042144226906,0.27149578557730897,0.26246487981090844,0.2509867100744771,0.23320920483432192,0.2164295589350221,0.20050283191366006
1843824993,69,0.264863587917944,0.2718132972937337,0.27477447781037456,0.2733131159969674,0.26388568414807,0.2520244805572953,0.2346639417213304,0.21794068848820475,0.20171188098141982
1843824993,70,0.2672370843712769,0.27392505144590057,0.2765081771905123,0.27485107765623307,0.2653092169392397,0.2535903823242716,0.23595797682226793,0.2190945521498971,0.20291346257987655
1843824993,71,0.2697038943288236,0.2761428312101571,0.2783265171010902,0.27643114181678397,0.26672468472701255,0.2549039498553108,0.23716750846245022,0.22021057352454376,0.2040758577240547
1843824993,72,0.27198108836660767,0.2780884087271502,0.28038391879369895,0.27803575941369724,0.26814821834723274,0.2561704995366861,0.23852771459860161,0.22151145649060736,0.20517963945750148
1843824993,73,0.2747878737524276,0.28020916634644344,0.2824472670246243,0.28022474477343773,0.2696521856533073,0.2577398818116671,0.2399285469481861,0.22281304849045042,0.2064712785734315
1843824993,74,0.27693994221666696,0.28220088928959286,0.28434727373317215,0.2819191443148987,0.2711769768251952,0.2590516976415385,0.24115833043050636,0.22399750015367909,0.20769215007274142
1843824993,75,0.2791357088703564,0.2843618903209502,0.286242102602982,0.28355319686631286,0.2723629011877685,0.26050543340914833,0.24255749305029062,0.22531715946424058,0.2086934546373515
1843824993,76,0.2815180958461354,0.28651091337137385,0.28834643469933363,0.2852988707553569,0.2736123857787,0.2616914728063525,0.24398966521687082,0.2266419935357727,0.20991281273692192
1843824993,77,0.28366137274401115,0.28858442543052093,0.2903370321869185,0.2870090485708378,0.27506079970067837,0.26317162746275713,0.24510402410326598,0.22787826275316797,0.21127772909425674
1843824993,78,0.28593923135242316,0.2903860733656033,0.2921307906144904,0.2885490173208141,0.27652553410703523,0.2642687739351879,0.24642794657957662,0.22910227250636653,0.2122091327929084
1843824993,79,0.2879195017322291,0.29241561981171005,0.29383595167032944,0.29013157263365996,0.27798197714033457,0.265726816441301,0.24764157733611,0.2301657373729619,0.21338566808379955
1843824993,80,0.29012983320697494,0.2944560272934041,0.2956927596664139,0.2921389310083396,0.27972422289613347,0.26722422289613346,0.24894806671720998,0.23162907505686126,0.21452331311599693
1843824993,81,0.29232770804668706,0.2962401370286131,0.29743352146688007,0.29376444931158097,0.2812643323131066,0.2685208584880053,0.25036269527045363,0.23285972350920545,0.21599790338733982
1843824993,82,0.29443499325061484,0.29807781208972056,0.29923815159303985,0.29543815529133305,0.282799238151593,0.2697211486898796,0.25154866029327466,0.23416205920967476,0.21731633351208415
1843824993,83,0.2962540076911132,0.29989404167085326,0.30103583401079675,0.29685687404660344,0.28404139682307694,0.27073723247805476,0.2529024361281365,0.23527316239940813,0.21843857613928036
1843824993,84,0.29847196649698543,0.3017978988411134,0.3027094840968988,0.29850806888335324,0.285542799379039,0.27200891728943283,0.2542645943896892,0.23673237300985595,0.21971912343405897
1843824993,85,0.3005931409713241,0.30372831467689426,0.3044864647906168,0.30023636444721935,0.2869687374570753,0.2735138027917763,0.25557686304241184,0.23812157160058872,0.22103643580252422
1843824993,86,0.3028501154856569,0.3055697586261615,0.3064248814288485,0.30201703193046175,0.28873177354232415,0.2750938871943156,0.25705696704691716,0.23944760830086217,0.22241567783909585
1843824993,87,0.30481556037750646,0.3074908716983434,0.3082359502583811,0.3035040478244577,0.2900185616062325,0.2763762167437888,0.2581980427526949,0.24070394673777593,0.22380242782323775
1843824993,88,0.30667602867185884,0.30920463160796746,0.3100144737748983,0.3049788062581846,0.29145271900199876,0.2776294024398649,0.25955872217244463,0.24169911778895853,0.2249767385760562
1843824993,89,0.3089717269637366,0.31121210314248965,0.31197025325621214,0.30678672129890705,0.29288872230409485,0.27919942755407146,0.26098678774352374,0.24297859290746313,0.22630780894617133
1843824993,90,0.31101002442928144,0.3132044478140005,0.3136551259371578,0.3083733468115576,0.29417066801448905,0.2805197540224076,0.2624378738101255,0.24442338471906322,0.22751242523797485
1843824993,91,0.31292021094902067,0.3151863299702572,0.3153071341092569,0.310087562172475,0.2956535503919886,0.2817777370468803,0.2635321463979538,0.24551150138716474,0.2285572653275458
1843824993,92,0.3150690575864456,0.3168655437254837,0.31698915515706894,0.3115996967399545,0.29663035237498764,0.2829795299469295,0.2646273527375812,0.2467160563008867,0.22976480864950388
1843824993,93,0.31675593272844366,0.3186635362403906,0.31870429699919295,0.31326273569908775,0.29821386354928386,0.2843348251771055,0.26579683207382593,0.24807405414659198,0.23103198089135624
1843824993,94,0.31855612730469574,0.32035068475473033,0.32030229219428,0.3146766570419241,0.29925959382510925,0.2854919103769781,0.2669696578645976,0.2493547658606617,0.23211491620021615
1843824993,95,0.3205458680818802,0.3221300027931846,0.3220302461992738,0.3162084513786361,0.3006544032560552,0.28666054826224013,0.2682614420813216,0.2507362036630621,0.23335461474003433
1843824993,96,0.32214667045741724,0.3239907126611069,0.32381696992671216,0.3177280768258782,0.30220969168562045,0.2882431450593885,0.26950657063431893,0.2519704005559768,0.2346672036896639
1843824993,97,0.3238121663553301,0.3257231736007441,0.3253597305049905,0.31909913008136437,0.30358831667226815,0.2895039197142477,0.27067131456976934,0.2531947820513823,0.23598008488154879
1843824993,98,0.325354705946063,0.3275595302563786,0.3268632699478578,0.3207207067815754,0.3050548498398601,0.29095171047949125,0.27187030991319955,0.2545295601182095,0.2370921075025916
1843824993,99,0.3271302869483309,0.3293664468797145,0.32865807429871113,0.3223324986024,0.3065032431977087,0.2922400655531815,0.27318675764468026,0.2557033565373217,0.2385339367901915
1843824993,100,0.3287945413191812,0.33097801364670204,0.33030705079605766,0.3239878695981805,0.3075587566338135,0.2935064442759666,0.27433282789992414,0.25678544351781657,0.23957164518574678
1843824993,101,0.3303732951005487,0.33271905659102685,0.33192337429345664,0.32535524212011796,0.30885234088230656,0.2948002912497467,0.27550124231528533,0.2579361802745854,0.24088530915259834
1843824993,102,0.33223698880613656,0.33421040895509074,0.3336975427016902,0.32690020663307023,0.3102320533975531,0.2961802613388039,0.2768102692176188,0.25936910017987486,0.24226984197773122
1843824993,103,0.33397984645620027,0.33594514820730614,0.3352127604760888,0.3283452453682917,0.31170274626997496,0.29749295214821464,0.2781233208447117,0.2607631553766092,0.2434361129717276
1843824993,104,0.3357256371376917,0.33759549775470926,0.3367899632588791,0.3297041756575494,0.3129629089636671,0.2986346008048055,0.2793127077622908,0.2619991835306468,0.2447148189187613
1843824993,105,0.3373226470269685,0.33907000252716707,0.3382757500270768,0.33097945774215676,0.31418101736524784,0.2999494566590852,0.2804938806455106,0.2632369399617315,0.24577782591429292
1843824993,106,0.33898608150828957,0.3405703291515871,0.33976926488048403,0.33247385812579566,0.3155835610167795,0.3011894373953967,0.28172429084354933,0.2644620710372352,0.24687084269100376
1843824993,107,0.34059362445352964,0.3421666088016268,0.3412525773561108,0.3339332402769019,0.3168146358399524,0.3025479512233141,0.2830804985368411,0.26568555901171237,0.24815245194249394
1843824993,108,0.3421082189088254,0.34355783000589674,0.34272597085334006,0.3352673181141718,0.31821596046387557,0.3036566703170191,0.284183444247887,0.26702327801645465,0.24940330778086653
1843824993,109,0.3437515215168567,0.34500003477752816,0.3440506082589674,0.33663256150405857,0.319459418102399,0.3047693902108214,0.2854539510749734,0.2681277865494432,0.25058252359655286
1843824993,110,0.3453477152112482,0.3463436487697292,0.34555792956096215,0.3379488593286925,0.32068715969398304,0.3059308015714384,0.28667034254600593,0.26938796609001303,0.2517506375353229
1843824993,111,0.34695271465551986,0.3478952796617694,0.3471337144574445,0.33946683605516054,0.3219884023523144,0.3070883620542453,0.2879843452246788,0.2706664207801433,0.25294551564453005
1843824993,112,0.34838013105166254,0.3493075111014838,0.34854597638903934,0.3409001678760966,0.32304302501895377,0.30820155962309104,0.28928165276724793,0.2718611231452399,0.2539938264919311
1843824993,113,0.3499768529390058,0.35089602608573134,0.3500137540507357,0.34220749159661046,0.3244781847336746,0.3096003274135004,0.29046877830483003,0.2731286104383181,0.25524834448194195
1843824993,114,0.35156218826064406,0.3524101193088863,0.35146908210632727,0.3434353510767062,0.32562547384382107,0.31084819706582606,0.2915984996608276,0.2743771863320166,0.2562514132184137
1843824993,115,0.3531792860203712,0.3539275472195669,0.35278702574414084,0.3446748195273099,0.3267989583676698,0.3120809572469262,0.2928898704552197,0.2754754919734977,0.25752051949764315
1843824993,116,0.3547292881231863,0.35537306214216624,0.3541574076494733,0.34612493791012,0.32811233693236774,0.31330226660740895,0.2942014587853912,0.27663655852134583,0.2588200308488667
1843824993,117,0.356265754294564,0.3569493853800146,0.35557564329361147,0.3474012298879623,0.32924450665163324,0.314538338420067,0.2954647071402189,0.27785877672155157,0.26004548900682334
1843824993,118,0.3579496536924481,0.35850220377533054,0.35711440356716057,0.34881008982151346,0.3305727245859087,0.3158080723712109,0.29669690700453605,0.27921769188265383,0.2612148391822259
1843824993,119,0.359563840699282,0.3601563445696702,0.35855403571587846,0.3502016424462127,0.33195825714667976,0.31713610387293656,0.2980135192818598,0.28053784061008785,0.2623868349462606
1843824993,120,0.36113848875410665,0.3617355319686631,0.36000758150113726,0.35159843315643163,0.33308693454637356,0.31841988880465,0.2992386909274703,0.28156431640131413,0.2635424564063684
1843824993,121,0.3626557810512597,0.36321029580385844,0.3613149205195521,0.3526588512459351,0.3342878088208573,0.31946628738275307,0.30033396199224305,0.28258635705737506,0.26469777379557513
1843824993,122,0.3641357710138083,0.3644620241365167,0.36249829105507153,0.35381374364583207,0.33529810213897765,0.320576318373333,0.301426813656645,0.283681750953902,0.26584658024583946
1843824993,123,0.3656964810739844,0.36585982235864817,0.36381035152277225,0.3550916252149633,0.33661556858176617,0.3219425901613072,0.30265599092685397,0.284975067339756,0.26691198678476546
1843824993,124,0.3671739343099611,0.3672289613343442,0.3650370515297513,0.3563244393357627,0.3377833891755729,0.32317677125877375,0.30377974516373596,0.28609772799530436,0.2680244075423708
1843824993,125,0.3686398786959818,0.36858529188779376,0.3664048521607278,0.35757088703563306,0.33887490523123576,0.3242456406368461,0.30493707354056104,0.2872934040940106,0.26904927975739196
1843824993,126,0.3700344176083372,0.36993212751362864,0.36772386488080194,0.35878250719039195,0.33996112976401077,0.32525241585135445,0.3060128524495469,0.28844904148164197,0.2701240718678171
1843824993,127,0.37145475276545703,0.37136819231940205,0.3690250905899841,0.3600108648284014,0.3410272635556643,0.32637168458567395,0.3072119775778596,0.28944022254989166,0.271184922961203
1843824993,128,0.37280847232752085,0.37265447308567096,0.37032967683851403,0.3613236827141774,0.34219519996209247,0.3275623104624716,0.30828871304018196,0.29062914613343444,0.27234469768764213
1843824993,129,0.37446738485227826,0.3741735282190525,0.37167868540296567,0.3625368055433115,0.3434096772866454,0.3287521084213434,0.3095015603787224,0.2917908210942045,0.2734100886859319
1843824993,130,0.3759812212048755,0.37558173441418324,0.3730302676853094,0.3639995334460839,0.3446579576602321,0.3299877529597014,0.3108036391205459,0.29296961567621155,0.27451449233102004
1843824993,131,0.37736777225402085,0.37686716168274603,0.3743698962318203,0.36524894524535706,0.3458177314528124,0.33124793823680904,0.31201349622950536,0.2940956889616816,0.27576697590703114
1843824993,132,0.3789774163163094,0.3784059319502837,0.3759907643531601,0.36658855423070735,0.34708916304822296,0.332374158568245,0.31312174052886715,0.2952276747765754,0.2769688928710915
1843824993,133,0.38032913975613786,0.3796650458595313,0.3773335917504147,0.36761444931509973,0.3482018161400468,0.33344354061803483,0.3140936115877259,0.29632553711800347,0.27789051856327707
1843824993,134,0.3817427268509613,0.38102418159392576,0.3785601937243276,0.3688428592443393,0.34935161191766717,0.3345393955167302,0.3153338689418714,0.2974720785760357,0.2790247021148994
1843824993,135,0.3831606435852076,0.38230702271642375,0.37976581585376123,0.3700277988375031,0.35045910201330976,0.3357032544295622,0.3166399910145172,0.2986549855389886,0.2802375537022997
1843824993,136,0.3845995183516924,0.38364625607635017,0.3809843687285377,0.3712649957632788,0.3515558801230879,0.33702281139900997,0.3177513044641662,0.29987624314320116,0.2814325692369442
1843824993,137,0.38597311610764623,0.3849631716130889,0.3821076573161486,0.37235685074403857,0.3526643165857789,0.3382290277416534,0.3189100346978191,0.3011294776511735,0.2825298971240101
1843824993,138,0.3873872389051873,0.38620606300337323,0.3832256540418191,0.3734905670743097,0.35386931250068676,0.3393271143048643,0.3200712001845931,0.3022354440672007,0.28355638329432703
1843824993,139,0.38870192701032497,0.38742561674693604,0.3842921114207951,0.3746870585411883,0.35498879137781514,0.34035485788776104,0.32124020268243325,0.30337458615366997,0.28475900098723145
1843824993,140,0.39004657207841437,0.388874147081122,0.385570778728474,0.37589894942055674,0.35625473843821076,0.3414681035416441,0.32253059677244666,0.3046328387306401,0.2857440701830391
1843824993,141,0.39130762075288067,0.39013813387533003,0.38673990074148157,0.3769807343839896,0.3573898128283301,0.34251985439216254,0.3237569833153205,0.30577914710800685,0.28685227902074967
1843824993,142,0.3926897243964164,0.3914857606594839,0.38804472017853897,0.3781140215058356,0.35844216168885945,0.3436075131608453,0.3248352892182511,0.30682922401734136,0.28795288791124307
1843824993,143,0.3938960963221767,0.3926687414177938,0.3890794573129675,0.3791651865950577,0.3594426801401783,0.3446640546716362,0.3258905612961716,0.3078831706580001,0.28898508617993074
1843824993,144,0.3952041740375705,0.39396165024008084,0.3902761982983742,0.38035180271249264,0.3605977803049448,0.345640110352961,0.32693380928312693,0.3090251453121051,0.2901082469884593
1843824993,145,0.3965778672453008,0.39532299809155313,0.39165512012757836,0.3816004810331756,0.3616088468275339,0.34672819011267675,0.32816135525868606,0.31007816789103554,0.2913701602572482
1843824993,146,0.3978236937488966,0.3965384735218669,0.392887928796203,0.38273339080041957,0.3628449323376987,0.3479363777041553,0.32929159699647925,0.31116609718861316,0.2924278459189714
1843824993,147,0.399158298649255,0.3977399906133796,0.39411685826718856,0.3838044694754323,0.3638862671679741,0.34899919027504867,0.33043224871449717,0.3122495396945738,0.29344277513886524
1843824993,148,0.40057988238427966,0.3990328463414135,0.3954341946191833,0.3849686494682704,0.3649237751777555,0.35015521586787696,0.3316855521176977,0.31322357232137366,0.2944619183246932
1843824993,149,0.40184245742401964,0.40025746574331783,0.39658120093013316,0.38598999648910354,0.36601859248668145,0.351232121141194,0.3327286789361475,0.3143651637655128,0.2953859696434659
1843824993,150,0.4030275461207985,0.40140763204447816,0.3977331311599696,0.3871619914076321,0.367161991407632,0.35234015668435686,0.3339070002527167,0.3155370229972201,0.2963608794541319
1843824993,151,0.4044078144691191,0.40265804417354106,0.3988974187750102,0.38841385958658226,0.36826765209445245,0.35340339108997887,0.3349542348457843,0.3165904332501544,0.29745090852492106
1843824993,152,0.40570507960576196,0.40380970432145563,0.40012619209129724,0.3895145844140297,0.3693562706994932,0.35448256254738436,0.33613981884202543,0.3176948246279079,0.29847671681098115
1843824993,153,0.40708696923298,0.4052312357846854,0.4014057986095626,0.39063065205865005,0.3704281813812207,0.35560956755712136,0.33723805418047936,0.3186906301565357,0.2994767277646464
1843824993,154,0.4083721433986787,0.4064521528509398,0.4025161722280752,0.3916583795279777,0.3714197099337357,0.3565840906629383,0.3382629500900919,0.3198138101473962,0.3005277512479938
1843824993,155,0.4095600283694881,0.4076450879209567,0.40364401183692433,0.3926997480985106,0.37247915087187267,0.3575338110494265,0.3393161975103328,0.3209029323289882,0.30166548460466136
1843824993,156,0.4107010944577283,0.4087814194902899,0.4047549619952956,0.39362813708909233,0.37346426002604927,0.3585005151532824,0.34038996131490445,0.32195136175424277,0.3027448922066056
1843824993,157,0.4118952304148578,0.4099274204063105,0.4058372729775018,0.3946895689168111,0.37443923450983424,0.3594162727022498,0.3414114147467441,0.32300092233548866,0.3038057204116224
1843824993,158,0.4131894127695512,0.41123885567317014,0.4070882237214614,0.39572316964328563,0.37538507307991287,0.3604643909367472,0.34256868935998697,0.3242051419852017,0.30494189115267606
1843824993,159,0.4144983096590232,0.4125290266592282,0.4083663533933178,0.3969035051330101,0.37648828681915497,0.36144449053742833,0.34368756586131094,0.3253083859031761,0.30598747860252434
1843824993,160,0.4157671531463229,0.4136277482941622,0.4094460765731615,0.3980051175132676,0.3775350644427597,0.36229861637604244,0.3446787338893101,0.3263694086429113,0.30691811978771794
1843824993,161,0.4169495994989616,0.41491295400712946,0.4106724932778926,0.3991424898403176,0.3785052670242372,0.36324102110106005,0.345824759016571,0.3274219599828592,0.3078725177647286
1843824993,162,0.4181151077789945,0.41614953341008426,0.41188376903565177,0.4002728404421606,0.37958283023989364,0.36432622918597135,0.34693791592957623,0.3284895964956617,0.30885023259296696
1843824993,163,0.4193686423531491,0.41731047409963856,0.4129825067326521,0.4013707168006995,0.38070531216714654,0.3654678902496314,0.3479676460601776,0.329453434233966,0.3099345572263799
1843824993,164,0.4205213668891806,0.4184803713086411,0.41406091088962443,0.4024297786571497,0.38172858225928735,0.3664754340871688,0.34907034153738054,0.33064359548068567,0.31092244679080605
1843824993,165,0.4217290417442047,0.41971649780595954,0.41524800698417075,0.40356790038366985,0.38278999241849887,0.3674914420934133,0.35015048131045096,0.3317067567257105,0.3118983619362694
1843824993,166,0.4229381513925299,0.4208372534870338,0.4163682782684947,0.40465577244535383,0.38378837564054546,0.36855914941037843,0.3510942937786019,0.3326520639038337,0.31288078774537115
1843824993,167,0.4241554797909866,0.42192188783918133,0.41752961098273506,0.4058804301934418,0.38485424904550264,0.3696912467710523,0.35214256853994813,0.3337926118952391,0.3138514479759208
1843824993,168,0.42530190620600017,0.4231289938264919,0.41868840030326004,0.407081483086032,0.385785587927362,0.37073314921116285,0.3532550814108813,0.3349421459258457,0.31487373190367884
1843824993,169,0.4265491608758653,0.4243980781567531,0.41975272642444744,0.40816065604658364,0.38677992562053914,0.3716483260135211,0.35430059530485264,0.3360691038127325,0.31608130599207757
1843824993,170,0.4275988939927753,0.42553850956607053,0.4207866922356509,0.40910226107122144,0.3877937831690675,0.37270213619943804,0.3554497614056995,0.33722517058377555,0.31701601034651916
1843824993,171,0.42887576535475663,0.42671215567348997,0.421941573671353,0.4102589681177925,0.388902189768077,0.3737369706804286,0.35645026136227603,0.3384054019304009,0.3181348620477147
1843824993,172,0.43000555389036793,0.4278567272599044,0.42295740254244757,0.41136035051219205,0.3900241550152512,0.37473552903009677,0.3574148844261862,0.3394132270747748,0.3192627430928998
1843824993,173,0.4313216791491189,0.4290077874725554,0.42402284091556497,0.41237888223255487,0.39096004592724387,0.37576855824389643,0.3584384737079676,0.3405036220293005,0.32030089356536523
1843824993,174,0.43234381671938865,0.4300628306013786,0.42511089034709326,0.4135098864517704,0.39195271583313734,0.37672217719798173,0.3594895122567601,0.3415183045323434,0.321307503943252
1843824993,175,0.43348207516516846,0.4312292862558215,0.42610202534387526,0.4144265135925485,0.3928408967832774,0.37766056536337056,0.3605133759341492,0.3425495505252897,0.3221076573161486
1843824993,176,0.43467632159349373,0.4323307946791647,0.427122820318423,0.41535426287132127,0.39373621545247783,0.3787175201599008,0.3614739127438142,0.34356046247156935,0.32300640981459783
1843824993,177,0.43574142369454694,0.43336845667193513,0.42810423921563595,0.41633363745004565,0.3946535425313647,0.37962760694414105,0.3623829043574357,0.34459207668881153,0.3240898986134848
1843824993,178,0.43683928069443145,0.434402978081795,0.4291427792590574,0.41716571117036233,0.39562232198379776,0.38059987562930725,0.36345205339421255,0.3456270071811297,0.32498232402824745
1843824993,179,0.4378274551992579,0.43543229380646414,0.43019089288058926,0.4183336792304988,0.39655698196958084,0.38159940025666983,0.36444572449926094,0.34668214027047745,0.3260087843761779
1843824993,180,0.4389162665318844,0.43639120545868076,0.4312905399713588,0.4193939011035297,0.39754654199309236,0.38262783253306376,0.3654178249515626,0.3477592452194423,0.3268532558335439
1843824993,181,0.439970009089424,0.4374191062206007,0.43235080988024577,0.42041937010710445,0.39855448837433344,0.38360091983295563,0.36643782540766273,0.34882863713092543,0.327828716715744
1843824993,182,0.4410434145081605,0.43849403060926945,0.43331194961217706,0.42142940456056455,0.39967632822068,0.38460913612543635,0.367548675736697,0.34993418257254494,0.3288413633371935
1843824993,183,0.44208023133935703,0.4394681349092912,0.4344179437146041,0.42238904286655315,0.4007051210347299,0.3855172613795018,0.36864531417657853,0.35103178844711797,0.32976215629492456
1843824993,184,0.44305015327817515,0.44035954445067077,0.43532443880410066,0.42339593565612943,0.4016135412202921,0.3864917427563701,0.36965792596499325,0.3520638988693674,0.3306626396809177
1843824993,185,0.4441243366186505,0.4413396717414913,0.4363461262627297,0.4244329242054792,0.40268835932217284,0.38745773825379587,0.37064524721840875,0.3531893531135381,0.33165993893818
1843824993,186,0.44513601865212316,0.44236836312944805,0.4373792462520481,0.42545876234031976,0.403653794419037,0.38849894429634696,0.3716056478107396,0.35408667367751717,0.3326016777128323
1843824993,187,0.44623418324528785,0.4432380712985449,0.43839320827235023,0.4264918731983799,0.4047467494820659,0.3894215760602952,0.37260442808317756,0.3551244055413881,0.3334988830462228
1843824993,188,0.44724001096898036,0.4442699175713387,0.4394669559466391,0.42753012436888027,0.4058744535673382,0.39053804461794067,0.3735784685367703,0.35613496685109614,0.3343804945719678
1843824993,189,0.4481529617996639,0.4452025945581669,0.4404551307508093,0.42844908159540457,0.40686988298815435,0.3914862550192346,0.37458231544660653,0.3571488742072518,0.3354132319257414
1843824993,190,0.44914408842424486,0.4461474003431627,0.4414388891105701,0.42937831690674755,0.4075715254778341,0.39245441123658265,0.37549180000798055,0.35810023542556163,0.3364809863932006
1843824993,191,0.4501804079720873,0.44718948592659047,0.4424837950374907,0.4303315616701531,0.40856749322229674,0.3933528891076455,0.37653465857443963,0.35907140503872126,0.3373013825323802
1843824993,192,0.451259239954511,0.44814174248167804,0.4434921499873642,0.43129067159464235,0.40957677849380836,0.39424398218347234,0.37749952615617893,0.36001666350770783,0.33824946297700276
1843824993,193,0.45236421060074555,0.44914698291608884,0.4445195174551297,0.4323085867374798,0.4105422148196741,0.39516512352347316,0.37860563230897953,0.36112496906511843,0.3392466423377736
1843824993,194,0.4534011239380037,0.4501770319595445,0.4454464097293325,0.43319290621604933,0.41155045606246526,0.3961021704977998,0.379590911577812,0.3620030013365327,0.3401358417420257
1843824993,195,0.45433992340739887,0.4510876538169942,0.44655041698256254,0.4341400828133201,0.4125697400905892,0.39710542174530045,0.3806224606831127,0.3630003304756906,0.34108396026515814
1843824993,196,0.4554296699726137,0.4522365428354814,0.4476644334761956,0.4351433522612988,0.4135476783586823,0.39804041404279683,0.38157965991552045,0.3639526697714719,0.34197211864275656
1843824993,197,0.4564082926998225,0.4531524805363238,0.44869786755848723,0.43614028471038285,0.4144887489753428,0.3990043988100506,0.382505974761683,0.36497038596383197,0.34292630549985953
1843824993,198,0.45733682541870563,0.4540878841485361,0.4496193933267474,0.437178839187937,0.41544520259455814,0.39986674937395184,0.383376984400487,0.36592995918242316,0.34382107657316147
1843824993,199,0.45841603773225487,0.45506341411378354,0.45063071231822494,0.4381364746400692,0.41623393693257804,0.40074519679519666,0.3842620989709732,0.36693513054278215,0.34464970797886324
1843824993,200,0.45942570128885524,0.45596853677028054,0.4514859742228961,0.4390617892342684,0.417196739954511,0.40174374526156187,0.3852179681576952,0.36784116755117513,0.3455496588324488
184566854,1,0.008718726307808946,0.012509476876421531,0.024639878695981804,0.055724033358605006,0.1444275966641395,0.244882486732373,0.4203942380591357,0.5045489006823352,0.5363912054586808
184566854,2,0.016489764973464747,0.02577710386656558,0.039423805913570885,0.0790371493555724,0.1749431387414708,0.26838514025777105,0.35633055344958303,0.3887414708112206,0.3968915845337377
184566854,3,0.025018953752843062,0.03639120545868082,0.05433409148344705,0.09274703057872125,0.1824614607025524,0.2556229466767753,0.3140005054334091,0.3287844326509982,0.33017437452615617
184566854,4,0.0310841546626232,0.04605761940864291,0.06178923426838514,0.10092873388931008,0.18413570887035632,0.2434609552691433,0.2842115238817286,0.28828658074298713,0.2880970432145565
184566854,5,0.039120545868081884,0.05284306292645944,0.06959818043972707,0.1087945413191812,0.18309325246398786,0.2303260045489007,0.2576952236542836,0.26087945413191815,0.25974222896133436
184566854,6,0.044478140005054324,0.06002021733636593,0.07758402830427091,0.11473338387667423,0.18429365681071516,0.22302249178670708,0.24248167803891835,0.24134445286833459,0.23641647712913827
184566854,7,0.0518791292104408,0.06682551716668471,0.08404635546409615,0.12157478609336075,0.18352648110040073,0.21742662189970752,0.2303151738329903,0.22728257337810023,0.22024260803639117
184566854,8,0.0576194086429113,0.07164518574677786,0.09116755117513267,0.12561599696739956,0.18399355572403336,0.21209249431387414,0.22133244882486733,0.21678354814253223,0.20730667172100076
184566854,9,0.06389520680650325,0.07846853677028051,0.09662202004885857,0.13115996967399546,0.1833880886193244,0.20832280347064275,0.21249262909611658,0.20798584786454388,0.19808777693538876
184566854,10,0.0687642153146323,0.08419257012888552,0.10197119029567854,0.1355951478392722,0.18301743745261564,0.2053828658074299,0.20648218347232755,0.2018574677786202,0.19131918119787716
184566854,11,0.07350609966227858,0.08990971121372941,0.10655455234681922,0.14146391894686056,0.18364463436487694,0.20380453511613478,0.20314976910882898,0.19705010683024332,0.1848507822730719
184566854,12,0.0792582764720748,0.09489512256760171,0.11214303765478897,0.1443012383118524,0.18473591104371997,0.20173110942633307,0.19854056103108417,0.192064695476371,0.17955521859994944
184566854,13,0.08564180323088587,0.10115472094243892,0.11806730040240275,0.1485682626698548,0.18542602204467254,0.2002391088820202,0.19697323146906165,0.18819618592173556,0.1754534320872456
184566854,14,0.09127585833423589,0.1069533196144265,0.12322647026968482,0.1522527889093469,0.1861529297086537,0.1988248673237301,0.19454673453915303,0.18558431712336182,0.17163977038882267
184566854,15,0.09545109931766489,0.11111953500126358,0.12827899924184988,0.15516805660854183,0.18701036138488752,0.1976750063179176,0.192671215567349,0.18362395754359362,0.16964872378064189
184566854,16,0.10000473843821077,0.11611542835481425,0.1321076573161486,0.15826383623957543,0.1876658453373768,0.19662149355572403,0.1904852160727824,0.1819560272934041,0.16800132676269902
184566854,17,0.10507068634883823,0.12081345047495877,0.13624403514248762,0.1615082727556527,0.189158453373768,0.19734201489541986,0.18971591669268162,0.1803505329349329,0.16634705436382288
184566854,18,0.10951057198214134,0.12408390194591865,0.1397733973548985,0.16470811220621684,0.19080111195350014,0.19676101423637435,0.18869513941538205,0.17871282958470222,0.16517142616460284
184566854,19,0.1127648537568333,0.12814732053788755,0.1434898846813774,0.16820956865248793,0.19187183272814332,0.19717888352420093,0.18844020589760982,0.17874386496947448,0.16439886676509316
184566854,20,0.11766489764973466,0.13201288855193327,0.14827520849128129,0.17177786201667933,0.19293025018953752,0.19797194844579227,0.18832448824867323,0.17827899924184987,0.16429112964366943
184566854,21,0.12135817177515433,0.13590743348135312,0.1520452001877324,0.17480775479259178,0.19446550416982564,0.1984367666702769,0.18868912235098736,0.17796671359976893,0.1644644210982346
184566854,22,0.1259046109311462,0.14022330966986007,0.15514508236267144,0.17666620718174925,0.1956888827624233,0.19810117857881313,0.18822799641601762,0.1768385140257771,0.1635191949824247
184566854,23,0.12982496621287537,0.14427926294623725,0.15842041071958335,0.17964861390381381,0.19741569700365894,0.1984045884563404,0.18797178363055014,0.1765171243036556,0.1634307940798365
184566854,24,0.1336397523376295,0.1476497346474602,0.16128064190042962,0.18233510235026534,0.19854056103108417,0.19901440485216074,0.1879422542330048,0.17612774829416225,0.1632865807429871
184566854,25,0.1376497346474602,0.1513874147081122,0.1652615617892343,0.1844579226686884,0.1997573919636088,0.19949962092494314,0.1890674753601213,0.1759059893858984,0.16353297952994694
184566854,26,0.1414824750685251,0.1549542193969791,0.1688633580218114,0.1869860617017554,0.2014783927217589,0.20020994926226163,0.1894792091911122,0.17664897649734648,0.16376042456406367
184566854,27,0.14434335776261475,0.15827085614803582,0.17191755819504112,0.1894392497121837,0.20197680622244685,0.200713222699576,0.18997276275517366,0.17690169320192065,0.1644904950439446
184566854,28,0.1476361962525723,0.16182443409509367,0.17499729232102243,0.19192028593090005,0.20345499837539263,0.2014377775370952,0.18998429546193005,0.1769197443951045,0.1646945738113289
184566854,29,0.15113330370447833,0.16528979634519358,0.17732869728895978,0.19415178688138873,0.20476588847350397,0.20260908211550022,0.1898773888264359,0.1770934093226321,0.16463621866095005
184566854,30,0.15427091230730353,0.16825878190548396,0.18009855951478393,0.19656305281779124,0.20607783674500885,0.20271670457417235,0.19034622188526662,0.17749557745766995,0.16449330300732878
184566854,31,0.15818435275991097,0.17244246618895057,0.18336227347208295,0.19892880725867593,0.20754970774535939,0.20379564185966886,0.19098045929223018,0.17771283230208612,0.16465308518183375
184566854,32,0.16141489764973466,0.17552359742228962,0.18631539044730858,0.20105193328279,0.2086689727065959,0.2048545299469295,0.1915395185746778,0.1782600454890068,0.16489764973464746
184566854,33,0.16525375054563834,0.17873963287155098,0.18950306706182368,0.20335653732166242,0.21055896340202634,0.20614790819491347,0.19186941438647276,0.1791761435430882,0.16519631493096237
184566854,34,0.16905632609374302,0.18233510235026534,0.19269277081568031,0.20601614413771574,0.21232662890781787,0.20766623556170002,0.1930718458725416,0.18027248807028495,0.16586763590955714
184566854,35,0.1722625365536662,0.1858550850211199,0.19572186721542292,0.20883786418282244,0.2134517491606195,0.2084371276941406,0.19381566121520635,0.18078630997508935,0.16681468645077438
184566854,36,0.17560652009097802,0.1888425574930503,0.1988248673237301,0.21111321708364925,0.2154515205121725,0.20969168562041948,0.1953921320865976,0.18181913907842642,0.16736163760424563
184566854,37,0.17861606868430221,0.19181197877179684,0.20190357150175195,0.21342950228469565,0.2171485359506588,0.21101161813822922,0.1964633321722025,0.18272442267893368,0.16816589144109995
184566854,38,0.18147719564263198,0.19514384900841947,0.2044311879015203,0.2155440724631898,0.21823750049878296,0.21184310282909696,0.1972686644587207,0.18322293603607198,0.16868840030326002
184566854,39,0.18451235395890436,0.19761474310374996,0.20666394510215583,0.21765712175113242,0.21952333741568014,0.21328317878734862,0.19831457397795535,0.18416243852180167,0.1694562702902354
184566854,40,0.18712092494313873,0.20053070507960577,0.20919257012888548,0.21961713419257015,0.22083017437452615,0.21444275966641393,0.19927975739196363,0.18492228961334345,0.17023313115996966
184566854,41,0.19015699254793914,0.20328593354167052,0.2117087963904658,0.2216387137336119,0.22251705837755875,0.21599881654616393,0.20040126481628728,0.18565432053107492,0.17112927384012278
184566854,42,0.19372540524928697,0.20612657496660527,0.2147550453084949,0.22386187226975704,0.22403335860500379,0.21716487959854147,0.2015325463013105,0.186396620816636,0.17202787104227588
184566854,43,0.1967046917150061,0.20884390923356314,0.2174304000564205,0.2260168908792778,0.22556729023044236,0.2185411781300139,0.20269936703281205,0.1872718937884585,0.1730521713066629
184566854,44,0.19922117306499412,0.21127403680474188,0.21910538286580744,0.22772072506719968,0.22659211523881728,0.2195361499758771,0.2035805362188986,0.1885898407884761,0.1738317595974912
184566854,45,0.20288939432229802,0.21413528767584872,0.2218010277145986,0.23009855951478392,0.2282368797910875,0.22057956364249007,0.20428776008760843,0.189764973464746,0.17482099233425996
184566854,46,0.20596136730724857,0.216287042225665,0.22401687708079246,0.23177967498434254,0.2298678181758249,0.221841315884893,0.20508784652404652,0.1905758644559449,0.1757177703794047
184566854,47,0.2088864871840369,0.21904892487861533,0.22650137918797283,0.23362315100091946,0.23131643895278498,0.22315422709015534,0.2064910554417434,0.19157808139628665,0.17628603229396866
184566854,48,0.21161865049279757,0.22190895880717718,0.22865333586050038,0.2353582259287339,0.23270470053070508,0.22435715188273947,0.20715662117765987,0.192617513267627,0.17724917867071016
184566854,49,0.21434760409091613,0.22438922498491437,0.23099596169021056,0.23716946975909392,0.23418328665810526,0.22566570221720225,0.2082669307298355,0.19370735405610312,0.17821943030434312
184566854,50,0.21748294162244125,0.22702805155420777,0.23352539802880973,0.23921152388172856,0.2357846853677028,0.22691432903714936,0.2095375284306293,0.19468536770280517,0.179158453373768
184566854,51,0.22033180216741738,0.2296302903268965,0.2359407750969986,0.24088361652469936,0.23715232871010422,0.22800249743566875,0.2107805973033641,0.1958034161352183,0.18015727898437617
184566854,52,0.22256808771213624,0.2323511401411326,0.23821951361754243,0.24289963258879102,0.23879541610777394,0.22926022044672537,0.21185921735580562,0.19682743337026887,0.18117600746486265
184566854,53,0.2249989271460655,0.23496216401790954,0.24068405166864548,0.2447036777432875,0.2401190152631353,0.23093538558370405,0.21305448667515414,0.19824195001931136,0.18226357875463112
184566854,54,0.22789430825822032,0.23760986156740516,0.24277651419425486,0.24674276247437732,0.24157610984752756,0.23230983067980795,0.21417038721815068,0.19929520119057648,0.1832547103585769
184566854,55,0.23069129505823968,0.24020952512233779,0.245185746777862,0.24825970087531876,0.24290440416293335,0.23376524915569644,0.2155834309738783,0.2005582741746502,0.1845750913226273
184566854,56,0.23316500595689377,0.2426824975630889,0.24738032058919096,0.2501624607386548,0.2445101808729557,0.23516868840030325,0.21685124011697168,0.2019251597530597,0.18585508502111991
184566854,57,0.23597089767633642,0.2452416104704521,0.25016958620964846,0.2523376295173111,0.24597980926539242,0.23621031350172245,0.21828737879573837,0.20321748267560485,0.1870170118244816
184566854,58,0.2387715353846958,0.24786933674936606,0.25260777496013176,0.25432014849284984,0.2474379754777653,0.2373728791404146,0.2196870670047842,0.20467438759770987,0.18828919505372407
184566854,59,0.24114956117243413,0.25027948754192314,0.2548476632271495,0.255991313398697,0.2488659873298981,0.2386373857956079,0.22094935814240374,0.2056835558525334,0.18931907839786175
184566854,60,0.24392848117260552,0.2525840283042709,0.2568738943644175,0.257739449077584,0.2503222137983321,0.2400555976750063,0.22214430123831186,0.20679176143543088,0.19017563810967905
184566854,61,0.2466473607675959,0.25504294112529363,0.2590822655016841,0.25970991436632324,0.25187983942132014,0.24141488211387163,0.22321927938453123,0.2080687058004698,0.19148261847649115
184566854,62,0.2492724204553792,0.2573491648120521,0.261323338795275,0.26159847391719043,0.2536806965198464,0.24295654087896498,0.22458362884883468,0.20927388784269604,0.1928819486903568
184566854,63,0.2517238889490595,0.2596122603704105,0.26350530103373165,0.2634932669049424,0.25532209345704415,0.24427476322851605,0.22600695572644017,0.21066344152015112,0.1941225314993321
184566854,64,0.2539802880970432,0.2617631728582259,0.2655006159969674,0.2651570792266869,0.25669896702047007,0.24552809893858984,0.22690011372251706,0.21170749620924942,0.19477942570128887
184566854,65,0.2562780661340176,0.2635912987694641,0.2674636962734006,0.26719542777162186,0.257969324080014,0.2467778620166793,0.22801073074007114,0.21262028343150405,0.19598763632122237
184566854,66,0.2585406759023135,0.26565120499919587,0.26947067337514646,0.2690858547568176,0.259568773405013,0.24819652169917522,0.22938635789280218,0.21372940933213866,0.1972913364118823
184566854,67,0.26092811152727646,0.2678306722641531,0.27157050230273955,0.2708576148823736,0.2612619238907811,0.24956151765810827,0.2305907913050366,0.214890294546977,0.19818836069840334
184566854,68,0.26330664942246795,0.2697453507559202,0.27346920572626326,0.27273335414529726,0.26273803683717606,0.25088079204388347,0.23180997190384872,0.2160337599785934,0.19938790527583286
184566854,69,0.26530309523024687,0.27163200052740877,0.2752908989023305,0.2745492303128193,0.2641658700596631,0.2520299743986991,0.23281251716825435,0.2172374767885201,0.20056916196943228
184566854,70,0.2677407126611069,0.2735892992526806,0.2770659590598938,0.27622657857684396,0.2654933391097152,0.2532708762049171,0.23394887902090328,0.21837972489981589,0.20159211523881726
184566854,71,0.2699655095089109,0.2757637561532958,0.2788550865465729,0.2780115110679238,0.26703969076017897,0.2545996219927602,0.23497314440090125,0.21950047517859236,0.20275176456769425
184566854,72,0.27227592452194427,0.27789887119871953,0.2806998146744166,0.27963629854266703,0.2685378232667846,0.2558861932440401,0.23616376042456405,0.22063221295594307,0.20369492881812823
184566854,73,0.2747722953254333,0.28016762387445865,0.28308598253139056,0.2817098881468942,0.27008318880014953,0.257365999563804,0.23770602469699956,0.2217848723088267,0.20508479857093898
184566854,74,0.27712947974509766,0.28215990820236464,0.2846751224309981,0.28334323709608017,0.27132041063049406,0.25878532057455483,0.23927832305391064,0.22291150134213064,0.20612462348626107
184566854,75,0.2794591862522113,0.28404346727318674,0.2864998736416477,0.28515542077331313,0.2728531715946424,0.26017690169320196,0.24041950972959314,0.22398786959818043,0.2071367197371746
184566854,76,0.2816876820557839,0.28622161924903233,0.28845117912294,0.28690495191732174,0.2744353776784645,0.26180120505965443,0.24193467938230714,0.22522544990223853,0.2082468776186106
184566854,77,0.2837942951665469,0.28808719710918346,0.2903025708181129,0.2884564260606717,0.27582879591977394,0.2631470121993245,0.24315449523940805,0.22645057747408012,0.2095054301271132
184566854,78,0.2857934332536304,0.2901284967244027,0.29183919441690476,0.29003129799187416,0.27736630314340704,0.26444373165373924,0.24430901421045467,0.22772205050446145,0.21040609630450416
184566854,79,0.28800107484573084,0.291988560570436,0.29374958013838637,0.29181581750654983,0.2789656529207973,0.2656356464909166,0.24570781470427347,0.2289661327626414,0.21153827698390612
184566854,80,0.2903857088703563,0.2941243366186505,0.29581595905989383,0.29372156937073546,0.2804586808188021,0.2671057619408643,0.2470716451857468,0.23003695981804395,0.21272744503411678
184566854,81,0.29238386731437016,0.2960295397748013,0.29766283847658626,0.2952526699051844,0.2820833216334859,0.26842257976955985,0.2483269218169395,0.2314604217561003,0.21420548676045262
184566854,82,0.2943748959855027,0.2980916806893619,0.2992797573919636,0.29678803232308293,0.28346955380092087,0.2699106862183102,0.24945450174744355,0.23255330165128793,0.21556426709073764
184566854,83,0.296359052586388,0.2998849073321337,0.3010449683495164,0.29828639805621276,0.28482238278359834,0.2710797701800378,0.2506736574805667,0.23393954894635405,0.21674415630680416
184566854,84,0.2983771977327701,0.3017392324632658,0.3029441496082891,0.2999972923210224,0.2862377703166179,0.2724376331275497,0.25190891367919416,0.23522961117729885,0.21791400411567205
184566854,85,0.3005842215582215,0.3035633055344958,0.304749587477144,0.30166347054363823,0.2875886366677073,0.2735227222048789,0.2530214511885118,0.23652499665522012,0.21923025464924406
184566854,86,0.30275314279669235,0.30551245658268245,0.3067290230442372,0.30338346527496163,0.2890315073082145,0.2749440203113705,0.25454008498333835,0.2380635435583687,0.22069661653472505
184566854,87,0.3047109879480275,0.30735144179237145,0.308235950258381,0.30498113339084815,0.29061985307573657,0.27628471586799475,0.2558364487202949,0.2391615034029611,0.2218286232168222
184566854,88,0.30657264456544214,0.30923909297677304,0.3098680129574747,0.30634003032600454,0.2918834861120683,0.2775389413467503,0.25703873457853743,0.24039389344544768,0.22286167206561447
184566854,89,0.3088908008280022,0.3111311770067552,0.31160821528055815,0.3079920947943198,0.293157056333109,0.2789992418498863,0.2585632629417928,0.24177747868235216,0.22407169203772012
184566854,90,0.31090472580237555,0.3129390952741976,0.3133518658916688,0.30970432145564825,0.294667677533485,0.280384971779968,0.2601002442928144,0.2429997472832954,0.22540645269985682
184566854,91,0.3131326596072616,0.31489889943263705,0.31508218847111946,0.3112581126227828,0.2959618092294362,0.28154862574877737,0.26122437077706223,0.24415349623840907,0.22646193836489514
184566854,92,0.31501961301381154,0.3167378119128457,0.31671308962652867,0.3125844678115832,0.2972442891518608,0.28279823318060454,0.26265781059432375,0.24528216369449848,0.2277334607904539
184566854,93,0.31684153032192847,0.31874913383387543,0.3181621789071225,0.314122787709816,0.2985399496197021,0.28419216252129753,0.26388107641011843,0.2467248730302363,0.22892464966127804
184566854,94,0.31866097785233816,0.3205160260029358,0.3195844692142661,0.31548319971609695,0.29979594470343424,0.2854959430903489,0.26496943203264883,0.2478747600535544,0.22998564354039971
184566854,95,0.3204860141255337,0.32217788595826186,0.3213638721519492,0.3170104943936794,0.3011172738518016,0.2868680419775747,0.26621842703802717,0.24919197158932205,0.23127568732293202
184566854,96,0.32224143922163256,0.32391173869092743,0.3230232815264089,0.31875078973970183,0.30236369092747034,0.2881839145817539,0.26748088829921657,0.25044620293151376,0.2324796247156937
184566854,97,0.32390205013169926,0.3255590380091134,0.324699280148191,0.3202558952033327,0.3037719922152834,0.2894257599087094,0.26871341144103233,0.25162376996006036,0.23374471444315045
184566854,98,0.32550943045906766,0.3270566755891136,0.32625984434713995,0.32172641611610525,0.30513608020918753,0.2908782163358141,0.2699710665160681,0.2529320295214371,0.23494530488465284
184566854,99,0.32742895214464585,0.3289261071671989,0.3281334956846708,0.3232055199454745,0.3066372596319526,0.2922017751433976,0.27118034017200054,0.25406835603954636,0.2363781867193543
184566854,100,0.32905610310841543,0.33038286580742987,0.32973843821076576,0.32469294920394237,0.30793783169067473,0.29345337376800606,0.2723730098559515,0.2552880970432146,0.2376156178923427
184566854,101,0.33063977360586705,0.33202095797146053,0.33131535291512476,0.32613966476253387,0.3093177399620174,0.29464265607758655,0.2735495687552076,0.25638610108167753,0.23882479225936243
184566854,102,0.3324822726664585,0.3338239010539773,0.3328539148790676,0.32772525234506233,0.31055166570039694,0.2959535595891124,0.2748294162244124,0.2577636058214036,0.24006228723483328
184566854,103,0.33426323266375674,0.335503507364361,0.3345539795520289,0.3292837321595501,0.3119824521371736,0.29740830431998344,0.2762463472621948,0.2590039526855443,0.24121318739557032
184566854,104,0.335882370093894,0.3371471686009215,0.33605368285997556,0.3306992476818102,0.3130941272525806,0.29872572461655095,0.277588645244066,0.2602678311074824,0.24262261620108475
184566854,105,0.3375284306292646,0.3387306400953103,0.3374598360951659,0.3320805805263728,0.31437597025163366,0.29993862594317483,0.27879345824759016,0.26124408823423234,0.24388245062998662
184566854,106,0.3391005192613043,0.3404594675783541,0.33904330038479696,0.3337183686898308,0.31584104596106255,0.3012430800921224,0.27995765803138456,0.2625738481124923,0.24525798560945258
184566854,107,0.3408841305718719,0.34213472398375994,0.3404908844848476,0.33493938341847757,0.31726456604762876,0.3025479512233141,0.2810965543140158,0.26387520990838426,0.2464094152324403
184566854,108,0.3425680229129812,0.3435929295481987,0.3419888804649987,0.3364607025524387,0.31877404318647684,0.3038742874792913,0.28240038749894697,0.26504366383062367,0.24762376098615677
184566854,109,0.34413755207934843,0.3450278568000501,0.343278547133984,0.33782890847250135,0.32023843473301294,0.30514846526768263,0.28342989893650317,0.26620111148979975,0.2489792795487268
184566854,110,0.3457130057205872,0.3464918326555931,0.3446584878351368,0.33905506926735135,0.32157281687228617,0.3062237232062857,0.2847301674822523,0.26739265283617064,0.2499586463574333
184566854,111,0.34747863860828226,0.3481821472723671,0.34622871544782086,0.3404298916050243,0.32306074080145347,0.3073479089400242,0.2861367812088055,0.26851149861005813,0.2510467252696214
184566854,112,0.348999512617784,0.34983212390339,0.3477404418932092,0.34165154879237514,0.3242140961767573,0.3086009422722842,0.2873896620816636,0.2695900574027943,0.2521830661756742
184566854,113,0.3505437882010372,0.3514965078129717,0.34938978979784896,0.3432172401994002,0.32561876455077926,0.3099928210564453,0.2887646178722148,0.27077029393412816,0.2535173468771596
184566854,114,0.351911336339332,0.35299203277336627,0.35081068858651554,0.34427995690515145,0.32690568346567705,0.3111208650891824,0.28997579239987764,0.27184336884668076,0.25464865727624597
184566854,115,0.3536078056498665,0.3545241783960181,0.35220687609190093,0.3455351550911428,0.3281174803045786,0.31226225401325114,0.29131753304545605,0.27292744833042154,0.2558262188087154
184566854,116,0.35513450628741733,0.35608872970641287,0.3536345455020784,0.3470007320070064,0.32937374186295787,0.31354082246215786,0.29259038979373087,0.2740810697759536,0.2571305325350971
184566854,117,0.35681978706997663,0.3577107754514881,0.3551544487859878,0.34829869818497566,0.3306636081465498,0.31485261432190925,0.29377020923647157,0.27501085385846574,0.2584773494553631
184566854,118,0.35842189126328367,0.35928926639338993,0.35671605350740804,0.3497063774559566,0.3318673622801044,0.31600082240012334,0.2951324192698629,0.27625576643836497,0.25961822644273397
184566854,119,0.3600544084199259,0.36067876733710924,0.35826096928536383,0.35110314027051304,0.3332738705793159,0.31730812112562995,0.29640165391402956,0.27759443428622393,0.26080045361586635
184566854,120,0.361751326762699,0.36235468789486985,0.3598464746019712,0.35239764973464743,0.3346664139499621,0.3185873136214304,0.2977602982057114,0.27873388931008336,0.26195981804397267
184566854,121,0.3632040301004392,0.3637303491876515,0.3612115364131354,0.3534827912455592,0.33595135307865337,0.31979836966397035,0.29896803864685867,0.27981691614609117,0.2629559082450391
184566854,122,0.3646298114567668,0.36505238692998915,0.3625355771262382,0.3546433587292907,0.33707851203718664,0.3208093563181248,0.3001715159273667,0.280844902372637,0.2642215289774917
184566854,123,0.36618958683900715,0.3664916141200836,0.36384425254411756,0.3560069527912868,0.338366094047597,0.32212750482319075,0.3014756190018307,0.28186233719804976,0.26540185037938324
184566854,124,0.36745518354569684,0.3679779402773362,0.36504316564357164,0.357186529384431,0.33954425395583165,0.32333879527501286,0.30271588935899635,0.2829917581745702,0.26656619139621907
184566854,125,0.36896739954510993,0.3694495830174374,0.3664351781652767,0.3582653525398029,0.34072175890826384,0.324524639878696,0.3038544351781653,0.28425473843821075,0.26780894617134193
184566854,126,0.370302176973898,0.370660192305378,0.3676245833182907,0.359381205097657,0.34178730880777886,0.3256134397150318,0.3050260538888287,0.28537432157598946,0.26884243715176237
184566854,127,0.3717681612770352,0.37204575167300447,0.368857939383809,0.3606257424796881,0.34298233569931885,0.3267238960558285,0.3061075856799174,0.28653000065666545,0.2700476977906192
184566854,128,0.37313127843062927,0.37339781557998486,0.3700364859742229,0.361830103297953,0.3441024213419257,0.3278584628506444,0.30727291034874904,0.28764393006065203,0.27117193423047764
184566854,129,0.37469953159252667,0.37487290700612985,0.3715053099893624,0.36312745737609536,0.3452668512086324,0.3290547807535659,0.30847012359609993,0.2888845789916016,0.27244623892895137
184566854,130,0.3763078089461714,0.3763340526039541,0.37277074706945823,0.3644631714002449,0.34649792966699716,0.33034058435877994,0.3096139266343967,0.2901819560272934,0.2735580568029393
184566854,131,0.3776513551209857,0.3777034417700201,0.37411525039209675,0.36579874876294205,0.3475510593845673,0.33149390296836023,0.3108212907071631,0.2912859036165496,0.2746963058991024
184566854,132,0.379253107266754,0.379195671652078,0.37543938245227104,0.3671772692811358,0.34873756518942267,0.3325378500700715,0.3122630780894617,0.2925080984216693,0.2759379235876583
184566854,133,0.3805543046395366,0.3805600050163316,0.3766295952162438,0.3682899439652961,0.3497580190050562,0.33363735342906164,0.3133126599668238,0.2935865060680511,0.27707821487000284
184566854,134,0.38195489572607016,0.38198601382775277,0.3779887522207009,0.36954725990970094,0.3508990302467948,0.3347374198001652,0.3145417718081314,0.29476763264798067,0.2781731976961289
184566854,135,0.3833291213882571,0.3831606435852077,0.37921826299385053,0.37085895599921376,0.3520315615084379,0.3359587790975206,0.3157189790245135,0.2957234717659281,0.2794457080279673
184566854,136,0.3847277349150426,0.384499174954288,0.38046314052535346,0.37204544440975784,0.35314465058199174,0.33728481915889935,0.3169903670338492,0.2967962583062035,0.2804263479463051
184566854,137,0.3861917068338655,0.38582369966187613,0.38163450523787656,0.3732450485050055,0.35438813965457133,0.3383148038494104,0.3181491176128786,0.2978284809881408,0.28154485537041446
184566854,138,0.38760699256133874,0.3870273922932393,0.3827421959982859,0.3744712177648855,0.3555174649218226,0.3395688433266309,0.3193652415642065,0.2990215468459857,0.28272681324235527
184566854,139,0.3888246491510355,0.3882301285582603,0.38391030920525143,0.3755297505740669,0.3565814520483689,0.3407039341991153,0.3205638673291844,0.30004472540239224,0.2838290398765142
184566854,140,0.39021986353297955,0.3895050362828983,0.38518628831365753,0.3767572836564497,0.35792537636737787,0.3419554857576086,0.32185638470702915,0.301161594281382,0.2849723816744286
184566854,141,0.39157915678651894,0.39064625576005896,0.38635276025787857,0.3778168502895488,0.3589437517139032,0.34299302609434396,0.32304184881088727,0.30232983293812743,0.28614520994305814
184566854,142,0.39310350350777895,0.3921131031831626,0.3876923405482173,0.3790937436598362,0.3601132953902338,0.3440052750162842,0.3241358690429156,0.3034068703349742,0.28720541596813637
184566854,143,0.3943997624816427,0.3932068689460653,0.3888196716096641,0.38015926454137217,0.3610411574778519,0.3451120524661086,0.32525435141053033,0.3044317320283962,0.288089090590986
184566854,144,0.3957332996377727,0.3944828784432652,0.3899181829668941,0.38126790076657396,0.3622220116249684,0.3462192528009435,0.32630464998736414,0.3054792140510488,0.28918161907168727
184566854,145,0.39707720059606283,0.3958040312671564,0.3912446733418734,0.3823403309717393,0.363423178478994,0.3473869964183943,0.3274999346422316,0.30676322187655225,0.2903244359624585
184566854,146,0.398371535098196,0.39717978543313215,0.39242576879537217,0.38354087259962405,0.3646390478465421,0.3484686406264605,0.3286321102537207,0.3078089461713419,0.29139707333284864
184566854,147,0.39959668476943466,0.3984594595988509,0.3936887871145426,0.3846038794592894,0.3657300676146122,0.349561356005632,0.32968699231019166,0.3088043405383381,0.2924396445462188
184566854,148,0.40095895744114085,0.3997679445935701,0.39511146855726076,0.38586254943343645,0.3669113579083253,0.3507417576788312,0.33083519455771154,0.3099117882097412,0.29345275905169765
184566854,149,0.4021579292834209,0.4010054393454468,0.3963191557565982,0.38693386793940904,0.36791396777098784,0.3518579766041999,0.33198579358981534,0.31113412133454776,0.29454131918119786
184566854,150,0.4034824361890321,0.4021228203184231,0.39745261561789236,0.3880010108668183,0.3690068233510235,0.3527798837503159,0.33306545362648476,0.3122087439979782,0.2956052565074551
184566854,151,0.4049174319296677,0.4032931831760967,0.3987116468928397,0.3890389568657773,0.37020319427220094,0.35386028950288445,0.3342086368862624,0.31327415411032844,0.29663250807103514
184566854,152,0.40608664857747095,0.40457533617972147,0.39998403894497425,0.39015302661505924,0.3712017676868441,0.3549514185387654,0.3353492478352819,0.31437542396552415,0.2976113283588045
184566854,153,0.407414014380076,0.4057936543331004,0.40121749988850736,0.39143339923788567,0.37234089996878206,0.3560778367450088,0.3365046802142641,0.31553662657886,0.29879042847869497
184566854,154,0.4085986038222581,0.40676722822287636,0.40231925012061487,0.392539605958863,0.3733495465868476,0.35709362661599203,0.33761310713547255,0.3165941336904187,0.29982129318747963
184566854,155,0.40975812565726727,0.4078945437648267,0.40338966470199805,0.393597300007337,0.3743769718017071,0.35813543984934826,0.338641199344567,0.31776516911638825,0.3009415735283328
184566854,156,0.41095624113061563,0.40894179739896186,0.40444392605120427,0.3945831146361851,0.3753377655955366,0.3592149258373671,0.33966826072588013,0.31900867012694156,0.3019988919344492
184566854,157,0.4121656533853576,0.4100143420753998,0.40554753408053773,0.3956601942216406,0.37644809086211806,0.360150277907892,0.3407281138480706,0.3201325072555449,0.3028616545056813
184566854,158,0.4134725194575868,0.4112268596270669,0.4067595320582337,0.3968052130017946,0.3774699858926498,0.36126812602566194,0.34189211235976624,0.32125651385303405,0.3039222272339037
184566854,159,0.4147963246408324,0.4125862455357356,0.408080259010781,0.39799066378664993,0.37861253760949065,0.36244820499616154,0.34299378698365923,0.3224522103175171,0.3049146246680113
184566854,160,0.41602539802880967,0.4137675322213798,0.40926601592115247,0.39909021986353305,0.3796981614859742,0.363471379833207,0.3440674753601213,0.3234623768006065,0.30589935557240333
184566854,161,0.41725803945205997,0.4149459170555521,0.4104134978974285,0.40015021732066924,0.3807067277581831,0.36453364349992223,0.34512782599277636,0.32455182026662394,0.3068694992912944
184566854,162,0.41853864225610493,0.4162501520980166,0.41152575370417177,0.40126966744353654,0.38174028210672134,0.36562023231217067,0.3463201639850616,0.3256886530199646,0.30794232443208935
184566854,163,0.4196709721530998,0.41742442917808154,0.412735991665,0.40238235882361156,0.38280069024218943,0.3666772094494342,0.3472978692725945,0.32669525621287737,0.30898803239114964
184566854,164,0.42088426191312706,0.41860056583886535,0.41376967029715783,0.40349997226280077,0.3837603321067327,0.36772360805488263,0.34837922298859075,0.3277727953549437,0.31007646221268886
184566854,165,0.42205987088473823,0.4199140763204448,0.41482528086015574,0.4046453925149907,0.3848829462172904,0.36872745652123967,0.34953247409653776,0.32903255450639834,0.311204539710984
184566854,166,0.42327155475579337,0.42109301497118123,0.4159298300099565,0.4056993706440622,0.38574769129588865,0.369760314951999,0.3506604126894234,0.3300830311389607,0.31231445874475916
184566854,167,0.4245572539530492,0.4222237859383583,0.41716869521003486,0.40684968198553606,0.38677005352449007,0.37076945426811275,0.35174306428840574,0.33118448470761286,0.31341335524553626
184566854,168,0.4257238528466732,0.42335463374129034,0.41827322286003105,0.4080111195350013,0.3877509115852558,0.37188165637748655,0.3527158020145132,0.3322164157550814,0.31441342647749015
184566854,169,0.42688786107459936,0.4245797650183257,0.41934224870015385,0.4091004930218787,0.38874034928738377,0.3728999466154654,0.3537061876713128,0.3333123982217118,0.31541960692832566
184566854,170,0.428071622887214,0.42576149489363596,0.420514650136021,0.41021941756232433,0.389836328769567,0.37391071667484277,0.35480979351558667,0.33448468090799627,0.31652767247915087
184566854,171,0.4294454863466475,0.4270779298511631,0.4216556047688085,0.41138067559599023,0.3908308172503535,0.37493626662055696,0.35592931026074154,0.3356432526856692,0.31747203490150694
184566854,172,0.43064469206763406,0.428226986617769,0.4227832924872614,0.4123102420790945,0.3918159458363454,0.37594548371740394,0.35691900135761767,0.33675088597774916,0.3185663028721547
184566854,173,0.4319045344388593,0.4294197303089133,0.4239812083948691,0.4133364302085571,0.3928357005438522,0.377035063347167,0.3579673688685157,0.3377953169987773,0.3195778024164392
184566854,174,0.43299521581135125,0.43055083527228044,0.42507603287060036,0.41445975268620433,0.39386551985569,0.37808597596577,0.359051615208317,0.33876674248167804,0.3205493538295295
184566854,175,0.4340539369652334,0.4317036716126936,0.42609336077114696,0.41541644102675185,0.3947774287880429,0.3790100725657966,0.3599718401386332,0.3398180439727066,0.32158345066608907
184566854,176,0.4350446274726032,0.43272279274932807,0.42715728168722866,0.4163945654421393,0.39578020538975817,0.37996889861465294,0.3609828382383348,0.34070016886070714,0.32257779654007857
184566854,177,0.43603911540586726,0.433811781738434,0.42820275589708007,0.41721386258207943,0.39675237617952314,0.38094687380869774,0.36198027096370733,0.3415637595678973,0.3235566235334935
184566854,178,0.43704798493922015,0.4347990902198635,0.4292322239353954,0.4182752510839843,0.3976838088098747,0.3819308975986234,0.3628834408089206,0.3424772767929398,0.3245478784574627
184566854,179,0.438159940025667,0.43594266860369074,0.43023748311104143,0.4192951321680128,0.3987191922101134,0.38292722182455813,0.36398405767023434,0.34354153519044817,0.3255449998094036
184566854,180,0.43924479824783086,0.4369871956869682,0.43129053997135874,0.4203942380591357,0.39966725633897726,0.38391879369893017,0.3650534917024682,0.34461081627495577,0.32646575688653023
184566854,181,0.44042238595286065,0.43805997344380265,0.432394790964191,0.4213722935925843,0.4005943729344598,0.38488055994202874,0.3659812598695647,0.3456703764361918,0.32759415093470273
184566854,182,0.4415495421939698,0.4391084654541819,0.4335014871406077,0.42237500937273487,0.40155712369510704,0.3858671654350199,0.3669821459813878,0.3467182930791725,0.32860392071915956
184566854,183,0.442538021435348,0.4401102839127174,0.43455465930888193,0.4233854095460628,0.4025300670734992,0.3868388454575208,0.3679058070984394,0.3477091852164871,0.3295612258003041
184566854,184,0.4435734416718858,0.44098172198964963,0.43552221709463695,0.42436422520354683,0.40346771269406995,0.3877463987869598,0.3689368592807463,0.34876141345551637,0.33065851929986484
184566854,185,0.4447042190029301,0.44202815400692586,0.436551031698871,0.4254676966579923,0.40457144028031056,0.3888326537303035,0.36994651968116715,0.34980636436284657,0.3317009200254083
184566854,186,0.4458269135138219,0.4431998826090146,0.4375524794769579,0.42656745497974197,0.40564699552446865,0.38985831560240325,0.37102276895986697,0.35081358474569363,0.3327015415718979
184566854,187,0.44689503067061825,0.4442050167644424,0.43861213932123266,0.42764531548369566,0.40659144628283456,0.3908750349681536,0.3719820963053358,0.3517998970213214,0.3337279497918128
184566854,188,0.44801832464955726,0.445348668398045,0.4396847224686658,0.4287439710935106,0.4076427983804623,0.39188093817043856,0.3729997741680512,0.3528241091736164,0.33463858822770315
184566854,189,0.44892114035404407,0.4463678993625922,0.4406516881877003,0.4296805741081708,0.40856468945930663,0.39292433340954946,0.37402072276977505,0.35371313043792196,0.33552956183737076
184566854,190,0.4499122141973585,0.44727664498623365,0.44161446071585325,0.43065320617692837,0.40956665735605124,0.3939447747496109,0.37500498782969555,0.3546646183312717,0.33641315190934123
184566854,191,0.45100008335681874,0.44825923176768057,0.44262272306880107,0.43157595989346204,0.410562102814682,0.3949545308400383,0.37600673205546004,0.3556835457609088,0.33733909156945013
184566854,192,0.4519680313368714,0.4492809420015163,0.44356717525903466,0.43261545994440237,0.41144056419004293,0.3959162560020218,0.37704542582764716,0.3567866281273692,0.33828302691432904
184566854,193,0.4529259487679079,0.45033723931224395,0.4445391586497857,0.43360686970424295,0.4122706399494043,0.3968346250692352,0.37819905957959987,0.35784292543809687,0.3392662835324296
184566854,194,0.4539091626740032,0.45130448715443594,0.4455910053695787,0.43453334688103296,0.41321135193015646,0.39785099614672154,0.3792274684820584,0.35885511516847346,0.3402022775767334
184566854,195,0.4548881242588597,0.45227931027779394,0.44662623199393475,0.43561944752240433,0.41421239867032134,0.39880639956454966,0.38019478625998715,0.3598355397445617,0.3412083746427947
184566854,196,0.4558454921013136,0.4532964057495629,0.44762188423511934,0.4365687518373536,0.415253516114558,0.39983908650647526,0.3812528043817982,0.36088332224474323,0.34223128220203924
184566854,197,0.45681815557856087,0.4543628267838656,0.4487555947245067,0.4375295851725849,0.4161282004902961,0.4007362137906351,0.38223658132025873,0.3617530585776796,0.34323225947976277
184566854,198,0.45777716513122124,0.45528445945428514,0.4497227774331641,0.43845582435423225,0.41697490446542756,0.4015898178142303,0.3831242676959129,0.36266953078931846,0.3441848354661092
184566854,199,0.4586636747040738,0.45623302258068205,0.45070119361020416,0.43941466239461136,0.41789691444333116,0.40248627519706187,0.3839820787028394,0.3635272648305972,0.34504973693333996
184566854,200,0.4596739954510994,0.4571095526914329,0.45160917361637604,0.4402274450341167,0.41891584533737686,0.4033756633813495,0.38498294162244123,0.3645090978013647,0.34600644427596666
1497586439,1,0.008339651250947688,0.013267626990144048,0.021607278241091737,0.05307050796057619,0.15504169825625475,0.25094768764215314,0.43100833965125096,0.4871114480667172,0.5333586050037907
1497586439,2,0.01573161485974223,0.024639878695981804,0.03582259287338893,0.0758150113722517,0.17854435178165276,0.26459438968915844,0.36296436694465506,0.39101592115238815,0.3980288097043215
1497586439,3,0.025018953752843062,0.0365175638109679,0.05155420773313116,0.08807177154409906,0.18663128632802625,0.2573919636087945,0.3215820065706343,0.33320697498104623,0.32966894111700784
1497586439,4,0.03250568612585292,0.045678544351781654,0.06055724033358605,0.09922289613343442,0.18934799090219864,0.24365049279757392,0.28980288097043216,0.28989764973464743,0.28686504927975737
1497586439,5,0.03783169067475361,0.05307050796057619,0.06937073540561031,0.1070507960576194,0.18726307808946172,0.23115996967399544,0.2611068991660349,0.26163760424564064,0.2561789234268385
1497586439,6,0.04485721506191558,0.0598306798079353,0.07739449077584026,0.11397523376295171,0.18701036138488752,0.22264341672984586,0.24374526156178924,0.24374526156178924,0.23546878948698508
1497586439,7,0.05150005415357954,0.06720459222354597,0.08458789125961225,0.11978771796815767,0.187912921044081,0.21769738979746558,0.23193978121953854,0.22733672695765184,0.21834723275208487
1497586439,8,0.05771417740712661,0.07373009855951479,0.09050416982562548,0.12376800606520091,0.1869313874147081,0.2125663381349507,0.22299090219863532,0.21630970432145566,0.20773313115996966
1497586439,9,0.06284222053744419,0.07926880633476541,0.09586386993513604,0.1288855193328279,0.1862943307219274,0.20794372841378153,0.21451436273270996,0.20785948951225677,0.19897228540139839
1497586439,10,0.06808188021228204,0.08639120545868083,0.10189537528430632,0.13354814253222141,0.18578468536770282,0.20382865807429873,0.20868081880212283,0.20053070507960577,0.19169825625473846
1497586439,11,0.07298917913019505,0.09218416155489696,0.10703701151009719,0.13901716176166515,0.1857123164932111,0.2019436212006341,0.20356330553449584,0.19508580880832585,0.1860224688124612
1497586439,12,0.07755243871619913,0.09653778114733383,0.1116691938337124,0.14190042961839777,0.1851781652767248,0.20002527167045744,0.19980414455395498,0.19064316401314124,0.18040813747788728
1497586439,13,0.08357147022802823,0.10249606345133258,0.11681343675278476,0.14594389689158455,0.1861550125386365,0.1977605412025427,0.19711902956785443,0.18781711086487432,0.1765614976380708
1497586439,14,0.08967832773746344,0.1074948554099426,0.12219755225820424,0.15008664572728259,0.18685692624282463,0.1974981046247157,0.19411350590274012,0.1847178598505361,0.17329145456514675
1497586439,15,0.09474349254485721,0.11230730351276219,0.1272681324235532,0.1536517563810968,0.18736416477129136,0.19714430123831184,0.19211523881728582,0.18225928733889307,0.17091230730351276
1497586439,16,0.09927028051554208,0.11718157695223655,0.13120735405610312,0.15672384382107657,0.18785538286580744,0.19612395754359363,0.19043783169067474,0.1806292645943897,0.16809609552691432
1497586439,17,0.10429023770235919,0.12152700352316818,0.1352406011684431,0.15990277839718145,0.18926994603755073,0.19616019265932302,0.18869018418588057,0.17890112830575747,0.1661017705035009
1497586439,18,0.10839440653693877,0.12520006739112124,0.13876253053660179,0.16249684104119283,0.19101170920731195,0.19640299890489427,0.18863196023923848,0.17827057535169744,0.16531884424227108
1497586439,19,0.11206655759945733,0.12944415625872868,0.1422529029168828,0.16577550776106298,0.19207134591596503,0.19683971110490406,0.18857986512908503,0.17776625034914806,0.1646582339092614
1497586439,20,0.11612964366944656,0.1340030326004549,0.14655041698256255,0.16976876421531464,0.19310083396512512,0.19738438210765732,0.18836239575435937,0.1775018953752843,0.16357088703563308
1497586439,21,0.12056391927506407,0.13814578143615294,0.15047474638073574,0.17274991876963067,0.19428499223798693,0.19722733672695764,0.187912921044081,0.17701000036102385,0.1634896566663056
1497586439,22,0.12506030739540974,0.14201530084774966,0.15440416293335169,0.17521882969191538,0.19482734854228406,0.1967227238265904,0.1874870769866979,0.1763905162313047,0.1628471982907161
1497586439,23,0.12919866829284374,0.14553185878630057,0.15748096383953586,0.1779674984342552,0.1961960642120183,0.1972508817615453,0.1876586346705343,0.17636879058575336,0.16255727329663447
1497586439,24,0.13258150113722517,0.1495135203436947,0.16109110437199897,0.18058188021228203,0.19740333586050038,0.19729277230224915,0.18787907505686127,0.17649102855698764,0.16221253474854688
1497586439,25,0.13628506444275965,0.15299469294920395,0.1645337376800607,0.18326004548900685,0.1988324488248673,0.1981349507202426,0.18771796815769523,0.17649734647460197,0.16181956027293404
1497586439,26,0.14046188837697557,0.1569808129701989,0.16861550125386365,0.18596547501020588,0.20038490698081293,0.19899982504228145,0.188531521548959,0.17666355630722574,0.16163177232168893
1497586439,27,0.1438519641703872,0.15981523600932243,0.1716086822227838,0.1883722236262039,0.20130289501024903,0.1996181169797546,0.18851262179541178,0.1762979810743268,0.16102266026451012
1497586439,28,0.14728419798548684,0.16346257987652982,0.17446929492039423,0.19062060002166145,0.2025614643127911,0.19997563088920176,0.18932091411242283,0.17675728365644966,0.16110689916603488
1497586439,29,0.15066272777182296,0.16634859219366815,0.17718491019842617,0.19271391597605292,0.20319730203131944,0.20041306109644194,0.18975974484327207,0.17743326971843873,0.1612245431491987
1497586439,30,0.1536643922163255,0.1692191053828658,0.1797573919636088,0.19555218599949456,0.20463735152893603,0.20141521354561534,0.18997978266363408,0.17745766995198384,0.16117007834217842
1497586439,31,0.15725500745921886,0.17274817187996772,0.18306879600870649,0.19829293942136023,0.20616791802196185,0.2027195578272885,0.19055247132480616,0.17804299444838464,0.1610946709383942
1497586439,32,0.16043167172100076,0.1760803639120546,0.1853558567096285,0.20028193707354056,0.20721190295678543,0.20316053828658073,0.19107752084912813,0.1784851213040182,0.16159258908263835
1497586439,33,0.16423139660440647,0.17934845038711605,0.18843476462885106,0.20298894938773634,0.2088129207158775,0.20442483975463505,0.19190387575527834,0.17937142463298641,0.16214074023020192
1497586439,34,0.1676292199973242,0.18310440173036613,0.19128796325201802,0.2052133969584801,0.21063194041832048,0.20584890514204165,0.1928600098113544,0.1804731748650939,0.1631472149132587
1497586439,35,0.17103866565579984,0.1864616051120979,0.19432470486299142,0.20792808404635546,0.21194627964908477,0.20735405610310842,0.1936207083288205,0.1810679085887577,0.1636737788367811
1497586439,36,0.17447982478308482,0.18952699856793867,0.1974243955858815,0.21040771628337965,0.21352455563979447,0.2083438631960239,0.19489722854013986,0.18144006402156518,0.16456069412854857
1497586439,37,0.17778620166793024,0.1927647890498535,0.20034629018707867,0.2123844845603754,0.2154375755588796,0.2094543368235559,0.1959408233100424,0.18245804561195011,0.16508206462717454
1497586439,38,0.18082877778221138,0.19579226686884002,0.20283508239894657,0.21420733410478432,0.21694066477794183,0.21036670523921625,0.197188859183592,0.18338254658632933,0.16587526435497385
1497586439,39,0.18379308333819325,0.19829513423144962,0.20502128652242374,0.21640325810151437,0.2184930308508777,0.21144612274255944,0.19798409828735833,0.184074959662526,0.166909663497988
1497586439,40,0.18666603487490524,0.20111827141774075,0.20743934799090216,0.2183567096285064,0.22015731614859746,0.21266110689916604,0.19883434420015167,0.18495072024260806,0.167475360121304
1497586439,41,0.18973168882560698,0.20386841472660366,0.2098596497716304,0.22067715749181752,0.22164795946670612,0.21406645832948096,0.19997596109395513,0.18573753212892252,0.16833706244568133
1497586439,42,0.1927957688003177,0.20683959709736813,0.21299505397306762,0.2231578757355861,0.2230766453662587,0.21507996678580452,0.20112639445467348,0.1867666702769053,0.1695638831726777
1497586439,43,0.19604351429024805,0.2095844279492921,0.2157289701500432,0.22529400356154236,0.22504716398963276,0.2166898813406915,0.2020470053070508,0.18779202002926812,0.17053088139358571
1497586439,44,0.19887655937693846,0.211782341994624,0.21801123440623063,0.22676442208284514,0.22616996347094906,0.21757185195395962,0.2030463850024123,0.18895168516093458,0.17189330760217794
1497586439,45,0.20257771038665656,0.21433746103950804,0.2202426080363912,0.22857383539718643,0.22771459860163423,0.2187852750400135,0.20404346727318676,0.1900766574003875,0.1727234436862943
1497586439,46,0.2054257177703794,0.21673204337937174,0.2227807627649405,0.2307413389590269,0.2290767050136797,0.22030029337113097,0.20484062366087613,0.19104558789596862,0.17361637604245642
1497586439,47,0.20825738389818205,0.21960543932379462,0.22519478005581273,0.2330505057022567,0.23058248511928767,0.22151694546158437,0.2060555223976901,0.19169099737067088,0.17454390011775522
1497586439,48,0.21130275461207984,0.22250126358352287,0.2273897523376295,0.23484489512256757,0.23187547384382107,0.22291192822845587,0.20735405610310842,0.192751769016932,0.17568549406115744
1497586439,49,0.2142160882548622,0.2251783200012378,0.2299051538735282,0.23683681205613408,0.2330460614875215,0.2239869412511024,0.20847580882239172,0.19381566121520633,0.1767882285590506
1497586439,50,0.21744503411675511,0.22790750568612586,0.23244882486732374,0.23890068233510237,0.2345413191811979,0.2249658832448825,0.20990144048521608,0.19459438968915846,0.17783927217589085
1497586439,51,0.2203243693231652,0.23047020172739302,0.23491504259019758,0.2406606311971339,0.23616376042456405,0.22636727170018883,0.2111671052044775,0.1957142220041921,0.17870044151094858
1497586439,52,0.2230710911529714,0.23279582434245058,0.23731556540502713,0.24249868781711087,0.23765090103225053,0.22754709278591007,0.21254446842013178,0.19711902956785443,0.17990027410042575
1497586439,53,0.22556396355157568,0.23509805884961452,0.23954682649806175,0.2441457936973408,0.23967556897020326,0.22896133434420016,0.21375541791236927,0.19810605518760638,0.18122648661793528
1497586439,54,0.22802768651896776,0.2374694633981973,0.2418077668267206,0.24614607025524385,0.24117597506528513,0.23029511695167498,0.2150619155926207,0.1991407632044478,0.18220874399797826
1497586439,55,0.23095320146116202,0.24006478737335446,0.2441519057136949,0.2478254876283686,0.2423736990833276,0.23153904473085668,0.21619684333861738,0.20023433730787785,0.1834171893307602
1497586439,56,0.23369977255496588,0.24262157478609334,0.24617540344416763,0.24993230802556052,0.24384003032600454,0.23354408101375498,0.21767708220513377,0.20131593198310407,0.1848870897866349
1497586439,57,0.23619701262253434,0.2451618051953234,0.24863333466342122,0.2518388465477568,0.24525491134964017,0.23494007953925752,0.21876621044651048,0.20241277948472397,0.18621230863360066
1497586439,58,0.23903296645839325,0.24759483412198371,0.25092808031162583,0.25390185877493404,0.2468366840082612,0.23626833285404306,0.2197328174426812,0.20349141198922907,0.187537580716844
1497586439,59,0.24166356124953417,0.25021523753228564,0.2528430629264594,0.25551586332737947,0.2481463872219581,0.23732026059803904,0.2208851081327662,0.20457845568676836,0.18871512830726925
1497586439,60,0.24415592620672225,0.2526977508213293,0.25511119535001264,0.2574804144553955,0.24936189032095019,0.23864670204700528,0.22196108162749556,0.2056924437705332,0.1898660601465757
1497586439,61,0.24695807802731828,0.2552604432070993,0.25741682098957236,0.25938055407101757,0.250736399905542,0.24030251432406569,0.22320063634894788,0.20676990765483041,0.1909171130637965
1497586439,62,0.2493091051383013,0.25763041404778786,0.2595563599011959,0.26106654601482066,0.2522316515444252,0.24163589229377097,0.22457751473501433,0.20788598400547828,0.1919831739587664
1497586439,63,0.25182016197937346,0.25998531836287714,0.2616279769426092,0.26322249900718436,0.25399232222583246,0.24332406705416562,0.2262235700446466,0.20902078294041898,0.19317785238937626
1497586439,64,0.2539625189537528,0.2619527103866566,0.2634393953752843,0.2646417740712661,0.2550878980288097,0.2441124905231236,0.22724957354056102,0.2101497346474602,0.1942345053070508
1497586439,65,0.25632472152563135,0.2641686592406835,0.26538753134659127,0.26640228611418915,0.25638887268910016,0.24552983029101297,0.22844812503644954,0.21132559631422407,0.19534612468653412
1497586439,66,0.258661290693133,0.26627725319916373,0.2675178624761642,0.2683679095733682,0.2579203712638133,0.24696739954510993,0.22994922691662648,0.2127874652514531,0.1963953408229375
1497586439,67,0.2608715331605807,0.26853224401117987,0.2696524956717549,0.27017301664535553,0.25925904970975294,0.2483450827741505,0.2312244690120286,0.21394543582315864,0.19775270727484637
1497586439,68,0.26312268652722653,0.2706428666993712,0.27171319627168533,0.2718971591669268,0.26077019132141105,0.2499275297685412,0.23242875618784284,0.21519199036703388,0.19918164384783482
1497586439,69,0.26545142894814916,0.27289558405027964,0.2736482403225984,0.2735823142257529,0.2623144455065871,0.2513762072716485,0.23386733471778137,0.21650679588181648,0.2004922481897793
1497586439,70,0.26763782085995885,0.27497021553124656,0.27566879670746236,0.275116430196036,0.2639499620924943,0.252491064659374,0.2349723816744287,0.21759449799631755,0.20154337701722083
1497586439,71,0.2698320323762133,0.2768582686414163,0.27780328674091553,0.27692233766511126,0.2656889021772789,0.25380409828188233,0.2361744385951798,0.2188704631122596,0.20285320718854444
1497586439,72,0.27204426754275124,0.27881496925280097,0.2796626231993935,0.27856751747957204,0.2672321202931514,0.2553123157274029,0.237464198466852,0.21992671215567353,0.20400555976750065
1497586439,73,0.27466324633647327,0.2811127151121128,0.2816423816299189,0.2807024832012629,0.2690809766635164,0.2566805487760549,0.23876535773261187,0.22131751949899778,0.20521981160488958
1497586439,74,0.27687847058582465,0.2829129356801836,0.28367108579390615,0.2822265024691105,0.2703624777165338,0.25811425527119236,0.2403489539577485,0.2224863225621376,0.20641661373276235
1497586439,75,0.27908011119535003,0.28475612838008596,0.28540308314379587,0.2838412939095274,0.2719282284559009,0.25940864291129645,0.24178417993429363,0.22370988122314883,0.20759666413949965
1497586439,76,0.28159790112126415,0.28688500059853955,0.28742368620565817,0.2854235664977455,0.27340788476118266,0.26069390686724386,0.24312677067954191,0.22495111926898367,0.2090050277323331
1497586439,77,0.2837992182192334,0.28861396374664,0.2893228833334974,0.2871124326772545,0.27487864675127754,0.26206886366097887,0.2445821805184959,0.22623396315587369,0.21038665655799849
1497586439,78,0.28603643008495166,0.2904298127952411,0.2909595458875216,0.28865107598996914,0.27629225714896677,0.2636953014132696,0.24590793336054897,0.22737213506735876,0.2113975233762952
1497586439,79,0.2882793831153252,0.29240122455638623,0.29286667114519055,0.29028032360533973,0.27773245938138785,0.26528536194470304,0.24734407539275055,0.228668630819282,0.2126179211331945
1497586439,80,0.2906889689158454,0.29454131918119786,0.2948303639120546,0.29207259287338894,0.2791745640636846,0.26684988627748296,0.2486732373009856,0.22993745261561788,0.2139689158453374
1497586439,81,0.2929548198691489,0.2965396531229233,0.29656773275676485,0.29386272803002644,0.2807963384157471,0.26826346184445754,0.25002573966435476,0.2312030251125525,0.21530995235822126
1497586439,82,0.2951053088999427,0.2985447216109765,0.29842452708075223,0.2952994692949204,0.28214279110190643,0.2697350172895209,0.2513776142310324,0.23261339891640012,0.21650270899979662
1497586439,83,0.2972176804260256,0.30036446011490997,0.30007216127588443,0.29697105328059775,0.28358467988709957,0.2710660686719585,0.25254162974871436,0.23395325045443333,0.21781287393699134
1497586439,84,0.29936098776129105,0.30236651142640525,0.30187010361384886,0.2985757608577927,0.28495613560056315,0.2724601971190296,0.25392162171919563,0.23526120076537063,0.2189654861186324
1497586439,85,0.3014271060964189,0.30433929447442354,0.303536547295188,0.3002051465013602,0.286357757659546,0.27388841814208625,0.25512197297417827,0.23647593988315566,0.22014895419881372
1497586439,86,0.3035024772114181,0.3064909991713243,0.30535377400074054,0.3019376906394908,0.2880970432145565,0.27533191106722854,0.2564574995151366,0.23783433538445264,0.22153410793941852
1497586439,87,0.30530792223297,0.3082141643355729,0.30714229693341355,0.3033079745191847,0.2894085557676052,0.2766768624785409,0.25770132371266985,0.23886521485277074,0.2228046325586259
1497586439,88,0.3072058722172445,0.30988093597077676,0.3086834034047833,0.3048108070852574,0.29068164587497414,0.27805155420773314,0.2588781101385347,0.2400105107174857,0.22385674408987527
1497586439,89,0.30952117283267033,0.31187229003927047,0.3104837679208798,0.30666320246015455,0.29217316489339046,0.27948905793459466,0.26030530449523387,0.24124932916492747,0.22508539836955133
1497586439,90,0.31167551175132674,0.3136298542667003,0.31223570044646615,0.30821329289866056,0.2937284137814843,0.28086934546373515,0.2618187178839188,0.24260803639120546,0.2262572656052565
1497586439,91,0.3137116863424672,0.315373784668705,0.31391580368077715,0.30965433353606214,0.29497038215764526,0.28214014946387955,0.263098917761541,0.24391188796040955,0.22735338959751394
1497586439,92,0.3156706332201602,0.3172322576391865,0.31554290140752217,0.31111761215677225,0.2961111843623298,0.2833050400501039,0.26431420377756537,0.24516267264396607,0.22871411148102977
1497586439,93,0.31746924600748366,0.3189977744625694,0.31715538816470606,0.3125657267235687,0.29743125698027995,0.28450194428819486,0.2654503656240065,0.24651699316034464,0.22998850546601776
1497586439,94,0.3192376558643718,0.3205240914296775,0.31864081428548385,0.3139265723549433,0.2987998645008308,0.2856330553449583,0.26665107350829936,0.24780217121287887,0.23109867243075832
1497586439,95,0.3210685926339731,0.32234946729978853,0.3201827540800447,0.3153425641434899,0.3001875423965524,0.28696380830772916,0.2679701528271019,0.24921990343561706,0.23237300985595147
1497586439,96,0.3228929744756128,0.32399861005812486,0.32214667045741724,0.3166619282284559,0.30149892595400557,0.2883576573161486,0.2691748799595653,0.2504027672479151,0.23347074804144555
1497586439,97,0.32455468450794495,0.325777885464621,0.323816074345607,0.3180713286385343,0.3028848784224225,0.28970713520864766,0.2703782152990003,0.25170192976559874,0.23472562000265743
1497586439,98,0.32627531679844035,0.3273970695177237,0.32539338707431414,0.31956027293404093,0.3042618867107116,0.2909942597205675,0.2716962448360694,0.2530171280035896,0.23607092571676133
1497586439,99,0.3282483669140227,0.3292400885274274,0.3271647483171365,0.32110337644833475,0.3057412640430078,0.2923779110284038,0.2730527412104365,0.25417174014596305,0.23732013080003983
1497586439,100,0.3298218347232752,0.33099317664897654,0.32869219105382863,0.32260803639120544,0.3069901440485216,0.2935860500379075,0.27431766489764975,0.25525777103866565,0.23862395754359364
1497586439,101,0.3314880009608239,0.3325426553269428,0.33011807625038475,0.3241054203979913,0.30817300835466416,0.294762759065899,0.2753698796718186,0.2562847641852889,0.239661759959165
1497586439,102,0.3331363629606505,0.3343330508852518,0.3318987943926623,0.32567007090933414,0.30961884374674814,0.29623972409282134,0.2768065527954927,0.2577264416001427,0.24091334790170807
1497586439,103,0.3349698580124689,0.3359893122916007,0.3334645988060976,0.32716385611341336,0.3108746696894529,0.2975297555517934,0.27817116526936403,0.25901867404697587,0.2422252809939863
1497586439,104,0.33660042573044846,0.3376064326121187,0.33488000816469354,0.3286034000116639,0.312277657899341,0.2988423630955852,0.2793127077622908,0.26039540444392606,0.2434609552691433
1497586439,105,0.33809162785660135,0.3391602584930864,0.3362865085382144,0.33000108307159104,0.31355644608108596,0.30011913787501354,0.2804649987364165,0.2617242499729232,0.2447055850391711
1497586439,106,0.33957257499249005,0.34088145679259585,0.33773799476447275,0.33153689902298766,0.3148719012402192,0.3013324845866652,0.2817171384839859,0.263095970360622,0.24603759280186535
1497586439,107,0.3411994359929995,0.3424606576775098,0.3393465737991823,0.3327747585610736,0.31602105815082226,0.3024204119518468,0.2830025578709444,0.2642755415104901,0.2474403576768013
1497586439,108,0.3429014685648499,0.3439298851542976,0.3407568865301997,0.33425996125010526,0.3173841013113189,0.3035443517816528,0.2842782130121023,0.26552101760593044,0.24862409794176288
1497586439,109,0.344391428034861,0.34528521050837796,0.34208567791835626,0.3357526900418026,0.31870126798867643,0.3047728679636366,0.2854713398390496,0.266694952389564,0.2496852633702207
1497586439,110,0.3459128816596595,0.34675029292163484,0.34350747811703086,0.3370218485078227,0.3199048866220966,0.30588600179199116,0.28676683437866146,0.2679647115583431,0.2509924874216004
1497586439,111,0.3475708460545458,0.34827776980923303,0.3450436790088041,0.3385106106865015,0.3212200069667848,0.30723179585954413,0.2881107035769659,0.2690784036500488,0.25195855446044985
1497586439,112,0.34899951261778406,0.34969335535578905,0.3464339867865266,0.34000663381349505,0.3226064117838189,0.30854001949528864,0.28925457597747206,0.27017559298169613,0.25326613776670637
1497586439,113,0.35065113688970595,0.35115768851436124,0.34795735573342634,0.34162042845545365,0.32399176098814464,0.3100599139868632,0.29060296416566583,0.27147812435003726,0.25465457204774333
1497586439,114,0.3522438583190349,0.35275261694798027,0.349354242315417,0.3428201854142559,0.32519319527020735,0.3111208650891824,0.2916251014192038,0.272677999015735,0.25586236250216143
1497586439,115,0.353831954379141,0.3543264001054818,0.35071035369350956,0.34420015163002277,0.32647262418828493,0.31215347595345616,0.2928107591390052,0.2739690806605795,0.2569074067969806
1497586439,116,0.3555724033358605,0.3559351389506156,0.35240908734412174,0.34542560978797937,0.32782149486287937,0.31336108859899087,0.29409688635591225,0.27525097383074953,0.25811089906146245
1497586439,117,0.3571437828450717,0.35750341815542724,0.3537353472910713,0.34676295821102493,0.32901770960906673,0.3145998976173351,0.2952929893794185,0.27648503463514834,0.259342418174867
1497586439,118,0.35879775381966306,0.35913827887074184,0.3550037907505686,0.34803908970586345,0.33021613703242053,0.31583055987458397,0.29656198198429734,0.27771102915665435,0.26058518908777834
1497586439,119,0.3604430399908258,0.36066602531839115,0.35648982868355833,0.34944667783716976,0.33155051254770296,0.317327234153707,0.2977969049636534,0.27893553175629615,0.26183255713202647
1497586439,120,0.36208933535506693,0.36211776598433154,0.35799848369977255,0.35067285822592875,0.3327678797068486,0.3187073540561031,0.29909969673995457,0.28001326762699014,0.2629011877685115
1497586439,121,0.3634797210508838,0.3634483925337878,0.3592848326117331,0.3519351625010182,0.33385547528493287,0.31976077544345516,0.30009586526231363,0.2811421124192508,0.26403360923314056
1497586439,122,0.364813134640003,0.3647696342236419,0.3605034862476541,0.35305248635951225,0.3349625274984775,0.32097092929318044,0.3012807765445755,0.28220273679762364,0.265116394685492
1497586439,123,0.36641456634429875,0.3660817199529084,0.36191805814949735,0.35433039319020937,0.3361779372153084,0.3221583239335047,0.30249264964219014,0.2834495213792168,0.266311014133644
1497586439,124,0.3678801144562107,0.3674123847489545,0.36316613270072634,0.355670229156986,0.3375265963951185,0.32347941989288076,0.30364217760277823,0.28452334368656607,0.2674771943554501
1497586439,125,0.36941622441243366,0.3689522365428355,0.3646156178923427,0.356909780136467,0.33877786201667937,0.3247156937073541,0.3047611827141774,0.28563457164518574,0.2687581501137225
1497586439,126,0.3710422758944366,0.3702720916519249,0.3659969673995451,0.35806045946303716,0.3398738823302887,0.3259022588059738,0.3059526818056007,0.28680939143410716,0.2698593210344537
1497586439,127,0.37248452358921397,0.37184875203715534,0.3674013360157122,0.35943777497865836,0.34109889978688224,0.32706416815411343,0.3070776596443261,0.2879746646528926,0.2710506050276695
1497586439,128,0.37380354435178165,0.37331489291129644,0.3685053781273692,0.3604529946929492,0.34222185367702807,0.32806576952236544,0.3080340219863533,0.2889588466641395,0.27226177501895377
1497586439,129,0.37530193769063946,0.37477005718450085,0.37002133399157217,0.36170812983761486,0.3433949844549841,0.3292164019018401,0.30936932489377084,0.2902186881064467,0.2734306586502577
1497586439,130,0.3768064384440427,0.3763253047180265,0.3714002449408059,0.36296436694465506,0.3446113022686184,0.33043097918003145,0.31081530296844934,0.29143581967691146,0.2744969965591649
1497586439,131,0.378293757125743,0.37772080398636493,0.3727118045708928,0.3642332555891868,0.3458553495882261,0.331708036969946,0.31204822066219495,0.2926690935186846,0.2755904600408591
1497586439,132,0.3798705401245204,0.37914110781813587,0.3741097479725228,0.36546281618305876,0.3470403427757484,0.3330145656718818,0.3133313805224343,0.29400716796471155,0.27681668849220026
1497586439,133,0.381198447217361,0.3804374469152411,0.37527860591585105,0.36664538525996565,0.34822176745882905,0.33407628244226945,0.31454964173131844,0.2951455591214579,0.27783636498372544
1497586439,134,0.38266212530976657,0.38180779197266135,0.37667896303169524,0.3679602367238862,0.3493657565093411,0.33522116483541353,0.31575254885541965,0.2963291955687823,0.2789398345648558
1497586439,135,0.38397776092999747,0.3830567489399938,0.377960295397748,0.3692556089068599,0.35056580462190773,0.3363996293488333,0.3169151714261646,0.2974531772105692,0.2800185325583354
1497586439,136,0.3853911162645498,0.3843235740088302,0.37928131828925654,0.3704510993176649,0.351684096686438,0.3376360210498149,0.3181749765865406,0.2984797975293226,0.28112596441154175
1497586439,137,0.386717431365279,0.3856466135039263,0.3804447076141514,0.37157103091813637,0.3527556266359717,0.33884606232325976,0.3192835758122444,0.2994969646325739,0.2822559669734316
1497586439,138,0.38802452450802655,0.3869092747030579,0.381712100735076,0.37282581226445155,0.3538803001834943,0.3400825174978849,0.3205052136554922,0.3007136499983519,0.2834162903385305
1497586439,139,0.3892719031749582,0.3880719533546779,0.38277853835203257,0.3740052688705745,0.35502151728200454,0.34110755368411866,0.3215211000267261,0.30184465013281264,0.2845081023884456
1497586439,140,0.3907668146864508,0.3894671287772121,0.3840463554640962,0.3752491064659374,0.35632513809162786,0.34237246832015594,0.32263890393154987,0.303046138849778,0.28576302393588215
1497586439,141,0.3920254437328945,0.39056291301706103,0.38514832319778036,0.3762629114039758,0.3574785325224891,0.34335059334656065,0.3238725877652853,0.30410960377246893,0.2869598180439727
1497586439,142,0.3934051618276757,0.3918995397708464,0.38640295144635817,0.377473331268887,0.3586583946438296,0.3444297322982626,0.3249794445215646,0.3051554207733131,0.2878567843757008
1497586439,143,0.3945879745728116,0.3929815446115673,0.3874041046141122,0.3785104205877519,0.3596600518511057,0.34557330463319846,0.3260178032732999,0.3063005985674674,0.28883663720661445
1497586439,144,0.39588335018111365,0.3942433240670541,0.3885677280768258,0.3795594305450257,0.3607741555050122,0.34673258360710973,0.32725497009518995,0.30746935809957043,0.28995029904810043
1497586439,145,0.3972209876865964,0.39557135761156575,0.3897937308828527,0.3807952733261876,0.362003607748817,0.34789155839063035,0.3284123290894356,0.3086481399179107,0.2910956576298659
1497586439,146,0.39843384880617316,0.39683965644375674,0.39092245059042235,0.38178570315826643,0.36322920020355814,0.34904504242524953,0.3295616230643804,0.3098341416806007,0.29231879693001134
1497586439,147,0.3996920982191209,0.39816032554037534,0.3922163254991155,0.38291222478377246,0.3642601847410685,0.3500590531891301,0.33069270164472153,0.31082091669116474,0.29327773565832704
1497586439,148,0.4009666413949962,0.3994503411675512,0.3934901542937934,0.3840645042312973,0.365430916132205,0.3512360920435219,0.33196217445648835,0.3119608425711534,0.2943415363809602
1497586439,149,0.40216556166711603,0.4006568938233662,0.39471381105270925,0.3851249930036483,0.3664052999272379,0.35224977230055304,0.333000900621276,0.31311599696739956,0.295431763945637
1497586439,150,0.4033636593378822,0.401908011119535,0.3958984078847612,0.3862800101086682,0.3675233762951731,0.3533636593378823,0.3340636846095527,0.3143391458175385,0.2964821834723275
1497586439,151,0.40467140970733395,0.4031149425864467,0.3970547625383468,0.38749755232993083,0.3686065602578715,0.35444773031947746,0.33512494414291377,0.31550090626553334,0.2974910754183633
1497586439,152,0.40586469015601934,0.40440574997007295,0.39830064642272855,0.3886317385579187,0.36974033358605,0.35549010414588406,0.33626451458441403,0.3165800446909541,0.2985390646821755
1497586439,153,0.4070101631757075,0.4057019825873235,0.3997111101200652,0.3897833078139014,0.3708122116675834,0.3565337178591427,0.3373817558360216,0.317734270862755,0.2995386681334146
1497586439,154,0.4081875289229346,0.4067450744857872,0.40089648789421345,0.3908608449927631,0.3717766312535077,0.35755885509486723,0.3385558717249392,0.31872827703002077,0.30063113535441055
1497586439,155,0.4095135611044535,0.40786764166401723,0.40194184254934096,0.39197094573112573,0.37282398689133994,0.35845337376800607,0.33963168578346253,0.3197534789307638,0.3016557020225488
1497586439,156,0.4106962345211019,0.40884702863474665,0.4029422056336386,0.3931372834898233,0.3738822145759219,0.35964989016543225,0.34067912754417684,0.3208092766470325,0.3026501234423903
1497586439,157,0.411914546341322,0.4099829536948953,0.40399743098178026,0.39417045339308393,0.3747917501678071,0.3606331760694987,0.34173978549663664,0.3218636971649049,0.3036173901285958
1497586439,158,0.4132254009078607,0.4112748438114798,0.4052288365754647,0.39527451751902576,0.3757905394382012,0.36182474256485064,0.34284219921114,0.3229359603074827,0.30469237339372945
1497586439,159,0.4145364555766947,0.4127149880078771,0.40645190515017565,0.39645052236066014,0.3769341172319415,0.3629798637237091,0.34387829544966886,0.3241568560134655,0.30586588848994617
1497586439,160,0.4158405989385898,0.4138836239575435,0.407586239575436,0.3974341357088703,0.3778572782410917,0.36400919257012887,0.3448445792266869,0.325142153146323,0.3069015352539803
1497586439,161,0.41711912374799276,0.41503538818698527,0.4087700544832101,0.3985303189410386,0.37889611459839234,0.3649692266397939,0.345904812134169,0.32620939070159494,0.3080067244618782
1497586439,162,0.4183374048802404,0.4161939928303334,0.4099135147277679,0.39970890779584234,0.37997828508316256,0.36604142681979424,0.34705725437340296,0.3274295903181422,0.3091637885041979
1497586439,163,0.4195779475992688,0.417305822871947,0.411012711805281,0.40079629018079316,0.3810146188086345,0.36712837853551444,0.3481025316632325,0.32852086308181044,0.3101601417694201
1497586439,164,0.4207640673829028,0.4184040940106141,0.4120638325412822,0.4018288060060282,0.3820452486177629,0.36824599197470365,0.34909576730338954,0.32952486177629026,0.3112506703156493
1497586439,165,0.42194270223079927,0.4196177085487169,0.41322857077216435,0.4029269189238863,0.3831943391458175,0.36928802812047695,0.3502538654168677,0.3306361568681508,0.3122797344177177
1497586439,166,0.4229724051627282,0.42078244745471655,0.4142856490404377,0.4040003836422263,0.3843227344556391,0.3704157037551266,0.351354622432109,0.33165642098340287,0.3133238031732693
1497586439,167,0.42416228952254703,0.4219536665864631,0.41547988178306017,0.4051608685585615,0.3853763284651319,0.37143907787155034,0.3524580861022459,0.3326712760982962,0.3144007663217916
1497586439,168,0.4254282645582873,0.42296202028954116,0.41650646232715977,0.40624435900213,0.38630230333225024,0.37245703816022235,0.3535303621069352,0.33374399797826637,0.31546490848045056
1497586439,169,0.42659850792468745,0.4241984469137907,0.41765771989717865,0.40720287468989874,0.387331715348278,0.37350332643970013,0.35451592788153125,0.33485337197356796,0.3165680473372781
1497586439,170,0.427819649467065,0.4252642376131651,0.41860143602550953,0.4082482272666459,0.38828881059626275,0.3747246131204567,0.35559916157516835,0.3359251661240691,0.31770280515542076
1497586439,171,0.4291728183232912,0.42654367787044056,0.4197380613525221,0.40934564108020866,0.38936550372646295,0.3757830892622002,0.3566608586160878,0.33703097774762913,0.31888636172184315
1497586439,172,0.4302634130860236,0.42763413086023594,0.42073364247051154,0.41038180792355017,0.3904340850186011,0.3768755399615636,0.357789551633549,0.3380688329777668,0.3199415519156514
1497586439,173,0.43157147427329345,0.4289157576899648,0.4218710969511847,0.41141695188595323,0.39161082796127733,0.3778983903552788,0.35874523964993627,0.33918891084943487,0.3210502789378886
1497586439,174,0.43262485512361337,0.42996915113330375,0.4229453696199663,0.41243584045733006,0.39277404512300335,0.3788855193328279,0.359792336583793,0.34015232717227434,0.32210704731031
1497586439,175,0.4337095201992852,0.43115347124444936,0.4240095310300011,0.4133716018628831,0.39377450449474705,0.37985053612043757,0.3607039965341709,0.34120654175240983,0.3230477634571645
1497586439,176,0.4347969363843131,0.4322252567371977,0.4250465228478875,0.41442380591357086,0.39473344131228894,0.38087781721689984,0.3616268350678889,0.34216693087049416,0.3240273278654628
1497586439,177,0.4358956237176769,0.43316499830808314,0.4260996389149459,0.41548982065680645,0.39565584268170967,0.38182924060771944,0.3625371043805657,0.343165726474859,0.3250001070833494
1497586439,178,0.4369244661004677,0.43421982945881704,0.4271217555008475,0.4165438577062977,0.39667862101864704,0.3827529367668731,0.3634776090160234,0.34408515133187384,0.32595769692736243
1497586439,179,0.4379884032680929,0.43528616990186414,0.42818327749564805,0.41762000160948065,0.3976243217944862,0.3837891410879243,0.36439489879331305,0.34510019017284976,0.3270210630196399
1497586439,180,0.4389773397354898,0.4363132844747704,0.42922036896638865,0.4186315390447308,0.39860584617976585,0.384664307977424,0.36531673826973293,0.3460934209417909,0.3279209839103698
1497586439,181,0.4400600655946452,0.4373897854979706,0.4302208688148983,0.419721955775973,0.3996435437863105,0.3857162005369881,0.36636452360108734,0.3470840541344313,0.32887379104377584
1497586439,182,0.4411538044972465,0.4384856992893384,0.4312228711394746,0.4207566504761349,0.40075523415174663,0.38672112572794903,0.3674091261278524,0.34811795482758334,0.32989735813844984
1497586439,183,0.44225216155640346,0.4396628510587173,0.43225949448373296,0.42172825082754356,0.4017739884081748,0.38774613985591,0.36855209899866187,0.34917991357917283,0.33084138091036014
1497586439,184,0.44325411214029076,0.44059028578962983,0.43315093779872765,0.42274903583083356,0.4027445858192966,0.3887435310017471,0.3695425552955137,0.3500902363450572,0.3318019250420279
1497586439,185,0.4443189967829847,0.44161629408028197,0.43414953998729583,0.4237075589615393,0.4038563203081778,0.38973628670368626,0.3705079605761941,0.35123045714402806,0.33276847734770404
1497586439,186,0.44537039301523634,0.44277393267953075,0.4351965076181858,0.42469653615071695,0.40478490547580037,0.39074282406841293,0.37149355572403336,0.35226059168317475,0.33387952750128397
1497586439,187,0.4464612228515364,0.4438563487977036,0.43611470365249966,0.42574791306004794,0.40581302477569703,0.3917568405817079,0.3724625283292723,0.35324119309313085,0.33491990772461716
1497586439,188,0.44753238268836815,0.44500588776152145,0.43719855467552793,0.42675181068830353,0.40694715532398823,0.3927963641056248,0.37351596147952193,0.35419724807639574,0.33584235316890615
1497586439,189,0.44849593447015734,0.4459787958650734,0.4382107657316149,0.4278533922203369,0.40799306834181737,0.3938910750889522,0.3746124007685797,0.3552254192891039,0.33677509416705775
1497586439,190,0.44955508559115764,0.44696939467698815,0.4391823949563066,0.428831650772116,0.4089062687043613,0.394846574358565,0.37549180000798055,0.3562427676469415,0.3378336858066318
1497586439,191,0.45068848762945113,0.44794962072647454,0.4402669005950089,0.42988897665612136,0.4099250185568156,0.39584763961274805,0.3764334395801992,0.35723160096693907,0.338813713387502
1497586439,192,0.45164621240839026,0.44904796878948694,0.4413440579984837,0.43091751958554464,0.410945002527167,0.39681458491281274,0.3775449361890321,0.3581824930502906,0.3397874810462472
1497586439,193,0.45264900792325796,0.4500622625870596,0.4422980983395334,0.43189022929130644,0.41180121539712533,0.39775186885967156,0.37862134526470437,0.3591471007632568,0.34084543558277386
1497586439,194,0.45369031521849573,0.45108368570379,0.44333023299438024,0.4327845212321111,0.41272871513095677,0.39867949008542863,0.3796593014076581,0.36013107399388794,0.34168731388196305
1497586439,195,0.4547287183375129,0.45214323205225404,0.4444062129429832,0.4338601504636379,0.41370890923582343,0.3997842188137866,0.38068661184658154,0.36116910635485316,0.34273633871814313
1497586439,196,0.45573525088579775,0.45322291160588574,0.44545767510946765,0.4348880568148412,0.41479127663195686,0.4007635654716777,0.3816454178335474,0.36223909578994595,0.34375338459872196
1497586439,197,0.4567277163517971,0.45425122092956133,0.44642534145618706,0.4358035429086025,0.415652913490069,0.4017560603903127,0.3826233533325893,0.36315005599535105,0.3446331053751689
1497586439,198,0.45769866979116414,0.45518107534786834,0.4475076772271617,0.4367078671475943,0.41666858118715594,0.4026964106569868,0.38361629946163683,0.3641398825250228,0.34551351268561276
1497586439,199,0.4587646343925845,0.4561415873910874,0.44848389026253327,0.43765834479448035,0.4175654618810505,0.40360445136981343,0.38456116823693903,0.365100712051539,0.3463431638861479
1497586439,200,0.45971190295678543,0.45705269143290367,0.4493517816527672,0.4385898407884761,0.41855193328278995,0.40460386656558,0.38559135708870357,0.36608794541319184,0.3473009855951479
432652533,1,0.009476876421531463,0.014025777103866566,0.021986353297952996,0.052312357846853674,0.15200909780136468,0.26194086429112967,0.4184988627748294,0.4909021986353298,0.543972706595906
432652533,2,0.018574677786201668,0.02520849128127369,0.04283548142532222,0.07505686125852919,0.18290371493555724,0.28089461713419256,0.36637604245640637,0.3898786959818044,0.3984078847611827
432652533,3,0.02666161233257518,0.0365175638109679,0.054839524892595394,0.09135708870356331,0.19067475360121305,0.26459438968915844,0.3190548395248926,0.33080616628759163,0.33206974981046244
432652533,4,0.032789992418498864,0.043309325246398786,0.06358984078847611,0.1010235026535254,0.18925322213798332,0.25104245640636846,0.2847801364670205,0.29046626231993933,0.28999241849886276
432652533,5,0.038893100833965126,0.05163002274450341,0.07149355572403336,0.10561031084154664,0.18718726307808944,0.23745261561789238,0.2595147839272176,0.2612585291887794,0.25792266868840036
432652533,6,0.04504675259034622,0.05768258781905484,0.07872125347485469,0.11309072529694213,0.18688400303260044,0.22706595905989385,0.2441243366186505,0.24166034874905232,0.2363532979529947
432652533,7,0.050687750460305415,0.06514675620058485,0.08464204483916385,0.11816311058160943,0.18655908155529077,0.22089245099101043,0.23156070616267727,0.22614534820751647,0.21970107224087507
432652533,8,0.05671910538286581,0.07249810462471569,0.0916887793783169,0.12315200909780137,0.18532031842304778,0.21578847611827143,0.22360689916603488,0.21498294162244125,0.20740144048521608
432652533,9,0.06284222053744419,0.07846853677028051,0.09687473675343274,0.128548563726729,0.1854098222559178,0.21004970095189957,0.2157779462555808,0.20613259203099993,0.19871956869682417
432652533,10,0.06865049279757392,0.08498862774829417,0.10227445034116756,0.13316906747536011,0.1844200151630023,0.20617892342683855,0.209931766489765,0.2001895375284307,0.1921910538286581
432652533,11,0.07491901578330691,0.0903577090082018,0.10662347508443036,0.1372940933213867,0.18505755048590528,0.20507960576194087,0.20363222827210695,0.19518919291474257,0.18643600523812806
432652533,12,0.07941622441243366,0.09600075815011372,0.11138488754106646,0.1403209502148092,0.1852729340409401,0.20293151377306037,0.19907758402830425,0.1908958807177154,0.18217715440990648
432652533,13,0.08465037615909489,0.10147547675978305,0.11675511751326763,0.1448649909605179,0.185396862424914,0.2007639820376743,0.1958360062984779,0.18702980113139323,0.17839855368285998
432652533,14,0.09084262969782302,0.10725116430196034,0.12227878262753167,0.14935557240333586,0.18626123686775692,0.19947471027834943,0.19422181306184336,0.18360771146972812,0.1749431387414708
432652533,15,0.09620924943138741,0.11177659843315643,0.12686378569623452,0.15296942127874652,0.1871367197371746,0.19843315643164014,0.19264594389689157,0.18276472074804145,0.1723022491786707
432652533,16,0.10116565579984838,0.11677880970432146,0.13082827899924185,0.15613153904473084,0.18721569370735405,0.19719010614101593,0.19140921152388174,0.18126895375284308,0.17010993176648975
432652533,17,0.10533826874191678,0.1208357490077153,0.13626633367524418,0.1598581813316684,0.18844490032555858,0.19671765597823665,0.19049636533916067,0.17983766668153237,0.1684208179101815
432652533,18,0.10875242186841884,0.12503158958807176,0.13979445708027968,0.16314969252800945,0.18964282705753516,0.19631876000336956,0.18932693117681745,0.17913402409232584,0.16761435430881982
432652533,19,0.11296436694465505,0.1289653246079566,0.14311080962451617,0.16601492358644906,0.19069470491999518,0.1967798571485575,0.18959738238697577,0.1784445951877419,0.16699253820677545
432652533,20,0.11709628506444275,0.13311220621683093,0.1471948445792267,0.16969294920394237,0.19226686884003033,0.19728961334344203,0.18896891584533737,0.1782789992418499,0.16622441243366187
432652533,21,0.12150258132062529,0.1366294812087079,0.15107043575580345,0.17255135564460808,0.19408642911296436,0.1981298963861511,0.18881548070327447,0.17782230405429797,0.16556554388245062
432652533,22,0.12535322903025706,0.14082638362395755,0.15447308567096285,0.17530498311392925,0.19441381211661724,0.19785994899717418,0.1881246123096009,0.17709697429181886,0.16486318836584188
432652533,23,0.12906681609915285,0.1441474107525464,0.15822263242904702,0.17841249958796188,0.19571810000988893,0.19807495797211325,0.18858160002637042,0.17717638527210997,0.16469987144411116
432652533,24,0.1329763709881223,0.14788665655799849,0.16158074298711145,0.1809609552691433,0.19727697750821327,0.19822466515036644,0.18900050543340913,0.17672795046752593,0.16379201415213546
432652533,25,0.13696739954510995,0.15166034874905232,0.16518574677786202,0.18385140257771038,0.19915087187263078,0.1987566338134951,0.18920394238059135,0.17649734647460197,0.16368460955269146
432652533,26,0.14110340001166385,0.155420773313116,0.16813436752784744,0.18605295386948154,0.20025368869189944,0.19932058085962562,0.1900332419665248,0.17647401877879512,0.16415407943080423
432652533,27,0.1448487911717631,0.15914132479712464,0.17124364698284333,0.1882739449077584,0.20217336365933786,0.20036222727655625,0.19016932019206467,0.17635414034200994,0.16460281357931092
432652533,28,0.14855680710494962,0.16236596989060975,0.17457760207949746,0.19011967941080904,0.20357684392938372,0.20081501137225172,0.1904852160727824,0.17656774612801904,0.16492472652442325
432652533,29,0.1518130244960916,0.1654597265430969,0.1773679119500144,0.1924524849023555,0.20462210138297035,0.20117121121016446,0.1908708269064861,0.17704112310789258,0.1647930773051685
432652533,30,0.15489006823351023,0.16848622693960072,0.1803512762193581,0.1947055850391711,0.205724033358605,0.2017563810967905,0.19120545868081879,0.17750821329289865,0.1646196613596159
432652533,31,0.15852674313385015,0.17190442417276042,0.18290982904937758,0.1974736481694343,0.20748856660715592,0.20279292719313263,0.1915796424466238,0.1779940815378219,0.1644207488566607
432652533,32,0.1616992039423806,0.1749431387414708,0.18571123957543595,0.19926317285822592,0.20837282031842305,0.20318423047763456,0.19215551554207733,0.1782481993934799,0.1647673426838514
432652533,33,0.16526523766857354,0.1782916350770786,0.188492200243527,0.20196659544650444,0.20942173823144256,0.2036896638867829,0.19278838422128794,0.17869368437981023,0.16534564752911984
432652533,34,0.16908977389287783,0.1817107434330821,0.19115417205547874,0.20446639611113587,0.21125629933550372,0.20483432190161888,0.19388574231815547,0.179536636489319,0.16601257637247469
432652533,35,0.17268493447416872,0.1854110256687967,0.19364236976064114,0.20686667388714391,0.2127044297628073,0.20578360229611173,0.19483374851077656,0.1800606520090978,0.1666630564280299
432652533,36,0.17603824446129224,0.1886003706511667,0.19672942464830256,0.20917572234858056,0.21374568275629685,0.20712239912391545,0.19571855783000588,0.18080827226012972,0.1673089882907927
432652533,37,0.17949716205970945,0.19190418621806035,0.19974181915046207,0.21125750466159868,0.21578591480031964,0.2083273569247792,0.19655553961846609,0.18159744278015696,0.16819662725652113
432652533,38,0.18198595427157735,0.19479470092973145,0.20270539882686245,0.21313993854993815,0.21730976417541198,0.2092494313874147,0.19736842105263158,0.18210566218427038,0.16918718327281435
432652533,39,0.18499834762154702,0.19719678855387723,0.20513792500145794,0.21529519255068916,0.21876518730195754,0.21026029820571143,0.19808129701988686,0.18305437297097643,0.17004918255865945
432652533,40,0.187803260045489,0.2000663381349507,0.20773313115996966,0.2175890826383624,0.21986353297952996,0.2110879454131918,0.19894806671721002,0.18393669446550417,0.1707827899924185
432652533,41,0.1913034634516171,0.20295308715028015,0.21027570776086837,0.21963238965217555,0.2215462564026702,0.2125131751696592,0.20010540135727362,0.1847852216202223,0.1717302464912443
432652533,42,0.19442037618686592,0.20555796238131344,0.21307628434239503,0.22199357377522652,0.22339254124697644,0.21353658976858372,0.2009819849092025,0.18566554749268924,0.1724159716957291
432652533,43,0.19747165752772539,0.20850009697268895,0.2154821305781336,0.2243330923708941,0.22523229366856495,0.21488266304635292,0.20253186875187332,0.18712202690551336,0.1737045330324241
432652533,44,0.1999017850989041,0.21055896340202634,0.2174856985319457,0.22594596457371285,0.22644565442139358,0.21578847611827143,0.2034513060858777,0.18791784409676754,0.17477083189744294
432652533,45,0.2030410243450425,0.21327605088029652,0.2198719568696824,0.22797573919636088,0.22787465251453115,0.2167214219526577,0.20480161738690927,0.18871198719568696,0.17554544688737259
432652533,46,0.20555756996407032,0.21575139268879587,0.2222863170385997,0.22977716979266244,0.2292909648284273,0.21791871312258956,0.20597784883145992,0.1897188251969542,0.17638527210996474
432652533,47,0.20846708499346703,0.21838755988579353,0.2247431161582759,0.23175197199683834,0.23095349474940716,0.21930701853435064,0.20730566354265803,0.19062636104076267,0.17734260319713516
432652533,48,0.21141331817033104,0.22096127116502398,0.22741344452868337,0.233826130907253,0.23204921657821578,0.22076383623957543,0.20872820318423047,0.1918277735658327,0.17811789234268385
432652533,49,0.21434760409091613,0.22360012996859094,0.22968853955532176,0.23589299252680598,0.2332162584518265,0.22184400674598875,0.20965171512122666,0.19306524732713404,0.17890021816156335
432652533,50,0.21764973464746024,0.22639878695981805,0.2322820318423048,0.2379909021986353,0.23447308567096284,0.22327520849128127,0.210841546626232,0.19426080363912057,0.17959059893858983
432652533,51,0.2203912649214348,0.22935527508956577,0.23476638570515396,0.2399396453046723,0.23574008830218968,0.22468001605494356,0.21221513624403512,0.1952905498818178,0.18089313056534212
432652533,52,0.2233189479209191,0.23189187612993528,0.23697293987286408,0.24164576893917303,0.23726453607044964,0.22621304018195604,0.2135358954919228,0.19622966116521842,0.18201434653292123
432652533,53,0.22592158152974667,0.23425408042113094,0.23940377930679335,0.24358790965139399,0.23850973436136583,0.22771682378016503,0.2151286709485459,0.19709042012960074,0.1832434520148197
432652533,54,0.22882093617499225,0.23668323365063318,0.24210962289051752,0.24577401510684296,0.2402072276977508,0.22908067278802682,0.2163114592985707,0.19808777693538876,0.18419537809226966
432652533,55,0.2313253842442622,0.23934109862843753,0.24451719622303397,0.247604934868013,0.24178785581363293,0.23051209594045072,0.21751326762699014,0.1993659108139775,0.1854573023640499
432652533,56,0.2339502328603921,0.24171450232860392,0.24645970973681358,0.249729232102242,0.24333910971515213,0.23209547276074946,0.21886169175782522,0.2006863966208166,0.1868366186504928
432652533,57,0.23653618504183127,0.24413098705824454,0.24857348070707472,0.2516991873162816,0.24505539816181848,0.233596690741258,0.22004309484856946,0.20176103640450635,0.1878682680925209
432652533,58,0.23946432772999401,0.24674518313246713,0.2509803665263653,0.25371232124650334,0.24639878695981804,0.23500692792345299,0.2212556534469687,0.20307965804815561,0.18914538182008314
432652533,59,0.24188201128230172,0.24914226237133935,0.2530615129592269,0.2552909882936482,0.2477159121573868,0.2362729854409478,0.22236285835442873,0.20425720563858085,0.19003867850580178
432652533,60,0.24445918625221127,0.2514594389689158,0.25482057113975237,0.2570697498104625,0.24920394238059135,0.2374336618650493,0.2235468789486985,0.20541445539550163,0.19111700783421784
432652533,61,0.24695186368212382,0.25405486023937657,0.2572987484308778,0.25879640562273953,0.25079854335748636,0.23887942927453734,0.22471693657639297,0.20672019289327484,0.19212891037671362
432652533,62,0.2494864144390912,0.2562791948934921,0.2594463058524297,0.26058964513683386,0.2524273031866761,0.24024187434273275,0.22618552666976452,0.207971581598963,0.19346890361710975
432652533,63,0.2519405032672659,0.2584930863930106,0.2616219598782146,0.26251850247301345,0.25407054406296253,0.24199429582295387,0.22769775082132923,0.20931561909575555,0.19455576013574497
432652533,64,0.25422313305534494,0.2605371019711903,0.2638836239575436,0.26410869977255497,0.25534258908263835,0.24305226497346474,0.22876587376800606,0.2104932714177407,0.195519806671721
432652533,65,0.2568670904531405,0.2626290313174316,0.2658365894908731,0.2658015979471628,0.25675045197410623,0.24425263894558819,0.23001691257946,0.21141890709745148,0.19641919869364904
432652533,66,0.2591896983481517,0.26475520941025105,0.26779929698807636,0.2678969375330255,0.2582822156362717,0.24562340616169276,0.23147127070553908,0.21259218416155487,0.19763020653847035
432652533,67,0.2613581071141638,0.2670329172937435,0.2699297296685639,0.26974867889513765,0.2596664139499621,0.24683444038337504,0.23288787299288244,0.2136851753363584,0.19838072714516877
432652533,68,0.2636578513133836,0.2691934620701958,0.27212014449449223,0.2713452704812023,0.2615673638674575,0.24819939347990902,0.2343854524372296,0.2150637738036837,0.19972795790037015
432652533,69,0.26597334388150884,0.27124193778774,0.27425805671841863,0.27314280691345005,0.2630066695234642,0.2492610783311907,0.2355814132357627,0.2164353759435673,0.2011570029996374
432652533,70,0.268282248456623,0.27315065525831256,0.2759449799631755,0.27502436911079825,0.2641828224845662,0.2506227661648435,0.23678652658940755,0.21757283656449689,0.20238275750027077
432652533,71,0.2703712799923117,0.27508035323388397,0.27792608570299737,0.2769543721769587,0.26553940778865764,0.251743211353031,0.2379149804055569,0.2190626701833442,0.2034191502311824
432652533,72,0.27261288012804313,0.2769827731446382,0.2797837166203353,0.2785043383034285,0.2670952320781737,0.252906242102603,0.23915424142869177,0.22017416392890232,0.20477950467525904
432652533,73,0.27526561218025275,0.27925368949079316,0.28211492724874593,0.2806193982572933,0.2686499735166741,0.25450476180585124,0.24066073301691815,0.22146291815094457,0.20591564801063486
432652533,74,0.27755465852509065,0.2812429563756327,0.28402454767124974,0.2822879740999529,0.2700909780136467,0.25590639919677066,0.24195746163145707,0.22261951109562933,0.20706718849251074
432652533,75,0.2796765226181451,0.2833510235026535,0.2860197119029568,0.2840535759413697,0.2716502400808694,0.25731614859742225,0.2433914581753854,0.22367450088450844,0.20810715188273946
432652533,76,0.28207174494234066,0.2855732013886118,0.28784266390008384,0.28577770240612904,0.2729889070667571,0.2587336897968956,0.2447976936275488,0.22482143569689955,0.20936913930010773
432652533,77,0.28412906274922956,0.28757027657709994,0.28970688144304524,0.28759489184053244,0.2744109567460591,0.2599174896369741,0.24602955800832976,0.22605181020647283,0.21070665498262164
432652533,78,0.2862308275500088,0.2895404443926051,0.2912754417682394,0.2890593106665889,0.2759131820921055,0.2611729943041543,0.24722011624968412,0.22704651931338812,0.21192725646857563
432652533,79,0.2885528929664783,0.2915710981660445,0.29302022053531157,0.2907601654494678,0.27739177167205686,0.26245909348278806,0.2485196879108646,0.22843350831565917,0.2130065930269383
432652533,80,0.29073161485974225,0.2938447687642153,0.29504833206974984,0.2924184988627749,0.2789945034116755,0.2639262699014405,0.24986258529188776,0.22988532979529946,0.21431008339651253
432652533,81,0.2929220602963337,0.295720663802544,0.29685788897312776,0.29431200217149167,0.2805202220163049,0.26513258267112194,0.25130804294312,0.23143234212225872,0.2155813888186898
432652533,82,0.2949897372362654,0.2975461824368054,0.2988036021376135,0.29604837367554876,0.28203184230477635,0.26648976497346477,0.2527043769300468,0.23290001664231957,0.21678470385916898
432652533,83,0.29703956082099436,0.2994784292591138,0.3006293559377769,0.2975465166199293,0.2833015153867936,0.26779597541036015,0.2539483179115248,0.23429578815641644,0.21806863542113875
432652533,84,0.2990992454601249,0.30143687497743604,0.30235297303151737,0.29936550055958694,0.2847575724755406,0.26897631683454276,0.2552303332250262,0.23561771183075203,0.21922722841979855
432652533,85,0.30122641930161,0.30347411140346964,0.304201043571333,0.3009855951478393,0.2862061276368015,0.2704589038041297,0.2567453061588547,0.23679703875484992,0.2204878918967132
432652533,86,0.3031807041980359,0.30535377400074054,0.3059929121780066,0.3027002486027117,0.2878678350406404,0.2718673413614966,0.2580046546890703,0.2382442653878026,0.22194844579226686
432652533,87,0.30535149407858625,0.3070856535341124,0.30773923121835595,0.3040356243409758,0.2890251235261823,0.2732695441513512,0.2592219811246765,0.23933579078542605,0.2231488501389942
432652533,88,0.3073566407057688,0.30888155627541525,0.30943724584740506,0.3055689571989799,0.2905179543731477,0.27480357019780827,0.2602867185884623,0.2403551244055414,0.22405920463160794
432652533,89,0.3093891354533141,0.31075210194989394,0.3113100663594313,0.30705931459822305,0.29187927524256546,0.2762477532349158,0.261638456099701,0.24168377473571231,0.2252855840737365
432652533,90,0.3115154578384298,0.3125979277230225,0.31314126863785696,0.3086218515710555,0.29326088787802207,0.27773565832701547,0.2629601549995788,0.24311768174543003,0.22658579732120293
432652533,91,0.3135492256038124,0.314586474935224,0.3148864024527406,0.3102875138508193,0.29457464446092196,0.27912421164885154,0.2641528297328145,0.24437011055661548,0.22752418165609975
432652533,92,0.3153286415927745,0.31623924580545204,0.31638757952335433,0.31183867884101923,0.2957156277812572,0.2802848007383723,0.2653937436134094,0.2456694795134654,0.22856989814418036
432652533,93,0.3171227795576642,0.3180195162513146,0.3179624511889913,0.313356485444333,0.2969788125575746,0.2815345610473885,0.2665631343393089,0.24692460074836753,0.22986214711373068
432652533,94,0.3189190715080735,0.31964899262819996,0.3195401093671866,0.3147815075895665,0.29835223331666477,0.28285451583243265,0.2679173455067507,0.24821754069007793,0.231018018163341
432652533,95,0.320801244962292,0.321315988986872,0.32124815450301264,0.31652767247915087,0.29970073021826743,0.2841666334144687,0.26920314432784004,0.24957104664618335,0.23232113642711782
432652533,96,0.32256128380085924,0.3231101528936063,0.3230706659085165,0.31806766489764976,0.30131333712408387,0.2857317728076826,0.2704226686884003,0.2508015857973212,0.23357341420267883
432652533,97,0.3242733092080067,0.32472272808985253,0.32458204043988337,0.31958762886597936,0.3025018953752843,0.2869480940731419,0.2715779683140149,0.25205364889052156,0.2349092955456727
432652533,98,0.32579953892095126,0.3262559762343148,0.3262134269932385,0.32092958487413165,0.3037590320434467,0.28834847054818896,0.2729263047144559,0.2532762915628723,0.236229518342591
432652533,99,0.32776207870976637,0.32791906938988064,0.32789992418498864,0.32243971174979513,0.30544259884669284,0.28972055658939666,0.2742091115859122,0.25452018287499717,0.2375766765455924
432652533,100,0.3294313874147081,0.329529946929492,0.3294238059135709,0.3237755875663381,0.30672858225928734,0.291027293404094,0.27540181956027293,0.25570887035633055,0.238669446550417
432652533,101,0.33106388728334546,0.33128908038643134,0.33101134222595874,0.32518259407441885,0.3079891006538107,0.2922518559664913,0.276736051163873,0.25686651303492747,0.23989821271740522
432652533,102,0.33262349670725,0.3330806166287592,0.3325380189983499,0.3266697884612526,0.3094293062183175,0.2933855118999837,0.27791404658906776,0.2580832181242474,0.2411846467169127
432652533,103,0.33446565138344,0.33467175044348096,0.33409761734765225,0.3280913018835982,0.3108636286683792,0.29479158232553343,0.2792531853345797,0.2593278226370374,0.242471863797964
432652533,104,0.33628331486557417,0.33631611943780254,0.3357037674228728,0.32958389222604534,0.31206625065609145,0.29610135883828076,0.2805447016970899,0.26072345016620985,0.24379993584883655
432652533,105,0.33792194664067293,0.33781002924293296,0.3370843712769414,0.3310263908444348,0.31336149319470014,0.29748005343153183,0.2816455467706416,0.26189032095021475,0.24492580959601426
432652533,106,0.33953681319467294,0.33951177993620096,0.33863919206946375,0.3323951821705981,0.3146752113522251,0.2988792252564121,0.2828937016321685,0.2632247128327635,0.24624501122920447
432652533,107,0.34125612011365164,0.34119589323545874,0.3401224377006086,0.33374547412724165,0.31609899881671893,0.3002097312464129,0.2842779505856178,0.2645625048712916,0.24745452870696433
432652533,108,0.3428066998006346,0.34282775952601574,0.3415536461404543,0.33513744980765453,0.31729986240979413,0.30170162581079946,0.28564358520764893,0.26576320444781404,0.24872588661443856
432652533,109,0.3444296833158287,0.34434621724826286,0.34303858218973227,0.3365073624027099,0.3183987034937505,0.3029992140278638,0.2867894081560259,0.26700795014293566,0.2499565280898095
432652533,110,0.3459404507547039,0.3459128816596595,0.34443104280102,0.337976428423737,0.3196360879454132,0.30430422496381554,0.2879695361499759,0.2683162175201599,0.2512302708663588
432652533,111,0.34755718569213645,0.347543525329727,0.3460408854646914,0.3392858362532358,0.32109023352389543,0.3058179483501697,0.2892752494723685,0.26959408233100424,0.25264840276212525
432652533,112,0.3491755117513268,0.3490705891909455,0.34744936640311924,0.3406158615834507,0.32228149030650927,0.3070812574461172,0.29043918553016357,0.27075774396187585,0.25389567312899386
432652533,113,0.3507417123457702,0.35072158446664475,0.3490409065596758,0.34199279421927314,0.32363281381040876,0.3083960093124987,0.2915456198380377,0.27212557112857017,0.2552886002401927
432652533,114,0.35232366359416356,0.3521008738677626,0.3503218812763524,0.34322253700969635,0.32477421757578173,0.30970432145564825,0.2926825213146589,0.2732964898979822,0.25647752816461167
432652533,115,0.35400995484062364,0.35370010218545006,0.3517519860236675,0.3444506707980354,0.32604410455878957,0.31103602861192603,0.2938952434321126,0.2744173781191284,0.25774137192207536
432652533,116,0.3557161904263941,0.3552162034979478,0.3533110245483778,0.3458863820553711,0.3273280437112755,0.31238398996104677,0.29514914642754436,0.2757280855402473,0.259048783038352
432652533,117,0.35744185895815916,0.35684894668973516,0.35475269402487,0.3473202309441885,0.3286807540029678,0.3137121491935745,0.2964237346345004,0.27699370800204764,0.26022692664087654
432652533,118,0.35900656635098493,0.35843152876472933,0.35614744092211614,0.34889361483404224,0.32995271199290677,0.31501137225170583,0.29771848215777236,0.2782025417303812,0.26151360172704025
432652533,119,0.36060550072948055,0.3601531590649907,0.35769713495709127,0.35032906263339303,0.3312574461171884,0.3163683972451756,0.2989596141716732,0.27945476901905564,0.2628519186294685
432652533,120,0.3623357341420268,0.3617544857215062,0.3592178417993429,0.3516995198382613,0.3325815011372251,0.31759855951478394,0.30005686125852915,0.2807082385645691,0.26390257771038667
432652533,121,0.36386819466287385,0.3631445059179569,0.3604408548925745,0.35288441656902614,0.3338084825092889,0.3187425986378361,0.3011265734747712,0.2819127939398116,0.2653024141755274
432652533,122,0.3652978535651698,0.3645117388980723,0.36170285487018233,0.35410892504256825,0.334872419493158,0.32006674206738833,0.30224089287711753,0.2830789594700407,0.2664618004200897
432652533,123,0.3668337062445681,0.3658783138248365,0.3631138396296776,0.35531660472025495,0.33609164370642947,0.32133237177709156,0.3034665335281101,0.2843001288238811,0.26760233485579743
432652533,124,0.36826224656998213,0.36726564601726625,0.3642850155298491,0.35657206094548655,0.3373951429479811,0.322629558071853,0.3046418352124043,0.2855719142067549,0.2686939030056984
432652533,125,0.3697771038665656,0.36866110689916604,0.36570432145564824,0.35769825625473844,0.3386141015921153,0.32384230477634574,0.3056497346474602,0.2867930250189537,0.26989840788476116
432652533,126,0.37113854892475057,0.3699411531102206,0.3668874929299494,0.35876746452940533,0.33964222535109573,0.325171185482027,0.3067980793530452,0.28796466779787483,0.27103866565579987
432652533,127,0.37258302340713856,0.37142490433578285,0.36824604657548965,0.36008250105961925,0.34085115782058706,0.3262821392966516,0.30797311253454956,0.2891686018398572,0.27223857252869926
432652533,128,0.3739723512130402,0.3728351260424564,0.369467873388931,0.36111045299469297,0.34192273976497345,0.3272839272175891,0.30901724791508717,0.29020860974222895,0.2733634619029568
432652533,129,0.3755193915992266,0.3742146681477041,0.37086470252893017,0.36230759736939544,0.3432069162097196,0.32854053164542085,0.3102479562271159,0.29132358904737554,0.2745766995198382
432652533,130,0.3769755642386423,0.3756662973114831,0.37218172275033534,0.36367877762873974,0.34437219338659825,0.3298565346707879,0.31153554557648566,0.29262844812503647,0.27577418790458974
432652533,131,0.3783689933965704,0.37711602011702133,0.3734120806301327,0.36507532308190915,0.34567883372205405,0.33113797753329205,0.31276585893777964,0.2937571257429582,0.27687237034764944
432652533,132,0.37993659108139777,0.37855239276770736,0.3747874882256989,0.3663186068417304,0.34694270223079926,0.3324574402095251,0.3140521974866175,0.2948342408160452,0.2781089898224091
432652533,133,0.38133240607204133,0.3798360571633785,0.37607665866713785,0.36742063650407286,0.34793389843068623,0.33348629344399666,0.31512537978760397,0.2959664133799244,0.27936976634155514
432652533,134,0.3828601495932016,0.3812250347956955,0.3774936915121134,0.36873536034761745,0.34912529845088436,0.3347119595351521,0.3163437927873898,0.29718069998755275,0.28056363368902265
432652533,135,0.38426698115856567,0.3825344677505405,0.37875775699884867,0.3699941032768933,0.3502737764299554,0.33581838092831273,0.317600314491899,0.29833206974981047,0.281756661893129
432652533,136,0.3856754225571958,0.38391105115283414,0.380117513267627,0.3712259733309548,0.35136634259465727,0.3370311733487937,0.3188745930517772,0.2995138919859073,0.2827649065691477
432652533,137,0.38702733214169105,0.38508768531789733,0.38127203200832305,0.372398355312308,0.3523461148957129,0.33805194158370366,0.3199808525591717,0.30068676225629903,0.28376119931600474
432652533,138,0.3882607596883893,0.38639560053180383,0.3824372878003758,0.37355924009185704,0.35336113217083653,0.33906890375888626,0.3211424992583314,0.30188109129665647,0.2847265715133335
432652533,139,0.3894818943935071,0.38754561172896407,0.3835694143699445,0.37459160798730234,0.3544160880544996,0.34003305316323135,0.3221947082212926,0.3029164234950175,0.28582804719075383
432652533,140,0.3909807213256796,0.38892288530271857,0.3848017978988411,0.375741904039857,0.35552095743528644,0.3411242283114914,0.3233401927867432,0.30407234918228093,0.2870139716235243
432652533,141,0.3923507492781443,0.3899499405846897,0.3859172272138252,0.37688932621425003,0.35659671253206005,0.34233166110152224,0.32443447916162577,0.3052737136988585,0.2880970432145565
432652533,142,0.3938856795053871,0.39132291855759277,0.3872305096690835,0.37800457025702355,0.35774808059883184,0.3433565761513737,0.32562814338647506,0.3061912033230467,0.28914884302021376
432652533,143,0.39516056346988876,0.39240365396544324,0.3883292598228156,0.37889744826818367,0.3589337122316652,0.34443342858809123,0.3266778710296527,0.307326487008064,0.29012496222503803
432652533,144,0.3964835523544772,0.39356151545783846,0.38954437284137816,0.3798516342346896,0.3600344326509982,0.34552428186336454,0.32774987364164776,0.3084038834133603,0.291253369556061
432652533,145,0.39781182191315256,0.3949648375205877,0.39077671171995504,0.38107239026430684,0.36122715745993567,0.34669158976235914,0.3288227758751405,0.3096311207550129,0.29259365768215206
432652533,146,0.39903621464995276,0.39621392295948576,0.3919869764350328,0.38213621776563816,0.3626190451462814,0.34791041365916475,0.3299251196942474,0.31072730482827376,0.29358843873004664
432652533,147,0.40024137024028716,0.39755432119777406,0.39310857019077533,0.3831675202302301,0.3637650662994538,0.3490791312734343,0.3310356743152151,0.3119607206036319,0.2945722640837988
432652533,148,0.4016530746060693,0.3988125729975616,0.39450443620269243,0.38436417843165377,0.3648930393623343,0.35043952216052293,0.3320902403540766,0.3130442800647501,0.29567854435178165
432652533,149,0.40282703492069954,0.3999979646976813,0.3956678590146084,0.38558293602535987,0.366066930916751,0.35146109265204983,0.33315863655097666,0.3140624125456035,0.2967674310922959
432652533,150,0.40416224412433666,0.4012307303512762,0.3967045741723528,0.3867172100075815,0.36712408390194595,0.3527040687389436,0.33423805913570886,0.3151756381096791,0.29775587566338135
432652533,151,0.4054847892995396,0.4024295949670883,0.3979083090239947,0.3878841586793126,0.36826263123277214,0.35383267476364294,0.335325778610125,0.3162766293951368,0.29892453142808373
432652533,152,0.40673506643789153,0.4037448625354136,0.3990438330473644,0.38893350225449896,0.36930888631738557,0.35495890028330873,0.3364740034316268,0.31731574957104663,0.29995560831570967
432652533,153,0.4079912986169954,0.4049735638506097,0.40024131967672083,0.39017477094451625,0.3703538529386988,0.3560233292204929,0.3376815472208595,0.31838836115694696,0.30093852046757547
432652533,154,0.40924598525053413,0.4060804623731083,0.4013789470574914,0.39122761241790804,0.3714861711450036,0.3571059342477083,0.33870848635822104,0.3193682738792671,0.30196282110611145
432652533,155,0.4104331238230331,0.40734916481205213,0.40247743892000293,0.3922815427131992,0.3725647484653574,0.3581158746851231,0.33980043532490406,0.3204602704883954,0.30299347012643985
432652533,156,0.4115953227969907,0.40844851383137964,0.4036153068563987,0.3933438307964464,0.37361491806146846,0.3591517466612235,0.3409026846289924,0.3215528469508757,0.30402305553935577
432652533,157,0.412704084835549,0.40952902942298497,0.4046493434999493,0.39431290835075794,0.37452615617892343,0.36015752138031615,0.34196191865097575,0.3226121893153953,0.30505159766856765
432652533,158,0.4138755866066544,0.41080459880423414,0.4059318048771125,0.39542806690914684,0.37560580032821184,0.3611529639830712,0.343156495619044,0.3237636874886038,0.3061318989261139
432652533,159,0.4151753996976936,0.41213803100309465,0.40723389646244296,0.39658403307251067,0.37669093700678524,0.3621597264937703,0.3443265099823098,0.32489116492864334,0.30727013508423096
432652533,160,0.4163713040181957,0.4132297194844579,0.4083491281273692,0.39767342683851403,0.3777009097801365,0.36310888931008334,0.34553876042456405,0.3259382107657316,0.3082448824867324
432652533,161,0.41754057986711185,0.4144396988119175,0.40950230505888613,0.39884582240451316,0.3788372520119232,0.3641757589741899,0.34671005231706686,0.32698873134644635,0.3093793999783386
432652533,162,0.4187866790217055,0.41566983966529075,0.4107184642312265,0.4000388434934808,0.3798191671580603,0.36543771469220043,0.34784348412096705,0.3281713606454572,0.31054437050140865
432652533,163,0.41991283599306045,0.41690581729047377,0.41178016437438664,0.4011683883961171,0.3807960111071317,0.36638650771871234,0.3489188221230994,0.32936506090782663,0.3114973697307404
432652533,164,0.42117550250559366,0.41801115035411157,0.4129283085855878,0.4022333068288985,0.3817378279923815,0.3673630244642098,0.3500411435122691,0.3305257123837349,0.3124387470182511
432652533,165,0.4224757047349921,0.41923863349185564,0.41414983803156663,0.4033059939807476,0.38277161302180257,0.368442575872447,0.35112229191076805,0.33177108461414756,0.3134169595883015
432652533,166,0.4236780328288133,0.42046274559953234,0.4153429487472255,0.40441142888460585,0.38390255487453984,0.3694543146048942,0.35216757857814884,0.3327525416297487,0.3144884313600117
432652533,167,0.42494086883095067,0.42148152519827664,0.41645140348567455,0.40548092594189944,0.3849609348399486,0.3704993349162176,0.3532593645158508,0.33384708974772215,0.31551983220821433
432652533,168,0.42596077475721145,0.4226258168164916,0.4174609191667569,0.4065647676811437,0.3860315354344922,0.3714597097368136,0.3543742553882812,0.334897017942886,0.3165660312646666
432652533,169,0.4270605757454769,0.42380367052321327,0.41854820982365165,0.4076088663188447,0.38711638277159943,0.3724535801283921,0.35554772981144944,0.33596368057206694,0.31754825917070045
432652533,170,0.42830798733443337,0.42500557463318905,0.4195691923471435,0.4086852785086742,0.38827097177005754,0.3735271819114302,0.3566048254024885,0.3370579315881015,0.3186170449984391
432652533,171,0.42953415887456825,0.4263419478694208,0.4207577954236109,0.4099330965776838,0.3894320081224036,0.3746724658499927,0.35760078741204787,0.33818593742379705,0.31954032161525875
432652533,172,0.43057857432515834,0.4274886718267892,0.4217760988768799,0.4109283812613502,0.39050461061057523,0.3757934129097096,0.3585454978225223,0.33927437981557557,0.3205233880494385
432652533,173,0.43185413717696447,0.42874265405128253,0.423023660418867,0.41198446887859513,0.39162616625837576,0.37680718007599034,0.35964581680814417,0.34025163571982625,0.3214227804388506
432652533,174,0.4328753932359067,0.429862400111544,0.4241937029968715,0.4130915967338545,0.3926912586163325,0.37779622319242195,0.3606354517964672,0.34114576525232454,0.3222835132850557
432652533,175,0.4339369652334019,0.43092169392396845,0.4253417090869706,0.41408859525614644,0.3936488681901873,0.37876746452940535,0.3615227986569912,0.3421119896025127,0.3233293620708329
432652533,176,0.43505324281480456,0.4320507960576194,0.4263215934936936,0.4151216486318836,0.39454821145495905,0.37976859190847057,0.36260036873664625,0.3430930801571438,0.32443009511337795
432652533,177,0.43613763208731154,0.4331007482984456,0.4273739307727563,0.41602737907077353,0.3954780843217126,0.38071985710797857,0.36350085452512815,0.3440673682767719,0.3254541404847877
432652533,178,0.43720983721068907,0.4342283479994206,0.42839953659139113,0.4168590437086318,0.3964209351653875,0.38165404502900563,0.3643614076036493,0.3451350614612705,0.3263474201599782
432652533,179,0.43828488655278885,0.43531370049258583,0.4294729797840754,0.41788471882795925,0.3973574868382599,0.38261379663787953,0.36539870648578365,0.34606376084811163,0.3274276686672229
432652533,180,0.43934377895712245,0.43641226518406195,0.43057450930839863,0.41895164687052483,0.3983404936399629,0.3836218515710555,0.36630654536264845,0.3471169235953164,0.3283632381433746
432652533,181,0.44042866896485283,0.4374986910391683,0.43167852759708303,0.41993557818370686,0.39930216680140235,0.384604107414373,0.36739284323047344,0.3480537323185571,0.3294434507977331
432652533,182,0.4414266552249873,0.43865857417790705,0.4328287330561781,0.4209211940447725,0.40028659740562705,0.38556723791750325,0.3684234643294537,0.3490156545501504,0.3305305384532071
432652533,183,0.4423930200474776,0.4397892094110043,0.4338772956826873,0.4219063953897844,0.40122919747946156,0.38649912792022434,0.3693496066319492,0.3500540648031917,0.33150631584616597
432652533,184,0.4433488809045061,0.44068093417279225,0.4346878399314369,0.42290973069189436,0.40218833437716317,0.38740028677852134,0.37040371493555724,0.3509884794145763,0.3325394732504862
432652533,185,0.44446447964264496,0.4417720222117493,0.43572116468249905,0.42392680777821035,0.4031657889883819,0.38854783517406716,0.37152429153945454,0.35198860725775055,0.33349794070036676
432652533,186,0.44554566427808623,0.44279023698305164,0.4368065575908761,0.42500020380379394,0.40412458118320327,0.38956891421490697,0.3724921943146894,0.3529209159757718,0.3345378137559408
432652533,187,0.44658285121202657,0.44383405026494716,0.43777290363384996,0.4260073868957605,0.40507717319473113,0.3906115068537581,0.37351461364751287,0.35389393196109514,0.3355483209204835
432652533,188,0.44779047634410335,0.44487684093365376,0.43882575452067174,0.4270119207007243,0.4061365799364444,0.3916692207184682,0.37445961640830416,0.35481626957882345,0.33664083041633736
432652533,189,0.44882687301186164,0.44583037494333927,0.4398153162368476,0.42810811461304255,0.4071045484995447,0.39261545743729215,0.37542671014998535,0.3558211086641716,0.3375673409790165
432652533,190,0.44979649654842185,0.446793823071705,0.4409201548222338,0.42908503252064967,0.40809225489804873,0.3936075974621923,0.376359682375005,0.35682335102350266,0.3384701328757831
432652533,191,0.45088298687328565,0.4478424476737493,0.4419538838323496,0.43001401188430066,0.4090338944702674,0.3946230882510549,0.3773483799006863,0.35773968062430284,0.33931782367254265
432652533,192,0.4519009034622189,0.4487834059893859,0.44288010171847364,0.43102808314379576,0.4099005717715441,0.3955944370735406,0.37821621493555724,0.358691875157948,0.3401586587060905
432652533,193,0.4529338052457702,0.44964586926035194,0.44392046101812094,0.43195111699474015,0.4109527157879851,0.39651250947687644,0.3792302222990411,0.3596852694968319,0.34114594586101105
432652533,194,0.4539541045621878,0.45063231282680566,0.4449969908474868,0.4328665890279265,0.41191976114363427,0.3974680130995834,0.3801497541874116,0.36077589238957974,0.3421894906325473
432652533,195,0.4548881242588597,0.4516902859586711,0.4460022161311017,0.4338834781594448,0.4129332633502459,0.39845259617814577,0.3810209754864797,0.3617211951556152,0.3431173577496549
432652533,196,0.4559460630347666,0.45266977147189436,0.4470590738190651,0.43489385898407884,0.4139925113335706,0.39949482446504,0.3820438334545342,0.36271487366743516,0.3441614705017716
432652533,197,0.4570298218539656,0.45367972198596845,0.44800899004398814,0.4358131641029391,0.41488899065974455,0.400412941660926,0.3828523377577999,0.3636965398336688,0.34508722574785544
432652533,198,0.45804136895873065,0.45460671920110896,0.4489990886882471,0.43678827700814055,0.4158032179260382,0.401384964121886,0.3837369142524563,0.364585965799006,0.34608978335286145
432652533,199,0.4589875076672217,0.45555297335807166,0.44986684750515266,0.43773835058537575,0.4167330206757823,0.4023319783146209,0.38472308471851296,0.3654759773088338,0.34701749840940865
432652533,200,0.45989006823351025,0.4565826383623958,0.4508017437452616,0.43862206216830935,0.4176535253980288,0.40330363912054584,0.38565579984837,0.36644806671721003,0.3479757391963609
202244314,1,0.0075815011372251705,0.011751326762699014,0.027293404094010616,0.05458680818802123,0.15693707354056102,0.2623199393479909,0.4131918119787718,0.5007581501137225,0.5363912054586808
202244314,2,0.0155420773313116,0.023692191053828658,0.03904473085670963,0.07846853677028051,0.18745261561789234,0.27748294162244125,0.3627748294162244,0.39101592115238815,0.3946171341925701
202244314,3,0.025903462218852664,0.037149355572403335,0.05433409148344705,0.09123073035127621,0.193580995703816,0.26560525650745515,0.3175385392974476,0.3290371493555724,0.3261309072529694
202244314,4,0.03184230477634572,0.04501516300227445,0.06273692191053828,0.10140257771038666,0.19408642911296436,0.2520849128127369,0.28335860500379073,0.2895185746777862,0.2841167551175133
202244314,5,0.03866565579984837,0.05307050796057619,0.07164518574677786,0.1059893858984079,0.19059893858984078,0.23563305534495832,0.2596664139499621,0.25989385898407885,0.2550416982562547
202244314,6,0.04504675259034621,0.06052565074551426,0.079921657821582,0.11372251705837756,0.18865301996461964,0.2277609299974728,0.24260803639120546,0.24083901945918623,0.23483699772554967
202244314,7,0.051824975630889204,0.0667172100075815,0.08653742012347015,0.11973356438860605,0.1895375284306292,0.21975522582042667,0.23101917036716124,0.22592873388931003,0.21867215422939448
202244314,8,0.05705079605761941,0.07188210765731615,0.09197308567096285,0.12424184988627748,0.18873199393479909,0.2141300227445034,0.22071645185746777,0.216120166793025,0.2068328278999242
202244314,9,0.06267374273439473,0.07779462555808273,0.09784348412096705,0.12884339988206556,0.1876000336955606,0.20908095358436526,0.21316654030831436,0.2076067728076826,0.1982983741892006
202244314,10,0.06895375284306295,0.08354814253222137,0.10303260045489007,0.13366186504927977,0.18688400303260044,0.20606520090978014,0.20701288855193334,0.20049279757391963,0.1905610310841547
202244314,11,0.07422978840719553,0.08966848163209043,0.10786408436143081,0.1380867048039148,0.18784892135915637,0.20390791922255155,0.2018057757254118,0.19553380660279823,0.1845750913226273
202244314,12,0.0790371493555724,0.09517942886024766,0.11226939600707606,0.1415213545615365,0.18821076573161485,0.20217336365933786,0.19806671721000757,0.19076952236542835,0.180029062421026
202244314,13,0.08432962034175075,0.10127135942147314,0.11719251180964602,0.1456231410742404,0.18997492272700767,0.20055986469936432,0.196156762115822,0.18723391846970314,0.17659065725782935
202244314,14,0.08967832773746344,0.10665547492689266,0.12222462904798005,0.14935557240333583,0.19075598397054044,0.198283331528214,0.19419473627206757,0.1834994043106249,0.1742662189970757
202244314,15,0.0950214809198888,0.11134698003538035,0.12744503411675512,0.15291887793783168,0.1910538286580743,0.19729593126105632,0.19259540055597674,0.1813747788728835,0.17212534748546876
202244314,16,0.0997915087187263,0.11599696739954511,0.13156273692191053,0.15627369219105383,0.19095905989385897,0.19619503411675512,0.19034306292645944,0.17953942380591356,0.16999147081122062
202244314,17,0.10379966998171519,0.11992150916469697,0.13519600410293003,0.1595683004058333,0.19183427730455338,0.195914908799001,0.1892476475047942,0.17756321634036482,0.16786335459126792
202244314,18,0.10816274955774575,0.12397860331901271,0.13893100833965125,0.16205458680818802,0.19254906916013817,0.19566590851655297,0.1878316906747536,0.1767542751242524,0.16643500968747368
202244314,19,0.11268504848170463,0.12830693108814492,0.14356968995650612,0.16535653006663736,0.19422608834443952,0.1956426319779737,0.18778181237779817,0.17591077770240612,0.1656358485295878
202244314,20,0.11721000758150113,0.13224033358605006,0.14789613343442,0.16878316906747537,0.19512888551933283,0.19607657316148597,0.18855193328279002,0.17581501137225172,0.16448066717210008
202244314,21,0.12157478609336075,0.13594353586772084,0.15206325138091625,0.17211812700819523,0.19572908769269645,0.19695656882919957,0.18868912235098736,0.1758186216108885,0.16413949962092492
202244314,22,0.1252498449238404,0.14037838582948514,0.15495554483424082,0.17485698531945687,0.1956027293404094,0.19656764766696533,0.18810738162519813,0.17570128885519332,0.1630711971879523
202244314,23,0.1293305204865346,0.14432870751887136,0.15800837261429937,0.1776049049016053,0.19670699146257045,0.19685532518047266,0.18866400764742722,0.17575897418993308,0.1627385700629594
202244314,24,0.13326067728076826,0.1477445034116755,0.16156494819307554,0.1799658832448825,0.19734015668435684,0.19732436189032093,0.18896891584533737,0.17557493050290623,0.16221253474854685
202244314,25,0.1370128885519333,0.15111448066717212,0.16523123578468538,0.18244124336618653,0.19845337376800606,0.19736163760424563,0.18905231235784686,0.17564821834723277,0.1621986353297953
202244314,26,0.1412054586808188,0.1545168251006007,0.16870298011313933,0.18532396337551763,0.1999766723041932,0.1981250364495247,0.18933341109231935,0.17558465037615908,0.16237534262553216
202244314,27,0.14480667172100076,0.15765310420352116,0.1716086822227838,0.18765619296324376,0.20151349226406087,0.1985791705276163,0.18955156824755004,0.1755959902282874,0.1626231993934799
202244314,28,0.14823188562763998,0.161228744720026,0.175051445900574,0.19079659915520417,0.2024531571536879,0.19913625040615188,0.18983537311816312,0.17597205675295136,0.16239304668038557
202244314,29,0.1512770907950119,0.16372120990300906,0.17745941282580846,0.19296227549606546,0.20391623748398735,0.20008627225432013,0.19006039057802412,0.17634833076259443,0.16266241405453452
202244314,30,0.15420773313115999,0.1669825625473844,0.18027546120798585,0.1957417235279252,0.20485216072782414,0.20059388425574934,0.1906115744250695,0.17629517311094264,0.16286328026282537
202244314,31,0.15769522365428354,0.17065714495341042,0.1837535767565849,0.19828071119371957,0.20648585194061975,0.20164347379490816,0.19154295776370173,0.17728484433466213,0.16376042456406367
202244314,32,0.16090551554207733,0.1738532979529947,0.18623246777862015,0.20069655041698256,0.20786343821076572,0.20266300227445033,0.19194228582259287,0.1775729719484458,0.16437642153146323
202244314,33,0.16446113906311027,0.17723481976704114,0.18921588898844394,0.20323017896937529,0.20881292071587745,0.20372412525558847,0.19355802145794562,0.17867071013393984,0.16484021411997152
202244314,34,0.1681086384515899,0.18097489185211613,0.19199036703384914,0.20616108460063323,0.2100075815011372,0.2045332917094055,0.19442090710431253,0.17959238282121037,0.16553315791820897
202244314,35,0.17123361854218563,0.18404635546409617,0.19483374851077656,0.2084804505577819,0.2116430196035958,0.20545868081880211,0.19503953211307268,0.180201451315932,0.16629481208707897
202244314,36,0.17441664560694128,0.18728413781484288,0.19777188105467103,0.21082891079100333,0.21333501811136385,0.20661696571476712,0.19620293151377308,0.1808188021228203,0.1669615028220032
202244314,37,0.17790914492961502,0.19027518800073767,0.20080732741839638,0.21295821978157078,0.21479212343503476,0.2077023953445485,0.197221482285925,0.18144376370305107,0.1679917218203799
202244314,38,0.1808886317385579,0.1932085710865488,0.20328398707154544,0.21481584932764058,0.21631219823630338,0.20900003990263757,0.19809664418818082,0.1817465384461913,0.16895774310681935
202244314,39,0.18395832118349176,0.1960790031297992,0.20553643980482494,0.21689897163740982,0.2175890826383624,0.20991038276860868,0.1994906786415505,0.18294745436519508,0.16968954724830387
202244314,40,0.18712092494313873,0.19898597422289613,0.20799848369977258,0.21913381349507205,0.21910538286580744,0.21112585291887795,0.20002843062926456,0.18375663381349508,0.17026156178923427
202244314,41,0.19019397548031583,0.20180661624660215,0.21032193642633923,0.2210562325486788,0.22114868987962055,0.2128367758279554,0.20131659239261082,0.18483145028569317,0.17124946837034707
202244314,42,0.19332827899924185,0.2047005307050796,0.21312141232535473,0.2234737716163038,0.22290515903101193,0.2137983320697498,0.2022545940286653,0.18587313621430376,0.17251525325824035
202244314,43,0.19647548354108996,0.20783891954793093,0.21588765273198512,0.22532045065853268,0.22465045753477797,0.21547331487913676,0.20373080381543454,0.18725426239046494,0.17366045453744028
202244314,44,0.19923840374939694,0.2102488110827762,0.21789061961541115,0.22681611413605346,0.22556688951685158,0.2164346267833758,0.20449376249224616,0.18807292025639258,0.17487421600385966
202244314,45,0.20235026535253978,0.2131075730772471,0.22091651924858902,0.22927301827984162,0.2270238396091315,0.21770701710049703,0.20538286580742984,0.1891247578131581,0.1757476202510319
202244314,46,0.20492303128193295,0.21555361439825957,0.22306918943863932,0.23093087648745758,0.2283350364241685,0.21927019810792106,0.2063981276988496,0.1899990111085473,0.1768055509773544
202244314,47,0.20819286048424826,0.21847627957995258,0.22569483651379993,0.2327359540593293,0.2299453164066911,0.22072653364089495,0.2072411401287242,0.1908360621360476,0.17749584630522802
202244314,48,0.21123957543593633,0.22095337376800606,0.2279820571139752,0.23484489512256757,0.231741218094516,0.22191685620419513,0.208514973464746,0.192064695476371,0.1783469168562042
202244314,49,0.21403815506490692,0.22380900806114715,0.22997477990438028,0.23694511921523725,0.23275208491281274,0.22329841716823196,0.2097909671829308,0.19320449938883816,0.17907815135151864
202244314,50,0.21732373009855954,0.22639878695981805,0.23247915087187263,0.23905231235784685,0.2343593631539045,0.22463229719484454,0.21099317664897654,0.19438968915845337,0.1800606520090978
202244314,51,0.2201608467496172,0.22898363287695667,0.23475895286090173,0.24118836313903877,0.235955640785503,0.22580237553702304,0.21220027055553076,0.1953648783243396,0.1809525933193596
202244314,52,0.22285239400478216,0.23173878812620283,0.23698751968274334,0.24293608211348924,0.23735930483466497,0.22710969848953166,0.21338280748819036,0.19668892517641576,0.18237155187496357
202244314,53,0.22542091636030726,0.234339908735892,0.23955397885762508,0.2448324202154291,0.23906046604774914,0.22863947816384622,0.21475674825124808,0.19777704664768903,0.183572460554737
202244314,54,0.22830848285738356,0.23685171145368264,0.24203942380591356,0.24637772723443688,0.24048802403616656,0.22981776317636818,0.2157779462555808,0.19870552887990342,0.18478505040294277
202244314,55,0.23110483148390656,0.23931352953339308,0.2441450134399338,0.24799779447239645,0.24170514852849956,0.23115996967399544,0.21703080846371217,0.19982769315597215,0.1857536701357778
202244314,56,0.23370654175240987,0.24164004115672044,0.24642586374959385,0.2500203075923319,0.2433391097151522,0.23299577602079496,0.21851646268818373,0.2012685476009964,0.18712769414058267
202244314,57,0.2364497293271085,0.24441695596078905,0.24860008246545096,0.25203170929598445,0.24487583629277895,0.2345676549219904,0.219989891331817,0.20261229267254563,0.18844685633720387
202244314,58,0.23933361219314528,0.24705890042090406,0.2510849389558443,0.2540195027580978,0.24663407492614572,0.23596115134244855,0.22120336723222922,0.20378552194713864,0.18955713576115654
202244314,59,0.24191413628712038,0.2493157373973606,0.25295871294380695,0.255682913352437,0.24790223718533555,0.23761581064237156,0.22232430834864622,0.20511173076675965,0.19043060356459052
202244314,60,0.24456659085165527,0.251908011119535,0.2551554207733131,0.257328784432651,0.24928607530957797,0.2387288349759919,0.2236353297952995,0.20657063431892847,0.19136972453879203
202244314,61,0.24723772356106835,0.25423507625001557,0.2573857492636001,0.259330839309462,0.250736399905542,0.23987993885084327,0.22469829354080958,0.2076026299108863,0.19247691370760264
202244314,62,0.24963926728459976,0.2564931888772041,0.25975812565726725,0.26139059404729875,0.25237839027611336,0.24136075717185554,0.2260449020518966,0.20895595392403826,0.19345667538946906
202244314,63,0.25234966364610034,0.25895640035139655,0.2619288301623404,0.2634631815829693,0.25388401506672925,0.2427223606147033,0.22743299998796587,0.210218178754949,0.19474228913197827
202244314,64,0.25491020659590596,0.2610346379833207,0.2637533169067475,0.2650563874147081,0.25519451288855194,0.2438044920394238,0.22844010614101593,0.2110085765731615,0.1958514973464746
202244314,65,0.25707120779145043,0.2631655683209891,0.2659007406543419,0.2665130926692716,0.25669213273458913,0.24501078905931065,0.22962034175074356,0.2121945529830291,0.19690324838164114
202244314,66,0.259356261630712,0.2652491556964643,0.26787970684862267,0.26850575504859053,0.2582132928986606,0.24664576010292458,0.23121281043949735,0.21351115399637002,0.19822179336963264
202244314,67,0.2619634956378079,0.26755343826734407,0.27026919986873815,0.2702861733787469,0.2596890452966404,0.24760390617043668,0.23268984870944745,0.21472621728355945,0.19918979778891743
202244314,68,0.2644160014271061,0.2696171341925701,0.2724713463854078,0.2718023904027115,0.2612273112429202,0.24903558845827942,0.23425723587387948,0.2158776702492976,0.20034674218436427
202244314,69,0.26680291393348055,0.27163200052740877,0.27444484732614743,0.27350540044609994,0.2627649405016976,0.250282932832295,0.23567480853962708,0.2169902539253497,0.20131632440034722
202244314,70,0.2691107982237626,0.273805913570887,0.2762861475143507,0.2752951370085563,0.26429112964366946,0.2516733456081447,0.23692732589624174,0.21794108090544786,0.2023990035741362
202244314,71,0.27135901077427416,0.2760307104186911,0.2782357526508558,0.27709318839496416,0.26564085040950786,0.2532434943245523,0.2382193082681075,0.2190786874392679,0.20354194919326418
202244314,72,0.2733973548984921,0.27829374104961674,0.28016805660854177,0.27872546541993093,0.2670162581079943,0.2546910538286581,0.23946487237806416,0.22042161570213126,0.20476370988122314
202244314,73,0.2760393407209696,0.2806609407292781,0.2822499402826965,0.2807180616282572,0.26855650295470834,0.25619761753923165,0.24083728852285355,0.22177967949982863,0.20612855317955694
202244314,74,0.2783384218183309,0.2825492285310329,0.2839272175890826,0.2824211626334447,0.26981435567485607,0.2573817183369875,0.24219822551892303,0.22313689732188594,0.2072669712927484
202244314,75,0.2805812484205206,0.28444781400050545,0.28573161485974224,0.28423047763457165,0.27128632802628255,0.2587161991407632,0.24348749052312355,0.22414960828910793,0.20844579226686885
202244314,76,0.28293463947966957,0.2864261202665496,0.2876082359043933,0.28593731295638636,0.2727993695383265,0.26016519691951634,0.2449423406887195,0.225275328199194,0.2095636646582339
202244314,77,0.2849856739166823,0.28841704163917964,0.2893130372281244,0.28755550741904046,0.2741992654805392,0.2616750194460581,0.2463150950641474,0.22659826905467542,0.21074603940411368
202244314,78,0.28712019595264476,0.29003129799187416,0.2909546859508952,0.2891808090822496,0.27575766412005986,0.2631509885111098,0.24766723041931532,0.22781924923698993,0.21217025329989697
202244314,79,0.28933503517240716,0.2920365447548488,0.29265554073377414,0.29080814963388063,0.2773149969769964,0.2647959232636923,0.24905711077628812,0.2290381090392607,0.21311215823264648
202244314,80,0.29148976497346474,0.29419541319181197,0.2945650113722517,0.29289708112206214,0.2787765352539803,0.26619598180439724,0.25043593631539046,0.23045394238059136,0.21442380591357088
202244314,81,0.29357725175263716,0.2960482595306957,0.2962775765404019,0.2945179194863298,0.28014582689841727,0.26757083087636535,0.251701157816902,0.23164761931504416,0.21586218515710556
202244314,82,0.2956600528855933,0.29776808003106564,0.29798535475877885,0.29608535660792545,0.2816805044471976,0.2689814900423455,0.25293552025740124,0.23282605077756618,0.21720538471495404
202244314,83,0.2974688747408131,0.29967938471094385,0.2999671163806096,0.29755565095864883,0.2830457539026462,0.2702302766791198,0.25404422846808006,0.23419987759986122,0.21846597915543906
202244314,84,0.2995821148777934,0.3017527708581537,0.3017437452615618,0.2991849886277483,0.2846041373334778,0.2715215350734684,0.2553792555687931,0.23550940467164883,0.21971461063576303
202244314,85,0.3014494046291754,0.30357222494759845,0.30338491727244343,0.30094099808232616,0.2862061276368015,0.2728002497435668,0.2567453061588547,0.23672122374347768,0.22106319404183203
202244314,86,0.3037537246328261,0.30551686443218085,0.3053273269037502,0.3026032759137472,0.2878105329971613,0.27422554084313344,0.2582426785619832,0.2381340691503429,0.22249501913006686
202244314,87,0.30564342544421497,0.30736887053061795,0.30702465295024967,0.3041924829851943,0.2892081252777705,0.2754219933247933,0.25932655355415546,0.23944036321490506,0.2239287861755248
202244314,88,0.3077098697360259,0.3090710938038459,0.30852832724515816,0.30561634158108764,0.29045333930663725,0.2767678682197257,0.26052794817010133,0.2405705079605762,0.225136122406782
202244314,89,0.3097937661319863,0.3112078438721878,0.3104837679208798,0.30725950030240823,0.29172168224139844,0.278189980492542,0.2618045676414717,0.24191803460231193,0.22645262413643294
202244314,90,0.3119703479066632,0.3131833880886193,0.3124547215904305,0.30881981298963856,0.2931050459102013,0.27964366944655045,0.26326762699014405,0.24326088787802205,0.22771881054671045
202244314,91,0.3138908097209841,0.315069691491223,0.3143448666572245,0.31022919461130233,0.2944580059818877,0.28099042731339924,0.264344450091228,0.24462421581451146,0.22909463546309647
202244314,92,0.3156047071233148,0.3166430431486304,0.31581896693806244,0.31186340112733624,0.2956249793980948,0.2822172594521541,0.26540198437551504,0.2458672578040017,0.23035814352111286
202244314,93,0.3172450618340711,0.3184597324463792,0.31766082157385445,0.3133524093684528,0.2968279977500061,0.2835848272151434,0.2664979171252252,0.24727514327406716,0.23176159847391722
202244314,94,0.31895133321504043,0.32007242753214066,0.3193142774184182,0.31472908231574537,0.298078008807446,0.2850725081864081,0.2678124949591083,0.2486167793137935,0.23305857112899844
202244314,95,0.3208052352260484,0.3218905869677986,0.3208610989186385,0.3163441203463549,0.2993615577989705,0.28661266509716293,0.26896372850245404,0.2500139659231475,0.23436415147041217
202244314,96,0.32266789866060147,0.3237537907505686,0.3226205142784938,0.3178741786707101,0.3009066211776598,0.2879588387667425,0.2701462597927723,0.25133860879454134,0.23538981551680568
202244314,97,0.3245116966148988,0.3252581227577906,0.324210781363576,0.3194938370993333,0.3022361520364537,0.28931242819067865,0.2714177407126611,0.2524796198307059,0.23663662724807139
202244314,98,0.3259968126750321,0.32678203957853047,0.32598907644938185,0.3211732759821138,0.30371648280237035,0.29068867880738347,0.2726361962525723,0.25371725642493537,0.23789667497021552
202244314,99,0.32803776966021087,0.32851639978251046,0.3276472074804145,0.3228187868066564,0.30521668542896746,0.2919299132339314,0.2739295915944892,0.2550141291612103,0.23915041238771337
202244314,100,0.3296247156937073,0.3302426080363912,0.32915087187263076,0.32420773313115997,0.30653525398028814,0.29316906747536015,0.2749431387414708,0.2560538286580743,0.240371493555724
202244314,101,0.3313641447541267,0.3319196210750719,0.3305421899278631,0.32557668200481915,0.3076738303094904,0.2942748406758796,0.2761430426590802,0.25717803016086294,0.24152710949639322
202244314,102,0.3332441392023071,0.33370497554594236,0.3321515110972365,0.32704886351811385,0.3090985446490954,0.2955819173765033,0.27753497153220646,0.25846229318110864,0.2426637827230968
202244314,103,0.33509130924427893,0.33530844932539355,0.33389519862796907,0.328304761624355,0.3105066356536652,0.29693722075417534,0.2789329957234445,0.2597694634799826,0.24389983585682
202244314,104,0.3367680935440602,0.3371034291712836,0.33549236017962325,0.32983903889893273,0.31189858284247973,0.29817898174607804,0.2802421706420948,0.2612337435119846,0.24529436636146268
202244314,105,0.3384021083793639,0.3388064551066825,0.33695079244738074,0.33117802086717935,0.31311238672876274,0.2994512437272104,0.2813747788728835,0.26232715982526444,0.24641322791436515
202244314,106,0.33990158353240735,0.34047734847726263,0.33852117813666727,0.33247385812579566,0.3145107070822664,0.30071380548442933,0.2826540975867939,0.2636216687885333,0.24788647774900938
202244314,107,0.3415182841716678,0.34213118122621927,0.3399488425811114,0.3337702734300269,0.31590768990951795,0.3019669389866296,0.2838138493477783,0.26503369162421264,0.24906648338800988
202244314,108,0.3432173644455676,0.3435718698228175,0.34136059865779345,0.33522168870917923,0.3170857552017522,0.3033442843905315,0.2851767612950327,0.2662019487265886,0.25036152528571026
202244314,109,0.3447392033163851,0.34509393410353967,0.342788183987035,0.3365595286949385,0.3181656940551294,0.30448073672715636,0.2863894665822732,0.2674948355370694,0.251305896182123
202244314,110,0.3464160176442208,0.3465366324350403,0.3442380591357088,0.33786615204355913,0.31939830450065476,0.3056826797160383,0.2876249224619202,0.26875387690399066,0.2526259563029844
202244314,111,0.34813775109453654,0.34813092091333186,0.34574035749168425,0.33924144007540524,0.3206872528328176,0.30711568277906415,0.28889617441550725,0.2701302515555738,0.25378904302331146
202244314,112,0.34968997075706704,0.34951058702480237,0.3471718293079173,0.3406666305642803,0.32209533737680063,0.30841478934257555,0.2900398028809704,0.27137035633055345,0.25489074515325466
202244314,113,0.3513891591243031,0.3510671130582971,0.34877588948452504,0.3422276194757358,0.3235388837078237,0.30984186196300495,0.2913577596328675,0.27257173911584937,0.25626480237777344
202244314,114,0.35287565008047034,0.35242009496827736,0.35014231940731283,0.3434952050330527,0.32472101405902926,0.31098785629730125,0.2925129351050104,0.2738584520436801,0.2573986140483886
202244314,115,0.3544978079572799,0.3539967696212546,0.35156080034281567,0.3447440419289976,0.3258628077924646,0.31236443946336157,0.2936776873125227,0.27501071299073737,0.25852589247453606
202244314,116,0.35603971138009466,0.35556259967059684,0.35304305769783795,0.34624584978170503,0.32721039972811167,0.3136748058874278,0.29498248411806227,0.2762084651381663,0.259604324069959
202244314,117,0.3577464149867486,0.3571081433098112,0.3544384181230277,0.34769930600104976,0.32831463877711037,0.31501137225170583,0.29631357607096803,0.2774149025096712,0.2608425186135573
202244314,118,0.3593631539044731,0.358617853792678,0.355867953380193,0.3490381773557266,0.3296924994538749,0.31628673494301024,0.29751609462741424,0.2785816167872425,0.26191837678775653
202244314,119,0.36097501927230335,0.36018182860710624,0.35727664833939643,0.3506571696153822,0.33074776536846734,0.31765852664037564,0.29882582297513394,0.27988162664610955,0.2632341791910092
202244314,120,0.36259476876421537,0.36180818802122816,0.35873452110184484,0.3520438463482436,0.3319560272934041,0.3190516805660854,0.29999684104119284,0.28111574425069497,0.26431640131412687
202244314,121,0.36399037587954813,0.36318523299018163,0.3600680455391324,0.35320083459169543,0.3331474507985639,0.3201805775725412,0.3011892305089631,0.28221354770393303,0.2653588055063002
202244314,122,0.365369318534906,0.36437191613119724,0.3612927080873488,0.35443828533787397,0.3342230204203383,0.32137796890341663,0.30217253507997865,0.28320013920133236,0.2666016231869648
202244314,123,0.36701245708438884,0.3657612012056436,0.36269161781837683,0.35562787773442556,0.3352903468382675,0.32263293823233913,0.30334325708685445,0.28423849060325324,0.2677441027632414
202244314,124,0.3684089853016703,0.3670975078872068,0.36393345398517934,0.3568319107828511,0.33645356941964827,0.32392269314485556,0.30443089828560244,0.28545574604416835,0.2688712123064883
202244314,125,0.3699833206974981,0.3685458680818802,0.3652585291887794,0.3580439727065959,0.3375587566338135,0.3251068991660349,0.305573919636088,0.28657164518574685,0.26991357088703566
202244314,126,0.37139427416152204,0.3698208118223281,0.3664723154867203,0.35922175289119945,0.33872161449871835,0.32609480486660164,0.3066536698075743,0.28772398522208986,0.2710777765743648
202244314,127,0.37286956833201007,0.3711264200390417,0.3678221988741172,0.3605391820336332,0.339893023228048,0.3272014709306143,0.3077432796260589,0.28884026911344196,0.27224454221463407
202244314,128,0.3742151961713419,0.37246789708112205,0.368955529757392,0.3617501421531463,0.34097209059893857,0.328397460197119,0.30884844105382864,0.28987395754359363,0.2731087708491281
202244314,129,0.3757603540384717,0.3739560743104654,0.3702270336348303,0.3631392116414244,0.3422753906823939,0.3296660025506755,0.3100628265481837,0.2910444252458111,0.27427696575394794
202244314,130,0.37717968157695225,0.3753105499504286,0.3715956143931883,0.3644340117804864,0.3435557240333586,0.3311162302443576,0.31143931883128245,0.2921881378666822,0.27547675978305247
202244314,131,0.3786120644253974,0.376647240275712,0.37298091892423707,0.365752449519356,0.3449351521219522,0.3323822697046687,0.3126848352615039,0.2933086018207178,0.27669874818420154
202244314,132,0.3801950513474395,0.3780641900429618,0.3743940542651687,0.36685562983895054,0.3461701932134078,0.3335573322305695,0.3140119925563443,0.29450111425092473,0.27783617065269833
202244314,133,0.3815547207670427,0.379317322875042,0.3756377296539301,0.3679678726763839,0.3472270517081179,0.33465202049855497,0.315213735627925,0.29556453681588357,0.27891658638636013
202244314,134,0.3830185690199495,0.3807073427404298,0.3770834983535695,0.3691427245878266,0.3483982664388445,0.3359085919907664,0.3164428049291073,0.2968044538490263,0.27999785002206556
202244314,135,0.38435964395024286,0.381793165417123,0.3782579395164687,0.3702720916519249,0.3495970572543734,0.3370931963047202,0.31768174543003963,0.2980063459972482,0.2810462471569371
202244314,136,0.3857367435222762,0.3831807742050573,0.3795544753155242,0.3715716005886813,0.35072804709450117,0.33843319359586144,0.31876310038799444,0.2991682647281809,0.2821712081345047
202244314,137,0.38708543853726834,0.3844955534772527,0.38072970564960185,0.3726556836355788,0.35170971151558084,0.3394769317609558,0.3199836195303896,0.3003353569116174,0.2833738233454896
202244314,138,0.38847227258243516,0.38562096889387,0.3819840458845634,0.37375701838239334,0.35285569876168815,0.3407527661491468,0.321101295447803,0.30150476316049707,0.28440518179121205
202244314,139,0.3897546102617527,0.38684473194757313,0.3830785258071026,0.3749515929333864,0.3539606525545295,0.3418138877828745,0.32221379833206976,0.30248280526450716,0.2855089696249066
202244314,140,0.39110798223762594,0.3881782735838839,0.3843685692624283,0.3761047330228528,0.35502274450341165,0.34299794216397705,0.3234593306617567,0.30367702805155417,0.2865292970865374
202244314,141,0.3923453723269832,0.38940418004183275,0.38563224880228414,0.3771581737723076,0.3561235408298786,0.3440254007172853,0.32457696836739636,0.3048354921792245,0.2876910834018894
202244314,142,0.3937708891712672,0.39074095825903105,0.3869368599771487,0.3783836453138848,0.3573743446272785,0.34510245704705866,0.3256788646969001,0.30591357088703564,0.28880180247519993
202244314,143,0.3950624811125191,0.39194505267287677,0.38797404263666585,0.3794673862907373,0.3584406495702932,0.34616975140098716,0.32675474639083435,0.30687848921359157,0.2897564906662708
202244314,144,0.39628348496335614,0.3932614143711566,0.38917582764720743,0.3807545699604077,0.35953163170752256,0.3474064948193075,0.32784727487153564,0.3079405694549743,0.290790055597675
202244314,145,0.3976052913649317,0.39452563331677604,0.39040809390604164,0.3818749836605579,0.360586651329377,0.3485399074533999,0.3290162348696766,0.30913963033646186,0.29186165067579933
202244314,146,0.3988986052115031,0.39580628745313484,0.39157674452418295,0.382964470800835,0.3618634914370579,0.3496188478195395,0.3301016752001828,0.3102885124679344,0.2930068441222595
202244314,147,0.40026200017535446,0.39721650601104724,0.3928068573904163,0.38401076882610513,0.36298886499254746,0.350662478789848,0.3311878200863363,0.3114088698405822,0.29403846451393295
202244314,148,0.40153781529823984,0.39857949306395096,0.39410743192016884,0.3853093047558551,0.36414513452041886,0.3518200725365244,0.3323643013749155,0.31262422392066064,0.2952508042538368
202244314,149,0.40276597585113794,0.3999369056281197,0.39516157756282727,0.3864682925340022,0.36520701568709263,0.3527535096244358,0.33357587352631396,0.31372913179091344,0.2961848258035628
202244314,150,0.4040485216072783,0.40120545868081875,0.39638362395754356,0.3876092999747283,0.36622441243366183,0.3538514025777104,0.3347384382107657,0.31485721506191555,0.29716199140763205
202244314,151,0.4052839548323284,0.4023417298876833,0.39748404621201094,0.38870004870235825,0.3672383754499947,0.35492471217910415,0.3358931359799969,0.315887512614915,0.29816889174520134
202244314,152,0.4066876820557839,0.40350544671002747,0.39876950241410963,0.38977145764335025,0.36832378995251586,0.35586419137304975,0.33709249431387417,0.3169616136626631,0.29920743386137827
202244314,153,0.4080482837562622,0.4047059814575312,0.4001471703161932,0.390923010599236,0.3693826279564138,0.357039151268291,0.33816468209725137,0.31810343546061337,0.3001754151243514
202244314,154,0.4092016777763556,0.4057826176855745,0.40123864005592585,0.39203745458483896,0.3703784842905388,0.35806592952157773,0.33909740752045525,0.31909504445516573,0.3012686706773136
202244314,155,0.410359754457189,0.4068869378072343,0.4023258088972585,0.39312529042040645,0.3714177407126611,0.3591406001614126,0.3401770647362371,0.32015211915185016,0.30239673261757444
202244314,156,0.4115613032406057,0.40809616842596375,0.403379599930017,0.3941530102447464,0.3724072238098015,0.36013102389144847,0.3411383915553741,0.3211008728446181,0.3034763126688828
202244314,157,0.4126871833998928,0.40909683556834703,0.40447308567096285,0.3950662294828643,0.3733841020267236,0.361082271359793,0.34225165754793974,0.3221993113872216,0.3045035082551441
202244314,158,0.4140315352059961,0.41038713639984264,0.4057206744656961,0.3962965806470188,0.3744853696221725,0.3620742603237973,0.34341561021487316,0.323307837736682,0.3055656855500427
202244314,159,0.4153518245669246,0.41177564478521467,0.40703124627481274,0.3974756938980837,0.37556086419576484,0.3631562885929402,0.3445363125295035,0.32434281736211446,0.3065596673675979
202244314,160,0.41658216451857466,0.41302359742228967,0.4082164518574678,0.3986282221379833,0.3764475928733889,0.3642555913570887,0.34551032979529944,0.3253790750568613,0.3074630401819561
202244314,161,0.41774777617148323,0.414364354701237,0.4093563258444426,0.3997428882223027,0.3774904760335093,0.3652753120894335,0.34660174515796366,0.3263012163364868,0.3083716724979869
202244314,162,0.41892005728245313,0.41560432051966045,0.4105055270079278,0.40092101199000363,0.3787287413772124,0.3663432828835912,0.347705425921246,0.3273453514166175,0.3094960641713232
202244314,163,0.4201570254468667,0.4166965120443541,0.41162667386056556,0.40206374972674036,0.3797750666288367,0.3674051265831616,0.3487537035400494,0.32842086168644213,0.3104647971832165
202244314,164,0.4214043343996745,0.41781698995913386,0.41272721389078937,0.40314632297194847,0.3807485345513046,0.3685603468999057,0.3497545257863496,0.3296196305405055,0.31155577950775715
202244314,165,0.42262963218232363,0.41894226572012777,0.41392469042203683,0.4043099685252831,0.38176763847726697,0.3696142624118363,0.3508098421669309,0.33064304914191195,0.31262664553036046
202244314,166,0.42378079413940833,0.42012249148222913,0.41511459027923675,0.4054184897284361,0.38285667309115157,0.370591539775478,0.35178165276724793,0.33168382399956153,0.3136777587986518
202244314,167,0.4248773113363872,0.4212749633409451,0.41624484162834297,0.4065636732600001,0.38395990430057253,0.37159116187639885,0.3527736036645435,0.3327598026085811,0.31481842985749503
202244314,168,0.426021697534207,0.4224430484855049,0.4172984584281021,0.4076816852593957,0.3850319506119354,0.3724953969457381,0.35387559117657674,0.3338229719484458,0.3158868551211235
202244314,169,0.4272422626070495,0.42362422670931443,0.41831717591325684,0.4087371192987335,0.3860464490312277,0.373453979390878,0.35488154465235006,0.33483318454450434,0.31697179591855046
202244314,170,0.4284217098514918,0.4248093475449315,0.41934397716630245,0.4098827097177006,0.38710698836016594,0.3745506845649556,0.35604513223029927,0.3359229362707934,0.31803059358694197
202244314,171,0.4297048534908158,0.42604046127449025,0.42054498135660096,0.4110237686711092,0.3881772918523247,0.37562126189874484,0.3570887035633055,0.3371129998359558,0.3191590297451995
202244314,172,0.43076811185358893,0.42707653789868993,0.4216350476929315,0.4120589946576865,0.38919768323430365,0.3765934375936668,0.3581752384646579,0.3381437664192394,0.32017076008956746
202244314,173,0.43195274051545446,0.4283197552884257,0.42274976225639493,0.41315237064337584,0.39023476359301806,0.37762887456340627,0.3591462265597952,0.3391275576610412,0.32128692695026445
202244314,174,0.43304096624924837,0.4295051109774907,0.4238320566782568,0.4143225013725132,0.3912512091187158,0.37860448092860316,0.36011041105679154,0.3400804336270076,0.32217894085557675
202244314,175,0.4342034008447959,0.43053612043756095,0.42488032058919095,0.4153817827358388,0.3921975522582043,0.3795191162135817,0.3610635763023936,0.3411090653092169,0.323199393479909
202244314,176,0.4352427803432352,0.4316243366186505,0.4259489799434833,0.4164182576331931,0.3932709869736025,0.38051597284444133,0.3621502171066235,0.3421540078571921,0.324158711834034
202244314,177,0.43634109045116354,0.43269811490471716,0.4269284640392696,0.4173102375965357,0.3940731507776393,0.38138805720820856,0.3630660961265811,0.34306078479245106,0.32513931543756397
202244314,178,0.43747391196940133,0.43369380957654335,0.42791185014183375,0.41820071385370267,0.39505157976335487,0.3823355282772955,0.36400788816859897,0.3441000587779302,0.3260833454012658
202244314,179,0.43857925209973697,0.43485203366355923,0.42905578544775325,0.4192845434792737,0.3959555444491976,0.3833740644893499,0.3649857476249571,0.3451256030258237,0.3270613000368486
202244314,180,0.4396786285906832,0.43595737511582855,0.4300353803386404,0.42033948277314465,0.39694423384719074,0.3843484120967062,0.36601802712492626,0.3461502822003201,0.3279631033611322
202244314,181,0.44079308366039893,0.43701699345310147,0.43110677350579496,0.4213974256405531,0.39805394175229014,0.3854020499373793,0.36712267371480994,0.3471657332903296,0.32903505501824165
202244314,182,0.4419182031009173,0.43805663631289105,0.432143481991852,0.42243749427221744,0.39904731356588824,0.38635246482100155,0.36806105191245453,0.3482804155662382,0.3300327420873289
202244314,183,0.4429046678018204,0.439254775724282,0.43318336046930733,0.4233771237524703,0.3999386851274148,0.3873774220410395,0.3690451037174213,0.34932905786383955,0.33100502533381393
202244314,184,0.44384332663084686,0.44019472920855723,0.43414188944193555,0.4242488545340673,0.40085333091604314,0.38823878432277414,0.37003288064080164,0.350378663018756,0.3320326663809869
202244314,185,0.44479437739483235,0.4412556605126734,0.43515972378747203,0.4252566440587669,0.40186054136016236,0.38923426838514025,0.37113702026514767,0.3514374116345307,0.3330307563059648
202244314,186,0.4458228374379417,0.4423377925603463,0.43619514620884187,0.4263106621992875,0.40296086151939803,0.39031076002510856,0.3721253474854688,0.35244809117366527,0.33402626623297216
202244314,187,0.4468463793264221,0.4434164595605973,0.4372884173312305,0.4273635431152267,0.4038669710078532,0.3913453312953826,0.3730625615743575,0.3534844498141113,0.33501721041300936
202244314,188,0.4480888971335473,0.44442920974948785,0.43839425418998923,0.4284112722404143,0.404959027632152,0.3924858451760682,0.37403013243430705,0.354529946929492,0.336098430467956
202244314,189,0.449017413384358,0.4453590382324272,0.4393860989766979,0.42936166969525574,0.4059372380069878,0.3934418009474871,0.3750035099542302,0.35550220425125656,0.3370378393122897
202244314,190,0.4501616056821356,0.44633494273971513,0.4404233669845577,0.43041379035154226,0.40687322932045805,0.39437572323530584,0.3758708750648418,0.356496149395475,0.3379474083236902
202244314,191,0.45123030695156174,0.4473542148780013,0.4414755744674094,0.4313278741232649,0.40781529716705905,0.39532765183841484,0.37668152535039634,0.357382437115219,0.3388792080308341
202244314,192,0.4522760298205711,0.4484260487743239,0.4425049753601213,0.43221071834723274,0.40876334660096036,0.3963269206469548,0.3775725770785949,0.3583463640384129,0.3398881728582259
202244314,193,0.45336591152820277,0.44940428256608284,0.44362387897881495,0.43316690694394794,0.40976049527236447,0.3971881665730436,0.37857617051699555,0.3593749386212667,0.34082186614918664
202244314,194,0.4543742135169568,0.4503587535074213,0.4447077995669947,0.43405266407697174,0.4107004681772352,0.3981304174515214,0.3796456234416889,0.36036555341050314,0.34179087562430144
202244314,195,0.45530802278338295,0.45131704282576157,0.44569118018701026,0.43503042320328134,0.4116113605878579,0.3992418498862774,0.38067494799867807,0.3614043272875722,0.34274800256604654
202244314,196,0.456446983645619,0.45245895932292546,0.4467786356392443,0.4360658971700887,0.4125613095882781,0.40017174420943513,0.3816550881156101,0.36233386455416133,0.34379593383979823
202244314,197,0.45742429082176544,0.453469979949431,0.44776653594670623,0.43697155590106335,0.4133919328209727,0.401124910041833,0.3825444595390293,0.3633501768375519,0.34475818090154436
202244314,198,0.4584012988106999,0.45444398495952704,0.4487482865041621,0.4378718956050267,0.414285003178104,0.40204164464968106,0.3834995137117957,0.36427581347975585,0.3457068792550218
202244314,199,0.4594637326130272,0.4555834517546032,0.4496954065246628,0.43881080916332993,0.4151271901585258,0.4029701197420003,0.3844392546508128,0.36522643543723166,0.3466327086531978
202244314,200,0.4604492039423806,0.4565238817285822,0.4506652767247915,0.4397763457164519,0.41598559514783934,0.4038703563305534,0.3853639120545868,0.3662585291887794,0.3476573161485974
