seed,k,gamma_0.00,gamma_0.30,gamma_0.50,gamma_0.70,gamma_0.90,gamma_1.00,gamma_1.20,gamma_1.50,gamma_2.00
191664964,1,0.718625,0.806,0.806,0.8105,0.811625,0.812375,0.814,0.809625,0.80375
191664964,2,0.7536875,0.8273125,0.829125,0.83525,0.8335625,0.8331875,0.8291875,0.82725,0.8221875
191664964,3,0.7694999999999999,0.8337083333333333,0.8405,0.8427083333333333,0.84,0.8389166666666665,0.8342083333333332,0.83325,0.8258333333333333
191664964,4,0.783875,0.84246875,0.84603125,0.84603125,0.842875,0.8408125,0.83775,0.83159375,0.823875
191664964,5,0.7902250000000002,0.8476000000000001,0.849975,0.8478500000000001,0.844875,0.84345,0.8381500000000001,0.8305750000000001,0.8209250000000001
191664964,6,0.7960833333333334,0.850375,0.8538333333333334,0.8514166666666667,0.8456041666666667,0.8427291666666668,0.8356041666666667,0.8278958333333335,0.8167916666666667
191664964,7,0.8007857142857142,0.852375,0.8550178571428572,0.8510178571428572,0.8434285714285713,0.8404821428571428,0.8338035714285714,0.8246071428571429,0.812375
191664964,8,0.80521875,0.855625,0.857484375,0.8505625,0.841828125,0.837921875,0.8294375,0.819953125,0.806546875
191664964,9,0.8097083333333335,0.8579861111111112,0.8581944444444446,0.8509444444444446,0.8410694444444445,0.8367222222222224,0.8268472222222224,0.816388888888889,0.8015
191664964,10,0.8134750000000001,0.8597375000000002,0.8596000000000001,0.8504250000000002,0.8391375000000001,0.8344750000000002,0.8236000000000001,0.8123875,0.7980000000000002
191664964,11,0.8169545454545454,0.861306818181818,0.860340909090909,0.8486818181818181,0.8365454545454545,0.8319886363636363,0.8210340909090907,0.8096136363636363,0.7935568181818181
191664964,12,0.8194375,0.86175,0.8595520833333332,0.84665625,0.8343854166666667,0.8294895833333332,0.8173020833333332,0.80540625,0.78940625
191664964,13,0.8211153846153848,0.8628750000000003,0.8583846153846155,0.8452884615384617,0.8317307692307694,0.8266923076923078,0.8142019230769231,0.8022115384615386,0.7861826923076923
191664964,14,0.8231785714285715,0.8635892857142857,0.8574375,0.8436160714285714,0.8302589285714287,0.8251160714285716,0.8125357142857144,0.8006339285714287,0.7842946428571429
191664964,15,0.8245750000000001,0.8640333333333334,0.8571583333333336,0.8426083333333335,0.8279083333333335,0.823075,0.8105500000000001,0.7986500000000001,0.7815583333333334
191664964,16,0.8262109375,0.8645703125,0.8570390625,0.841671875,0.825984375,0.8210703125,0.8087109375,0.79615625,0.779734375
191664964,17,0.8273161764705883,0.8646323529411766,0.8558235294117649,0.8400955882352942,0.8238014705882354,0.819110294117647,0.8063529411764706,0.7943235294117648,0.7775073529411765
191664964,18,0.8278888888888889,0.8652152777777778,0.8556736111111112,0.8392916666666668,0.8230625,0.8177152777777779,0.8047083333333335,0.7927847222222223,0.7758333333333334
191664964,19,0.8296447368421052,0.8659407894736841,0.855,0.8383421052631579,0.8221315789473683,0.8165,0.8034868421052631,0.7910263157894736,0.7743684210526317
191664964,20,0.8308562500000001,0.8661749999999999,0.85415,0.83699375,0.8197000000000001,0.8142375,0.80091875,0.788275,0.77220625
191664964,21,0.8325476190476191,0.8661428571428572,0.8542738095238096,0.8363809523809526,0.8181190476190477,0.8124464285714286,0.7991845238095239,0.7866547619047619,0.770922619047619
191664964,22,0.833715909090909,0.8656647727272727,0.8531420454545454,0.8349602272727272,0.8168806818181817,0.8110113636363635,0.7971136363636364,0.7850340909090909,0.7694886363636364
191664964,23,0.8347717391304348,0.8649782608695652,0.8525978260869566,0.8341413043478261,0.815429347826087,0.8099347826086957,0.7963586956521739,0.7837391304347825,0.7678369565217391
191664964,24,0.8361979166666668,0.8651666666666668,0.8524270833333333,0.8333177083333334,0.8146770833333333,0.8088958333333334,0.795203125,0.7825208333333332,0.76684375
191664964,25,0.8369350000000002,0.865655,0.8520200000000001,0.83291,0.8139100000000001,0.8082450000000001,0.79441,0.78122,0.7663300000000001
191664964,26,0.8379951923076924,0.8657548076923078,0.8515961538461541,0.8324278846153847,0.8133846153846155,0.8070240384615386,0.7934038461538462,0.7803365384615385,0.7654230769230769
191664964,27,0.8389675925925926,0.8660092592592593,0.8516342592592594,0.8321435185185184,0.8127314814814814,0.8062222222222222,0.7928148148148149,0.7794305555555555,0.7651203703703703
191664964,28,0.8394732142857143,0.8658258928571428,0.8512321428571429,0.831674107142857,0.8119375,0.8055848214285715,0.7921428571428573,0.7788392857142857,0.7647991071428571
191664964,29,0.8401939655172413,0.8656724137931034,0.8505689655172414,0.8310948275862069,0.8115172413793104,0.8048189655172414,0.7916250000000001,0.7777974137931035,0.7640862068965517
191664964,30,0.8411500000000001,0.8658333333333335,0.8503000000000002,0.8302708333333335,0.8107291666666667,0.8043583333333334,0.7906833333333334,0.7766500000000001,0.7635083333333333
191664964,31,0.8417298387096773,0.8656290322580644,0.8501129032258063,0.8299153225806452,0.809875,0.8036895161290322,0.7901411290322581,0.7760483870967742,0.7632177419354838
191664964,32,0.84248046875,0.86565625,0.8499140625,0.82959765625,0.80930078125,0.80312109375,0.78967578125,0.775609375,0.7629140625
191664964,33,0.8430227272727272,0.8657272727272727,0.8496439393939393,0.8296969696969696,0.8091022727272728,0.8027689393939392,0.7894469696969696,0.774965909090909,0.7627007575757575
191664964,34,0.8439705882352943,0.8656433823529412,0.8492058823529413,0.8291323529411766,0.8086066176470588,0.8025147058823531,0.7889301470588237,0.7743492647058824,0.762014705882353
191664964,35,0.8450500000000001,0.8657392857142857,0.8495035714285715,0.8293785714285715,0.8087464285714286,0.8023357142857143,0.7885821428571429,0.7740107142857143,0.7618357142857144
191664964,36,0.845579861111111,0.8659548611111111,0.84975,0.8293784722222223,0.8085798611111111,0.8021631944444445,0.7885729166666667,0.773701388888889,0.7617152777777778
191664964,37,0.8462567567567569,0.8656317567567567,0.8492635135135136,0.8289932432432432,0.8078344594594595,0.8013412162162162,0.7878716216216217,0.7728479729729729,0.7608716216216217
191664964,38,0.8469638157894736,0.865578947368421,0.849470394736842,0.8289736842105263,0.8074440789473685,0.8009013157894737,0.7876052631578948,0.7726578947368421,0.7605559210526316
191664964,39,0.8482275641025642,0.8657435897435899,0.8498525641025642,0.829073717948718,0.8071346153846155,0.8005000000000001,0.7872179487179487,0.7719326923076923,0.7603429487179487
191664964,40,0.8491593749999999,0.865690625,0.8496125,0.8292999999999999,0.806809375,0.800365625,0.786934375,0.77149375,0.7600875
191664964,41,0.8497560975609757,0.8657164634146343,0.8494969512195123,0.829298780487805,0.8064634146341464,0.7999664634146342,0.7868292682926831,0.7712469512195124,0.7601646341463414
191664964,42,0.8507559523809525,0.8659583333333335,0.8499404761904764,0.8294464285714287,0.8066607142857143,0.8000505952380953,0.7866309523809525,0.7711636904761905,0.7602291666666667
191664964,43,0.8517587209302324,0.8660261627906976,0.8498372093023254,0.8295523255813952,0.8065290697674417,0.8000058139534882,0.7863837209302325,0.7707499999999999,0.7602034883720928
191664964,44,0.8526079545454545,0.866409090909091,0.8499857954545453,0.8297017045454546,0.8064829545454545,0.7997585227272728,0.7862329545454545,0.7707017045454545,0.7602357954545453
191664964,45,0.8531194444444445,0.8663944444444446,0.8502138888888889,0.8298805555555556,0.8067694444444445,0.7997444444444445,0.7861861111111111,0.7709138888888889,0.7604111111111111
191664964,46,0.8537989130434782,0.8665135869565217,0.8501385869565218,0.8299320652173914,0.8067472826086958,0.7997255434782609,0.786008152173913,0.770616847826087,0.7603614130434783
191664964,47,0.8544148936170213,0.8664308510638298,0.8502154255319149,0.8300824468085105,0.8065345744680851,0.7995744680851062,0.7856436170212767,0.770313829787234,0.7604175531914893
191664964,48,0.8547447916666667,0.8665026041666666,0.8499713541666667,0.8303151041666668,0.8067994791666667,0.7994739583333333,0.7857630208333333,0.7706354166666668,0.7603932291666666
191664964,49,0.8551301020408164,0.8665790816326531,0.8499132653061225,0.8302576530612245,0.806890306122449,0.7994464285714286,0.7858010204081632,0.7704719387755102,0.7603367346938775
191664964,50,0.8559125000000001,0.8669049999999999,0.85035,0.83073,0.8069824999999999,0.7996875,0.78608,0.770525,0.7603949999999999
191664964,51,0.8565539215686276,0.867105392156863,0.8503823529411766,0.8307916666666667,0.8069460784313726,0.7994877450980393,0.7858333333333334,0.7703553921568628,0.7605906862745099
191664964,52,0.8571658653846155,0.8672259615384615,0.8501129807692307,0.8308100961538462,0.80709375,0.7993317307692308,0.7857524038461539,0.7702307692307693,0.7607331730769231
191664964,53,0.8578797169811321,0.8672877358490566,0.8500353773584906,0.8310259433962265,0.8071556603773584,0.7993985849056604,0.7858018867924529,0.7702382075471699,0.7606886792452829
191664964,54,0.8584421296296295,0.8677291666666667,0.8504004629629629,0.8315393518518518,0.8075949074074074,0.7996782407407407,0.7859675925925926,0.7705023148148148,0.7608773148148148
191664964,55,0.8588340909090908,0.8680704545454546,0.8505454545454545,0.8317863636363636,0.8078909090909091,0.7998795454545454,0.7860886363636364,0.7707568181818183,0.7611272727272728
191664964,56,0.8592700892857142,0.8680625,0.8505357142857142,0.8319955357142856,0.8079330357142858,0.7998816964285713,0.7862678571428571,0.7709129464285713,0.7612433035714286
191664964,57,0.85975,0.8683026315789473,0.8505657894736841,0.8321008771929823,0.8078530701754387,0.7997916666666667,0.7862083333333333,0.770921052631579,0.7611820175438597
191664964,58,0.8603836206896551,0.8685172413793102,0.8505862068965516,0.8322456896551723,0.8079331896551724,0.7998340517241379,0.786375,0.7712672413793105,0.7615107758620688
191664964,59,0.8609745762711863,0.8687860169491526,0.8508072033898305,0.8323728813559321,0.8081949152542374,0.7999258474576272,0.7864173728813559,0.771478813559322,0.7619470338983051
191664964,60,0.8614416666666667,0.8690291666666667,0.85098125,0.8326833333333333,0.8083625,0.8001708333333334,0.7868458333333334,0.7718937499999999,0.7621062500000001
191664964,61,0.8617909836065574,0.869266393442623,0.8510512295081967,0.8327581967213114,0.8085450819672131,0.8002090163934427,0.7868913934426229,0.7721454918032786,0.7622807377049181
191664964,62,0.862375,0.8693588709677418,0.8511895161290322,0.8329415322580646,0.8087298387096773,0.800241935483871,0.7869435483870967,0.7722439516129032,0.7624354838709677
191664964,63,0.8627301587301589,0.8694880952380954,0.8512242063492065,0.8329285714285715,0.8087976190476192,0.8002460317460318,0.7870198412698414,0.772545634920635,0.7624285714285716
191664964,64,0.8633203125,0.8695703125,0.851158203125,0.83298046875,0.808873046875,0.800205078125,0.787171875,0.772640625,0.7623359375
191664964,65,0.8637250000000003,0.8696846153846156,0.8511865384615387,0.8330884615384616,0.8089807692307693,0.8003250000000002,0.7871653846153847,0.7727384615384616,0.7621961538461539
191664964,66,0.8643693181818182,0.8699431818181818,0.851185606060606,0.8332045454545455,0.8092045454545455,0.800467803030303,0.7872651515151515,0.7727670454545454,0.7621761363636363
191664964,67,0.865044776119403,0.87025,0.851402985074627,0.8334944029850747,0.8096436567164179,0.8006940298507463,0.787554104477612,0.7730111940298506,0.7621026119402985
191664964,68,0.8656231617647059,0.8702977941176471,0.8514209558823529,0.8337463235294117,0.8099448529411766,0.8009099264705883,0.7877261029411765,0.7733547794117647,0.7621801470588234
191664964,69,0.8661865942028985,0.8706630434782608,0.8514800724637681,0.833909420289855,0.8101376811594203,0.8010960144927536,0.7879583333333333,0.7736231884057971,0.7620036231884058
191664964,70,0.866844642857143,0.8707642857142859,0.8516714285714287,0.8341017857142858,0.8101571428571429,0.801257142857143,0.7882071428571429,0.7740107142857143,0.7620607142857143
191664964,71,0.8673802816901408,0.8711795774647887,0.8518591549295774,0.8343591549295775,0.8105528169014085,0.8016672535211268,0.7884489436619718,0.7743978873239437,0.7621179577464788
191664964,72,0.8678489583333334,0.8713697916666666,0.851921875,0.8345885416666667,0.8107465277777778,0.8017899305555556,0.7886614583333332,0.7746440972222222,0.7622135416666668
191664964,73,0.8681763698630136,0.8715633561643835,0.8518561643835616,0.8346506849315068,0.8107945205479451,0.8017551369863013,0.7887157534246576,0.7747808219178082,0.7620068493150685
191664964,74,0.8687989864864865,0.871820945945946,0.8520726351351352,0.8349239864864865,0.8110996621621621,0.8020304054054054,0.7890574324324325,0.7751435810810811,0.7620962837837838
191664964,75,0.8690983333333333,0.8719433333333334,0.8520666666666666,0.8350216666666668,0.8112433333333333,0.8022333333333334,0.7891333333333332,0.7752483333333334,0.7621483333333333
191664964,76,0.8697351973684211,0.8722664473684212,0.8521480263157895,0.8352549342105263,0.8113371710526317,0.8024605263157895,0.7894720394736842,0.7754128289473684,0.7622598684210526
191664964,77,0.8702970779220779,0.8724269480519481,0.8522077922077922,0.8354155844155844,0.8114188311688312,0.8026266233766234,0.7897126623376624,0.7755876623376623,0.7624431818181817
191664964,78,0.8708509615384616,0.8727804487179488,0.8523044871794873,0.8358878205128205,0.8117772435897437,0.8030512820512821,0.7900689102564102,0.7758477564102565,0.7624967948717948
191664964,79,0.8711550632911392,0.8728481012658226,0.8523370253164555,0.8360870253164556,0.8119620253164556,0.8033006329113924,0.7902974683544303,0.7759335443037975,0.7624857594936709
191664964,80,0.871678125,0.8732218749999999,0.8523078125000001,0.8362937500000001,0.8122624999999999,0.8035875,0.7907234375000001,0.7761625,0.7626609375000001
191664964,81,0.8721820987654321,0.8733703703703705,0.8524182098765432,0.8365138888888889,0.8125231481481482,0.80383487654321,0.7909444444444444,0.7763842592592592,0.7628935185185185
191664964,82,0.8723780487804877,0.8735274390243903,0.8525411585365855,0.8366935975609756,0.8129146341463416,0.8041356707317073,0.7913719512195122,0.7766814024390244,0.7630411585365855
191664964,83,0.8727198795180723,0.8737364457831325,0.852652108433735,0.8368418674698794,0.813198795180723,0.8045542168674699,0.7917605421686746,0.7769909638554217,0.7633448795180723
191664964,84,0.8731116071428571,0.8739553571428571,0.852735119047619,0.8370491071428571,0.8135223214285713,0.8048467261904761,0.7921235119047619,0.7772752976190476,0.7635803571428571
191664964,85,0.8735617647058825,0.8741205882352943,0.8528941176470589,0.8373338235294118,0.8138911764705883,0.8052529411764707,0.7925617647058825,0.7776544117647058,0.7637529411764706
191664964,86,0.873998546511628,0.8742834302325582,0.8528953488372094,0.8375261627906977,0.8142718023255815,0.8055348837209302,0.7929375,0.7779084302325582,0.7638706395348838
191664964,87,0.8743218390804598,0.8745617816091954,0.8531278735632184,0.8378994252873563,0.8146005747126436,0.8058204022988504,0.7932140804597702,0.7782399425287356,0.7639022988505747
191664964,88,0.8748039772727273,0.8748977272727273,0.8533025568181818,0.837987215909091,0.8148920454545455,0.8060880681818181,0.7934673295454545,0.778546875,0.7640241477272728
191664964,89,0.8752457865168539,0.8751657303370787,0.8533904494382023,0.8381516853932583,0.8150308988764046,0.8064016853932585,0.7937865168539326,0.7789438202247191,0.7641573033707866
191664964,90,0.8757750000000001,0.8753708333333335,0.8534611111111112,0.8384000000000001,0.8153847222222224,0.806601388888889,0.7940916666666668,0.7792527777777779,0.7643527777777779
191664964,91,0.8758722527472529,0.8755673076923078,0.8535082417582419,0.8386057692307692,0.8157321428571429,0.8068379120879122,0.7944491758241758,0.7795247252747254,0.7645741758241759
191664964,92,0.8759497282608695,0.8756820652173913,0.853476902173913,0.8387758152173913,0.81590625,0.8069578804347827,0.7947133152173913,0.7797853260869565,0.7647228260869565
191664964,93,0.8759166666666666,0.8759059139784945,0.8535981182795697,0.8389126344086021,0.816122311827957,0.807133064516129,0.7950470430107526,0.780008064516129,0.7648521505376344
191664964,94,0.8761555851063829,0.8762805851063828,0.8537579787234042,0.8392765957446808,0.8164441489361702,0.8074800531914893,0.7952872340425532,0.7803058510638299,0.7650359042553192
191664964,95,0.8761868421052632,0.8765671052631578,0.8540223684210525,0.8394565789473684,0.816753947368421,0.8077750000000001,0.79565,0.7805013157894737,0.7651144736842105
191664964,96,0.8763359375,0.8768138020833333,0.85406640625,0.83976953125,0.816984375,0.8080729166666667,0.7959830729166666,0.7806328125,0.7652760416666667
191664964,97,0.8765528350515465,0.8769819587628868,0.8541636597938145,0.839993556701031,0.817298969072165,0.8084136597938145,0.796298969072165,0.7808273195876289,0.7654329896907217
191664964,98,0.876733418367347,0.8772818877551021,0.8542933673469388,0.8401645408163265,0.8176658163265306,0.8086415816326531,0.796594387755102,0.7811428571428571,0.7656632653061224
191664964,99,0.8768320707070707,0.8774583333333333,0.8544482323232323,0.8403156565656565,0.8179848484848485,0.8088851010101009,0.7970202020202021,0.7813737373737374,0.7657234848484847
191664964,100,0.87696625,0.87764625,0.8544975,0.8405075000000001,0.81829,0.8089975,0.7972512500000001,0.78153625,0.7658912499999999
191664964,101,0.8771336633663368,0.8779975247524753,0.8547190594059407,0.8407549504950496,0.8186398514851486,0.8092537128712871,0.7976584158415843,0.7818824257425743,0.766095297029703
191664964,102,0.8771973039215688,0.8781127450980395,0.8548872549019609,0.8408345588235295,0.8188664215686277,0.8094178921568628,0.7980196078431374,0.7821654411764706,0.7662267156862744
191664964,103,0.8773070388349515,0.8783167475728155,0.8549429611650484,0.8409927184466018,0.8190631067961165,0.8096031553398059,0.7982415048543688,0.7824296116504854,0.7663349514563106
191664964,104,0.8773822115384615,0.8785420673076924,0.8549831730769231,0.8411670673076924,0.8192992788461538,0.8097223557692308,0.7985709134615384,0.7826850961538462,0.7663846153846154
191664964,105,0.8775380952380953,0.8788226190476192,0.8551857142857143,0.8414678571428573,0.8196190476190477,0.8100059523809525,0.7990202380952381,0.7830416666666667,0.7665845238095238
191664964,106,0.8777971698113208,0.8791261792452831,0.8554103773584907,0.8418077830188679,0.8199469339622643,0.8103667452830189,0.7994398584905661,0.7835011792452831,0.7667582547169811
191664964,107,0.8779649532710281,0.8794135514018692,0.8555338785046729,0.8421401869158879,0.820268691588785,0.8107196261682243,0.799785046728972,0.7838820093457943,0.766947429906542
191664964,108,0.8782303240740741,0.8796319444444444,0.855650462962963,0.8423900462962963,0.8205949074074074,0.8110185185185185,0.8000428240740741,0.7842175925925926,0.7671979166666667
191664964,109,0.8784036697247707,0.8798245412844037,0.8558038990825689,0.8426972477064221,0.8209690366972477,0.8112993119266054,0.8004415137614679,0.784493119266055,0.7674850917431193
191664964,110,0.8784465909090909,0.8799874999999999,0.8559329545454546,0.8428011363636364,0.8212022727272726,0.8114102272727273,0.8006954545454545,0.7847215909090909,0.7676147727272727
191664964,111,0.8785855855855856,0.8801891891891892,0.8560754504504505,0.8429909909909911,0.8214572072072072,0.8116351351351351,0.8010011261261261,0.7850529279279279,0.7677421171171173
191664964,112,0.8786752232142858,0.8803504464285714,0.8561741071428571,0.8431685267857143,0.8216071428571429,0.8117008928571429,0.8012745535714286,0.7852845982142858,0.7679486607142858
191664964,113,0.8788650442477877,0.8806371681415929,0.856304203539823,0.8434059734513274,0.8218871681415928,0.8118340707964601,0.8015951327433628,0.7855398230088496,0.7680342920353983
191664964,114,0.8790339912280701,0.8808421052631579,0.8563475877192983,0.8436030701754387,0.8221491228070176,0.8120427631578947,0.8018947368421052,0.7858223684210526,0.768140350877193
191664964,115,0.8791467391304347,0.8811293478260869,0.8566108695652174,0.8439032608695652,0.8224521739130435,0.812408695652174,0.8022086956521739,0.7861217391304348,0.7682076086956522
191664964,116,0.8792650862068965,0.8813717672413793,0.856719827586207,0.8440290948275861,0.8226573275862069,0.8126088362068965,0.8024181034482758,0.7863674568965517,0.7682068965517241
191664964,117,0.8794636752136753,0.8815641025641027,0.8568023504273505,0.8442136752136753,0.8229497863247864,0.8128194444444445,0.8027478632478633,0.7866741452991454,0.768363247863248
191664964,118,0.8796684322033897,0.8817680084745763,0.8568697033898306,0.8442828389830509,0.8232309322033898,0.8130762711864407,0.8030741525423729,0.7869565677966102,0.7684438559322034
191664964,119,0.8797300420168069,0.8819737394957986,0.856889705882353,0.8444642857142858,0.8234012605042018,0.8132216386554623,0.8034579831932774,0.7872521008403361,0.7685063025210084
191664964,120,0.8799750000000001,0.8821687500000001,0.8569375,0.844603125,0.8235427083333334,0.8132958333333333,0.8038104166666667,0.7874718749999999,0.7685531250000001
191664964,121,0.8800454545454545,0.882172520661157,0.8569617768595041,0.8446911157024793,0.8236952479338843,0.8132851239669422,0.8040599173553719,0.787672520661157,0.7684876033057851
191664964,122,0.880172131147541,0.8823319672131147,0.8570440573770491,0.8448944672131147,0.82396618852459,0.8134743852459017,0.8043678278688524,0.7879047131147541,0.7685819672131147
191664964,123,0.8803404471544716,0.8826158536585366,0.8571412601626016,0.8449715447154472,0.8242682926829268,0.8136839430894308,0.8047754065040651,0.7881189024390244,0.7685528455284554
191664964,124,0.8804778225806452,0.8827681451612902,0.857311491935484,0.8451844758064516,0.8245534274193548,0.8139415322580645,0.80509375,0.7883921370967741,0.7686774193548387
191664964,125,0.8806870000000001,0.8829520000000001,0.8574060000000001,0.845357,0.824737,0.814081,0.805357,0.7885220000000001,0.7688120000000002
191664964,126,0.8808224206349207,0.8830654761904763,0.8575555555555556,0.8454712301587304,0.8249593253968255,0.8142539682539683,0.8056676587301588,0.788702380952381,0.7688849206349208
191664964,127,0.8809812992125985,0.8831604330708662,0.8575442913385828,0.8454891732283465,0.8250885826771654,0.8143179133858268,0.8058946850393702,0.7888631889763781,0.7689124015748032
191664964,128,0.88111328125,0.883240234375,0.8576142578125,0.845556640625,0.8253076171875,0.8144677734375,0.80618359375,0.7889755859375,0.76882421875
191664964,129,0.881237403100775,0.8834777131782945,0.8577664728682168,0.8456870155038759,0.8255416666666665,0.8146705426356589,0.8064457364341083,0.7891560077519378,0.7688381782945735
191664964,130,0.8814413461538463,0.8835903846153846,0.8578365384615385,0.8458548076923078,0.8256817307692309,0.8148634615384617,0.8067336538461538,0.7893336538461538,0.7689086538461538
191664964,131,0.8815906488549619,0.8837748091603054,0.8578788167938931,0.8459646946564885,0.825868320610687,0.8150190839694658,0.8069704198473282,0.7895324427480916,0.7688463740458015
191664964,132,0.8818645833333334,0.883996212121212,0.8578626893939395,0.8461022727272728,0.8261013257575758,0.8151392045454545,0.8072651515151515,0.7896818181818182,0.7689119318181817
191664964,133,0.8821503759398496,0.8841494360902256,0.8579257518796992,0.8461945488721804,0.826297932330827,0.8153016917293232,0.8075272556390977,0.7899266917293233,0.7688937969924812
191664964,134,0.8823236940298507,0.8842565298507463,0.8580139925373135,0.8462350746268658,0.8265186567164179,0.8154505597014925,0.8078171641791045,0.790107276119403,0.7689375
191664964,135,0.8825259259259259,0.8842851851851853,0.8581444444444444,0.8463518518518518,0.8268194444444444,0.8157157407407407,0.8081990740740741,0.7903583333333334,0.7690453703703704
191664964,136,0.8826672794117646,0.8844329044117646,0.8582178308823529,0.8464439338235293,0.826952205882353,0.8158795955882352,0.8085551470588236,0.7905386029411766,0.7690698529411765
191664964,137,0.882852189781022,0.8846158759124086,0.858360401459854,0.8465948905109489,0.8271733576642336,0.8161012773722628,0.8087554744525547,0.7906113138686132,0.7690173357664234
191664964,138,0.883052536231884,0.8847826086956523,0.858391304347826,0.8467201086956523,0.8274601449275363,0.8162907608695652,0.8091621376811595,0.7908713768115943,0.7691295289855072
191664964,139,0.8832059352517986,0.8850224820143885,0.8584838129496403,0.8467958633093524,0.8277113309352518,0.8165575539568346,0.8094379496402878,0.7911528776978417,0.7692913669064749
191664964,140,0.8833580357142857,0.8851973214285715,0.8585214285714285,0.8468455357142857,0.8278785714285714,0.8166794642857143,0.8096589285714285,0.7912241071428571,0.76930625
191664964,141,0.883561170212766,0.885313829787234,0.8585797872340425,0.8469299645390069,0.828063829787234,0.8168297872340425,0.8098882978723404,0.7913439716312056,0.7692757092198581
191664964,142,0.8838125,0.8854859154929577,0.8586575704225352,0.8470845070422536,0.8283415492957747,0.817056338028169,0.8101795774647887,0.7915950704225352,0.7694242957746479
191664964,143,0.8838986013986014,0.8856171328671328,0.8586783216783216,0.8471835664335665,0.8285795454545454,0.8172263986013986,0.8104466783216783,0.7917106643356644,0.7695812937062938
191664964,144,0.8840651041666667,0.885765625,0.8588098958333332,0.8473229166666666,0.8287994791666667,0.8174600694444445,0.8107109375000001,0.7918723958333334,0.76965625
191664964,145,0.8842750000000001,0.885971551724138,0.8588629310344827,0.8474646551724138,0.8289663793103448,0.8175603448275862,0.8109344827586208,0.7920396551724138,0.7697681034482758
191664964,146,0.8844905821917808,0.8860821917808218,0.8590496575342466,0.8476267123287671,0.829236301369863,0.8177936643835617,0.8112440068493152,0.7922953767123287,0.7699135273972603
191664964,147,0.8847551020408163,0.8862015306122448,0.8591624149659863,0.8477738095238097,0.8294413265306123,0.8180544217687075,0.8114931972789116,0.7925144557823129,0.770033163265306
191664964,148,0.8849045608108108,0.8863927364864865,0.8593108108108108,0.8479619932432432,0.8296545608108108,0.81821875,0.8117170608108109,0.7927331081081082,0.7700701013513515
191664964,149,0.8851879194630872,0.8865788590604027,0.8594253355704697,0.8481610738255034,0.8299538590604026,0.818361577181208,0.8120268456375839,0.7929362416107383,0.7701157718120806
191664964,150,0.8854375,0.8867766666666667,0.8595933333333332,0.8483841666666666,0.8302575,0.8185350000000001,0.8123366666666666,0.7931433333333334,0.7702108333333333
191664964,151,0.8856258278145694,0.8870165562913908,0.8597251655629139,0.8485165562913907,0.830476821192053,0.8187293046357615,0.8126043046357616,0.7933783112582782,0.7703187086092714
191664964,152,0.8858396381578948,0.8871932565789474,0.8597861842105262,0.8486611842105263,0.8307360197368421,0.8188791118421052,0.8129506578947369,0.7936003289473685,0.7703659539473683
191664964,153,0.8859795751633988,0.8872900326797387,0.8598643790849674,0.8487908496732027,0.8309918300653596,0.8190792483660132,0.8133521241830066,0.7938684640522876,0.7703790849673203
191664964,154,0.8861509740259741,0.8874797077922078,0.8599894480519481,0.8488790584415584,0.8311996753246753,0.8192264610389609,0.813609577922078,0.7940227272727273,0.7703969155844156
191664964,155,0.886291129032258,0.8876403225806452,0.8600475806451614,0.849008064516129,0.8314620967741935,0.8194346774193548,0.8139120967741936,0.794258870967742,0.7704725806451613
191664964,156,0.886346955128205,0.8876979166666666,0.8600953525641025,0.8490560897435896,0.8316634615384614,0.8195993589743589,0.8142179487179487,0.7944591346153846,0.77053125
191664964,157,0.8865374203821657,0.8878694267515924,0.8601990445859872,0.8491146496815287,0.8318415605095543,0.8198057324840765,0.8145406050955414,0.7947539808917197,0.77065525477707
191664964,158,0.88675,0.8880601265822785,0.8603544303797469,0.849242088607595,0.8320791139240508,0.8199865506329114,0.8148196202531646,0.7949200949367089,0.7707492088607595
191664964,159,0.8869661949685536,0.8881548742138364,0.8603930817610063,0.8492987421383648,0.8322405660377358,0.8201407232704403,0.8150786163522011,0.7951037735849057,0.7707672955974842
191664964,160,0.8871281249999999,0.8883,0.86055078125,0.8494515625,0.8324242187500001,0.8203078125,0.8153351562500001,0.7952242187499999,0.770740625
191664964,161,0.887305900621118,0.8884518633540373,0.8607305900621118,0.8495683229813664,0.8326715838509318,0.8205131987577641,0.8156397515527951,0.7953850931677018,0.7707321428571429
191664964,162,0.8873649691358024,0.8885138888888889,0.8607646604938273,0.8496442901234568,0.8328518518518518,0.8206342592592594,0.815846450617284,0.7954915123456789,0.770733024691358
191664964,163,0.8874915644171779,0.8886840490797547,0.8608872699386503,0.8497829754601228,0.8331180981595091,0.8208650306748467,0.816105828220859,0.7957062883435583,0.7707638036809817
191664964,164,0.8876821646341464,0.8887705792682927,0.8609298780487805,0.8498932926829268,0.8333079268292684,0.821001524390244,0.8163521341463416,0.7958414634146341,0.770779725609756
191664964,165,0.8878590909090908,0.8889181818181819,0.8610386363636364,0.8499492424242423,0.8335424242424242,0.8211522727272726,0.8166234848484849,0.7959371212121211,0.770769696969697
191664964,166,0.8880225903614457,0.8889683734939758,0.8611129518072289,0.8499804216867469,0.8337507530120482,0.8213403614457832,0.8168840361445782,0.7960602409638554,0.7707552710843374
191664964,167,0.8881893712574851,0.8890958083832335,0.8611062874251497,0.8499797904191616,0.8339056886227545,0.8214663173652694,0.8170486526946107,0.7962125748502995,0.7707814371257484
191664964,168,0.8883645833333333,0.889188988095238,0.8612388392857142,0.850126488095238,0.834110119047619,0.8216346726190475,0.817280505952381,0.7963541666666666,0.7707485119047618
191664964,169,0.8884755917159765,0.8893010355029586,0.8613594674556214,0.8501627218934912,0.8342655325443786,0.8218128698224852,0.8175465976331361,0.7965118343195267,0.7707019230769231
191664964,170,0.8885676470588236,0.889406617647059,0.8613941176470589,0.850231617647059,0.8344110294117647,0.8219544117647061,0.8177147058823531,0.7966051470588236,0.7706698529411765
191664964,171,0.8886849415204678,0.8894963450292397,0.8614115497076023,0.8502266081871345,0.834497807017544,0.8220358187134502,0.8178837719298245,0.7966937134502923,0.7707156432748539
191664964,172,0.8889498546511628,0.8896809593023256,0.8615908430232558,0.8503677325581396,0.8347529069767443,0.8222507267441861,0.8181264534883721,0.7968313953488372,0.7707928779069767
191664964,173,0.8891170520231213,0.889804190751445,0.8616929190751446,0.8504075144508672,0.8349140173410405,0.822342485549133,0.8183280346820809,0.7968619942196532,0.7708634393063584
191664964,174,0.8893218390804598,0.8899109195402299,0.8618110632183908,0.8504669540229884,0.8349885057471264,0.822503591954023,0.8184626436781609,0.7969612068965517,0.7709116379310346
191664964,175,0.8895021428571429,0.8899778571428572,0.8618799999999999,0.8505035714285714,0.83505,0.8225985714285714,0.8186478571428573,0.7971107142857142,0.7709071428571428
191664964,176,0.8896321022727273,0.8900873579545455,0.8620049715909092,0.8506477272727273,0.8352492897727273,0.8227407670454546,0.8188217329545455,0.7971931818181818,0.7708934659090909
191664964,177,0.8898079096045197,0.8901765536723164,0.8620720338983051,0.8507161016949153,0.8353771186440677,0.8228686440677966,0.8190014124293785,0.7972450564971753,0.7709371468926554
191664964,178,0.8900224719101124,0.8903890449438202,0.8622226123595506,0.8508047752808988,0.8356116573033707,0.8231067415730338,0.8192851123595506,0.7973960674157304,0.7709978932584269
191664964,179,0.8901892458100558,0.8904832402234636,0.8622639664804468,0.850854748603352,0.8357374301675977,0.8232353351955307,0.8195272346368715,0.7974804469273743,0.7710314245810056
191664964,180,0.8903277777777777,0.8905715277777777,0.8623090277777777,0.8508819444444444,0.835861111111111,0.8233465277777777,0.819670138888889,0.7975256944444445,0.7710451388888889
191664964,181,0.8905283149171271,0.8906519337016575,0.8623529005524861,0.8509668508287294,0.8360366022099447,0.8234454419889503,0.8198529005524863,0.7976650552486189,0.7711049723756908
191664964,182,0.8907335164835166,0.890787087912088,0.862460164835165,0.8510000000000001,0.8361298076923077,0.8235920329670331,0.8200625000000002,0.797838598901099,0.7711105769230769
191664964,183,0.8909228142076502,0.8909043715846995,0.8625239071038252,0.851094262295082,0.836311475409836,0.8238285519125683,0.8203456284153006,0.7980519125683061,0.7711659836065573
191664964,184,0.8910570652173913,0.8909436141304349,0.862633152173913,0.8511752717391305,0.8364422554347827,0.8239082880434783,0.8205101902173914,0.7981453804347827,0.7712092391304347
191664964,185,0.8912121621621621,0.8910486486486486,0.8626783783783784,0.8512270270270271,0.8365317567567567,0.823958108108108,0.8206898648648648,0.7982344594594595,0.771222972972973
191664964,186,0.8913716397849462,0.8911081989247311,0.8627137096774192,0.8512849462365593,0.8366350806451612,0.824005376344086,0.8208736559139784,0.7983286290322581,0.771301747311828
191664964,187,0.8914959893048129,0.8911610962566845,0.862691844919786,0.8513582887700535,0.8367486631016042,0.8240808823529412,0.8210441176470588,0.7984612299465241,0.7713516042780749
191664964,188,0.8916722074468084,0.8912666223404255,0.8627945478723404,0.8514448138297872,0.8368956117021277,0.8242313829787234,0.8212253989361702,0.7985651595744682,0.7713390957446808
191664964,189,0.8918260582010581,0.8913763227513227,0.8628597883597884,0.8514556878306878,0.8370171957671958,0.8243227513227512,0.8214219576719577,0.7987017195767196,0.7713697089947089
191664964,190,0.8919328947368421,0.8914085526315789,0.8628552631578947,0.851466447368421,0.8371776315789473,0.8243947368421053,0.8216184210526316,0.7989111842105262,0.7714434210526315
191664964,191,0.8920543193717279,0.8914325916230366,0.8629803664921467,0.8515157068062826,0.8372840314136125,0.8245281413612566,0.8218396596858639,0.7990438481675393,0.7715104712041885
191664964,192,0.8921393229166668,0.8915247395833332,0.8630553385416667,0.8515579427083333,0.83741796875,0.8246328125,0.8220319010416667,0.7991640625,0.7715481770833333
191664964,193,0.8922577720207253,0.8915958549222798,0.8631178756476684,0.8516029792746113,0.8375485751295335,0.8247538860103625,0.8222066062176164,0.7991949481865285,0.7715569948186528
191664964,194,0.8924304123711342,0.8916662371134022,0.8631617268041238,0.851591494845361,0.8376842783505156,0.8248447164948455,0.8223865979381444,0.7993601804123711,0.7715850515463918
191664964,195,0.8925717948717949,0.8916814102564103,0.8631775641025643,0.8516025641025642,0.8378121794871796,0.8249429487179488,0.8225544871794873,0.7994884615384616,0.7716141025641027
191664964,196,0.8927315051020408,0.8917691326530612,0.8632340561224491,0.8516466836734694,0.8379464285714285,0.8250491071428571,0.8227257653061224,0.7995491071428571,0.7716690051020407
191664964,197,0.8928559644670051,0.8917944162436549,0.8632899746192894,0.8517081218274112,0.8380203045685278,0.8251357868020305,0.8228045685279187,0.799623730964467,0.7716802030456852
191664964,198,0.8930044191919192,0.8918825757575758,0.8632758838383838,0.8517209595959596,0.8381597222222221,0.8252291666666668,0.8229873737373737,0.7997013888888889,0.7717159090909091
191664964,199,0.8931105527638191,0.8919422110552764,0.8632883165829146,0.8517839195979899,0.8382964824120603,0.8253109296482412,0.8231513819095477,0.7998065326633165,0.7716896984924622
191664964,200,0.8932206249999999,0.89206125,0.8633375000000001,0.8518525,0.838391875,0.8253299999999999,0.8233318749999998,0.799915625,0.771679375
1662057958,1,0.716375,0.802,0.805125,0.8115,0.809125,0.8135,0.814125,0.80925,0.803625
1662057958,2,0.7536875,0.827125,0.828625,0.8360625,0.8339375,0.8320625,0.8304375,0.8265,0.821625
1662057958,3,0.7693333333333332,0.8346249999999998,0.8393749999999999,0.8421666666666666,0.8390833333333333,0.8377083333333333,0.835,0.8312083333333332,0.8269583333333332
1662057958,4,0.7831875,0.841625,0.84578125,0.84640625,0.8435625,0.84028125,0.83728125,0.8309375,0.8239375
1662057958,5,0.7897500000000001,0.84745,0.8497,0.8480250000000001,0.844225,0.8418500000000001,0.83845,0.8295500000000001,0.821075
1662057958,6,0.7955,0.8500625000000002,0.8532708333333334,0.8519583333333334,0.84475,0.8414791666666668,0.83625,0.8276458333333334,0.8173125
1662057958,7,0.8010178571428571,0.8524642857142857,0.8544821428571429,0.85075,0.8430357142857142,0.8398392857142858,0.8339107142857142,0.8240357142857142,0.8127321428571429
1662057958,8,0.805234375,0.85509375,0.85646875,0.850234375,0.84103125,0.837390625,0.82909375,0.82003125,0.8071875
1662057958,9,0.8098888888888889,0.8575972222222223,0.8580277777777778,0.8506805555555557,0.8413611111111112,0.8361944444444446,0.8267083333333335,0.8163333333333335,0.8021388888888891
1662057958,10,0.8135375000000001,0.85945,0.8586000000000001,0.8504625000000002,0.8386750000000002,0.8338000000000001,0.8230625,0.8122125000000001,0.79805
1662057958,11,0.8166931818181817,0.8602727272727272,0.8585113636363635,0.8487386363636362,0.8364886363636362,0.8315795454545454,0.8210113636363635,0.8098636363636362,0.7939886363636363
1662057958,12,0.8197708333333332,0.8613229166666667,0.8577708333333333,0.8468229166666666,0.83434375,0.8284270833333333,0.81746875,0.80540625,0.7896979166666667
1662057958,13,0.8214230769230771,0.8626923076923079,0.8568076923076924,0.8457019230769232,0.8314038461538463,0.8258173076923079,0.8141634615384616,0.8023846153846155,0.7860769230769231
1662057958,14,0.8233482142857145,0.8634375000000001,0.8562500000000001,0.8442946428571428,0.8301785714285714,0.8243660714285715,0.8124910714285716,0.8003571428571429,0.7841071428571429
1662057958,15,0.8248833333333334,0.8639416666666668,0.8557083333333334,0.84275,0.8279333333333334,0.8224000000000001,0.81045,0.79845,0.78155
1662057958,16,0.8262421875,0.8645390625,0.856,0.8415703125,0.826203125,0.820046875,0.8087421875,0.796375,0.7798671875
1662057958,17,0.8273455882352941,0.8647132352941178,0.8550073529411766,0.8400955882352942,0.823875,0.8177205882352941,0.8063161764705883,0.7945441176470589,0.7771470588235294
1662057958,18,0.8283263888888889,0.8649027777777778,0.8547291666666668,0.8395694444444446,0.8228611111111112,0.8164791666666668,0.8043541666666667,0.7932013888888889,0.7751666666666668
1662057958,19,0.8297368421052631,0.8658026315789474,0.8541907894736842,0.838657894736842,0.8220460526315789,0.8154605263157895,0.8032828947368421,0.7910263157894738,0.7737565789473684
1662057958,20,0.83075,0.8664562499999999,0.8532937500000001,0.8369500000000001,0.8201312499999999,0.81315625,0.8007375,0.788625,0.7720250000000001
1662057958,21,0.8325476190476191,0.8658869047619048,0.8532142857142858,0.8362857142857143,0.8183511904761906,0.8116607142857143,0.799077380952381,0.786952380952381,0.7707380952380953
1662057958,22,0.8334261363636364,0.8656079545454545,0.8522613636363635,0.835090909090909,0.8168181818181818,0.8102556818181817,0.797153409090909,0.7851988636363636,0.7693352272727273
1662057958,23,0.8344891304347825,0.8650271739130434,0.8516304347826087,0.8339565217391304,0.8159891304347825,0.809,0.795679347826087,0.7836793478260868,0.7679836956521738
1662057958,24,0.8360625,0.86515625,0.8515572916666667,0.8334583333333334,0.8150989583333333,0.8079427083333333,0.7948645833333332,0.7821145833333333,0.7669947916666667
1662057958,25,0.83706,0.8655450000000001,0.8512050000000001,0.83308,0.814315,0.8072650000000001,0.7942400000000001,0.780815,0.7662899999999999
1662057958,26,0.8380384615384616,0.8655048076923079,0.8504759615384616,0.8325144230769232,0.8136923076923076,0.8063701923076924,0.7933605769230769,0.7798798076923077,0.7655096153846155
1662057958,27,0.8390509259259259,0.8659166666666667,0.8506712962962963,0.8323148148148147,0.8134166666666667,0.8056435185185186,0.7928287037037037,0.7789675925925926,0.7652222222222222
1662057958,28,0.8396741071428571,0.8656875,0.8504151785714286,0.8316696428571427,0.8125133928571429,0.8048839285714285,0.7922455357142858,0.7783035714285714,0.7649151785714287
1662057958,29,0.8402068965517241,0.8656810344827586,0.8500646551724138,0.8309525862068965,0.8117629310344828,0.8042155172413793,0.7915991379310344,0.7772155172413793,0.7643922413793104
1662057958,30,0.8415125000000001,0.8657041666666668,0.8496500000000001,0.8302666666666668,0.8111583333333334,0.8034875,0.7909875000000002,0.7764083333333334,0.76365
1662057958,31,0.8417620967741934,0.8655887096774193,0.8495887096774193,0.8298346774193548,0.8104798387096773,0.8026693548387096,0.7904475806451612,0.7755927419354838,0.7633467741935483
1662057958,32,0.84251953125,0.86545703125,0.8494375,0.82945703125,0.8099296875,0.80217578125,0.7902421875,0.77518359375,0.763046875
1662057958,33,0.8430340909090908,0.8656742424242424,0.849306818181818,0.8296363636363635,0.809655303030303,0.8020075757575758,0.789905303030303,0.774746212121212,0.7629242424242424
1662057958,34,0.8438676470588237,0.8657904411764707,0.8489301470588236,0.8290404411764707,0.809125,0.8014705882352942,0.7894705882352941,0.7740588235294117,0.7624301470588235
1662057958,35,0.8448035714285715,0.8655857142857144,0.8491928571428573,0.8292464285714287,0.809125,0.8011785714285715,0.7893107142857143,0.7735535714285714,0.762175
1662057958,36,0.8457569444444446,0.8659375,0.8492916666666667,0.82946875,0.809125,0.801142361111111,0.7893472222222223,0.77346875,0.7621527777777778
1662057958,37,0.8464054054054054,0.8654020270270271,0.8488682432432434,0.8291047297297298,0.8085979729729729,0.8002770270270271,0.7884831081081082,0.7727128378378378,0.7613547297297298
1662057958,38,0.8470263157894737,0.865391447368421,0.8491052631578947,0.8289868421052631,0.8080625,0.7998059210526316,0.7879473684210527,0.7724605263157894,0.7610559210526315
1662057958,39,0.8482435897435898,0.8655993589743591,0.8492820512820514,0.8289519230769231,0.8076634615384617,0.7993685897435898,0.787698717948718,0.7720064102564104,0.7607884615384617
1662057958,40,0.849046875,0.8655968749999999,0.84915625,0.8290718750000001,0.8072125000000001,0.7989250000000001,0.787684375,0.77153125,0.760565625
1662057958,41,0.849814024390244,0.865658536585366,0.8490914634146343,0.8292500000000002,0.8070823170731708,0.7985213414634147,0.7873719512195122,0.771253048780488,0.7605121951219512
1662057958,42,0.8509226190476191,0.8659047619047621,0.8493779761904764,0.8294166666666667,0.8071934523809524,0.7987619047619048,0.7871785714285714,0.7712261904761905,0.760547619047619
1662057958,43,0.8517848837209301,0.8659302325581394,0.8493023255813953,0.8293808139534882,0.8071860465116277,0.7988808139534882,0.7871540697674417,0.7708866279069766,0.7604302325581395
1662057958,44,0.8525340909090908,0.8662017045454545,0.8493863636363637,0.8296704545454545,0.8069943181818182,0.7986363636363636,0.7870539772727273,0.7707727272727273,0.7604630681818182
1662057958,45,0.8533222222222224,0.8662861111111113,0.8496527777777778,0.8299055555555556,0.807038888888889,0.7987055555555557,0.7870916666666667,0.7707138888888889,0.7604916666666667
1662057958,46,0.853945652173913,0.8664048913043477,0.8498152173913044,0.8300217391304348,0.8069836956521739,0.7986766304347827,0.7868451086956523,0.7705679347826088,0.7603913043478261
1662057958,47,0.8545478723404255,0.8664920212765957,0.8496515957446809,0.8301835106382979,0.8069414893617021,0.7984521276595744,0.7866648936170212,0.7704734042553191,0.7605904255319149
1662057958,48,0.8546848958333334,0.8664427083333334,0.849515625,0.8302708333333333,0.8070911458333334,0.7984114583333333,0.7866848958333332,0.7705338541666668,0.760484375
1662057958,49,0.85525,0.8665178571428571,0.8495663265306123,0.8303469387755101,0.8072219387755101,0.7984081632653061,0.7868418367346939,0.7704107142857142,0.7604285714285713
1662057958,50,0.85607,0.866865,0.8498075,0.8306575,0.807635,0.79869,0.7868924999999999,0.77055,0.760575
1662057958,51,0.8566250000000002,0.8669534313725492,0.8498504901960785,0.8306887254901961,0.8075220588235295,0.7986348039215686,0.7868970588235296,0.7706078431372549,0.7603848039215686
1662057958,52,0.8572043269230769,0.8671947115384615,0.8498461538461538,0.8307451923076924,0.80753125,0.7985240384615384,0.7868677884615385,0.7705985576923078,0.7603413461538462
1662057958,53,0.8578089622641508,0.8672075471698113,0.8496603773584906,0.8309575471698114,0.8075353773584905,0.7983938679245283,0.7868160377358492,0.7705448113207547,0.7603679245283018
1662057958,54,0.8584143518518519,0.8675902777777779,0.8501342592592593,0.8314675925925926,0.8079097222222221,0.7986921296296295,0.7870902777777778,0.7709027777777778,0.7604861111111111
1662057958,55,0.8587431818181819,0.8679636363636364,0.8501681818181818,0.8316545454545454,0.8080249999999999,0.79875,0.7872090909090909,0.7711363636363636,0.7607704545454546
1662057958,56,0.8591785714285715,0.8680111607142856,0.8501741071428571,0.8318169642857142,0.8079598214285715,0.7988169642857142,0.7874174107142856,0.7714263392857142,0.7609821428571429
1662057958,57,0.85975,0.8682434210526316,0.8501030701754386,0.8318728070175438,0.8079188596491227,0.7988728070175439,0.7872872807017542,0.771436403508772,0.7610263157894737
1662057958,58,0.8604504310344828,0.8684116379310344,0.8502155172413793,0.8320560344827586,0.8080797413793104,0.7990431034482758,0.7874181034482758,0.7717952586206897,0.7613965517241379
1662057958,59,0.8609809322033898,0.8687605932203389,0.8505190677966102,0.8321440677966102,0.8082838983050846,0.7991843220338983,0.7875550847457627,0.7720021186440678,0.7616207627118645
1662057958,60,0.86135625,0.8690083333333333,0.8505874999999999,0.8324770833333334,0.8085041666666666,0.79940625,0.7879625,0.7725333333333333,0.76190625
1662057958,61,0.86175,0.869200819672131,0.8506147540983606,0.832672131147541,0.8085573770491803,0.7994077868852459,0.7881065573770492,0.7726536885245902,0.7619426229508197
1662057958,62,0.8622540322580645,0.8694838709677418,0.8508588709677418,0.8326834677419354,0.808554435483871,0.7995302419354838,0.7880504032258064,0.772828629032258,0.7619294354838709
1662057958,63,0.8627222222222224,0.8695119047619049,0.8507519841269842,0.8327380952380953,0.8086805555555556,0.7998095238095239,0.7881329365079365,0.7732003968253969,0.7621071428571429
1662057958,64,0.863353515625,0.8695625,0.850685546875,0.832873046875,0.808716796875,0.79975,0.788244140625,0.773416015625,0.76198046875
1662057958,65,0.8637923076923079,0.8696961538461541,0.8507442307692309,0.8330019230769231,0.8088461538461539,0.7998596153846155,0.7882288461538463,0.773396153846154,0.7617326923076924
1662057958,66,0.8643579545454545,0.8698371212121212,0.850871212121212,0.8331477272727272,0.8091363636363637,0.8000719696969697,0.788471590909091,0.7735208333333332,0.761594696969697
1662057958,67,0.8650820895522389,0.8701791044776119,0.8511902985074626,0.8333917910447761,0.8094216417910447,0.800311567164179,0.7886175373134329,0.7737276119402985,0.7615223880597015
1662057958,68,0.8656213235294117,0.8703198529411764,0.8511029411764705,0.8335606617647059,0.8097095588235295,0.8005569852941177,0.7889154411764706,0.7741158088235295,0.7615202205882353
1662057958,69,0.866268115942029,0.8705344202898551,0.8511141304347827,0.8337644927536231,0.8098315217391305,0.8007409420289855,0.7891884057971015,0.7743242753623187,0.7615471014492754
1662057958,70,0.8669232142857144,0.8707214285714286,0.8513982142857144,0.8340482142857144,0.8099232142857142,0.8007714285714287,0.7894339285714286,0.7746839285714286,0.761575
1662057958,71,0.8673961267605634,0.8712183098591549,0.8517464788732395,0.8342957746478874,0.8101971830985916,0.8010633802816901,0.7896443661971831,0.7750968309859155,0.7617059859154929
1662057958,72,0.8678177083333334,0.8714010416666667,0.8517482638888888,0.8345121527777778,0.8103385416666667,0.8011927083333332,0.7899097222222222,0.7754513888888889,0.7617673611111111
1662057958,73,0.8681883561643835,0.8715,0.8519178082191781,0.8346575342465753,0.810416095890411,0.801222602739726,0.790164383561644,0.7757054794520548,0.7615890410958903
1662057958,74,0.8686807432432432,0.8717871621621621,0.8520168918918919,0.8348395270270271,0.8105810810810811,0.8014932432432433,0.790527027027027,0.7760810810810811,0.7615777027027028
1662057958,75,0.8691216666666668,0.8719366666666666,0.8519783333333334,0.8350500000000001,0.8106949999999999,0.8016483333333333,0.7908099999999999,0.7762749999999999,0.7616466666666667
1662057958,76,0.8697549342105263,0.8722401315789473,0.8521842105263159,0.8352516447368421,0.8108486842105262,0.8018453947368421,0.7911644736842105,0.7766990131578948,0.7618240131578948
1662057958,77,0.8703571428571428,0.872465909090909,0.8521834415584415,0.8353717532467532,0.810935064935065,0.8020730519480519,0.7915292207792208,0.7768912337662338,0.761926948051948
1662057958,78,0.8708076923076924,0.8727163461538463,0.852346153846154,0.8357596153846155,0.8111810897435898,0.8023653846153846,0.7919118589743591,0.7771602564102564,0.7620384615384617
1662057958,79,0.8711075949367088,0.8728496835443037,0.8523876582278481,0.835993670886076,0.8113180379746834,0.8026803797468355,0.792245253164557,0.7773955696202531,0.7620664556962026
1662057958,80,0.8715906250000001,0.873190625,0.8525828125,0.836121875,0.8115125000000001,0.8029953125,0.7925531249999999,0.7777578125,0.7621656250000001
1662057958,81,0.872108024691358,0.8733487654320988,0.8527067901234568,0.8363996913580247,0.8117885802469136,0.8032145061728395,0.7928827160493827,0.778054012345679,0.7622793209876543
1662057958,82,0.8723216463414634,0.8734939024390244,0.8527545731707318,0.836580792682927,0.8120457317073172,0.8035579268292683,0.7933887195121951,0.778388719512195,0.7624314024390244
1662057958,83,0.8727033132530121,0.8737575301204819,0.8529623493975903,0.8367936746987952,0.8123659638554216,0.8039216867469879,0.793859939759036,0.7788388554216867,0.7626310240963855
1662057958,84,0.8730803571428571,0.8739017857142857,0.8530565476190476,0.8369479166666666,0.8126532738095239,0.8042916666666666,0.7941889880952381,0.7792172619047619,0.762904761904762
1662057958,85,0.8735205882352943,0.8741514705882353,0.8532735294117648,0.8371617647058824,0.8130308823529413,0.8046191176470588,0.7946279411764706,0.7795485294117648,0.7630897058823529
1662057958,86,0.8740174418604651,0.8742674418604651,0.8533473837209302,0.8373546511627908,0.8133793604651162,0.8049593023255813,0.7950581395348838,0.7799156976744187,0.7633343023255813
1662057958,87,0.8743692528735632,0.8745531609195403,0.8536120689655172,0.8375244252873563,0.8137456896551724,0.805191091954023,0.7954942528735631,0.7802801724137931,0.7633620689655172
1662057958,88,0.874830965909091,0.8748863636363636,0.8538622159090908,0.8377542613636364,0.8139161931818182,0.8054786931818182,0.7958139204545455,0.7806150568181818,0.7636079545454545
1662057958,89,0.8752247191011235,0.8751376404494382,0.8540280898876405,0.8378300561797752,0.8141095505617977,0.8056755617977528,0.7961685393258428,0.7810294943820224,0.7637514044943821
1662057958,90,0.8757972222222224,0.8754180555555557,0.8541430555555557,0.8380847222222223,0.8143055555555556,0.8059180555555556,0.7965375000000001,0.7814805555555556,0.7640111111111112
1662057958,91,0.8758736263736265,0.8755453296703298,0.8541868131868132,0.8384079670329672,0.8146332417582418,0.8061813186813188,0.7967967032967034,0.7818310439560441,0.7641813186813188
1662057958,92,0.8759184782608695,0.8756508152173914,0.8541983695652173,0.8385489130434782,0.8147798913043478,0.8063709239130435,0.7971059782608695,0.7821521739130435,0.76421875
1662057958,93,0.8759865591397848,0.8759448924731182,0.8543185483870968,0.8386975806451612,0.8149986559139784,0.806614247311828,0.7973185483870966,0.782377688172043,0.7644099462365591
1662057958,94,0.8761648936170213,0.8762792553191489,0.854498670212766,0.8389880319148936,0.8153590425531915,0.8069428191489362,0.7976954787234042,0.7826835106382979,0.7645079787234043
1662057958,95,0.8762644736842105,0.8766342105263157,0.8548078947368422,0.8391473684210525,0.8156947368421051,0.8072842105263157,0.7981407894736842,0.782971052631579,0.7646236842105263
1662057958,96,0.8763450520833334,0.87683984375,0.8549348958333334,0.8393723958333332,0.8159427083333333,0.8075572916666667,0.7985026041666667,0.7832552083333334,0.7647330729166667
1662057958,97,0.8765064432989692,0.8769729381443301,0.8551430412371135,0.839605670103093,0.8162474226804125,0.8077976804123712,0.7988582474226805,0.7834703608247423,0.7648711340206187
1662057958,98,0.8766772959183675,0.8773188775510204,0.8553647959183674,0.839826530612245,0.8165063775510205,0.8080994897959183,0.7991530612244899,0.7837653061224489,0.7651352040816326
1662057958,99,0.8767575757575757,0.8775239898989898,0.8554797979797979,0.8400568181818182,0.8167866161616162,0.8084217171717172,0.7994608585858586,0.7840517676767677,0.7652651515151515
1662057958,100,0.8768925,0.8776474999999999,0.8556174999999999,0.84024625,0.81708375,0.8086337499999999,0.7996925,0.78431375,0.76531625
1662057958,101,0.877111386138614,0.8779814356435645,0.8557809405940595,0.8405383663366338,0.8173824257425742,0.8088539603960396,0.8000061881188119,0.7846361386138614,0.7655940594059407
1662057958,102,0.8771568627450982,0.8780796568627453,0.8559681372549021,0.8406899509803922,0.8175343137254903,0.8090674019607844,0.8003664215686276,0.7848247549019609,0.7656789215686274
1662057958,103,0.8772754854368932,0.8782730582524271,0.856125,0.8408216019417475,0.8176881067961165,0.8093191747572815,0.8006140776699028,0.785002427184466,0.7659041262135923
1662057958,104,0.8773605769230769,0.8785228365384615,0.8561394230769231,0.8409807692307693,0.8178389423076924,0.8095180288461538,0.8008521634615384,0.7852355769230769,0.7659459134615383
1662057958,105,0.8774511904761905,0.8787761904761906,0.8563011904761907,0.8412523809523811,0.8181952380952382,0.8097940476190476,0.8012511904761904,0.7855583333333334,0.7660916666666667
1662057958,106,0.8777783018867924,0.8791615566037736,0.8565353773584906,0.8415400943396226,0.8185896226415095,0.8101509433962264,0.801625,0.7858219339622642,0.7662877358490566
1662057958,107,0.87791238317757,0.8795093457943925,0.8567021028037383,0.8418084112149532,0.8188691588785046,0.8105292056074765,0.8020432242990654,0.7861507009345794,0.7664170560747664
1662057958,108,0.878101851851852,0.8796747685185186,0.8569351851851852,0.8420474537037037,0.819068287037037,0.8108587962962963,0.802332175925926,0.7864560185185185,0.7666365740740742
1662057958,109,0.8783474770642201,0.8798807339449541,0.8570389908256882,0.8423302752293578,0.8193967889908257,0.8111708715596331,0.8027236238532109,0.7867178899082569,0.7667259174311927
1662057958,110,0.8784636363636363,0.8800636363636363,0.8571693181818182,0.84245,0.8195931818181819,0.8113511363636363,0.8029863636363637,0.7869261363636364,0.7668943181818181
1662057958,111,0.8785225225225225,0.880206081081081,0.8573063063063064,0.8426103603603603,0.819802927927928,0.8115889639639641,0.8033412162162162,0.7872331081081081,0.7670506756756756
1662057958,112,0.8786104910714285,0.8803772321428571,0.8574397321428571,0.84278125,0.8200167410714284,0.8117857142857142,0.8035524553571429,0.7874799107142857,0.7671450892857142
1662057958,113,0.8788274336283185,0.8806603982300885,0.857641592920354,0.8429944690265487,0.8203019911504426,0.8119767699115045,0.8038163716814158,0.7877422566371681,0.7671913716814158
1662057958,114,0.8789133771929825,0.8809078947368421,0.8577445175438597,0.8431524122807017,0.8205230263157894,0.8122456140350878,0.8041326754385965,0.7879813596491229,0.7672894736842105
1662057958,115,0.879075,0.8812239130434782,0.8580402173913044,0.8434521739130435,0.820820652173913,0.8125652173913043,0.8044706521739131,0.7883945652173914,0.7674369565217392
1662057958,116,0.8792047413793105,0.8814536637931035,0.8581056034482758,0.8435775862068966,0.8209752155172414,0.8128340517241379,0.8046918103448276,0.7885614224137931,0.767501077586207
1662057958,117,0.8794326923076926,0.8816517094017094,0.8581720085470088,0.84378952991453,0.8212361111111112,0.8131591880341881,0.8050555555555556,0.788940170940171,0.7676036324786326
1662057958,118,0.8795338983050847,0.8818792372881356,0.858228813559322,0.8438654661016949,0.8214449152542372,0.8134512711864407,0.8053453389830508,0.7891959745762712,0.767646186440678
1662057958,119,0.8796050420168069,0.882028361344538,0.8583392857142857,0.8440210084033615,0.8216071428571429,0.8137657563025211,0.8056964285714286,0.7895504201680673,0.7678182773109244
1662057958,120,0.8798677083333333,0.8822260416666666,0.8584572916666667,0.8441510416666668,0.8217270833333333,0.8139572916666666,0.8059489583333334,0.789759375,0.7678416666666666
1662057958,121,0.8799917355371901,0.8822861570247933,0.8584731404958678,0.8442644628099174,0.8218305785123967,0.8141601239669422,0.8061745867768595,0.7899555785123966,0.7678378099173554
1662057958,122,0.8800881147540983,0.8823555327868853,0.8585973360655736,0.8444108606557377,0.8220543032786887,0.8143944672131147,0.8065215163934426,0.7902551229508197,0.768015368852459
1662057958,123,0.880260162601626,0.882604674796748,0.858689024390244,0.8445731707317072,0.8222439024390243,0.8146534552845528,0.8068729674796749,0.7904563008130082,0.7681148373983739
1662057958,124,0.8804183467741934,0.8828336693548386,0.8588669354838709,0.8447308467741936,0.822491935483871,0.8149112903225806,0.8072217741935483,0.7907449596774194,0.7682772177419355
1662057958,125,0.880622,0.8829770000000001,0.8590120000000002,0.8448900000000001,0.8227300000000001,0.815115,0.8073980000000001,0.7908900000000001,0.7683510000000001
1662057958,126,0.8808442460317463,0.8831299603174605,0.8591121031746033,0.8449761904761905,0.8229176587301588,0.8153095238095238,0.8075605158730159,0.7910863095238095,0.7683680555555557
1662057958,127,0.8809399606299214,0.8831614173228347,0.859089566929134,0.8450393700787404,0.8229832677165355,0.8154488188976379,0.8076604330708662,0.7911692913385828,0.7684055118110237
1662057958,128,0.88102734375,0.88330078125,0.8591162109375,0.845193359375,0.8231015625,0.815615234375,0.8077958984375,0.791318359375,0.768431640625
1662057958,129,0.8811550387596899,0.883487403100775,0.8592315891472867,0.8453236434108525,0.8233071705426355,0.815893410852713,0.8080348837209301,0.791518410852713,0.7684980620155039
1662057958,130,0.8813288461538463,0.8836346153846156,0.8593192307692309,0.8454682692307693,0.8234817307692308,0.8161250000000002,0.8082740384615386,0.7917201923076924,0.7685548076923077
1662057958,131,0.8815257633587787,0.8838129770992366,0.8594026717557252,0.8455648854961832,0.8236135496183206,0.8162690839694656,0.8084379770992366,0.7918454198473284,0.7686183206106869
1662057958,132,0.8817651515151514,0.8840160984848485,0.8594933712121212,0.8457092803030303,0.8238267045454545,0.8164725378787877,0.808749053030303,0.7920416666666666,0.7686704545454545
1662057958,133,0.8820404135338346,0.8841296992481202,0.8595488721804511,0.8457838345864661,0.8240244360902255,0.816687030075188,0.8090065789473683,0.7922199248120301,0.7687453007518797
1662057958,134,0.8821716417910448,0.8842257462686566,0.8596389925373135,0.8458600746268657,0.8241576492537313,0.8168684701492537,0.8091604477611941,0.7923861940298507,0.7688777985074626
1662057958,135,0.882375925925926,0.8843324074074074,0.8597074074074074,0.8460277777777778,0.8243972222222222,0.8171592592592593,0.8094111111111111,0.7926231481481482,0.7689518518518519
1662057958,136,0.8825284926470588,0.8845128676470588,0.8598832720588235,0.8461204044117646,0.8245680147058824,0.8173566176470589,0.8096755514705883,0.7928667279411765,0.7690211397058825
1662057958,137,0.88269799270073,0.8846295620437956,0.8599607664233576,0.8463147810218977,0.8247235401459855,0.8175967153284671,0.8099114963503651,0.7930419708029197,0.7690483576642335
1662057958,138,0.8828885869565217,0.8847934782608695,0.8599945652173913,0.846411231884058,0.8249248188405798,0.8177989130434783,0.8101802536231884,0.7932454710144927,0.7692327898550725
1662057958,139,0.8830341726618706,0.8850179856115108,0.8600458633093525,0.8465575539568344,0.8251178057553957,0.8179730215827339,0.8103543165467627,0.7934901079136691,0.7693803956834531
1662057958,140,0.8831482142857143,0.88518125,0.8600705357142857,0.8465901785714286,0.8252080357142857,0.8181642857142857,0.8105151785714286,0.7936330357142857,0.7694089285714285
1662057958,141,0.883395390070922,0.8853528368794327,0.8601356382978723,0.846686170212766,0.8253732269503546,0.8183510638297872,0.810686170212766,0.7937872340425531,0.7693820921985816
1662057958,142,0.8836223591549297,0.8854982394366198,0.86025,0.8468089788732395,0.8255915492957747,0.8185554577464789,0.8109445422535212,0.7940035211267605,0.7695589788732394
1662057958,143,0.8838041958041959,0.8856066433566433,0.8602814685314686,0.8469414335664335,0.825777097902098,0.8187736013986013,0.8111590909090909,0.7940812937062938,0.7696625874125873
1662057958,144,0.884015625,0.8857248263888889,0.8603958333333332,0.8470390625,0.8259670138888889,0.8189253472222222,0.8114088541666666,0.7942335069444445,0.7697473958333334
1662057958,145,0.8842034482758622,0.8859887931034482,0.8605051724137932,0.8471991379310345,0.8260568965517241,0.8190612068965518,0.8115181034482759,0.7942905172413793,0.7697844827586207
1662057958,146,0.8844375,0.8861618150684932,0.8606900684931507,0.8473698630136987,0.8262705479452054,0.8192936643835615,0.811867294520548,0.7945650684931507,0.7699015410958905
1662057958,147,0.8846215986394559,0.8862304421768707,0.8607321428571428,0.8475425170068026,0.8264787414965986,0.8195909863945579,0.8120705782312926,0.7947874149659864,0.7700816326530612
1662057958,148,0.8847871621621622,0.8864366554054054,0.8608445945945946,0.8476765202702702,0.8267195945945945,0.8198243243243244,0.8123091216216217,0.7950177364864864,0.7702010135135134
1662057958,149,0.8850478187919464,0.8865897651006711,0.86096644295302,0.8478330536912752,0.8268859060402686,0.8200419463087248,0.8124958053691276,0.7952256711409396,0.7702474832214766
1662057958,150,0.8853116666666667,0.8867716666666667,0.86107,0.8480333333333333,0.8271324999999999,0.8202991666666667,0.8126983333333333,0.7954349999999999,0.7703483333333334
1662057958,151,0.8855620860927151,0.8869685430463575,0.8611539735099338,0.8481432119205298,0.8272350993377483,0.820603476821192,0.8128915562913908,0.795626655629139,0.7704834437086093
1662057958,152,0.8856907894736842,0.8871233552631579,0.8612261513157896,0.8482796052631579,0.8273914473684211,0.8208692434210527,0.8131060855263158,0.7958511513157894,0.7705838815789474
1662057958,153,0.8858047385620916,0.8872843137254903,0.8613047385620917,0.8484232026143792,0.8275776143790851,0.8211004901960784,0.813404411764706,0.7960710784313726,0.7706952614379086
1662057958,154,0.8859448051948052,0.8874237012987013,0.8614017857142857,0.8485430194805195,0.8277362012987013,0.8212443181818181,0.8135974025974027,0.7961858766233767,0.770708603896104
1662057958,155,0.8861201612903226,0.8875838709677418,0.8615241935483872,0.8486491935483871,0.8279282258064515,0.8215354838709678,0.8138653225806451,0.7964330645161289,0.7708435483870967
1662057958,156,0.8862067307692307,0.8876530448717947,0.861556891025641,0.8487628205128206,0.8280729166666666,0.8217259615384616,0.8140977564102564,0.7966554487179487,0.7709278846153845
1662057958,157,0.8864203821656051,0.8878423566878981,0.8616711783439491,0.8488813694267516,0.8282428343949044,0.8219490445859874,0.8142906050955414,0.7968869426751592,0.7710796178343948
1662057958,158,0.8866431962025316,0.8880435126582279,0.8617333860759494,0.8489857594936709,0.8284113924050633,0.8221772151898734,0.8144422468354431,0.7970348101265822,0.7711566455696202
1662057958,159,0.8868333333333334,0.8881823899371069,0.8617680817610062,0.8491061320754717,0.8285369496855346,0.8223907232704403,0.8146761006289307,0.7971533018867925,0.7711973270440252
1662057958,160,0.88694453125,0.8882578125,0.8619007812499999,0.84923203125,0.8286812499999999,0.82258828125,0.8149046875,0.79727265625,0.77121875
1662057958,161,0.8871203416149068,0.8884184782608695,0.8620007763975155,0.849336956521739,0.8289285714285715,0.8228711180124224,0.81518400621118,0.7974347826086956,0.7712818322981367
1662057958,162,0.8871759259259259,0.8885146604938271,0.8620077160493826,0.8494012345679012,0.8290586419753085,0.8230964506172841,0.8153695987654321,0.7975177469135803,0.7712916666666666
1662057958,163,0.887394171779141,0.8886694785276074,0.862180981595092,0.8495099693251534,0.8292814417177914,0.8233420245398774,0.8156242331288345,0.7977185582822085,0.7713450920245399
1662057958,164,0.8875449695121952,0.8887903963414635,0.8622423780487805,0.8495876524390243,0.8293658536585364,0.8234870426829268,0.8158780487804878,0.7978376524390244,0.7714260670731707
1662057958,165,0.8877022727272728,0.8888901515151515,0.8622969696969697,0.8497287878787879,0.8295340909090909,0.8237000000000001,0.8160946969696969,0.7979333333333334,0.7714734848484849
1662057958,166,0.8878456325301205,0.8889849397590361,0.8623509036144579,0.849800451807229,0.8296272590361445,0.8238546686746988,0.8162688253012047,0.7980278614457832,0.7715293674698797
1662057958,167,0.887997754491018,0.8890711077844312,0.862375,0.8498637724550899,0.8297964071856289,0.8239752994011976,0.8163854790419162,0.7981182634730538,0.7715014970059881
1662057958,168,0.8881964285714286,0.8891763392857143,0.8624546130952381,0.849953125,0.8299665178571429,0.8241629464285715,0.816595238095238,0.7981904761904762,0.7715662202380952
1662057958,169,0.888292899408284,0.8892359467455622,0.8625850591715977,0.8500584319526626,0.8301272189349111,0.8243587278106509,0.8167662721893492,0.7983150887573964,0.7715902366863905
1662057958,170,0.8884169117647062,0.8893338235294118,0.8625948529411764,0.8501191176470589,0.8302257352941178,0.8245139705882355,0.8169338235294119,0.7983764705882354,0.771627205882353
1662057958,171,0.8884934210526315,0.8894722222222222,0.8625986842105263,0.8501652046783627,0.8303252923976608,0.8246842105263157,0.8170942982456141,0.7984166666666668,0.7717112573099414
1662057958,172,0.8887289244186047,0.8896279069767443,0.8627616279069767,0.8503088662790698,0.8304949127906978,0.8249316860465116,0.8173270348837209,0.7985952034883721,0.7717979651162791
1662057958,173,0.8888728323699422,0.8897348265895952,0.8628699421965317,0.850367774566474,0.8305635838150289,0.82508887283237,0.8174739884393064,0.7987268786127167,0.7718742774566474
1662057958,174,0.8890754310344828,0.8898383620689656,0.8629705459770115,0.8504080459770114,0.8306257183908047,0.8252241379310344,0.8176034482758621,0.7988663793103449,0.7719252873563218
1662057958,175,0.8892492857142856,0.8899178571428571,0.8630121428571429,0.8504392857142857,0.8306585714285715,0.8253492857142858,0.8177457142857143,0.7989235714285714,0.771985
1662057958,176,0.8893934659090909,0.8900205965909092,0.8631150568181818,0.8505539772727273,0.8308529829545455,0.8255255681818182,0.8178948863636364,0.7990681818181817,0.7720916193181817
1662057958,177,0.8895854519774011,0.8901412429378531,0.8632040960451978,0.8506073446327683,0.8309675141242937,0.8256610169491525,0.8180473163841808,0.7991129943502825,0.7721716101694915
1662057958,178,0.8898714887640449,0.8902837078651685,0.8633455056179775,0.8506453651685394,0.8311530898876405,0.8259122191011236,0.8182900280898877,0.799252106741573,0.7723139044943821
1662057958,179,0.8900097765363129,0.8904141061452513,0.8633715083798882,0.8507094972067039,0.8312716480446927,0.82605656424581,0.8184839385474861,0.7993540502793296,0.7723631284916201
1662057958,180,0.8901034722222222,0.8904993055555555,0.8634347222222223,0.850757638888889,0.8312881944444444,0.8261937500000001,0.8186131944444444,0.7994368055555555,0.7724388888888889
1662057958,181,0.890292817679558,0.8905787292817678,0.8634475138121548,0.8507976519337017,0.8313881215469613,0.8263977900552486,0.8188218232044199,0.7996415745856353,0.7725904696132597
1662057958,182,0.8905309065934067,0.8906957417582418,0.8634567307692309,0.8508784340659342,0.8315535714285716,0.8265604395604397,0.8189340659340661,0.7997912087912089,0.7726346153846154
1662057958,183,0.8907096994535518,0.8908005464480874,0.8635047814207649,0.851061475409836,0.8316844262295082,0.8267848360655738,0.8191420765027323,0.7999378415300545,0.7727124316939892
1662057958,184,0.8908396739130435,0.8908457880434782,0.8635896739130435,0.8511209239130435,0.831757472826087,0.82690625,0.819319972826087,0.8000896739130434,0.7728648097826087
1662057958,185,0.8910094594594595,0.8909385135135135,0.8636783783783785,0.8511081081081081,0.8318324324324323,0.8269817567567568,0.8194331081081082,0.8001317567567567,0.772920945945946
1662057958,186,0.8911646505376343,0.8910094086021505,0.8636754032258065,0.8511740591397848,0.8318877688172043,0.8270927419354839,0.8195577956989248,0.8001975806451612,0.7730020161290322
1662057958,187,0.891274064171123,0.8910481283422459,0.8637092245989304,0.8512566844919786,0.8320220588235294,0.8272032085561498,0.8197319518716577,0.800307486631016,0.7730788770053475
1662057958,188,0.8914614361702128,0.8911781914893617,0.8637127659574468,0.8512998670212767,0.8321848404255319,0.8273703457446809,0.8199341755319149,0.8003696808510637,0.7731515957446808
1662057958,189,0.8915740740740742,0.8912592592592592,0.8637546296296296,0.8513015873015872,0.8322810846560846,0.8275291005291006,0.8201335978835979,0.8004503968253969,0.7732103174603174
1662057958,190,0.8917197368421053,0.8913605263157894,0.8637934210526317,0.85135,0.8323802631578948,0.8276848684210527,0.8203151315789473,0.8005875000000001,0.7732697368421052
1662057958,191,0.8918383507853404,0.8913710732984294,0.863833115183246,0.8514090314136126,0.8325045811518325,0.8278409685863873,0.8205438481675392,0.8006472513089005,0.77332722513089
1662057958,192,0.891978515625,0.891435546875,0.86391796875,0.8514641927083334,0.832609375,0.8279759114583333,0.82071484375,0.8007174479166668,0.7734166666666668
1662057958,193,0.8920738341968911,0.8915194300518133,0.8639941709844559,0.8514889896373056,0.832734455958549,0.8280783678756476,0.8208730569948185,0.800800518134715,0.7734326424870466
1662057958,194,0.8922210051546394,0.8915863402061857,0.8639916237113403,0.851528994845361,0.8328724226804125,0.8282757731958763,0.821090850515464,0.8009246134020619,0.7735753865979382
1662057958,195,0.8923288461538463,0.8916025641025642,0.8640262820512821,0.8515282051282053,0.8329846153846155,0.8284102564102566,0.8212570512820514,0.8010243589743591,0.7736865384615386
1662057958,196,0.8925070153061224,0.8916511479591837,0.8640733418367347,0.8515931122448981,0.8330905612244898,0.8285701530612246,0.8214298469387755,0.8011109693877552,0.7737614795918367
1662057958,197,0.8926503807106598,0.8916738578680202,0.8641148477157361,0.8516624365482234,0.8331319796954315,0.8286675126903553,0.8214701776649745,0.8011738578680203,0.773734771573604
1662057958,198,0.8927291666666666,0.8917430555555557,0.8640953282828283,0.851729797979798,0.8332506313131314,0.828824494949495,0.821623106060606,0.8012253787878788,0.7737632575757576
1662057958,199,0.8928429648241206,0.8917989949748744,0.8641413316582915,0.8517550251256282,0.8333341708542714,0.8289434673366834,0.8217531407035176,0.8012820351758794,0.7737688442211055
1662057958,200,0.89294125,0.891868125,0.86422625,0.8518150000000001,0.833410625,0.8290850000000001,0.8218724999999999,0.80138,0.7737718749999999
1405681632,1,0.718375,0.80375,0.8075,0.81175,0.811,0.81125,0.814625,0.80975,0.804625
1405681632,2,0.7535,0.828125,0.8284375,0.8368125,0.8339375,0.83225,0.8328125,0.8270625,0.8214375
1405681632,3,0.7695,0.8335833333333332,0.839625,0.8444166666666665,0.839375,0.8377499999999999,0.8360833333333333,0.8318333333333332,0.8254583333333333
1405681632,4,0.783875,0.84184375,0.84675,0.84653125,0.84359375,0.83996875,0.8384375,0.8314375,0.82384375
1405681632,5,0.78865,0.84805,0.8506250000000001,0.8486500000000001,0.8448500000000001,0.8418250000000002,0.83875,0.83035,0.820975
1405681632,6,0.7950625,0.8499375000000001,0.8543958333333334,0.8522083333333335,0.845,0.8416041666666667,0.8367291666666667,0.8283125,0.8170416666666668
1405681632,7,0.8004642857142856,0.8520178571428572,0.8550535714285713,0.851125,0.8432678571428571,0.8397678571428571,0.8338928571428571,0.8253392857142858,0.8124107142857142
1405681632,8,0.8049375,0.85515625,0.858296875,0.850953125,0.84134375,0.837140625,0.829203125,0.82084375,0.806953125
1405681632,9,0.8099305555555557,0.8577916666666667,0.858888888888889,0.8508194444444446,0.8412777777777779,0.8360833333333335,0.8274861111111114,0.8169166666666667,0.8021250000000001
1405681632,10,0.81315,0.8595500000000001,0.8601750000000001,0.8504875000000002,0.8391250000000001,0.8335500000000002,0.8235375000000001,0.8125000000000001,0.7982250000000001
1405681632,11,0.8168181818181818,0.860375,0.8607727272727271,0.8492954545454545,0.8367840909090908,0.8312045454545453,0.8212386363636363,0.8101363636363635,0.794215909090909
1405681632,12,0.8192083333333333,0.861375,0.859875,0.8472916666666667,0.8344583333333334,0.8280729166666667,0.8178020833333333,0.8061979166666666,0.7901145833333334
1405681632,13,0.8210288461538462,0.862798076923077,0.8587884615384617,0.8454903846153847,0.832048076923077,0.8253269230769231,0.8146634615384617,0.8030288461538462,0.7861634615384616
1405681632,14,0.8229464285714286,0.8634017857142859,0.8577857142857145,0.8441607142857144,0.8306071428571429,0.8235625,0.8129732142857143,0.8010803571428572,0.7839910714285715
1405681632,15,0.8246833333333334,0.8636833333333335,0.8575666666666668,0.8431666666666667,0.8285583333333334,0.8217749999999999,0.8105416666666667,0.7988416666666667,0.781825
1405681632,16,0.8261953125,0.8644453125,0.857484375,0.8415625,0.826578125,0.8194375,0.80890625,0.796734375,0.78021875
1405681632,17,0.8270735294117647,0.8646250000000001,0.8562794117647059,0.8401838235294118,0.8241029411764708,0.8173088235294118,0.8068088235294119,0.7950073529411765,0.777985294117647
1405681632,18,0.8281458333333334,0.8649791666666667,0.8560694444444445,0.8398333333333334,0.8234236111111112,0.8159722222222224,0.8049444444444446,0.7934791666666667,0.7759583333333334
1405681632,19,0.8295592105263158,0.8659605263157895,0.8555197368421052,0.8388092105263157,0.8225394736842105,0.8148552631578946,0.8037828947368421,0.7917697368421052,0.7744342105263159
1405681632,20,0.83028125,0.866525,0.85468125,0.83716875,0.8202875,0.812625,0.8012625000000001,0.7893187500000001,0.77245625
1405681632,21,0.8322559523809525,0.866077380952381,0.8547916666666667,0.8365238095238097,0.8187142857142857,0.8111547619047619,0.799672619047619,0.7876011904761906,0.771452380952381
1405681632,22,0.8334943181818182,0.8657159090909091,0.8537613636363635,0.8354886363636362,0.8175511363636363,0.8096022727272726,0.7979715909090909,0.7860909090909091,0.7700738636363637
1405681632,23,0.8342282608695653,0.8651358695652173,0.8529184782608695,0.8345652173913043,0.8163913043478261,0.8082445652173913,0.796766304347826,0.7847391304347826,0.7688315217391305
1405681632,24,0.8357395833333332,0.865171875,0.8526822916666668,0.8338489583333334,0.8155520833333333,0.8073802083333332,0.7957135416666666,0.7835729166666667,0.7676145833333333
1405681632,25,0.8365199999999999,0.8656550000000001,0.85245,0.83338,0.8147150000000001,0.806845,0.79496,0.782545,0.7666100000000001
1405681632,26,0.8376778846153847,0.8656538461538462,0.8518413461538462,0.8330432692307693,0.814096153846154,0.8059567307692307,0.7936923076923078,0.7815336538461539,0.7657355769230769
1405681632,27,0.8387314814814814,0.8657824074074074,0.8518194444444445,0.8329398148148148,0.8137407407407408,0.8051805555555555,0.793037037037037,0.7808472222222222,0.7649259259259259
1405681632,28,0.8390714285714287,0.8656964285714286,0.8513258928571429,0.8322053571428571,0.8127901785714285,0.8041696428571429,0.7923973214285713,0.7804375,0.7645044642857142
1405681632,29,0.8399741379310344,0.8656206896551725,0.8508706896551724,0.8316465517241379,0.8122413793103448,0.8035560344827586,0.791603448275862,0.7794137931034483,0.7636681034482758
1405681632,30,0.8408833333333334,0.8658208333333335,0.8503791666666668,0.8311416666666668,0.8117625,0.8030083333333334,0.7909375,0.7785666666666669,0.7630041666666667
1405681632,31,0.8412499999999998,0.8656169354838709,0.8504677419354839,0.8307782258064516,0.8109395161290321,0.8022620967741936,0.7903185483870967,0.7782540322580646,0.7623790322580644
1405681632,32,0.84216015625,0.86573046875,0.85011328125,0.830421875,0.81030859375,0.8018671875,0.78965625,0.77787890625,0.76187890625
1405681632,33,0.8426742424242423,0.8658446969696969,0.8499886363636363,0.8304545454545452,0.8101439393939394,0.8016704545454545,0.7893674242424242,0.7775075757575758,0.761625
1405681632,34,0.8436433823529413,0.8657500000000001,0.8496911764705884,0.8301911764705883,0.8096066176470589,0.8010882352941177,0.7889963235294118,0.7768602941176471,0.7609191176470588
1405681632,35,0.8444464285714287,0.8658642857142859,0.8500000000000001,0.8303250000000001,0.8097357142857143,0.8008857142857143,0.7888892857142858,0.7767214285714287,0.7607607142857143
1405681632,36,0.8452951388888889,0.866,0.85015625,0.830576388888889,0.8097847222222222,0.8006180555555555,0.78871875,0.7764027777777778,0.7604375
1405681632,37,0.8459527027027027,0.8655641891891892,0.8496250000000001,0.8300202702702704,0.8090067567567569,0.7998040540540541,0.7880574324324325,0.7754222972972974,0.7593716216216216
1405681632,38,0.8466019736842104,0.8656315789473683,0.8496973684210526,0.8300065789473684,0.8086184210526316,0.7992598684210526,0.787529605263158,0.7752796052631579,0.7591875
1405681632,39,0.847871794871795,0.8659038461538463,0.8499935897435899,0.8299455128205129,0.8081314102564104,0.7987403846153847,0.787099358974359,0.7745576923076923,0.7590192307692308
1405681632,40,0.848784375,0.8656156249999999,0.849925,0.83005625,0.8078875000000001,0.7982250000000001,0.7866375000000001,0.7740343749999999,0.75854375
1405681632,41,0.849548780487805,0.8657256097560976,0.8497865853658537,0.8301006097560976,0.8077073170731708,0.7979603658536587,0.7862469512195122,0.773969512195122,0.7585213414634147
1405681632,42,0.850467261904762,0.8660357142857145,0.8501845238095239,0.8303303571428572,0.8076696428571429,0.7980297619047619,0.7861666666666668,0.7736369047619048,0.7584464285714286
1405681632,43,0.8513430232558138,0.8659941860465116,0.8501366279069766,0.8302587209302323,0.8075203488372092,0.7979738372093022,0.7860988372093023,0.7733517441860464,0.7584127906976743
1405681632,44,0.8522443181818182,0.8663948863636364,0.8503607954545455,0.8306164772727272,0.8074630681818182,0.7976278409090908,0.7859318181818181,0.7733721590909092,0.7582982954545455
1405681632,45,0.852738888888889,0.8664944444444446,0.850613888888889,0.8308472222222223,0.8076583333333334,0.7977222222222223,0.785738888888889,0.7732666666666667,0.758338888888889
1405681632,46,0.8534184782608695,0.8666739130434783,0.850586956521739,0.8310380434782607,0.8075027173913043,0.7976440217391305,0.7854483695652172,0.7731358695652174,0.7583315217391305
1405681632,47,0.8539867021276596,0.8667154255319149,0.8506329787234043,0.8310186170212766,0.8073617021276596,0.7974734042553191,0.7853351063829787,0.7730372340425531,0.7584042553191489
1405681632,48,0.854421875,0.86671875,0.8504244791666667,0.8310703125,0.8074244791666667,0.797421875,0.7853541666666668,0.7731328125,0.7585833333333333
1405681632,49,0.8549668367346939,0.8667142857142858,0.8504336734693877,0.831295918367347,0.8075637755102041,0.7973494897959184,0.7854948979591836,0.7730433673469388,0.758329081632653
1405681632,50,0.8556925000000001,0.8668725,0.8506575000000001,0.8315349999999999,0.8078624999999999,0.797665,0.785685,0.7730625,0.7584075
1405681632,51,0.8561348039215687,0.8671102941176472,0.8507303921568627,0.8316666666666668,0.8077965686274511,0.7975122549019609,0.7854509803921569,0.772953431372549,0.7583872549019609
1405681632,52,0.8566057692307693,0.8673076923076923,0.8505264423076923,0.8318774038461538,0.8077692307692308,0.7974038461538462,0.7853269230769231,0.7728293269230769,0.7582884615384615
1405681632,53,0.8575542452830188,0.867375,0.8505849056603775,0.8320259433962265,0.8078419811320755,0.7973372641509434,0.7854433962264151,0.7728797169811321,0.7583183962264151
1405681632,54,0.8580625,0.8677962962962963,0.8508333333333333,0.8325069444444444,0.8082939814814816,0.7977083333333332,0.7855509259259259,0.7730949074074075,0.7584722222222222
1405681632,55,0.858390909090909,0.8680454545454545,0.8508999999999999,0.8326454545454545,0.8083568181818181,0.7977318181818182,0.785825,0.7734977272727273,0.7587568181818181
1405681632,56,0.858828125,0.8681651785714286,0.8509196428571429,0.8328995535714285,0.8082767857142857,0.7977321428571428,0.7858370535714285,0.7735915178571429,0.75878125
1405681632,57,0.859423245614035,0.8683311403508772,0.8509539473684209,0.8329868421052631,0.8082763157894737,0.7975877192982456,0.785765350877193,0.7733706140350878,0.7587763157894738
1405681632,58,0.8599741379310344,0.8686012931034482,0.8510474137931034,0.8332887931034482,0.8083189655172414,0.7978189655172414,0.7858577586206897,0.7735538793103449,0.7589439655172414
1405681632,59,0.8604491525423729,0.8689343220338983,0.8512648305084746,0.8336165254237289,0.8085063559322034,0.7978538135593222,0.7860381355932203,0.7738262711864407,0.759125
1405681632,60,0.8608458333333333,0.8691500000000001,0.8514020833333332,0.8339249999999999,0.8087208333333333,0.7981416666666666,0.7863104166666667,0.7741583333333333,0.7593583333333334
1405681632,61,0.8612356557377049,0.8693668032786885,0.8514487704918033,0.8339815573770492,0.8086352459016394,0.7982008196721312,0.786532786885246,0.7743258196721312,0.7594651639344262
1405681632,62,0.8619516129032258,0.8695806451612903,0.8515262096774193,0.8341209677419353,0.8086814516129032,0.7982459677419353,0.7865524193548388,0.7742862903225807,0.7595141129032259
1405681632,63,0.8623769841269844,0.8696944444444445,0.851702380952381,0.8342321428571429,0.8088134920634921,0.7984305555555556,0.7867460317460317,0.7744861111111111,0.759593253968254
1405681632,64,0.863017578125,0.869755859375,0.85145703125,0.834453125,0.808943359375,0.7985390625,0.78680859375,0.774439453125,0.759470703125
1405681632,65,0.8634615384615386,0.8699807692307693,0.8514673076923078,0.8345826923076924,0.8089673076923077,0.7985538461538463,0.786946153846154,0.7744326923076924,0.7594249999999999
1405681632,66,0.863901515151515,0.8702367424242424,0.8515170454545455,0.8348352272727273,0.8091950757575758,0.7987518939393939,0.787121212121212,0.774594696969697,0.7593125
1405681632,67,0.8647033582089553,0.8704533582089552,0.8518264925373135,0.8351194029850747,0.8096473880597015,0.7990764925373135,0.7874235074626865,0.7747388059701493,0.7592574626865671
1405681632,68,0.8652830882352941,0.8705238970588235,0.8517242647058824,0.8354411764705881,0.8098584558823531,0.7991985294117646,0.7877205882352941,0.7750349264705881,0.7593161764705882
1405681632,69,0.8657699275362318,0.8707409420289856,0.8517427536231884,0.8355615942028987,0.8100652173913043,0.7994673913043477,0.7880018115942029,0.7752101449275363,0.7593242753623188
1405681632,70,0.8664571428571429,0.8710553571428572,0.8519303571428573,0.8358875,0.810282142857143,0.7996428571428571,0.7882285714285715,0.7754892857142858,0.7594767857142858
1405681632,71,0.866963028169014,0.871463028169014,0.8521866197183098,0.8361232394366198,0.8106531690140846,0.7997957746478873,0.7885704225352113,0.7757323943661972,0.759656690140845
1405681632,72,0.8673402777777777,0.871640625,0.8523402777777779,0.8364184027777778,0.810796875,0.7999027777777779,0.788734375,0.7760364583333332,0.7597847222222222
1405681632,73,0.867710616438356,0.8716352739726027,0.8524109589041096,0.8365462328767124,0.8110222602739726,0.8000445205479452,0.7889246575342466,0.7762071917808219,0.7597910958904109
1405681632,74,0.8683412162162163,0.8719645270270271,0.8524476351351351,0.8367179054054055,0.811258445945946,0.8002516891891892,0.7892922297297298,0.7764695945945946,0.7599121621621621
1405681632,75,0.8687933333333333,0.8721333333333332,0.8523316666666667,0.8368866666666667,0.8114349999999999,0.8004866666666667,0.78947,0.7766016666666666,0.7601933333333334
1405681632,76,0.869328947368421,0.8724506578947369,0.8524506578947368,0.8372713815789474,0.8115740131578947,0.8006332236842105,0.7898601973684211,0.7768009868421052,0.7604144736842106
1405681632,77,0.8699009740259741,0.8725243506493505,0.8523798701298702,0.8375405844155843,0.8117613636363636,0.8009107142857143,0.7901136363636364,0.7769318181818181,0.7605162337662337
1405681632,78,0.8703894230769232,0.8729118589743591,0.8525000000000001,0.8378221153846155,0.812044871794872,0.8012820512820513,0.7903990384615386,0.7770544871794873,0.7608285256410257
1405681632,79,0.8707104430379745,0.8730427215189873,0.8526091772151898,0.838126582278481,0.8122088607594935,0.8014936708860759,0.7908591772151898,0.7772183544303798,0.7609667721518988
1405681632,80,0.8710921875000001,0.8733625,0.8527375,0.838378125,0.812546875,0.801765625,0.7912359375000001,0.7774953124999999,0.76119375
1405681632,81,0.8716095679012347,0.8736450617283952,0.8528132716049383,0.8386111111111111,0.8128194444444444,0.8019521604938272,0.7915601851851852,0.7776712962962963,0.7613842592592593
1405681632,82,0.8718246951219512,0.8736554878048781,0.852875,0.8389192073170731,0.8130533536585366,0.8022118902439024,0.7920274390243902,0.7779161585365854,0.7615
1405681632,83,0.8722545180722892,0.873906626506024,0.8530843373493976,0.8391942771084336,0.8134518072289156,0.8025481927710844,0.7924081325301205,0.7781762048192771,0.7617243975903614
1405681632,84,0.8726369047619047,0.8741011904761905,0.8531235119047619,0.8394151785714286,0.8137901785714287,0.8029136904761905,0.7927098214285714,0.7785208333333332,0.7620163690476192
1405681632,85,0.8730294117647059,0.874369117647059,0.8532323529411765,0.8395808823529413,0.8140852941176472,0.8031588235294118,0.7931191176470588,0.778754411764706,0.7622529411764706
1405681632,86,0.8734781976744187,0.8745523255813954,0.8533197674418604,0.8399360465116279,0.8144738372093023,0.8034171511627907,0.7934956395348837,0.779,0.7624156976744186
1405681632,87,0.8738405172413793,0.874787356321839,0.8534741379310345,0.840308908045977,0.8148390804597702,0.8036293103448275,0.7938318965517241,0.7792701149425287,0.7624784482758621
1405681632,88,0.8743011363636363,0.875137784090909,0.8535738636363638,0.8405923295454545,0.8150681818181819,0.803862215909091,0.7942357954545455,0.7795056818181819,0.7626789772727273
1405681632,89,0.8747668539325842,0.8753609550561798,0.8536699438202248,0.8406882022471909,0.8152808988764045,0.8040323033707865,0.7945674157303372,0.7797415730337078,0.7628834269662921
1405681632,90,0.8752708333333334,0.8756666666666667,0.8538083333333334,0.8408916666666668,0.8156347222222223,0.8042722222222223,0.794788888888889,0.779975,0.763038888888889
1405681632,91,0.8753708791208793,0.8758145604395606,0.8538365384615386,0.8410961538461539,0.8159134615384617,0.8043736263736264,0.7951043956043957,0.7802074175824175,0.7633145604395604
1405681632,92,0.8755176630434782,0.8759198369565218,0.8538396739130435,0.8412717391304347,0.8160964673913044,0.80459375,0.7953002717391304,0.7804225543478261,0.7634741847826088
1405681632,93,0.8755806451612902,0.8761169354838707,0.8539045698924731,0.8414422043010752,0.8163387096774193,0.8048158602150537,0.7955887096774192,0.7806021505376343,0.7636801075268816
1405681632,94,0.8757021276595744,0.876436170212766,0.8541635638297872,0.8418085106382978,0.816719414893617,0.8051755319148935,0.7959375,0.7808510638297871,0.7639773936170213
1405681632,95,0.875796052631579,0.8768513157894736,0.8543473684210526,0.8420552631578947,0.8169605263157894,0.8054289473684211,0.7962710526315788,0.7810868421052632,0.7641894736842105
1405681632,96,0.8759036458333334,0.87703515625,0.8544036458333333,0.8423125,0.8172200520833333,0.80565234375,0.7965442708333333,0.78122265625,0.7643567708333334
1405681632,97,0.8760025773195877,0.8772048969072166,0.8545592783505156,0.8425940721649485,0.8174768041237114,0.8058582474226805,0.7968646907216496,0.7813827319587628,0.7646018041237114
1405681632,98,0.8761849489795919,0.8775663265306123,0.8547168367346939,0.8427908163265306,0.8178711734693878,0.806125,0.7971785714285714,0.7816811224489798,0.7648494897959183
1405681632,99,0.876239898989899,0.8777954545454545,0.8548484848484847,0.8430618686868687,0.8181755050505051,0.80639898989899,0.7975340909090909,0.7819734848484848,0.7650694444444444
1405681632,100,0.876375,0.87798875,0.8549612500000001,0.8432075,0.81843875,0.80651625,0.79779125,0.78211125,0.765195
1405681632,101,0.8765383663366337,0.8782759900990099,0.8550866336633663,0.8433836633663367,0.8187301980198021,0.8068502475247525,0.7981794554455446,0.7824146039603961,0.7655024752475248
1405681632,102,0.8766531862745099,0.8784142156862746,0.8552316176470589,0.8436360294117649,0.8190281862745098,0.8070747549019609,0.7985196078431372,0.782670343137255,0.7657512254901961
1405681632,103,0.876752427184466,0.8785618932038836,0.8553058252427185,0.8437985436893204,0.8191783980582523,0.807260922330097,0.7987342233009709,0.7829138349514563,0.7658919902912621
1405681632,104,0.8768449519230769,0.8787415865384616,0.8553497596153846,0.8439759615384617,0.8194711538461538,0.8073413461538461,0.7990480769230769,0.7832151442307693,0.7659927884615384
1405681632,105,0.8769916666666668,0.8790380952380954,0.8554726190476192,0.8442940476190477,0.8198404761904763,0.8076238095238095,0.7994880952380954,0.7834892857142859,0.7662714285714287
1405681632,106,0.8772228773584906,0.8794245283018868,0.8557865566037736,0.8445035377358491,0.8200966981132076,0.8079764150943396,0.7998997641509434,0.7838962264150944,0.7665141509433963
1405681632,107,0.8773878504672897,0.8796740654205607,0.8559228971962616,0.8448609813084113,0.8204158878504673,0.8082803738317758,0.8001799065420561,0.7842172897196261,0.7666857476635515
1405681632,108,0.8775868055555555,0.8798483796296296,0.8561145833333332,0.8451087962962963,0.8207233796296296,0.8085034722222222,0.800619212962963,0.7845601851851852,0.7670069444444445
1405681632,109,0.8777970183486239,0.8800447247706422,0.8562740825688073,0.845375,0.8211112385321101,0.8088165137614678,0.8010905963302752,0.784913990825688,0.7672247706422017
1405681632,110,0.8779181818181818,0.8802329545454545,0.8563795454545454,0.8455499999999999,0.821340909090909,0.8089659090909092,0.8013795454545455,0.7850772727272727,0.7673727272727272
1405681632,111,0.8780045045045044,0.8804538288288288,0.8564504504504505,0.8457195945945946,0.8215810810810812,0.809168918918919,0.8016103603603604,0.7853930180180181,0.7675945945945946
1405681632,112,0.8780703125,0.8806339285714286,0.8565491071428571,0.8458604910714286,0.8217075892857143,0.8093404017857142,0.8018883928571429,0.7856361607142858,0.7678292410714286
1405681632,113,0.8781603982300885,0.8808683628318584,0.8566438053097345,0.8460497787610619,0.8219922566371681,0.8095962389380531,0.8021327433628319,0.7858993362831859,0.7679480088495575
1405681632,114,0.8783892543859649,0.8811491228070176,0.8567412280701755,0.8462390350877192,0.822155701754386,0.8097949561403509,0.8024429824561403,0.7860756578947369,0.7680504385964911
1405681632,115,0.8785402173913043,0.881413043478261,0.8568478260869565,0.8465347826086956,0.8224586956521739,0.8101326086956522,0.802879347826087,0.7864076086956523,0.768295652173913
1405681632,116,0.8786174568965518,0.8816853448275863,0.8570290948275862,0.8466573275862069,0.8226702586206897,0.8103092672413793,0.8031066810344828,0.7866228448275863,0.7683987068965518
1405681632,117,0.8788547008547011,0.8818878205128207,0.8571250000000001,0.84678952991453,0.8229348290598291,0.8106153846153846,0.8034636752136752,0.7869861111111112,0.7685662393162394
1405681632,118,0.8789237288135593,0.882063559322034,0.8571970338983051,0.8468453389830508,0.8232161016949153,0.8108771186440678,0.803791313559322,0.7872330508474576,0.7686101694915254
1405681632,119,0.8790168067226892,0.8821806722689077,0.8572689075630253,0.8469233193277311,0.8234926470588236,0.8111596638655463,0.8040535714285715,0.7875231092436976,0.7688361344537816
1405681632,120,0.8791989583333334,0.88248125,0.8573208333333333,0.8470354166666666,0.8236833333333334,0.8113822916666665,0.8042906249999998,0.7876583333333333,0.7689052083333333
1405681632,121,0.879301652892562,0.8824545454545455,0.8573481404958677,0.8472128099173554,0.8238150826446281,0.8115371900826447,0.8044762396694216,0.7878140495867769,0.768926652892562
1405681632,122,0.8794190573770492,0.8826034836065574,0.8575061475409836,0.8473719262295083,0.824046106557377,0.811780737704918,0.8047223360655739,0.7881147540983606,0.7690379098360657
1405681632,123,0.879630081300813,0.8828526422764228,0.8575233739837398,0.8475548780487805,0.8243617886178862,0.8121036585365854,0.8050680894308944,0.7882642276422764,0.7691605691056911
1405681632,124,0.879758064516129,0.8831139112903226,0.857672379032258,0.8477510080645161,0.824664314516129,0.8123185483870968,0.8053850806451612,0.7885050403225806,0.769273185483871
1405681632,125,0.8800180000000001,0.8832650000000001,0.857839,0.8479410000000001,0.8249180000000002,0.8125670000000002,0.805592,0.788751,0.7693700000000001
1405681632,126,0.8801587301587304,0.8833561507936509,0.8578978174603176,0.8481607142857145,0.8251011904761906,0.81275,0.805858134920635,0.7888859126984128,0.7694702380952381
1405681632,127,0.8803356299212598,0.8833986220472441,0.8579064960629923,0.8481712598425198,0.8252332677165356,0.8129104330708663,0.8059596456692916,0.7890137795275591,0.7695088582677168
1405681632,128,0.88047265625,0.8835458984375,0.8579287109375,0.8482724609375,0.8253505859375,0.81306640625,0.8061640625,0.78909765625,0.7695888671875
1405681632,129,0.8806007751937984,0.8837412790697674,0.858065891472868,0.8484457364341085,0.8255581395348836,0.8133352713178293,0.8064912790697673,0.7892170542635658,0.7697209302325579
1405681632,130,0.8807548076923079,0.8838653846153848,0.8581115384615385,0.8485413461538462,0.8257548076923078,0.8135173076923078,0.8067019230769231,0.7894019230769231,0.7697721153846154
1405681632,131,0.880878816793893,0.8840353053435115,0.858182251908397,0.8486593511450383,0.8259255725190839,0.8137118320610687,0.8069284351145039,0.7896154580152672,0.7697595419847327
1405681632,132,0.8811136363636363,0.8841912878787879,0.8582765151515153,0.8487698863636363,0.826158143939394,0.8138636363636363,0.8071382575757575,0.7898276515151516,0.7698816287878788
1405681632,133,0.8813674812030075,0.8843881578947369,0.8582960526315789,0.8488392857142857,0.8263148496240601,0.8140864661654136,0.8073919172932331,0.7900056390977442,0.7699201127819549
1405681632,134,0.8815503731343284,0.8844832089552238,0.8584486940298508,0.8488861940298508,0.826482276119403,0.8143022388059701,0.8075895522388059,0.7901623134328358,0.7700550373134327
1405681632,135,0.8816944444444443,0.884575,0.8585750000000001,0.8490351851851852,0.8267203703703704,0.814562037037037,0.8079203703703703,0.7903833333333334,0.7701092592592592
1405681632,136,0.8819090073529412,0.8847490808823529,0.8587040441176471,0.84925,0.8269568014705883,0.8147435661764705,0.808141544117647,0.7905523897058824,0.7700588235294117
1405681632,137,0.8820967153284671,0.8849060218978102,0.8587837591240876,0.8493494525547446,0.8271405109489051,0.8149051094890511,0.8083859489051094,0.7907116788321168,0.7700875912408759
1405681632,138,0.8822545289855073,0.8850670289855073,0.8588278985507246,0.8494945652173913,0.827429347826087,0.8151929347826088,0.8086585144927536,0.7908813405797102,0.7702273550724638
1405681632,139,0.8824154676258993,0.8852194244604316,0.858863309352518,0.8496321942446043,0.8275620503597122,0.81543345323741,0.8088992805755396,0.7911294964028778,0.7703021582733813
1405681632,140,0.8825285714285714,0.8853883928571429,0.8589544642857143,0.8497125,0.8276714285714286,0.8156928571428572,0.8090857142857143,0.7912321428571429,0.7702982142857142
1405681632,141,0.8827127659574467,0.8855682624113476,0.858938829787234,0.8497890070921985,0.8278173758865248,0.8158962765957447,0.8092597517730497,0.7913368794326241,0.7702606382978723
1405681632,142,0.882968309859155,0.8857447183098592,0.8590396126760563,0.8500132042253522,0.828018485915493,0.8161927816901409,0.8095035211267606,0.7915607394366198,0.7703582746478873
1405681632,143,0.8831791958041958,0.8858959790209789,0.8591363636363636,0.850173951048951,0.8281844405594405,0.8164012237762237,0.8097019230769231,0.7917403846153847,0.7703155594405594
1405681632,144,0.8833272569444444,0.8860182291666667,0.8592829861111111,0.8502829861111111,0.8283567708333334,0.8166024305555556,0.8099357638888889,0.7919470486111112,0.7703576388888889
1405681632,145,0.8834715517241379,0.886198275862069,0.8594474137931034,0.8504189655172413,0.8284793103448276,0.8167741379310345,0.8100827586206897,0.792176724137931,0.7703663793103449
1405681632,146,0.883736301369863,0.8863279109589041,0.8595916095890411,0.8505351027397261,0.8287268835616438,0.8170659246575342,0.8104006849315069,0.7924032534246576,0.7704469178082192
1405681632,147,0.8839251700680272,0.8865238095238095,0.859703231292517,0.8506147959183672,0.8288996598639455,0.8172797619047619,0.8106343537414965,0.7926930272108843,0.7705416666666667
1405681632,148,0.8841258445945945,0.8867119932432433,0.8597888513513514,0.8507804054054054,0.8291385135135134,0.8175616554054054,0.8109442567567566,0.7929518581081081,0.7705042229729729
1405681632,149,0.8843926174496644,0.8868624161073826,0.8598724832214765,0.8509555369127516,0.8292701342281878,0.8177281879194631,0.8111711409395973,0.793150167785235,0.7705444630872483
1405681632,150,0.8846058333333333,0.8869983333333333,0.8600125000000001,0.8511925,0.8295008333333332,0.8179616666666667,0.8114208333333334,0.7934616666666666,0.7706016666666667
1405681632,151,0.8848509933774834,0.8871746688741722,0.860103476821192,0.8512533112582781,0.8296514900662251,0.8181639072847682,0.8117094370860928,0.7936407284768212,0.7706597682119205
1405681632,152,0.8849950657894737,0.8873692434210527,0.8602039473684211,0.8514169407894737,0.8298585526315789,0.8183939144736843,0.8119827302631579,0.7938972039473684,0.7706455592105262
1405681632,153,0.8851233660130721,0.8875522875816996,0.860312091503268,0.851607843137255,0.8300433006535949,0.8187393790849674,0.8123022875816994,0.7941601307189542,0.7706552287581699
1405681632,154,0.8852930194805194,0.8877402597402597,0.8603912337662338,0.8517386363636362,0.8301793831168831,0.8189862012987013,0.8124910714285714,0.7943319805194806,0.7706055194805195
1405681632,155,0.8854346774193548,0.8879072580645161,0.8605008064516128,0.8519024193548387,0.8303427419354839,0.819258870967742,0.8127370967741936,0.7946564516129033,0.7706435483870969
1405681632,156,0.8854463141025641,0.887971955128205,0.8605024038461538,0.8520240384615385,0.8305176282051282,0.8194535256410256,0.8129783653846154,0.7948918269230769,0.7706866987179487
1405681632,157,0.8856584394904459,0.8881457006369429,0.8606608280254777,0.8521926751592357,0.8306512738853504,0.8197396496815287,0.8132651273885351,0.7951433121019108,0.7707539808917198
1405681632,158,0.8858939873417722,0.8882958860759493,0.8607856012658228,0.8522776898734177,0.8309003164556962,0.8199960443037975,0.8134857594936709,0.7952594936708861,0.7708393987341773
1405681632,159,0.8860943396226414,0.8884119496855346,0.8607924528301887,0.8523608490566038,0.8310345911949685,0.8201988993710692,0.8137232704402515,0.7954394654088051,0.7708341194968553
1405681632,160,0.8862609374999999,0.8885085937499999,0.86093671875,0.8524250000000001,0.8311734375,0.82042421875,0.8139718749999999,0.795575,0.7707742187500001
1405681632,161,0.8863656832298136,0.8886754658385093,0.8610520186335403,0.8525442546583849,0.8314114906832297,0.8207841614906831,0.8143152173913044,0.7957259316770187,0.7708742236024845
1405681632,162,0.8864729938271605,0.8887692901234568,0.8610609567901234,0.8526273148148149,0.8314876543209876,0.8209753086419753,0.8145092592592592,0.7958047839506173,0.7708788580246914
1405681632,163,0.8866234662576687,0.8889202453987731,0.861207055214724,0.852769171779141,0.8316664110429448,0.8212546012269938,0.8147714723926381,0.7960199386503068,0.770842791411043
1405681632,164,0.8868224085365852,0.8890236280487804,0.8613185975609756,0.8527987804878049,0.8317820121951219,0.8214733231707316,0.814999237804878,0.7961669207317073,0.7708475609756098
1405681632,165,0.8869871212121212,0.889144696969697,0.8614499999999999,0.8528810606060606,0.831894696969697,0.8217030303030304,0.8152484848484849,0.7963287878787878,0.770869696969697
1405681632,166,0.8871265060240965,0.8891935240963855,0.8615067771084337,0.8529503012048192,0.8320082831325301,0.821887048192771,0.8154480421686746,0.7964472891566265,0.7708343373493977
1405681632,167,0.8872784431137725,0.8892702095808384,0.8615434131736527,0.8529491017964071,0.832127994011976,0.8220426646706587,0.8156130239520958,0.7965044910179641,0.7707949101796407
1405681632,168,0.8874620535714286,0.8894159226190476,0.8616748511904762,0.853078869047619,0.8323229166666666,0.822249255952381,0.8157998511904763,0.796625,0.7708035714285715
1405681632,169,0.8875044378698225,0.8895029585798817,0.8617278106508874,0.8531826923076924,0.832439349112426,0.8224844674556212,0.8159726331360946,0.7967529585798817,0.7707736686390533
1405681632,170,0.8876573529411766,0.8896242647058825,0.8617786764705884,0.8532227941176472,0.8325382352941177,0.8226536764705884,0.8161507352941177,0.7968727941176471,0.770747794117647
1405681632,171,0.887750730994152,0.8897375730994151,0.8617887426900585,0.8532785087719299,0.8325964912280701,0.8228530701754387,0.816281432748538,0.7970453216374269,0.7707456140350877
1405681632,172,0.8879476744186046,0.8898953488372093,0.8619752906976744,0.8533982558139535,0.8327848837209302,0.8231031976744186,0.8165239825581395,0.7971867732558139,0.7708292151162791
1405681632,173,0.8881408959537573,0.8900115606936417,0.8620773121387283,0.8534660404624278,0.8328648843930635,0.8232297687861271,0.8167109826589596,0.7972796242774566,0.7708648843930637
1405681632,174,0.8883362068965517,0.8901573275862069,0.8621889367816092,0.8535086206896552,0.8329209770114941,0.8233886494252873,0.8168577586206898,0.7974030172413793,0.7709008620689656
1405681632,175,0.8885014285714286,0.8901821428571428,0.8622557142857142,0.8535357142857142,0.8330228571428571,0.8235142857142858,0.8169771428571427,0.7975357142857142,0.7709057142857142
1405681632,176,0.8886953125,0.8902897727272727,0.8623416193181818,0.8536491477272727,0.8331264204545455,0.8237428977272727,0.8171697443181819,0.7976988636363636,0.7709005681818182
1405681632,177,0.8888064971751412,0.8904124293785312,0.862438559322034,0.8536659604519773,0.8332189265536724,0.823867231638418,0.8173354519774011,0.7978072033898306,0.7708771186440678
1405681632,178,0.8890976123595505,0.8905786516853932,0.8625807584269664,0.8537837078651684,0.833439606741573,0.824066011235955,0.8176278089887641,0.7979719101123597,0.770929073033708
1405681632,179,0.8892716480446928,0.8906808659217876,0.8626403631284916,0.8538044692737431,0.8335740223463687,0.8242213687150838,0.8178324022346369,0.798074720670391,0.7709504189944134
1405681632,180,0.88929375,0.8907583333333332,0.8627444444444445,0.8538902777777778,0.83365625,0.8243590277777778,0.8179798611111111,0.7981548611111111,0.7709493055555556
1405681632,181,0.8895269337016575,0.890817679558011,0.8628252762430939,0.8539972375690608,0.8337714088397791,0.8244682320441988,0.8181650552486187,0.7983156077348067,0.7709461325966851
1405681632,182,0.8897513736263738,0.8909711538461539,0.8629038461538462,0.8540219780219782,0.8338784340659342,0.8245968406593408,0.8183475274725276,0.7984896978021979,0.7709436813186814
1405681632,183,0.8899542349726776,0.8910211748633878,0.8629330601092896,0.854155737704918,0.8340273224043715,0.8248210382513662,0.8186072404371585,0.7986331967213115,0.771030737704918
1405681632,184,0.8900686141304347,0.8910767663043477,0.863007472826087,0.8542201086956522,0.8341521739130435,0.8249891304347825,0.818820652173913,0.7987989130434783,0.7710258152173912
1405681632,185,0.8902054054054054,0.8911337837837838,0.8630533783783785,0.8543040540540541,0.8342297297297298,0.8251114864864865,0.8189486486486487,0.7989087837837837,0.7710121621621622
1405681632,186,0.8903534946236559,0.8912137096774193,0.863046370967742,0.8543413978494623,0.8343131720430107,0.8252049731182796,0.8190860215053762,0.7990282258064516,0.7710040322580645
1405681632,187,0.8904926470588235,0.8912479946524066,0.8630775401069518,0.8543923796791444,0.834417780748663,0.8253282085561496,0.8192199197860962,0.7991530748663103,0.7709926470588234
1405681632,188,0.8906708776595744,0.8913796542553191,0.8631316489361702,0.8544507978723405,0.8344953457446808,0.825470079787234,0.8193683510638298,0.7992912234042553,0.7710033244680851
1405681632,189,0.8907559523809523,0.8914411375661375,0.8631805555555555,0.854547619047619,0.8346051587301588,0.8256018518518519,0.8195681216931218,0.7994113756613757,0.7710238095238096
1405681632,190,0.8909144736842106,0.891541447368421,0.8632131578947368,0.8546039473684212,0.8346894736842105,0.8257243421052632,0.8196763157894736,0.7995697368421053,0.7710907894736843
1405681632,191,0.8910379581151833,0.8915831151832461,0.8633193717277488,0.8546930628272251,0.8348108638743457,0.8258848167539268,0.8198723821989529,0.7996793193717278,0.7711125654450262
1405681632,192,0.8911692708333333,0.8916627604166667,0.8634127604166667,0.8546861979166668,0.8348704427083333,0.826017578125,0.820044921875,0.7998483072916668,0.7711328125
1405681632,193,0.8912532383419688,0.8917597150259067,0.8634455958549221,0.8547130829015543,0.8349326424870465,0.8261139896373055,0.8202448186528497,0.7999417098445595,0.7711101036269429
1405681632,194,0.8914220360824744,0.8917931701030929,0.8635090206185568,0.854750644329897,0.8350586340206186,0.8263208762886599,0.8204065721649486,0.8001185567010309,0.771132087628866
1405681632,195,0.8915301282051283,0.8918153846153848,0.8635461538461539,0.8548179487179489,0.8351211538461539,0.8265121794871796,0.8205467948717949,0.80025,0.7711679487179488
1405681632,196,0.891670918367347,0.8918960459183675,0.863591836734694,0.8548960459183673,0.8352040816326531,0.8266511479591836,0.8207091836734693,0.800375,0.7711524234693878
1405681632,197,0.8917785532994924,0.8919270304568528,0.8636345177664976,0.8549073604060914,0.8352506345177665,0.8267557106598985,0.8207626903553299,0.8004098984771574,0.7711218274111675
1405681632,198,0.8919021464646464,0.891967803030303,0.8636603535353535,0.8549229797979798,0.8353465909090909,0.8268598484848485,0.8208819444444443,0.8004854797979798,0.7711016414141414
1405681632,199,0.8920106783919598,0.892018216080402,0.8637141959798995,0.8549930904522612,0.8354064070351759,0.8270201005025126,0.8209899497487437,0.8005609296482412,0.7710427135678392
1405681632,200,0.892106875,0.892169375,0.8637400000000001,0.8550418749999998,0.8354825000000001,0.8271031249999999,0.821144375,0.8006575,0.7709824999999999
942484272,1,0.718125,0.80375,0.808625,0.810375,0.81375,0.812875,0.815375,0.809,0.801375
942484272,2,0.7535625,0.828,0.8305625,0.83625,0.835,0.832125,0.832875,0.8264375,0.82075
942484272,3,0.7690416666666666,0.8335416666666666,0.8400416666666666,0.8430416666666666,0.83925,0.8380416666666666,0.8359166666666666,0.8319999999999999,0.8254583333333333
942484272,4,0.78346875,0.84221875,0.84603125,0.84715625,0.84421875,0.8408125,0.8385,0.831,0.82390625
942484272,5,0.7898000000000001,0.8476750000000001,0.850325,0.8485500000000001,0.8453,0.8417,0.8385750000000001,0.8298750000000001,0.8209750000000001
942484272,6,0.7958333333333333,0.8499166666666668,0.8541666666666667,0.8517500000000001,0.8452708333333334,0.8411458333333334,0.8368125,0.8278958333333334,0.8165208333333334
942484272,7,0.8009464285714284,0.8522857142857142,0.8550892857142857,0.8506428571428571,0.8431964285714285,0.8395714285714285,0.8339285714285715,0.8241428571428571,0.8124464285714285
942484272,8,0.804875,0.855546875,0.858171875,0.850421875,0.84159375,0.83671875,0.829734375,0.820234375,0.806515625
942484272,9,0.8100555555555556,0.8574444444444446,0.8583055555555557,0.8508194444444446,0.8411388888888889,0.8360972222222223,0.826888888888889,0.8164166666666668,0.8015138888888889
942484272,10,0.8134125000000001,0.8596875000000002,0.8601625000000002,0.8500625000000002,0.8388500000000001,0.833775,0.8238125000000001,0.8126500000000001,0.7981375
942484272,11,0.8172045454545454,0.8611931818181817,0.8604772727272726,0.8485795454545453,0.836840909090909,0.8310340909090908,0.8217386363636363,0.8101022727272728,0.7936931818181817
942484272,12,0.81975,0.8615208333333333,0.8595416666666668,0.84690625,0.8345833333333332,0.8287291666666666,0.8181875,0.80596875,0.7893125
942484272,13,0.8217403846153848,0.862846153846154,0.8584615384615386,0.8450192307692309,0.8323653846153848,0.8254903846153846,0.8148653846153847,0.8027788461538462,0.7857596153846155
942484272,14,0.8233303571428572,0.8634375,0.8575446428571429,0.8439732142857144,0.8307142857142857,0.8243750000000001,0.813107142857143,0.8004821428571429,0.7835178571428572
942484272,15,0.824925,0.8639750000000002,0.8573000000000002,0.842625,0.8283250000000001,0.8224416666666667,0.810975,0.7985083333333334,0.7808083333333334
942484272,16,0.82615625,0.86478125,0.85728125,0.8414765625,0.826875,0.8205234375,0.809421875,0.796296875,0.7785625
942484272,17,0.8273308823529412,0.8646176470588236,0.8559779411764707,0.8398455882352941,0.8244632352941178,0.8179852941176471,0.8069411764705883,0.7942573529411766,0.7767720588235295
942484272,18,0.82825,0.8650833333333335,0.8558750000000002,0.8392638888888889,0.8233819444444446,0.8166527777777778,0.8052430555555556,0.7929861111111111,0.7747708333333334
942484272,19,0.8295526315789474,0.8657763157894738,0.8556052631578948,0.838282894736842,0.8223815789473683,0.8158092105263157,0.8040855263157893,0.7907434210526315,0.7737631578947369
942484272,20,0.83099375,0.86620625,0.85478125,0.83644375,0.8203874999999999,0.8137687499999999,0.8015125000000001,0.7883,0.77171875
942484272,21,0.8325654761904763,0.8661547619047619,0.8547916666666667,0.8357321428571429,0.8187857142857143,0.812297619047619,0.7998035714285714,0.7863928571428571,0.7703214285714287
942484272,22,0.8336136363636363,0.8655511363636362,0.8537613636363638,0.8347159090909091,0.8174715909090908,0.810840909090909,0.7980795454545455,0.7844772727272727,0.7691704545454545
942484272,23,0.8348586956521739,0.8651086956521739,0.8532119565217391,0.8336467391304347,0.8163858695652174,0.8097065217391305,0.7967445652173912,0.7830923913043478,0.7676847826086957
942484272,24,0.83634375,0.8653229166666667,0.852828125,0.8330729166666667,0.8156770833333333,0.8088385416666666,0.7957708333333333,0.7818177083333334,0.7667447916666668
942484272,25,0.8371649999999999,0.8656300000000001,0.852375,0.8326800000000001,0.8150250000000001,0.8082750000000001,0.794945,0.7807450000000001,0.7659600000000001
942484272,26,0.838235576923077,0.865548076923077,0.851894230769231,0.8322451923076923,0.8145288461538462,0.8072980769230769,0.7941586538461539,0.7798028846153847,0.7651346153846155
942484272,27,0.8391944444444444,0.8659305555555556,0.8519351851851852,0.8322824074074074,0.8140740740740742,0.8065879629629631,0.7934722222222221,0.7785138888888888,0.7651157407407407
942484272,28,0.8397098214285714,0.8658616071428571,0.8516116071428571,0.8316964285714286,0.8132098214285715,0.8057633928571429,0.7928214285714285,0.7778571428571429,0.7646205357142858
942484272,29,0.8404267241379311,0.8657758620689655,0.8509094827586207,0.8311896551724137,0.8130043103448276,0.8052241379310344,0.7922629310344828,0.7769224137931035,0.764125
942484272,30,0.8414666666666669,0.8658333333333335,0.8504416666666669,0.8304166666666667,0.8121166666666668,0.8046375,0.7916916666666667,0.7759333333333334,0.7634458333333335
942484272,31,0.841649193548387,0.8657903225806451,0.8503508064516128,0.8302096774193549,0.8114919354838709,0.8039395161290323,0.791108870967742,0.7753467741935484,0.7631209677419354
942484272,32,0.84263671875,0.86573046875,0.85031640625,0.830015625,0.81087890625,0.803375,0.790578125,0.77483203125,0.7628203125
942484272,33,0.8430946969696969,0.8659090909090909,0.8501818181818181,0.8302727272727273,0.8105795454545455,0.8031401515151515,0.7901742424242424,0.7743409090909091,0.7628484848484848
942484272,34,0.8439522058823531,0.8658823529411765,0.8497977941176471,0.8297720588235296,0.8100625000000001,0.802841911764706,0.7896911764705883,0.773610294117647,0.7626580882352941
942484272,35,0.8446785714285716,0.8660892857142859,0.8500035714285716,0.8298000000000001,0.8099857142857143,0.8025535714285714,0.7896071428571428,0.7731571428571429,0.7626785714285714
942484272,36,0.8456770833333332,0.8660416666666666,0.8500729166666667,0.8300381944444444,0.8100520833333333,0.8025625,0.7893784722222221,0.7728645833333334,0.7627083333333332
942484272,37,0.8463952702702703,0.8656790540540542,0.8496317567567568,0.8295675675675676,0.8094628378378379,0.8014932432432433,0.7887533783783783,0.771918918918919,0.7620641891891892
942484272,38,0.8471184210526316,0.8655953947368421,0.8497269736842106,0.8295296052631579,0.8091907894736842,0.8009111842105263,0.788407894736842,0.7718059210526315,0.7621743421052631
942484272,39,0.8481538461538463,0.8657500000000002,0.8499102564102565,0.8295480769230769,0.8088108974358976,0.8006538461538462,0.787875,0.7712371794871795,0.7621634615384616
942484272,40,0.8492593749999999,0.8657281250000001,0.8499593750000001,0.829740625,0.80863125,0.79991875,0.787603125,0.770828125,0.7620093750000001
942484272,41,0.8498292682926831,0.8656951219512196,0.8497713414634147,0.8296585365853659,0.808375,0.7996463414634147,0.7871981707317074,0.7704908536585366,0.7621646341463415
942484272,42,0.8510029761904764,0.8659791666666667,0.8500505952380953,0.8299702380952382,0.8085625,0.7998184523809525,0.7869166666666667,0.7703660714285716,0.762514880952381
942484272,43,0.8516976744186044,0.8661046511627906,0.8501366279069766,0.8299534883720929,0.8084767441860464,0.7998313953488371,0.7870988372093022,0.7701337209302324,0.7625436046511627
942484272,44,0.8525823863636364,0.8662982954545455,0.8503125,0.8302130681818183,0.8083551136363636,0.7996732954545455,0.7868863636363638,0.7700426136363636,0.7626022727272728
942484272,45,0.8532777777777778,0.8666416666666668,0.850438888888889,0.8306111111111112,0.8083777777777779,0.7996972222222222,0.7866944444444445,0.7700055555555556,0.7629666666666667
942484272,46,0.8538342391304348,0.866633152173913,0.8502880434782609,0.8307445652173913,0.8084619565217391,0.799695652173913,0.7863777173913044,0.7698641304347826,0.7632255434782609
942484272,47,0.8545372340425532,0.8665505319148935,0.8502606382978724,0.8308696808510638,0.8083351063829787,0.7994654255319149,0.7863324468085107,0.7696648936170212,0.7633696808510638
942484272,48,0.8547369791666667,0.8666223958333332,0.8501302083333334,0.8309401041666666,0.8083333333333333,0.7994817708333334,0.7864244791666667,0.7697604166666666,0.7636953125
942484272,49,0.8551862244897959,0.8667372448979591,0.8501479591836735,0.8311147959183673,0.8086020408163265,0.7994846938775511,0.7864719387755101,0.7696096938775511,0.7637117346938775
942484272,50,0.8560725,0.86701,0.8504625,0.831485,0.8087375,0.7996500000000001,0.786725,0.76975,0.76402
942484272,51,0.856593137254902,0.8671740196078433,0.8503750000000001,0.8314509803921569,0.8087892156862746,0.7995882352941177,0.7866495098039216,0.7698186274509804,0.7641789215686274
942484272,52,0.8571875,0.8672163461538462,0.8502091346153845,0.8315504807692309,0.808733173076923,0.7996033653846155,0.7865288461538462,0.76990625,0.7644567307692307
942484272,53,0.8577971698113208,0.8673018867924529,0.8501603773584906,0.8318443396226416,0.808808962264151,0.7993514150943397,0.7864551886792454,0.7700471698113208,0.7644433962264152
942484272,54,0.8583981481481482,0.8676782407407407,0.8506064814814815,0.8324074074074074,0.8092314814814815,0.799511574074074,0.7866412037037037,0.7703333333333332,0.7649120370370369
942484272,55,0.8588136363636363,0.8680954545454544,0.8505977272727273,0.8327,0.809215909090909,0.7996795454545454,0.7869022727272728,0.7705681818181818,0.7651045454545453
942484272,56,0.8592857142857142,0.8682834821428571,0.8506986607142858,0.8328727678571429,0.8091227678571429,0.7996651785714287,0.7868727678571429,0.7706517857142858,0.7653125
942484272,57,0.859701754385965,0.868438596491228,0.8508004385964911,0.8329583333333332,0.8092302631578948,0.7997171052631579,0.786828947368421,0.770594298245614,0.765298245614035
942484272,58,0.8603943965517242,0.8686034482758621,0.8507004310344828,0.833135775862069,0.8094439655172414,0.7998599137931035,0.7869461206896552,0.7709159482758621,0.7656702586206896
942484272,59,0.8609957627118644,0.8689894067796611,0.8508834745762713,0.8332860169491526,0.8096525423728814,0.7997330508474577,0.7872584745762712,0.7710466101694915,0.7659788135593221
942484272,60,0.8615125,0.8692020833333334,0.8510374999999999,0.83351875,0.8098145833333333,0.8000375,0.7875812499999999,0.7715,0.7664958333333334
942484272,61,0.8617110655737704,0.8693668032786885,0.8512725409836066,0.833670081967213,0.8098299180327868,0.800122950819672,0.787766393442623,0.7715430327868853,0.7666700819672131
942484272,62,0.8622379032258064,0.8695483870967742,0.8511975806451613,0.8338447580645161,0.8099052419354839,0.8002923387096773,0.7877661290322581,0.7716673387096774,0.7668608870967741
942484272,63,0.8626349206349208,0.8696289682539684,0.8513253968253969,0.8339285714285716,0.8099087301587301,0.8003194444444446,0.7880198412698413,0.7720178571428571,0.7669940476190477
942484272,64,0.86324609375,0.8697265625,0.8511796875,0.83423828125,0.8100390625,0.8002421875,0.788076171875,0.77211328125,0.7672265625
942484272,65,0.863871153846154,0.8699288461538462,0.8511557692307694,0.8343038461538462,0.8100846153846155,0.8003557692307692,0.7881365384615385,0.7720884615384617,0.7673288461538462
942484272,66,0.8645151515151513,0.8701799242424242,0.8512462121212121,0.8345,0.8102897727272728,0.8005833333333332,0.7882992424242425,0.7720965909090908,0.7673901515151516
942484272,67,0.8651567164179105,0.8703656716417911,0.8514309701492536,0.8349216417910448,0.8106063432835822,0.8008358208955224,0.788625,0.7723339552238806,0.7675951492537313
942484272,68,0.8656433823529412,0.8704797794117648,0.8514448529411764,0.8351599264705883,0.8108253676470588,0.8010680147058824,0.7888474264705883,0.7725827205882354,0.7677389705882354
942484272,69,0.8662173913043477,0.8707644927536232,0.851463768115942,0.8352717391304347,0.8110199275362319,0.801284420289855,0.7891757246376812,0.7727898550724638,0.7679474637681158
942484272,70,0.8669160714285715,0.8710196428571431,0.851594642857143,0.8355035714285715,0.8111428571428574,0.8013928571428572,0.7893232142857144,0.7730767857142857,0.7681071428571429
942484272,71,0.8674700704225352,0.8714207746478874,0.851887323943662,0.8358292253521127,0.8113802816901409,0.8017693661971831,0.7895633802816902,0.7731954225352112,0.7682834507042253
942484272,72,0.8678802083333333,0.8716197916666666,0.852013888888889,0.8360798611111111,0.8115885416666667,0.8018923611111112,0.7898680555555556,0.7733871527777778,0.7683333333333334
942484272,73,0.8681797945205479,0.8717003424657533,0.8520308219178082,0.8361455479452055,0.8117311643835617,0.8019229452054795,0.7899794520547945,0.7735958904109589,0.7685068493150684
942484272,74,0.8688716216216217,0.8720320945945946,0.8521570945945945,0.8364645270270271,0.8119712837837837,0.8020743243243244,0.7903412162162162,0.7739611486486487,0.7686182432432433
942484272,75,0.8693183333333333,0.87216,0.8521266666666666,0.8366633333333333,0.8121016666666667,0.8021683333333333,0.790615,0.7741433333333334,0.7687766666666667
942484272,76,0.8697450657894737,0.872483552631579,0.8523075657894736,0.8369654605263157,0.8123190789473684,0.8024506578947369,0.7909078947368421,0.7744983552631579,0.7689621710526316
942484272,77,0.870452922077922,0.8726412337662337,0.8522305194805194,0.8370762987012987,0.8124691558441558,0.8026525974025974,0.7911347402597403,0.7746314935064936,0.7692094155844156
942484272,78,0.8709358974358977,0.8729551282051283,0.8522756410256411,0.8374471153846155,0.8127435897435898,0.8028990384615384,0.7913766025641027,0.774834935897436,0.7693253205128205
942484272,79,0.8712420886075948,0.8731012658227846,0.8521930379746834,0.8376677215189873,0.8130268987341772,0.8031471518987341,0.7916993670886076,0.7751613924050633,0.7695427215189874
942484272,80,0.8716984375,0.8733624999999999,0.852359375,0.83799375,0.8133609375,0.80348125,0.7921515625,0.7754046875,0.7698468749999999
942484272,81,0.8721913580246915,0.8735601851851852,0.8524691358024691,0.838266975308642,0.8136512345679011,0.8037515432098764,0.7924521604938272,0.7755694444444444,0.7699336419753086
942484272,82,0.8724253048780488,0.8735929878048782,0.8526173780487806,0.8385076219512195,0.8138734756097562,0.8041432926829268,0.792829268292683,0.7760365853658536,0.7701463414634147
942484272,83,0.872796686746988,0.8738253012048192,0.852718373493976,0.8388222891566265,0.8141927710843373,0.8045135542168675,0.793301204819277,0.7765060240963856,0.7704141566265059
942484272,84,0.8732485119047619,0.8740446428571428,0.8527693452380952,0.8391666666666666,0.81446875,0.8049107142857144,0.7935892857142858,0.7769211309523809,0.7706800595238094
942484272,85,0.8735455882352943,0.8743573529411766,0.8529058823529413,0.8393823529411766,0.8148661764705882,0.8053602941176471,0.7940308823529413,0.7772102941176471,0.7710147058823529
942484272,86,0.8739723837209303,0.8744694767441861,0.8529375,0.8396816860465117,0.815263081395349,0.8056889534883721,0.79425,0.7775726744186046,0.7711729651162791
942484272,87,0.8743117816091954,0.8747959770114941,0.8531163793103449,0.8401091954022989,0.8155545977011494,0.8059985632183908,0.7944885057471265,0.7777744252873563,0.7712859195402297
942484272,88,0.8747897727272728,0.8750639204545455,0.8533011363636364,0.8403181818181817,0.8157414772727273,0.8062485795454545,0.7947599431818181,0.7781420454545455,0.7715397727272727
942484272,89,0.8752528089887639,0.8752682584269663,0.8534002808988764,0.8405435393258426,0.8160533707865169,0.806557584269663,0.7950772471910112,0.7785688202247191,0.7717654494382022
942484272,90,0.8757888888888892,0.8756222222222223,0.8534750000000001,0.840788888888889,0.8163319444444446,0.8068125,0.7953611111111112,0.7788875000000001,0.7719222222222222
942484272,91,0.87589010989011,0.8757307692307693,0.8535425824175825,0.8409326923076924,0.8165975274725275,0.8070686813186815,0.7956153846153847,0.779162087912088,0.7721758241758242
942484272,92,0.8759184782608697,0.8759021739130435,0.8534864130434783,0.8410910326086958,0.8167785326086956,0.807336956521739,0.795743206521739,0.7794986413043478,0.772327445652174
942484272,93,0.876013440860215,0.8760766129032257,0.8536115591397848,0.8413172043010753,0.8170483870967742,0.8076532258064515,0.7959327956989248,0.7798024193548387,0.7726397849462364
942484272,94,0.876188829787234,0.8764840425531916,0.8537593085106382,0.8416502659574469,0.8173297872340426,0.8080053191489363,0.7962406914893618,0.7801156914893617,0.7728829787234042
942484272,95,0.8763276315789473,0.8768157894736842,0.8539328947368421,0.8418934210526315,0.8176052631578948,0.8082697368421052,0.7965697368421053,0.7804328947368422,0.7730763157894737
942484272,96,0.8764127604166667,0.87690625,0.8540364583333333,0.8421731770833334,0.81783203125,0.80857421875,0.7968333333333334,0.7806484375,0.773203125
942484272,97,0.8765115979381445,0.8772061855670104,0.8541314432989692,0.8423363402061856,0.8180953608247423,0.8088775773195876,0.7972061855670104,0.780951030927835,0.7733711340206185
942484272,98,0.8767704081632653,0.8774974489795919,0.8543979591836734,0.8425880102040817,0.8183086734693877,0.8091377551020409,0.7975191326530612,0.7812155612244897,0.7735701530612246
942484272,99,0.8767904040404041,0.8777285353535353,0.8544987373737374,0.8429406565656565,0.8186363636363636,0.8094292929292929,0.7978459595959596,0.781465909090909,0.7737234848484847
942484272,100,0.876865,0.8778875,0.8546037499999999,0.8431937500000001,0.8188774999999999,0.8095749999999999,0.7981537500000001,0.78175,0.773835
942484272,101,0.8771101485148515,0.8782240099009901,0.8547524752475248,0.8435074257425743,0.8191534653465348,0.8099381188118813,0.7985123762376238,0.7820606435643565,0.7741559405940596
942484272,102,0.877169117647059,0.8783455882352943,0.8549215686274511,0.8436237745098041,0.8193541666666667,0.8101642156862747,0.7987867647058823,0.7823541666666668,0.7741446078431372
942484272,103,0.8772609223300971,0.8785230582524272,0.8549053398058252,0.8438300970873786,0.819491504854369,0.8104563106796117,0.7989902912621357,0.7826007281553398,0.7743155339805825
942484272,104,0.8773377403846154,0.8787067307692308,0.8549651442307693,0.8440324519230769,0.8197043269230769,0.8107175480769231,0.7991995192307693,0.7827836538461538,0.7742776442307693
942484272,105,0.8775023809523812,0.8790214285714287,0.855207142857143,0.844332142857143,0.8199630952380953,0.8111035714285715,0.7996333333333334,0.7831904761904762,0.7744404761904763
942484272,106,0.8776733490566038,0.8794091981132076,0.8554693396226415,0.8446308962264152,0.8202323113207548,0.8114658018867924,0.800002358490566,0.7835341981132076,0.7745896226415094
942484272,107,0.8779042056074766,0.8796390186915888,0.8555841121495327,0.8449649532710279,0.82058761682243,0.8118551401869158,0.8003574766355142,0.7839380841121495,0.7746728971962616
942484272,108,0.8780694444444445,0.8798506944444444,0.8557453703703705,0.8451979166666668,0.8209027777777779,0.8121331018518518,0.8007650462962963,0.7842569444444444,0.7747905092592593
942484272,109,0.8782385321100918,0.8800905963302753,0.8558371559633029,0.8454621559633029,0.8212029816513762,0.8124977064220184,0.8010940366972477,0.7845355504587155,0.7749954128440367
942484272,110,0.87835,0.8802659090909091,0.8559909090909091,0.8456011363636363,0.8213693181818182,0.8127375,0.8013681818181817,0.7847556818181819,0.7750238636363637
942484272,111,0.878481981981982,0.8803840090090091,0.8560777027027027,0.8457263513513513,0.8216013513513514,0.8130900900900901,0.801563063063063,0.7851295045045046,0.7750495495495496
942484272,112,0.8786138392857142,0.8806227678571429,0.8562455357142857,0.8458995535714285,0.8217064732142858,0.8133169642857143,0.8018113839285713,0.7853683035714285,0.7751183035714284
942484272,113,0.8787588495575221,0.8809657079646017,0.8563230088495575,0.8460929203539823,0.8219966814159293,0.8136216814159292,0.802091814159292,0.7856371681415928,0.7751006637168141
942484272,114,0.8788936403508771,0.8811348684210526,0.856359649122807,0.8462993421052631,0.8222214912280702,0.813826754385965,0.8023706140350878,0.7859024122807018,0.7751699561403509
942484272,115,0.8790228260869566,0.8813782608695653,0.8565945652173914,0.8465652173913044,0.8224967391304348,0.8141576086956521,0.8027532608695652,0.7862391304347827,0.775225
942484272,116,0.8791487068965518,0.8816616379310345,0.8567068965517242,0.8467273706896551,0.8226109913793104,0.8143771551724138,0.8029471982758621,0.7864094827586207,0.7751422413793103
942484272,117,0.8793301282051285,0.8818611111111113,0.8567916666666667,0.8469476495726498,0.8228931623931625,0.8146623931623933,0.8032478632478632,0.7867542735042736,0.7752168803418805
942484272,118,0.8794925847457628,0.8820201271186441,0.856864406779661,0.8470455508474577,0.8230889830508474,0.814916313559322,0.8035911016949152,0.7869957627118644,0.7752955508474577
942484272,119,0.8796008403361345,0.8821764705882353,0.8569117647058825,0.8471544117647061,0.8233361344537816,0.8151922268907564,0.8039359243697479,0.7874579831932774,0.7753602941176471
942484272,120,0.8797739583333335,0.8824291666666666,0.8569458333333333,0.8473572916666667,0.8234229166666667,0.8154083333333334,0.804146875,0.7876489583333335,0.7752958333333333
942484272,121,0.8798460743801653,0.8824793388429751,0.85700826446281,0.8474493801652894,0.8234938016528925,0.8156188016528926,0.8043440082644628,0.7878171487603306,0.77525
942484272,122,0.8799887295081967,0.8825860655737706,0.8571495901639343,0.8475727459016393,0.8237366803278688,0.8158247950819673,0.804655737704918,0.7881311475409837,0.7753350409836065
942484272,123,0.8802337398373984,0.8827876016260163,0.8572002032520325,0.8477743902439024,0.8239837398373984,0.8161178861788618,0.8049979674796748,0.7883831300813008,0.7753363821138212
942484272,124,0.8803901209677419,0.8830332661290322,0.8573175403225806,0.8479727822580645,0.8242197580645161,0.8164153225806451,0.8052983870967741,0.7886995967741935,0.7754435483870968
942484272,125,0.880575,0.8832090000000001,0.85745,0.8481210000000001,0.824462,0.8166570000000002,0.805527,0.788911,0.7755
942484272,126,0.8807192460317462,0.8833591269841271,0.8575545634920636,0.8482767857142858,0.8245664682539683,0.8169136904761906,0.8057767857142858,0.7890813492063492,0.7755347222222222
942484272,127,0.8808267716535435,0.8834143700787402,0.8575246062992128,0.8483149606299214,0.8246437007874017,0.8169832677165355,0.8058848425196852,0.7891879921259843,0.7754547244094488
942484272,128,0.8809443359375,0.8835380859375,0.8575537109375,0.848384765625,0.8247529296875,0.817138671875,0.8060654296875,0.7892529296875,0.775509765625
942484272,129,0.8811143410852712,0.8836850775193797,0.8576812015503875,0.8485532945736434,0.8249273255813953,0.8173720930232558,0.8063672480620154,0.7894883720930231,0.775640503875969
942484272,130,0.8812451923076926,0.8838615384615387,0.8576567307692309,0.8487048076923078,0.8251125000000001,0.8176250000000002,0.8066086538461539,0.7897298076923077,0.7757096153846154
942484272,131,0.881432251908397,0.8840391221374045,0.8577490458015268,0.8488530534351145,0.825232824427481,0.8177958015267176,0.8068053435114504,0.7899303435114503,0.775695610687023
942484272,132,0.8816761363636364,0.8841931818181819,0.8578503787878787,0.8489943181818183,0.8254431818181818,0.817936553030303,0.8070482954545455,0.7901325757575758,0.77575
942484272,133,0.8819201127819549,0.884359962406015,0.8579088345864662,0.849063909774436,0.8256127819548873,0.8181362781954887,0.8073082706766916,0.7903355263157895,0.7757875939849623
942484272,134,0.8820951492537312,0.8844253731343285,0.8580298507462687,0.8491697761194029,0.8257117537313433,0.818304104477612,0.8075466417910447,0.790570895522388,0.7758320895522388
942484272,135,0.8823120370370371,0.884599074074074,0.8581722222222222,0.8493601851851852,0.8259768518518519,0.8185425925925925,0.807887962962963,0.7908407407407407,0.7759444444444443
942484272,136,0.8824568014705882,0.8847463235294117,0.8582941176470588,0.8495294117647059,0.8261920955882354,0.8188272058823529,0.8081746323529412,0.7909981617647058,0.7759237132352942
942484272,137,0.8825474452554745,0.8848585766423358,0.8584306569343066,0.8495401459854015,0.826375,0.8191003649635037,0.8084726277372263,0.7911487226277373,0.7758695255474453
942484272,138,0.8827617753623188,0.8850751811594203,0.8585144927536231,0.8496838768115943,0.8265226449275362,0.8193967391304348,0.8087617753623187,0.7913976449275363,0.7760163043478261
942484272,139,0.8829595323741007,0.8852275179856115,0.8586016187050359,0.8498129496402878,0.8267077338129496,0.8196402877697843,0.8089361510791366,0.7916537769784172,0.7761223021582735
942484272,140,0.8830830357142856,0.8853732142857144,0.8585973214285714,0.8498660714285714,0.8267464285714287,0.8198044642857142,0.8090651785714286,0.7918455357142857,0.7761205357142856
942484272,141,0.8833297872340424,0.8855709219858157,0.8586586879432624,0.8499689716312057,0.826854609929078,0.8199663120567375,0.8092597517730497,0.7920053191489362,0.7761799645390072
942484272,142,0.8835158450704226,0.8856971830985915,0.8587403169014085,0.8502438380281689,0.8270264084507042,0.8201778169014085,0.8095228873239436,0.7922051056338028,0.7763133802816902
942484272,143,0.8837150349650349,0.8858496503496504,0.8587473776223776,0.8503251748251748,0.8271660839160838,0.8204090909090909,0.8097622377622378,0.7922989510489511,0.7764099650349651
942484272,144,0.883953125,0.8860138888888889,0.8588576388888889,0.8503784722222222,0.8272803819444443,0.8206753472222221,0.8100460069444444,0.792420138888889,0.7764366319444445
942484272,145,0.8841137931034482,0.8861844827586206,0.859001724137931,0.850481896551724,0.8274163793103448,0.8207767241379311,0.8101844827586208,0.7925931034482759,0.7765465517241379
942484272,146,0.88430051369863,0.8863784246575342,0.8591412671232876,0.8506138698630137,0.8276155821917809,0.8209820205479452,0.8104366438356164,0.7928981164383562,0.7767534246575342
942484272,147,0.8844897959183673,0.886531462585034,0.8592202380952381,0.8507202380952381,0.8278664965986395,0.8211760204081633,0.8106675170068026,0.7931215986394556,0.7768715986394559
942484272,148,0.8847212837837838,0.8867077702702703,0.8593741554054054,0.8508724662162162,0.8280515202702702,0.8214028716216216,0.8109518581081081,0.7934163851351352,0.7769518581081081
942484272,149,0.8849857382550336,0.886875,0.8595276845637584,0.8510587248322147,0.8282348993288591,0.8215989932885905,0.8111778523489934,0.7935847315436242,0.7769882550335572
942484272,150,0.8852408333333333,0.8870283333333334,0.8596291666666667,0.8512141666666666,0.8283808333333333,0.8217958333333334,0.8113816666666667,0.7937908333333333,0.7771091666666666
942484272,151,0.8854495033112583,0.8872541390728477,0.8597218543046357,0.851283940397351,0.8285422185430463,0.8220024834437085,0.811626655629139,0.7939718543046358,0.7772094370860928
942484272,152,0.8855657894736841,0.887390625,0.8598207236842104,0.8514276315789474,0.8286990131578948,0.8222409539473684,0.8118643092105263,0.7941768092105262,0.7772697368421052
942484272,153,0.8857140522875819,0.8875228758169935,0.8599632352941178,0.8516609477124184,0.8289256535947713,0.8224787581699348,0.8121111111111112,0.7944158496732028,0.7773366013071895
942484272,154,0.8858368506493507,0.8876956168831168,0.8600340909090909,0.8517061688311688,0.8289780844155844,0.8226185064935065,0.8123612012987013,0.7946550324675324,0.7774448051948052
942484272,155,0.886008870967742,0.8878709677419355,0.860133064516129,0.8518201612903227,0.8291387096774193,0.8228588709677419,0.812566935483871,0.7948443548387097,0.7775177419354838
942484272,156,0.8860921474358975,0.8879190705128205,0.860125,0.8519350961538462,0.8292379807692307,0.8229711538461538,0.8128165064102564,0.7950416666666668,0.7775953525641025
942484272,157,0.8863407643312102,0.8880867834394904,0.8602667197452228,0.8520517515923567,0.829343949044586,0.823156050955414,0.8131449044585988,0.7952762738853503,0.7776751592356689
942484272,158,0.8865625,0.8882405063291139,0.8604074367088608,0.852238924050633,0.8295055379746835,0.8234287974683544,0.8134058544303798,0.7954034810126583,0.7777444620253164
942484272,159,0.8867413522012577,0.8883616352201259,0.860435534591195,0.8523246855345913,0.8295966981132076,0.8235974842767295,0.8135951257861636,0.7955919811320755,0.7777759433962265
942484272,160,0.88691015625,0.8884898437500001,0.8605562499999999,0.8523875000000001,0.82974765625,0.82378125,0.8137953125,0.79570625,0.7778328125
942484272,161,0.8870186335403727,0.8886172360248448,0.8606576086956522,0.8525093167701864,0.8299246894409937,0.823986801242236,0.8140753105590062,0.7958913043478261,0.7778905279503106
942484272,162,0.887104938271605,0.8886875,0.8606998456790124,0.852587962962963,0.8300177469135803,0.8241628086419753,0.8142276234567901,0.7959783950617284,0.7779390432098766
942484272,163,0.887263036809816,0.8888420245398774,0.8608765337423313,0.8527246932515338,0.8301786809815951,0.8243397239263804,0.8145299079754601,0.7961579754601227,0.7780122699386504
942484272,164,0.8874367378048781,0.8889809451219512,0.8609939024390244,0.8528300304878048,0.8303216463414634,0.8244870426829268,0.8147743902439024,0.7962416158536585,0.7780670731707316
942484272,165,0.887605303030303,0.8890954545454545,0.8611174242424242,0.8528462121212121,0.8303780303030303,0.824715909090909,0.8149037878787878,0.7963454545454545,0.7781348484848485
942484272,166,0.8877748493975904,0.8891995481927711,0.8611378012048192,0.8529623493975903,0.8304134036144578,0.8248222891566266,0.815117469879518,0.7964751506024097,0.778109939759036
942484272,167,0.8878914670658683,0.8892559880239521,0.8611579341317365,0.8530194610778443,0.8305523952095808,0.8249438622754492,0.8152844311377246,0.7965988023952095,0.7781085329341317
942484272,168,0.8880558035714285,0.8894129464285715,0.8613020833333332,0.853142113095238,0.8306971726190476,0.825109375,0.8155104166666668,0.796639136904762,0.7781904761904761
942484272,169,0.888137573964497,0.8895347633136096,0.8613727810650887,0.8532344674556214,0.8308498520710059,0.8253653846153846,0.8157174556213018,0.7967034023668639,0.7782307692307693
942484272,170,0.8882860294117648,0.8895801470588236,0.8614338235294118,0.8532926470588237,0.8309316176470589,0.8255036764705884,0.8158735294117648,0.7967889705882353,0.7782411764705882
942484272,171,0.8883881578947369,0.8896754385964912,0.8615182748538012,0.8533706140350877,0.830969298245614,0.8255709064327486,0.8159861111111111,0.7969166666666666,0.7782565789473683
942484272,172,0.8886489825581395,0.8899229651162791,0.8617209302325582,0.8535101744186048,0.8311584302325582,0.8257885174418604,0.8161671511627907,0.7970828488372094,0.7783706395348838
942484272,173,0.8888526011560693,0.89003612716763,0.8618041907514451,0.8536069364161849,0.8312449421965319,0.8259111271676299,0.8162911849710983,0.7971416184971097,0.7784436416184971
942484272,174,0.8889942528735633,0.8900955459770115,0.8618362068965516,0.8536027298850575,0.8312844827586207,0.8259791666666667,0.8164145114942528,0.7972413793103449,0.778467672413793
942484272,175,0.889135,0.8901635714285714,0.8619121428571427,0.8536292857142858,0.8313357142857143,0.8260542857142857,0.816555,0.797285,0.7785271428571429
942484272,176,0.8893160511363637,0.8903068181818182,0.8620170454545455,0.85371875,0.8315326704545455,0.8262329545454545,0.8166640625,0.7973828125,0.7786015625
942484272,177,0.8895049435028248,0.8903877118644068,0.8621108757062148,0.8537528248587571,0.8315840395480226,0.8263785310734463,0.816805790960452,0.7974216101694916,0.7786581920903954
942484272,178,0.889747191011236,0.8905695224719102,0.8622745786516854,0.8538363764044943,0.8317106741573034,0.8266109550561798,0.8170224719101123,0.7975379213483145,0.7787492977528091
942484272,179,0.8899064245810056,0.8906703910614525,0.8623575418994414,0.8539224860335196,0.8318044692737431,0.8268030726256984,0.8172025139664804,0.7976305865921788,0.7787814245810057
942484272,180,0.8899479166666666,0.8907506944444444,0.8624333333333334,0.8539736111111111,0.831863888888889,0.826911111111111,0.8172979166666666,0.797704861111111,0.7788256944444445
942484272,181,0.8901602209944751,0.8908598066298342,0.8624689226519336,0.8539779005524861,0.8319848066298343,0.8270386740331491,0.8175041436464088,0.7978770718232044,0.778917817679558
942484272,182,0.8903942307692309,0.8909821428571431,0.8625625,0.8540061813186814,0.8321243131868133,0.8272108516483517,0.8176222527472528,0.798088598901099,0.778963598901099
942484272,183,0.8905450819672132,0.8910512295081967,0.862608606557377,0.854186475409836,0.8323094262295082,0.8274112021857923,0.8178381147540983,0.798271174863388,0.7790027322404371
942484272,184,0.8907017663043477,0.8911603260869565,0.8626915760869565,0.8542615489130435,0.8323464673913044,0.827430027173913,0.8179884510869565,0.7983967391304347,0.7790876358695652
942484272,185,0.8908668918918919,0.8912594594594595,0.8627797297297297,0.854304054054054,0.832397972972973,0.8275574324324325,0.8180858108108109,0.7984581081081081,0.7790851351351351
942484272,186,0.8910168010752687,0.8912862903225804,0.8628319892473119,0.8542963709677419,0.8324260752688172,0.8276384408602151,0.8182123655913979,0.7985295698924731,0.7791465053763441
942484272,187,0.8912179144385027,0.8913195187165776,0.8628308823529411,0.8543195187165775,0.8324338235294118,0.8277513368983958,0.8183355614973261,0.7986450534759358,0.7792372994652407
942484272,188,0.8913557180851064,0.8914115691489363,0.8629115691489362,0.8543696808510638,0.8325551861702126,0.8278769946808511,0.8184727393617022,0.7987114361702128,0.7792466755319148
942484272,189,0.8914338624338624,0.8915462962962963,0.8629589947089947,0.8544153439153439,0.8326507936507936,0.827968253968254,0.8186058201058201,0.7988373015873016,0.7792744708994709
942484272,190,0.891582894736842,0.8916263157894737,0.8629842105263158,0.8544578947368421,0.8327256578947367,0.8280934210526316,0.8186881578947368,0.7989486842105263,0.7793480263157894
942484272,191,0.8917323298429319,0.8916243455497381,0.8630752617801047,0.8544895287958115,0.8328455497382199,0.828253272251309,0.8188226439790576,0.7990013089005236,0.7794234293193717
942484272,192,0.8918541666666666,0.8917083333333332,0.8631354166666667,0.8545208333333334,0.8329251302083333,0.828376953125,0.818970703125,0.7991197916666666,0.779509765625
942484272,193,0.8919423575129533,0.8918160621761657,0.8631897668393781,0.854517487046632,0.8330259067357512,0.8284566062176164,0.8191457253886009,0.7991360103626941,0.7795317357512953
942484272,194,0.8921140463917527,0.8918356958762889,0.8632751288659795,0.8545786082474228,0.8331172680412373,0.8285805412371134,0.8193015463917527,0.7992480670103094,0.7796121134020618
942484272,195,0.8922333333333335,0.8918371794871796,0.8632666666666667,0.8546243589743591,0.8332076923076924,0.8287320512820513,0.8194057692307695,0.7993307692307694,0.7796698717948718
942484272,196,0.8923724489795918,0.8919024234693878,0.863329081632653,0.8546198979591837,0.8332691326530612,0.8288692602040817,0.8195210459183674,0.7994451530612245,0.7796970663265306
942484272,197,0.8925425126903553,0.8919111675126903,0.8633515228426395,0.8546573604060913,0.8333356598984771,0.8289758883248731,0.8196161167512691,0.7995152284263959,0.7796738578680203
942484272,198,0.892655303030303,0.8920012626262626,0.8633547979797982,0.8547007575757575,0.8334116161616162,0.8291224747474747,0.8197304292929293,0.7996142676767677,0.7797329545454547
942484272,199,0.8927273869346734,0.8920697236180903,0.8633718592964824,0.8546777638190954,0.8335050251256282,0.8291871859296484,0.8198373115577889,0.79965891959799,0.7797518844221106
942484272,200,0.892805,0.892195,0.8634506249999999,0.854673125,0.833561875,0.8292725000000001,0.81996125,0.799693125,0.779795625
929893138,1,0.716625,0.802,0.80925,0.81225,0.808875,0.812625,0.815625,0.808875,0.803
929893138,2,0.753125,0.8285,0.8310625,0.8356875,0.8328125,0.8319375,0.831375,0.8265625,0.822
929893138,3,0.7689166666666666,0.8333333333333333,0.8400833333333333,0.843375,0.8394583333333333,0.8381666666666666,0.8359583333333332,0.832875,0.8263749999999999
929893138,4,0.7825,0.84265625,0.845875,0.84678125,0.84303125,0.8403125,0.8385625,0.83221875,0.82409375
929893138,5,0.79,0.8477500000000001,0.8503000000000002,0.8487250000000002,0.8439500000000001,0.8421000000000002,0.838875,0.8305500000000001,0.8206500000000001
929893138,6,0.7958541666666668,0.8498541666666667,0.855,0.8520833333333335,0.8445208333333334,0.842125,0.8362291666666667,0.8279375,0.8169166666666667
929893138,7,0.8012678571428571,0.8520892857142857,0.854875,0.8506071428571428,0.8425714285714285,0.8401607142857143,0.8343035714285714,0.824125,0.812375
929893138,8,0.804984375,0.855171875,0.85746875,0.850578125,0.840421875,0.837578125,0.8295625,0.820421875,0.806890625
929893138,9,0.809638888888889,0.8571250000000001,0.8586944444444445,0.8502777777777778,0.8402916666666668,0.8362500000000003,0.8272361111111112,0.8169583333333333,0.8016666666666667
929893138,10,0.8132500000000001,0.8596500000000001,0.8597500000000001,0.8499375000000001,0.8381375000000001,0.8339000000000001,0.8236000000000001,0.8129250000000001,0.7985375000000001
929893138,11,0.8168863636363635,0.8607840909090909,0.8603863636363636,0.8484772727272726,0.8359886363636363,0.8314318181818181,0.8213295454545454,0.8102613636363635,0.7945568181818181
929893138,12,0.81984375,0.8611875,0.8595729166666666,0.8468645833333333,0.8340416666666667,0.8288958333333334,0.8182083333333334,0.806375,0.7896979166666667
929893138,13,0.8213365384615385,0.8625961538461541,0.8582788461538462,0.8452884615384617,0.8310865384615386,0.8258076923076924,0.814721153846154,0.8035384615384616,0.786673076923077
929893138,14,0.8233660714285715,0.8634910714285715,0.8576339285714286,0.8441696428571429,0.8300714285714287,0.8242678571428573,0.8132857142857144,0.8011785714285714,0.7846517857142857
929893138,15,0.8248166666666668,0.8637833333333336,0.8572000000000002,0.8429416666666667,0.8278833333333334,0.8221666666666667,0.8108416666666667,0.7998666666666667,0.78185
929893138,16,0.8258359375,0.864609375,0.8573203125,0.841515625,0.826359375,0.819828125,0.8091171875,0.7975703125,0.780109375
929893138,17,0.8269264705882353,0.8646102941176472,0.8557573529411766,0.8397573529411766,0.8242941176470588,0.8178455882352942,0.8065294117647058,0.7955661764705882,0.7781764705882354
929893138,18,0.8282291666666668,0.8648680555555557,0.8560416666666667,0.8392777777777778,0.8234097222222223,0.8164652777777778,0.8048055555555557,0.7941875000000002,0.7764027777777778
929893138,19,0.8295855263157895,0.8658355263157895,0.8552039473684211,0.8385,0.8226381578947369,0.815296052631579,0.8037302631578946,0.7923486842105263,0.7748026315789472
929893138,20,0.83033125,0.8661312499999999,0.85445,0.83695625,0.82054375,0.8129187499999999,0.8013125,0.78989375,0.77280625
929893138,21,0.8324583333333334,0.8660000000000001,0.8543750000000001,0.8361964285714286,0.8189047619047619,0.8115416666666667,0.7993988095238096,0.7882976190476191,0.7714285714285715
929893138,22,0.8334488636363635,0.8653863636363637,0.853465909090909,0.8352840909090907,0.8177670454545454,0.8101420454545455,0.7978125,0.786875,0.7700738636363637
929893138,23,0.8344782608695652,0.8650489130434782,0.8528532608695653,0.8342717391304347,0.8165380434782608,0.8087554347826086,0.7967445652173912,0.7852880434782608,0.7681684782608695
929893138,24,0.8358125,0.8651979166666667,0.852484375,0.8336458333333333,0.815765625,0.8076822916666666,0.795859375,0.784109375,0.767234375
929893138,25,0.83691,0.8652450000000002,0.8523400000000001,0.8333,0.8153600000000001,0.8070450000000001,0.795085,0.78304,0.76641
929893138,26,0.8381298076923078,0.8653750000000001,0.8516634615384616,0.8328365384615386,0.8146057692307693,0.8064038461538462,0.7940384615384617,0.7821490384615386,0.7655048076923078
929893138,27,0.8391296296296296,0.8657407407407407,0.8516574074074074,0.8327685185185185,0.8142083333333333,0.8056481481481481,0.7931666666666668,0.781375,0.7653148148148148
929893138,28,0.8396026785714287,0.8657142857142858,0.8513348214285714,0.8320982142857142,0.8134776785714287,0.8048348214285714,0.7928482142857142,0.7807901785714286,0.7650044642857142
929893138,29,0.8401551724137931,0.8655775862068965,0.8507543103448275,0.8313836206896552,0.8127068965517241,0.8044137931034483,0.7921163793103448,0.7797327586206897,0.7641982758620689
929893138,30,0.8411583333333336,0.8656791666666668,0.8505291666666669,0.830825,0.8123250000000001,0.8036000000000001,0.7916291666666667,0.7784833333333333,0.7637250000000001
929893138,31,0.8417379032258063,0.8654919354838709,0.8503387096774193,0.8303508064516129,0.8116008064516128,0.8029354838709677,0.7910282258064516,0.7779516129032258,0.7633588709677419
929893138,32,0.84233203125,0.865484375,0.85008984375,0.830234375,0.81090625,0.8024296875,0.79048828125,0.7773671875,0.76308984375
929893138,33,0.842905303030303,0.8656060606060605,0.8497613636363636,0.8302992424242422,0.8105151515151515,0.8022196969696969,0.7901931818181818,0.7769583333333333,0.7629545454545454
929893138,34,0.8439338235294119,0.8656948529411765,0.8494227941176471,0.8299632352941176,0.8100183823529412,0.8018786764705883,0.7899448529411766,0.7764154411764707,0.7624595588235296
929893138,35,0.8446035714285716,0.8656642857142858,0.8497607142857143,0.8300357142857143,0.8099928571428573,0.8014892857142858,0.7898035714285716,0.7759035714285715,0.7621
929893138,36,0.8454236111111111,0.8658993055555555,0.8499548611111111,0.8303020833333332,0.8098715277777778,0.8013993055555556,0.7896840277777778,0.7757604166666667,0.7622395833333334
929893138,37,0.8461621621621622,0.8655202702702703,0.8494493243243244,0.8299662162162162,0.8092331081081081,0.8006385135135136,0.7890641891891892,0.7749594594594594,0.7613716216216216
929893138,38,0.846891447368421,0.8655723684210526,0.8497203947368421,0.8299440789473683,0.808921052631579,0.8002236842105263,0.7886348684210527,0.7746743421052631,0.7611184210526316
929893138,39,0.8479871794871797,0.865673076923077,0.8499551282051284,0.8299455128205129,0.8084807692307693,0.7997019230769231,0.7881955128205129,0.774221153846154,0.7610833333333334
929893138,40,0.8491531250000001,0.86553125,0.849871875,0.8300406250000001,0.8080031249999999,0.7992312500000001,0.787875,0.77386875,0.7610093750000001
929893138,41,0.8497743902439026,0.865625,0.8495609756097563,0.830125,0.8078048780487805,0.7989725609756099,0.7876097560975611,0.7738841463414635,0.7611798780487805
929893138,42,0.8507648809523811,0.8660208333333335,0.8499761904761906,0.8302946428571429,0.8080119047619048,0.7991279761904763,0.7874017857142858,0.7737470238095239,0.7615565476190477
929893138,43,0.8517122093023254,0.8659709302325581,0.8500784883720929,0.8302616279069767,0.8078052325581395,0.7991889534883719,0.7872325581395349,0.7737383720930231,0.7616249999999999
929893138,44,0.8527301136363636,0.8663522727272728,0.8501704545454545,0.8306704545454545,0.8076534090909091,0.7990397727272728,0.7871448863636362,0.7737869318181818,0.7617613636363636
929893138,45,0.8532222222222224,0.8664194444444446,0.850338888888889,0.8309305555555556,0.8078666666666666,0.7991888888888888,0.7871916666666667,0.7737777777777778,0.7618666666666668
929893138,46,0.853899456521739,0.866429347826087,0.8502989130434783,0.8310815217391305,0.8078451086956523,0.7990108695652174,0.7868342391304347,0.7736929347826087,0.761899456521739
929893138,47,0.8543351063829787,0.8664654255319149,0.8504148936170213,0.8311595744680851,0.8077021276595745,0.7987473404255319,0.7868164893617021,0.773625,0.7619840425531914
929893138,48,0.8546848958333334,0.8664401041666666,0.8503046875,0.8312916666666667,0.8077552083333334,0.798984375,0.7870052083333333,0.7737682291666668,0.7621953125
929893138,49,0.8551147959183674,0.8665255102040816,0.8502576530612245,0.8314617346938776,0.8078903061224489,0.7989617346938775,0.7870459183673469,0.7738035714285714,0.7622602040816326
929893138,50,0.8558575,0.8666849999999999,0.8505275000000001,0.831775,0.808335,0.7992049999999999,0.7871024999999999,0.7739874999999999,0.7624575
929893138,51,0.8563725490196079,0.8668799019607845,0.8504313725490197,0.8318063725490197,0.8081960784313726,0.7991004901960784,0.7869166666666667,0.7739583333333334,0.7626764705882354
929893138,52,0.8570528846153846,0.8670552884615385,0.8503581730769231,0.8319927884615386,0.8083004807692307,0.7990745192307693,0.7869182692307692,0.7739903846153846,0.7628533653846153
929893138,53,0.8576721698113208,0.8671698113207548,0.850132075471698,0.8322169811320755,0.8082688679245283,0.799193396226415,0.786872641509434,0.7740141509433963,0.7629622641509434
929893138,54,0.8581689814814816,0.8675439814814815,0.8504166666666667,0.8327569444444446,0.8086481481481481,0.7995648148148148,0.7872245370370371,0.7742013888888889,0.7632777777777777
929893138,55,0.8586272727272726,0.8679,0.8506204545454545,0.8328886363636363,0.808825,0.7996136363636364,0.7872181818181817,0.7743522727272727,0.7637795454545454
929893138,56,0.8591183035714286,0.8679151785714286,0.8507834821428572,0.8330758928571429,0.8087566964285713,0.7995825892857142,0.7873660714285714,0.7745401785714284,0.7639776785714285
929893138,57,0.8595570175438597,0.8682280701754386,0.8506995614035088,0.833173245614035,0.8086732456140351,0.7995811403508771,0.787436403508772,0.7745175438596491,0.7640526315789473
929893138,58,0.86025,0.8684331896551724,0.8508556034482758,0.8334504310344828,0.8089030172413793,0.7997564655172414,0.7874612068965516,0.7747133620689656,0.7641939655172414
929893138,59,0.8608093220338983,0.8687415254237288,0.8509576271186441,0.8336377118644068,0.8089788135593219,0.7997775423728812,0.7878050847457627,0.7749364406779662,0.764406779661017
929893138,60,0.861375,0.8689124999999999,0.8511604166666666,0.8338291666666666,0.809,0.8002166666666667,0.7881520833333334,0.7753166666666667,0.7648041666666667
929893138,61,0.8616168032786885,0.869139344262295,0.8512172131147542,0.8339508196721311,0.8089918032786885,0.8002745901639343,0.7883053278688523,0.7754487704918033,0.765172131147541
929893138,62,0.8622298387096774,0.8693548387096774,0.851328629032258,0.8339879032258065,0.8091633064516129,0.800453629032258,0.7882762096774193,0.775391129032258,0.7653407258064515
929893138,63,0.8625158730158733,0.8694265873015875,0.8514424603174604,0.8342083333333334,0.8091865079365079,0.8004940476190477,0.7884583333333333,0.7755615079365079,0.7653611111111112
929893138,64,0.863166015625,0.86955859375,0.85119921875,0.834392578125,0.809310546875,0.800654296875,0.788482421875,0.775609375,0.765330078125
929893138,65,0.8636653846153847,0.8696788461538463,0.8513057692307694,0.8343711538461539,0.8093846153846155,0.8007557692307694,0.7885673076923079,0.7754942307692309,0.7653519230769232
929893138,66,0.8644071969696969,0.869875,0.8513143939393939,0.8345738636363637,0.8095151515151515,0.801060606060606,0.7887727272727273,0.7756950757575758,0.7654412878787878
929893138,67,0.8649757462686567,0.8701902985074628,0.8514925373134329,0.8349235074626865,0.8099440298507463,0.8014906716417911,0.788981343283582,0.7758302238805971,0.7654701492537312
929893138,68,0.8655294117647059,0.8702150735294117,0.8515514705882352,0.8351194852941176,0.8101764705882353,0.8016985294117648,0.7894172794117646,0.7760018382352941,0.7657647058823529
929893138,69,0.8660489130434782,0.8704311594202899,0.8515652173913044,0.835231884057971,0.810233695652174,0.8018152173913043,0.7896159420289856,0.7761177536231885,0.7658858695652175
929893138,70,0.8667785714285716,0.8707517857142859,0.8517428571428572,0.8355303571428573,0.8102,0.80205,0.7897839285714287,0.7762089285714288,0.7660392857142858
929893138,71,0.8672588028169014,0.8711654929577465,0.8520105633802817,0.8357359154929577,0.8105,0.802306338028169,0.7901408450704225,0.7764542253521125,0.7662570422535212
929893138,72,0.8677413194444444,0.8714305555555557,0.8520868055555556,0.8359565972222222,0.8105347222222222,0.8024861111111111,0.7903611111111111,0.77671875,0.7664600694444443
929893138,73,0.8682054794520547,0.8714931506849315,0.8519520547945205,0.8361866438356165,0.8105599315068494,0.8026044520547945,0.7904948630136986,0.7768715753424658,0.7665325342465754
929893138,74,0.8687618243243244,0.8716790540540541,0.8521706081081081,0.8364763513513513,0.8108226351351351,0.8028800675675675,0.7908175675675675,0.7771283783783784,0.7666351351351351
929893138,75,0.869235,0.8718733333333334,0.85213,0.8365883333333334,0.8110016666666666,0.8030766666666665,0.7909933333333333,0.7772466666666666,0.7668983333333333
929893138,76,0.8696973684210527,0.8721957236842105,0.8522631578947368,0.8369095394736842,0.8110904605263158,0.803389802631579,0.7913108552631579,0.7774769736842105,0.7670608552631579
929893138,77,0.8702451298701298,0.8723863636363636,0.8522548701298701,0.8371071428571429,0.8111590909090909,0.803659090909091,0.7915227272727272,0.7774675324675324,0.7672873376623377
929893138,78,0.8706250000000002,0.8726778846153848,0.8524070512820515,0.8375032051282052,0.8114038461538462,0.8039054487179488,0.7918189102564104,0.777661858974359,0.7675528846153846
929893138,79,0.8709287974683544,0.8728528481012657,0.8524224683544303,0.8377278481012657,0.811623417721519,0.804123417721519,0.7921075949367088,0.777759493670886,0.7677246835443039
929893138,80,0.8714046874999999,0.8731796875,0.852484375,0.8381015625,0.8117671875000001,0.8043874999999999,0.7924593750000002,0.7779562499999999,0.7679640624999999
929893138,81,0.8719814814814815,0.8733179012345679,0.8525648148148148,0.8382993827160493,0.8119475308641975,0.8047561728395063,0.7926743827160494,0.7781172839506172,0.7681959876543211
929893138,82,0.8721539634146342,0.8734786585365855,0.8526189024390244,0.8385777439024391,0.8123048780487806,0.8051158536585367,0.7931844512195123,0.7782774390243903,0.7684176829268292
929893138,83,0.8725165662650602,0.873539156626506,0.8528960843373493,0.8387590361445784,0.8125873493975903,0.8053915662650601,0.7935301204819277,0.7786144578313253,0.7686746987951807
929893138,84,0.8730223214285713,0.8737872023809523,0.8528764880952381,0.8389285714285714,0.8129226190476191,0.8056517857142858,0.7939077380952381,0.778735119047619,0.7690446428571429
929893138,85,0.8733529411764708,0.8740352941176471,0.8530382352941178,0.8391426470588237,0.8131632352941177,0.8060073529411765,0.7942529411764706,0.7789205882352942,0.7693676470588235
929893138,86,0.8738139534883721,0.8742020348837211,0.8531380813953489,0.8395944767441861,0.813372093023256,0.8063226744186047,0.7945843023255814,0.7791802325581395,0.7696264534883721
929893138,87,0.8741824712643677,0.8744741379310345,0.8531925287356321,0.839948275862069,0.813771551724138,0.8065704022988506,0.7948175287356322,0.779235632183908,0.7698505747126436
929893138,88,0.8746846590909091,0.87484375,0.8534275568181818,0.8401761363636364,0.814046875,0.8068522727272728,0.7950880681818182,0.7794360795454545,0.7701860795454545
929893138,89,0.8750519662921349,0.875063202247191,0.853504213483146,0.840313202247191,0.8141797752808989,0.8071755617977528,0.795438202247191,0.7797261235955056,0.7704410112359551
929893138,90,0.8756416666666669,0.8753666666666667,0.8536041666666668,0.8405763888888889,0.8143805555555557,0.8073458333333334,0.7956972222222223,0.7799069444444444,0.7707250000000001
929893138,91,0.8756826923076925,0.8755425824175824,0.8536359890109891,0.8408598901098903,0.814585164835165,0.807559065934066,0.7959835164835165,0.7801030219780221,0.7709697802197804
929893138,92,0.8757826086956523,0.8756657608695653,0.8536182065217393,0.8410326086956522,0.814804347826087,0.8077296195652175,0.7961426630434782,0.7801997282608695,0.7711385869565217
929893138,93,0.8758440860215053,0.8759327956989246,0.8537069892473117,0.8412889784946235,0.8150389784946236,0.8079771505376343,0.7964569892473118,0.7803602150537633,0.771233870967742
929893138,94,0.8759946808510638,0.8762593085106384,0.853936170212766,0.841594414893617,0.8154654255319149,0.8083523936170214,0.7968271276595744,0.7805625,0.7714401595744681
929893138,95,0.8761013157894737,0.8765657894736841,0.8541763157894736,0.8417618421052632,0.8157355263157895,0.8087065789473684,0.7971052631578948,0.7807578947368421,0.7716618421052632
929893138,96,0.87625,0.87673046875,0.8542591145833334,0.8419596354166667,0.8159283854166668,0.8088971354166666,0.7974127604166666,0.7807721354166668,0.7718567708333334
929893138,97,0.8763775773195878,0.8769149484536084,0.8544239690721649,0.8422384020618559,0.8161546391752579,0.8091481958762888,0.7977628865979381,0.780903350515464,0.7720451030927835
929893138,98,0.8766262755102041,0.8773392857142858,0.8545816326530612,0.842531887755102,0.8164094387755102,0.8093278061224489,0.7980803571428571,0.7810676020408164,0.7722831632653061
929893138,99,0.8766275252525253,0.8774116161616161,0.8547020202020201,0.8428030303030303,0.8167373737373737,0.8096515151515152,0.7984280303030302,0.7811136363636364,0.7725189393939392
929893138,100,0.8766900000000001,0.87765875,0.8546987500000001,0.8430187499999999,0.817005,0.80982875,0.7987124999999999,0.78111875,0.7727425000000001
929893138,101,0.8769851485148515,0.8779232673267326,0.8549554455445546,0.8432252475247525,0.8173849009900992,0.8102091584158415,0.7991163366336634,0.7813824257425743,0.7729641089108912
929893138,102,0.8770061274509806,0.8780894607843138,0.8551139705882354,0.8434019607843138,0.8174754901960786,0.81034068627451,0.7993835784313726,0.7815490196078432,0.7730808823529413
929893138,103,0.8770849514563106,0.878248786407767,0.8552354368932039,0.843620145631068,0.8177075242718446,0.8105279126213591,0.7996407766990291,0.7816577669902913,0.7732075242718447
929893138,104,0.8771213942307692,0.8785396634615386,0.8552367788461538,0.8438016826923077,0.8178786057692308,0.8107079326923077,0.7999158653846153,0.7816778846153847,0.7732680288461539
929893138,105,0.8772678571428574,0.8788416666666669,0.855404761904762,0.8440238095238096,0.8182428571428573,0.8109952380952382,0.8003059523809525,0.7820154761904762,0.7734380952380953
929893138,106,0.8775507075471698,0.8791438679245283,0.8556132075471699,0.8443926886792453,0.8185860849056603,0.8113502358490566,0.8006285377358491,0.782239386792453,0.7736238207547169
929893138,107,0.8777558411214953,0.8794158878504672,0.8557313084112148,0.8446553738317757,0.8188492990654206,0.8116553738317757,0.8009883177570093,0.782481308411215,0.7737838785046729
929893138,108,0.8779432870370371,0.8795752314814815,0.8559282407407407,0.8448981481481481,0.8191782407407407,0.8119618055555555,0.8014270833333332,0.7827592592592593,0.7740393518518518
929893138,109,0.8782029816513761,0.8798222477064221,0.856,0.8451525229357799,0.8194598623853211,0.8122970183486239,0.8018016055045872,0.7830057339449542,0.7741846330275229
929893138,110,0.8782477272727272,0.8799693181818181,0.8561852272727272,0.8453477272727273,0.8195704545454546,0.8124727272727273,0.8020375000000001,0.7830943181818182,0.7742613636363637
929893138,111,0.8782713963963964,0.8801418918918918,0.8562117117117118,0.8455292792792793,0.8198231981981983,0.8126824324324325,0.8022916666666666,0.783337837837838,0.7743198198198198
929893138,112,0.8784598214285714,0.8803180803571429,0.8563236607142857,0.8457488839285714,0.8199754464285715,0.8128236607142858,0.8025089285714286,0.7835111607142857,0.7744665178571429
929893138,113,0.8786194690265487,0.8806272123893805,0.856549778761062,0.8460077433628319,0.8201360619469026,0.8129845132743362,0.8028440265486727,0.783658185840708,0.7745586283185841
929893138,114,0.8787686403508771,0.8808662280701753,0.8566140350877194,0.8461929824561403,0.8203563596491229,0.8132072368421052,0.8031633771929825,0.7838629385964911,0.7747434210526316
929893138,115,0.8789217391304348,0.8811304347826087,0.8567456521739131,0.846520652173913,0.8206565217391304,0.8136163043478261,0.8035043478260869,0.7841086956521739,0.7748499999999999
929893138,116,0.8790204741379312,0.8813793103448275,0.8568469827586207,0.8466896551724137,0.8208588362068965,0.8138362068965518,0.8037338362068965,0.78425,0.7749234913793104
929893138,117,0.8791891025641027,0.8815972222222224,0.857056623931624,0.8468322649572652,0.8210726495726497,0.8142254273504275,0.8040160256410257,0.7845544871794873,0.775073717948718
929893138,118,0.8793516949152542,0.8817637711864407,0.8571355932203389,0.8469290254237288,0.821229872881356,0.814416313559322,0.8042987288135593,0.7847648305084746,0.7752118644067797
929893138,119,0.8793907563025212,0.8819086134453784,0.8571607142857145,0.8469926470588236,0.821421218487395,0.8146838235294119,0.8046796218487395,0.785078781512605,0.7753928571428572
929893138,120,0.8796395833333334,0.8821500000000001,0.8572197916666666,0.8470770833333333,0.8216010416666668,0.8148833333333333,0.8049020833333334,0.7852677083333333,0.7755072916666665
929893138,121,0.8796828512396694,0.8821787190082645,0.857245867768595,0.8472241735537189,0.8216952479338843,0.8150878099173553,0.8051353305785125,0.7853543388429752,0.775404958677686
929893138,122,0.8798186475409836,0.8823094262295083,0.8574098360655739,0.8474159836065575,0.8219375,0.815376024590164,0.8054415983606557,0.7855256147540983,0.7755747950819671
929893138,123,0.880005081300813,0.8825243902439024,0.8574674796747968,0.8475731707317072,0.8221676829268292,0.8156941056910569,0.8057825203252033,0.7857459349593496,0.7757439024390244
929893138,124,0.8802026209677419,0.882734879032258,0.8575856854838709,0.8477479838709678,0.822422379032258,0.8159979838709677,0.8060725806451612,0.7859193548387097,0.7758457661290322
929893138,125,0.8803990000000002,0.8829180000000001,0.857696,0.847959,0.8226570000000001,0.8161990000000001,0.806354,0.786074,0.775973
929893138,126,0.8806061507936511,0.883107142857143,0.8578164682539684,0.8481626984126985,0.8228492063492066,0.8164384920634922,0.8065634920634922,0.7862172619047619,0.7759821428571428
929893138,127,0.8806850393700788,0.883109251968504,0.8578179133858268,0.8481978346456694,0.8229616141732286,0.8165954724409451,0.8067096456692915,0.7862785433070868,0.7759517716535433
929893138,128,0.88076171875,0.883265625,0.857880859375,0.84830078125,0.8230693359375,0.8167685546875,0.8069345703125,0.7863857421875,0.7760625
929893138,129,0.8809069767441858,0.8834835271317829,0.8579835271317828,0.8484903100775193,0.8232432170542635,0.8170135658914728,0.8071521317829456,0.7865610465116277,0.7762180232558138
929893138,130,0.8811230769230771,0.8835644230769233,0.8580384615384616,0.8486682692307694,0.8234403846153846,0.8172384615384616,0.8074000000000001,0.7867009615384616,0.7763346153846155
929893138,131,0.8812643129770993,0.8837986641221374,0.8581421755725192,0.8488826335877863,0.8235620229007634,0.8174589694656489,0.8075801526717558,0.7868654580152672,0.7764064885496185
929893138,132,0.8815142045454545,0.8839772727272728,0.858219696969697,0.8490482954545455,0.823749053030303,0.817658143939394,0.8078494318181818,0.7869867424242425,0.7765454545454545
929893138,133,0.8817706766917293,0.8841437969924811,0.8582941729323309,0.8491381578947369,0.8239558270676691,0.8178609022556391,0.8080413533834586,0.7871193609022558,0.7766588345864661
929893138,134,0.8819375,0.8842388059701494,0.8583554104477612,0.8492406716417911,0.8241212686567164,0.8179748134328358,0.8082388059701492,0.7872723880597015,0.7767789179104477
929893138,135,0.8821509259259259,0.8843296296296296,0.8584324074074074,0.8493962962962963,0.8243546296296297,0.8182287037037038,0.8085592592592593,0.7874879629629629,0.7769407407407407
929893138,136,0.8822738970588235,0.8845055147058823,0.8585514705882353,0.8495147058823529,0.8245376838235294,0.8184439338235294,0.8088005514705883,0.7875450367647059,0.7770395220588235
929893138,137,0.8824352189781022,0.8846614963503651,0.8586979927007299,0.8496414233576642,0.824779197080292,0.818690693430657,0.8090392335766423,0.7875729927007299,0.7770428832116788
929893138,138,0.8826938405797102,0.8847608695652173,0.8587382246376812,0.849758152173913,0.8249746376811595,0.8189103260869565,0.8093378623188406,0.7878206521739132,0.7771449275362319
929893138,139,0.8828480215827338,0.8850035971223021,0.8588228417266187,0.8498974820143885,0.8251303956834533,0.8191906474820143,0.8095728417266188,0.7880287769784172,0.7773075539568346
929893138,140,0.8829973214285715,0.8852205357142857,0.8588410714285715,0.8499589285714285,0.8252080357142857,0.8193714285714286,0.8097214285714285,0.7881401785714286,0.77739375
929893138,141,0.8832083333333333,0.8853572695035461,0.8588661347517731,0.8500372340425532,0.8253572695035462,0.8195762411347518,0.8099015957446809,0.788235815602837,0.7774698581560283
929893138,142,0.8834049295774649,0.8854920774647888,0.8589735915492959,0.8503406690140846,0.8256012323943662,0.8198072183098591,0.8101813380281689,0.7884322183098592,0.7776346830985915
929893138,143,0.8835917832167831,0.8856276223776224,0.8590541958041958,0.8504082167832168,0.8257036713286714,0.8200550699300699,0.8104064685314686,0.7884991258741259,0.7777727272727273
929893138,144,0.8838498263888889,0.8857135416666667,0.8591979166666667,0.8505338541666667,0.8258654513888889,0.8201796875,0.8106293402777778,0.7886258680555557,0.7778741319444444
929893138,145,0.8840146551724137,0.8859224137931034,0.859325,0.8506172413793104,0.8259689655172415,0.8203250000000001,0.8107318965517242,0.788801724137931,0.7780189655172415
929893138,146,0.8841917808219177,0.8860727739726028,0.859521404109589,0.8508082191780822,0.8261429794520547,0.8206318493150685,0.8110085616438356,0.7890676369863013,0.7782748287671233
929893138,147,0.8844098639455783,0.886233843537415,0.8596122448979592,0.8509583333333334,0.8263341836734694,0.8208681972789116,0.8112406462585033,0.789205782312925,0.7784659863945579
929893138,148,0.8845709459459461,0.8864451013513512,0.8596976351351352,0.8511030405405405,0.8265135135135135,0.8211418918918919,0.8115076013513514,0.7893327702702702,0.7786427364864864
929893138,149,0.8847953020134228,0.8865813758389262,0.8598104026845638,0.851265100671141,0.8267072147651006,0.8213582214765102,0.8116979865771812,0.7894689597315437,0.7787105704697987
929893138,150,0.8850391666666667,0.8867775,0.8600225,0.8514733333333333,0.8269183333333333,0.8216008333333334,0.8119033333333334,0.7895933333333334,0.7788775
929893138,151,0.8852889072847682,0.8869726821192053,0.8600993377483444,0.8515836092715231,0.8271498344370861,0.8217922185430464,0.8121523178807947,0.7897168874172186,0.7789908940397352
929893138,152,0.885392269736842,0.8871644736842105,0.8602146381578948,0.8517286184210526,0.8273552631578948,0.8220633223684211,0.8124325657894738,0.7898692434210527,0.7790567434210526
929893138,153,0.8855759803921569,0.8872973856209151,0.8602785947712419,0.8518995098039217,0.8275580065359479,0.8224035947712418,0.8127156862745099,0.7899942810457516,0.779188725490196
929893138,154,0.8857573051948052,0.8874553571428572,0.8603676948051948,0.8520040584415586,0.8277288961038961,0.8225933441558442,0.8129448051948052,0.790090909090909,0.7792516233766233
929893138,155,0.8859346774193549,0.8876290322580647,0.8604733870967742,0.8520927419354839,0.8278814516129033,0.8228620967741935,0.8131919354838709,0.7902709677419355,0.7794475806451612
929893138,156,0.8859551282051282,0.8877179487179487,0.8604959935897435,0.8522379807692307,0.8280657051282052,0.8231201923076924,0.813451923076923,0.7904495192307693,0.7795536858974359
929893138,157,0.8861472929936306,0.8878813694267516,0.8606162420382165,0.8524251592356688,0.8282070063694268,0.8233582802547771,0.813765127388535,0.7906011146496816,0.7796839171974522
929893138,158,0.8863947784810128,0.8881060126582279,0.8607333860759494,0.8525522151898735,0.8283496835443038,0.8236392405063291,0.8140087025316456,0.7906590189873418,0.7797784810126582
929893138,159,0.886558176100629,0.8881910377358491,0.8607720125786164,0.8526289308176102,0.828493710691824,0.8239009433962264,0.8141540880503144,0.7907122641509434,0.7798545597484277
929893138,160,0.8867375,0.88831484375,0.8609351562499999,0.8527109375,0.8286421875,0.82410234375,0.8143828125,0.79074296875,0.7798796875
929893138,161,0.8868959627329193,0.888516304347826,0.8610722049689441,0.8528113354037268,0.8288392857142858,0.8244122670807453,0.8146242236024845,0.7909021739130435,0.7799829192546585
929893138,162,0.8870192901234568,0.8885455246913581,0.8610902777777778,0.8529575617283951,0.8289953703703704,0.824625,0.8148248456790123,0.7909961419753087,0.7800470679012347
929893138,163,0.8871633435582822,0.8887085889570553,0.861310582822086,0.8531019938650306,0.8291679447852761,0.8248535276073619,0.8151917177914111,0.7911042944785277,0.7801196319018405
929893138,164,0.88734375,0.8888170731707317,0.8614108231707318,0.8531661585365853,0.8292736280487805,0.8250594512195122,0.8153551829268292,0.7912134146341464,0.7801913109756097
929893138,165,0.887480303030303,0.8888583333333333,0.8614931818181818,0.8532901515151515,0.8294386363636364,0.8252560606060606,0.8155765151515151,0.7912992424242425,0.7802386363636363
929893138,166,0.8876219879518072,0.8889563253012048,0.8615707831325301,0.8533659638554216,0.8295963855421687,0.8254314759036144,0.8157733433734939,0.7913569277108433,0.7802989457831324
929893138,167,0.8877844311377247,0.8890643712574852,0.8616025449101796,0.8534872754491019,0.8297163173652693,0.8255785928143712,0.8159416167664669,0.7914625748502995,0.7803502994011975
929893138,168,0.8879486607142858,0.889233630952381,0.8617023809523809,0.8536220238095239,0.8299114583333334,0.8257924107142858,0.8161309523809525,0.7914903273809524,0.7804627976190477
929893138,169,0.8880414201183432,0.8893069526627219,0.8617995562130177,0.853707100591716,0.8300406804733728,0.8260147928994084,0.8163742603550296,0.7915976331360945,0.7805199704142012
929893138,170,0.8881654411764707,0.8893926470588237,0.8618647058823531,0.8537345588235294,0.8301580882352941,0.8261654411764707,0.8165058823529412,0.7916367647058824,0.7805345588235294
929893138,171,0.8882755847953216,0.8895138888888889,0.8618881578947368,0.8537675438596491,0.8302675438596491,0.826327485380117,0.816626461988304,0.7916951754385966,0.7805745614035088
929893138,172,0.8884861918604652,0.8896947674418605,0.8620617732558139,0.8539658430232558,0.8304702034883721,0.8266097383720931,0.8168655523255813,0.7917936046511627,0.7806729651162791
929893138,173,0.8887044797687861,0.8897911849710983,0.8621481213872833,0.8539862716763005,0.8305679190751445,0.826771676300578,0.8170404624277456,0.7918887283236995,0.7807312138728323
929893138,174,0.8888225574712644,0.8899159482758621,0.8622363505747126,0.8540294540229886,0.8305783045977011,0.8269188218390805,0.8171479885057472,0.7919784482758621,0.7807291666666667
929893138,175,0.8890485714285714,0.8899685714285714,0.8623035714285714,0.8540614285714285,0.8306521428571428,0.8270178571428571,0.8172678571428571,0.79201,0.7807728571428572
929893138,176,0.889215909090909,0.8901129261363636,0.8624069602272727,0.8542017045454545,0.830825284090909,0.8272556818181819,0.8174133522727273,0.7921235795454545,0.7808061079545455
929893138,177,0.8894004237288136,0.8902528248587571,0.8624837570621469,0.854223163841808,0.8308940677966102,0.8274209039548023,0.8175918079096045,0.7921242937853107,0.780805790960452
929893138,178,0.889622893258427,0.8904178370786517,0.8626067415730337,0.8543258426966293,0.8311327247191012,0.8276460674157304,0.8178202247191011,0.7922155898876404,0.7809094101123595
929893138,179,0.8897311452513966,0.8905516759776535,0.8627409217877093,0.8544273743016759,0.8312220670391062,0.8278212290502792,0.817953910614525,0.792272346368715,0.7809385474860335
929893138,180,0.8898374999999998,0.8905958333333334,0.8627486111111111,0.8544527777777776,0.8313354166666667,0.8279347222222222,0.8180923611111112,0.7922902777777776,0.7810194444444444
929893138,181,0.8900697513812155,0.8906691988950276,0.8628432320441989,0.8545310773480663,0.8314675414364641,0.8280759668508286,0.818260359116022,0.792371546961326,0.7810580110497237
929893138,182,0.8902733516483518,0.8907815934065935,0.8629278846153847,0.8545796703296704,0.8315810439560442,0.8282184065934067,0.8183990384615386,0.792518543956044,0.7811270604395605
929893138,183,0.8904549180327869,0.8908647540983606,0.8630122950819673,0.854676912568306,0.8317424863387978,0.8284863387978142,0.8185771857923497,0.7926297814207651,0.7812076502732241
929893138,184,0.8905951086956523,0.890913722826087,0.8630822010869565,0.8547690217391305,0.8318919836956522,0.8286440217391305,0.818805027173913,0.792766304347826,0.7812771739130435
929893138,185,0.8907405405405405,0.8910135135135135,0.8631486486486486,0.854839864864865,0.8319682432432433,0.8287277027027027,0.8189114864864865,0.7928459459459459,0.7813364864864865
929893138,186,0.8909032258064514,0.8910477150537633,0.8631465053763441,0.8549086021505375,0.8320625,0.8288797043010752,0.8190073924731183,0.7929543010752689,0.7813944892473118
929893138,187,0.8910474598930482,0.891139037433155,0.8631550802139037,0.8548910427807487,0.8321477272727272,0.828980614973262,0.8191283422459893,0.793096256684492,0.7815073529411765
929893138,188,0.8911761968085106,0.8912752659574469,0.86321875,0.8549913563829786,0.8323178191489362,0.8290904255319149,0.8193078457446809,0.7932260638297872,0.7814893617021276
929893138,189,0.8913346560846561,0.8913558201058202,0.8632665343915343,0.8550205026455026,0.8324656084656084,0.8292427248677249,0.8194259259259259,0.7932910052910053,0.7815436507936508
929893138,190,0.8914723684210526,0.891421052631579,0.8633032894736841,0.8550519736842106,0.8326138157894736,0.8294013157894737,0.8195348684210526,0.7934177631578948,0.7816243421052632
929893138,191,0.8915890052356021,0.8914797120418848,0.8633357329842932,0.8550955497382199,0.8326996073298429,0.8295464659685865,0.8196583769633509,0.7935503926701569,0.7817251308900525
929893138,192,0.89170703125,0.8915611979166668,0.863431640625,0.8551608072916668,0.8328177083333334,0.8297180989583334,0.8197955729166666,0.7936634114583333,0.78185546875
929893138,193,0.8918348445595854,0.8916353626943005,0.8635239637305699,0.855157383419689,0.8329365284974092,0.8298555699481864,0.8199488341968911,0.7937454663212434,0.7819086787564765
929893138,194,0.8920090206185569,0.8916984536082475,0.8636179123711342,0.8552139175257732,0.8330225515463918,0.8299826030927836,0.8200509020618558,0.7938788659793815,0.7820173969072166
929893138,195,0.8921641025641027,0.8917019230769232,0.8636211538461539,0.8552903846153848,0.833075641025641,0.8302173076923077,0.8202102564102566,0.7939858974358975,0.7820525641025642
929893138,196,0.8922869897959185,0.8917251275510205,0.8636683673469387,0.8553003826530612,0.8332091836734694,0.8303520408163266,0.8203622448979593,0.7940695153061225,0.7820975765306123
929893138,197,0.8924067258883249,0.8917969543147207,0.8637208121827411,0.8553312182741117,0.8332880710659898,0.8304689086294417,0.8204156091370559,0.7940539340101522,0.7820989847715737
929893138,198,0.892489898989899,0.8918914141414142,0.8637215909090908,0.8553503787878789,0.8333926767676768,0.8306262626262626,0.8205448232323233,0.7941243686868688,0.7822108585858587
929893138,199,0.8925810301507539,0.8919434673366834,0.8637726130653266,0.855373743718593,0.833516959798995,0.830764447236181,0.8206551507537688,0.7941608040201005,0.782214824120603
929893138,200,0.892700625,0.8920631250000001,0.8638425,0.8554412499999998,0.8336343749999999,0.830900625,0.82077,0.7941975,0.78221875
1843824993,1,0.71525,0.80425,0.808875,0.811125,0.811625,0.813,0.814625,0.811125,0.8035
1843824993,2,0.753,0.8285625,0.8296875,0.8353125,0.8343125,0.833125,0.83175,0.826875,0.822875
1843824993,3,0.7689583333333333,0.8340416666666667,0.8395833333333332,0.842875,0.8390416666666665,0.8380416666666666,0.8348333333333332,0.8312499999999999,0.8262499999999999
1843824993,4,0.78371875,0.8428125,0.84640625,0.84653125,0.84353125,0.8408125,0.83803125,0.8310625,0.82346875
1843824993,5,0.7891500000000001,0.8476750000000002,0.8506,0.848625,0.8454750000000001,0.841775,0.8387,0.830825,0.8209500000000001
1843824993,6,0.7954791666666666,0.8496875,0.8542916666666668,0.8516250000000001,0.8448541666666668,0.8413125,0.8364166666666667,0.8281875000000001,0.8168333333333335
1843824993,7,0.8008035714285713,0.8521607142857143,0.8553214285714285,0.8504107142857142,0.8431785714285713,0.8395714285714285,0.833875,0.8246964285714286,0.81225
1843824993,8,0.805,0.855453125,0.85815625,0.850453125,0.841765625,0.83665625,0.829109375,0.820484375,0.80671875
1843824993,9,0.8094722222222224,0.8574166666666667,0.8585416666666668,0.8506666666666668,0.841375,0.8356388888888889,0.8269444444444446,0.8164861111111112,0.8016527777777779
1843824993,10,0.8131625000000001,0.8599250000000002,0.8601375,0.8504125000000001,0.8392000000000001,0.8334750000000002,0.8230875000000001,0.8123875,0.7982500000000001
1843824993,11,0.8169204545454545,0.8607954545454544,0.8604999999999999,0.8487499999999999,0.8367272727272727,0.8310795454545453,0.8211136363636362,0.8099204545454545,0.7940454545454545
1843824993,12,0.8195,0.8617604166666666,0.8595208333333333,0.84653125,0.83459375,0.8281041666666666,0.8176041666666667,0.8055625,0.7892916666666667
1843824993,13,0.8210192307692308,0.8628173076923078,0.8585000000000003,0.8450384615384616,0.832221153846154,0.8255288461538463,0.814298076923077,0.8028173076923079,0.7860000000000001
1843824993,14,0.8235982142857143,0.8635357142857144,0.8577053571428573,0.8438660714285715,0.8308214285714287,0.8238035714285715,0.8125357142857144,0.8006339285714287,0.7841071428571429
1843824993,15,0.8249333333333334,0.8639916666666668,0.8572416666666668,0.842625,0.8285666666666666,0.8220416666666668,0.8105916666666667,0.7989083333333333,0.7814750000000001
1843824993,16,0.825921875,0.864390625,0.857375,0.841625,0.82678125,0.8197578125,0.808765625,0.7968671875,0.779578125
1843824993,17,0.8268970588235295,0.8647720588235295,0.8560661764705882,0.8399926470588237,0.8243161764705883,0.8180147058823529,0.806389705882353,0.7950808823529412,0.7775514705882354
1843824993,18,0.8280069444444446,0.8651805555555556,0.8560277777777778,0.8394236111111112,0.8238333333333334,0.8165555555555557,0.8046388888888889,0.7936388888888889,0.7758333333333335
1843824993,19,0.8294144736842105,0.865953947368421,0.8554144736842105,0.8387894736842105,0.8227236842105262,0.8154671052631579,0.8037236842105263,0.7920855263157894,0.7744078947368421
1843824993,20,0.83026875,0.86631875,0.85453125,0.8370187499999999,0.8205,0.81325625,0.80118125,0.78964375,0.7723
1843824993,21,0.8323154761904763,0.8663511904761906,0.8545297619047619,0.8360773809523809,0.8188630952380954,0.8118035714285715,0.7993928571428571,0.7879821428571429,0.770922619047619
1843824993,22,0.8331931818181818,0.8657386363636362,0.85325,0.8350454545454545,0.8178181818181818,0.8102670454545455,0.7977215909090909,0.7864261363636362,0.7696420454545455
1843824993,23,0.8342173913043478,0.8652717391304348,0.8528423913043478,0.8341521739130435,0.8164782608695651,0.8090597826086956,0.796320652173913,0.7850163043478261,0.7679239130434783
1843824993,24,0.8357239583333332,0.8654583333333333,0.8527135416666668,0.83353125,0.81571875,0.8079166666666667,0.7953072916666667,0.7837395833333333,0.7669947916666667
1843824993,25,0.8363600000000001,0.8657100000000001,0.8522900000000001,0.8331700000000001,0.8148500000000001,0.8076300000000001,0.79466,0.78261,0.766335
1843824993,26,0.8376538461538463,0.8657500000000001,0.8516730769230771,0.8327596153846155,0.8144230769230769,0.8068413461538462,0.79375,0.7817740384615386,0.7656682692307692
1843824993,27,0.8387037037037037,0.866,0.8517361111111111,0.8325185185185184,0.8137314814814816,0.8060833333333333,0.7929953703703705,0.7808981481481482,0.7654537037037037
1843824993,28,0.8391741071428571,0.8660267857142858,0.8513839285714285,0.8318973214285713,0.8127678571428573,0.8054330357142858,0.7926651785714287,0.7802991071428572,0.7651741071428572
1843824993,29,0.8399568965517242,0.8658060344827586,0.8507974137931035,0.8314741379310345,0.8122629310344828,0.8046681034482758,0.7917198275862068,0.7796336206896551,0.7646163793103449
1843824993,30,0.8409083333333335,0.8658875,0.85045,0.8307791666666668,0.8117833333333334,0.8043,0.7912666666666668,0.7785333333333333,0.7639166666666667
1843824993,31,0.8412056451612903,0.8658185483870966,0.8502782258064515,0.8304556451612902,0.8109919354838709,0.8034274193548386,0.7906854838709677,0.7782177419354839,0.763633064516129
1843824993,32,0.84208984375,0.86563671875,0.85017578125,0.83016796875,0.81025390625,0.80294921875,0.79031640625,0.7777578125,0.76328515625
1843824993,33,0.8427537878787877,0.865965909090909,0.8500378787878787,0.8302575757575757,0.8101439393939392,0.802719696969697,0.7900492424242423,0.7772575757575757,0.7632045454545454
1843824993,34,0.8436360294117649,0.8657977941176472,0.8495919117647059,0.8299154411764708,0.8095000000000001,0.8023088235294117,0.789514705882353,0.7767573529411764,0.7624264705882353
1843824993,35,0.8444642857142858,0.8659357142857144,0.8498000000000002,0.8301642857142858,0.8097321428571429,0.802007142857143,0.7891857142857143,0.7764749999999999,0.762525
1843824993,36,0.8453194444444445,0.8660104166666667,0.8498611111111111,0.8303368055555554,0.8094861111111111,0.8019756944444444,0.7893541666666666,0.77634375,0.7622777777777778
1843824993,37,0.8459020270270271,0.8656081081081082,0.8495270270270271,0.8298885135135136,0.8087466216216217,0.8011351351351352,0.7887736486486487,0.7753614864864866,0.7617128378378379
1843824993,38,0.8468552631578947,0.8656381578947367,0.8495657894736841,0.8298684210526316,0.8084177631578947,0.8007368421052632,0.7884407894736841,0.7752138157894738,0.7614111842105262
1843824993,39,0.8479743589743591,0.865794871794872,0.8498878205128205,0.8298141025641027,0.8080096153846155,0.8003910256410256,0.7879166666666667,0.7744903846153847,0.7611858974358975
1843824993,40,0.848921875,0.865703125,0.84990625,0.829909375,0.8077656250000002,0.800046875,0.787703125,0.7741500000000001,0.760875
1843824993,41,0.8494725609756097,0.8656646341463415,0.849704268292683,0.8300121951219512,0.8076158536585367,0.7996646341463415,0.7873414634146342,0.7741006097560976,0.7608384146341464
1843824993,42,0.8505178571428573,0.8661101190476193,0.8500446428571429,0.830407738095238,0.807625,0.7997678571428574,0.7871160714285714,0.7737470238095239,0.7610386904761905
1843824993,43,0.8514040697674418,0.8661191860465115,0.8499709302325581,0.8302238372093022,0.8073604651162789,0.7997529069767441,0.7871220930232556,0.7737151162790696,0.7609302325581393
1843824993,44,0.8522982954545455,0.8663380681818182,0.8501022727272728,0.8305710227272728,0.8072755681818181,0.7997272727272727,0.78690625,0.7735568181818182,0.760934659090909
1843824993,45,0.8527861111111112,0.8664777777777779,0.8503555555555556,0.8307833333333334,0.8075222222222224,0.7996777777777778,0.786838888888889,0.7733055555555557,0.76095
1843824993,46,0.8535923913043477,0.8664755434782608,0.8503478260869565,0.8310434782608696,0.8073559782608695,0.7995027173913045,0.7865489130434783,0.7731141304347825,0.7607717391304347
1843824993,47,0.8540478723404256,0.8664255319148936,0.8502553191489363,0.8311436170212767,0.8072553191489362,0.7992925531914893,0.7865611702127658,0.7729095744680851,0.7609893617021275
1843824993,48,0.8544036458333334,0.8664895833333334,0.8501380208333333,0.8311770833333334,0.8072161458333332,0.7992291666666668,0.7867890625,0.7730104166666666,0.7611614583333333
1843824993,49,0.8549056122448979,0.8666479591836735,0.850094387755102,0.8313290816326531,0.807170918367347,0.7991147959183672,0.7868239795918366,0.7728571428571429,0.7610280612244898
1843824993,50,0.855735,0.866955,0.8504425,0.831665,0.8074225000000002,0.7994775,0.7869200000000001,0.77297,0.76118
1843824993,51,0.8561887254901962,0.8671151960784315,0.8503357843137255,0.8318578431372551,0.8074583333333335,0.7993578431372549,0.786796568627451,0.7727328431372549,0.7611838235294118
1843824993,52,0.8568317307692307,0.8672163461538462,0.8502115384615384,0.8319903846153845,0.807545673076923,0.7993052884615386,0.7868197115384615,0.7725697115384615,0.7612139423076923
1843824993,53,0.8575400943396225,0.8672688679245283,0.8502358490566039,0.8322075471698113,0.8075542452830189,0.7992264150943396,0.786808962264151,0.7726721698113208,0.7612122641509433
1843824993,54,0.8580601851851852,0.8676689814814815,0.8505949074074074,0.8326574074074075,0.8078726851851852,0.7993842592592594,0.7870277777777777,0.7730138888888889,0.7614814814814815
1843824993,55,0.8584045454545455,0.8680431818181816,0.8505795454545455,0.8328136363636363,0.8079409090909089,0.7996295454545455,0.7871886363636363,0.7732181818181818,0.7618727272727273
1843824993,56,0.85884375,0.8682075892857142,0.8506183035714286,0.8329285714285715,0.8080111607142858,0.7997165178571429,0.7873415178571429,0.7732723214285715,0.7619263392857142
1843824993,57,0.8593464912280702,0.8683157894736842,0.8506447368421052,0.8330635964912281,0.8080087719298245,0.7997478070175439,0.7873355263157895,0.7731929824561403,0.7620526315789473
1843824993,58,0.8599913793103448,0.8685193965517242,0.8506336206896551,0.8332004310344828,0.8079870689655172,0.7997844827586207,0.7874504310344826,0.7734310344827586,0.7624245689655172
1843824993,59,0.8605995762711864,0.8688834745762711,0.8508771186440678,0.8334512711864407,0.8081165254237288,0.7998792372881355,0.787593220338983,0.7734046610169492,0.7626419491525424
1843824993,60,0.8610604166666667,0.8690520833333333,0.8510791666666666,0.8337916666666666,0.80835625,0.8001270833333333,0.7879854166666667,0.7738541666666666,0.7630125000000001
1843824993,61,0.8613913934426229,0.869204918032787,0.8512745901639344,0.833747950819672,0.8084508196721311,0.800188524590164,0.788110655737705,0.773952868852459,0.7632418032786885
1843824993,62,0.8619979838709677,0.869366935483871,0.851320564516129,0.8338568548387096,0.8085100806451613,0.8000483870967742,0.7880887096774193,0.7738790322580645,0.7633084677419355
1843824993,63,0.8624285714285715,0.8694861111111112,0.8513134920634922,0.8339702380952382,0.8086666666666668,0.8001011904761905,0.7882023809523809,0.7741388888888889,0.7633948412698414
1843824993,64,0.863041015625,0.86963671875,0.8511640625,0.83416015625,0.80880859375,0.800029296875,0.788240234375,0.774091796875,0.763455078125
1843824993,65,0.8634576923076924,0.8698307692307694,0.8512615384615385,0.8342153846153847,0.8087403846153848,0.8001230769230769,0.7884153846153847,0.7739442307692309,0.763371153846154
1843824993,66,0.863965909090909,0.8699791666666666,0.8512727272727273,0.8344450757575758,0.8089280303030303,0.8004185606060606,0.788717803030303,0.7740075757575757,0.7633352272727273
1843824993,67,0.8647164179104477,0.8703115671641791,0.8515074626865671,0.8348712686567165,0.8094458955223881,0.8007742537313433,0.7889496268656717,0.7742537313432836,0.7633768656716418
1843824993,68,0.8653069852941176,0.8703639705882352,0.8515036764705883,0.8351158088235294,0.8098216911764705,0.8008492647058825,0.7891819852941175,0.7745055147058825,0.7633933823529412
1843824993,69,0.8659202898550725,0.8705217391304348,0.8515489130434782,0.8351938405797101,0.8097989130434783,0.8011141304347825,0.7894836956521739,0.7747807971014492,0.7634764492753623
1843824993,70,0.866576785714286,0.8707910714285715,0.8516714285714287,0.8353696428571429,0.8099803571428572,0.8013410714285715,0.7897857142857143,0.7750767857142857,0.7636482142857144
1843824993,71,0.8670246478873239,0.8712394366197183,0.851931338028169,0.8355968309859155,0.8103028169014085,0.8016619718309859,0.7901302816901409,0.7754348591549295,0.7637658450704226
1843824993,72,0.8674809027777778,0.8714565972222221,0.8519565972222223,0.8358715277777778,0.8104618055555556,0.8019704861111111,0.7904027777777778,0.7757361111111111,0.7639045138888889
1843824993,73,0.8678664383561644,0.87151198630137,0.8519109589041095,0.8360958904109589,0.8107688356164383,0.8021849315068493,0.7906763698630136,0.7758458904109589,0.7638167808219177
1843824993,74,0.8684375,0.871875,0.851981418918919,0.8363631756756756,0.8109594594594594,0.8023530405405406,0.7909983108108108,0.7761402027027027,0.7638243243243243
1843824993,75,0.8688233333333333,0.8720383333333334,0.8520533333333333,0.83646,0.8110616666666667,0.8025466666666666,0.7913533333333334,0.7763300000000001,0.7638416666666668
1843824993,76,0.8693569078947369,0.8723322368421053,0.8521957236842105,0.8367993421052631,0.8112680921052631,0.8027072368421052,0.791672697368421,0.7766134868421053,0.7639194078947369
1843824993,77,0.8699935064935064,0.8724821428571429,0.8521201298701299,0.8369025974025974,0.8114350649350649,0.8027321428571429,0.7920487012987012,0.7767662337662338,0.7641022727272727
1843824993,78,0.8704727564102566,0.8727708333333335,0.8523189102564104,0.8372996794871796,0.8117419871794873,0.8030080128205128,0.7924102564102564,0.7769070512820513,0.7642676282051282
1843824993,79,0.870884493670886,0.8728148734177213,0.8523196202531644,0.8375063291139241,0.812001582278481,0.8032294303797468,0.792636075949367,0.7770996835443038,0.7643164556962025
1843824993,80,0.8712765625,0.8731296875000001,0.8524156250000001,0.8379046874999999,0.81221875,0.8035359375000001,0.793184375,0.7772968750000001,0.7645046875
1843824993,81,0.8717083333333333,0.8733688271604939,0.8525077160493827,0.83808487654321,0.812520061728395,0.8038549382716048,0.7934938271604938,0.7774737654320988,0.7646296296296295
1843824993,82,0.8719176829268294,0.873471036585366,0.8525381097560976,0.8382896341463415,0.812829268292683,0.8042393292682928,0.7940182926829268,0.7778125,0.7646981707317073
1843824993,83,0.8723268072289156,0.8736852409638555,0.8527484939759036,0.8386204819277109,0.8131807228915663,0.8044969879518072,0.794492469879518,0.7782635542168675,0.7649427710843374
1843824993,84,0.8727782738095239,0.8739181547619047,0.8527946428571429,0.8388556547619047,0.8135967261904762,0.8047559523809523,0.7949270833333333,0.7786116071428572,0.7650818452380952
1843824993,85,0.8731279411764709,0.8741323529411765,0.8529558823529413,0.8390676470588235,0.8139632352941176,0.805139705882353,0.7952132352941177,0.778914705882353,0.7652970588235295
1843824993,86,0.8734811046511628,0.8742863372093024,0.8529694767441861,0.8393590116279069,0.8143691860465117,0.8054825581395348,0.7955988372093024,0.7791918604651165,0.7654156976744186
1843824993,87,0.8739612068965517,0.8746206896551724,0.8531278735632184,0.8398002873563218,0.8145977011494253,0.8057456896551723,0.7960905172413792,0.7795028735632183,0.7654224137931035
1843824993,88,0.8743636363636363,0.8749460227272727,0.8533196022727273,0.8400056818181819,0.8148394886363637,0.8059943181818182,0.7964303977272728,0.7798210227272727,0.7656292613636364
1843824993,89,0.8747935393258427,0.8751390449438202,0.8533764044943821,0.8401306179775281,0.8150154494382023,0.8062710674157304,0.7967780898876403,0.7802373595505618,0.7658216292134831
1843824993,90,0.8753472222222224,0.8754222222222223,0.8534972222222222,0.8403625000000002,0.815338888888889,0.8064875000000001,0.7969833333333334,0.7805319444444444,0.7659097222222222
1843824993,91,0.8754189560439563,0.8756043956043956,0.8535631868131869,0.8405920329670331,0.8156785714285716,0.8067307692307693,0.7973543956043957,0.780892857142857,0.7661469780219781
1843824993,92,0.8755258152173913,0.8756915760869566,0.8535013586956522,0.8407785326086957,0.8158940217391304,0.8069470108695652,0.79759375,0.7811616847826087,0.7661684782608695
1843824993,93,0.8755766129032257,0.8759153225806451,0.8534973118279569,0.840907258064516,0.8160443548387096,0.8071639784946236,0.7978561827956989,0.7814193548387097,0.7663817204301075
1843824993,94,0.875748670212766,0.876280585106383,0.8537194148936171,0.8412340425531916,0.8164973404255319,0.8075093085106382,0.798188829787234,0.7817367021276596,0.7665412234042553
1843824993,95,0.87575,0.8766276315789473,0.8539605263157894,0.8415118421052632,0.8167236842105262,0.8077776315789473,0.7985368421052631,0.7820144736842105,0.766603947368421
1843824993,96,0.8758763020833332,0.87678125,0.8540052083333334,0.84174609375,0.81694140625,0.8080859375,0.7989114583333332,0.7822122395833333,0.7667174479166667
1843824993,97,0.8760657216494847,0.8770399484536084,0.8541481958762888,0.8420064432989691,0.8172448453608248,0.8083943298969073,0.7993170103092784,0.782403350515464,0.7668659793814434
1843824993,98,0.8763354591836735,0.8773150510204082,0.854375,0.8422563775510205,0.817734693877551,0.808548469387755,0.7996875,0.782670918367347,0.7670573979591836
1843824993,99,0.8764431818181817,0.8774987373737374,0.8544191919191919,0.8425075757575757,0.8180770202020202,0.8088472222222222,0.7999898989898989,0.7829191919191919,0.7671527777777778
1843824993,100,0.87651125,0.8777474999999999,0.8544925,0.842645,0.81825,0.8088425,0.80022,0.78313375,0.76725125
1843824993,101,0.8766460396039605,0.8780210396039605,0.854769801980198,0.8428886138613861,0.8186460396039604,0.809144801980198,0.800641089108911,0.7833923267326733,0.7675581683168317
1843824993,102,0.8767254901960787,0.8781323529411765,0.8548921568627452,0.843045343137255,0.8189044117647061,0.8093480392156864,0.8009522058823529,0.7836740196078432,0.7677340686274511
1843824993,103,0.8768179611650485,0.8783070388349515,0.8549660194174757,0.843265776699029,0.8191456310679611,0.8094769417475727,0.801144417475728,0.7839138349514563,0.7677961165048544
1843824993,104,0.8768341346153845,0.8785685096153847,0.8549423076923077,0.8433882211538462,0.8193064903846153,0.8096021634615385,0.8014711538461539,0.7841346153846155,0.767811298076923
1843824993,105,0.8770416666666668,0.878852380952381,0.8551630952380954,0.8436464285714287,0.8196440476190476,0.8098952380952381,0.8017678571428573,0.7844440476190477,0.7679250000000001
1843824993,106,0.8772794811320754,0.8792358490566038,0.8554469339622642,0.8438915094339623,0.819995283018868,0.8102299528301886,0.8021462264150944,0.7847912735849056,0.7681002358490566
1843824993,107,0.8774929906542056,0.8795081775700935,0.8555432242990655,0.8441985981308411,0.8203177570093457,0.8105724299065421,0.8025455607476636,0.7851635514018692,0.7682827102803738
1843824993,108,0.8777164351851853,0.8796655092592593,0.8556770833333333,0.84440625,0.8206377314814816,0.8108553240740741,0.8028877314814815,0.7854872685185185,0.7684965277777777
1843824993,109,0.8778990825688074,0.879913990825688,0.8558337155963301,0.8447270642201836,0.8210022935779816,0.8111227064220183,0.8032821100917431,0.7858325688073394,0.7686387614678899
1843824993,110,0.8780181818181818,0.8800488636363637,0.8559477272727272,0.8448852272727272,0.8212295454545455,0.8112193181818181,0.8034897727272728,0.7861170454545455,0.7687727272727273
1843824993,111,0.8780810810810812,0.8802387387387387,0.8560574324324325,0.8450225225225226,0.8214842342342342,0.8114200450450451,0.803722972972973,0.7864898648648648,0.7688040540540542
1843824993,112,0.8781529017857143,0.8804408482142858,0.8561238839285713,0.8451674107142857,0.8216941964285713,0.8115736607142858,0.8040502232142858,0.78675,0.7689207589285715
1843824993,113,0.8783241150442477,0.8807400442477876,0.8562035398230088,0.8454137168141593,0.8219137168141593,0.8118030973451328,0.8043495575221239,0.7869634955752213,0.7689137168141593
1843824993,114,0.878468201754386,0.8808980263157895,0.856282894736842,0.8455208333333334,0.8221480263157894,0.8119528508771929,0.8045855263157895,0.7871381578947368,0.7690679824561404
1843824993,115,0.878608695652174,0.8811663043478261,0.8565,0.8458521739130436,0.8224847826086957,0.8121413043478262,0.8049065217391305,0.7874358695652175,0.7691847826086957
1843824993,116,0.878688577586207,0.8815010775862069,0.8566422413793103,0.8459547413793104,0.8226540948275861,0.8123717672413793,0.8051325431034483,0.7875506465517241,0.7692316810344828
1843824993,117,0.8788536324786326,0.8816752136752138,0.8567617521367523,0.846110042735043,0.8229786324786326,0.8125801282051283,0.805465811965812,0.7878557692307693,0.7693461538461538
1843824993,118,0.8789608050847458,0.881813559322034,0.8568241525423729,0.846218220338983,0.8231927966101695,0.8127669491525423,0.8057860169491525,0.7880211864406781,0.7694311440677966
1843824993,119,0.8790651260504203,0.8819863445378153,0.85684243697479,0.8462731092436976,0.8234810924369749,0.8129810924369749,0.8060472689075631,0.7882552521008404,0.7694852941176471
1843824993,120,0.87923125,0.882196875,0.8568781249999999,0.8464166666666667,0.8236833333333334,0.8131593749999999,0.8062520833333333,0.7884645833333334,0.7695489583333334
1843824993,121,0.8793119834710744,0.8822530991735537,0.8569266528925621,0.8464690082644629,0.8238915289256199,0.8131280991735538,0.8064204545454545,0.788599173553719,0.7694886363636363
1843824993,122,0.8794559426229508,0.8823965163934426,0.8570686475409837,0.8466629098360656,0.824063524590164,0.8133616803278688,0.806766393442623,0.7888944672131147,0.769577868852459
1843824993,123,0.8796880081300812,0.8826229674796748,0.8570894308943089,0.8468028455284552,0.824395325203252,0.8135731707317072,0.807104674796748,0.7889756097560976,0.769683943089431
1843824993,124,0.8798377016129032,0.882867943548387,0.8572550403225807,0.8470282258064514,0.8246622983870967,0.8137631048387097,0.807414314516129,0.7892449596774193,0.7698165322580646
1843824993,125,0.880106,0.8830180000000001,0.857347,0.847202,0.824905,0.8139080000000001,0.807673,0.7894530000000001,0.769882
1843824993,126,0.8802797619047622,0.8831894841269843,0.8574375000000001,0.8473313492063493,0.8251031746031747,0.8140406746031746,0.8079771825396826,0.7896527777777779,0.7700039682539682
1843824993,127,0.8803366141732284,0.8832125984251971,0.8573868110236221,0.8474045275590553,0.8251751968503939,0.814093503937008,0.8081712598425198,0.7897342519685042,0.769956692913386
1843824993,128,0.8804326171875,0.8833583984375,0.857533203125,0.847453125,0.825333984375,0.8142158203125,0.80834765625,0.789861328125,0.76998828125
1843824993,129,0.880608527131783,0.8835717054263564,0.8576298449612402,0.847640503875969,0.8254951550387596,0.8144689922480618,0.8085794573643409,0.7900717054263564,0.7700358527131782
1843824993,130,0.8807567307692309,0.8837365384615387,0.8576971153846155,0.8478115384615386,0.825706730769231,0.8146028846153847,0.8087990384615387,0.7902413461538461,0.7700567307692309
1843824993,131,0.8809379770992366,0.8838711832061069,0.857756679389313,0.8479398854961833,0.8259208015267175,0.8147118320610687,0.8089589694656488,0.7904103053435115,0.7700324427480915
1843824993,132,0.881217803030303,0.8840198863636364,0.8578304924242425,0.8480795454545454,0.8261789772727273,0.8148636363636362,0.8091922348484849,0.7905407196969697,0.7700880681818183
1843824993,133,0.881406954887218,0.884156954887218,0.8578336466165413,0.8481484962406015,0.8264182330827067,0.8149981203007518,0.809406015037594,0.7906616541353384,0.7701334586466165
1843824993,134,0.8815764925373135,0.8842583955223882,0.8579253731343284,0.8482210820895523,0.8266194029850746,0.8151203358208956,0.8096371268656716,0.7908964552238806,0.7701744402985076
1843824993,135,0.8817648148148148,0.8844388888888889,0.8580592592592593,0.8483518518518518,0.8268481481481481,0.8153324074074073,0.8100324074074073,0.7910972222222221,0.7702981481481481
1843824993,136,0.8820119485294118,0.8845643382352941,0.8581626838235293,0.8484457720588235,0.8270992647058825,0.8155,0.8103584558823529,0.7913318014705882,0.7703465073529411
1843824993,137,0.8821605839416059,0.8847071167883211,0.8583348540145985,0.8485839416058394,0.8272883211678832,0.8157472627737226,0.810595802919708,0.7915255474452556,0.7703941605839416
1843824993,138,0.8823269927536231,0.8849465579710145,0.8583315217391304,0.8486911231884058,0.8275235507246377,0.8159846014492754,0.8109293478260869,0.7917192028985508,0.7705452898550725
1843824993,139,0.8824559352517986,0.8850926258992805,0.8584406474820143,0.8487976618705035,0.8276609712230215,0.8162068345323742,0.8111636690647482,0.7919118705035971,0.7706699640287771
1843824993,140,0.8826428571428571,0.8852607142857144,0.8584517857142857,0.8488419642857142,0.8277535714285714,0.8163339285714285,0.8113633928571429,0.7920214285714284,0.770744642857143
1843824993,141,0.8828351063829787,0.8853572695035461,0.8585664893617021,0.8488882978723404,0.8279007092198581,0.8164539007092199,0.8115079787234042,0.7921604609929077,0.7707074468085107
1843824993,142,0.8830105633802816,0.8855836267605635,0.8586883802816901,0.849106514084507,0.8280713028169013,0.8166232394366196,0.8118036971830986,0.7923846830985914,0.7709278169014085
1843824993,143,0.8832202797202797,0.8857246503496503,0.8586765734265734,0.8491468531468531,0.8282561188811189,0.8168015734265734,0.8120052447552448,0.7925480769230769,0.7710402097902098
1843824993,144,0.8834071180555556,0.8858689236111111,0.8588003472222222,0.8493342013888889,0.828375,0.8169288194444445,0.8122586805555555,0.7926987847222223,0.7711085069444444
1843824993,145,0.883573275862069,0.8860534482758622,0.8588741379310345,0.8494129310344827,0.8284758620689655,0.8170077586206896,0.8124431034482759,0.7928362068965518,0.771146551724138
1843824993,146,0.8837808219178083,0.8862388698630136,0.8590333904109588,0.8496232876712329,0.8287311643835615,0.817213184931507,0.812826198630137,0.7930642123287671,0.7712422945205479
1843824993,147,0.8839914965986394,0.8863750000000001,0.859123299319728,0.8497644557823129,0.8289345238095238,0.8173843537414966,0.8130561224489796,0.793281462585034,0.7713698979591836
1843824993,148,0.8841689189189189,0.8864822635135136,0.8592702702702704,0.8499248310810811,0.8291326013513514,0.8175836148648649,0.8132795608108109,0.7935481418918918,0.7714662162162162
1843824993,149,0.8844546979865773,0.8866719798657718,0.8594161073825503,0.8501140939597315,0.8293078859060403,0.8177634228187919,0.813489932885906,0.793746644295302,0.7715327181208054
1843824993,150,0.8846649999999999,0.8868483333333333,0.85953,0.8503441666666667,0.8295325,0.8179249999999999,0.8136841666666667,0.7939591666666667,0.7715208333333332
1843824993,151,0.8848576158940398,0.8870438741721854,0.8595968543046358,0.8504437086092714,0.8297533112582781,0.8180687086092715,0.8139552980132451,0.7941879139072847,0.7716266556291391
1843824993,152,0.8849950657894737,0.8872623355263157,0.8597467105263158,0.8505921052631579,0.8299037828947369,0.8182458881578947,0.8142779605263158,0.7943815789473683,0.7716587171052631
1843824993,153,0.8852197712418303,0.8873995098039218,0.8598227124183009,0.8507058823529413,0.8300931372549021,0.8184084967320262,0.8146200980392158,0.7946151960784313,0.7716772875816994
1843824993,154,0.8853660714285714,0.8876006493506493,0.859900974025974,0.850840909090909,0.8301875,0.8185349025974026,0.8147775974025974,0.7948238636363636,0.7716810064935063
1843824993,155,0.8854629032258065,0.8876903225806452,0.8600443548387098,0.850966129032258,0.8303693548387097,0.8187395161290323,0.815041129032258,0.7950387096774194,0.7717822580645161
1843824993,156,0.8855328525641025,0.8877596153846153,0.8600424679487179,0.8510608974358974,0.830525641025641,0.8189102564102564,0.8152980769230769,0.795198717948718,0.7718141025641025
1843824993,157,0.8857420382165606,0.8879092356687898,0.8601457006369427,0.8512412420382166,0.8306783439490446,0.819031050955414,0.815593152866242,0.7953837579617834,0.7719299363057326
1843824993,158,0.8859715189873417,0.8880925632911392,0.860251582278481,0.8514018987341773,0.830886075949367,0.8191748417721519,0.815806170886076,0.7955150316455696,0.7719857594936709
1843824993,159,0.8861800314465409,0.8882507861635219,0.8603144654088051,0.8514567610062893,0.830934748427673,0.8193034591194969,0.8160322327044025,0.7956367924528301,0.7720424528301887
1843824993,160,0.8863046875,0.88834921875,0.86041875,0.8515609375,0.831078125,0.8194328125000001,0.81624609375,0.79577734375,0.77208046875
1843824993,161,0.8864635093167702,0.8884642857142857,0.8605093167701864,0.8517150621118013,0.8313260869565218,0.8196319875776398,0.8165069875776398,0.7959394409937888,0.7721024844720497
1843824993,162,0.8865046296296297,0.8886018518518517,0.8605856481481482,0.8518032407407408,0.8314629629629631,0.8197816358024692,0.8166543209876543,0.796087962962963,0.7720702160493826
1843824993,163,0.8866679447852762,0.8887814417177914,0.8606894171779141,0.8519194785276074,0.8316503067484662,0.8200329754601228,0.8168573619631903,0.7962423312883435,0.7720766871165644
1843824993,164,0.8868155487804879,0.888890243902439,0.8608025914634146,0.8519839939024391,0.8318384146341464,0.8201478658536586,0.8170907012195123,0.7963460365853658,0.7720769817073172
1843824993,165,0.8869651515151515,0.8889886363636362,0.8609272727272728,0.8520727272727273,0.8319325757575757,0.8202999999999999,0.8173121212121213,0.796446212121212,0.7720878787878787
1843824993,166,0.8871573795180723,0.8890647590361446,0.8609939759036145,0.8521829819277108,0.8320527108433735,0.8204615963855422,0.8174721385542169,0.7966242469879519,0.7721152108433734
1843824993,167,0.88736751497006,0.8891684131736527,0.8610052395209581,0.8522717065868263,0.8322088323353294,0.8205905688622754,0.8176392215568863,0.7967058383233533,0.7721130239520958
1843824993,168,0.8875104166666667,0.8892857142857143,0.8611235119047619,0.8524211309523809,0.832357886904762,0.8207998511904762,0.8178705357142857,0.7968526785714286,0.7721421130952381
1843824993,169,0.8875643491124261,0.8894363905325444,0.8612019230769231,0.8525014792899409,0.8325029585798815,0.8209681952662722,0.8180747041420118,0.7969238165680474,0.7722063609467456
1843824993,170,0.887777205882353,0.8895073529411766,0.8612713235294118,0.8525617647058825,0.8325926470588235,0.8210625000000003,0.818179411764706,0.7970602941176471,0.7722330882352942
1843824993,171,0.8878384502923976,0.8896059941520469,0.8613296783625731,0.8526505847953216,0.832624269005848,0.8211549707602338,0.8183406432748538,0.7971059941520469,0.772297514619883
1843824993,172,0.8880530523255815,0.8897761627906977,0.8614905523255815,0.8528139534883722,0.8327841569767441,0.8213306686046511,0.8185668604651163,0.797249273255814,0.7723866279069768
1843824993,173,0.8882268786127168,0.8899125722543353,0.8616091040462427,0.8528598265895952,0.8329017341040462,0.8214169075144508,0.8187059248554914,0.7973157514450867,0.772471098265896
1843824993,174,0.8883879310344828,0.8899439655172414,0.8616839080459769,0.8528951149425287,0.8329561781609195,0.8215215517241379,0.8188527298850574,0.7974583333333333,0.772496408045977
1843824993,175,0.8885407142857144,0.89002,0.8617521428571429,0.8528878571428572,0.8330157142857142,0.821627857142857,0.8190271428571428,0.797545,0.7726028571428571
1843824993,176,0.888729403409091,0.8902038352272728,0.8618615056818183,0.852984375,0.8331370738636363,0.8217769886363636,0.8192166193181819,0.7977024147727273,0.7726754261363638
1843824993,177,0.8889251412429378,0.8903100282485876,0.8619060734463277,0.8530741525423728,0.8332457627118645,0.8218919491525424,0.8193820621468926,0.7978425141242937,0.7727316384180791
1843824993,178,0.889125,0.8904557584269664,0.8620351123595505,0.8532233146067415,0.8334255617977528,0.8220695224719101,0.8196650280898876,0.7979761235955056,0.7728181179775281
1843824993,179,0.8892960893854747,0.8905949720670391,0.8620824022346368,0.8532318435754189,0.833524441340782,0.8221138268156426,0.8198344972067039,0.7981284916201117,0.772897346368715
1843824993,180,0.8893701388888888,0.8906375000000001,0.86215,0.8532076388888888,0.8336347222222222,0.8221881944444445,0.8199520833333334,0.7982194444444445,0.7729715277777778
1843824993,181,0.8895897790055248,0.8907058011049723,0.862217541436464,0.8532707182320443,0.8337341160220995,0.8223453038674033,0.8201871546961327,0.7984247237569061,0.7730911602209944
1843824993,182,0.889868131868132,0.890868131868132,0.8623186813186815,0.8533269230769233,0.8338688186813188,0.8224402472527474,0.8203674450549452,0.7985446428571429,0.7731407967032967
1843824993,183,0.8899706284153005,0.8909357923497269,0.8623825136612022,0.8534897540983607,0.8340894808743169,0.8226372950819671,0.8205833333333333,0.7987445355191257,0.7732581967213115
1843824993,184,0.8901059782608695,0.8910326086956522,0.862476902173913,0.8535577445652175,0.8341868206521739,0.8226963315217393,0.820726222826087,0.7988688858695653,0.7733620923913045
1843824993,185,0.8902925675675676,0.8910722972972974,0.862552027027027,0.8536310810810811,0.8342702702702705,0.8227858108108107,0.8208263513513514,0.7989418918918919,0.773397972972973
1843824993,186,0.8903904569892472,0.8911767473118279,0.8625779569892472,0.8536458333333332,0.8343568548387098,0.8228790322580645,0.8209569892473119,0.7990315860215054,0.773459005376344
1843824993,187,0.8905648395721926,0.8912372994652407,0.8625942513368983,0.8537125668449198,0.8344344919786096,0.8229498663101603,0.8210842245989305,0.7991283422459893,0.7735494652406417
1843824993,188,0.8907440159574468,0.8913144946808511,0.8626356382978725,0.8537965425531915,0.8345525265957446,0.8231057180851065,0.8212107712765958,0.7992426861702128,0.7736176861702128
1843824993,189,0.8908816137566138,0.8913875661375662,0.8626752645502646,0.8538564814814814,0.8346322751322751,0.823220238095238,0.8213518518518519,0.7993664021164021,0.7736448412698412
1843824993,190,0.8909638157894736,0.8915052631578947,0.8626894736842105,0.8538986842105264,0.8347374999999999,0.823316447368421,0.8215374999999999,0.7994953947368422,0.7737407894736842
1843824993,191,0.8910556282722514,0.8915013089005236,0.8627290575916231,0.8539823298429319,0.8348835078534033,0.823443062827225,0.8216996073298429,0.7995791884816754,0.773833115183246
1843824993,192,0.891203125,0.891609375,0.862830078125,0.8539375,0.834962890625,0.82352734375,0.8218854166666667,0.7997018229166667,0.7739661458333333
1843824993,193,0.8913555699481863,0.8916878238341968,0.8629041450777202,0.8539812176165801,0.8350408031088081,0.8236262953367876,0.8220531088082901,0.7998329015544041,0.7740382124352332
1843824993,194,0.8914922680412374,0.8917590206185568,0.8629697164948454,0.8540244845360826,0.8350953608247423,0.8237042525773197,0.8222384020618557,0.8000083762886598,0.7741398195876288
1843824993,195,0.891598076923077,0.8917403846153847,0.8629583333333335,0.8540923076923077,0.8351846153846154,0.8238538461538463,0.8224179487179488,0.8001089743589744,0.77425
1843824993,196,0.8917544642857144,0.8917876275510205,0.8630019132653062,0.8541556122448981,0.8352774234693877,0.823984693877551,0.8225982142857142,0.8002844387755103,0.774280612244898
1843824993,197,0.8918489847715737,0.891859771573604,0.8630697969543148,0.8541973350253806,0.8353343908629443,0.8240539340101523,0.8226935279187818,0.8003388324873096,0.7742664974619289
1843824993,198,0.8919375,0.8919362373737374,0.863094696969697,0.8541887626262625,0.8354463383838384,0.8241641414141414,0.8228270202020203,0.800441287878788,0.774352904040404
1843824993,199,0.8920621859296481,0.8920119346733668,0.8631582914572864,0.8542016331658291,0.8355433417085427,0.8242223618090452,0.8229064070351758,0.8006099246231156,0.7743347989949748
1843824993,200,0.8921775,0.8920575000000001,0.86321875,0.854235625,0.835590625,0.8243400000000001,0.8230525,0.8007525,0.77431125
184566854,1,0.717375,0.802875,0.808875,0.813,0.812125,0.81425,0.816125,0.810125,0.803625
184566854,2,0.7536875,0.8276875,0.8311875,0.835875,0.8339375,0.831875,0.832125,0.8273125,0.8218125
184566854,3,0.7704583333333332,0.8341249999999999,0.8394583333333333,0.843125,0.8383333333333333,0.8390833333333333,0.8357916666666666,0.8320833333333333,0.8265416666666665
184566854,4,0.78284375,0.84184375,0.846,0.84534375,0.84290625,0.84040625,0.8385,0.83215625,0.8235625
184566854,5,0.7894750000000001,0.8475250000000001,0.8506750000000001,0.8475,0.8449500000000001,0.8424,0.8386750000000002,0.83085,0.8207000000000001
184566854,6,0.7955208333333335,0.850375,0.8544583333333333,0.8508125000000001,0.8448750000000002,0.8415208333333334,0.8362708333333333,0.82825,0.8170625000000001
184566854,7,0.8006428571428571,0.8521785714285715,0.8556607142857142,0.8496785714285713,0.8438214285714287,0.8399285714285715,0.8342857142857142,0.824375,0.8126607142857142
184566854,8,0.80496875,0.855203125,0.85784375,0.849078125,0.841515625,0.8371875,0.829578125,0.820375,0.8071875
184566854,9,0.8094583333333335,0.8576527777777779,0.8586805555555557,0.8508333333333334,0.8413333333333335,0.8361250000000001,0.8271805555555557,0.816875,0.8017222222222224
184566854,10,0.8129000000000001,0.8596500000000001,0.8598375000000001,0.8496750000000002,0.8389375000000001,0.833525,0.8236375,0.8123625000000002,0.7979625000000001
184566854,11,0.8169090909090909,0.8608863636363635,0.8601704545454545,0.847625,0.836556818181818,0.8313522727272726,0.8216818181818182,0.8098068181818181,0.7936931818181817
184566854,12,0.819375,0.8613958333333332,0.8596979166666666,0.84540625,0.8345625,0.828125,0.8184166666666667,0.8058854166666666,0.7894583333333333
184566854,13,0.8212211538461539,0.8627884615384617,0.858221153846154,0.8440288461538463,0.8319615384615385,0.825894230769231,0.8148846153846154,0.802826923076923,0.7862788461538461
184566854,14,0.8229017857142857,0.8637053571428573,0.8576428571428573,0.8424196428571429,0.8305535714285716,0.8241607142857144,0.8131607142857142,0.8003214285714286,0.7838303571428571
184566854,15,0.8244333333333334,0.8638166666666668,0.8572250000000001,0.8412166666666668,0.8284250000000001,0.8220583333333334,0.8109166666666667,0.7988083333333333,0.7811166666666668
184566854,16,0.82596875,0.8647109375,0.857265625,0.839875,0.8263046875,0.8198515625,0.8092265625,0.7966171875,0.7794140625
184566854,17,0.8273014705882353,0.864889705882353,0.8560000000000001,0.8385588235294118,0.8241102941176471,0.8170441176470589,0.8067426470588235,0.7948014705882354,0.77725
184566854,18,0.8282569444444444,0.8651666666666668,0.8558194444444446,0.8377222222222223,0.8234305555555557,0.8160277777777778,0.8048472222222223,0.7930347222222223,0.7752916666666666
184566854,19,0.8296907894736841,0.8658026315789474,0.8553486842105263,0.8370592105263158,0.8225526315789473,0.8152302631578948,0.8038421052631579,0.7911052631578946,0.7739736842105263
184566854,20,0.83079375,0.8663375000000001,0.8544437500000001,0.835275,0.8204124999999999,0.81275,0.80134375,0.788375,0.77215
184566854,21,0.8327619047619049,0.8662380952380954,0.8544345238095239,0.8341130952380953,0.8189047619047619,0.8113511904761906,0.7994702380952381,0.7867916666666668,0.7710297619047619
184566854,22,0.8336079545454546,0.8657556818181817,0.8533181818181818,0.8330170454545454,0.8175625,0.8097329545454546,0.7978579545454545,0.7850056818181818,0.769625
184566854,23,0.834695652173913,0.8650217391304348,0.852766304347826,0.8319510869565218,0.8165380434782608,0.8085652173913044,0.7966032608695652,0.7836032608695652,0.7678967391304348
184566854,24,0.8360677083333332,0.8653333333333333,0.8527135416666668,0.8311927083333334,0.8156302083333333,0.8077395833333334,0.7955989583333333,0.782328125,0.7669739583333334
184566854,25,0.83701,0.8657550000000002,0.852005,0.8305650000000001,0.8148950000000001,0.80714,0.7948050000000001,0.7811,0.766115
184566854,26,0.8382211538461539,0.865548076923077,0.8517451923076924,0.8303990384615386,0.814451923076923,0.8061826923076924,0.7936826923076924,0.7801153846153847,0.7653557692307693
184566854,27,0.8391157407407408,0.8659398148148147,0.8518796296296296,0.8300740740740742,0.8137546296296295,0.8052222222222222,0.7930185185185185,0.7792175925925926,0.7651712962962963
184566854,28,0.8396294642857142,0.8658348214285715,0.8513973214285715,0.8294151785714287,0.8129866071428571,0.8045669642857142,0.7926741071428571,0.7783660714285713,0.7647901785714286
184566854,29,0.8403189655172414,0.8658663793103449,0.8508663793103449,0.8287672413793103,0.8124913793103449,0.80375,0.7920258620689655,0.7774310344827586,0.7641853448275862
184566854,30,0.8413000000000002,0.8657833333333336,0.8504375000000001,0.8280458333333335,0.8118583333333335,0.8032666666666668,0.7913750000000002,0.7765208333333334,0.7635291666666667
184566854,31,0.8416774193548385,0.865758064516129,0.8503064516129032,0.8276693548387096,0.8110524193548386,0.8026774193548388,0.7906935483870967,0.7759112903225805,0.7634153225806452
184566854,32,0.84246875,0.865671875,0.85023046875,0.8273203125,0.81044921875,0.802125,0.7902890625,0.77540234375,0.76294140625
184566854,33,0.8430075757575758,0.8659280303030302,0.8499924242424242,0.8274507575757575,0.810310606060606,0.8019924242424242,0.7899848484848484,0.7748863636363635,0.7630227272727272
184566854,34,0.8438933823529412,0.8659448529411766,0.8494191176470589,0.8270551470588235,0.8097867647058824,0.8014963235294118,0.7895845588235295,0.7743529411764706,0.762360294117647
184566854,35,0.8448214285714287,0.8658928571428572,0.8496035714285715,0.8271928571428572,0.8097250000000001,0.8012,0.7893642857142859,0.7740642857142856,0.7620107142857143
184566854,36,0.8455590277777778,0.8660729166666666,0.84996875,0.8273298611111111,0.80971875,0.8008263888888889,0.789329861111111,0.7738611111111111,0.7618576388888889
184566854,37,0.8463885135135135,0.865668918918919,0.8495506756756757,0.8267905405405405,0.8091216216216217,0.8002027027027028,0.7887027027027027,0.7730304054054055,0.7610337837837837
184566854,38,0.8471546052631578,0.8656513157894735,0.8495559210526316,0.8265361842105263,0.8087467105263157,0.7997927631578948,0.7883684210526315,0.7728157894736841,0.7608223684210527
184566854,39,0.848298076923077,0.8658044871794873,0.8498012820512822,0.8266282051282053,0.8083782051282052,0.7993750000000002,0.788019230769231,0.7722884615384615,0.7606153846153847
184566854,40,0.849078125,0.8658250000000001,0.849675,0.826734375,0.8079500000000001,0.798925,0.787665625,0.7718499999999999,0.760103125
184566854,41,0.8496920731707319,0.8657926829268294,0.8495975609756099,0.8267804878048781,0.807704268292683,0.7986006097560976,0.7873871951219512,0.7716615853658536,0.760234756097561
184566854,42,0.8508125,0.8660595238095239,0.8499851190476192,0.8269077380952382,0.8077589285714286,0.7984285714285716,0.7871696428571429,0.7715833333333334,0.7603630952380954
184566854,43,0.8517616279069766,0.8662441860465114,0.8499854651162789,0.8268168604651162,0.8074476744186045,0.7984651162790697,0.7868866279069766,0.7714622093023253,0.760377906976744
184566854,44,0.8526875,0.866502840909091,0.8500511363636364,0.8270227272727273,0.807340909090909,0.7984943181818182,0.7867017045454545,0.7712954545454545,0.7603806818181817
184566854,45,0.8533305555555557,0.866513888888889,0.8503111111111111,0.8272666666666668,0.807538888888889,0.7985944444444444,0.7866694444444445,0.7714277777777778,0.7604305555555555
184566854,46,0.8539048913043478,0.8664266304347825,0.8501983695652173,0.8274510869565217,0.807391304347826,0.798546195652174,0.7864483695652174,0.7712391304347826,0.760258152173913
184566854,47,0.8545904255319149,0.8664574468085107,0.8501569148936171,0.8273404255319149,0.8073856382978724,0.7983164893617021,0.7863962765957446,0.77125,0.7605398936170213
184566854,48,0.8547552083333334,0.8665026041666666,0.8500494791666667,0.827375,0.8074114583333333,0.798296875,0.7865703125,0.7714322916666667,0.7607317708333332
184566854,49,0.8552372448979593,0.8667780612244899,0.8500561224489797,0.827344387755102,0.8074617346938776,0.7983979591836735,0.7865892857142858,0.7713112244897959,0.7606020408163265
184566854,50,0.8560675000000001,0.8669300000000001,0.8504075,0.8277125,0.8075675,0.798635,0.7867575,0.7713025,0.760835
184566854,51,0.8565024509803922,0.8671102941176473,0.8501642156862746,0.8278186274509804,0.8076200980392158,0.798497549019608,0.7865686274509804,0.7713504901960785,0.7609117647058824
184566854,52,0.8571322115384615,0.8673197115384614,0.8500456730769231,0.8279615384615384,0.8076538461538462,0.7983798076923077,0.7865649038461539,0.7712668269230769,0.7610120192307693
184566854,53,0.8577948113207546,0.8673820754716982,0.8500801886792453,0.8279858490566038,0.807683962264151,0.7983278301886791,0.7865943396226415,0.7713773584905661,0.7611792452830188
184566854,54,0.8584467592592594,0.8677268518518518,0.8504328703703703,0.8285046296296296,0.8079583333333333,0.7985069444444445,0.7867060185185185,0.7717824074074074,0.7613842592592591
184566854,55,0.8588977272727273,0.8680977272727273,0.8505590909090909,0.8288045454545454,0.8081295454545454,0.7985727272727272,0.7868090909090909,0.7718727272727272,0.7617545454545455
184566854,56,0.8592254464285715,0.8681852678571429,0.8505223214285713,0.8288459821428572,0.8081495535714286,0.7986272321428571,0.78684375,0.7719642857142857,0.7619620535714285
184566854,57,0.8596688596491229,0.8683245614035087,0.8505087719298244,0.8290087719298247,0.8082171052631579,0.7986513157894737,0.7868464912280702,0.7720723684210528,0.7619188596491229
184566854,58,0.8603663793103448,0.8685775862068965,0.8504612068965517,0.8292413793103449,0.8082047413793104,0.7988168103448277,0.7870237068965517,0.7723125,0.7621745689655172
184566854,59,0.8610444915254237,0.868885593220339,0.8507881355932204,0.8293029661016948,0.8083305084745764,0.7988983050847458,0.7872838983050848,0.7724618644067797,0.7625063559322034
184566854,60,0.8614645833333334,0.86905625,0.8509208333333332,0.82961875,0.8085791666666666,0.7992479166666666,0.7876770833333334,0.7729375,0.7629000000000001
184566854,61,0.8617172131147541,0.8693299180327868,0.8510963114754098,0.8297520491803279,0.8086168032786885,0.7992930327868852,0.787766393442623,0.7731229508196722,0.7630409836065574
184566854,62,0.8623084677419354,0.8695302419354839,0.8512459677419354,0.8299193548387096,0.8085342741935483,0.799296370967742,0.7878629032258063,0.7732681451612903,0.7631754032258065
184566854,63,0.8626924603174605,0.8696091269841271,0.8511984126984128,0.8299920634920636,0.8086845238095238,0.7994186507936508,0.7880218253968254,0.7734563492063492,0.763263888888889
184566854,64,0.8633828125,0.869693359375,0.85103125,0.830140625,0.80871875,0.799517578125,0.78806640625,0.773568359375,0.76325
184566854,65,0.8637576923076924,0.8698807692307694,0.8510807692307695,0.8302519230769232,0.808771153846154,0.7997038461538463,0.7880538461538463,0.7736538461538461,0.7631038461538462
184566854,66,0.8643560606060605,0.870096590909091,0.8511761363636364,0.8303522727272727,0.8090681818181817,0.7999450757575758,0.7882746212121212,0.7737992424242425,0.7630909090909092
184566854,67,0.8650764925373134,0.8703059701492537,0.8513787313432836,0.8304776119402987,0.8094123134328358,0.8002593283582089,0.7885111940298507,0.774169776119403,0.7630634328358209
184566854,68,0.8656819852941176,0.8704816176470588,0.8513823529411766,0.8307205882352942,0.8097169117647058,0.8003584558823529,0.7888786764705882,0.7744080882352942,0.7631268382352941
184566854,69,0.8664076086956523,0.8706213768115941,0.8514221014492752,0.8309873188405797,0.8098840579710145,0.8005615942028985,0.789125,0.7745960144927536,0.7632083333333334
184566854,70,0.8669714285714287,0.8708803571428573,0.851507142857143,0.8310785714285716,0.8101214285714287,0.8006267857142858,0.7892821428571428,0.7748982142857144,0.7633267857142857
184566854,71,0.8674348591549296,0.8712535211267605,0.8518028169014084,0.8313609154929577,0.8105228873239436,0.8010281690140846,0.7896426056338028,0.7752165492957745,0.763443661971831
184566854,72,0.8678454861111111,0.8715260416666666,0.8518871527777778,0.8316145833333333,0.810734375,0.8011736111111111,0.7898819444444445,0.7754513888888889,0.7633229166666666
184566854,73,0.8681917808219177,0.8716712328767123,0.8519178082191781,0.8317020547945205,0.8107962328767123,0.8012808219178083,0.7899914383561644,0.7756523972602739,0.7632020547945205
184566854,74,0.8687466216216216,0.8719459459459461,0.8520219594594595,0.8318986486486486,0.8110557432432433,0.8015675675675675,0.790402027027027,0.7760540540540541,0.7632077702702702
184566854,75,0.8693083333333333,0.8720733333333334,0.8519333333333333,0.8319266666666666,0.8111516666666666,0.8017066666666667,0.790605,0.7761666666666667,0.7633883333333333
184566854,76,0.8698273026315789,0.872422697368421,0.8520509868421053,0.8322220394736841,0.8113815789473683,0.8019835526315789,0.7908963815789473,0.7764786184210526,0.7634506578947369
184566854,77,0.8703733766233765,0.8725243506493506,0.8520194805194804,0.832314935064935,0.8113831168831168,0.8021915584415584,0.7911801948051947,0.776612012987013,0.7634967532467534
184566854,78,0.870860576923077,0.8728413461538462,0.8520913461538463,0.8325801282051283,0.8117115384615385,0.8025544871794872,0.7915224358974359,0.7767900641025642,0.7636602564102565
184566854,79,0.8712009493670885,0.8729699367088606,0.8521186708860758,0.832748417721519,0.8119905063291138,0.8027468354430379,0.7918227848101266,0.7769873417721519,0.7637515822784811
184566854,80,0.871621875,0.8733031250000001,0.8522484374999999,0.8329249999999999,0.8122484375,0.8030968749999999,0.7922703125,0.77728125,0.7639625
184566854,81,0.8721327160493827,0.8734737654320988,0.8523287037037037,0.8330509259259259,0.8125108024691357,0.8034243827160494,0.7924861111111111,0.7775756172839505,0.7641141975308642
184566854,82,0.872329268292683,0.8736006097560975,0.8523734756097561,0.8332759146341464,0.8128094512195122,0.803766768292683,0.7929618902439024,0.7778216463414634,0.7642073170731708
184566854,83,0.87275,0.8737996987951807,0.8524864457831325,0.8335632530120481,0.8131927710843373,0.8040557228915663,0.7934111445783133,0.778117469879518,0.7644864457831325
184566854,84,0.8731205357142858,0.8740848214285715,0.8526770833333334,0.8337619047619048,0.8135119047619048,0.8043526785714287,0.7936979166666668,0.7785014880952381,0.7647380952380952
184566854,85,0.8735308823529413,0.8742529411764707,0.8527750000000001,0.8340102941176472,0.8138455882352942,0.804704411764706,0.7940705882352942,0.7789191176470589,0.7648941176470588
184566854,86,0.8739927325581396,0.8743953488372095,0.8527441860465117,0.8342107558139534,0.8142674418604652,0.8049258720930232,0.7944360465116279,0.7792790697674418,0.7650363372093022
184566854,87,0.8743908045977011,0.8746939655172414,0.8529827586206896,0.8344827586206897,0.8145675287356321,0.8051192528735632,0.7947169540229884,0.7794353448275861,0.7650948275862068
184566854,88,0.8748082386363636,0.8751079545454545,0.8531164772727272,0.834659090909091,0.814862215909091,0.805284090909091,0.7950326704545454,0.7796988636363638,0.7653068181818182
184566854,89,0.8752710674157302,0.8752401685393258,0.8532176966292135,0.8349185393258427,0.8150842696629214,0.8054859550561798,0.7953216292134831,0.7801053370786517,0.7653876404494381
184566854,90,0.8758000000000001,0.8755250000000001,0.8533361111111112,0.835075,0.8153277777777779,0.8057763888888889,0.7955666666666668,0.7803180555555556,0.7656194444444444
184566854,91,0.8758186813186815,0.8757403846153847,0.8534436813186814,0.8352967032967032,0.8155343406593407,0.8060755494505495,0.795820054945055,0.7805549450549452,0.7657046703296703
184566854,92,0.8759524456521739,0.8758369565217391,0.8534510869565217,0.8354375,0.8157309782608695,0.8062635869565218,0.7961209239130435,0.7808695652173913,0.7657554347826088
184566854,93,0.8760282258064515,0.8760846774193547,0.8534422043010752,0.8356451612903224,0.8160215053763441,0.8063965053763441,0.7964180107526881,0.7811572580645161,0.7659180107526882
184566854,94,0.8761954787234042,0.8763603723404255,0.8537300531914894,0.8359202127659574,0.8163976063829786,0.8067340425531916,0.7967845744680851,0.7815305851063828,0.7660172872340427
184566854,95,0.8762776315789474,0.8767052631578947,0.8539434210526315,0.8361697368421053,0.8165973684210526,0.8069315789473684,0.7971092105263158,0.7817842105263157,0.7661605263157895
184566854,96,0.876421875,0.8769309895833334,0.8540013020833332,0.8363802083333334,0.8169765625,0.80721875,0.7973658854166666,0.7819049479166668,0.7662356770833333
184566854,97,0.8765927835051548,0.8771636597938146,0.8540244845360826,0.8364291237113403,0.8172255154639176,0.807479381443299,0.7977023195876288,0.7821146907216496,0.7664123711340206
184566854,98,0.8768367346938776,0.8774706632653061,0.8542448979591836,0.8365497448979593,0.8175676020408162,0.8076747448979593,0.7980510204081632,0.782391581632653,0.7667079081632653
184566854,99,0.8768686868686868,0.8776957070707072,0.8543143939393939,0.8368661616161617,0.8179431818181817,0.8078724747474748,0.7984381313131312,0.7826982323232323,0.7667474747474748
184566854,100,0.8770125000000001,0.8778674999999999,0.8544875,0.83708125,0.81822375,0.8080462500000001,0.79872875,0.7829612499999999,0.76680625
184566854,101,0.8771769801980199,0.8781349009900992,0.8546881188118813,0.8373378712871288,0.8185569306930693,0.808410891089109,0.7991844059405941,0.7832648514851486,0.7670371287128713
184566854,102,0.8772120098039218,0.8782916666666668,0.8547414215686276,0.8374399509803923,0.8187941176470589,0.8086617647058825,0.7994901960784315,0.7835845588235294,0.7671568627450981
184566854,103,0.8773033980582523,0.8785072815533981,0.8548398058252425,0.8376152912621359,0.8189902912621358,0.8088373786407768,0.7996941747572816,0.7838519417475728,0.7672851941747572
184566854,104,0.8773713942307693,0.8787043269230769,0.8548425480769231,0.8377764423076923,0.8191682692307692,0.8089663461538462,0.7999939903846155,0.7841153846153845,0.7672632211538462
184566854,105,0.8775404761904764,0.879007142857143,0.8549964285714288,0.8380440476190476,0.8196142857142859,0.8092500000000002,0.8004214285714286,0.7844904761904763,0.7674000000000001
184566854,106,0.8777676886792454,0.8793254716981133,0.8552617924528302,0.8383054245283019,0.8199268867924528,0.809622641509434,0.8008360849056603,0.7848125,0.7675754716981132
184566854,107,0.8779929906542057,0.8795876168224299,0.8553831775700935,0.8386401869158877,0.8201682242990654,0.8099380841121494,0.8011869158878504,0.7851366822429907,0.7677535046728972
184566854,108,0.8781875,0.8798321759259259,0.8555752314814815,0.8389444444444445,0.8205138888888889,0.8101863425925926,0.8015729166666666,0.7854293981481482,0.768019675925926
184566854,109,0.878415137614679,0.8800848623853211,0.8556708715596331,0.8391834862385321,0.8207924311926607,0.8105045871559633,0.8019231651376146,0.7856949541284404,0.7682064220183487
184566854,110,0.8784818181818183,0.880275,0.8558261363636364,0.8393261363636364,0.8210352272727273,0.8106409090909089,0.8021738636363637,0.7859124999999999,0.7682681818181818
184566854,111,0.8785551801801802,0.8804425675675674,0.8559166666666668,0.8394864864864865,0.8212522522522522,0.8108096846846847,0.8024740990990992,0.7863018018018019,0.7684144144144144
184566854,112,0.8787087053571428,0.8805580357142858,0.8559933035714286,0.8397243303571429,0.8214587053571429,0.8110022321428573,0.8027566964285714,0.7866037946428571,0.7685669642857142
184566854,113,0.8788772123893804,0.8808716814159292,0.8560918141592919,0.8399491150442477,0.8217267699115044,0.8111714601769912,0.8030154867256638,0.786875,0.7685829646017699
184566854,114,0.8790241228070176,0.8810756578947369,0.8562225877192982,0.8401436403508772,0.8219144736842106,0.8113651315789473,0.8032686403508772,0.7871600877192982,0.7687203947368421
184566854,115,0.879179347826087,0.8813782608695653,0.8564141304347826,0.8404315217391304,0.8222543478260871,0.8117532608695652,0.8036989130434783,0.7875934782608696,0.768795652173913
184566854,116,0.8792898706896551,0.8815754310344828,0.8565237068965518,0.8405808189655172,0.8224364224137931,0.8119008620689655,0.8039396551724137,0.7878243534482758,0.7687413793103449
184566854,117,0.8794423076923078,0.8817585470085472,0.8565801282051284,0.8407713675213677,0.8226976495726497,0.8122275641025642,0.8042905982905983,0.7881314102564103,0.7688269230769231
184566854,118,0.879561440677966,0.881958686440678,0.8566800847457626,0.8409237288135594,0.8229311440677965,0.8124957627118645,0.8045879237288135,0.7884597457627119,0.768895127118644
184566854,119,0.8796785714285716,0.8821586134453783,0.8567384453781514,0.8411218487394958,0.8232090336134456,0.8127069327731095,0.8049453781512607,0.7888098739495799,0.7690640756302521
184566854,120,0.87985,0.8823239583333333,0.8567854166666666,0.8412458333333334,0.8234822916666666,0.8128510416666667,0.8051760416666667,0.7890114583333334,0.769171875
184566854,121,0.8799762396694215,0.8823997933884298,0.856797520661157,0.8414008264462809,0.8236952479338843,0.8129452479338842,0.8054359504132231,0.7891497933884297,0.7691735537190083
184566854,122,0.8801280737704917,0.8825245901639345,0.8568944672131147,0.8416024590163934,0.8239180327868854,0.813123975409836,0.8058401639344263,0.7894272540983607,0.7692530737704918
184566854,123,0.8802723577235773,0.8827174796747967,0.8570193089430894,0.8417042682926829,0.8241910569105692,0.8133506097560976,0.806224593495935,0.7896971544715448,0.7693292682926829
184566854,124,0.8804576612903227,0.8829596774193549,0.8571673387096774,0.8419243951612903,0.8244899193548386,0.8136280241935483,0.8065352822580644,0.7899737903225807,0.7694647177419355
184566854,125,0.8806580000000002,0.883145,0.8572690000000001,0.8421230000000001,0.8247080000000001,0.8138660000000001,0.8067150000000001,0.7902450000000001,0.7695440000000001
184566854,126,0.8808035714285716,0.8832688492063494,0.8573541666666668,0.8423452380952381,0.8249246031746034,0.814060515873016,0.8069831349206349,0.7904811507936509,0.7695525793650795
184566854,127,0.8809409448818899,0.8832992125984254,0.8572903543307089,0.8423927165354332,0.8250314960629923,0.8142135826771655,0.8071250000000002,0.7906053149606299,0.7695472440944884
184566854,128,0.881017578125,0.8834609375,0.857296875,0.84243359375,0.825224609375,0.81434375,0.8073583984375,0.7907431640625,0.7695791015625
184566854,129,0.8812122093023254,0.8837548449612402,0.8574186046511627,0.8425629844961238,0.8253420542635658,0.8146027131782945,0.8076715116279068,0.791002906976744,0.7696356589147285
184566854,130,0.8813932692307694,0.8838615384615387,0.8574759615384616,0.8428317307692309,0.8255817307692308,0.8147423076923078,0.8078875000000001,0.7912105769230771,0.7696336538461539
184566854,131,0.881581106870229,0.884006679389313,0.8575782442748092,0.8429980916030534,0.8258559160305343,0.8148874045801526,0.8080782442748091,0.791442748091603,0.7696364503816794
184566854,132,0.8817964015151515,0.8841704545454545,0.857653409090909,0.843091856060606,0.8260492424242424,0.8150511363636364,0.8083522727272727,0.7916231060606062,0.7697329545454545
184566854,133,0.8820394736842105,0.8843815789473684,0.8576898496240601,0.8432669172932331,0.826265037593985,0.8152490601503759,0.8085817669172932,0.791781954887218,0.7697631578947368
184566854,134,0.8822369402985075,0.8844598880597014,0.8578208955223882,0.8433460820895523,0.8264319029850746,0.8154216417910447,0.8088460820895523,0.7920111940298507,0.7698180970149253
184566854,135,0.8824296296296297,0.8845361111111111,0.8579555555555555,0.8435768518518518,0.8267055555555555,0.8156564814814815,0.8090944444444444,0.7922166666666667,0.7699
184566854,136,0.8825716911764706,0.8847132352941176,0.8580257352941176,0.8437242647058825,0.8269209558823529,0.8158033088235294,0.8094145220588236,0.7923915441176471,0.7699145220588234
184566854,137,0.8827235401459854,0.8848467153284671,0.8581295620437956,0.8439032846715329,0.8270520072992702,0.8159799270072993,0.809691605839416,0.7925647810218978,0.7698886861313867
184566854,138,0.8829338768115943,0.8850923913043478,0.8581114130434783,0.8441041666666665,0.8272590579710145,0.8162155797101448,0.8100588768115943,0.792758152173913,0.7700063405797103
184566854,139,0.8830638489208633,0.8852302158273381,0.8581618705035972,0.8442185251798561,0.8274190647482015,0.8164478417266187,0.8102446043165468,0.7929946043165467,0.7701546762589928
184566854,140,0.8832169642857142,0.8853357142857143,0.858244642857143,0.8442767857142858,0.8275633928571429,0.8165375,0.8104383928571428,0.7931035714285715,0.7702437500000001
184566854,141,0.8834760638297874,0.8855540780141844,0.8582606382978724,0.844436170212766,0.827688829787234,0.8167065602836878,0.8106205673758866,0.7932367021276595,0.7702686170212767
184566854,142,0.8836390845070423,0.8857350352112676,0.8583802816901409,0.8447288732394367,0.827875,0.8169110915492959,0.8108362676056338,0.7934480633802817,0.7704419014084507
184566854,143,0.8838146853146852,0.885840909090909,0.858444055944056,0.844895979020979,0.8280279720279721,0.8170961538461539,0.8110594405594406,0.793582167832168,0.7705506993006993
184566854,144,0.88403125,0.8860190972222223,0.8585885416666665,0.8450755208333333,0.8282352430555555,0.8172604166666666,0.8113003472222222,0.7937196180555556,0.770640625
184566854,145,0.8842181034482759,0.8862112068965519,0.8586922413793103,0.8451431034482758,0.8283922413793103,0.8174112068965517,0.8114905172413793,0.7938327586206897,0.77075
184566854,146,0.8844152397260274,0.8863638698630136,0.8588244863013698,0.8453381849315068,0.8286421232876712,0.8176378424657534,0.8117885273972602,0.7940941780821917,0.7708621575342466
184566854,147,0.8846207482993198,0.8864838435374149,0.8589081632653062,0.8454642857142857,0.828827380952381,0.8177772108843537,0.812062925170068,0.794329081632653,0.7710042517006802
184566854,148,0.8848505067567568,0.8866841216216217,0.8590152027027027,0.8456182432432433,0.8289797297297298,0.8179856418918918,0.8123631756756756,0.7945515202702702,0.7711055743243244
184566854,149,0.8850796979865773,0.8868221476510066,0.8591459731543624,0.8458003355704697,0.8291577181208054,0.8181543624161075,0.8126392617449665,0.7947818791946308,0.7711124161073826
184566854,150,0.8853424999999999,0.8869533333333334,0.8593191666666666,0.8460466666666666,0.8293558333333333,0.8183491666666667,0.8128733333333333,0.7949708333333333,0.7711691666666666
184566854,151,0.8855422185430464,0.8871523178807947,0.8594412251655629,0.8461837748344371,0.8295008278145696,0.8185413907284768,0.8131382450331125,0.7951316225165562,0.7712193708609272
184566854,152,0.8856932565789474,0.8873643092105262,0.8595024671052631,0.8463462171052631,0.8296784539473683,0.8187458881578947,0.8134046052631579,0.7953527960526315,0.7712532894736842
184566854,153,0.8858496732026145,0.8875539215686277,0.8595629084967321,0.8465065359477125,0.8298627450980394,0.8189926470588237,0.8137107843137256,0.7955196078431374,0.7714019607843138
184566854,154,0.8859383116883116,0.8877126623376623,0.8596233766233766,0.846656655844156,0.8299724025974026,0.8191615259740259,0.8139797077922079,0.7956347402597402,0.7713774350649351
184566854,155,0.8861435483870969,0.8878282258064517,0.859708064516129,0.8467435483870968,0.8301790322580646,0.819375806451613,0.8142564516129032,0.7958274193548387,0.7715241935483871
184566854,156,0.8861979166666667,0.8878974358974359,0.8597331730769231,0.846931891025641,0.8303285256410257,0.8195384615384615,0.8144663461538462,0.7960528846153846,0.7715945512820512
184566854,157,0.8863781847133758,0.8881194267515924,0.8598845541401274,0.8471313694267516,0.8305230891719746,0.8197515923566878,0.8147531847133758,0.7962157643312101,0.7717141719745223
184566854,158,0.8866329113924051,0.8882689873417721,0.8599628164556962,0.847246835443038,0.830685917721519,0.8199398734177215,0.8150435126582278,0.7963639240506329,0.7717349683544303
184566854,159,0.8868309748427673,0.8883592767295598,0.8599984276729561,0.8474025157232704,0.8307617924528301,0.8200911949685535,0.8152523584905662,0.796562106918239,0.7717838050314466
184566854,160,0.886975,0.8884523437499999,0.86014453125,0.8475421875,0.8308562500000001,0.820275,0.81545390625,0.7966187499999999,0.7717515624999999
184566854,161,0.8871731366459626,0.8886374223602485,0.8602259316770186,0.8476816770186335,0.83109549689441,0.8205621118012423,0.8157888198757764,0.7967717391304348,0.771805900621118
184566854,162,0.8872353395061728,0.8887453703703705,0.8603148148148149,0.8477469135802469,0.8312021604938272,0.8206882716049382,0.8160208333333333,0.7968464506172841,0.7718649691358024
184566854,163,0.8874371165644173,0.8889148773006135,0.8604401840490796,0.8479148773006135,0.831355828220859,0.8208911042944785,0.8162216257668712,0.7970046012269938,0.7719217791411043
184566854,164,0.8876417682926829,0.8890129573170732,0.8604839939024391,0.8479420731707317,0.8315426829268292,0.821028963414634,0.816469512195122,0.7971532012195122,0.7719573170731707
184566854,165,0.8878060606060607,0.889110606060606,0.8606113636363637,0.8480598484848484,0.8316946969696969,0.8211825757575757,0.8166863636363637,0.7972348484848485,0.772014393939394
184566854,166,0.887862951807229,0.8892138554216867,0.8606852409638555,0.8481634036144579,0.8318253012048192,0.8213049698795181,0.8169450301204819,0.7973734939759036,0.7720783132530121
184566854,167,0.8880404191616768,0.889306137724551,0.8606946107784431,0.8482357784431137,0.8319491017964071,0.8214498502994011,0.8171362275449101,0.7974805389221556,0.7720471556886227
184566854,168,0.888219494047619,0.8894456845238096,0.8608377976190477,0.848452380952381,0.8321391369047619,0.8216450892857142,0.8173177083333334,0.7975691964285716,0.7721569940476191
184566854,169,0.8883136094674555,0.8895347633136096,0.8609230769230769,0.8485480769230769,0.8322744082840235,0.8218565088757397,0.8176168639053255,0.7976723372781065,0.772228550295858
184566854,170,0.8884301470588236,0.8895992647058825,0.860964705882353,0.8486455882352942,0.8323676470588236,0.8220301470588237,0.8177463235294119,0.7977661764705883,0.7721970588235295
184566854,171,0.8884758771929824,0.8896907894736842,0.8609963450292397,0.8487097953216374,0.8324466374269006,0.8221235380116958,0.8178691520467835,0.7978252923976609,0.7722441520467835
184566854,172,0.8887122093023256,0.8898771802325582,0.8611991279069768,0.8488531976744187,0.8326213662790698,0.8223241279069768,0.8181264534883721,0.7980101744186046,0.7723313953488372
184566854,173,0.8889559248554912,0.8900202312138727,0.8613135838150289,0.8489313583815028,0.8327167630057805,0.8224104046242775,0.8182716763005781,0.7981242774566474,0.7723858381502889
184566854,174,0.8890998563218391,0.8901343390804598,0.8613821839080459,0.8489504310344828,0.8327737068965516,0.8225251436781609,0.8184461206896552,0.7982909482758621,0.7724209770114943
184566854,175,0.8892228571428571,0.8901828571428572,0.8614264285714286,0.8489878571428572,0.8328478571428571,0.8226292857142857,0.8185664285714286,0.7983107142857143,0.7724614285714285
184566854,176,0.8894268465909091,0.8902755681818182,0.8615447443181817,0.8491399147727272,0.8329900568181817,0.8227294034090908,0.81875,0.798434659090909,0.7725411931818182
184566854,177,0.8895812146892655,0.8903898305084744,0.8615798022598871,0.8492040960451978,0.833100988700565,0.8228644067796611,0.8189088983050848,0.7984971751412429,0.7726313559322034
184566854,178,0.8898462078651684,0.8905723314606742,0.8617254213483145,0.8493342696629214,0.8332598314606742,0.823067415730337,0.819184691011236,0.7985983146067416,0.7727345505617977
184566854,179,0.8900013966480447,0.8906864525139665,0.8617932960893854,0.8493694134078212,0.8333351955307262,0.8232053072625699,0.8193379888268157,0.7986906424581006,0.7728100558659219
184566854,180,0.8901131944444444,0.8907583333333332,0.8618340277777778,0.8494381944444445,0.8334166666666667,0.8233319444444444,0.8194875,0.7987465277777779,0.7729458333333333
184566854,181,0.8903128453038673,0.8908225138121547,0.861857044198895,0.8494834254143647,0.8335794198895028,0.8234578729281768,0.8196698895027623,0.7989185082872927,0.7730835635359116
184566854,182,0.8905686813186815,0.8909793956043957,0.861956730769231,0.849548076923077,0.8336847527472527,0.823596153846154,0.8198255494505495,0.7990831043956045,0.7731421703296705
184566854,183,0.8907124316939892,0.8910689890710383,0.8620601092896174,0.8496530054644809,0.8338681693989072,0.8237786885245901,0.8200601092896175,0.7992418032786887,0.7732909836065573
184566854,184,0.8908607336956522,0.8911297554347827,0.8621311141304348,0.849648777173913,0.833961277173913,0.8238702445652174,0.8202676630434782,0.7993614130434783,0.7733851902173913
184566854,185,0.8910209459459459,0.8912283783783784,0.8621824324324324,0.84975,0.8340229729729731,0.8239202702702703,0.8204047297297298,0.7993959459459461,0.7734182432432433
184566854,186,0.8911754032258064,0.8913131720430109,0.8621579301075268,0.8498259408602149,0.8341518817204301,0.8240423387096775,0.8205456989247312,0.7995154569892472,0.7735221774193549
184566854,187,0.8913275401069519,0.8913549465240642,0.8621905080213903,0.8498516042780749,0.8342245989304813,0.8241631016042782,0.8206577540106952,0.7995942513368984,0.7735995989304814
184566854,188,0.8914567819148935,0.8914860372340426,0.8622453457446809,0.849936170212766,0.8343623670212765,0.8242480053191489,0.8207865691489362,0.7996941489361702,0.7736356382978723
184566854,189,0.8915879629629628,0.891545634920635,0.862308201058201,0.8500218253968254,0.8344708994708995,0.8243465608465608,0.8209146825396826,0.799806216931217,0.7737242063492062
184566854,190,0.8917072368421052,0.8916236842105263,0.8623657894736841,0.8500506578947368,0.8345782894736842,0.8244210526315789,0.821042105263158,0.7999243421052631,0.7738039473684211
184566854,191,0.8918743455497383,0.8916223821989528,0.86240445026178,0.8501662303664922,0.8347166230366493,0.8245425392670156,0.8211655759162304,0.7999620418848168,0.7738907068062827
184566854,192,0.8919407552083333,0.8917376302083333,0.86248046875,0.8502330729166666,0.8347955729166666,0.8246705729166668,0.8212845052083333,0.8000729166666667,0.7740462239583332
184566854,193,0.8920822538860103,0.8918510362694299,0.8625207253886009,0.850273316062176,0.8348879533678756,0.8247532383419688,0.8214378238341967,0.8001781088082901,0.7740880829015544
184566854,194,0.8922274484536085,0.8919284793814435,0.8625554123711341,0.8503634020618557,0.8349271907216496,0.8248466494845361,0.8216153350515465,0.8003189432989691,0.7741939432989691
184566854,195,0.8923608974358976,0.8919262820512821,0.8625833333333335,0.8504038461538462,0.8349967948717949,0.8249352564102564,0.8217698717948719,0.8004314102564103,0.7743057692307692
184566854,196,0.8925114795918367,0.8919917091836735,0.8626492346938776,0.8504413265306123,0.8350899234693878,0.8250746173469388,0.8219604591836734,0.8005044642857142,0.7744075255102041
184566854,197,0.8926827411167514,0.8920329949238579,0.8626859137055838,0.8505050761421321,0.8351510152284264,0.8251192893401016,0.8220247461928933,0.8005615482233502,0.7744257614213198
184566854,198,0.8927746212121213,0.8920972222222222,0.8626969696969697,0.8505126262626264,0.8351912878787879,0.8252184343434344,0.8221698232323233,0.8007083333333332,0.7744810606060606
184566854,199,0.8929013819095477,0.8921645728643216,0.8627248743718593,0.8505282663316583,0.8352644472361809,0.8252895728643216,0.822264447236181,0.8007883165829146,0.7744886934673367
184566854,200,0.89300875,0.8922693749999999,0.8628025,0.85058,0.8352862500000001,0.825345,0.8223468749999999,0.8008375,0.7744918749999999
1497586439,1,0.717875,0.80375,0.809875,0.808875,0.81175,0.81575,0.816125,0.806875,0.804125
1497586439,2,0.7535,0.8278125,0.8306875,0.8358125,0.8349375,0.8330625,0.8323125,0.8263125,0.8228125
1497586439,3,0.7690416666666665,0.8342083333333332,0.8399166666666665,0.8428333333333332,0.840125,0.8395833333333332,0.8361249999999999,0.8317916666666666,0.82675
1497586439,4,0.78309375,0.8429375,0.846875,0.84684375,0.8444375,0.8421875,0.83815625,0.83159375,0.82428125
1497586439,5,0.7892750000000001,0.8475250000000001,0.85155,0.847875,0.8455750000000001,0.8425000000000001,0.83845,0.8302250000000001,0.8211000000000002
1497586439,6,0.7954583333333334,0.8499166666666668,0.8547708333333335,0.8516458333333333,0.8452708333333334,0.8423750000000001,0.8360208333333333,0.8273333333333335,0.8169583333333333
1497586439,7,0.8004821428571428,0.8521964285714285,0.8557142857142858,0.8507857142857143,0.8438035714285714,0.8404107142857142,0.8338928571428571,0.8238214285714286,0.8121607142857142
1497586439,8,0.805140625,0.854953125,0.858,0.85053125,0.84196875,0.837265625,0.829203125,0.820015625,0.806625
1497586439,9,0.8095833333333334,0.8577916666666667,0.8589861111111113,0.8504166666666667,0.8415138888888889,0.8369166666666668,0.8275972222222223,0.8161250000000001,0.8015416666666667
1497586439,10,0.8134000000000001,0.8596875000000002,0.8601375000000001,0.8503000000000002,0.8390250000000001,0.8340000000000001,0.823825,0.8125500000000001,0.7976625000000002
1497586439,11,0.816931818181818,0.8604545454545454,0.8606590909090908,0.8483863636363635,0.8372045454545454,0.8319772727272726,0.8217045454545454,0.8102386363636362,0.7937272727272726
1497586439,12,0.8196875,0.8616145833333334,0.8592916666666667,0.84634375,0.8349270833333332,0.8293020833333333,0.8181770833333333,0.8059479166666668,0.7896666666666666
1497586439,13,0.8211442307692309,0.8627788461538463,0.8586250000000002,0.8447692307692309,0.8322403846153847,0.826423076923077,0.8147115384615385,0.8029134615384617,0.7861923076923077
1497586439,14,0.8231607142857144,0.8634375000000001,0.8574464285714287,0.8439464285714287,0.8309553571428572,0.8249553571428572,0.8130089285714287,0.8007410714285714,0.7840982142857145
1497586439,15,0.8244083333333334,0.8638416666666667,0.8574083333333334,0.8422500000000002,0.8287416666666668,0.8229666666666667,0.8108,0.7993333333333333,0.7815583333333334
1497586439,16,0.8262109375,0.86471875,0.8571640625,0.841015625,0.8270234375,0.820453125,0.809015625,0.797,0.7796796875
1497586439,17,0.8272132352941178,0.8648823529411765,0.8559852941176471,0.8394485294117647,0.8246691176470587,0.8181470588235296,0.8064558823529412,0.7953455882352941,0.7774411764705883
1497586439,18,0.8281597222222223,0.865201388888889,0.8558958333333334,0.8390069444444446,0.823625,0.816576388888889,0.8048402777777778,0.7939652777777778,0.7756319444444445
1497586439,19,0.8295986842105264,0.8658684210526315,0.855375,0.8376710526315789,0.8224934210526316,0.8158092105263157,0.8034934210526316,0.791921052631579,0.7744013157894738
1497586439,20,0.8304874999999999,0.8661312499999999,0.8542937500000001,0.8360437500000001,0.8203875,0.81344375,0.80115,0.7893687500000001,0.7722125
1497586439,21,0.8323511904761905,0.866309523809524,0.8544047619047619,0.8355952380952382,0.8187559523809524,0.8120714285714286,0.7993154761904762,0.7874285714285715,0.7710357142857144
1497586439,22,0.8334375,0.8655738636363635,0.8531420454545455,0.8345056818181817,0.8176136363636363,0.8105681818181818,0.7975,0.7862443181818183,0.7698352272727272
1497586439,23,0.8343641304347825,0.8651141304347825,0.8527228260869565,0.8332771739130435,0.8163260869565218,0.8093695652173912,0.7964510869565218,0.7845760869565217,0.7681521739130435
1497586439,24,0.835828125,0.865421875,0.85253125,0.8327083333333333,0.8156145833333333,0.808375,0.795328125,0.78328125,0.7671302083333332
1497586439,25,0.8368150000000001,0.8657050000000001,0.852175,0.8322350000000002,0.8147900000000001,0.8078800000000002,0.7947150000000001,0.78225,0.7661549999999999
1497586439,26,0.8379567307692309,0.8657884615384617,0.8515721153846155,0.8318701923076923,0.8143461538461539,0.8071057692307693,0.7935961538461539,0.7816682692307693,0.7652884615384616
1497586439,27,0.8390462962962963,0.866111111111111,0.8515925925925926,0.8315787037037037,0.8140740740740742,0.8063101851851853,0.7929629629629631,0.780875,0.7651574074074073
1497586439,28,0.83928125,0.8660089285714285,0.8510491071428571,0.8312098214285715,0.81340625,0.8053794642857144,0.7922455357142857,0.7797008928571428,0.7648214285714287
1497586439,29,0.8402112068965517,0.8657887931034481,0.8507198275862069,0.8303103448275863,0.8128706896551723,0.8048534482758621,0.791905172413793,0.7786853448275862,0.7643491379310345
1497586439,30,0.8411333333333334,0.8658708333333336,0.8504166666666667,0.8296083333333335,0.8122916666666667,0.8042333333333334,0.7912625000000001,0.7777625,0.7635
1497586439,31,0.8413064516129032,0.8657459677419354,0.8501854838709677,0.8294475806451612,0.8115,0.8034435483870968,0.7904838709677419,0.777241935483871,0.7632137096774193
1497586439,32,0.842328125,0.86565234375,0.84990625,0.82928515625,0.8108125,0.803125,0.79020703125,0.7768046875,0.76292578125
1497586439,33,0.8430151515151515,0.8659545454545454,0.8498674242424241,0.8291893939393938,0.8106628787878788,0.8029318181818182,0.790030303030303,0.7761931818181818,0.7628560606060605
1497586439,34,0.843875,0.8658125000000001,0.8493198529411766,0.8288235294117648,0.8101433823529413,0.8024595588235295,0.7895477941176471,0.7757683823529412,0.7620808823529412
1497586439,35,0.8445392857142858,0.8659857142857144,0.8495785714285715,0.8289321428571429,0.8102285714285715,0.8022607142857143,0.7893000000000001,0.7754678571428573,0.7620857142857144
1497586439,36,0.8453506944444444,0.8660451388888889,0.8498541666666666,0.8290173611111111,0.8102777777777779,0.8021701388888889,0.7893402777777778,0.7751770833333333,0.7620034722222223
1497586439,37,0.8459864864864864,0.8657635135135135,0.8494222972972973,0.828554054054054,0.8095168918918919,0.8014662162162163,0.788831081081081,0.7744054054054054,0.7613682432432434
1497586439,38,0.8468092105263159,0.8657796052631578,0.8495822368421052,0.8283848684210527,0.8091809210526315,0.8010032894736842,0.7884144736842104,0.7743519736842104,0.7611677631578948
1497586439,39,0.8478910256410257,0.8657500000000002,0.8498685897435898,0.828397435897436,0.8088429487179488,0.8007628205128206,0.7878878205128206,0.773948717948718,0.7608461538461538
1497586439,40,0.8489625,0.8657500000000001,0.8497437500000001,0.8287687499999999,0.8086937500000001,0.8004249999999999,0.78763125,0.7734812499999999,0.760503125
1497586439,41,0.8495884146341465,0.8658628048780488,0.8494603658536586,0.8288048780487806,0.8083475609756099,0.799908536585366,0.7874329268292684,0.7735243902439024,0.7606128048780488
1497586439,42,0.8505059523809525,0.8660773809523811,0.8497946428571429,0.8290565476190477,0.8085119047619048,0.7998779761904763,0.7873541666666667,0.7735773809523809,0.7608482142857144
1497586439,43,0.8513779069767441,0.8662499999999999,0.8499156976744184,0.8290639534883719,0.8084999999999999,0.7999999999999998,0.7872093023255814,0.7733808139534883,0.7607441860465115
1497586439,44,0.8525056818181818,0.8665454545454545,0.8500710227272728,0.8292272727272727,0.80834375,0.7999431818181818,0.7870454545454545,0.7735085227272728,0.7607727272727273
1497586439,45,0.8530083333333335,0.8667527777777779,0.8502472222222224,0.8294194444444445,0.8084416666666668,0.7998333333333335,0.7869388888888889,0.7737444444444446,0.7608777777777778
1497586439,46,0.8536630434782608,0.8667146739130435,0.8502119565217391,0.829383152173913,0.8085190217391304,0.7997445652173912,0.7866929347826087,0.7737744565217392,0.760820652173913
1497586439,47,0.8543351063829787,0.8666462765957447,0.8501143617021276,0.8293962765957447,0.8082313829787233,0.7995106382978723,0.7867553191489363,0.7737234042553192,0.7610292553191489
1497586439,48,0.8545494791666668,0.866703125,0.8499557291666666,0.829640625,0.808203125,0.7994635416666668,0.7868958333333332,0.7738255208333332,0.7611354166666667
1497586439,49,0.8549974489795918,0.8667704081632653,0.8499770408163265,0.8297244897959183,0.8085229591836735,0.7994719387755101,0.7870229591836735,0.7737653061224489,0.7610178571428571
1497586439,50,0.8558250000000001,0.8671325000000001,0.8502675,0.8301124999999999,0.8087850000000001,0.7997675000000001,0.7872125,0.7739425,0.7610975000000001
1497586439,51,0.8562818627450981,0.8671985294117649,0.8502352941176471,0.8300196078431373,0.8087769607843138,0.7998137254901961,0.7870710784313726,0.7740318627450982,0.7610441176470588
1497586439,52,0.8568221153846154,0.8672932692307693,0.85,0.83015625,0.8087932692307693,0.7997475961538462,0.7869927884615384,0.7741995192307691,0.7611394230769231
1497586439,53,0.8575849056603775,0.8674575471698113,0.8499787735849056,0.8303466981132076,0.8088490566037735,0.7997240566037735,0.786938679245283,0.7742995283018868,0.7611320754716981
1497586439,54,0.8582384259259259,0.8679375,0.8503263888888889,0.8307986111111111,0.8091689814814814,0.8000671296296297,0.7872847222222222,0.7745949074074076,0.7613171296296296
1497586439,55,0.8586045454545453,0.8682954545454545,0.8504931818181817,0.8311227272727272,0.809375,0.8001681818181818,0.7872636363636364,0.7747568181818182,0.7616704545454545
1497586439,56,0.8589263392857144,0.8683147321428571,0.8505491071428571,0.8313303571428571,0.8092254464285714,0.800109375,0.7873080357142858,0.774875,0.7618459821428571
1497586439,57,0.8595723684210526,0.8684583333333333,0.850561403508772,0.8313245614035089,0.809390350877193,0.8000964912280701,0.7874100877192982,0.7748684210526315,0.7618157894736841
1497586439,58,0.8601422413793104,0.8686788793103449,0.8507155172413793,0.8316487068965517,0.8095237068965516,0.8002068965517242,0.7876465517241379,0.7751853448275863,0.7619698275862069
1497586439,59,0.8607605932203389,0.8690021186440677,0.8508199152542373,0.8318008474576271,0.8097097457627119,0.8001991525423728,0.78775,0.775375,0.7622330508474576
1497586439,60,0.8612541666666668,0.8692395833333333,0.8510770833333333,0.8322083333333332,0.8098354166666667,0.8005666666666668,0.7882916666666667,0.7757333333333334,0.7623562500000001
1497586439,61,0.861516393442623,0.8694549180327868,0.8511209016393442,0.8321065573770493,0.809938524590164,0.8006311475409836,0.788516393442623,0.7759118852459017,0.762514344262295
1497586439,62,0.8621189516129032,0.8695766129032257,0.8511774193548388,0.8322298387096774,0.8099677419354839,0.8006915322580646,0.7886451612903226,0.7758891129032257,0.7625403225806451
1497586439,63,0.8624801587301589,0.8696488095238096,0.8511884920634921,0.832295634920635,0.8099920634920637,0.8008333333333335,0.7887103174603175,0.7759940476190477,0.7626289682539682
1497586439,64,0.863068359375,0.869783203125,0.85108984375,0.83240234375,0.810041015625,0.800951171875,0.7887890625,0.776080078125,0.762525390625
1497586439,65,0.8636250000000002,0.8699346153846156,0.8511288461538463,0.8324538461538462,0.8101038461538462,0.800875,0.7888480769230771,0.7760019230769232,0.7623673076923078
1497586439,66,0.8642121212121211,0.8701704545454545,0.8512405303030303,0.8325738636363635,0.8103920454545455,0.8010359848484847,0.789121212121212,0.7760776515151515,0.762435606060606
1497586439,67,0.8648246268656717,0.8704365671641792,0.8514888059701493,0.8327108208955224,0.8107182835820896,0.8013488805970149,0.7894626865671641,0.776358208955224,0.7623264925373134
1497586439,68,0.8654595588235295,0.8705900735294118,0.8514577205882353,0.8330330882352941,0.8110919117647059,0.8016470588235295,0.7897426470588236,0.7766286764705882,0.7623805147058823
1497586439,69,0.8659692028985507,0.870856884057971,0.8515489130434784,0.8331539855072464,0.811302536231884,0.8018605072463768,0.7900235507246376,0.7767844202898552,0.762375
1497586439,70,0.8666357142857144,0.8711625000000002,0.851632142857143,0.8334125000000001,0.8114410714285715,0.8019928571428573,0.7901964285714286,0.7770339285714286,0.7625357142857143
1497586439,71,0.8671021126760563,0.8715774647887324,0.851757042253521,0.833681338028169,0.8117059859154929,0.8023151408450704,0.7904419014084507,0.7772676056338027,0.7626936619718311
1497586439,72,0.8676527777777777,0.8717065972222222,0.85190625,0.8338072916666668,0.811861111111111,0.8025104166666668,0.7906996527777779,0.7775104166666668,0.7627881944444443
1497586439,73,0.8680017123287671,0.871763698630137,0.8519212328767123,0.834029109589041,0.8119178082191781,0.8025753424657533,0.7909520547945206,0.7776147260273972,0.7626969178082191
1497586439,74,0.8685287162162163,0.8721300675675675,0.8520304054054054,0.8342804054054054,0.8122263513513513,0.8028125,0.7912787162162163,0.7778935810810811,0.7626418918918919
1497586439,75,0.86894,0.8721599999999999,0.8520516666666668,0.8343516666666667,0.8123333333333334,0.8029166666666666,0.7914733333333334,0.7780066666666666,0.7626666666666666
1497586439,76,0.8694720394736841,0.8724506578947369,0.8521134868421053,0.8346266447368421,0.8125805921052631,0.8031151315789473,0.7918207236842104,0.7781776315789474,0.7627039473684211
1497586439,77,0.8700698051948053,0.8726509740259739,0.8521087662337662,0.8347207792207791,0.8126931818181817,0.8032613636363636,0.7919464285714286,0.7781818181818182,0.7626477272727272
1497586439,78,0.8705657051282053,0.8729102564102565,0.8522163461538462,0.835011217948718,0.8129663461538462,0.8035897435897437,0.7922243589743592,0.7783910256410258,0.7628333333333334
1497586439,79,0.8709920886075948,0.8730933544303796,0.852259493670886,0.8351518987341772,0.8131629746835443,0.8038069620253163,0.7926740506329113,0.7784731012658228,0.7629113924050632
1497586439,80,0.8713390624999999,0.87338125,0.8524625000000001,0.8354046874999999,0.8135109374999999,0.8039921875,0.792996875,0.7787109375,0.7630843749999999
1497586439,81,0.8719351851851852,0.8736172839506172,0.8525756172839506,0.8356527777777777,0.8138055555555556,0.804283950617284,0.7932700617283952,0.7788904320987654,0.7632253086419752
1497586439,82,0.8721280487804878,0.873719512195122,0.8525777439024391,0.8358993902439026,0.8140579268292684,0.804594512195122,0.7937423780487806,0.7790442073170731,0.763376524390244
1497586439,83,0.872539156626506,0.8739231927710843,0.8527063253012047,0.8360512048192771,0.8144051204819276,0.8047906626506024,0.7941626506024098,0.7794126506024096,0.7635978915662649
1497586439,84,0.8729940476190476,0.8740758928571429,0.8527752976190476,0.8362693452380952,0.8148095238095239,0.8051160714285714,0.7944434523809524,0.7796741071428571,0.7637752976190476
1497586439,85,0.8733014705882354,0.8743029411764708,0.8528544117647059,0.8364029411764706,0.8152573529411766,0.8053647058823531,0.7947705882352942,0.7799308823529413,0.7638735294117647
1497586439,86,0.8737063953488373,0.8744912790697675,0.8529171511627908,0.8366816860465117,0.8155465116279069,0.8057529069767442,0.7951744186046511,0.7803255813953489,0.7639912790697674
1497586439,87,0.8741020114942528,0.8747902298850574,0.8531336206896551,0.8370344827586207,0.8158074712643678,0.8059655172413793,0.7954252873563219,0.7805502873563218,0.7640071839080459
1497586439,88,0.8746036931818181,0.8751363636363636,0.853359375,0.8372357954545455,0.8160539772727272,0.8062173295454546,0.7957002840909091,0.780734375,0.7641789772727272
1497586439,89,0.8749662921348316,0.8753384831460673,0.8534494382022472,0.8372570224719101,0.8163286516853931,0.8064803370786517,0.7959985955056179,0.781008426966292,0.764443820224719
1497586439,90,0.8755416666666668,0.875627777777778,0.853601388888889,0.8373875000000001,0.8165277777777779,0.8065625,0.7962041666666666,0.7811694444444445,0.7646666666666666
1497586439,91,0.8756016483516484,0.8758324175824177,0.8536634615384616,0.8376263736263737,0.8167596153846155,0.8067664835164835,0.7964807692307693,0.7813461538461539,0.7649065934065934
1497586439,92,0.8756779891304347,0.8759198369565218,0.853616847826087,0.8377364130434782,0.8170176630434782,0.8068641304347827,0.796710597826087,0.7814619565217391,0.7650339673913044
1497586439,93,0.8757338709677418,0.8761451612903225,0.853638440860215,0.837856182795699,0.8172069892473118,0.8070067204301075,0.7969381720430105,0.7816048387096775,0.7651854838709679
1497586439,94,0.8759122340425531,0.8765571808510639,0.8538856382978722,0.8381502659574468,0.8175718085106383,0.8073351063829787,0.7973085106382978,0.7819561170212765,0.7653045212765958
1497586439,95,0.8760473684210526,0.8768947368421052,0.8541236842105263,0.8383684210526317,0.8178947368421052,0.8076184210526317,0.7976263157894736,0.7821105263157895,0.7654736842105262
1497586439,96,0.8761692708333333,0.8769544270833334,0.8542161458333334,0.83850390625,0.8181341145833333,0.8078307291666668,0.79791796875,0.7821809895833334,0.7655846354166667
1497586439,97,0.8762719072164951,0.8771997422680413,0.8543492268041238,0.8386353092783506,0.8183479381443299,0.8080051546391753,0.7983234536082475,0.7822577319587629,0.765778350515464
1497586439,98,0.8764783163265306,0.8775637755102041,0.8544387755102041,0.8388826530612246,0.8186875,0.8081390306122448,0.7986428571428571,0.7823941326530612,0.7659502551020408
1497586439,99,0.8765795454545455,0.877709595959596,0.8545883838383839,0.8390744949494949,0.8189835858585858,0.8084204545454545,0.7989898989898989,0.7825934343434344,0.7660467171717171
1497586439,100,0.8767012500000001,0.87788375,0.8547212500000001,0.83920375,0.81911875,0.8085987500000001,0.7992774999999999,0.782655,0.76615875
1497586439,101,0.8768811881188119,0.8782475247524754,0.8549047029702972,0.8393069306930694,0.8195222772277229,0.8088787128712872,0.7996831683168318,0.7828935643564358,0.7664133663366337
1497586439,102,0.8769571078431373,0.8783921568627452,0.8550416666666667,0.8394546568627452,0.8197144607843139,0.8090355392156864,0.8000355392156863,0.7831286764705883,0.7665833333333334
1497586439,103,0.8770230582524272,0.8785570388349515,0.8551359223300972,0.8395327669902913,0.8197973300970873,0.8092402912621359,0.8001771844660194,0.783257281553398,0.7667123786407767
1497586439,104,0.8770901442307693,0.8788016826923076,0.8551358173076924,0.8396682692307692,0.8200024038461539,0.8093485576923077,0.8005120192307692,0.7833641826923077,0.7667415865384617
1497586439,105,0.877232142857143,0.8790988095238097,0.8553571428571429,0.8399083333333334,0.8203571428571429,0.8095928571428571,0.8009154761904763,0.7836083333333334,0.766872619047619
1497586439,106,0.8775094339622641,0.8795294811320755,0.8556132075471697,0.8401945754716981,0.8207169811320755,0.8099504716981132,0.801306603773585,0.783811320754717,0.7670436320754717
1497586439,107,0.8776904205607478,0.8797242990654206,0.8557289719626168,0.8404205607476636,0.8210677570093458,0.8101927570093458,0.8016869158878505,0.784036214953271,0.7672535046728972
1497586439,108,0.8779305555555555,0.8799004629629631,0.8559270833333332,0.8406053240740742,0.8213229166666668,0.8104780092592594,0.8020659722222222,0.7842858796296296,0.7674571759259259
1497586439,109,0.8780745412844038,0.8801123853211009,0.8560676605504587,0.840730504587156,0.8215538990825688,0.8108016055045871,0.8025458715596331,0.7845470183486238,0.7677029816513762
1497586439,110,0.8782125000000001,0.8803045454545454,0.85615,0.8407579545454544,0.8217522727272727,0.8108636363636362,0.8028136363636365,0.7846897727272727,0.7678170454545454
1497586439,111,0.8782488738738738,0.8805270270270271,0.8562736486486486,0.8408265765765766,0.8220123873873874,0.8110788288288289,0.8031373873873874,0.7849110360360361,0.7679031531531532
1497586439,112,0.8783526785714286,0.8806830357142857,0.8563738839285715,0.8409709821428571,0.8220948660714286,0.8111819196428571,0.8033928571428571,0.7851149553571429,0.7680345982142857
1497586439,113,0.8784900442477876,0.8810121681415929,0.8564513274336283,0.8411504424778762,0.8223473451327433,0.8113595132743362,0.8036836283185842,0.7853484513274336,0.768141592920354
1497586439,114,0.8786217105263159,0.8811633771929824,0.856577850877193,0.8413837719298246,0.822501096491228,0.811530701754386,0.8039517543859649,0.7854780701754386,0.7682434210526315
1497586439,115,0.8788010869565217,0.8814358695652175,0.856754347826087,0.8416695652173913,0.8228358695652174,0.8118347826086956,0.8043402173913043,0.7857913043478261,0.7683304347826087
1497586439,116,0.8788534482758621,0.8817047413793104,0.856876077586207,0.8417370689655173,0.8230280172413793,0.8120678879310345,0.8045528017241379,0.7859956896551723,0.768354525862069
1497586439,117,0.8791185897435898,0.8819818376068377,0.8570416666666667,0.8419818376068378,0.8232713675213676,0.8122863247863248,0.8048803418803421,0.7862681623931626,0.7684412393162394
1497586439,118,0.8791853813559322,0.8821207627118643,0.8571239406779662,0.8421324152542372,0.8234555084745762,0.8124247881355932,0.8051324152542372,0.7864608050847457,0.7684735169491526
1497586439,119,0.8792594537815128,0.8822394957983195,0.8571953781512607,0.8421743697478993,0.8237195378151262,0.8126250000000002,0.8054915966386555,0.7867615546218487,0.7685283613445378
1497586439,120,0.8794770833333333,0.8824906249999999,0.8571614583333332,0.8422666666666666,0.8238885416666667,0.8127166666666666,0.8057708333333333,0.7869375,0.7685645833333333
1497586439,121,0.8795361570247933,0.8825247933884298,0.8571993801652893,0.8423109504132231,0.8240227272727273,0.8127407024793388,0.8060010330578513,0.7870247933884298,0.7685216942148761
1497586439,122,0.8797049180327869,0.8826844262295083,0.8572889344262296,0.8424405737704919,0.82425,0.8128678278688525,0.806389344262295,0.78725,0.7686659836065574
1497586439,123,0.879895325203252,0.8829166666666667,0.8573638211382114,0.8425487804878049,0.8244878048780488,0.813079268292683,0.8067052845528455,0.7874146341463414,0.7687520325203252
1497586439,124,0.8800997983870968,0.8831612903225807,0.8575191532258064,0.842686491935484,0.8246622983870968,0.8132368951612903,0.8069778225806451,0.7876078629032258,0.7689334677419355
1497586439,125,0.8802840000000001,0.8833700000000001,0.857644,0.8427899999999999,0.824839,0.8134210000000001,0.807253,0.787778,0.7690650000000001
1497586439,126,0.8804593253968256,0.8834474206349208,0.8577232142857144,0.8428878968253969,0.8249900793650794,0.8135873015873016,0.8075426587301588,0.7878809523809525,0.7690515873015873
1497586439,127,0.8805905511811024,0.8834872047244096,0.85773031496063,0.8428484251968504,0.8251712598425197,0.8136122047244096,0.8076505905511813,0.7879468503937008,0.7690187007874018
1497586439,128,0.8806416015625,0.8836044921875,0.8577734375,0.842908203125,0.825302734375,0.81372265625,0.8078037109375,0.7881044921875,0.769025390625
1497586439,129,0.880783914728682,0.88384496124031,0.857908914728682,0.8430087209302324,0.8254631782945735,0.8138866279069766,0.8081782945736432,0.7882180232558139,0.7690823643410851
1497586439,130,0.8809798076923079,0.8839682692307694,0.8579759615384617,0.8432192307692309,0.8256634615384617,0.814058653846154,0.8084038461538462,0.7883759615384617,0.7691269230769232
1497586439,131,0.8811211832061068,0.8841335877862596,0.8580267175572519,0.8432767175572519,0.8258043893129772,0.8142032442748092,0.8086507633587787,0.7884751908396948,0.7691202290076338
1497586439,132,0.881403409090909,0.8843873106060606,0.8580407196969697,0.8434138257575757,0.8260482954545455,0.8143418560606062,0.8088806818181817,0.7885511363636364,0.7691988636363637
1497586439,133,0.8816127819548871,0.8845723684210527,0.8580892857142858,0.8433975563909774,0.8261372180451129,0.814407894736842,0.8091118421052631,0.7886663533834586,0.7692396616541353
1497586439,134,0.8817901119402985,0.8846436567164179,0.8582537313432835,0.8434645522388059,0.826259328358209,0.814491604477612,0.8093283582089552,0.7888162313432836,0.7693330223880597
1497586439,135,0.8819879629629629,0.8847407407407407,0.8583481481481481,0.8436148148148147,0.8265138888888889,0.8146824074074074,0.8096203703703705,0.7889981481481482,0.7694416666666667
1497586439,136,0.8821691176470587,0.8848970588235295,0.858454044117647,0.8436939338235294,0.8266994485294117,0.8148630514705882,0.8099375,0.7891470588235294,0.7695137867647058
1497586439,137,0.8823020072992701,0.8850145985401461,0.8585538321167883,0.8437864963503651,0.8268111313868612,0.8149452554744525,0.8101815693430657,0.7892919708029198,0.7695802919708029
1497586439,138,0.8825009057971015,0.8852083333333333,0.8585570652173913,0.8438768115942028,0.8269936594202899,0.8151603260869565,0.8104791666666666,0.7894628623188407,0.7696277173913043
1497586439,139,0.8827014388489208,0.8854487410071943,0.8586726618705036,0.8439586330935253,0.8271753597122301,0.8152544964028777,0.8107014388489209,0.7896420863309352,0.769726618705036
1497586439,140,0.8828410714285715,0.8855892857142856,0.8586151785714284,0.8440562500000001,0.82725625,0.8153553571428572,0.8109107142857143,0.7896607142857143,0.7697392857142857
1497586439,141,0.883063829787234,0.8857251773049645,0.85860195035461,0.8441054964539008,0.8274024822695035,0.8154264184397164,0.8110886524822695,0.7897437943262412,0.7697411347517731
1497586439,142,0.8832403169014085,0.8859031690140845,0.8586593309859155,0.8442570422535212,0.8275853873239437,0.8156355633802818,0.8113177816901409,0.7899005281690141,0.7699797535211268
1497586439,143,0.8834222027972027,0.8860297202797202,0.8587360139860138,0.8443225524475524,0.8277674825174824,0.8157246503496504,0.811527972027972,0.7899659090909091,0.7700524475524476
1497586439,144,0.8836848958333333,0.8861710069444445,0.8588324652777778,0.844390625,0.8278706597222222,0.8157786458333334,0.8117743055555556,0.7901059027777778,0.7701657986111111
1497586439,145,0.8838431034482759,0.8863879310344828,0.8589146551724138,0.8444594827586208,0.8280293103448276,0.8157948275862069,0.8118913793103447,0.7902094827586207,0.7702224137931034
1497586439,146,0.884013698630137,0.8865556506849315,0.8591053082191781,0.8445821917808218,0.8282782534246576,0.8159152397260274,0.8121823630136987,0.7904109589041095,0.7703904109589041
1497586439,147,0.8842287414965987,0.8866318027210884,0.8591870748299321,0.8447057823129251,0.8285110544217686,0.8161062925170067,0.8124413265306122,0.7905858843537414,0.7705654761904762
1497586439,148,0.8844113175675675,0.8868530405405405,0.8593023648648649,0.8448538851351352,0.8286680743243244,0.8162550675675675,0.8127043918918919,0.790758445945946,0.7706765202702702
1497586439,149,0.884606543624161,0.887020134228188,0.8593758389261745,0.8450243288590604,0.8288112416107383,0.8163028523489932,0.8129412751677851,0.7908842281879195,0.7707248322147651
1497586439,150,0.8848441666666667,0.8872241666666666,0.85948,0.8452658333333333,0.8289933333333334,0.8164575,0.8131649999999999,0.7909875000000001,0.7708108333333332
1497586439,151,0.885066225165563,0.8874511589403974,0.8596192052980133,0.8453468543046359,0.8292011589403974,0.8166307947019867,0.8133998344370862,0.7910836092715232,0.7708783112582781
1497586439,152,0.8851973684210527,0.8876036184210527,0.8597442434210527,0.8454629934210526,0.8293922697368421,0.8168050986842106,0.813641447368421,0.7911784539473684,0.7708643092105263
1497586439,153,0.8853423202614381,0.8877385620915034,0.8598349673202615,0.845608660130719,0.8295800653594771,0.8169591503267974,0.8139468954248366,0.7913611111111112,0.7709158496732027
1497586439,154,0.8855186688311687,0.8878693181818182,0.8599577922077922,0.8457337662337663,0.8297126623376623,0.8170738636363636,0.8142167207792207,0.7914586038961039,0.7709602272727273
1497586439,155,0.8856524193548387,0.888024193548387,0.8600999999999999,0.8458185483870968,0.8298645161290322,0.8172129032258065,0.8144685483870968,0.791632258064516,0.7711241935483871
1497586439,156,0.8857508012820513,0.8880897435897436,0.8601201923076924,0.8459591346153846,0.8300336538461538,0.8173189102564102,0.8147171474358974,0.791715544871795,0.7711714743589744
1497586439,157,0.8860398089171975,0.8882571656050956,0.8601894904458599,0.8460740445859872,0.8302101910828026,0.817484872611465,0.8149641719745223,0.7918980891719746,0.7712770700636943
1497586439,158,0.8862523734177216,0.8884691455696202,0.8602705696202532,0.8461835443037975,0.830373417721519,0.8176685126582279,0.81525,0.7920514240506329,0.7713900316455697
1497586439,159,0.8863828616352203,0.8885746855345913,0.8602885220125785,0.846239779874214,0.830506289308176,0.8177688679245283,0.8154363207547171,0.7920770440251572,0.7715220125786163
1497586439,160,0.8865164062499999,0.88867578125,0.8604164062499999,0.8462890625,0.83062109375,0.8178546874999999,0.815553125,0.79215,0.7715445312500001
1497586439,161,0.886692546583851,0.8887864906832299,0.8605170807453416,0.846416149068323,0.8308850931677019,0.818014751552795,0.8158517080745341,0.7923159937888199,0.7716195652173913
1497586439,162,0.8867160493827161,0.8888603395061728,0.8605547839506174,0.8464984567901235,0.8309953703703704,0.8181211419753086,0.8159814814814815,0.7924344135802469,0.7716435185185184
1497586439,163,0.8869187116564416,0.8890728527607362,0.8606748466257669,0.8466134969325153,0.8312239263803681,0.818305981595092,0.8162361963190184,0.7925736196319019,0.7717147239263804
1497586439,164,0.8870693597560976,0.8891608231707318,0.8607355182926828,0.8466829268292684,0.8313384146341464,0.8183734756097562,0.8164626524390244,0.7927088414634146,0.771719512195122
1497586439,165,0.8872522727272727,0.8893121212121211,0.8608378787878788,0.8467734848484848,0.8314651515151514,0.8185045454545454,0.8166378787878787,0.7927560606060606,0.7717689393939394
1497586439,166,0.8873780120481927,0.8893591867469879,0.8608493975903615,0.8468742469879518,0.8315805722891566,0.8186408132530121,0.8168335843373494,0.7928411144578312,0.7718185240963855
1497586439,167,0.8875082335329342,0.8894663173652696,0.8609056886227545,0.8469498502994012,0.8316384730538923,0.8186826347305389,0.8169985029940119,0.7929236526946108,0.7717702095808383
1497586439,168,0.8877075892857144,0.8895989583333332,0.8610379464285715,0.847029761904762,0.8318236607142858,0.8187678571428572,0.8171614583333333,0.7929747023809524,0.7717715773809523
1497586439,169,0.8878350591715976,0.8897041420118343,0.861073224852071,0.8471309171597633,0.8319008875739645,0.8189031065088757,0.8173920118343195,0.7930414201183432,0.7718025147928993
1497586439,170,0.8879514705882354,0.8898000000000001,0.8611132352941178,0.8471786764705883,0.8320080882352943,0.8189705882352941,0.8175683823529412,0.7930963235294118,0.7718308823529412
1497586439,171,0.8880233918128655,0.8899035087719299,0.8611059941520468,0.8472149122807018,0.8320197368421052,0.819016081871345,0.8177361111111111,0.7931271929824562,0.7718852339181286
1497586439,172,0.8882340116279069,0.8900457848837209,0.8613088662790698,0.8473357558139535,0.832202034883721,0.8191736918604651,0.81796875,0.7932209302325582,0.7720138081395348
1497586439,173,0.8884226878612717,0.8901820809248554,0.8614342485549132,0.8473836705202311,0.832278901734104,0.8192189306358382,0.8180823699421965,0.7933078034682081,0.7721734104046243
1497586439,174,0.8886041666666666,0.8902816091954023,0.8615129310344828,0.8474130747126437,0.8323520114942529,0.8192097701149424,0.8182327586206896,0.7934137931034483,0.7722614942528736
1497586439,175,0.8887985714285714,0.8903728571428571,0.8615771428571428,0.8473914285714286,0.8323714285714287,0.8192128571428571,0.8183778571428573,0.7934614285714285,0.7723178571428571
1497586439,176,0.8889225852272727,0.8904900568181817,0.8616931818181819,0.8475255681818181,0.8325213068181817,0.8192705965909091,0.8185603693181818,0.7935170454545455,0.7723536931818182
1497586439,177,0.8890677966101695,0.8906426553672316,0.8617175141242938,0.8475388418079095,0.8326024011299434,0.8193983050847458,0.81872104519774,0.7935805084745763,0.7724413841807909
1497586439,178,0.8892991573033707,0.8908419943820225,0.8618574438202247,0.8476362359550562,0.8328047752808989,0.8195983146067416,0.8189220505617978,0.793681179775281,0.7725337078651685
1497586439,179,0.8894965083798883,0.8909022346368716,0.8619287709497206,0.8476885474860335,0.8328952513966481,0.8196466480446927,0.8190265363128492,0.793747905027933,0.7725572625698325
1497586439,180,0.8895770833333333,0.89096875,0.8619708333333334,0.8477618055555555,0.8329451388888889,0.8197013888888889,0.8191819444444445,0.7938,0.772598611111111
1497586439,181,0.8897845303867402,0.891039364640884,0.8620359116022099,0.8478494475138123,0.8330835635359117,0.8197824585635359,0.8194074585635359,0.793907458563536,0.7727410220994475
1497586439,182,0.8900219780219781,0.8911847527472528,0.8621318681318683,0.8479004120879122,0.8332184065934067,0.8198372252747254,0.8195309065934067,0.7940364010989012,0.7727678571428571
1497586439,183,0.8902158469945356,0.8912848360655737,0.8622342896174864,0.8479890710382514,0.8333975409836065,0.8199631147540983,0.819735655737705,0.794176912568306,0.7728907103825137
1497586439,184,0.8903451086956522,0.8913478260869565,0.8623213315217393,0.8480978260869565,0.8334748641304347,0.8200421195652174,0.8198953804347826,0.7943274456521738,0.7729775815217391
1497586439,185,0.8904614864864865,0.8914243243243243,0.8623831081081081,0.848162837837838,0.8334797297297297,0.8200425675675677,0.8199858108108108,0.7943925675675675,0.7729783783783785
1497586439,186,0.8906122311827956,0.8914569892473118,0.8623756720430108,0.848209005376344,0.8335389784946237,0.8201081989247312,0.8201438172043011,0.7944764784946238,0.7730631720430108
1497586439,187,0.8907573529411764,0.8915200534759358,0.86238435828877,0.8482901069518716,0.8336042780748663,0.82014371657754,0.8202613636363636,0.7946016042780748,0.7731744652406417
1497586439,188,0.8909341755319149,0.8916609042553192,0.8624328457446809,0.8483590425531916,0.8337027925531916,0.8202054521276596,0.8203823138297872,0.7947400265957447,0.7732400265957446
1497586439,189,0.8910456349206348,0.8917791005291006,0.8624887566137566,0.8484047619047619,0.8338320105820105,0.8202367724867724,0.8205337301587301,0.7948412698412699,0.7733227513227513
1497586439,190,0.8911697368421053,0.8918335526315789,0.8625190789473683,0.8484032894736843,0.8338980263157895,0.820254605263158,0.8206144736842106,0.7949631578947369,0.7734236842105263
1497586439,191,0.8913285340314137,0.8918350785340314,0.8625530104712041,0.8484267015706807,0.8340595549738221,0.820318717277487,0.8208043193717278,0.7950876963350786,0.773484947643979
1497586439,192,0.8914498697916666,0.8918971354166666,0.8626041666666667,0.8485032552083334,0.8341588541666668,0.82035546875,0.82090234375,0.7952037760416667,0.7736061197916666
1497586439,193,0.8915207253886008,0.8920084196891191,0.862657383419689,0.8485317357512953,0.8342376943005181,0.8204170984455958,0.8210615284974092,0.7952493523316061,0.7736386010362694
1497586439,194,0.8916694587628867,0.8920496134020619,0.8627177835051548,0.8486346649484537,0.8343002577319589,0.8204819587628868,0.8212422680412372,0.7954020618556701,0.7737023195876289
1497586439,195,0.8917852564102566,0.8920602564102567,0.8627083333333335,0.8487096153846155,0.834346153846154,0.8205506410256412,0.8213884615384616,0.7955570512820513,0.7737750000000001
1497586439,196,0.8919196428571429,0.8921530612244899,0.8627882653061224,0.8487519132653062,0.8344317602040817,0.8205982142857142,0.8215554846938776,0.7956709183673469,0.7738322704081633
1497586439,197,0.8920482233502539,0.8922055837563452,0.8628394670050761,0.8487842639593909,0.8345260152284263,0.820623730964467,0.8216065989847716,0.7957005076142132,0.7738223350253807
1497586439,198,0.8921515151515151,0.8922733585858585,0.8628005050505051,0.8487967171717172,0.8345934343434344,0.8206407828282828,0.8216837121212122,0.7957607323232323,0.7738049242424242
1497586439,199,0.8922713567839196,0.8923222361809044,0.8628335427135678,0.8488140703517588,0.8346934673366834,0.8206576633165829,0.8217902010050252,0.7958260050251256,0.7737763819095478
1497586439,200,0.89236375,0.89242625,0.8628812499999999,0.8488675000000001,0.834758125,0.8206749999999999,0.8219006249999999,0.795911875,0.773761875
432652533,1,0.717875,0.802875,0.809625,0.814625,0.8115,0.810125,0.814375,0.80975,0.803
432652533,2,0.7531875,0.828375,0.8300625,0.837625,0.8345625,0.832875,0.831,0.8266875,0.8221875
432652533,3,0.7695,0.832875,0.8390416666666665,0.844125,0.8388333333333332,0.8381249999999999,0.8357083333333333,0.8315833333333332,0.8265416666666666
432652533,4,0.78271875,0.84171875,0.84553125,0.846875,0.8430625,0.83965625,0.83871875,0.83278125,0.824375
432652533,5,0.789575,0.84755,0.8509249999999999,0.8491000000000001,0.845075,0.8416500000000001,0.8379000000000001,0.8307,0.8206000000000001
432652533,6,0.7951041666666667,0.8497291666666668,0.8542083333333333,0.8523541666666667,0.8450833333333335,0.8406041666666667,0.835875,0.8283541666666667,0.8174375
432652533,7,0.8003035714285713,0.8520714285714285,0.8550357142857142,0.8513214285714286,0.8430178571428572,0.8391607142857143,0.8336964285714287,0.8247857142857142,0.8125178571428571
432652533,8,0.804578125,0.855328125,0.858109375,0.850921875,0.841609375,0.83671875,0.828984375,0.8205625,0.807109375
432652533,9,0.8090833333333335,0.8574583333333334,0.8586666666666669,0.8512916666666668,0.8412777777777778,0.8364583333333335,0.8268472222222223,0.8168472222222223,0.801638888888889
432652533,10,0.8129625000000001,0.8597375,0.8596875000000002,0.850825,0.8391750000000001,0.8331125000000001,0.8234250000000002,0.8130250000000001,0.7983625000000001
432652533,11,0.8168295454545454,0.860715909090909,0.8601249999999999,0.8489772727272726,0.8368863636363635,0.8309999999999998,0.8205795454545453,0.8101136363636363,0.7941704545454545
432652533,12,0.8193020833333332,0.8616041666666666,0.85971875,0.84715625,0.834625,0.8282708333333334,0.8175625,0.80590625,0.7895520833333333
432652533,13,0.8207019230769231,0.8628942307692309,0.8584807692307694,0.8457115384615386,0.8321153846153847,0.8254711538461539,0.8143557692307692,0.8027115384615385,0.7862403846153847
432652533,14,0.823,0.8632767857142858,0.8575982142857145,0.8443660714285716,0.8306071428571429,0.8238660714285716,0.8125,0.8006785714285715,0.7841339285714287
432652533,15,0.8244583333333335,0.8637416666666667,0.8575000000000003,0.8432333333333334,0.82845,0.82185,0.8100416666666668,0.7988916666666667,0.7815666666666667
432652533,16,0.8260546875,0.8645859375,0.8574375,0.841875,0.8266484375,0.8199453125,0.8082578125,0.7967421875,0.779921875
432652533,17,0.8267573529411765,0.8646691176470589,0.8563088235294118,0.8403235294117648,0.8242205882352941,0.8175514705882354,0.8060588235294118,0.7947205882352941,0.7776250000000001
432652533,18,0.828076388888889,0.8651111111111113,0.8557083333333335,0.8397013888888889,0.8234652777777778,0.8161527777777778,0.8042916666666667,0.7935,0.7756875
432652533,19,0.8293223684210526,0.8658355263157895,0.8555065789473685,0.8389342105263158,0.8227171052631579,0.815171052631579,0.8032828947368421,0.7915,0.7741907894736841
432652533,20,0.83019375,0.8660875,0.8546687500000001,0.83731875,0.8206625,0.81291875,0.8005625,0.7889124999999999,0.7720812499999999
432652533,21,0.8320535714285714,0.8661250000000001,0.8546607142857144,0.8366309523809524,0.8191190476190477,0.811595238095238,0.7989226190476191,0.7867380952380952,0.7706845238095239
432652533,22,0.8333068181818182,0.865494318181818,0.8535397727272728,0.8355340909090908,0.8179715909090909,0.8099943181818181,0.7971420454545455,0.785125,0.7694147727272728
432652533,23,0.8342934782608695,0.8649891304347825,0.8529619565217391,0.834570652173913,0.8167336956521739,0.8087608695652174,0.7956847826086956,0.7836032608695652,0.767625
432652533,24,0.835828125,0.8651458333333334,0.8526354166666668,0.8340364583333334,0.815859375,0.80778125,0.79496875,0.7822395833333333,0.7668020833333333
432652533,25,0.8366350000000001,0.86558,0.8523400000000001,0.8336500000000001,0.8150400000000001,0.807235,0.7942550000000002,0.78112,0.7663200000000001
432652533,26,0.8376586538461539,0.8655144230769232,0.8517644230769232,0.8333028846153847,0.8144375,0.8062259615384617,0.7930576923076924,0.7801875,0.7655625
432652533,27,0.8387777777777778,0.8659444444444444,0.8518657407407408,0.8331018518518517,0.8141759259259259,0.8054953703703704,0.7924490740740742,0.779212962962963,0.7651296296296296
432652533,28,0.8391473214285714,0.8658303571428572,0.8512276785714286,0.8325089285714286,0.8132321428571428,0.8044821428571429,0.7918973214285715,0.7786383928571429,0.7650133928571429
432652533,29,0.8400818965517242,0.8657068965517242,0.8507586206896551,0.8319267241379309,0.8124525862068965,0.8039396551724138,0.7911637931034483,0.7774827586206896,0.7643879310344828
432652533,30,0.8409666666666668,0.8657041666666667,0.8504208333333335,0.8312708333333335,0.8120750000000002,0.8030250000000001,0.7904958333333334,0.7764416666666667,0.7637958333333333
432652533,31,0.8412298387096773,0.865524193548387,0.850258064516129,0.8307459677419355,0.8112217741935484,0.8025282258064514,0.7897177419354839,0.7759556451612903,0.7636895161290322
432652533,32,0.842234375,0.86555078125,0.85007421875,0.8304765625,0.81064453125,0.80201171875,0.78916015625,0.775390625,0.76335546875
432652533,33,0.842651515151515,0.8657727272727272,0.8499545454545454,0.830496212121212,0.8104507575757575,0.8017045454545454,0.7889128787878787,0.7749090909090909,0.7632083333333333
432652533,34,0.8435514705882353,0.865731617647059,0.8495367647058825,0.8301801470588237,0.8100036764705882,0.8013639705882354,0.7884705882352943,0.774202205882353,0.7626764705882354
432652533,35,0.8444535714285717,0.8657214285714286,0.849814285714286,0.8302392857142857,0.8099892857142859,0.8009678571428572,0.7882071428571429,0.7738642857142859,0.762567857142857
432652533,36,0.8453854166666668,0.8659652777777778,0.8499722222222222,0.8306006944444445,0.8099618055555554,0.8007986111111111,0.7882222222222222,0.7736145833333333,0.7623958333333333
432652533,37,0.8458885135135136,0.8655540540540542,0.8494290540540541,0.8301013513513512,0.8092432432432434,0.7999155405405406,0.7874527027027027,0.7728277027027027,0.7616621621621621
432652533,38,0.8466907894736841,0.8655394736842105,0.8495921052631579,0.8300921052631579,0.8088684210526316,0.7993980263157894,0.7869572368421053,0.772671052631579,0.7614802631578947
432652533,39,0.847897435897436,0.8656602564102566,0.8499647435897436,0.8299647435897437,0.8085160256410256,0.7990641025641025,0.7865000000000001,0.7721410256410256,0.7611217948717949
432652533,40,0.8488,0.865634375,0.8497468749999999,0.83011875,0.80810625,0.7987218749999999,0.7861937499999999,0.77161875,0.7610125000000001
432652533,41,0.8494176829268294,0.8656646341463415,0.8496615853658538,0.8302560975609756,0.8079115853658537,0.7983780487804879,0.7858963414634147,0.771298780487805,0.7609298780487804
432652533,42,0.8504375000000001,0.8658392857142858,0.8500833333333335,0.8305595238095238,0.807952380952381,0.7982678571428571,0.7856845238095238,0.7711696428571428,0.7610982142857143
432652533,43,0.8514302325581393,0.866049418604651,0.8499825581395348,0.8305436046511627,0.8077122093023253,0.7982616279069766,0.7855436046511627,0.7710668604651162,0.7610436046511627
432652533,44,0.8523096590909092,0.8664318181818181,0.8502272727272727,0.8310142045454545,0.8076448863636364,0.7981505681818182,0.7853409090909091,0.7708636363636363,0.7610142045454545
432652533,45,0.852877777777778,0.8664416666666669,0.8503194444444445,0.8311666666666667,0.8077694444444445,0.7981805555555557,0.7851527777777778,0.7709972222222222,0.7611222222222223
432652533,46,0.853516304347826,0.8664701086956521,0.8503451086956523,0.8313885869565217,0.8077201086956521,0.7980951086956521,0.7847201086956522,0.770858695652174,0.7609402173913044
432652533,47,0.8540265957446809,0.8665026595744681,0.8503537234042553,0.8315877659574468,0.8076303191489362,0.7976702127659574,0.7846835106382978,0.7707473404255318,0.761063829787234
432652533,48,0.8544895833333332,0.8665364583333334,0.850140625,0.831671875,0.8075703125,0.7977552083333332,0.7848489583333333,0.7708541666666667,0.7611848958333334
432652533,49,0.8550076530612246,0.8665918367346939,0.8501326530612245,0.8318188775510205,0.8076147959183675,0.7977678571428571,0.7849158163265306,0.7707933673469388,0.7611173469387754
432652533,50,0.8557775000000001,0.8668700000000001,0.8504550000000001,0.8320675000000001,0.807875,0.7980075,0.7851675,0.7708875000000001,0.76124
432652533,51,0.8562083333333335,0.867122549019608,0.8503553921568628,0.8321470588235295,0.8078627450980393,0.7976617647058825,0.7848970588235296,0.7708921568627451,0.761186274509804
432652533,52,0.8567764423076922,0.8672091346153845,0.8502572115384615,0.8322908653846154,0.8077932692307693,0.7976322115384615,0.7847836538461538,0.7708581730769231,0.76115625
432652533,53,0.8575165094339623,0.867186320754717,0.8502075471698113,0.8324316037735849,0.8078396226415095,0.7974410377358492,0.7845872641509434,0.7708797169811321,0.7611297169811321
432652533,54,0.8580462962962963,0.8677013888888889,0.8505625,0.8329699074074074,0.8080648148148147,0.7977476851851852,0.7847453703703704,0.7712199074074074,0.7612986111111111
432652533,55,0.8584113636363636,0.8680181818181818,0.850590909090909,0.8332295454545453,0.8081772727272726,0.7978590909090909,0.7849340909090908,0.7714136363636365,0.7615522727272727
432652533,56,0.858921875,0.8680446428571429,0.8507299107142858,0.8335,0.8081071428571428,0.7978549107142858,0.784984375,0.7715602678571429,0.7616897321428571
432652533,57,0.8595372807017543,0.8683004385964912,0.8506885964912281,0.8336798245614034,0.808030701754386,0.7976557017543859,0.7849385964912281,0.7715394736842105,0.761765350877193
432652533,58,0.8600366379310346,0.8685646551724139,0.8506573275862068,0.8338642241379309,0.8080538793103449,0.7978512931034482,0.7850043103448276,0.7717284482758621,0.7620538793103449
432652533,59,0.860707627118644,0.8689237288135594,0.8508135593220338,0.8341885593220338,0.8081377118644069,0.7979703389830508,0.7851991525423728,0.7719449152542374,0.7621737288135594
432652533,60,0.8610645833333334,0.8691020833333334,0.8510437499999999,0.8344458333333333,0.8084895833333332,0.7981812500000001,0.78548125,0.7723270833333333,0.7624083333333334
432652533,61,0.8613032786885246,0.8693073770491804,0.851141393442623,0.8346659836065573,0.8086372950819672,0.7982274590163934,0.7856639344262295,0.772561475409836,0.7625
432652533,62,0.8619233870967742,0.8695,0.8512862903225805,0.8348508064516129,0.8086008064516129,0.7982862903225806,0.7856935483870968,0.7727237903225807,0.7625604838709678
432652533,63,0.8623154761904763,0.8695634920634921,0.8512619047619048,0.8349166666666668,0.8086408730158731,0.7983531746031747,0.7857321428571429,0.7729484126984127,0.7627103174603175
432652533,64,0.8630078125,0.86966796875,0.851162109375,0.8351015625,0.808708984375,0.798291015625,0.78588671875,0.773052734375,0.762658203125
432652533,65,0.8633942307692309,0.8697769230769231,0.8511000000000002,0.8351384615384617,0.8086750000000001,0.7983000000000001,0.7859365384615384,0.7729750000000002,0.7624903846153847
432652533,66,0.863996212121212,0.8700094696969698,0.851276515151515,0.835314393939394,0.8088257575757576,0.7984412878787878,0.7860246212121211,0.7731249999999998,0.7623617424242424
432652533,67,0.8647313432835821,0.8702649253731344,0.8514048507462687,0.835580223880597,0.8092761194029852,0.798936567164179,0.7862910447761194,0.7732873134328359,0.7622145522388061
432652533,68,0.8653069852941176,0.8703933823529412,0.8514613970588235,0.8358382352941176,0.8096011029411765,0.7991139705882354,0.7865275735294117,0.7735625,0.7622941176470588
432652533,69,0.8660054347826087,0.8706123188405797,0.8515018115942029,0.8361213768115942,0.809713768115942,0.7991213768115942,0.7868442028985507,0.7737572463768116,0.7623532608695652
432652533,70,0.8665392857142858,0.8708803571428573,0.8516803571428573,0.8363267857142858,0.8098910714285715,0.7994589285714286,0.7869482142857144,0.7740750000000001,0.7624249999999999
432652533,71,0.8669911971830986,0.8713503521126761,0.8519260563380282,0.836612676056338,0.8101003521126761,0.7996778169014085,0.7872411971830986,0.7743890845070422,0.7624771126760563
432652533,72,0.8675381944444445,0.871451388888889,0.8519375,0.8370069444444443,0.8103038194444444,0.7998333333333333,0.7874461805555557,0.7745399305555555,0.7624861111111111
432652533,73,0.8678270547945206,0.8716044520547945,0.8519092465753424,0.837166095890411,0.8104469178082192,0.7998287671232877,0.7876438356164384,0.7747585616438356,0.7622739726027398
432652533,74,0.8684020270270271,0.8718614864864864,0.8520202702702702,0.8373699324324325,0.8106334459459459,0.7999814189189189,0.7879594594594593,0.7750912162162162,0.7622246621621621
432652533,75,0.8688583333333334,0.8720083333333334,0.8521083333333334,0.83762,0.8107183333333333,0.800125,0.7881483333333333,0.7753033333333333,0.7622383333333334
432652533,76,0.8693634868421052,0.8722960526315789,0.8521595394736842,0.8379013157894738,0.8108125,0.8003552631578948,0.7884259868421052,0.7755230263157895,0.7622993421052631
432652533,77,0.8699853896103896,0.8725292207792207,0.8521022727272728,0.8380275974025974,0.8108944805194805,0.8005519480519481,0.7887532467532467,0.7756282467532467,0.7623100649350649
432652533,78,0.870445512820513,0.8728509615384616,0.8522836538461539,0.8384038461538462,0.8111826923076924,0.8008397435897436,0.7890977564102565,0.7758269230769231,0.7624342948717949
432652533,79,0.8708544303797466,0.8729224683544303,0.8522927215189873,0.8386803797468353,0.8113512658227847,0.8010886075949368,0.789382911392405,0.775998417721519,0.7624509493670886
432652533,80,0.871228125,0.873278125,0.852475,0.83891875,0.8116359375,0.801234375,0.7898187499999999,0.7762171875,0.76265625
432652533,81,0.8717592592592592,0.8734475308641975,0.8525185185185185,0.8390910493827161,0.8118842592592592,0.801483024691358,0.7900617283950616,0.776462962962963,0.762787037037037
432652533,82,0.8719359756097561,0.8736036585365854,0.8525609756097562,0.8394176829268293,0.8121768292682927,0.8019039634146342,0.7905289634146342,0.7768506097560975,0.7628978658536585
432652533,83,0.8723930722891566,0.8737981927710844,0.8527710843373493,0.8396957831325301,0.8124789156626506,0.802144578313253,0.7908870481927711,0.7771882530120481,0.7630707831325301
432652533,84,0.8727946428571429,0.8739821428571429,0.8528318452380952,0.8398675595238096,0.8127946428571429,0.8022886904761904,0.7912247023809523,0.7775446428571429,0.7633616071428571
432652533,85,0.8731485294117649,0.874194117647059,0.8529529411764706,0.8400544117647061,0.8131264705882354,0.8026088235294119,0.7916602941176472,0.7778661764705882,0.7634264705882353
432652533,86,0.8735247093023256,0.8743284883720931,0.8529534883720931,0.8403648255813954,0.8135276162790699,0.8028866279069767,0.7920116279069768,0.7782994186046511,0.7634767441860465
432652533,87,0.8739252873563218,0.8746580459770115,0.8530603448275863,0.8407385057471265,0.8138893678160919,0.8030818965517242,0.7923132183908045,0.7785043103448276,0.7635
432652533,88,0.8745142045454545,0.8749730113636364,0.8532215909090909,0.8410539772727272,0.8141008522727272,0.8033522727272727,0.7925951704545454,0.7787571022727272,0.7637514204545455
432652533,89,0.8747696629213483,0.8752991573033707,0.8532598314606742,0.8411418539325842,0.8142907303370787,0.8036685393258426,0.792935393258427,0.7792120786516854,0.7638876404494381
432652533,90,0.8753541666666668,0.8755833333333335,0.853401388888889,0.8414152777777779,0.8144972222222223,0.8038472222222223,0.7932069444444445,0.7794833333333333,0.7641236111111112
432652533,91,0.8753983516483518,0.875813186813187,0.8535686813186815,0.841548076923077,0.8147335164835166,0.8040206043956045,0.7934629120879122,0.7797417582417584,0.7642541208791209
432652533,92,0.8755842391304347,0.8759334239130435,0.8534239130434782,0.8417160326086958,0.8149755434782607,0.8042214673913043,0.7937527173913044,0.7800054347826088,0.764297554347826
432652533,93,0.8756129032258063,0.8761196236559139,0.8535094086021504,0.8419018817204301,0.8151720430107525,0.8043387096774194,0.7939919354838709,0.7802419354838709,0.7645349462365592
432652533,94,0.8757938829787234,0.8764694148936171,0.8536582446808512,0.8422406914893616,0.8155026595744681,0.8046662234042553,0.7943962765957446,0.7805438829787235,0.7646515957446809
432652533,95,0.8758565789473685,0.8767144736842106,0.8539828947368421,0.8425144736842105,0.8157565789473683,0.8049657894736842,0.7948184210526316,0.7808342105263157,0.7646947368421052
432652533,96,0.8759986979166667,0.87685546875,0.8539778645833334,0.8427747395833333,0.8159583333333332,0.8052473958333333,0.7951731770833332,0.7811106770833333,0.7647356770833332
432652533,97,0.8760850515463919,0.8770876288659795,0.8541250000000001,0.8429652061855671,0.8161971649484537,0.805466494845361,0.7955953608247424,0.7813711340206185,0.7648015463917527
432652533,98,0.8763035714285715,0.8774553571428572,0.8542436224489797,0.8431275510204082,0.8165051020408164,0.8057002551020408,0.7959693877551021,0.7817155612244899,0.7649987244897959
432652533,99,0.876375,0.8776477272727272,0.854465909090909,0.8433825757575758,0.8168282828282828,0.8060366161616161,0.7963282828282829,0.781986111111111,0.7650669191919192
432652533,100,0.8764887499999999,0.8778524999999999,0.8545962500000001,0.84353625,0.8171,0.8061649999999999,0.79665625,0.7822475,0.76518375
432652533,101,0.8766373762376238,0.8781101485148515,0.8547215346534653,0.8437797029702971,0.8174232673267326,0.8064900990099011,0.7971868811881189,0.7825977722772278,0.76540099009901
432652533,102,0.8767071078431374,0.878234068627451,0.8547892156862746,0.8439399509803923,0.8176017156862746,0.8067022058823531,0.7975465686274511,0.7829399509803923,0.7655857843137255
432652533,103,0.8768555825242719,0.8784648058252427,0.8547924757281553,0.8440497572815534,0.8177876213592233,0.8068907766990292,0.7978046116504854,0.7832427184466019,0.7656893203883495
432652533,104,0.8769110576923077,0.8788221153846155,0.8548377403846154,0.8442283653846154,0.8180084134615384,0.8070588942307693,0.798203125,0.7834903846153846,0.7657788461538462
432652533,105,0.8770511904761906,0.8789750000000002,0.8549940476190477,0.8445511904761906,0.8183166666666667,0.8074392857142858,0.7986416666666668,0.7838107142857144,0.7658738095238096
432652533,106,0.8772853773584907,0.8793596698113209,0.8552794811320755,0.8448195754716982,0.8186037735849057,0.8077853773584907,0.7991591981132076,0.7841792452830189,0.7660377358490567
432652533,107,0.877483644859813,0.8795969626168224,0.8554766355140186,0.8451039719626168,0.8189030373831776,0.8081238317757009,0.7996144859813084,0.7845280373831777,0.7661390186915887
432652533,108,0.8776770833333333,0.8797800925925926,0.8555706018518519,0.8452974537037037,0.8192071759259258,0.808505787037037,0.8000335648148148,0.7849120370370372,0.7663946759259259
432652533,109,0.8778440366972478,0.8800424311926605,0.8557373853211009,0.8455160550458716,0.8195160550458715,0.8088233944954129,0.8004954128440368,0.7852385321100916,0.7665447247706423
432652533,110,0.8779,0.8802613636363636,0.8557806818181819,0.845603409090909,0.8197034090909091,0.8089863636363637,0.8007522727272726,0.7855147727272727,0.7666568181818182
432652533,111,0.8780292792792793,0.880454954954955,0.8559493243243244,0.8457725225225226,0.819963963963964,0.8092094594594594,0.8010945945945945,0.7859425675675676,0.766731981981982
432652533,112,0.8781316964285715,0.8805959821428572,0.8560368303571428,0.845921875,0.8201305803571428,0.8095100446428571,0.8013928571428571,0.78621875,0.7668136160714286
432652533,113,0.8782831858407081,0.8809103982300885,0.8561548672566371,0.8461592920353982,0.8203595132743362,0.8097090707964602,0.8017533185840707,0.7864955752212388,0.7668783185840707
432652533,114,0.8784561403508772,0.8811228070175439,0.8561666666666666,0.8463168859649122,0.8205756578947369,0.8099276315789474,0.8021403508771929,0.7867752192982456,0.7669714912280702
432652533,115,0.8785793478260869,0.8813532608695652,0.8563521739130435,0.8466195652173912,0.8208402173913043,0.8102402173913043,0.802570652173913,0.7871836956521738,0.7671076086956523
432652533,116,0.8787155172413793,0.8815603448275863,0.8564655172413793,0.8467629310344827,0.8210323275862068,0.8104762931034483,0.8028125,0.7874353448275863,0.7670700431034482
432652533,117,0.8789017094017094,0.8818354700854703,0.8566602564102566,0.8469679487179488,0.8212820512820515,0.8107414529914532,0.8032371794871794,0.7878472222222224,0.7671762820512821
432652533,118,0.8790190677966102,0.8819968220338983,0.8567182203389829,0.8469872881355933,0.8215275423728814,0.8109661016949153,0.8036027542372881,0.7881069915254237,0.76725
432652533,119,0.8790976890756304,0.8821039915966387,0.8567972689075632,0.8470976890756303,0.8218550420168068,0.8112405462184875,0.8039863445378151,0.7885367647058824,0.7672584033613445
432652533,120,0.8793489583333334,0.8824020833333334,0.8568260416666666,0.8471937499999999,0.8220510416666666,0.811409375,0.8042999999999999,0.7887708333333333,0.76729375
432652533,121,0.879392561983471,0.8824359504132231,0.856797520661157,0.8472458677685951,0.8221621900826447,0.8115609504132232,0.804543388429752,0.7889431818181819,0.7671601239669421
432652533,122,0.8795061475409836,0.882593237704918,0.856876024590164,0.8473821721311475,0.8224200819672131,0.8117694672131147,0.8049395491803278,0.7892612704918033,0.7672571721311475
432652533,123,0.8797428861788616,0.8828099593495936,0.8569613821138212,0.847510162601626,0.8226615853658537,0.8120558943089432,0.8053058943089432,0.7895376016260164,0.767270325203252
432652533,124,0.8798840725806453,0.8830241935483871,0.857171370967742,0.847703629032258,0.8229465725806451,0.8122983870967742,0.8056391129032259,0.7898467741935484,0.76740625
432652533,125,0.8800450000000001,0.8831580000000001,0.8573430000000001,0.847955,0.82313,0.812625,0.80596,0.7901030000000001,0.7674570000000001
432652533,126,0.8802539682539684,0.8832569444444446,0.8574117063492065,0.8481170634920636,0.8233343253968255,0.8127996031746031,0.806250992063492,0.7903799603174604,0.7675257936507938
432652533,127,0.8804094488188978,0.8833375984251969,0.8573641732283466,0.8481062992125985,0.8235314960629923,0.8129507874015749,0.806484251968504,0.7905275590551182,0.7674793307086616
432652533,128,0.880466796875,0.8834892578125,0.857423828125,0.848166015625,0.8235986328125,0.8130751953125,0.8067890625,0.790638671875,0.7674658203125
432652533,129,0.8806172480620152,0.8837277131782946,0.8575455426356589,0.8483023255813953,0.8237538759689922,0.8133052325581395,0.807112403100775,0.7908081395348836,0.7675281007751936
432652533,130,0.880796153846154,0.8838480769230771,0.8575865384615385,0.8484884615384616,0.8239682692307694,0.8134596153846155,0.8074173076923078,0.7910701923076924,0.767575
432652533,131,0.8809618320610687,0.8840381679389313,0.8576526717557252,0.8486164122137404,0.8241030534351146,0.8135954198473282,0.8076688931297711,0.7913272900763358,0.7675734732824429
432652533,132,0.8812291666666667,0.8842272727272728,0.8577395833333333,0.8487575757575757,0.8243910984848485,0.8138257575757576,0.8079611742424242,0.7915558712121212,0.7676780303030303
432652533,133,0.8814436090225563,0.8843919172932331,0.8577885338345864,0.8488317669172932,0.8246118421052632,0.8140056390977443,0.8082124060150375,0.7917312030075189,0.7677434210526315
432652533,134,0.8816333955223882,0.8844832089552239,0.8579020522388059,0.848875,0.8248246268656717,0.8141856343283582,0.8084766791044776,0.7919253731343283,0.7678666044776119
432652533,135,0.8817935185185186,0.8846314814814814,0.8580314814814815,0.8490101851851852,0.8251027777777779,0.8144527777777778,0.808837037037037,0.7921703703703704,0.7679685185185186
432652533,136,0.8819963235294117,0.8847784926470588,0.8580909926470588,0.8491047794117647,0.8252784926470588,0.8146783088235294,0.8091194852941177,0.7923970588235294,0.7679880514705882
432652533,137,0.8821861313868612,0.884912408759124,0.858227189781022,0.8491843065693431,0.8254425182481752,0.8148339416058394,0.8094206204379562,0.7926049270072992,0.7680629562043796
432652533,138,0.882358695652174,0.8850480072463768,0.8582871376811595,0.8493242753623188,0.8256766304347827,0.8150833333333333,0.8097889492753623,0.792802536231884,0.7682010869565218
432652533,139,0.8825098920863309,0.8852535971223021,0.8583273381294965,0.8494262589928058,0.8258776978417267,0.8153075539568345,0.8101043165467626,0.793078237410072,0.768330035971223
432652533,140,0.8826357142857142,0.8853964285714286,0.8583446428571428,0.8494535714285715,0.8259803571428572,0.8154107142857143,0.8103982142857142,0.7932785714285715,0.7683651785714285
432652533,141,0.8828882978723404,0.8855664893617021,0.8584397163120568,0.8495301418439717,0.8261099290780142,0.8155851063829787,0.8106329787234042,0.7934530141843973,0.7683785460992908
432652533,142,0.883068661971831,0.8857544014084509,0.8585669014084507,0.8497411971830986,0.8263301056338027,0.8157904929577464,0.8109507042253522,0.7936857394366198,0.7685968309859155
432652533,143,0.8832141608391607,0.885881993006993,0.8586075174825174,0.849784965034965,0.8264825174825176,0.8159562937062937,0.811207167832168,0.7938566433566434,0.7687194055944055
432652533,144,0.8834253472222223,0.8860755208333333,0.8587100694444446,0.849967013888889,0.8266015625,0.8160824652777777,0.8115225694444445,0.7940572916666667,0.7688003472222221
432652533,145,0.8835939655172415,0.886251724137931,0.8588672413793104,0.8500543103448275,0.8267568965517241,0.8162655172413794,0.8117603448275862,0.7941706896551723,0.7689198275862069
432652533,146,0.8838030821917807,0.8864272260273972,0.8590025684931506,0.8502063356164383,0.8270342465753424,0.8164897260273973,0.8121284246575342,0.794464897260274,0.7690924657534247
432652533,147,0.8839906462585033,0.88653231292517,0.8590399659863945,0.850343537414966,0.8272610544217687,0.8167091836734695,0.8123869047619047,0.794640306122449,0.7692083333333333
432652533,148,0.8841773648648649,0.88671875,0.8591934121621623,0.8504400337837837,0.8274577702702703,0.8169788851351352,0.8127238175675675,0.7948488175675675,0.7693597972972973
432652533,149,0.8844697986577181,0.8869219798657718,0.8592885906040268,0.850599832214765,0.8275704697986577,0.8171510067114093,0.8129572147651006,0.7951208053691275,0.7693741610738255
432652533,150,0.8847133333333334,0.8870333333333333,0.8594225,0.850805,0.8277616666666667,0.8173641666666668,0.8132108333333333,0.7952950000000001,0.7694766666666667
432652533,151,0.8849188741721854,0.887273178807947,0.8595562913907284,0.8509064569536424,0.8279354304635762,0.8175389072847682,0.8135074503311258,0.7954735099337749,0.7695256622516556
432652533,152,0.8850106907894738,0.8874449013157895,0.8596389802631579,0.8510361842105263,0.8281200657894737,0.8176800986842105,0.8138569078947369,0.7956496710526315,0.7695608552631579
432652533,153,0.885153594771242,0.8875915032679741,0.8597238562091504,0.8512091503267974,0.8283153594771243,0.817904411764706,0.8142116013071895,0.795825980392157,0.7696315359477125
432652533,154,0.8853709415584415,0.8877394480519482,0.859820616883117,0.8513360389610389,0.8284983766233766,0.8180665584415584,0.8144918831168831,0.7960365259740259,0.7696452922077922
432652533,155,0.8854879032258064,0.8879548387096775,0.8599653225806452,0.8514637096774192,0.8286661290322581,0.8182266129032258,0.8147685483870969,0.7963427419354838,0.7697677419354838
432652533,156,0.8855713141025641,0.887996794871795,0.8599951923076923,0.8515681089743589,0.8288157051282051,0.8184230769230769,0.815116185897436,0.7965472756410257,0.7699110576923076
432652533,157,0.8857866242038217,0.8881472929936306,0.8600979299363057,0.8517093949044586,0.8289816878980891,0.818640127388535,0.815437101910828,0.7967738853503186,0.7700501592356689
432652533,158,0.8860063291139241,0.8883378164556962,0.8602484177215189,0.8518449367088607,0.8291503164556961,0.8188291139240507,0.815740506329114,0.7969683544303797,0.7700712025316456
432652533,159,0.8861823899371069,0.8884520440251572,0.8602625786163522,0.8519292452830189,0.8292806603773585,0.8189237421383648,0.8159764150943397,0.7971415094339622,0.7701729559748427
432652533,160,0.88629609375,0.888559375,0.8603999999999999,0.8519640625,0.8294125,0.81911171875,0.8162789062500001,0.7972203125,0.77020625
432652533,161,0.8864565217391305,0.8886785714285714,0.8604479813664596,0.8520947204968943,0.829670807453416,0.8192841614906833,0.8166537267080746,0.7974277950310558,0.7702880434782609
432652533,162,0.8865254629629631,0.8887507716049383,0.8605408950617284,0.8522121913580247,0.8298225308641974,0.8194097222222222,0.8169027777777779,0.7975478395061727,0.7703711419753086
432652533,163,0.8867185582822085,0.8889049079754601,0.8606480061349694,0.8523251533742331,0.8299969325153375,0.8195904907975461,0.8171825153374233,0.7977384969325153,0.7704325153374233
432652533,164,0.8868879573170732,0.8890815548780487,0.8607637195121952,0.8524237804878049,0.8301463414634147,0.8197400914634146,0.8174496951219512,0.7979016768292684,0.7704237804878048
432652533,165,0.887060606060606,0.8891560606060606,0.8608462121212122,0.8524757575757576,0.8302590909090909,0.8198742424242424,0.8177045454545455,0.7979348484848485,0.7704416666666666
432652533,166,0.8871920180722891,0.88925,0.8609051204819277,0.852566265060241,0.8303365963855421,0.820003765060241,0.8179615963855422,0.7980715361445783,0.770503765060241
432652533,167,0.887377245508982,0.8893413173652696,0.8609483532934132,0.8526220059880241,0.8304678143712574,0.8201055389221557,0.8181646706586826,0.7981541916167664,0.7705329341317365
432652533,168,0.887547619047619,0.8895104166666666,0.8610572916666667,0.8527738095238097,0.8306450892857142,0.8202514880952381,0.8184151785714286,0.7982998511904762,0.7705639880952381
432652533,169,0.8875924556213017,0.8895880177514793,0.8611738165680473,0.8528468934911243,0.830818047337278,0.8204363905325444,0.818676775147929,0.7984297337278106,0.7706649408284024
432652533,170,0.8877647058823531,0.8896345588235296,0.861244117647059,0.8528117647058824,0.8309345588235294,0.8205676470588236,0.8188419117647061,0.7985257352941176,0.7706720588235294
432652533,171,0.8878501461988304,0.8897828947368421,0.861282894736842,0.852843567251462,0.8310080409356724,0.8206710526315789,0.8190058479532164,0.7986059941520468,0.7707404970760234
432652533,172,0.8880574127906976,0.8899338662790699,0.8614353197674419,0.8529672965116278,0.8311693313953488,0.8208699127906978,0.8192754360465117,0.7988015988372095,0.7708575581395348
432652533,173,0.8882189306358381,0.8900281791907514,0.8615223988439307,0.8530296242774567,0.8312528901734104,0.8209573699421965,0.8194263005780347,0.7989031791907514,0.770968930635838
432652533,174,0.888405172413793,0.8901149425287357,0.8616070402298851,0.8530660919540229,0.8313376436781609,0.8210495689655172,0.8196451149425287,0.7990308908045977,0.7710718390804597
432652533,175,0.8885842857142857,0.8902178571428572,0.8617057142857143,0.8530914285714285,0.8314178571428571,0.8211257142857142,0.8197935714285715,0.7991271428571429,0.7711435714285715
432652533,176,0.8887322443181819,0.8903600852272727,0.8618536931818183,0.8532379261363635,0.8316129261363636,0.821276278409091,0.820036221590909,0.799245028409091,0.7712613636363637
432652533,177,0.8888834745762713,0.8905091807909605,0.861888418079096,0.8532387005649719,0.8317217514124293,0.8213997175141242,0.8202189265536725,0.7992796610169491,0.7713177966101695
432652533,178,0.8891516853932584,0.8906235955056179,0.862006320224719,0.8533834269662921,0.8319283707865168,0.8215800561797753,0.8204789325842696,0.7994297752808989,0.7713518258426966
432652533,179,0.8893351955307262,0.8907311452513966,0.8621382681564245,0.8534148044692738,0.8319895251396648,0.8216445530726257,0.8207067039106146,0.7995384078212292,0.7714301675977654
432652533,180,0.88940625,0.8908034722222221,0.8622145833333332,0.8534486111111111,0.8321118055555555,0.8217569444444444,0.8208659722222222,0.7996409722222222,0.771473611111111
432652533,181,0.8896084254143647,0.8908950276243094,0.8622720994475138,0.8534917127071823,0.8322237569060774,0.821892955801105,0.8210745856353592,0.7998162983425414,0.7715317679558011
432652533,182,0.8898516483516484,0.891026098901099,0.8623434065934067,0.8535432692307693,0.8323523351648353,0.8219766483516484,0.8212582417582419,0.7999546703296703,0.7715659340659341
432652533,183,0.8899911202185792,0.8910853825136612,0.8624678961748634,0.8536987704918033,0.8325437158469945,0.8221577868852459,0.8215314207650273,0.8001024590163933,0.7716352459016393
432652533,184,0.8901447010869565,0.8911304347826088,0.8625808423913044,0.8538016304347825,0.8326453804347826,0.8222778532608696,0.8217377717391305,0.8002445652173913,0.7717309782608696
432652533,185,0.8902743243243243,0.8912608108108109,0.862625,0.8538587837837838,0.832752027027027,0.8223547297297298,0.8219121621621622,0.8003067567567568,0.771770945945946
432652533,186,0.890380376344086,0.8913091397849462,0.8626122311827956,0.8539072580645161,0.8327506720430107,0.8224206989247311,0.8221041666666667,0.8004126344086021,0.771836693548387
432652533,187,0.8905635026737968,0.8913469251336898,0.862600935828877,0.853975935828877,0.8328215240641712,0.8224672459893048,0.8222760695187166,0.8005681818181818,0.7719050802139038
432652533,188,0.8907493351063829,0.8914873670212766,0.8626476063829787,0.8540385638297873,0.8329567819148935,0.8226602393617021,0.8224541223404256,0.8007307180851064,0.7719128989361702
432652533,189,0.8908392857142856,0.8915310846560847,0.86271164021164,0.8540892857142858,0.8330707671957672,0.8227268518518517,0.8226263227513227,0.8007691798941798,0.7719742063492064
432652533,190,0.8909901315789474,0.8916190789473685,0.8627532894736841,0.8541072368421053,0.8331730263157895,0.822796052631579,0.8228085526315789,0.8009006578947369,0.7720065789473683
432652533,191,0.891080497382199,0.8916603403141362,0.862842277486911,0.854130890052356,0.8333089005235602,0.8229096858638743,0.8229842931937174,0.8010379581151833,0.7720791884816753
432652533,192,0.8912024739583334,0.891748046875,0.8628984375,0.8541725260416667,0.8334205729166667,0.823013671875,0.8232024739583333,0.8011640625,0.7721868489583332
432652533,193,0.891297279792746,0.8918581606217615,0.8629617875647667,0.8541839378238341,0.8334857512953368,0.8231392487046632,0.8233620466321242,0.8012020725388601,0.7722286269430051
432652533,194,0.8914220360824744,0.8919020618556702,0.8630193298969072,0.8542757731958764,0.8336127577319589,0.8232487113402063,0.8235921391752578,0.8013144329896907,0.7722944587628866
432652533,195,0.8915807692307695,0.8918993589743591,0.8629858974358976,0.8543153846153847,0.8336801282051283,0.8233282051282053,0.8237698717948719,0.8013891025641026,0.7723641025641027
432652533,196,0.8917385204081634,0.8919942602040816,0.8630350765306123,0.8543494897959183,0.8337391581632653,0.823452168367347,0.8239630102040816,0.8014674744897959,0.7724196428571429
432652533,197,0.8918534263959391,0.8920437817258883,0.8630786802030457,0.8544175126903554,0.8337563451776651,0.8234936548223349,0.8241002538071066,0.8015418781725889,0.7724073604060914
432652533,198,0.8919583333333334,0.8920997474747474,0.8630738636363636,0.8544375,0.8338402777777778,0.8235700757575758,0.8242859848484848,0.8016300505050505,0.7724709595959596
432652533,199,0.8920596733668341,0.892194095477387,0.8631337939698492,0.8544566582914574,0.8339503768844221,0.8236224874371859,0.8244265075376884,0.8017267587939698,0.772462311557789
432652533,200,0.8921312499999999,0.892269375,0.86322125,0.8544812500000001,0.833965,0.823661875,0.8245975000000001,0.8017799999999999,0.772464375
202244314,1,0.7165,0.801875,0.810875,0.81125,0.81375,0.812125,0.81225,0.80875,0.803125
202244314,2,0.7533125,0.8280625,0.8305,0.8354375,0.835875,0.833625,0.8315,0.8256875,0.82175
202244314,3,0.7690833333333332,0.8326249999999998,0.839375,0.8435833333333332,0.8396666666666666,0.8383333333333333,0.8350833333333333,0.8310833333333333,0.8258749999999999
202244314,4,0.7825,0.8429375,0.8464375,0.84715625,0.84409375,0.84009375,0.83884375,0.8308125,0.82384375
202244314,5,0.7900750000000001,0.8479500000000001,0.8508750000000002,0.8488500000000001,0.845125,0.8422250000000001,0.8387500000000001,0.829975,0.8207500000000001
202244314,6,0.795625,0.8501041666666668,0.8542291666666667,0.8524583333333333,0.8451041666666668,0.8416458333333334,0.836375,0.8274791666666668,0.8168958333333334
202244314,7,0.8007857142857142,0.8519821428571429,0.8553035714285715,0.8512321428571429,0.8431964285714284,0.8401071428571429,0.8342321428571429,0.82425,0.8117857142857142
202244314,8,0.805015625,0.855671875,0.85790625,0.850828125,0.84165625,0.837421875,0.8299375,0.819734375,0.806875
202244314,9,0.8095277777777778,0.8580555555555557,0.8588472222222224,0.8516111111111112,0.8412500000000003,0.8365416666666667,0.8274583333333335,0.8160833333333335,0.801625
202244314,10,0.8135125000000001,0.8601125000000002,0.8601125000000002,0.8509375000000001,0.83875,0.8338625000000001,0.8236500000000001,0.8120125,0.7978125000000001
202244314,11,0.8171249999999999,0.860840909090909,0.860306818181818,0.8494204545454545,0.8367386363636362,0.8315795454545455,0.8220568181818181,0.8094090909090907,0.7939318181818181
202244314,12,0.8193958333333332,0.8615104166666666,0.8591145833333333,0.8473854166666668,0.8348333333333333,0.8288645833333332,0.8184479166666667,0.8053333333333333,0.7891770833333333
202244314,13,0.8212019230769231,0.8628846153846155,0.8584134615384617,0.8459903846153848,0.8324807692307693,0.8259903846153848,0.8152692307692309,0.8021923076923078,0.7859423076923078
202244314,14,0.8233928571428571,0.8635267857142858,0.8577678571428571,0.8446071428571429,0.8307410714285716,0.8240357142857144,0.8135357142857144,0.8002946428571429,0.7836785714285714
202244314,15,0.8248666666666667,0.8637583333333334,0.8572083333333335,0.8433333333333335,0.8282833333333333,0.8222083333333333,0.81145,0.7981166666666667,0.7810916666666667
202244314,16,0.825953125,0.864625,0.857265625,0.842125,0.826421875,0.8201640625,0.8098203125,0.795734375,0.7790078125
202244314,17,0.8271838235294119,0.8647573529411766,0.8559558823529412,0.8404485294117648,0.8243088235294117,0.8176985294117649,0.807139705882353,0.7940588235294117,0.7767573529411764
202244314,18,0.8283472222222222,0.8651458333333335,0.8557152777777778,0.8401319444444446,0.8233472222222225,0.8164027777777778,0.8057013888888889,0.7924791666666667,0.7747291666666667
202244314,19,0.8296184210526316,0.866,0.855467105263158,0.8391249999999999,0.82225,0.815375,0.8045065789473683,0.7906447368421052,0.7729868421052631
202244314,20,0.83065,0.8663875,0.8544937499999999,0.8376000000000001,0.8202062499999999,0.8131499999999999,0.80210625,0.78823125,0.771175
202244314,21,0.8324702380952381,0.8660714285714288,0.8544880952380954,0.8370416666666668,0.8185952380952382,0.8115892857142858,0.8000952380952381,0.7863154761904763,0.7699523809523809
202244314,22,0.8334204545454545,0.8656193181818181,0.8532443181818181,0.8360568181818182,0.8173125,0.8099772727272727,0.7985056818181817,0.7846647727272728,0.7686306818181817
202244314,23,0.8346304347826088,0.8651141304347826,0.852625,0.8348315217391304,0.8159130434782609,0.8087228260869564,0.7973315217391304,0.7835217391304348,0.7671141304347825
202244314,24,0.8359427083333333,0.8653229166666667,0.8523958333333332,0.8341822916666666,0.81528125,0.8076197916666668,0.79615625,0.781953125,0.7661770833333332
202244314,25,0.8366750000000001,0.8656300000000001,0.8520550000000001,0.8337149999999999,0.8145200000000001,0.80702,0.79566,0.7810150000000001,0.765375
202244314,26,0.8378894230769232,0.8657019230769232,0.8515769230769231,0.8331442307692308,0.8141586538461539,0.8061923076923078,0.7945673076923078,0.7798701923076924,0.7644230769230769
202244314,27,0.8389351851851851,0.8658287037037037,0.8515509259259259,0.8332777777777778,0.8136666666666668,0.8054259259259259,0.7938888888888889,0.7793101851851852,0.7640231481481483
202244314,28,0.8393705357142858,0.8658348214285714,0.8511830357142858,0.8327232142857144,0.8128392857142857,0.8045401785714286,0.7931651785714284,0.7786919642857143,0.76375
202244314,29,0.8401724137931035,0.8657025862068966,0.850573275862069,0.8319655172413793,0.8122758620689656,0.8040258620689655,0.7926465517241379,0.7777112068965517,0.7631594827586207
202244314,30,0.8412375000000002,0.8658958333333335,0.8503250000000001,0.8314375,0.8117666666666667,0.8032875000000002,0.7920625000000001,0.7768416666666667,0.7627458333333333
202244314,31,0.8416653225806451,0.8658266129032257,0.8501693548387095,0.8309798387096773,0.810883064516129,0.8026048387096774,0.7914274193548386,0.776391129032258,0.7626491935483871
202244314,32,0.842390625,0.86566796875,0.85006640625,0.8306328125,0.81043359375,0.80200390625,0.79108984375,0.7760546875,0.762578125
202244314,33,0.8430151515151515,0.8659242424242424,0.8498560606060606,0.8308674242424242,0.8104469696969696,0.8020075757575756,0.7909431818181818,0.7753787878787878,0.7623522727272727
202244314,34,0.8439007352941178,0.8658272058823532,0.8493235294117649,0.8302426470588237,0.8099926470588237,0.8015772058823529,0.7905772058823529,0.7748566176470588,0.7618455882352941
202244314,35,0.8446857142857144,0.8657785714285716,0.8495107142857143,0.8304428571428573,0.8097214285714286,0.8013285714285714,0.7902321428571429,0.7745571428571429,0.7616178571428572
202244314,36,0.8455347222222221,0.86603125,0.8496736111111111,0.83059375,0.8098020833333334,0.8013541666666666,0.7902534722222223,0.7743819444444443,0.7614409722222223
202244314,37,0.8463513513513514,0.8656554054054054,0.8493513513513514,0.8302533783783784,0.8089831081081081,0.800347972972973,0.7898479729729729,0.7735304054054054,0.760793918918919
202244314,38,0.8471809210526315,0.8655296052631579,0.8495526315789473,0.8300559210526316,0.8087467105263159,0.7997631578947368,0.7895230263157895,0.773529605263158,0.7606447368421052
202244314,39,0.8481410256410258,0.8656602564102566,0.8497243589743592,0.8301634615384617,0.8083269230769232,0.7993846153846155,0.7890416666666668,0.7730897435897437,0.7606410256410258
202244314,40,0.84908125,0.8655750000000001,0.8496187500000001,0.830390625,0.808109375,0.7990750000000001,0.7887687499999999,0.7728062500000001,0.76039375
202244314,41,0.8497865853658537,0.865719512195122,0.8494542682926831,0.8303780487804879,0.8077469512195123,0.7986219512195123,0.7886067073170732,0.7725731707317074,0.760219512195122
202244314,42,0.8507261904761906,0.8659553571428572,0.8498839285714287,0.8306339285714287,0.8079315476190477,0.7987142857142858,0.7885059523809526,0.7723839285714287,0.7604285714285715
202244314,43,0.8514738372093021,0.866063953488372,0.8498982558139534,0.8307499999999999,0.8079273255813952,0.7986075581395349,0.7885232558139533,0.772049418604651,0.7602965116279069
202244314,44,0.8524488636363636,0.8663323863636364,0.8500965909090908,0.8309801136363636,0.8077414772727273,0.7985227272727272,0.788346590909091,0.7720113636363636,0.7601079545454545
202244314,45,0.853002777777778,0.8665194444444446,0.8501805555555556,0.8312055555555556,0.8079027777777779,0.7985861111111112,0.7882083333333334,0.7720444444444445,0.760125
202244314,46,0.8536983695652174,0.8666195652173913,0.8501603260869565,0.8314429347826088,0.8077880434782607,0.7984076086956521,0.787921195652174,0.771875,0.759883152173913
202244314,47,0.8543404255319149,0.8666143617021276,0.8501968085106382,0.8314787234042553,0.8076356382978722,0.7982420212765958,0.7877792553191489,0.7717845744680851,0.7599840425531915
202244314,48,0.8546380208333334,0.8666302083333334,0.8500182291666667,0.83153125,0.8077213541666667,0.7981302083333333,0.787703125,0.7719270833333334,0.7598671875
202244314,49,0.8551581632653061,0.8666785714285714,0.8500663265306123,0.8317525510204082,0.8078214285714287,0.79825,0.7878545918367347,0.7717142857142858,0.7597423469387754
202244314,50,0.8559275000000001,0.86699,0.8503800000000001,0.831995,0.8081625,0.79847,0.7879674999999999,0.7717575000000001,0.7599025
202244314,51,0.8563921568627452,0.8670955882352943,0.850264705882353,0.8318676470588237,0.808093137254902,0.798468137254902,0.787857843137255,0.7715833333333333,0.7598627450980393
202244314,52,0.8570096153846154,0.86725,0.85021875,0.8320697115384614,0.8081514423076924,0.7982788461538461,0.787829326923077,0.7715576923076923,0.7599711538461539
202244314,53,0.8577287735849056,0.8673254716981132,0.850122641509434,0.8322240566037735,0.8081933962264152,0.7982099056603773,0.7877971698113209,0.7715495283018867,0.7598584905660377
202244314,54,0.8582777777777778,0.8677847222222221,0.8504305555555557,0.8328356481481481,0.8085115740740741,0.7984768518518518,0.7880763888888889,0.7717754629629631,0.7600254629629629
202244314,55,0.8586431818181818,0.8680249999999999,0.8504204545454545,0.8329772727272727,0.8086272727272726,0.7985045454545453,0.7880704545454545,0.7721159090909091,0.7601772727272728
202244314,56,0.8591897321428571,0.8681607142857142,0.8504151785714286,0.8331830357142858,0.8086785714285716,0.7985669642857143,0.7880625,0.772078125,0.7602879464285714
202244314,57,0.859673245614035,0.868405701754386,0.8504890350877192,0.833313596491228,0.8086776315789475,0.7986535087719298,0.7880942982456141,0.7720701754385964,0.7602785087719298
202244314,58,0.860385775862069,0.8685754310344828,0.8505797413793103,0.8335754310344828,0.808717672413793,0.7986810344827586,0.7880711206896551,0.7722844827586207,0.7604806034482758
202244314,59,0.8608686440677966,0.8687733050847457,0.8507394067796611,0.8337669491525423,0.8089512711864406,0.7988495762711864,0.7883453389830508,0.7723834745762713,0.760593220338983
202244314,60,0.8614541666666666,0.8690354166666666,0.8509895833333333,0.8341104166666666,0.8091270833333333,0.7991604166666666,0.7886666666666665,0.7728541666666666,0.7610229166666667
202244314,61,0.8615983606557377,0.869266393442623,0.8510368852459017,0.8342479508196722,0.8092418032786886,0.799186475409836,0.7886516393442623,0.773047131147541,0.7610020491803279
202244314,62,0.8622721774193548,0.8694798387096774,0.8512661290322581,0.8343729838709678,0.8092903225806451,0.7993145161290321,0.7887016129032258,0.7730221774193549,0.7610806451612903
202244314,63,0.8627500000000001,0.8695178571428573,0.8511884920634921,0.8343948412698413,0.8094662698412699,0.7992063492063493,0.788797619047619,0.773281746031746,0.7612261904761904
202244314,64,0.863326171875,0.869724609375,0.85110546875,0.834560546875,0.8094453125,0.799193359375,0.7889453125,0.7733828125,0.761203125
202244314,65,0.8637826923076926,0.869844230769231,0.8510076923076925,0.8346423076923078,0.8094980769230771,0.7992942307692308,0.788998076923077,0.773325,0.7610692307692308
202244314,66,0.8643522727272728,0.8699242424242424,0.8511212121212121,0.834903409090909,0.8096931818181817,0.799560606060606,0.7891117424242424,0.7733465909090909,0.7610473484848485
202244314,67,0.8650652985074627,0.8702108208955224,0.8513339552238806,0.8350708955223881,0.8099981343283582,0.7998694029850746,0.7892630597014926,0.7736902985074626,0.7610690298507462
202244314,68,0.8656047794117646,0.8704117647058824,0.8512610294117646,0.8353584558823529,0.8102316176470588,0.8000238970588235,0.7895588235294119,0.7739834558823531,0.7611893382352941
202244314,69,0.866161231884058,0.870661231884058,0.8513478260869565,0.8355634057971015,0.810429347826087,0.8001829710144928,0.7897282608695653,0.7741340579710145,0.7611213768115942
202244314,70,0.8667750000000001,0.8708250000000001,0.8514767857142859,0.8357232142857145,0.8104946428571429,0.8004232142857144,0.7899285714285715,0.7745267857142858,0.7611285714285715
202244314,71,0.8673485915492958,0.8713556338028169,0.8517042253521127,0.8360316901408451,0.8107218309859154,0.8006602112676056,0.7900915492957747,0.774875,0.7612517605633802
202244314,72,0.8677534722222222,0.8715642361111112,0.8518524305555556,0.8362934027777778,0.810890625,0.80084375,0.7903159722222222,0.7751006944444445,0.7613003472222222
202244314,73,0.8680770547945206,0.8715941780821918,0.8518476027397259,0.8365684931506848,0.8110085616438355,0.8009349315068494,0.7903698630136987,0.7753407534246576,0.7611969178082192
202244314,74,0.8687972972972973,0.8717702702702703,0.8519712837837837,0.8368412162162162,0.811293918918919,0.8011976351351352,0.7905895270270271,0.775581081081081,0.7612871621621622
202244314,75,0.86919,0.8719499999999999,0.85188,0.837015,0.8113766666666666,0.8012916666666667,0.7907916666666667,0.77575,0.76142
202244314,76,0.8697615131578948,0.8722993421052632,0.8520427631578948,0.8371217105263158,0.8116167763157894,0.8016118421052632,0.7910625000000001,0.7759605263157895,0.7616217105263159
202244314,77,0.8703733766233765,0.8725146103896102,0.8519886363636364,0.8373782467532467,0.8116737012987012,0.801702922077922,0.7912792207792207,0.7761509740259741,0.7617840909090909
202244314,78,0.870823717948718,0.8727644230769231,0.8520464743589745,0.8377676282051283,0.8120192307692308,0.8019983974358975,0.7914375,0.776272435897436,0.7619310897435897
202244314,79,0.8711867088607593,0.8729193037974683,0.8520838607594935,0.8380237341772151,0.8121613924050632,0.8023591772151899,0.7916487341772152,0.7764145569620253,0.7620901898734178
202244314,80,0.8715703125,0.873196875,0.85223125,0.8381921874999999,0.8124890625000001,0.80263125,0.7918640625000001,0.7766765625000001,0.762328125
202244314,81,0.8720586419753086,0.8734058641975307,0.8522777777777778,0.8383734567901234,0.812733024691358,0.8029567901234567,0.7921280864197531,0.7767808641975309,0.762445987654321
202244314,82,0.8722698170731708,0.873547256097561,0.8523094512195123,0.8386432926829268,0.8129923780487804,0.8033277439024391,0.7925060975609756,0.7770945121951219,0.7625182926829268
202244314,83,0.8726611445783132,0.8737364457831325,0.8524548192771084,0.8388780120481928,0.8132530120481927,0.8036506024096385,0.7927996987951808,0.7774322289156627,0.7626701807228915
202244314,84,0.873078869047619,0.8739568452380952,0.8525119047619047,0.839108630952381,0.8134806547619048,0.8039136904761905,0.7930952380952381,0.7776488095238095,0.7628125
202244314,85,0.8734323529411766,0.8741323529411765,0.8526544117647061,0.8393691176470589,0.8138176470588236,0.8043338235294119,0.7933102941176471,0.7780073529411766,0.7629029411764707
202244314,86,0.8738168604651163,0.8742848837209304,0.8527892441860465,0.839545058139535,0.814293604651163,0.8047194767441861,0.7935683139534884,0.7783924418604651,0.7630159883720931
202244314,87,0.8742442528735632,0.8746149425287356,0.8529166666666667,0.8398965517241379,0.8145962643678161,0.80496408045977,0.7937686781609196,0.7786178160919539,0.7631479885057472
202244314,88,0.8748181818181817,0.8749147727272727,0.8530298295454545,0.8401803977272727,0.8147982954545455,0.8052670454545455,0.7940383522727272,0.7789502840909092,0.7632855113636365
202244314,89,0.875178370786517,0.8751629213483146,0.8531446629213483,0.8404002808988764,0.8150224719101123,0.8054803370786517,0.7943033707865168,0.7793258426966293,0.7634662921348314
202244314,90,0.8757222222222224,0.8755180555555557,0.8532041666666668,0.8406250000000001,0.8152819444444446,0.8056833333333334,0.794401388888889,0.7795763888888889,0.7636291666666666
202244314,91,0.8757815934065937,0.8756524725274726,0.853324175824176,0.8408653846153847,0.8154642857142858,0.8058804945054947,0.7945865384615386,0.7799065934065934,0.7638612637362638
202244314,92,0.8758926630434782,0.8757635869565218,0.853320652173913,0.8410625,0.8155855978260869,0.8060366847826087,0.7946290760869565,0.7800788043478261,0.7638682065217393
202244314,93,0.8759341397849462,0.8759489247311828,0.8533185483870969,0.8412244623655913,0.8157284946236558,0.8062352150537634,0.7948319892473117,0.7803172043010752,0.7639905913978493
202244314,94,0.8761675531914893,0.8762220744680851,0.8536037234042554,0.8415744680851065,0.8160585106382978,0.806591755319149,0.7950917553191489,0.7805877659574467,0.7640585106382979
202244314,95,0.8762328947368421,0.8766078947368421,0.8539342105263158,0.8417368421052631,0.816375,0.8068565789473685,0.7953460526315789,0.7808855263157894,0.76415
202244314,96,0.8763723958333333,0.8768125,0.85391796875,0.84192578125,0.8166822916666666,0.8071380208333333,0.79569140625,0.7810872395833333,0.764296875
202244314,97,0.8764845360824743,0.8769613402061857,0.8539884020618558,0.8421765463917527,0.8168298969072166,0.8074291237113402,0.7958479381443299,0.7812847938144329,0.7643930412371135
202244314,98,0.8766454081632653,0.8773010204081634,0.8541466836734694,0.8424158163265306,0.8171288265306123,0.8076875,0.7960841836734694,0.7815216836734694,0.7646581632653061
202244314,99,0.8767386363636364,0.8774633838383838,0.8542323232323233,0.8426969696969697,0.817415404040404,0.8079898989898989,0.7963560606060607,0.7817512626262626,0.76470202020202
202244314,100,0.8768775000000001,0.8776925,0.8543512499999999,0.8428349999999999,0.81762125,0.80814625,0.7964962499999999,0.7820337500000001,0.76489625
202244314,101,0.8770977722772278,0.8779913366336635,0.8545136138613861,0.8431423267326734,0.817920792079208,0.8084801980198021,0.7967215346534654,0.782335396039604,0.7651014851485148
202244314,102,0.8771789215686276,0.8781237745098041,0.854623774509804,0.8433039215686275,0.8181176470588236,0.8087769607843138,0.7969754901960785,0.7826017156862746,0.7651985294117647
202244314,103,0.8773131067961165,0.8782730582524272,0.8547220873786407,0.8434429611650486,0.818251213592233,0.8089769417475727,0.7971480582524271,0.7827609223300971,0.7653143203883495
202244314,104,0.8772956730769231,0.8785336538461538,0.8547115384615386,0.8435901442307692,0.8184579326923077,0.8091574519230769,0.79725,0.7829879807692307,0.76534375
202244314,105,0.8775238095238096,0.8787750000000001,0.8548809523809525,0.8438476190476191,0.8187142857142858,0.8095380952380954,0.7974904761904762,0.7833583333333334,0.765479761904762
202244314,106,0.877744103773585,0.8791851415094339,0.8551556603773586,0.8441379716981132,0.8189787735849057,0.8099551886792453,0.7977063679245284,0.7836391509433962,0.7656084905660377
202244314,107,0.8779521028037383,0.8794427570093458,0.8552838785046729,0.8443679906542055,0.8192908878504672,0.8102792056074766,0.7979637850467288,0.7840794392523365,0.7657488317757009
202244314,108,0.8781423611111111,0.8795821759259259,0.855429398148148,0.8445983796296296,0.819613425925926,0.8105081018518518,0.7983310185185185,0.7844398148148147,0.7659351851851852
202244314,109,0.8783543577981652,0.8798211009174312,0.8555871559633028,0.8449185779816514,0.8199288990825688,0.8108658256880735,0.7985814220183487,0.7847614678899083,0.7659839449541285
202244314,110,0.8784772727272726,0.8799681818181818,0.8556829545454545,0.8450556818181818,0.82005,0.8109647727272727,0.798721590909091,0.7850113636363637,0.7660329545454545
202244314,111,0.8785945945945947,0.8801745495495495,0.8558231981981983,0.8451981981981983,0.8201869369369369,0.8112004504504505,0.798938063063063,0.7853626126126125,0.7661621621621622
202244314,112,0.8786674107142858,0.8803638392857144,0.8558995535714284,0.8453526785714285,0.8203013392857142,0.8113962053571427,0.7991216517857143,0.7855758928571429,0.7663002232142858
202244314,113,0.878804203539823,0.8806183628318583,0.8560918141592919,0.845629424778761,0.8204612831858407,0.8115763274336284,0.7992267699115044,0.7857223451327434,0.7662964601769912
202244314,114,0.8789791666666668,0.8809375,0.8561480263157895,0.8458311403508771,0.8206063596491229,0.811890350877193,0.799389254385965,0.7858892543859649,0.7663991228070175
202244314,115,0.8790771739130434,0.8811510869565218,0.8563152173913043,0.8460673913043478,0.8208239130434783,0.812179347826087,0.7996402173913044,0.7861608695652174,0.7665054347826088
202244314,116,0.8792025862068966,0.8813943965517241,0.8563760775862068,0.8461821120689654,0.8209493534482758,0.8123642241379311,0.7997122844827586,0.7863157327586207,0.7664504310344827
202244314,117,0.8793792735042737,0.881573717948718,0.8564615384615386,0.8463514957264958,0.8212350427350429,0.8127200854700856,0.7999209401709403,0.7866891025641026,0.7665854700854701
202244314,118,0.879479872881356,0.8817764830508474,0.8565455508474576,0.8464427966101694,0.8214141949152542,0.8130074152542373,0.8001811440677966,0.786926906779661,0.7666864406779662
202244314,119,0.8796323529411766,0.8819432773109245,0.8565871848739497,0.846529411764706,0.8216922268907564,0.8133539915966387,0.8004222689075632,0.7872237394957984,0.7668897058823531
202244314,120,0.8797916666666667,0.8821656250000001,0.8566281250000001,0.8466333333333335,0.8218125,0.8135375,0.8006125,0.7875218749999999,0.76696875
202244314,121,0.8798863636363636,0.8822417355371901,0.8566435950413225,0.8467148760330578,0.8218915289256198,0.8136539256198347,0.8008006198347108,0.7876818181818183,0.7668997933884297
202244314,122,0.8800030737704918,0.882392418032787,0.8567684426229508,0.8468217213114754,0.8220891393442623,0.813889344262295,0.801016393442623,0.7879436475409837,0.7669405737704917
202244314,123,0.8801880081300814,0.8826189024390244,0.8568119918699186,0.8469410569105692,0.8223201219512195,0.8142367886178862,0.8013272357723576,0.7881514227642277,0.7670254065040651
202244314,124,0.8803709677419355,0.8828165322580646,0.85696875,0.84721875,0.8225766129032257,0.8145211693548388,0.8015997983870968,0.7883639112903226,0.7671088709677419
202244314,125,0.880568,0.8829650000000001,0.8571050000000001,0.847442,0.822741,0.8147989999999999,0.8017770000000001,0.7885670000000001,0.7671749999999999
202244314,126,0.8807738095238097,0.8830843253968256,0.8571587301587302,0.8476339285714287,0.8228521825396826,0.8149950396825397,0.8019414682539683,0.7886944444444446,0.7672480158730159
202244314,127,0.8808818897637796,0.8831584645669291,0.8571377952755906,0.847607283464567,0.822962598425197,0.8151427165354332,0.802101377952756,0.7888464566929135,0.7672667322834648
202244314,128,0.8810146484375,0.88323828125,0.857181640625,0.8476162109375,0.823146484375,0.8152861328125,0.80225,0.7889091796875,0.7673740234375
202244314,129,0.8811686046511626,0.8834961240310076,0.8572984496124029,0.8477335271317828,0.8232703488372092,0.815596899224806,0.8023498062015504,0.7890746124031007,0.7674883720930231
202244314,130,0.8813500000000002,0.8836307692307693,0.8572653846153847,0.8479125000000002,0.823458653846154,0.815833653846154,0.8025653846153847,0.7892826923076923,0.7675192307692308
202244314,131,0.8815314885496184,0.8837671755725192,0.8573301526717557,0.8480973282442749,0.823648854961832,0.8160486641221374,0.8027146946564885,0.7895801526717557,0.7676364503816794
202244314,132,0.8817982954545455,0.8839356060606061,0.8574034090909091,0.8482357954545454,0.8237774621212121,0.8163513257575757,0.8028816287878787,0.789657196969697,0.7677357954545454
202244314,133,0.8820112781954886,0.8841212406015037,0.8574718045112781,0.8483317669172932,0.8239135338345864,0.8165695488721804,0.8030441729323308,0.7898609022556391,0.7678374060150376
202244314,134,0.8822472014925373,0.884161380597015,0.8575307835820896,0.8484300373134329,0.8240559701492538,0.8166679104477612,0.8032294776119403,0.7900802238805971,0.7679440298507464
202244314,135,0.8823842592592593,0.8842851851851853,0.8576805555555556,0.8485194444444444,0.8242981481481482,0.8169768518518519,0.8034962962962964,0.7903342592592592,0.7680611111111111
202244314,136,0.8825744485294117,0.8844972426470588,0.8578308823529412,0.8486277573529413,0.8244696691176471,0.8171654411764706,0.803702205882353,0.7904715073529412,0.7681056985294117
202244314,137,0.8827080291970804,0.884625,0.8579899635036496,0.8487344890510949,0.8246441605839416,0.8173813868613138,0.8038421532846716,0.790595802919708,0.7681149635036496
202244314,138,0.882894927536232,0.8847590579710145,0.8580606884057971,0.8488514492753624,0.8248233695652174,0.8175932971014492,0.8041005434782609,0.790866847826087,0.7682672101449275
202244314,139,0.8830746402877698,0.8848920863309352,0.8580647482014387,0.8489703237410072,0.8249991007194244,0.817908273381295,0.8042589928057554,0.7911285971223021,0.7683462230215827
202244314,140,0.8832633928571427,0.8850830357142856,0.8580241071428573,0.8490482142857143,0.8251482142857144,0.8181366071428571,0.8044089285714285,0.7912607142857142,0.7684142857142857
202244314,141,0.8834893617021277,0.8852703900709221,0.8580824468085106,0.8491294326241134,0.8252402482269504,0.8182597517730497,0.8045833333333332,0.7914281914893617,0.7684078014184397
202244314,142,0.8837130281690141,0.8854815140845071,0.8581672535211268,0.8493609154929577,0.8254075704225352,0.8184674295774649,0.8047975352112676,0.7916417253521126,0.7685730633802816
202244314,143,0.8838758741258741,0.8856048951048952,0.8582141608391608,0.8494256993006993,0.8255576923076924,0.818673951048951,0.8049449300699301,0.791687937062937,0.7686748251748252
202244314,144,0.8840581597222221,0.8856927083333334,0.8583619791666668,0.849546875,0.825640625,0.8188272569444445,0.8051545138888889,0.7918845486111112,0.7688064236111111
202244314,145,0.8841560344827586,0.8858905172413792,0.8584612068965518,0.8496698275862069,0.8258301724137931,0.8189500000000001,0.8053689655172414,0.7920706896551724,0.7688508620689655
202244314,146,0.884402397260274,0.886027397260274,0.8586472602739725,0.8498861301369863,0.8260402397260274,0.8191421232876712,0.80561301369863,0.7923715753424658,0.7689683219178082
202244314,147,0.8846037414965987,0.8861819727891157,0.8587151360544217,0.8499600340136055,0.826248299319728,0.8193775510204082,0.8058775510204081,0.7926224489795918,0.7690646258503401
202244314,148,0.8848175675675675,0.8863386824324325,0.8588631756756757,0.8501427364864864,0.8264104729729729,0.8196038851351353,0.8060734797297296,0.7928783783783785,0.7691554054054054
202244314,149,0.8850889261744966,0.8865536912751677,0.8589974832214766,0.8503145973154362,0.8265721476510067,0.8198179530201342,0.8062986577181208,0.7930897651006711,0.7692315436241611
202244314,150,0.8853641666666667,0.8866816666666666,0.8591416666666667,0.8504716666666667,0.8267325000000001,0.8200033333333333,0.8064966666666666,0.7933275,0.7693074999999999
202244314,151,0.8855024834437085,0.8868799668874171,0.85925,0.8506026490066225,0.8268592715231788,0.8201738410596027,0.8066995033112583,0.7935066225165562,0.7694486754966887
202244314,152,0.8856759868421052,0.8870427631578948,0.859344572368421,0.8508050986842105,0.8270345394736843,0.8203840460526317,0.8069161184210527,0.7937047697368421,0.7694901315789473
202244314,153,0.8858537581699347,0.8872042483660132,0.8594746732026144,0.8509477124183007,0.8272500000000002,0.8206143790849674,0.8071323529411766,0.7939787581699346,0.7695514705882354
202244314,154,0.8859456168831168,0.8874058441558441,0.8595405844155843,0.8510665584415584,0.8274188311688312,0.8207564935064936,0.8072913961038962,0.7941347402597403,0.7695957792207792
202244314,155,0.8861193548387098,0.8875774193548388,0.8596145161290323,0.851208870967742,0.8275975806451613,0.8209830645161291,0.8075225806451612,0.7944032258064517,0.7696233870967742
202244314,156,0.8861746794871794,0.887676282051282,0.8595552884615385,0.8513221153846153,0.8276883012820513,0.8211482371794872,0.8077323717948718,0.7946241987179488,0.7696610576923077
202244314,157,0.8864116242038217,0.8877707006369427,0.85965525477707,0.8514522292993632,0.8278909235668791,0.8213988853503186,0.8079243630573248,0.7949052547770701,0.76971974522293
202244314,158,0.8866416139240506,0.8879802215189874,0.8598006329113924,0.8515545886075949,0.8280846518987341,0.821570411392405,0.8080680379746834,0.7950632911392405,0.7698212025316455
202244314,159,0.886800314465409,0.8880888364779874,0.8598451257861637,0.8516022012578617,0.8281894654088051,0.821749213836478,0.8082562893081762,0.7952311320754717,0.7698474842767296
202244314,160,0.8869992187500001,0.8881812500000001,0.8600015624999999,0.8517390625000001,0.8283125,0.82187890625,0.8084851562500001,0.79533984375,0.7698343750000001
202244314,161,0.8871700310559006,0.8883462732919254,0.8601055900621117,0.851858695652174,0.8285194099378882,0.8221265527950311,0.8087422360248447,0.7955683229813665,0.7697981366459629
202244314,162,0.8872746913580247,0.8884675925925926,0.8601581790123457,0.8519050925925926,0.8286149691358026,0.8222669753086419,0.8089066358024691,0.795682098765432,0.7697716049382716
202244314,163,0.887407208588957,0.8886372699386503,0.8603067484662577,0.8520667177914111,0.8288519938650306,0.8225,0.809146472392638,0.7959102760736195,0.7697691717791411
202244314,164,0.887592225609756,0.8887454268292684,0.8604047256097561,0.8521295731707317,0.8289496951219512,0.822671493902439,0.8094108231707317,0.7960884146341464,0.769749237804878
202244314,165,0.8877568181818181,0.8888196969696969,0.8604757575757576,0.852235606060606,0.829110606060606,0.82285,0.8095772727272726,0.7962386363636363,0.7697878787878788
202244314,166,0.8878998493975903,0.8889081325301204,0.860507530120482,0.8522951807228915,0.8292484939759036,0.8230128012048192,0.8097115963855421,0.7964096385542169,0.7697981927710844
202244314,167,0.8880344311377246,0.8889872754491018,0.8605464071856288,0.8522926646706587,0.8293577844311378,0.8230666167664671,0.8099154191616766,0.7965389221556887,0.7698136227544911
202244314,168,0.8881636904761905,0.8891272321428572,0.8606979166666667,0.8524278273809525,0.8294880952380952,0.8232358630952381,0.8100863095238096,0.7966622023809524,0.7698258928571429
202244314,169,0.8882951183431953,0.8892255917159764,0.8608025147928994,0.8524741124260355,0.8296708579881658,0.8233210059171597,0.8102662721893491,0.7968713017751479,0.7698609467455622
202244314,170,0.8884448529411766,0.889239705882353,0.8608389705882353,0.8524970588235297,0.8298036764705884,0.8234176470588236,0.8104183823529413,0.7970161764705883,0.7698933823529412
202244314,171,0.8885292397660819,0.8893092105263158,0.8608472222222222,0.8525438596491228,0.8298633040935672,0.8234904970760234,0.8104956140350876,0.7970972222222221,0.7699254385964912
202244314,172,0.8887456395348838,0.8894920058139535,0.8610370639534883,0.8526962209302326,0.8300210755813953,0.8236693313953489,0.8107354651162791,0.7973234011627907,0.7699832848837209
202244314,173,0.8889790462427746,0.8896690751445088,0.8611300578034682,0.8527543352601156,0.830103323699422,0.8237304913294797,0.8108619942196531,0.797375,0.7700556358381503
202244314,174,0.8891271551724137,0.8897780172413793,0.8612514367816091,0.8528024425287356,0.8302004310344828,0.8238512931034484,0.8110057471264367,0.7975100574712645,0.7700883620689656
202244314,175,0.8892735714285714,0.8898557142857143,0.8613142857142857,0.8528035714285713,0.8302607142857144,0.8239078571428572,0.8111621428571428,0.7976371428571428,0.7701785714285715
202244314,176,0.8894772727272727,0.889987215909091,0.8613835227272727,0.852901278409091,0.8303806818181818,0.8240575284090909,0.8113181818181817,0.79778125,0.7702279829545455
202244314,177,0.8896694915254237,0.890135593220339,0.8615021186440678,0.8529555084745762,0.830524011299435,0.8241631355932203,0.8114180790960451,0.79784604519774,0.7702838983050848
202244314,178,0.8898897471910113,0.8903061797752809,0.8615969101123596,0.8530779494382023,0.8306671348314607,0.8243356741573034,0.8116116573033707,0.7979838483146067,0.7703321629213483
202244314,179,0.890022346368715,0.890395251396648,0.8616892458100558,0.8531333798882681,0.830772346368715,0.8243966480446927,0.811713687150838,0.7981047486033519,0.7704029329608939
202244314,180,0.8901604166666666,0.8904777777777778,0.8617479166666667,0.853129861111111,0.8308791666666666,0.8245020833333333,0.8117909722222223,0.7981930555555556,0.7704479166666668
202244314,181,0.8903701657458564,0.890521408839779,0.861764502762431,0.8531415745856354,0.831007596685083,0.8245801104972377,0.8119337016574586,0.7983846685082872,0.7705193370165746
202244314,182,0.8905858516483518,0.8906195054945055,0.8618722527472528,0.8531936813186815,0.8310872252747253,0.8246778846153847,0.8120240384615386,0.7985700549450551,0.7705171703296703
202244314,183,0.8907479508196722,0.8906823770491803,0.8619610655737705,0.8533039617486338,0.8312308743169399,0.8248948087431696,0.8122336065573771,0.7987527322404371,0.7706229508196721
202244314,184,0.8908892663043478,0.8907547554347826,0.8620475543478261,0.8533763586956521,0.8313688858695653,0.8250006793478262,0.8123620923913044,0.7989014945652174,0.7706691576086956
202244314,185,0.891047972972973,0.8908148648648649,0.8620756756756757,0.8534695945945946,0.8314533783783784,0.8250675675675676,0.8124716216216216,0.7989216216216216,0.7706506756756758
202244314,186,0.8912076612903225,0.8909045698924731,0.8620826612903225,0.8535497311827958,0.8315033602150538,0.8251491935483871,0.8125880376344085,0.7990665322580643,0.7707043010752688
202244314,187,0.8913816844919786,0.8909351604278074,0.8621129679144385,0.8536363636363636,0.831538770053476,0.8252419786096257,0.8126891711229945,0.7991945187165774,0.7707473262032085
202244314,188,0.8915152925531914,0.8910718085106383,0.8621715425531914,0.8537061170212765,0.8316609042553191,0.8253490691489362,0.812844414893617,0.7993337765957447,0.7707646276595744
202244314,189,0.8916276455026455,0.8910925925925927,0.8622460317460316,0.8537592592592591,0.8317334656084656,0.8253862433862434,0.8129616402116401,0.7994358465608465,0.7708082010582011
202244314,190,0.8917638157894737,0.8911625,0.8622914473684211,0.8537710526315788,0.8318394736842106,0.8254723684210525,0.8130684210526314,0.7996532894736843,0.7708848684210527
202244314,191,0.891859947643979,0.8912185863874345,0.8623455497382199,0.8538350785340315,0.8319384816753927,0.8256230366492147,0.8131734293193718,0.7997133507853402,0.7709116492146597
202244314,192,0.8919934895833334,0.89130859375,0.8624348958333333,0.8538404947916668,0.8320358072916667,0.825708984375,0.8132604166666667,0.79985546875,0.7709401041666667
202244314,193,0.8920893782383419,0.8914242227979273,0.8624650259067356,0.8538769430051811,0.8320686528497409,0.8258264248704663,0.8133685233160621,0.799922279792746,0.7709099740932641
202244314,194,0.8922667525773198,0.8914826030927836,0.8625521907216496,0.8539671391752579,0.8321585051546392,0.8258975515463919,0.8134884020618558,0.8000708762886599,0.7709561855670104
202244314,195,0.8923743589743591,0.8914852564102566,0.8625756410256411,0.8540064102564104,0.8322557692307694,0.8259532051282051,0.8135794871794872,0.800248717948718,0.7710115384615385
202244314,196,0.8925350765306123,0.8915631377551022,0.8625733418367347,0.8540357142857143,0.8322633928571429,0.8260261479591836,0.813718112244898,0.8003871173469388,0.7710599489795918
202244314,197,0.8926465736040609,0.8915761421319797,0.862654187817259,0.8540672588832487,0.8322861675126904,0.8260361675126904,0.813763959390863,0.800484771573604,0.7710406091370557
202244314,198,0.8927765151515152,0.8916470959595961,0.8626515151515153,0.8540814393939393,0.8323832070707069,0.8261287878787879,0.813854797979798,0.800564393939394,0.7710536616161615
202244314,199,0.8928951005025126,0.8916683417085427,0.8626815326633166,0.8540929648241206,0.8324629396984924,0.8261457286432161,0.8139334170854272,0.8006312814070352,0.7710709798994975
202244314,200,0.892964375,0.891820625,0.8627400000000001,0.85412125,0.832524375,0.826221875,0.814040625,0.8007424999999999,0.7710374999999999
