seed,k,standard  ρ=30,smooth  γ=0.7,standard  ρ=52  (matched)
191664964,1,0.3569428571428571,0.23745714285714287,0.29874285714285714
191664964,2,0.39065,0.2867642857142857,0.3374285714285714
191664964,3,0.4016666666666666,0.3129047619047619,0.3547666666666666
191664964,4,0.40504285714285715,0.3279142857142857,0.36383571428571426
191664964,5,0.4046600000000001,0.3379714285714286,0.36872857142857146
191664964,6,0.4029690476190476,0.34466904761904765,0.3713285714285715
191664964,7,0.4011632653061224,0.35004897959183673,0.37318571428571423
191664964,8,0.39925357142857143,0.3536017857142857,0.37461428571428573
191664964,9,0.39791904761904767,0.3573968253968254,0.3758206349206349
191664964,10,0.39645714285714284,0.3605514285714286,0.3767042857142857
191664964,11,0.39497532467532465,0.3633142857142856,0.3775727272727272
191664964,12,0.3936119047619047,0.36558095238095245,0.37806547619047615
191664964,13,0.3923604395604396,0.36755494505494507,0.3786505494505495
191664964,14,0.39116530612244904,0.3694367346938776,0.37886428571428565
191664964,15,0.3902895238095238,0.3709990476190476,0.37924285714285716
191664964,16,0.38950535714285717,0.37240089285714284,0.3796017857142857
191664964,17,0.38885798319327725,0.3737226890756303,0.3797084033613445
191664964,18,0.38828015873015875,0.3750222222222222,0.38020476190476193
191664964,19,0.38767593984962406,0.37612857142857137,0.38062857142857137
191664964,20,0.38723428571428575,0.3772528571428571,0.3808814285714286
191664964,21,0.38670068027210885,0.37830068027210884,0.38100204081632655
191664964,22,0.3860909090909091,0.379314935064935,0.38128896103896104
191664964,23,0.3859099378881988,0.38032981366459634,0.3816757763975155
191664964,24,0.38556666666666667,0.3811291666666666,0.3817666666666667
191664964,25,0.3852582857142858,0.3820611428571429,0.3821862857142857
191664964,26,0.385189010989011,0.3830714285714286,0.38267637362637363
191664964,27,0.3850952380952381,0.3839037037037037,0.38316137566137565
191664964,28,0.385045918367347,0.38477295918367344,0.38360612244897957
191664964,29,0.38484778325123153,0.3854197044334975,0.38393054187192116
191664964,30,0.38478952380952386,0.38608380952380944,0.3843252380952381
191664964,31,0.38464193548387093,0.38679493087557604,0.38470414746543774
191664964,32,0.38452589285714284,0.38750758928571427,0.3850080357142857
191664964,33,0.3844471861471861,0.3882060606060605,0.3853632034632034
191664964,34,0.38440210084033616,0.38889537815126046,0.38567689075630257
191664964,35,0.3843922448979592,0.3895036734693877,0.3860824489795919
191664964,36,0.3844142857142857,0.3900440476190476,0.38635436507936505
191664964,37,0.38445791505791505,0.39059034749034754,0.3867003861003861
191664964,38,0.38456390977443605,0.3912127819548872,0.38710300751879695
191664964,39,0.3847652014652015,0.39184981684981685,0.3875706959706959
191664964,40,0.3848553571428571,0.3924260714285714,0.38797249999999994
191664964,41,0.38495783972125436,0.39317560975609755,0.3884324041811847
191664964,42,0.38507993197278917,0.393745918367347,0.3888163265306123
191664964,43,0.38524584717607974,0.39433023255813954,0.38924784053156153
191664964,44,0.38538214285714284,0.39485909090909094,0.3896678571428571
191664964,45,0.38553587301587305,0.39533015873015864,0.3900184126984127
191664964,46,0.3856201863354038,0.39577453416149067,0.3903872670807454
191664964,47,0.3858285714285714,0.39628723404255317,0.3908079027355623
191664964,48,0.38601547619047616,0.39680654761904766,0.3911875000000001
191664964,49,0.38624052478134113,0.3973620991253644,0.39156355685131194
191664964,50,0.386478,0.3978294285714286,0.3919168571428571
191664964,51,0.38663753501400555,0.3983173669467787,0.39228375350140055
191664964,52,0.3868299450549451,0.3988337912087912,0.3926678571428572
191664964,53,0.3870388140161725,0.3992482479784367,0.3930501347708895
191664964,54,0.3872301587301587,0.399729365079365,0.3934457671957672
191664964,55,0.3874387012987012,0.40016961038961035,0.3938228571428571
191664964,56,0.38761887755102037,0.40057806122448986,0.3941341836734694
191664964,57,0.3878233082706767,0.4009809523809523,0.39454436090225564
191664964,58,0.3880778325123153,0.4014573891625615,0.3948783251231527
191664964,59,0.3882966101694915,0.4018990314769975,0.39522905569007266
191664964,60,0.3885185714285715,0.4023633333333333,0.39560666666666666
191664964,61,0.38879601873536296,0.40278032786885243,0.395959718969555
191664964,62,0.3890283410138249,0.4031493087557603,0.3963377880184331
191664964,63,0.38926326530612243,0.4035761904761905,0.39676326530612244
191664964,64,0.3895345982142857,0.40400825892857145,0.397128125
191664964,65,0.3898178021978022,0.4044681318681319,0.39754527472527473
191664964,66,0.3900798701298701,0.40488008658008656,0.3978898268398268
191664964,67,0.3902744136460554,0.4052722814498934,0.3982498933901919
191664964,68,0.3905478991596638,0.4056939075630252,0.39858445378151264
191664964,69,0.39080248447204974,0.40605569358178056,0.39888095238095234
191664964,70,0.3910530612244898,0.4064038775510204,0.3992195918367346
191664964,71,0.39131046277666,0.40675231388329985,0.39954708249496984
191664964,72,0.3915744047619047,0.40717619047619047,0.3999045634920635
191664964,73,0.39176438356164384,0.40752857142857135,0.4002199608610567
191664964,74,0.39208108108108103,0.40796138996139003,0.400607722007722
191664964,75,0.3923912380952381,0.4083798095238095,0.4009590476190476
191664964,76,0.39266033834586467,0.4087526315789473,0.40130488721804514
191664964,77,0.39290092764378476,0.409091094619666,0.40162857142857145
191664964,78,0.3931589743589744,0.4094194139194139,0.4019611721611722
191664964,79,0.3934455696202532,0.40972730560578663,0.40231012658227844
191664964,80,0.3936891071428571,0.41005089285714286,0.4026369642857143
191664964,81,0.3939991181657848,0.41043386243386243,0.40300811287477956
191664964,82,0.3943142857142857,0.41082473867595815,0.4033418118466899
191664964,83,0.394587951807229,0.4111378657487091,0.4036938037865749
191664964,84,0.39485646258503393,0.41147193877551014,0.4040003401360544
191664964,85,0.3951465546218487,0.41177445378151256,0.40435008403361344
191664964,86,0.39541179401993354,0.4121260797342193,0.40465946843853823
191664964,87,0.3956591133004926,0.4124587848932676,0.4049704433497537
191664964,88,0.39591444805194803,0.4128045454545455,0.40525519480519484
191664964,89,0.39620963081861954,0.41312391653290526,0.40560272873194214
191664964,90,0.3965130158730159,0.41341968253968253,0.4058904761904762
191664964,91,0.3967670329670329,0.41368697017268447,0.40622119309262167
191664964,92,0.3970316770186336,0.4140071428571428,0.4065107142857143
191664964,93,0.3972889400921658,0.4143090629800307,0.40683425499231946
191664964,94,0.3975802431610942,0.414606990881459,0.40713920972644385
191664964,95,0.3978661654135338,0.4149046616541353,0.4074532330827068
191664964,96,0.3981306547619048,0.4151842261904762,0.407775
191664964,97,0.3983603829160531,0.41544050073637706,0.40806494845360824
191664964,98,0.39864227405247815,0.4157307580174927,0.40833775510204073
191664964,99,0.3988937950937951,0.4160227994227994,0.40862380952380956
191664964,100,0.39918028571428577,0.4163398571428571,0.40894385714285725
191664964,101,0.39945898161244703,0.4166476661951911,0.40921612446958994
191664964,102,0.39974593837535016,0.4169481792717087,0.4095093837535013
191664964,103,0.4000312066574203,0.4172583911234396,0.4098034674063801
191664964,104,0.4002925824175824,0.41755480769230763,0.4100960164835165
191664964,105,0.4005297959183674,0.4178228571428571,0.41041918367346936
191664964,106,0.4008004043126684,0.4181101078167116,0.41069730458221027
191664964,107,0.401045126835781,0.41840360480640854,0.41097703604806407
191664964,108,0.4013271164021163,0.41865410052910057,0.41127182539682533
191664964,109,0.40161559633027527,0.41891258191349934,0.4116013106159895
191664964,110,0.40189389610389603,0.4192014285714286,0.4118979220779221
191664964,111,0.40217374517374516,0.41946138996138993,0.41217503217503215
191664964,112,0.4024536989795919,0.41974540816326533,0.4124542091836735
191664964,113,0.40271163084702916,0.4200230088495575,0.4127370417193426
191664964,114,0.4029756892230577,0.4203290726817043,0.4130471177944862
191664964,115,0.40325689440993784,0.42061403726708074,0.4133268322981366
191664964,116,0.40353965517241375,0.42087192118226596,0.4136419950738916
191664964,117,0.40378815628815634,0.4211246642246642,0.4139189255189255
191664964,118,0.40404552058111376,0.4213861985472155,0.4141904358353511
191664964,119,0.40432653061224494,0.4216519807923169,0.41445426170468186
191664964,120,0.4045690476190476,0.4219097619047619,0.41472952380952377
191664964,121,0.4048403778040141,0.4222046044864227,0.41501700118063756
191664964,122,0.40516194379391096,0.42250433255269326,0.41532002341920377
191664964,123,0.40545110336817647,0.4227944250871079,0.41563948896631814
191664964,124,0.4057229262672812,0.42304389400921655,0.41590875576036873
191664964,125,0.4059866285714286,0.42331748571428574,0.4161773714285714
191664964,126,0.4062575963718821,0.42358684807256236,0.4164607709750567
191664964,127,0.4065262092238471,0.4238656917885264,0.41675860517435326
191664964,128,0.40681238839285716,0.4241223214285714,0.41703303571428574
191664964,129,0.40708538205980066,0.4244039867109634,0.417334772978959
191664964,130,0.40737637362637363,0.4246589010989011,0.4176118681318682
191664964,131,0.4076290076335878,0.4248925845147219,0.417893893129771
191664964,132,0.4079195887445887,0.4251873376623377,0.4181968614718614
191664964,133,0.4081663802363051,0.4254354457572503,0.41844264232008593
191664964,134,0.4084204690831556,0.4256783582089553,0.4187126865671642
191664964,135,0.4086703703703704,0.42592317460317464,0.4189857142857143
191664964,136,0.40890084033613444,0.4261908613445379,0.4192471638655463
191664964,137,0.4091556830031282,0.42645516162669445,0.41950542231491145
191664964,138,0.40942091097308486,0.4267213250517598,0.4197800207039338
191664964,139,0.40968591983556013,0.426958273381295,0.42005477903391575
191664964,140,0.409939693877551,0.4272102040816327,0.4203097959183673
191664964,141,0.4101786220871328,0.4274617021276596,0.42059807497467083
191664964,142,0.4104417505030181,0.42770995975855125,0.4208608651911469
191664964,143,0.4106636363636364,0.42796273726273726,0.42112237762237764
191664964,144,0.4109267857142857,0.42820416666666666,0.4213901785714286
191664964,145,0.41117763546798025,0.42846502463054187,0.42166285714285723
191664964,146,0.41141917808219175,0.4286998043052837,0.42190831702544024
191664964,147,0.41169164237123423,0.4289466472303207,0.42219737609329444
191664964,148,0.41192722007722016,0.42916940154440153,0.4224512548262548
191664964,149,0.41217468839884946,0.4294021093000959,0.42272042186001924
191664964,150,0.4124198095238095,0.42965704761904766,0.4229855238095238
191664964,151,0.41267388836329233,0.4299161778618732,0.42323765373699157
191664964,152,0.4129013157894737,0.43015648496240605,0.42349708646616535
191664964,153,0.41315592903828197,0.4304142857142857,0.42377105508870216
191664964,154,0.4134165120593692,0.4306508348794063,0.4240278293135435
191664964,155,0.4136579723502304,0.43089004608294934,0.42427944700460835
191664964,156,0.41392170329670336,0.43116675824175826,0.4245591575091575
191664964,157,0.4141668789808918,0.43139499545040955,0.4248054595086443
191664964,158,0.4143988245931283,0.43163399638336347,0.4250485533453887
191664964,159,0.4146412398921833,0.43188724168912845,0.42532973944294705
191664964,160,0.4148699107142857,0.43213482142857146,0.4255726785714286
191664964,161,0.41511330967169485,0.43236370896184567,0.42583717834960066
191664964,162,0.41536446208112876,0.43259391534391534,0.4260897707231041
191664964,163,0.4156169149868537,0.432855652936021,0.42635985977212976
191664964,164,0.41585156794425093,0.43309590592334496,0.4266391114982578
191664964,165,0.41607809523809525,0.43332354978354976,0.4268862337662338
191664964,166,0.4163406196213425,0.43355895008605844,0.42714922547332185
191664964,167,0.41657818648417444,0.4338037639007699,0.4273892215568863
191664964,168,0.4168154761904762,0.43404744897959185,0.42763358843537413
191664964,169,0.4170600169061707,0.43427202028740486,0.42788157227387996
191664964,170,0.41729453781512604,0.4345152100840336,0.4281344537815126
191664964,171,0.41752690058479536,0.43474536340852127,0.42836675020885545
191664964,172,0.4177637873754153,0.43496960132890367,0.4286107142857143
191664964,173,0.4179862097440132,0.43521428571428566,0.4288575557390586
191664964,174,0.4182161740558292,0.4354372742200328,0.4290974548440065
191664964,175,0.4184673469387756,0.4356757551020409,0.4293571428571429
191664964,176,0.4187136363636364,0.4358936688311688,0.4295866071428571
191664964,177,0.41893212267958024,0.4361079096045198,0.429821226795803
191664964,178,0.41917792937399684,0.43631910112359545,0.4300465489566613
191664964,179,0.41940758180367116,0.43653415802075024,0.43026975259377487
191664964,180,0.41962079365079363,0.43675500000000006,0.430509126984127
191664964,181,0.419833228097869,0.4369696132596685,0.4307610891870561
191664964,182,0.42008045525902676,0.4371958398744113,0.43100580847723713
191664964,183,0.42029305230288844,0.4374110070257611,0.4312443403590945
191664964,184,0.42051048136645963,0.4376381211180125,0.43149495341614913
191664964,185,0.42073305019305024,0.4378513513513514,0.43173011583011583
191664964,186,0.4209478494623656,0.4380744239631336,0.4319534562211982
191664964,187,0.4211489686783805,0.43829411764705883,0.4321798319327731
191664964,188,0.42136930091185415,0.43850098784194524,0.4324088905775076
191664964,189,0.42161889644746786,0.43872532123960695,0.4326578231292517
191664964,190,0.4218348120300752,0.4389687969924812,0.43289887218045114
191664964,191,0.4220652206432311,0.43918122662677633,0.43315168287210176
191664964,192,0.4222902529761905,0.4393799107142857,0.43338764880952385
191664964,193,0.42251162102146556,0.43958889711324944,0.43361561806069576
191664964,194,0.422720029455081,0.4397753313696613,0.4338244477172312
191664964,195,0.4229389010989011,0.439978021978022,0.43406512820512827
191664964,196,0.4231508746355685,0.44017142857142855,0.43429409620991255
191664964,197,0.42336337926033357,0.4403710659898477,0.4345280638143582
191664964,198,0.42360007215007217,0.44057460317460323,0.4347707070707071
191664964,199,0.4238259152907393,0.4407885857860732,0.43500495333811917
191664964,200,0.4240408571428571,0.4410016428571429,0.4352496428571429
1662057958,1,0.35515714285714284,0.23777142857142858,0.29828571428571427
1662057958,2,0.38970714285714286,0.2853142857142857,0.33735
1662057958,3,0.4013285714285714,0.3114047619047619,0.3550047619047619
1662057958,4,0.4054035714285714,0.3272785714285714,0.36451428571428574
1662057958,5,0.4048800000000001,0.3369171428571429,0.36922285714285713
1662057958,6,0.40360000000000007,0.3440404761904762,0.37151666666666666
1662057958,7,0.4018448979591837,0.3494612244897959,0.3735816326530612
1662057958,8,0.3996232142857143,0.35329285714285713,0.3746125
1662057958,9,0.3982873015873016,0.35740793650793656,0.37554444444444435
1662057958,10,0.39701142857142857,0.3605528571428572,0.3764371428571429
1662057958,11,0.39576883116883116,0.36329480519480506,0.3774142857142856
1662057958,12,0.3942380952380953,0.3658440476190476,0.3776452380952381
1662057958,13,0.39284395604395606,0.367979120879121,0.3779956043956045
1662057958,14,0.3915826530612245,0.3695459183673469,0.3784122448979592
1662057958,15,0.3907190476190476,0.3711266666666667,0.3785952380952381
1662057958,16,0.38998660714285716,0.37246339285714286,0.3789294642857143
1662057958,17,0.3893243697478991,0.37372941176470587,0.37933361344537814
1662057958,18,0.38873095238095245,0.3750412698412698,0.3798015873015873
1662057958,19,0.3881609022556391,0.3762338345864662,0.3800857142857143
1662057958,20,0.3877457142857143,0.3773964285714286,0.38045642857142864
1662057958,21,0.38713741496598636,0.37829863945578224,0.38052857142857144
1662057958,22,0.386611038961039,0.3792499999999999,0.3808233766233766
1662057958,23,0.38638385093167704,0.380276397515528,0.38132732919254664
1662057958,24,0.38588214285714284,0.38103690476190477,0.38153690476190477
1662057958,25,0.385596,0.3819902857142858,0.3820228571428572
1662057958,26,0.3854653846153846,0.38311813186813193,0.38255824175824177
1662057958,27,0.38525978835978836,0.3839005291005291,0.38297354497354497
1662057958,28,0.3852760204081633,0.3847938775510204,0.38354081632653064
1662057958,29,0.3850674876847291,0.38547536945812805,0.38378866995073885
1662057958,30,0.38493809523809525,0.3861538095238095,0.3841204761904762
1662057958,31,0.38480138248847917,0.38691981566820277,0.38441705069124416
1662057958,32,0.38471964285714283,0.38762410714285717,0.38484419642857143
1662057958,33,0.3845718614718614,0.3882900432900432,0.385190909090909
1662057958,34,0.3845100840336134,0.3889067226890756,0.3855411764705883
1662057958,35,0.3844934693877551,0.38953673469387756,0.3859208163265306
1662057958,36,0.38447341269841273,0.39019166666666666,0.3862940476190476
1662057958,37,0.38441969111969115,0.3908011583011584,0.38663822393822395
1662057958,38,0.38451203007518797,0.39137142857142854,0.38699285714285714
1662057958,39,0.38466996336996345,0.39197692307692306,0.3873758241758241
1662057958,40,0.3847399999999999,0.3925182142857143,0.3877346428571428
1662057958,41,0.38489825783972137,0.39321358885017427,0.3881379790940767
1662057958,42,0.38504183673469383,0.39381564625850335,0.38856360544217683
1662057958,43,0.3852,0.39433920265780736,0.38899867109634545
1662057958,44,0.38531720779220774,0.3948448051948052,0.38942889610389614
1662057958,45,0.385524761904762,0.3953425396825397,0.3898238095238095
1662057958,46,0.38561925465838504,0.3957934782608695,0.3901288819875777
1662057958,47,0.3857914893617021,0.39633829787234043,0.3906082066869301
1662057958,48,0.38598511904761906,0.3968675595238095,0.39099761904761904
1662057958,49,0.38617959183673467,0.39737259475218656,0.3914055393586006
1662057958,50,0.3863548571428572,0.39784200000000003,0.3918057142857143
1662057958,51,0.38648627450980394,0.39836358543417366,0.39213557422969186
1662057958,52,0.38668186813186817,0.3988412087912088,0.39254203296703305
1662057958,53,0.3869363881401617,0.39932398921832885,0.3929283018867925
1662057958,54,0.3871047619047619,0.3997957671957672,0.3933246031746031
1662057958,55,0.3872922077922078,0.4002288311688312,0.39364363636363625
1662057958,56,0.3874836734693877,0.40066096938775514,0.3939752551020408
1662057958,57,0.387653634085213,0.4010954887218045,0.39431654135338345
1662057958,58,0.38786921182266004,0.40156133004926114,0.3946773399014778
1662057958,59,0.38811259079903143,0.4019840193704601,0.39502953995157386
1662057958,60,0.3883878571428572,0.4024740476190477,0.3954059523809524
1662057958,61,0.3886416861826698,0.40285222482435595,0.3957583138173302
1662057958,62,0.3889073732718894,0.40324746543778806,0.3961377880184332
1662057958,63,0.3891700680272108,0.4037088435374149,0.3965174603174603
1662057958,64,0.38936607142857144,0.40412857142857145,0.3969319196428571
1662057958,65,0.3896527472527473,0.40455758241758244,0.39733560439560434
1662057958,66,0.389895670995671,0.4050067099567099,0.3977662337662337
1662057958,67,0.3901321961620469,0.40543710021321955,0.39813816631130056
1662057958,68,0.3903420168067227,0.4058655462184874,0.3984661764705882
1662057958,69,0.39056728778467914,0.4062900621118013,0.3988138716356108
1662057958,70,0.3907908163265306,0.4066357142857143,0.3991216326530612
1662057958,71,0.39107404426559356,0.4070267605633802,0.3994778672032193
1662057958,72,0.39133035714285713,0.40741130952380955,0.3998323412698413
1662057958,73,0.39152778864970644,0.40777612524461837,0.4001829745596869
1662057958,74,0.391807722007722,0.40819054054054055,0.40054749034749026
1662057958,75,0.3920815238095238,0.40860838095238095,0.40088038095238093
1662057958,76,0.3923595864661654,0.4090033834586466,0.40124999999999994
1662057958,77,0.39258163265306123,0.409325788497217,0.4016016697588126
1662057958,78,0.3928470695970696,0.4096844322344322,0.4019108058608059
1662057958,79,0.3930831826401447,0.4100385171790235,0.40224213381555146
1662057958,80,0.3933128571428572,0.41035750000000004,0.40257178571428576
1662057958,81,0.3936093474426808,0.410747266313933,0.40295696649029983
1662057958,82,0.3938712543554007,0.4110939024390244,0.4033022648083624
1662057958,83,0.3941772805507745,0.4114339070567986,0.4036504302925989
1662057958,84,0.3944539115646258,0.4117690476190476,0.40398112244897955
1662057958,85,0.39471462184873946,0.4121267226890757,0.4043556302521008
1662057958,86,0.39497873754152824,0.4124598006644518,0.40466794019933555
1662057958,87,0.39528210180623974,0.41281231527093604,0.40497931034482754
1662057958,88,0.3955487012987013,0.41314399350649356,0.4053024350649351
1662057958,89,0.3958322632423755,0.4134691813804174,0.4056227929373997
1662057958,90,0.39613777777777776,0.413804126984127,0.4059396825396825
1662057958,91,0.396419623233909,0.4141028257456829,0.40625102040816324
1662057958,92,0.3966604037267081,0.41441894409937885,0.40658027950310555
1662057958,93,0.3969205837173579,0.41471336405529946,0.40690107526881714
1662057958,94,0.3972092705167173,0.4150361702127659,0.40722902735562316
1662057958,95,0.39750466165413534,0.4153485714285714,0.40756090225563907
1662057958,96,0.3977837797619048,0.4156278273809524,0.40787872023809524
1662057958,97,0.39802960235640644,0.41593033873343144,0.4081712812960236
1662057958,98,0.39832026239067053,0.4162239067055393,0.40844956268221577
1662057958,99,0.3985587301587301,0.41654790764790767,0.40876940836940834
1662057958,100,0.39885128571428574,0.41682585714285714,0.40909471428571426
1662057958,101,0.39911796322489396,0.4171171145685998,0.40937821782178224
1662057958,102,0.39939901960784313,0.4174285714285714,0.40967100840336135
1662057958,103,0.3997084604715672,0.41773079056865464,0.41
1662057958,104,0.3999976648351648,0.41801483516483523,0.4102814560439561
1662057958,105,0.40026911564625856,0.4182975510204082,0.4105918367346939
1662057958,106,0.4005578167115903,0.41860107816711584,0.41091913746630726
1662057958,107,0.4008172229639519,0.4188696929238985,0.4111791722296395
1662057958,108,0.4011153439153439,0.419153835978836,0.41146507936507937
1662057958,109,0.40139370904325034,0.41943564875491474,0.41175583224115336
1662057958,110,0.4016768831168831,0.4197228571428571,0.41205662337662335
1662057958,111,0.40194903474903476,0.4200072072072072,0.412354954954955
1662057958,112,0.40222385204081634,0.4202892857142857,0.4126424744897959
1662057958,113,0.4024978508217446,0.4205518331226296,0.41291807838179523
1662057958,114,0.4027728070175438,0.4208256892230577,0.41324097744360905
1662057958,115,0.4030514285714286,0.42110074534161496,0.4135009937888199
1662057958,116,0.40330886699507384,0.421361330049261,0.41378472906403946
1662057958,117,0.40356251526251535,0.4216053724053724,0.41407973137973136
1662057958,118,0.40383813559322035,0.4218845036319612,0.4143845036319612
1662057958,119,0.4041168067226891,0.4221392557022809,0.41466074429771904
1662057958,120,0.4043579761904762,0.4224136904761905,0.41494464285714283
1662057958,121,0.40461924439197167,0.42270826446280996,0.4152354191263282
1662057958,122,0.4049026932084308,0.422983138173302,0.4155093676814989
1662057958,123,0.4051962833914054,0.4232636469221835,0.41581300813008126
1662057958,124,0.40545299539170504,0.42351520737327186,0.41608905529953916
1662057958,125,0.40571280000000004,0.4237629714285715,0.41635862857142864
1662057958,126,0.40600975056689337,0.4240460317460317,0.4166375283446712
1662057958,127,0.40630056242969625,0.424298650168729,0.4168962879640045
1662057958,128,0.40657433035714285,0.42457734375,0.41716171875
1662057958,129,0.40684473975636765,0.4248666666666666,0.4174662236987817
1662057958,130,0.40712659340659346,0.425126043956044,0.41776549450549455
1662057958,131,0.40736673936750273,0.4253779716466739,0.4180370774263904
1662057958,132,0.40764209956709957,0.42568138528138527,0.41832997835497837
1662057958,133,0.40790730397422126,0.4259178302900107,0.4185846401718582
1662057958,134,0.4081421108742004,0.4261692963752665,0.4188562899786781
1662057958,135,0.4084151322751323,0.42644158730158727,0.41914476190476185
1662057958,136,0.40866554621848744,0.4267085084033614,0.41943792016806725
1662057958,137,0.408905109489051,0.4269893639207507,0.4197095933263817
1662057958,138,0.40917194616977226,0.4272508281573499,0.41998229813664595
1662057958,139,0.4094260020554985,0.42750781089414186,0.42023566289825287
1662057958,140,0.4096560204081633,0.4277447959183674,0.4204958163265306
1662057958,141,0.40990111448834854,0.4280171225937184,0.42077112462006083
1662057958,142,0.4101452716297787,0.4282672032193159,0.42103309859154925
1662057958,143,0.41040189810189814,0.4285023976023975,0.42130349650349647
1662057958,144,0.4106671626984127,0.428756746031746,0.42155257936507934
1662057958,145,0.4109153694581281,0.42902157635467975,0.42179625615763544
1662057958,146,0.4111666340508806,0.429265264187867,0.4220500978473581
1662057958,147,0.41141360544217676,0.42954548104956264,0.4223236151603498
1662057958,148,0.4116708494208494,0.4297916988416989,0.4225942084942085
1662057958,149,0.41191706615532125,0.4300557046979866,0.4228773729626079
1662057958,150,0.4121390476190477,0.4303179047619048,0.42314380952380953
1662057958,151,0.4124054872280038,0.43055496688741723,0.42339195837275306
1662057958,152,0.41263919172932323,0.4307965225563909,0.42363599624060155
1662057958,153,0.412891223155929,0.43106171802054155,0.4239028944911298
1662057958,154,0.4131510204081633,0.4313185528756957,0.424149814471243
1662057958,155,0.413393271889401,0.4315634101382488,0.42440267281105987
1662057958,156,0.41365045787545784,0.4317984432234432,0.4246634615384616
1662057958,157,0.41389690627843495,0.43204040036396724,0.4249127388535033
1662057958,158,0.4141369801084991,0.4322582278481013,0.4251550632911393
1662057958,159,0.4143919137466308,0.43251419586702605,0.4254203054806829
1662057958,160,0.4146165178571428,0.43275375000000005,0.42566750000000003
1662057958,161,0.4148635314995564,0.4330130434782608,0.42591881100266193
1662057958,162,0.41510908289241627,0.4332493827160494,0.4261726631393298
1662057958,163,0.4153524978089395,0.433488694127958,0.42643453111305873
1662057958,164,0.41558379790940764,0.43372639372822297,0.4266796167247387
1662057958,165,0.4158199134199134,0.4339534199134199,0.42691350649350646
1662057958,166,0.4160639414802065,0.43420550774526684,0.42716411359724615
1662057958,167,0.41630188195038487,0.43443832335329335,0.42739289991445684
1662057958,168,0.4165525510204081,0.4346680272108844,0.4276281462585034
1662057958,169,0.4167994082840236,0.43491715976331363,0.4278766694843618
1662057958,170,0.4170552941176471,0.4351460504201681,0.42812361344537814
1662057958,171,0.41727276524644946,0.4353617376775271,0.4283549707602339
1662057958,172,0.4175089700996678,0.4355964285714285,0.42859750830564786
1662057958,173,0.4177414533443435,0.4358119735755574,0.42883790255986787
1662057958,174,0.41795993431855505,0.43603004926108374,0.4290757799671593
1662057958,175,0.41820742857142856,0.4362662857142857,0.42933877551020405
1662057958,176,0.4184361201298702,0.43651404220779216,0.4295840909090909
1662057958,177,0.4186330912025828,0.4367226795803067,0.4298075060532688
1662057958,178,0.41887215088282503,0.43694550561797746,0.4300487158908507
1662057958,179,0.41909417398244214,0.4371575418994413,0.43027134876296885
1662057958,180,0.4193097619047619,0.43738849206349206,0.43051087301587304
1662057958,181,0.4195262825572218,0.43761081294396215,0.43074301499605366
1662057958,182,0.4197728414442701,0.43783257456828883,0.4309831240188383
1662057958,183,0.41999195940671347,0.4380480093676815,0.4312018735362998
1662057958,184,0.42022958074534156,0.4382732919254658,0.43144083850931675
1662057958,185,0.420438918918919,0.43848239382239385,0.43165637065637075
1662057958,186,0.4206516897081414,0.4387050691244239,0.43188333333333334
1662057958,187,0.42087318563789144,0.43891321619556917,0.43210962566844924
1662057958,188,0.4210924772036475,0.4391167933130699,0.432340425531915
1662057958,189,0.4213306878306878,0.43935260770975054,0.43259599395313675
1662057958,190,0.42155360902255645,0.43957,0.4328326315789473
1662057958,191,0.4217878085265519,0.43978908002991773,0.43306402393418103
1662057958,192,0.42200885416666667,0.43999635416666666,0.433282068452381
1662057958,193,0.4222133974833457,0.4402148038490007,0.43352020725388596
1662057958,194,0.4224173048600883,0.44041708394698087,0.4337318851251841
1662057958,195,0.42263230769230775,0.4406218315018315,0.4339513553113553
1662057958,196,0.42283228862973765,0.44081326530612247,0.4341603498542274
1662057958,197,0.42304945612762873,0.44101936185641766,0.4343790427846265
1662057958,198,0.4232821067821068,0.4412269841269841,0.43460620490620494
1662057958,199,0.4234989231873654,0.4414370423546303,0.4348389088298636
1662057958,200,0.4237283571428571,0.44166878571428575,0.43506378571428583
1405681632,1,0.35782857142857144,0.24015714285714285,0.2993857142857143
1405681632,2,0.3899714285714286,0.28750714285714285,0.3374785714285714
1405681632,3,0.4015476190476191,0.31388095238095237,0.3558142857142857
1405681632,4,0.40429642857142856,0.32910357142857144,0.3648892857142857
1405681632,5,0.4045800000000001,0.33948857142857136,0.3690314285714287
1405681632,6,0.40307857142857145,0.34633095238095235,0.3712857142857142
1405681632,7,0.401369387755102,0.3515326530612245,0.3732489795918367
1405681632,8,0.3993357142857143,0.35532857142857144,0.374375
1405681632,9,0.3979111111111111,0.35905079365079356,0.37573174603174603
1405681632,10,0.3966914285714286,0.36203571428571435,0.3763642857142857
1405681632,11,0.3954714285714285,0.3645259740259739,0.37724675324675316
1405681632,12,0.3939416666666667,0.3666714285714286,0.3774892857142857
1405681632,13,0.39246263736263737,0.36877142857142864,0.377967032967033
1405681632,14,0.39139489795918364,0.37034897959183677,0.37829387755102045
1405681632,15,0.3901685714285714,0.37178380952380957,0.37871714285714286
1405681632,16,0.38930892857142857,0.3731348214285714,0.3792696428571429
1405681632,17,0.38865966386554623,0.374318487394958,0.37949579831932767
1405681632,18,0.38800396825396827,0.375581746031746,0.3798047619047619
1405681632,19,0.3875541353383459,0.3767187969924811,0.38014060150375933
1405681632,20,0.38707928571428574,0.3778542857142857,0.3806335714285714
1405681632,21,0.38666326530612244,0.3787095238095238,0.38085238095238094
1405681632,22,0.3861954545454545,0.3795318181818182,0.38119675324675323
1405681632,23,0.3859105590062112,0.3806478260869565,0.3816409937888199
1405681632,24,0.3854297619047619,0.3814422619047619,0.38174285714285716
1405681632,25,0.3852177142857144,0.3823160000000001,0.382281142857143
1405681632,26,0.3851368131868132,0.3831994505494505,0.3827934065934066
1405681632,27,0.38489470899470896,0.3839682539682539,0.3831555555555555
1405681632,28,0.3847882653061225,0.38482040816326524,0.38374642857142854
1405681632,29,0.3846044334975369,0.3854581280788177,0.3840536945812808
1405681632,30,0.3844828571428571,0.3861661904761905,0.38444666666666666
1405681632,31,0.3843460829493087,0.38682580645161285,0.3848764976958525
1405681632,32,0.38427723214285714,0.38755401785714283,0.38521830357142856
1405681632,33,0.384234632034632,0.38829393939393936,0.38566753246753244
1405681632,34,0.3841857142857143,0.3888932773109243,0.3859563025210084
1405681632,35,0.3842126530612245,0.38954693877551017,0.3863273469387755
1405681632,36,0.38418452380952384,0.39009007936507933,0.38669484126984127
1405681632,37,0.38418764478764483,0.3906220077220078,0.3870606177606178
1405681632,38,0.3842857142857143,0.39119999999999994,0.38749511278195486
1405681632,39,0.38435494505494505,0.39180842490842493,0.3879157509157509
1405681632,40,0.3843789285714285,0.39238428571428574,0.3882907142857143
1405681632,41,0.3845470383275262,0.39297212543554016,0.38872369337979096
1405681632,42,0.3847156462585034,0.3935452380952381,0.38910714285714293
1405681632,43,0.3848451827242525,0.3941132890365448,0.38947475083056476
1405681632,44,0.38496331168831166,0.3946418831168831,0.38992499999999997
1405681632,45,0.38508063492063493,0.3951869841269841,0.3903269841269841
1405681632,46,0.3851627329192546,0.39564068322981366,0.39072018633540373
1405681632,47,0.3853325227963526,0.3961604863221884,0.3911310030395137
1405681632,48,0.385475,0.39662083333333337,0.391508630952381
1405681632,49,0.385765889212828,0.3970746355685131,0.39192040816326534
1405681632,50,0.3859205714285714,0.3975097142857143,0.3922354285714286
1405681632,51,0.38610924369747907,0.3980148459383754,0.3925781512605042
1405681632,52,0.38628928571428567,0.3985112637362637,0.3929343406593407
1405681632,53,0.3865366576819407,0.39897547169811326,0.39336280323450135
1405681632,54,0.3867886243386243,0.39942751322751324,0.39377698412698414
1405681632,55,0.38695402597402595,0.39985948051948056,0.394121038961039
1405681632,56,0.38711454081632657,0.40027168367346944,0.39448469387755103
1405681632,57,0.3873175438596491,0.4006731829573934,0.39487719298245616
1405681632,58,0.38752709359605914,0.4011463054187192,0.3952699507389163
1405681632,59,0.38779539951573844,0.4016140435835352,0.39563510895883786
1405681632,60,0.38805904761904764,0.40202238095238096,0.3960302380952382
1405681632,61,0.38829836065573764,0.4024154566744731,0.39638477751756435
1405681632,62,0.3885271889400922,0.4028327188940093,0.3967589861751152
1405681632,63,0.3887712018140589,0.4032521541950113,0.39709591836734687
1405681632,64,0.38904375,0.40369620535714285,0.3974633928571429
1405681632,65,0.389329010989011,0.4041463736263737,0.3978681318681319
1405681632,66,0.38961017316017316,0.4045841991341991,0.3982982683982684
1405681632,67,0.3898488272921109,0.4050074626865672,0.3986695095948828
1405681632,68,0.39008088235294114,0.40538025210084033,0.3989649159663865
1405681632,69,0.39034616977225667,0.40575217391304347,0.39931035196687364
1405681632,70,0.3906008163265306,0.4060724489795919,0.39961897959183673
1405681632,71,0.3908688128772636,0.4064448692152918,0.39995472837022134
1405681632,72,0.391160515873016,0.40681626984126984,0.40031845238095237
1405681632,73,0.3914434442270059,0.40716125244618395,0.40067377690802347
1405681632,74,0.39172992277992275,0.4075855212355212,0.40101602316602314
1405681632,75,0.3920060952380952,0.4079628571428571,0.40140057142857144
1405681632,76,0.392312030075188,0.40834511278195484,0.40179135338345867
1405681632,77,0.39254248608534326,0.40870779220779224,0.4021413729128014
1405681632,78,0.3927937728937729,0.40906190476190474,0.4025007326007326
1405681632,79,0.393050452079566,0.40938969258589514,0.40286455696202533
1405681632,80,0.39332428571428574,0.40971625,0.4032044642857143
1405681632,81,0.3935830687830688,0.41006014109347444,0.4036164021164021
1405681632,82,0.3938729965156795,0.41041655052264814,0.40395993031358884
1405681632,83,0.3941194492254734,0.4107466437177281,0.4042927710843373
1405681632,84,0.3944020408163265,0.41109489795918364,0.40461615646258503
1405681632,85,0.39467478991596633,0.41142151260504206,0.40500941176470595
1405681632,86,0.39498122923588036,0.41173156146179396,0.4053744186046511
1405681632,87,0.39529408866995075,0.4120569786535303,0.405707553366174
1405681632,88,0.3955787337662337,0.4123646103896104,0.4060469155844156
1405681632,89,0.3958898876404494,0.41269775280898874,0.40639181380417344
1405681632,90,0.39617174603174604,0.4130319047619047,0.40670349206349204
1405681632,91,0.396438147566719,0.4133119309262167,0.40703328100470954
1405681632,92,0.39668773291925463,0.4135995341614907,0.4073961180124223
1405681632,93,0.39695960061443925,0.4139215053763441,0.40770491551459287
1405681632,94,0.39725896656534954,0.4142310030395137,0.4080422492401216
1405681632,95,0.3975278195488722,0.41455067669172924,0.40836842105263155
1405681632,96,0.39780446428571437,0.41484761904761897,0.4086855654761905
1405681632,97,0.39804064801178207,0.41511944035346093,0.408982326951399
1405681632,98,0.3983097667638484,0.41543134110787167,0.4092728862973761
1405681632,99,0.39858037518037515,0.4157111111111111,0.40958412698412694
1405681632,100,0.39887400000000006,0.4160207142857143,0.4099387142857144
1405681632,101,0.3991417256011316,0.41631188118811885,0.4102728429985856
1405681632,102,0.3994389355742297,0.4166225490196078,0.4105337535014006
1405681632,103,0.39972926490984745,0.41691192787794723,0.41083273231622747
1405681632,104,0.3999967032967032,0.4171989010989011,0.4111259615384616
1405681632,105,0.4002681632653061,0.41745537414965983,0.4114395918367346
1405681632,106,0.400533962264151,0.41775566037735856,0.4117622641509434
1405681632,107,0.40080881174899863,0.4180363150867823,0.4120312416555407
1405681632,108,0.4011101851851852,0.41829735449735445,0.41233875661375663
1405681632,109,0.401397247706422,0.418591743119266,0.41264574049803415
1405681632,110,0.40166805194805194,0.4188746753246753,0.41294194805194806
1405681632,111,0.40195148005148,0.4191667953667954,0.4132362934362935
1405681632,112,0.40222397959183676,0.4194392857142857,0.413522193877551
1405681632,113,0.40248925410872316,0.4197094816687737,0.4138134007585335
1405681632,114,0.4027738095238096,0.41998546365914785,0.4141154135338346
1405681632,115,0.4030432298136646,0.4202705590062112,0.4144250931677018
1405681632,116,0.40332684729064044,0.4205432266009852,0.41471231527093594
1405681632,117,0.4035859584859585,0.42080842490842485,0.41497912087912087
1405681632,118,0.40384092009685235,0.4210742130750606,0.4152577481840194
1405681632,119,0.40412424969988,0.4213609843937575,0.41554933973589436
1405681632,120,0.4043949999999999,0.4216342857142857,0.4158239285714285
1405681632,121,0.40466186540731997,0.42193364817001183,0.41612680047225503
1405681632,122,0.4049522248243559,0.4222112412177986,0.4164156908665105
1405681632,123,0.4052536585365854,0.4225051103368177,0.41671765389082466
1405681632,124,0.4055241935483871,0.42275345622119814,0.4169914746543779
1405681632,125,0.405785942857143,0.42301062857142857,0.41724502857142864
1405681632,126,0.4060761904761904,0.42326825396825396,0.41752063492063496
1405681632,127,0.40634566929133853,0.42352283464566937,0.4177971878515185
1405681632,128,0.4066193080357143,0.42379866071428574,0.41808705357142856
1405681632,129,0.40688095238095234,0.424075415282392,0.41837176079734223
1405681632,130,0.4071521978021978,0.4243471428571429,0.418666043956044
1405681632,131,0.4073955288985823,0.4245911668484188,0.41894372955288983
1405681632,132,0.4076453463203463,0.4248727272727272,0.41922629870129874
1405681632,133,0.40789570354457566,0.425103544575725,0.4194807733619763
1405681632,134,0.40814253731343286,0.4253655650319829,0.41974115138592744
1405681632,135,0.40838846560846565,0.42562835978835983,0.4200147089947091
1405681632,136,0.4086435924369748,0.4258755252100841,0.42031092436974793
1405681632,137,0.4088777893639208,0.4261349322210637,0.4205929092805005
1405681632,138,0.40916097308488614,0.426410248447205,0.42085538302277437
1405681632,139,0.40942353545734833,0.4266607399794451,0.42112209660842753
1405681632,140,0.40965632653061224,0.4269123469387755,0.4213689795918367
1405681632,141,0.4099191489361702,0.4271931104356636,0.4216292806484296
1405681632,142,0.4101532193158954,0.42744265593561365,0.42188873239436614
1405681632,143,0.4103915084915085,0.4276910089910091,0.42217882117882116
1405681632,144,0.41064236111111113,0.4279508928571429,0.4224380952380952
1405681632,145,0.41087162561576357,0.4281875862068966,0.42271960591133
1405681632,146,0.41111487279843445,0.4284327788649706,0.4229628180039139
1405681632,147,0.4113760932944607,0.42869961127308065,0.42322964042759964
1405681632,148,0.41161930501930505,0.42894874517374526,0.42347162162162155
1405681632,149,0.4118839884947268,0.42920575263662514,0.4237356663470757
1405681632,150,0.4121432380952382,0.4294587619047619,0.42398952380952387
1405681632,151,0.41237994323557237,0.429700756859035,0.42425856196783346
1405681632,152,0.41260300751879697,0.4299394736842106,0.42449342105263155
1405681632,153,0.41286666666666666,0.4301925303454715,0.4247259570494864
1405681632,154,0.4131275510204082,0.4304294063079777,0.42499025974025967
1405681632,155,0.4133706912442396,0.43066267281105997,0.4252470046082949
1405681632,156,0.41362032967032963,0.4309157509157509,0.425501923076923
1405681632,157,0.413857415832575,0.43114358507734307,0.4257408553230209
1405681632,158,0.4140839059674502,0.4313726039783002,0.42597124773960215
1405681632,159,0.41434249775381854,0.43162695417789754,0.42624510332434856
1405681632,160,0.4145751785714285,0.43187214285714287,0.4264824107142858
1405681632,161,0.41480834072759537,0.432130346051464,0.4267409937888199
1405681632,162,0.41506499118165785,0.43236746031746026,0.4269749559082892
1405681632,163,0.41531542506573177,0.4326010517090272,0.4272463628396143
1405681632,164,0.41555574912891985,0.4328329268292683,0.42751123693379794
1405681632,165,0.4157974025974026,0.43305844155844153,0.42773740259740256
1405681632,166,0.4160527538726334,0.43331024096385534,0.42798734939759037
1405681632,167,0.41629289991445684,0.43353353293413177,0.4282320786997434
1405681632,168,0.41652678571428575,0.4337708333333333,0.4284667517006803
1405681632,169,0.4167645815722739,0.4340014370245139,0.42870693153000844
1405681632,170,0.41702470588235296,0.43421327731092435,0.4289251260504202
1405681632,171,0.41724018379281536,0.4344345864661654,0.4291597326649958
1405681632,172,0.41747607973421924,0.43465988372093023,0.42940830564784055
1405681632,173,0.41772246077621805,0.4348831544178364,0.4296463253509496
1405681632,174,0.4179491789819376,0.4351009031198686,0.42987487684729064
1405681632,175,0.4182067755102041,0.4353502857142857,0.43013265306122445
1405681632,176,0.41844099025974024,0.43557183441558445,0.43035633116883115
1405681632,177,0.41866238902340597,0.4358007263922518,0.43058184019370455
1405681632,178,0.41887792937399676,0.4360230337078652,0.43080449438202245
1405681632,179,0.4190966480446927,0.4362446927374302,0.43101268954509175
1405681632,180,0.4193146031746032,0.43647087301587295,0.43123206349206356
1405681632,181,0.41953093922651935,0.4366865035516969,0.4314711128650355
1405681632,182,0.4197752747252747,0.43691381475667185,0.43171467817896386
1405681632,183,0.4199898516783763,0.43711834504293523,0.4319533957845434
1405681632,184,0.42022259316770194,0.43734945652173907,0.4321656055900621
1405681632,185,0.4204494980694981,0.4375669498069499,0.4323781467181467
1405681632,186,0.4206679723502304,0.43779147465437784,0.4325883256528417
1405681632,187,0.4208795263559969,0.43799113827349123,0.4328100076394194
1405681632,188,0.4211009878419454,0.438194452887538,0.4330302431610942
1405681632,189,0.42134096749811034,0.4384180650037793,0.43325200302343164
1405681632,190,0.42155819548872187,0.438639022556391,0.4334783458646616
1405681632,191,0.42178145100972325,0.4388533283470456,0.4337080777860882
1405681632,192,0.4219962053571429,0.4390595238095238,0.433927306547619
1405681632,193,0.42221717246484086,0.4392837157660992,0.43414233900814214
1405681632,194,0.42240832106038284,0.439480854197349,0.434360382916053
1405681632,195,0.42262652014652013,0.43968923076923083,0.4346021245421245
1405681632,196,0.42282346938775506,0.4398919825072886,0.43482048104956267
1405681632,197,0.4230525018129078,0.4400857868020305,0.4350300217548948
1405681632,198,0.42328578643578646,0.4402881673881674,0.43527012987012986
1405681632,199,0.4235371141421393,0.4404974156496769,0.43550789662598705
1405681632,200,0.4237495,0.44071321428571425,0.4357501428571428
942484272,1,0.35722857142857145,0.2387,0.29842857142857143
942484272,2,0.3909285714285714,0.28675,0.3380642857142857
942484272,3,0.40202857142857135,0.3128619047619047,0.3561095238095238
942484272,4,0.40539285714285717,0.32803571428571426,0.3649357142857143
942484272,5,0.40484857142857156,0.33812,0.36923142857142865
942484272,6,0.40337380952380947,0.34480476190476195,0.3715666666666667
942484272,7,0.4015163265306122,0.35034897959183675,0.37307142857142855
942484272,8,0.3994732142857143,0.3540785714285714,0.3742875
942484272,9,0.39812698412698416,0.35796825396825394,0.3754761904761905
942484272,10,0.39676571428571433,0.3609242857142857,0.37613285714285716
942484272,11,0.3953935064935064,0.3637974025974025,0.3771415584415584
942484272,12,0.3940285714285714,0.36597738095238097,0.37720833333333337
942484272,13,0.39261868131868133,0.3682032967032967,0.3775417582417583
942484272,14,0.3913622448979592,0.369984693877551,0.37802551020408165
942484272,15,0.39032,0.3713361904761905,0.3782866666666667
942484272,16,0.38953571428571426,0.37270892857142857,0.3787535714285714
942484272,17,0.3888781512605041,0.3740109243697479,0.3790613445378151
942484272,18,0.3882087301587302,0.37530634920634914,0.3794833333333334
942484272,19,0.38769473684210526,0.3762954887218045,0.3798977443609023
942484272,20,0.3872185714285714,0.37733285714285714,0.38021642857142857
942484272,21,0.3866816326530612,0.37829047619047623,0.38051632653061224
942484272,22,0.386161038961039,0.37935909090909087,0.3807987012987013
942484272,23,0.3859012422360248,0.3804608695652174,0.3812670807453416
942484272,24,0.38544464285714286,0.38109880952380953,0.38149940476190475
942484272,25,0.38526000000000005,0.381944,0.3819702857142858
942484272,26,0.385060989010989,0.38295549450549454,0.3825142857142857
942484272,27,0.38498412698412693,0.38374021164021166,0.3828640211640212
942484272,28,0.3850051020408163,0.38459336734693883,0.38337602040816326
942484272,29,0.3848177339901478,0.3853113300492611,0.3837068965517242
942484272,30,0.3847185714285714,0.38604857142857146,0.38411428571428574
942484272,31,0.38459308755760363,0.38675990783410136,0.38453963133640545
942484272,32,0.3844169642857143,0.38753839285714287,0.3849272321428571
942484272,33,0.38438441558441555,0.3881281385281385,0.38527099567099565
942484272,34,0.384340756302521,0.38873403361344533,0.3855794117647059
942484272,35,0.38435224489795916,0.3893714285714285,0.3860048979591837
942484272,36,0.38436507936507935,0.389940873015873,0.3863448412698413
942484272,37,0.3843714285714286,0.39048030888030894,0.38669575289575286
942484272,38,0.38450526315789474,0.39107218045112785,0.387103007518797
942484272,39,0.3846681318681319,0.3917139194139194,0.38748827838827843
942484272,40,0.3846860714285715,0.3923260714285714,0.3878621428571429
942484272,41,0.3848379790940767,0.39301811846689905,0.38835365853658543
942484272,42,0.38495,0.39360442176870747,0.388734693877551
942484272,43,0.38512458471760797,0.3941800664451827,0.38914717607973426
942484272,44,0.3852714285714286,0.39471428571428574,0.38958571428571426
942484272,45,0.38537650793650796,0.3951974603174603,0.38998666666666665
942484272,46,0.38553198757763985,0.39565590062111805,0.39033602484472046
942484272,47,0.38577568389057754,0.39622279635258356,0.3907826747720365
942484272,48,0.3859580357142857,0.39677321428571427,0.39114583333333336
942484272,49,0.3861390670553936,0.3972690962099126,0.3915626822157434
942484272,50,0.38630942857142864,0.3977237142857143,0.39190914285714284
942484272,51,0.3864890756302521,0.39827983193277305,0.392315406162465
942484272,52,0.3866865384615385,0.3987549450549451,0.39268763736263734
942484272,53,0.3868571428571428,0.3991571428571429,0.3930358490566038
942484272,54,0.38706507936507933,0.3996320105820106,0.3934576719576719
942484272,55,0.38728051948051945,0.4000768831168831,0.39381766233766236
942484272,56,0.3874602040816327,0.40048571428571433,0.39420153061224494
942484272,57,0.3877220551378445,0.40091152882205516,0.39457268170426063
942484272,58,0.38797561576354683,0.4014283251231527,0.3949315270935961
942484272,59,0.38822227602905574,0.40187457627118645,0.3953055690072639
942484272,60,0.38849,0.4023135714285714,0.3957011904761904
942484272,61,0.3887213114754098,0.40273770491803285,0.39606487119437944
942484272,62,0.3889532258064516,0.4031364055299539,0.3963960829493088
942484272,63,0.389181179138322,0.40355034013605434,0.3967585034013606
942484272,64,0.3894504464285714,0.40399508928571426,0.3971109375
942484272,65,0.3897584615384615,0.40444571428571435,0.3975217582417582
942484272,66,0.39000216450216457,0.4048917748917749,0.39794502164502166
942484272,67,0.3902123667377399,0.40527974413646056,0.3983119402985074
942484272,68,0.3904451680672269,0.40566659663865545,0.39866932773109254
942484272,69,0.3907153209109731,0.4060124223602485,0.3989339544513457
942484272,70,0.3909081632653062,0.4063589795918367,0.3992244897959184
942484272,71,0.3911742454728371,0.4067933601609658,0.39956096579476863
942484272,72,0.3914255952380953,0.4071958333333333,0.399931746031746
942484272,73,0.3916706457925636,0.4075418786692759,0.40028669275929546
942484272,74,0.3919436293436293,0.40791293436293435,0.40060212355212355
942484272,75,0.3922493333333333,0.4083228571428571,0.40098000000000006
942484272,76,0.3925407894736842,0.4087009398496241,0.40134906015037597
942484272,77,0.39276215213358073,0.4090333951762523,0.4016896103896104
942484272,78,0.3930078754578755,0.4093864468864469,0.4020236263736264
942484272,79,0.393269801084991,0.40973707052441233,0.4023745027124774
942484272,80,0.3935417857142857,0.41009321428571427,0.40268089285714287
942484272,81,0.3938352733686067,0.4104650793650794,0.4030576719576719
942484272,82,0.39411585365853663,0.41081916376306626,0.4033954703832753
942484272,83,0.39439018932874353,0.41119363166953526,0.40374406196213425
942484272,84,0.3946479591836734,0.4115190476190476,0.40408078231292516
942484272,85,0.39492857142857135,0.41185176470588236,0.4044205042016807
942484272,86,0.3952164451827242,0.4121712624584717,0.4047269102990034
942484272,87,0.39547848932676516,0.41254236453201965,0.4050645320197044
942484272,88,0.39575535714285714,0.4128881493506493,0.4054180194805194
942484272,89,0.39605152487961476,0.41321444622792936,0.4057024077046549
942484272,90,0.3963801587301587,0.41351269841269844,0.406031746031746
942484272,91,0.39660031397174256,0.4137681318681319,0.4063091051805337
942484272,92,0.3968448757763976,0.4140448757763976,0.40663524844720494
942484272,93,0.397095391705069,0.4143657450076804,0.4069499231950845
942484272,94,0.39738313069908815,0.4146765957446809,0.40726337386018246
942484272,95,0.39764165413533836,0.41498421052631573,0.4075971428571428
942484272,96,0.3979026785714286,0.4152842261904762,0.4079001488095238
942484272,97,0.3981481590574374,0.4155904270986745,0.40817717231222383
942484272,98,0.3984271137026239,0.4158701166180758,0.4084714285714286
942484272,99,0.3986910533910534,0.41619163059163056,0.40877027417027423
942484272,100,0.3990095714285714,0.416468,0.40908500000000003
942484272,101,0.39929377652050924,0.41675233380480914,0.40938656294200854
942484272,102,0.3995556022408964,0.41707394957983196,0.4096879551820728
942484272,103,0.3998092926490985,0.4173658807212205,0.40997503467406377
942484272,104,0.4000625,0.417642445054945,0.4102521978021978
942484272,105,0.40031061224489795,0.4179337414965987,0.4105414965986394
942484272,106,0.4006188679245282,0.41818584905660383,0.41086307277628026
942484272,107,0.40087449933244323,0.4185160213618157,0.41113724966622156
942484272,108,0.4011703703703704,0.41878439153439156,0.4114320105820105
942484272,109,0.4014410222804718,0.41907745740498037,0.4117577981651376
942484272,110,0.401703896103896,0.4193685714285715,0.41207051948051954
942484272,111,0.40198108108108105,0.4196525096525096,0.4123689832689832
942484272,112,0.40223609693877554,0.41994260204081635,0.4126644132653061
942484272,113,0.40249013906447534,0.42017383059418467,0.4129265486725664
942484272,114,0.4027652882205514,0.42046340852130326,0.41324899749373434
942484272,115,0.40304,0.42077726708074537,0.4135472049689441
942484272,116,0.4033124384236454,0.4210337438423645,0.4138067733990147
942484272,117,0.40357301587301597,0.4212894993894994,0.414098778998779
942484272,118,0.40383244552058106,0.4215692493946731,0.41437711864406784
942484272,119,0.40408355342136854,0.42184105642256897,0.4146678271308523
942484272,120,0.4043570238095238,0.4221057142857142,0.4149508333333333
942484272,121,0.40463589138134587,0.422403305785124,0.4152388429752067
942484272,122,0.404897775175644,0.4226598360655738,0.4155370023419203
942484272,123,0.40519210220673635,0.42291684088269454,0.41585911730545877
942484272,124,0.4054478110599079,0.4231604838709678,0.4161079493087557
942484272,125,0.40572377142857147,0.42342091428571427,0.4163883428571429
942484272,126,0.4059917233560091,0.4236862811791383,0.41665975056689336
942484272,127,0.40627716535433067,0.4239653543307087,0.41692935883014626
942484272,128,0.40654162946428574,0.42423794642857143,0.4172424107142857
942484272,129,0.4068332225913621,0.4245358803986711,0.4175531561461794
942484272,130,0.4071057142857143,0.42480318681318674,0.4178714285714285
942484272,131,0.4073403489640131,0.42505932388222467,0.41813773173391494
942484272,132,0.40761742424242425,0.4253551948051948,0.41843614718614724
942484272,133,0.40789087003222346,0.42558088077336204,0.4187024704618689
942484272,134,0.4081473347547974,0.42581950959488274,0.4189744136460554
942484272,135,0.4084162962962963,0.42607555555555554,0.4192288888888889
942484272,136,0.40865231092436977,0.4263454831932773,0.4195194327731092
942484272,137,0.4088971845672575,0.4265910323253389,0.41977872784150155
942484272,138,0.40916853002070397,0.42684399585921323,0.42008064182194615
942484272,139,0.4094349434737924,0.42707882836587874,0.42033669064748197
942484272,140,0.4096702040816327,0.4273192857142857,0.42060581632653066
942484272,141,0.4098996960486322,0.4275840932117528,0.42086555217831817
942484272,142,0.41016659959758556,0.427836217303823,0.4211533199195171
942484272,143,0.4103994005994007,0.4280717282717282,0.42141668331668336
942484272,144,0.41064672619047615,0.4283052579365079,0.4216964285714286
942484272,145,0.41090206896551723,0.42856206896551724,0.42196206896551725
942484272,146,0.4111363992172211,0.42878688845401175,0.42218718199608607
942484272,147,0.4113917395529641,0.42904548104956264,0.422478231292517
942484272,148,0.4116471042471042,0.42929430501930493,0.42272586872586865
942484272,149,0.41190843720038356,0.4295491850431447,0.42298245445829336
942484272,150,0.4121519047619048,0.4297793333333333,0.42323819047619043
942484272,151,0.41237805108798486,0.43004976348155155,0.4235125827814569
942484272,152,0.41260394736842104,0.4302586466165414,0.4237509398496241
942484272,153,0.412837441643324,0.4305109243697479,0.4240227824463119
942484272,154,0.4130843228200371,0.430737012987013,0.42427634508348794
942484272,155,0.4133211981566821,0.4309832258064516,0.42452488479262673
942484272,156,0.41358553113553115,0.43122912087912085,0.4248107142857143
942484272,157,0.41383303002729754,0.4314542311191993,0.4250364877161055
942484272,158,0.41404258589511755,0.4316794755877034,0.42527567811934897
942484272,159,0.4142673854447439,0.4319095238095238,0.42553692722371966
942484272,160,0.41448999999999997,0.4321464285714286,0.4257883035714286
942484272,161,0.4147299023957409,0.43238606921029277,0.4260480035492458
942484272,162,0.4149839506172839,0.4326055555555555,0.4263029982363316
942484272,163,0.4152208588957056,0.43284180543383,0.426572042068361
942484272,164,0.4154623693379791,0.4330872822299651,0.42683327526132403
942484272,165,0.415689696969697,0.43332095238095236,0.4270623376623377
942484272,166,0.41593932874354567,0.4335626506024096,0.4273179862306368
942484272,167,0.4161781009409751,0.4338063301967493,0.4275708297690333
942484272,168,0.4164291666666667,0.43404974489795917,0.4277994897959183
942484272,169,0.41665579036348266,0.4342738799661876,0.4280580726965342
942484272,170,0.4168904201680672,0.4345027731092437,0.4282842016806723
942484272,171,0.4171209690893901,0.43473249791144525,0.42851428571428574
942484272,172,0.41734950166112955,0.4349536544850499,0.42876104651162794
942484272,173,0.4175835672997522,0.43519322873658134,0.42900602807597027
942484272,174,0.4178042692939244,0.435405829228243,0.4292276683087028
942484272,175,0.4180622857142857,0.43564465306122446,0.4294854693877551
942484272,176,0.41829074675324673,0.43586964285714286,0.4297229707792207
942484272,177,0.41851146085552865,0.4360869249394673,0.42995012106537533
942484272,178,0.4187265650080257,0.4363201444622793,0.43017552166934186
942484272,179,0.41894261771747804,0.43653711093375897,0.43038020750199524
942484272,180,0.4191744444444445,0.4367601587301587,0.4305964285714286
942484272,181,0.41939273875295974,0.4369813733228098,0.4308288082083662
942484272,182,0.41963273155416014,0.43720965463108324,0.4310779434850863
942484272,183,0.41986846213895396,0.4374225604996096,0.43129406713505075
942484272,184,0.42009231366459626,0.4376530279503106,0.43151987577639755
942484272,185,0.4203050193050193,0.437847027027027,0.43173791505791503
942484272,186,0.42053955453148995,0.438060752688172,0.431960599078341
942484272,187,0.42076103896103895,0.43826883116883114,0.43219915966386546
942484272,188,0.4209787993920972,0.43847963525835865,0.4324196808510638
942484272,189,0.42121141345427054,0.43870302343159484,0.4326670445956161
942484272,190,0.4214327067669173,0.4389178195488722,0.43289887218045103
942484272,191,0.4216679132385938,0.43914622288706057,0.43313006731488407
942484272,192,0.4218768601190476,0.43934776785714286,0.43336093750000004
942484272,193,0.4221073279052553,0.4395575129533679,0.43360074019245015
942484272,194,0.42232120765832104,0.43974351988217975,0.4338137702503681
942484272,195,0.4225410989010988,0.4399507692307692,0.4340536996336996
942484272,196,0.42273425655976676,0.4401581632653061,0.4342623177842565
942484272,197,0.4229604786076867,0.44036504713560554,0.4344938361131255
942484272,198,0.42318730158730156,0.4405908369408369,0.4347414141414141
942484272,199,0.4234201005025126,0.44080358937544867,0.4349829863603733
942484272,200,0.42365057142857143,0.4410185714285714,0.4352199285714286
929893138,1,0.35695714285714286,0.23677142857142858,0.29792857142857143
929893138,2,0.3906428571428571,0.28574285714285713,0.33732142857142855
929893138,3,0.40202380952380956,0.31197619047619046,0.35555714285714285
929893138,4,0.4058285714285714,0.3277035714285714,0.36440357142857144
929893138,5,0.40555714285714284,0.33759142857142865,0.36886
929893138,6,0.40379999999999994,0.3444976190476191,0.37138571428571426
929893138,7,0.40209795918367347,0.3498734693877551,0.3730224489795918
929893138,8,0.399725,0.3539107142857143,0.3742517857142857
929893138,9,0.3985333333333333,0.3577968253968254,0.37548253968253975
929893138,10,0.39683142857142856,0.36075142857142856,0.37618999999999997
929893138,11,0.3956441558441558,0.3635103896103896,0.3771155844155844
929893138,12,0.3943083333333333,0.3657714285714286,0.377402380952381
929893138,13,0.3926791208791209,0.36792527472527475,0.37794395604395614
929893138,14,0.39167551020408164,0.3695040816326531,0.3782397959183673
929893138,15,0.3906800000000001,0.3710752380952381,0.3787466666666666
929893138,16,0.38980089285714287,0.3725839285714286,0.3790580357142857
929893138,17,0.38906218487394956,0.3737764705882352,0.37938403361344536
929893138,18,0.38841428571428577,0.3750380952380953,0.3798246031746032
929893138,19,0.3879255639097745,0.37625187969924817,0.3803413533834586
929893138,20,0.38757642857142854,0.3774078571428572,0.3807535714285714
929893138,21,0.3869489795918367,0.37828367346938774,0.3810469387755102
929893138,22,0.3863441558441559,0.37935584415584417,0.38126948051948056
929893138,23,0.3861242236024845,0.38043167701863356,0.3817732919254659
929893138,24,0.38557202380952377,0.3812065476190476,0.3819565476190476
929893138,25,0.38531085714285723,0.38210000000000005,0.38240114285714294
929893138,26,0.3851714285714286,0.38311483516483513,0.38294835164835167
929893138,27,0.3850227513227513,0.3839544973544973,0.38335185185185194
929893138,28,0.3849469387755102,0.38479285714285716,0.38381785714285727
929893138,29,0.3848093596059114,0.3856477832512315,0.38410738916256154
929893138,30,0.3847614285714286,0.3863933333333333,0.38438380952380957
929893138,31,0.3846824884792627,0.3871981566820276,0.3848027649769584
929893138,32,0.3846205357142857,0.38795892857142855,0.38518035714285714
929893138,33,0.38454155844155846,0.38858831168831154,0.3855588744588744
929893138,34,0.3844554621848739,0.38927268907563023,0.38587983193277314
929893138,35,0.38446734693877554,0.3899616326530613,0.38630489795918366
929893138,36,0.3844242063492064,0.3905055555555556,0.38663214285714287
929893138,37,0.384388803088803,0.3911108108108108,0.3869393822393822
929893138,38,0.3844996240601504,0.3917808270676692,0.3873466165413534
929893138,39,0.3846197802197802,0.39240769230769235,0.3878333333333333
929893138,40,0.3846671428571429,0.3930514285714286,0.38814285714285707
929893138,41,0.3847912891986064,0.39368327526132413,0.3886160278745645
929893138,42,0.3848962585034013,0.3941948979591837,0.3890496598639456
929893138,43,0.38497508305647843,0.39475049833887044,0.3894259136212625
929893138,44,0.3850961038961039,0.3952561688311688,0.389812987012987
929893138,45,0.3853019047619048,0.3957307936507936,0.39020412698412704
929893138,46,0.38541832298136647,0.3961857142857143,0.390580745341615
929893138,47,0.38559209726443766,0.3967252279635259,0.3909978723404255
929893138,48,0.38575089285714287,0.3972336309523809,0.39143958333333334
929893138,49,0.3859723032069971,0.3977795918367347,0.39181195335276964
929893138,50,0.38608628571428566,0.39825,0.3921914285714286
929893138,51,0.38627787114845946,0.3986994397759104,0.39253865546218486
929893138,52,0.386473901098901,0.3991879120879121,0.3929112637362637
929893138,53,0.386699460916442,0.3995733153638814,0.3933363881401618
929893138,54,0.38689126984126987,0.40003994708994706,0.393715873015873
929893138,55,0.387085974025974,0.40044467532467526,0.3940851948051948
929893138,56,0.38723061224489796,0.40089795918367344,0.3944076530612245
929893138,57,0.38742130325814533,0.4013145363408521,0.3947779448621554
929893138,58,0.3876701970443349,0.4017647783251232,0.3951674876847291
929893138,59,0.3879358353510895,0.4021835351089589,0.39559346246973365
929893138,60,0.38817523809523813,0.402655238095238,0.3959909523809524
929893138,61,0.38841241217798594,0.4030683840749415,0.39636206088992976
929893138,62,0.3886769585253456,0.40345898617511516,0.39666221198156676
929893138,63,0.38891587301587305,0.4039024943310658,0.39705328798185935
929893138,64,0.38920200892857143,0.404346875,0.3974470982142857
929893138,65,0.3894964835164836,0.4047804395604396,0.39784703296703294
929893138,66,0.38974458874458867,0.40520952380952385,0.3982785714285714
929893138,67,0.38997142857142864,0.40559850746268666,0.39864371002132193
929893138,68,0.39024138655462187,0.40599747899159666,0.39897478991596635
929893138,69,0.39047846790890267,0.4063925465838509,0.3993070393374742
929893138,70,0.39071081632653065,0.4067365306122449,0.39960224489795915
929893138,71,0.3910245472837023,0.4071088531187123,0.39993943661971837
929893138,72,0.3913313492063492,0.4074865079365078,0.400331746031746
929893138,73,0.39155949119373773,0.4078614481409002,0.40070430528375733
929893138,74,0.39185579150579153,0.40824980694980695,0.4011092664092664
929893138,75,0.39217885714285716,0.40863009523809524,0.40148990476190477
929893138,76,0.3924904135338346,0.40905563909774434,0.40185469924812023
929893138,77,0.3927732838589982,0.40938719851577,0.4022254174397032
929893138,78,0.39302619047619053,0.40973699633699634,0.4025739926739927
929893138,79,0.39329638336347195,0.41009746835443034,0.4029354430379747
929893138,80,0.3935221428571429,0.41041125,0.40326910714285713
929893138,81,0.393836860670194,0.41081128747795415,0.4036470899470899
929893138,82,0.39411951219512203,0.41116881533101046,0.4039952961672474
929893138,83,0.39443648881239246,0.411522547332186,0.40433476764199655
929893138,84,0.394718537414966,0.4118222789115646,0.40468452380952386
929893138,85,0.39503344537815127,0.4121742857142856,0.40502016806722685
929893138,86,0.39532026578073093,0.4124985049833887,0.4053607973421927
929893138,87,0.39559096880131367,0.4128328407224959,0.4056866995073892
929893138,88,0.39587094155844155,0.4131673701298701,0.4060128246753246
929893138,89,0.39614333868378815,0.41349390048154094,0.40636051364365966
929893138,90,0.3964125396825397,0.4138382539682539,0.4067080952380952
929893138,91,0.3966679748822605,0.41415337519623235,0.4070105180533752
929893138,92,0.396914751552795,0.414444254658385,0.4073352484472049
929893138,93,0.3971917050691244,0.4147752688172043,0.407684331797235
929893138,94,0.39745881458966564,0.4150948328267477,0.40803130699088147
929893138,95,0.3977538345864661,0.41541052631578945,0.408393984962406
929893138,96,0.3979949404761905,0.41572232142857135,0.4086778273809524
929893138,97,0.3982530191458027,0.41599734904270985,0.40898615611192934
929893138,98,0.39854314868804663,0.41629912536443153,0.4092727405247814
929893138,99,0.39882683982683975,0.41660606060606065,0.4095792207792208
929893138,100,0.399085,0.41690028571428567,0.4098945714285714
929893138,101,0.39934596888260254,0.41718019801980205,0.41018373408769454
929893138,102,0.399612324929972,0.4174816526610644,0.41048711484593836
929893138,103,0.3998811373092927,0.4177934812760055,0.4107959778085992
929893138,104,0.4001329670329671,0.4180651098901098,0.4111177197802197
929893138,105,0.40041727891156464,0.418324081632653,0.4114321088435374
929893138,106,0.40070633423180596,0.4186206199460916,0.4117253369272237
929893138,107,0.40095380507343115,0.41890560747663547,0.4120105473965287
929893138,108,0.40125740740740734,0.41918915343915336,0.4123166666666666
929893138,109,0.4015440366972477,0.4194614678899083,0.41261847968545223
929893138,110,0.401821038961039,0.41976415584415583,0.41293142857142856
929893138,111,0.4021030888030888,0.4200316602316603,0.41318880308880307
929893138,112,0.40235778061224486,0.4203339285714286,0.41347563775510204
929893138,113,0.40262629582806575,0.4205834386852086,0.41378002528445007
929893138,114,0.40292744360902255,0.4208587719298245,0.4140976190476191
929893138,115,0.4032206211180125,0.42115826086956526,0.41440397515527955
929893138,116,0.40350357142857146,0.42140899014778327,0.4146785714285715
929893138,117,0.40376105006105,0.42168217338217345,0.4149490842490842
929893138,118,0.40398716707021787,0.42193510895883773,0.41523983050847457
929893138,119,0.40425342136854736,0.42220432172869143,0.4155297719087635
929893138,120,0.40451892857142857,0.4224838095238095,0.4157908333333333
929893138,121,0.40478110979929155,0.42275608028335293,0.4160984651711925
929893138,122,0.4050598360655738,0.4230266978922717,0.4163909836065573
929893138,123,0.40535725900116143,0.42332543554006974,0.41668722415795584
929893138,124,0.40564481566820276,0.42358479262672816,0.41696394009216586
929893138,125,0.40591360000000004,0.4238273142857143,0.41722628571428577
929893138,126,0.4061604308390022,0.4240821995464852,0.41750147392290254
929893138,127,0.4064190101237346,0.4243528683914511,0.41777581552305965
929893138,128,0.4066839285714286,0.42463917410714286,0.41806049107142856
929893138,129,0.406962015503876,0.4249242524916944,0.41835060908084165
929893138,130,0.407233076923077,0.42519329670329675,0.41863857142857147
929893138,131,0.4074479825517994,0.425462159214831,0.4189013086150491
929893138,132,0.40770075757575747,0.4257489177489178,0.4191838744588744
929893138,133,0.4079626208378087,0.42601654135338346,0.4194425349087003
929893138,134,0.4082109808102346,0.42626929637526656,0.41971748400852876
929893138,135,0.40845195767195763,0.42652931216931217,0.42000105820105826
929893138,136,0.4086996848739496,0.4268035714285714,0.420256512605042
929893138,137,0.4089528675703858,0.42705391032325346,0.42052012513034415
929893138,138,0.4092368530020704,0.42731728778467915,0.42080144927536234
929893138,139,0.409470811921891,0.42755251798561156,0.4210918807810894
929893138,140,0.4097064285714285,0.4278048979591837,0.42134938775510206
929893138,141,0.40995379939209725,0.42806930091185413,0.4216193515704154
929893138,142,0.41019446680080485,0.42831639839034197,0.42189949698189133
929893138,143,0.4104348651348651,0.42854765234765235,0.42217102897102904
929893138,144,0.4106891865079365,0.4287978174603175,0.4224323412698413
929893138,145,0.4109509359605911,0.4290633497536946,0.4226703448275862
929893138,146,0.4111863992172211,0.42929833659491196,0.4229111545988258
929893138,147,0.41143430515063173,0.4295614188532556,0.42319047619047623
929893138,148,0.411665057915058,0.42982065637065636,0.42345588803088813
929893138,149,0.4118946308724832,0.4300667305848514,0.4237189837008629
929893138,150,0.4121379047619048,0.4302958095238096,0.4239787619047619
929893138,151,0.41239545884579,0.43054881740775774,0.4242351939451277
929893138,152,0.41261419172932334,0.43078092105263155,0.42447734962406014
929893138,153,0.4128622782446312,0.43102250233426703,0.42473996265172737
929893138,154,0.413117439703154,0.4312626159554731,0.4250144712430426
929893138,155,0.4133677419354838,0.4315026728110599,0.4252870967741936
929893138,156,0.41363690476190484,0.43173681318681323,0.4255593406593407
929893138,157,0.41387452229299365,0.43195868971792545,0.4257863512283894
929893138,158,0.41411446654611217,0.4321899638336348,0.4260163652802893
929893138,159,0.41437690925426773,0.4324369272237197,0.42627583108715184
929893138,160,0.41460544642857144,0.43268499999999993,0.42651723214285725
929893138,161,0.41486761313220943,0.4329255545696539,0.4267836734693878
929893138,162,0.41512248677248675,0.43315740740740744,0.42704753086419756
929893138,163,0.4153678352322524,0.4333989482909728,0.42730210341805436
929893138,164,0.41562439024390246,0.43364355400696875,0.4275656794425088
929893138,165,0.41586727272727275,0.4338754112554113,0.4278038095238096
929893138,166,0.41612254733218584,0.43412056798623067,0.4280581755593804
929893138,167,0.4163784431137724,0.43436099230111214,0.4283218990590248
929893138,168,0.41661683673469385,0.43459625850340133,0.42856666666666665
929893138,169,0.4168635672020287,0.4348402366863905,0.42881538461538465
929893138,170,0.4170928571428572,0.4350512605042017,0.4290479831932773
929893138,171,0.4173258980785297,0.43527326649958226,0.42927226399331664
929893138,172,0.4175715116279069,0.43550938538205985,0.4295101328903655
929893138,173,0.4177974401321222,0.43575474814203136,0.4297552436003303
929893138,174,0.41803940886699503,0.4359882594417077,0.42998004926108374
929893138,175,0.41828922448979583,0.4362337142857143,0.4302409795918367
929893138,176,0.41854667207792207,0.43644667207792204,0.4304854707792207
929893138,177,0.4187806295399515,0.4366723163841808,0.4307136400322841
929893138,178,0.4190125200642054,0.4368826645264848,0.43094598715890853
929893138,179,0.41923112529928175,0.43709417398244216,0.4311549880287311
929893138,180,0.41944793650793655,0.43731198412698413,0.4313819841269842
929893138,181,0.41968153117600626,0.4375294396211523,0.43160315706393054
929893138,182,0.41993021978021977,0.43775863422291994,0.4318389324960754
929893138,183,0.42015675253708046,0.4379693989071038,0.43205932864949254
929893138,184,0.4203945652173913,0.4381942546583851,0.43229254658385097
929893138,185,0.4206098841698842,0.4384098069498069,0.4324988416988418
929893138,186,0.42082788018433176,0.43863463901689703,0.43272757296466974
929893138,187,0.4210493506493507,0.4388436974789916,0.43294896867838045
929893138,188,0.421286094224924,0.43906876899696057,0.43317226443769
929893138,189,0.4215182917611489,0.43931587301587305,0.4334273620559335
929893138,190,0.421742932330827,0.4395317293233083,0.4336587969924812
929893138,191,0.4219827973074047,0.4397531039640987,0.433892071802543
929893138,192,0.4222026041666666,0.43997321428571434,0.4341215773809524
929893138,193,0.42242109548482604,0.4401903034789044,0.4343523316062176
929893138,194,0.4226369661266569,0.44039064801178196,0.4345592783505155
929893138,195,0.42287010989010987,0.4405866666666667,0.43478923076923076
929893138,196,0.4230639941690962,0.44078819241982503,0.43500568513119536
929893138,197,0.4232976069615664,0.44099789702683106,0.43522893401015234
929893138,198,0.42353318903318904,0.44122113997114,0.4354592352092352
929893138,199,0.4237484565685571,0.4414443646805456,0.4356821966977745
929893138,200,0.4239715,0.4416717142857142,0.43591949999999996
1843824993,1,0.3567714285714286,0.23882857142857142,0.2976857142857143
1843824993,2,0.3910214285714286,0.28713571428571427,0.33785
1843824993,3,0.40168571428571426,0.3129095238095238,0.3553809523809523
1843824993,4,0.4045892857142857,0.32800714285714283,0.364425
1843824993,5,0.40411714285714284,0.3376971428571429,0.3686771428571429
1843824993,6,0.40259523809523806,0.34489285714285717,0.37115238095238096
1843824993,7,0.4010571428571428,0.3500979591836734,0.373169387755102
1843824993,8,0.39898392857142856,0.35399821428571426,0.3742553571428571
1843824993,9,0.3978460317460317,0.3578349206349207,0.37560158730158727
1843824993,10,0.3963814285714286,0.36090571428571433,0.3760214285714285
1843824993,11,0.3951999999999999,0.3635870129870129,0.37688441558441554
1843824993,12,0.3937714285714286,0.365802380952381,0.3772238095238095
1843824993,13,0.39251538461538465,0.36785384615384614,0.377678021978022
1843824993,14,0.39125408163265313,0.3694714285714285,0.37807244897959175
1843824993,15,0.3901514285714286,0.37098761904761907,0.3782885714285714
1843824993,16,0.38932321428571426,0.3722732142857143,0.37864732142857144
1843824993,17,0.3886512605042016,0.37372773109243695,0.37899159663865545
1843824993,18,0.3881230158730159,0.37498253968253975,0.3794166666666667
1843824993,19,0.3877383458646617,0.3761406015037594,0.37985263157894744
1843824993,20,0.3874571428571429,0.37732214285714283,0.38038214285714284
1843824993,21,0.3869136054421769,0.3783700680272109,0.38059319727891155
1843824993,22,0.3866077922077923,0.37931623376623375,0.380911038961039
1843824993,23,0.38635838509316767,0.3803099378881988,0.38139006211180126
1843824993,24,0.38590714285714284,0.3811035714285714,0.38162738095238097
1843824993,25,0.38559885714285713,0.38212000000000007,0.3821748571428572
1843824993,26,0.38548736263736266,0.38321043956043954,0.3826923076923078
1843824993,27,0.38533968253968254,0.3841169312169312,0.3831449735449735
1843824993,28,0.3853127551020408,0.3849397959183673,0.38366122448979584
1843824993,29,0.385179802955665,0.385728078817734,0.3839610837438424
1843824993,30,0.3850957142857143,0.3864542857142857,0.3843485714285714
1843824993,31,0.3849548387096774,0.3872239631336405,0.384626728110599
1843824993,32,0.38486383928571427,0.3878138392857143,0.3850111607142857
1843824993,33,0.3847770562770563,0.38849393939393934,0.38538787878787867
1843824993,34,0.38476386554621844,0.38912647058823524,0.38567142857142855
1843824993,35,0.38476122448979594,0.38972857142857137,0.3860591836734694
1843824993,36,0.38477579365079356,0.3902805555555555,0.3863396825396826
1843824993,37,0.3847289575289576,0.39084440154440153,0.3867324324324325
1843824993,38,0.38484849624060147,0.39148684210526313,0.38713872180451125
1843824993,39,0.3849941391941392,0.39208278388278395,0.3875897435897435
1843824993,40,0.38503107142857146,0.39270250000000007,0.38795714285714283
1843824993,41,0.3851937282229966,0.39334878048780486,0.38842264808362376
1843824993,42,0.3853619047619048,0.3939619047619048,0.3888925170068027
1843824993,43,0.385541196013289,0.3944225913621262,0.3892890365448505
1843824993,44,0.38568798701298695,0.3949415584415584,0.38975844155844147
1843824993,45,0.38585650793650794,0.3955263492063492,0.3901603174603175
1843824993,46,0.3859158385093168,0.3960282608695652,0.39048509316770186
1843824993,47,0.38611914893617016,0.3965641337386018,0.3909310030395137
1843824993,48,0.3862547619047619,0.3970925595238095,0.3912940476190477
1843824993,49,0.38649387755102044,0.3976422740524782,0.39169067055393586
1843824993,50,0.38669828571428577,0.3981537142857144,0.3921094285714286
1843824993,51,0.3868739495798319,0.3986504201680673,0.3925036414565826
1843824993,52,0.3870587912087912,0.3991101648351648,0.39291126373626367
1843824993,53,0.3872671159029649,0.3994994609164421,0.3932477088948787
1843824993,54,0.38748412698412693,0.3999214285714286,0.39363465608465603
1843824993,55,0.38766441558441556,0.4003620779220779,0.39402000000000004
1843824993,56,0.38784260204081633,0.4007474489795918,0.394394387755102
1843824993,57,0.3880729323308271,0.40124185463659146,0.39474812030075185
1843824993,58,0.38827660098522165,0.40176157635467985,0.39512413793103446
1843824993,59,0.3885309927360775,0.40218305084745765,0.3955404358353511
1843824993,60,0.3888107142857143,0.4026704761904762,0.395915
1843824993,61,0.38905901639344265,0.4031060889929742,0.39625925058548006
1843824993,62,0.3892638248847927,0.4034933179723502,0.3965990783410139
1843824993,63,0.38949795918367347,0.4039707482993198,0.39696167800453513
1843824993,64,0.3897810267857143,0.40437566964285715,0.39738616071428573
1843824993,65,0.3900837362637362,0.40483736263736264,0.39780681318681327
1843824993,66,0.3903430735930736,0.40524805194805197,0.39820606060606056
1843824993,67,0.39061172707889125,0.4056586353944563,0.3985982942430703
1843824993,68,0.39085231092436973,0.40607857142857146,0.39896239495798314
1843824993,69,0.39113850931677024,0.4064687370600415,0.39927826086956525
1843824993,70,0.3913491836734694,0.40680714285714287,0.39957530612244896
1843824993,71,0.39163058350100605,0.4071885311871227,0.39991750503018103
1843824993,72,0.3918942460317461,0.4075468253968254,0.4002914682539683
1843824993,73,0.39214148727984344,0.40791369863013704,0.40064324853228955
1843824993,74,0.3924144787644787,0.4083057915057915,0.4010102316602317
1843824993,75,0.39268971428571425,0.4087371428571429,0.4013304761904762
1843824993,76,0.3930035714285714,0.40914567669172935,0.4017073308270676
1843824993,77,0.39324192949907244,0.4094712430426716,0.4020714285714286
1843824993,78,0.39348296703296703,0.4098051282051282,0.4023912087912088
1843824993,79,0.3937379746835443,0.4101663652802893,0.4027589511754069
1843824993,80,0.3939825,0.41048535714285717,0.40308571428571427
1843824993,81,0.3942553791887125,0.41087654320987654,0.4034668430335096
1843824993,82,0.39457160278745645,0.41126202090592334,0.4038148083623694
1843824993,83,0.3948065404475043,0.4115958691910499,0.40418777969018926
1843824993,84,0.3950889455782313,0.4119455782312925,0.40451037414965985
1843824993,85,0.39539529411764707,0.4122904201680672,0.4048445378151261
1843824993,86,0.3956928571428571,0.4126323920265781,0.4051521594684385
1843824993,87,0.3959323481116585,0.412951724137931,0.40547257799671593
1843824993,88,0.39622922077922074,0.4132722402597403,0.40585535714285714
1843824993,89,0.39653210272873196,0.4136200642054575,0.40618731942215086
1843824993,90,0.39678825396825396,0.4139601587301586,0.40650000000000003
1843824993,91,0.39707802197802194,0.41422166405023547,0.40680486656200937
1843824993,92,0.3973748447204969,0.41451770186335407,0.4071321428571429
1843824993,93,0.3976565284178187,0.4148164362519201,0.40740261136712735
1843824993,94,0.39793419452887535,0.41514042553191494,0.4077398176291793
1843824993,95,0.39820375939849617,0.41546781954887213,0.4080560902255639
1843824993,96,0.39849419642857137,0.4157416666666666,0.40840327380952385
1843824993,97,0.398740795287187,0.416040795287187,0.4087235640648012
1843824993,98,0.39901734693877544,0.41635889212827987,0.4090163265306122
1843824993,99,0.39925699855699853,0.4166679653679653,0.40930259740259733
1843824993,100,0.39953328571428576,0.4169391428571429,0.40962942857142864
1843824993,101,0.3997906647807639,0.4172304101838755,0.40993055162659126
1843824993,102,0.40006456582633054,0.4175252100840336,0.4102326330532213
1843824993,103,0.400325520110957,0.41779861303744803,0.41052732316227464
1843824993,104,0.4005993131868132,0.4180807692307693,0.41080782967032964
1843824993,105,0.400848843537415,0.4183692517006803,0.41111605442176874
1843824993,106,0.4011393530997305,0.41866293800539084,0.41141927223719676
1843824993,107,0.4013926568758344,0.4189379172229639,0.4117006675567423
1843824993,108,0.4016781746031745,0.4192113756613757,0.41197513227513227
1843824993,109,0.40193355176933154,0.41952070773263433,0.4122986893840105
1843824993,110,0.4022092207792208,0.41983558441558444,0.4126042857142857
1843824993,111,0.40247644787644793,0.4201241956241956,0.41288468468468476
1843824993,112,0.40274030612244904,0.42041696428571423,0.4131878826530612
1843824993,113,0.4029847029077117,0.4206709228824273,0.41349949431099875
1843824993,114,0.4032766917293233,0.42095563909774436,0.41379423558897244
1843824993,115,0.4035650931677019,0.4212781366459627,0.41407900621118016
1843824993,116,0.4038536945812808,0.421553448275862,0.41436884236453203
1843824993,117,0.4041153846153846,0.4218135531135532,0.4146242979242979
1843824993,118,0.4043903147699758,0.4221019370460048,0.4148916464891041
1843824993,119,0.4046775510204082,0.42235930372148855,0.41517503001200484
1843824993,120,0.4049266666666667,0.4226211904761905,0.41545940476190474
1843824993,121,0.40520755608028336,0.4229131050767414,0.41575430932703655
1843824993,122,0.4054832552693209,0.42318723653395784,0.41606299765807964
1843824993,123,0.40577317073170727,0.42346910569105684,0.4163634146341464
1843824993,124,0.40602569124423965,0.42374573732718895,0.4166129032258065
1843824993,125,0.4062795428571429,0.4239992,0.4168825142857143
1843824993,126,0.40655136054421764,0.4242884353741497,0.41715147392290247
1843824993,127,0.4068103487064117,0.4245300337457818,0.41741889763779527
1843824993,128,0.4070625,0.42482823660714286,0.4177003348214286
1843824993,129,0.40733100775193803,0.42510287929125135,0.4180001107419712
1843824993,130,0.4076099999999999,0.4253594505494506,0.41829428571428573
1843824993,131,0.40784372955288983,0.42562595419847327,0.4185567066521265
1843824993,132,0.40813971861471865,0.4259277056277056,0.41883517316017316
1843824993,133,0.40837228786251334,0.4261698174006444,0.4191
1843824993,134,0.4086291044776119,0.42640586353944565,0.41936055437100217
1843824993,135,0.40888021164021165,0.4266681481481482,0.4196459259259259
1843824993,136,0.4091524159663866,0.42693718487394955,0.41992289915966385
1843824993,137,0.4093755995828988,0.42719489051094894,0.42020260688216887
1843824993,138,0.40963385093167703,0.4274586956521739,0.4204815734989648
1843824993,139,0.40990996916752315,0.42769732785200415,0.4207668036998973
1843824993,140,0.41016,0.42794540816326526,0.4210212244897959
1843824993,141,0.410412968591692,0.42818753799392095,0.42126859169199593
1843824993,142,0.4106679074446681,0.4284371227364186,0.4215140845070422
1843824993,143,0.4109065934065934,0.4287034965034965,0.4217777222777222
1843824993,144,0.41116279761904767,0.4289698412698412,0.42205624999999997
1843824993,145,0.4114182266009853,0.4292205911330049,0.4223342857142858
1843824993,146,0.4116518590998043,0.42944990215264184,0.4225813111545988
1843824993,147,0.4119043731778425,0.4297218658892128,0.42286209912536443
1843824993,148,0.41215666023166025,0.42996225868725874,0.4231094594594595
1843824993,149,0.4124026845637584,0.4302340364333653,0.42336682646212853
1843824993,150,0.41264838095238093,0.430462,0.4236280952380953
1843824993,151,0.4128981078524125,0.43071286660359503,0.4238797540208137
1843824993,152,0.41312753759398485,0.4309392857142857,0.42412725563909776
1843824993,153,0.41337516339869285,0.43118281979458456,0.4243852474323062
1843824993,154,0.4136256029684602,0.4314235621521335,0.42464879406307976
1843824993,155,0.41386451612903224,0.4316509677419355,0.4248820276497695
1843824993,156,0.414128663003663,0.4318959706959707,0.4251586080586081
1843824993,157,0.414377161055505,0.4321027297543221,0.42540682438580524
1843824993,158,0.41459647377938524,0.43232097649186263,0.4256408679927667
1843824993,159,0.4148423180592992,0.43257169811320756,0.425901078167116
1843824993,160,0.4150734821428571,0.4327969642857143,0.4261607142857143
1843824993,161,0.41532040816326526,0.4330278615794144,0.42641304347826087
1843824993,162,0.415568783068783,0.43326825396825397,0.4266664902998236
1843824993,163,0.41580683610867664,0.43348790534618753,0.4269408413672217
1843824993,164,0.41603893728222996,0.4337271777003484,0.42718162020905925
1843824993,165,0.4162730735930736,0.4339419913419913,0.42739558441558445
1843824993,166,0.41653502581755597,0.4341868330464716,0.42765232358003447
1843824993,167,0.4167639863130881,0.43441736526946106,0.4278888793840889
1843824993,168,0.4170074829931973,0.43465263605442184,0.4281318877551021
1843824993,169,0.41722561284868975,0.43488021978021985,0.4283532544378699
1843824993,170,0.41745428571428567,0.435083193277311,0.4285876470588235
1843824993,171,0.4176862990810359,0.43529791144527985,0.42884001670843774
1843824993,172,0.41793189368770756,0.435521926910299,0.42907483388704315
1843824993,173,0.41814772914946324,0.4357653179190752,0.42930132122213044
1843824993,174,0.41836773399014776,0.43598628899835795,0.42953932676518886
1843824993,175,0.4186007346938776,0.4362227755102041,0.42979436734693877
1843824993,176,0.41884228896103887,0.4364303571428572,0.43003636363636366
1843824993,177,0.41905988700564967,0.43665310734463275,0.4302853107344633
1843824993,178,0.4193001605136437,0.4368554574638845,0.4305089887640449
1843824993,179,0.41952761372705505,0.43706296887470075,0.4307145251396648
1843824993,180,0.4197534920634921,0.4372830158730158,0.43092992063492064
1843824993,181,0.41998871349644834,0.43750252565114445,0.4311507498026835
1843824993,182,0.4202295918367347,0.4377113814756672,0.43137778649921504
1843824993,183,0.4204398126463701,0.4379431693989071,0.4316060109289618
1843824993,184,0.4206583074534161,0.4381717391304348,0.4318391304347826
1843824993,185,0.4208656370656371,0.4383868725868726,0.4320576833976834
1843824993,186,0.4210887096774193,0.4385987711213517,0.4323018433179723
1843824993,187,0.4213106187929717,0.4387990832696715,0.4325281894576013
1843824993,188,0.42155501519756833,0.4390018237082067,0.43274916413373854
1843824993,189,0.42178004535147395,0.43923544973544976,0.43299871504157217
1843824993,190,0.42200203007518794,0.4394551127819549,0.4332412781954887
1843824993,191,0.42223620044876586,0.4396663425579656,0.43349207180254296
1843824993,192,0.4224608630952381,0.4398712053571428,0.43371190476190474
1843824993,193,0.4226831976313842,0.44006913397483344,0.43393471502590675
1843824993,194,0.4228756259204713,0.440270029455081,0.4341420471281296
1843824993,195,0.4230881318681318,0.4404761172161172,0.43436351648351645
1843824993,196,0.42329978134110785,0.4406797376093294,0.4345995626822157
1843824993,197,0.42352175489485133,0.4408681653372009,0.4348171863669325
1843824993,198,0.42375079365079366,0.4410907647907648,0.43505548340548345
1843824993,199,0.42398147882268483,0.44130567121320885,0.4352818377602297
1843824993,200,0.4241842857142858,0.4415315,0.43553285714285717
184566854,1,0.3555,0.2370857142857143,0.29564285714285715
184566854,2,0.3908142857142857,0.28605714285714284,0.33570714285714287
184566854,3,0.4016857142857143,0.3122904761904762,0.3544095238095238
184566854,4,0.404925,0.32780714285714285,0.36318214285714284
184566854,5,0.4041857142857143,0.33740285714285717,0.3679942857142857
184566854,6,0.4027952380952381,0.3444452380952381,0.37064761904761906
184566854,7,0.40103877551020406,0.34982448979591835,0.37227755102040816
184566854,8,0.3990107142857143,0.3539339285714286,0.3736035714285714
184566854,9,0.39780476190476194,0.3578238095238095,0.375131746031746
184566854,10,0.39632428571428574,0.36094571428571426,0.3758185714285714
184566854,11,0.3949584415584415,0.3634571428571428,0.37688831168831166
184566854,12,0.3935285714285715,0.36558571428571424,0.37725833333333336
184566854,13,0.39227692307692313,0.36774835164835173,0.3776582417582418
184566854,14,0.3910438775510203,0.3695204081632653,0.37802857142857144
184566854,15,0.38997619047619053,0.37101619047619055,0.37830857142857144
184566854,16,0.3892366071428571,0.37259910714285716,0.37889375
184566854,17,0.3885689075630252,0.37387731092436977,0.37917899159663865
184566854,18,0.38789206349206357,0.3752722222222222,0.3796333333333334
184566854,19,0.38745714285714283,0.3764421052631579,0.3799917293233082
184566854,20,0.38711071428571436,0.37758214285714287,0.38038642857142857
184566854,21,0.38661088435374147,0.3785993197278911,0.3805625850340135
184566854,22,0.38606753246753245,0.3795214285714285,0.38095324675324677
184566854,23,0.3857813664596273,0.3805192546583851,0.3815546583850931
184566854,24,0.38521666666666665,0.38131666666666664,0.38179821428571425
184566854,25,0.3851205714285715,0.38230971428571436,0.38219828571428577
184566854,26,0.3850225274725274,0.3833445054945055,0.38275824175824175
184566854,27,0.38487248677248675,0.3840809523809524,0.38312222222222225
184566854,28,0.38494642857142863,0.3848969387755101,0.383640306122449
184566854,29,0.38479556650246305,0.3856463054187192,0.3839798029556651
184566854,30,0.384747619047619,0.38647761904761907,0.38435
184566854,31,0.3846147465437788,0.38725023041474654,0.38475207373271886
184566854,32,0.38453080357142855,0.3879464285714286,0.38510714285714287
184566854,33,0.38444069264069264,0.3885199134199134,0.38550432900432896
184566854,34,0.38441428571428565,0.3891596638655461,0.38581722689075626
184566854,35,0.3844559183673469,0.38974367346938776,0.3862306122448979
184566854,36,0.3844988095238095,0.390340873015873,0.38652142857142857
184566854,37,0.38454633204633204,0.3909065637065637,0.3868679536679537
184566854,38,0.3846875939849624,0.39149285714285714,0.3873221804511278
184566854,39,0.3848120879120879,0.3920787545787545,0.38772600732600737
184566854,40,0.38490785714285713,0.3926228571428571,0.38808607142857143
184566854,41,0.3850839721254356,0.393343205574913,0.3886411149825784
184566854,42,0.3851768707482993,0.39389285714285716,0.3890901360544217
184566854,43,0.3853378737541529,0.3944435215946844,0.38948073089700996
184566854,44,0.38546525974025975,0.39495454545454545,0.3898873376623377
184566854,45,0.3856009523809524,0.39544730158730157,0.3903050793650794
184566854,46,0.3856857142857143,0.39599658385093167,0.390664596273292
184566854,47,0.38588145896656534,0.39656626139817625,0.3910553191489361
184566854,48,0.38602559523809526,0.3970714285714286,0.39141011904761897
184566854,49,0.38626997084548104,0.39754810495626824,0.3917775510204082
184566854,50,0.3864697142857143,0.3980688571428571,0.39209971428571433
184566854,51,0.386717086834734,0.39857394957983194,0.39244929971988796
184566854,52,0.3868917582417583,0.39901456043956046,0.3928505494505495
184566854,53,0.3871199460916442,0.39943099730458226,0.39324447439353105
184566854,54,0.3873174603174603,0.3998669312169313,0.3936380952380952
184566854,55,0.3874716883116883,0.4003262337662338,0.39402597402597406
184566854,56,0.3876630102040816,0.40078086734693874,0.39441096938775505
184566854,57,0.3878731829573934,0.40121804511278203,0.3947543859649123
184566854,58,0.38808990147783246,0.4016598522167487,0.39517463054187196
184566854,59,0.3883559322033899,0.4021215496368039,0.395525181598063
184566854,60,0.38862357142857146,0.4026130952380952,0.39588190476190477
184566854,61,0.3888620608899297,0.4030697892271663,0.39624379391100706
184566854,62,0.3891179723502304,0.40343387096774186,0.39661336405529957
184566854,63,0.3893843537414965,0.40385034013605436,0.3970331065759637
184566854,64,0.3896705357142857,0.40429754464285717,0.3974361607142857
184566854,65,0.38999912087912086,0.40474351648351653,0.3978103296703297
184566854,66,0.3902480519480519,0.40515995670995664,0.3982015151515152
184566854,67,0.39049680170575696,0.4055724946695096,0.39857590618336886
184566854,68,0.3906951680672269,0.4059485294117647,0.3989226890756302
184566854,69,0.39092484472049693,0.4063509316770187,0.3992645962732919
184566854,70,0.39115061224489794,0.4066795918367347,0.39957897959183675
184566854,71,0.3914446680080483,0.407058551307847,0.39992132796780683
184566854,72,0.3916847222222222,0.4074621031746032,0.40028373015873014
184566854,73,0.39197495107632097,0.4078342465753425,0.40062465753424653
184566854,74,0.3922525096525097,0.4082642857142857,0.40100366795366793
184566854,75,0.39258838095238097,0.40870247619047617,0.401336380952381
184566854,76,0.3928915413533835,0.4090765037593986,0.40173947368421054
184566854,77,0.39313580705009277,0.40939870129870126,0.4020653061224489
184566854,78,0.39339505494505494,0.4097324175824176,0.4023860805860806
184566854,79,0.39366256781193487,0.41009132007233273,0.40270976491862576
184566854,80,0.39391160714285717,0.41042267857142867,0.4030271428571428
184566854,81,0.39426084656084653,0.41079841269841266,0.40340758377425046
184566854,82,0.3945552264808362,0.41115400696864113,0.40372630662020903
184566854,83,0.394857487091222,0.41151394148020654,0.40405731497418235
184566854,84,0.39513265306122447,0.411841156462585,0.40440680272108837
184566854,85,0.39539327731092433,0.4121576470588235,0.4047472268907563
184566854,86,0.39567724252491693,0.41250382059800667,0.40509352159468437
184566854,87,0.3959582922824302,0.4128515599343185,0.4054187192118227
184566854,88,0.39625974025974026,0.41317922077922076,0.40575113636363647
184566854,89,0.39657479935794543,0.4135126805778491,0.4060800963081862
184566854,90,0.3968711111111111,0.41384317460317466,0.4064179365079365
184566854,91,0.3971529042386185,0.41412103610675033,0.40672197802197796
184566854,92,0.39739689440993786,0.4144184782608696,0.40704037267080745
184566854,93,0.3976628264208909,0.41470368663594465,0.40736466973886326
184566854,94,0.39796626139817626,0.4150416413373861,0.4076949848024316
184566854,95,0.39822436090225555,0.4153667669172932,0.4080455639097744
184566854,96,0.39844702380952385,0.4156318452380952,0.4083571428571428
184566854,97,0.3986904270986746,0.4159228276877761,0.4086558173784978
184566854,98,0.39897230320699706,0.41621195335276967,0.40894781341107866
184566854,99,0.39924689754689746,0.41651471861471856,0.40923939393939396
184566854,100,0.39953600000000006,0.41679485714285713,0.40955428571428576
184566854,101,0.3997922206506365,0.4170449787835927,0.409868882602546
184566854,102,0.40007941176470585,0.4173502801120448,0.4101894957983193
184566854,103,0.4003305131761443,0.41766643550624133,0.4105140083217752
184566854,104,0.4006016483516484,0.4179300824175824,0.4108075549450549
184566854,105,0.4008640816326531,0.41820040816326526,0.4111102040816326
184566854,106,0.40114609164420484,0.41851091644204846,0.4114036388140162
184566854,107,0.401384512683578,0.4188101468624833,0.41170293724966617
184566854,108,0.4016743386243387,0.4190914021164021,0.41199920634920634
184566854,109,0.401932372214941,0.4193758846657929,0.412308125819135
184566854,110,0.4021775324675324,0.41968025974025974,0.41259324675324666
184566854,111,0.4024548262548263,0.41997516087516085,0.41286911196911197
184566854,112,0.4027344387755102,0.4202660714285714,0.41314311224489786
184566854,113,0.4030166877370417,0.42052945638432365,0.413429203539823
184566854,114,0.4032974937343359,0.42079824561403506,0.4137309523809523
184566854,115,0.4035706832298137,0.4210690683229814,0.4140110559006211
184566854,116,0.4038426108374384,0.42133743842364535,0.41429630541871915
184566854,117,0.40409829059829055,0.4215891330891331,0.4145743589743589
184566854,118,0.40438498789346244,0.42184503631961257,0.4148501210653754
184566854,119,0.40464273709483795,0.4221088835534213,0.4151270108043217
184566854,120,0.40490440476190465,0.42237702380952385,0.4153929761904762
184566854,121,0.4051719008264463,0.42266363636363635,0.41569421487603303
184566854,122,0.4054697892271663,0.42292903981264646,0.41600374707259946
184566854,123,0.40574970963995355,0.42322787456446,0.41631405342624855
184566854,124,0.4060087557603687,0.42348847926267286,0.4166050691244239
184566854,125,0.4062466285714287,0.42375131428571433,0.4168764571428572
184566854,126,0.4065048752834467,0.42402698412698414,0.4171459183673469
184566854,127,0.40675759280089985,0.4242931383577053,0.41742879640044994
184566854,128,0.40700926339285715,0.4245549107142857,0.41772064732142855
184566854,129,0.4073014396456257,0.4248204872646733,0.41798106312292355
184566854,130,0.40757197802197803,0.42508164835164836,0.41826153846153846
184566854,131,0.40781712104689205,0.42533609596510347,0.4185368593238823
184566854,132,0.4080995670995671,0.42561569264069266,0.4188384199134199
184566854,133,0.4083595059076262,0.4258704618689581,0.41909817400644467
184566854,134,0.40861140724946693,0.426110447761194,0.4193588486140724
184566854,135,0.40885079365079363,0.42637047619047613,0.4196131216931216
184566854,136,0.4091008403361345,0.4266285714285714,0.4198654411764705
184566854,137,0.40934754953076125,0.4268808133472367,0.42014525547445253
184566854,138,0.40961894409937893,0.42714596273291927,0.420433850931677
184566854,139,0.40987841726618707,0.4273903391572456,0.42069527235354576
184566854,140,0.41010163265306127,0.4276401020408163,0.4209585714285714
184566854,141,0.41034488348530906,0.4279179331306991,0.42123343465045593
184566854,142,0.41058732394366204,0.42816388329979876,0.4215014084507042
184566854,143,0.41082187812187815,0.42841148851148847,0.4217698301698301
184566854,144,0.41107886904761903,0.4286693452380953,0.4220472222222222
184566854,145,0.4113325123152709,0.4289198029556651,0.4223067980295566
184566854,146,0.41155626223091973,0.42914990215264187,0.4225397260273973
184566854,147,0.4118103984450924,0.42941020408163266,0.42282283770651113
184566854,148,0.41206274131274134,0.429655694980695,0.4230992277992278
184566854,149,0.4123054650047939,0.42993125599232984,0.42337401725790985
184566854,150,0.41253247619047617,0.4301662857142858,0.42364219047619045
184566854,151,0.4127761589403974,0.43039829706717114,0.4239084200567644
184566854,152,0.41298609022556393,0.43062001879699235,0.424178007518797
184566854,153,0.4132227824463119,0.4308633986928105,0.4244385620915033
184566854,154,0.41346957328385897,0.4311,0.4247064935064936
184566854,155,0.413729400921659,0.4313504147465438,0.42496285714285714
184566854,156,0.4139983516483517,0.43159981684981685,0.4252399267399268
184566854,157,0.41423121019108283,0.4318093721565059,0.4254752502274795
184566854,158,0.4144641952983725,0.4320444846292948,0.42570470162748647
184566854,159,0.4147080862533693,0.432299730458221,0.4259545372866128
184566854,160,0.4149292857142858,0.4325444642857143,0.42619053571428567
184566854,161,0.4151606921029281,0.43278535936113577,0.42644019520851817
184566854,162,0.41540308641975304,0.43302936507936507,0.4266884479717813
184566854,163,0.4156409290096406,0.4332773882559159,0.4269482033304119
184566854,164,0.4158948606271777,0.4334982578397212,0.4272058362369338
184566854,165,0.4161124675324675,0.4337364502164502,0.4274375757575757
184566854,166,0.4163736660929432,0.43397719449225475,0.4277061101549053
184566854,167,0.4166152266894782,0.43421231822070144,0.42795483319076133
184566854,168,0.4168487244897959,0.4344392857142857,0.42818231292517
184566854,169,0.4170918850380389,0.4346671174978868,0.4284273034657651
184566854,170,0.4173261344537815,0.43489134453781514,0.4286636134453782
184566854,171,0.4175541353383459,0.4351111946532999,0.4288892230576441
184566854,172,0.4178029900332226,0.4353351328903654,0.429134634551495
184566854,173,0.4180540875309662,0.43556705202312135,0.4293709331131297
184566854,174,0.4182611658456487,0.4357767651888341,0.42960377668308697
184566854,175,0.41852171428571433,0.4360171428571428,0.4298520000000001
184566854,176,0.418754383116883,0.43624261363636363,0.43009943181818183
184566854,177,0.41897877320419696,0.43647893462469733,0.43034850686037124
184566854,178,0.4192018459069021,0.4366955858747994,0.43057817014446226
184566854,179,0.41942793296089376,0.4369044692737431,0.4307969672785315
184566854,180,0.4196412698412699,0.43713706349206355,0.4310203174603175
184566854,181,0.41986535122336227,0.4373625098658248,0.43125280189423837
184566854,182,0.4201192307692308,0.4375915227629514,0.4314989795918367
184566854,183,0.42033512880562063,0.4378035909445746,0.4316992974238876
184566854,184,0.42058315217391307,0.4380262422360249,0.43192779503105594
184566854,185,0.420774362934363,0.43823814671814676,0.432143861003861
184566854,186,0.42098817204301076,0.4384509216589862,0.4323760368663594
184566854,187,0.42119786096256684,0.4386572192513368,0.43258747135217723
184566854,188,0.42143829787234044,0.4388678571428572,0.4328099544072948
184566854,189,0.4216743008314437,0.4391024943310658,0.4330528344671201
184566854,190,0.4218985714285714,0.43933180451127823,0.43329398496240606
184566854,191,0.4221332086761406,0.4395485415108452,0.4335308152580403
184566854,192,0.4223575892857143,0.43974761904761905,0.43375476190476187
184566854,193,0.42258527017024433,0.4399820873427091,0.433980977054034
184566854,194,0.4227966863033873,0.440189911634757,0.4341871870397644
184566854,195,0.4230204395604395,0.4404010989010989,0.4344131868131868
184566854,196,0.42322857142857145,0.44059905247813413,0.4346257288629738
184566854,197,0.4234601160261059,0.4408015228426396,0.4348439448875997
184566854,198,0.423701443001443,0.4410361471861472,0.43508217893217893
184566854,199,0.4239266331658291,0.4412531945441493,0.435302656137832
184566854,200,0.4241632857142857,0.4414774285714285,0.4355277142857143
1497586439,1,0.35847142857142855,0.23945714285714287,0.29978571428571427
1497586439,2,0.3905214285714286,0.2873357142857143,0.3376071428571429
1497586439,3,0.40127142857142856,0.3132904761904762,0.3562
1497586439,4,0.4044035714285714,0.32845714285714284,0.3651
1497586439,5,0.40388571428571435,0.3384171428571429,0.36904000000000003
1497586439,6,0.40278095238095235,0.3450095238095238,0.37105714285714286
1497586439,7,0.4010469387755102,0.3506163265306122,0.3726102040816326
1497586439,8,0.3990982142857143,0.35447142857142855,0.3737535714285714
1497586439,9,0.3977952380952381,0.3585015873015873,0.37491746031746026
1497586439,10,0.3964928571428571,0.3617714285714286,0.3758414285714286
1497586439,11,0.39524545454545446,0.36422467532467523,0.3766428571428571
1497586439,12,0.3937880952380953,0.36626309523809525,0.37682738095238094
1497586439,13,0.39250989010989007,0.3682153846153847,0.3776373626373627
1497586439,14,0.39131836734693876,0.3699061224489795,0.378065306122449
1497586439,15,0.3903161904761904,0.37138857142857146,0.37825714285714285
1497586439,16,0.3894401785714286,0.37279107142857143,0.37875089285714286
1497586439,17,0.3888176470588235,0.3739747899159664,0.3791428571428571
1497586439,18,0.3882103174603175,0.37527063492063495,0.3795634920634921
1497586439,19,0.3876007518796993,0.37645112781954887,0.3798481203007519
1497586439,20,0.3872421428571428,0.3775992857142857,0.38030571428571436
1497586439,21,0.3867809523809524,0.37850884353741493,0.3805517006802721
1497586439,22,0.386374025974026,0.37945909090909086,0.38082272727272726
1497586439,23,0.38610124223602493,0.38047826086956527,0.38130186335403726
1497586439,24,0.38559880952380954,0.3812166666666667,0.38156309523809523
1497586439,25,0.3852982857142857,0.3820868571428572,0.38203885714285724
1497586439,26,0.38520054945054943,0.3831527472527473,0.3826456043956044
1497586439,27,0.38498835978835977,0.38395238095238093,0.38302063492063493
1497586439,28,0.3848897959183674,0.3847908163265306,0.3835173469387755
1497586439,29,0.3847118226600985,0.38548620689655166,0.38381083743842365
1497586439,30,0.38462238095238094,0.3861542857142858,0.3841847619047619
1497586439,31,0.38449216589861746,0.38689677419354834,0.38454792626728107
1497586439,32,0.3844022321428571,0.38759285714285713,0.3849107142857143
1497586439,33,0.38432337662337657,0.3882748917748917,0.38533679653679653
1497586439,34,0.3842726890756303,0.3888915966386555,0.3857155462184874
1497586439,35,0.38425959183673464,0.38953428571428567,0.3860836734693877
1497586439,36,0.3842373015873016,0.39011190476190477,0.3863912698412698
1497586439,37,0.3842339768339769,0.39074131274131274,0.38674478764478765
1497586439,38,0.38427744360902255,0.3913815789473684,0.3872075187969925
1497586439,39,0.3844106227106227,0.3919659340659341,0.3876476190476191
1497586439,40,0.3844535714285714,0.3925082142857143,0.38799071428571424
1497586439,41,0.3845738675958189,0.39315679442508716,0.3884909407665506
1497586439,42,0.3846506802721088,0.39364387755102037,0.38888911564625844
1497586439,43,0.3848378737541529,0.394212292358804,0.3893352159468439
1497586439,44,0.3849808441558441,0.39476623376623377,0.3897652597402598
1497586439,45,0.3850974603174603,0.39528285714285716,0.3901263492063492
1497586439,46,0.3852409937888198,0.3957795031055901,0.39051956521739134
1497586439,47,0.38538267477203647,0.3962689969604863,0.390912462006079
1497586439,48,0.3855363095238096,0.39674375000000006,0.39129642857142855
1497586439,49,0.3857880466472303,0.3972845481049563,0.3916618075801749
1497586439,50,0.3859582857142857,0.3977934285714286,0.3920628571428572
1497586439,51,0.3861266106442577,0.3982456582633053,0.39241708683473386
1497586439,52,0.3863098901098901,0.3987063186813186,0.39279862637362634
1497586439,53,0.38651940700808635,0.3991803234501347,0.3931525606469003
1497586439,54,0.3867367724867724,0.3996208994708995,0.3935359788359788
1497586439,55,0.3869407792207792,0.4000750649350649,0.39391324675324674
1497586439,56,0.38714311224489795,0.40048724489795917,0.39426556122448975
1497586439,57,0.38733358395989975,0.40091428571428567,0.394653634085213
1497586439,58,0.3875600985221675,0.40137167487684733,0.39503423645320196
1497586439,59,0.38784164648910413,0.4017767554479419,0.39545956416464895
1497586439,60,0.38811357142857145,0.4022585714285715,0.39583785714285713
1497586439,61,0.3883744730679157,0.402684074941452,0.39619414519906326
1497586439,62,0.38861889400921656,0.403084331797235,0.39655967741935483
1497586439,63,0.3889219954648525,0.40349682539682546,0.39689115646258505
1497586439,64,0.38917566964285716,0.4039544642857143,0.3972801339285714
1497586439,65,0.389485054945055,0.4044048351648352,0.39772769230769234
1497586439,66,0.3897850649350649,0.4048149350649351,0.3981188311688311
1497586439,67,0.39005671641791045,0.4052019189765459,0.39849232409381663
1497586439,68,0.39034411764705884,0.4056399159663865,0.3988653361344538
1497586439,69,0.39060269151138716,0.40600248447204973,0.39920766045548656
1497586439,70,0.39083632653061223,0.40632469387755105,0.3995244897959183
1497586439,71,0.39113360160965793,0.406697786720322,0.39988048289738426
1497586439,72,0.3914121031746031,0.4070539682539682,0.4002555555555556
1497586439,73,0.3916618395303327,0.40740450097847364,0.4005913894324853
1497586439,74,0.3919389961389962,0.40779092664092664,0.40094015444015446
1497586439,75,0.3922497142857143,0.4081584761904761,0.4013106666666667
1497586439,76,0.39254022556390983,0.4085674812030075,0.4016954887218045
1497586439,77,0.39279480519480525,0.40888831168831175,0.40205231910946193
1497586439,78,0.393031684981685,0.4092644688644689,0.40239890109890114
1497586439,79,0.39330307414104887,0.40962169981916813,0.40273399638336344
1497586439,80,0.39358624999999997,0.4099646428571429,0.40306107142857145
1497586439,81,0.3938781305114638,0.410342151675485,0.4034426807760141
1497586439,82,0.3941843205574913,0.4107006968641115,0.40380296167247387
1497586439,83,0.39444767641996553,0.41104457831325303,0.4041542168674699
1497586439,84,0.3947270408163265,0.4113972789115647,0.4044772108843537
1497586439,85,0.3950176470588235,0.4117341176470588,0.4048430252100841
1497586439,86,0.3953016611295681,0.4120514950166113,0.4051762458471761
1497586439,87,0.3955960591133005,0.4123596059113301,0.4054990147783252
1497586439,88,0.3958922077922078,0.41268782467532467,0.4058224025974026
1497586439,89,0.39621171749598716,0.41303338683788116,0.4061356340288925
1497586439,90,0.3964880952380953,0.41335904761904757,0.40647619047619044
1497586439,91,0.39676153846153844,0.4136569858712716,0.4067781789638932
1497586439,92,0.3970428571428572,0.4139636645962733,0.4070700310559006
1497586439,93,0.39733010752688164,0.41427342549923196,0.4074145929339478
1497586439,94,0.3976655015197568,0.414579179331307,0.40775060790273554
1497586439,95,0.3979445112781954,0.41489789473684213,0.4080870676691729
1497586439,96,0.3982355654761905,0.4151739583333333,0.40840133928571426
1497586439,97,0.39850957290132544,0.41545375552282765,0.4087282768777614
1497586439,98,0.39876049562682214,0.4157453352769679,0.40900991253644314
1497586439,99,0.3989948051948052,0.4160369408369408,0.4093174603174603
1497586439,100,0.3992874285714286,0.41635228571428584,0.4096425714285714
1497586439,101,0.39954257425742584,0.4166340876944838,0.4099479490806223
1497586439,102,0.3998271708683473,0.41696162464985986,0.41025434173669467
1497586439,103,0.40011816920943133,0.4172676837725382,0.41058945908460465
1497586439,104,0.4003884615384615,0.41756524725274724,0.4108532967032966
1497586439,105,0.4006791836734694,0.41782258503401354,0.41114544217687077
1497586439,106,0.4009679245283019,0.4181106469002695,0.41142978436657685
1497586439,107,0.4012101468624834,0.4184146862483311,0.41171401869158875
1497586439,108,0.4014876984126984,0.4186674603174602,0.4120162698412699
1497586439,109,0.401775753604194,0.4189444298820445,0.41233853211009175
1497586439,110,0.4020693506493506,0.41925519480519485,0.41262987012987007
1497586439,111,0.40238957528957525,0.4195419562419563,0.4129039897039897
1497586439,112,0.4026758928571429,0.4198417091836735,0.41319094387755095
1497586439,113,0.40295347661188363,0.4200973451327434,0.41347256637168145
1497586439,114,0.4032432330827068,0.4203926065162908,0.41380588972431076
1497586439,115,0.40354186335403724,0.42067950310559005,0.41410086956521736
1497586439,116,0.40381847290640394,0.42092549261083745,0.41439371921182266
1497586439,117,0.4040778998778998,0.42118974358974365,0.41468278388278385
1497586439,118,0.4043490314769975,0.42146973365617435,0.41495883777239706
1497586439,119,0.40463997599039614,0.42174105642256904,0.4152396158463386
1497586439,120,0.4048982142857142,0.4220072619047619,0.4154996428571429
1497586439,121,0.40516587957497047,0.42230082644628103,0.415803305785124
1497586439,122,0.40547037470725994,0.42257845433255264,0.4160987119437939
1497586439,123,0.40579175377468063,0.42286318234610915,0.4163839721254356
1497586439,124,0.40606647465437784,0.4231184331797234,0.41666324884792627
1497586439,125,0.4063253714285715,0.42337862857142866,0.4169186285714286
1497586439,126,0.40659614512471653,0.42365861678004535,0.41720839002267573
1497586439,127,0.40687412823397073,0.42391597300337464,0.4174989876265467
1497586439,128,0.4071606026785714,0.4241736607142857,0.41779151785714286
1497586439,129,0.407434772978959,0.42446245847176084,0.418081838316722
1497586439,130,0.4077086813186813,0.42474318681318685,0.4183657142857143
1497586439,131,0.4079618320610687,0.42500261723009813,0.41863729552889867
1497586439,132,0.4082571428571428,0.42530400432900434,0.41894491341991347
1497586439,133,0.4084972073039742,0.4255379162191192,0.41919581095596137
1497586439,134,0.40877814498933895,0.42577494669509597,0.4194753731343284
1497586439,135,0.40902010582010573,0.42604095238095235,0.41974910052910047
1497586439,136,0.40928613445378154,0.42630199579831934,0.4200106092436975
1497586439,137,0.40954650677789367,0.426558811261731,0.4202763295099062
1497586439,138,0.4098032091097309,0.426837370600414,0.42055227743271223
1497586439,139,0.41005806783144916,0.42710246659815015,0.4208108941418293
1497586439,140,0.4103020408163265,0.4273695918367347,0.4210725510204081
1497586439,141,0.41056271529888555,0.42764792299898685,0.42134701114488343
1497586439,142,0.41079688128772635,0.427906338028169,0.42162535211267604
1497586439,143,0.4110293706293706,0.42814625374625376,0.4218834165834166
1497586439,144,0.41127420634920625,0.4283981150793651,0.4221530753968254
1497586439,145,0.41152541871921183,0.42864935960591133,0.42239931034482764
1497586439,146,0.41175430528375734,0.42888160469667325,0.4226312133072407
1497586439,147,0.4120228377065112,0.4291634596695821,0.42290903790087464
1497586439,148,0.41228407335907336,0.42940859073359067,0.42317915057915056
1497586439,149,0.41255081495685525,0.42967114093959735,0.42344333652924254
1497586439,150,0.41278361904761907,0.4299105714285714,0.42370657142857143
1497586439,151,0.41303140964995266,0.4301779564806055,0.4239501419110691
1497586439,152,0.4132648496240602,0.4304113721804511,0.42420338345864655
1497586439,153,0.4135429505135388,0.4306737628384687,0.4244464985994397
1497586439,154,0.41379823747680894,0.43092866419294995,0.42470343228200375
1497586439,155,0.41403834101382486,0.43116829493087555,0.424953732718894
1497586439,156,0.4143,0.4314268315018315,0.4252141941391941
1497586439,157,0.4145424931756142,0.4316606005459509,0.42545641492265696
1497586439,158,0.4147849005424955,0.4319037070524412,0.42569764918625674
1497586439,159,0.4150391734052112,0.4321575022461815,0.4259639712488769
1497586439,160,0.41527607142857137,0.4323933928571429,0.42620285714285705
1497586439,161,0.41551730257320324,0.43264161490683234,0.4264578527062999
1497586439,162,0.41576331569664904,0.43288121693121695,0.42672160493827155
1497586439,163,0.4160117440841368,0.4331384750219106,0.4269678352322524
1497586439,164,0.41627064459930313,0.43337813588850177,0.4272247386759582
1497586439,165,0.41649255411255404,0.4336024242424242,0.4274526406926407
1497586439,166,0.41675120481927713,0.43386325301204826,0.4276991394148021
1497586439,167,0.41699649272882805,0.434091616766467,0.42794585115483313
1497586439,168,0.41723511904761895,0.4343373299319727,0.42816896258503395
1497586439,169,0.4174647506339814,0.43457793744716827,0.42841783601014366
1497586439,170,0.41772226890756303,0.43480823529411766,0.4286652100840336
1497586439,171,0.4179415204678362,0.4350359231411862,0.4289035087719298
1497586439,172,0.41817956810631235,0.43526387043189363,0.42913438538205984
1497586439,173,0.41840924855491324,0.4355208918249381,0.42938670520231215
1497586439,174,0.4186354679802955,0.4357608374384237,0.42962307060755334
1497586439,175,0.4189041632653061,0.4359980408163266,0.429893469387755
1497586439,176,0.4191601461038961,0.4362347402597403,0.43012159090909086
1497586439,177,0.41937586763518975,0.4364594834543987,0.4303354317998386
1497586439,178,0.41960778491171746,0.4366959871589085,0.43055248796147677
1497586439,179,0.4198338387869114,0.43693104549082207,0.43076336791699926
1497586439,180,0.4200611904761905,0.43715753968253973,0.4309968253968253
1497586439,181,0.4202881610102605,0.43737719021310173,0.43120844514601425
1497586439,182,0.42054120879120876,0.43759662480376765,0.43144921507064365
1497586439,183,0.4207543325526932,0.43783770491803276,0.4316665105386417
1497586439,184,0.420977950310559,0.4380548136645963,0.4318808229813665
1497586439,185,0.42118023166023166,0.43826563706563704,0.4321091891891893
1497586439,186,0.4213826420890937,0.43847319508448535,0.4323332565284178
1497586439,187,0.42160359052712,0.43869251336898396,0.43256249045072576
1497586439,188,0.4218226443768997,0.43890364741641336,0.4327941489361702
1497586439,189,0.4220639455782313,0.4391352229780801,0.4330437641723356
1497586439,190,0.4222902255639097,0.4393511278195489,0.4332728571428571
1497586439,191,0.42253904263276,0.43958309648466715,0.4334937920718026
1497586439,192,0.4227683035714285,0.43979598214285714,0.43372641369047615
1497586439,193,0.4229930421909696,0.4400173945225758,0.43395684678016283
1497586439,194,0.4232149484536082,0.4402192194403534,0.4341810014727541
1497586439,195,0.4234404395604396,0.44042315018315015,0.4344224175824176
1497586439,196,0.42365634110787165,0.4406216472303207,0.43464190962099125
1497586439,197,0.4238909354604786,0.44083212472806377,0.434866932559826
1497586439,198,0.42412005772005773,0.4410461038961039,0.4351091630591631
1497586439,199,0.4243410624551328,0.44125958363244794,0.43535506101938265
1497586439,200,0.42456628571428573,0.44148099999999996,0.4355837142857143
432652533,1,0.3567571428571429,0.2388142857142857,0.29895714285714287
432652533,2,0.3908357142857143,0.28732857142857143,0.3366857142857143
432652533,3,0.4014,0.3133095238095238,0.35507142857142854
432652533,4,0.4046642857142857,0.3284142857142857,0.363925
432652533,5,0.4044028571428572,0.33796571428571437,0.36838857142857145
432652533,6,0.40273571428571425,0.34514761904761904,0.37107380952380953
432652533,7,0.40152040816326534,0.3508612244897959,0.372869387755102
432652533,8,0.39915357142857144,0.35450535714285714,0.3739767857142857
432652533,9,0.3980365079365079,0.35839523809523804,0.37513650793650793
432652533,10,0.3966742857142857,0.36147571428571434,0.37581714285714285
432652533,11,0.3953220779220779,0.3641636363636363,0.3767675324675324
432652533,12,0.39377500000000004,0.36635,0.3772976190476191
432652533,13,0.392567032967033,0.36849890109890115,0.37779670329670334
432652533,14,0.39134081632653056,0.3702714285714286,0.37817346938775515
432652533,15,0.39029428571428576,0.37168761904761904,0.37839333333333336
432652533,16,0.38955982142857143,0.3730125,0.3789151785714286
432652533,17,0.3888663865546218,0.3742142857142857,0.3791689075630252
432652533,18,0.38825793650793655,0.3754468253968254,0.3796174603174603
432652533,19,0.38769774436090226,0.3765225563909775,0.37998947368421054
432652533,20,0.38723928571428573,0.3777835714285714,0.38041285714285716
432652533,21,0.38672040816326536,0.3787850340136054,0.38049931972789114
432652533,22,0.3861870129870129,0.3797162337662337,0.38081038961038954
432652533,23,0.3859826086956522,0.38077080745341624,0.3812689440993789
432652533,24,0.38559523809523805,0.38157619047619046,0.3815059523809524
432652533,25,0.3853371428571429,0.3825377142857143,0.38199542857142865
432652533,26,0.38529560439560445,0.38354340659340663,0.38256208791208796
432652533,27,0.38511957671957675,0.38435185185185183,0.3829767195767195
432652533,28,0.3851387755102041,0.3851280612244897,0.383540306122449
432652533,29,0.38498226600985225,0.38591576354679796,0.3838733990147783
432652533,30,0.38491142857142857,0.3866685714285714,0.38420952380952383
432652533,31,0.3848479262672811,0.3872198156682027,0.3846202764976958
432652533,32,0.38476607142857144,0.38799285714285714,0.38499151785714286
432652533,33,0.38470303030303027,0.3886376623376623,0.3853099567099567
432652533,34,0.3847029411764705,0.38928781512605043,0.38565252100840336
432652533,35,0.3846836734693878,0.389914693877551,0.38604979591836724
432652533,36,0.38476547619047613,0.3904281746031746,0.3864357142857143
432652533,37,0.38477683397683393,0.39098030888030894,0.3868104247104247
432652533,38,0.3848372180451128,0.3916221804511278,0.38723270676691723
432652533,39,0.3849835164835166,0.39227619047619045,0.38763663003663007
432652533,40,0.3850817857142857,0.3928521428571429,0.3879653571428571
432652533,41,0.3852554006968642,0.39352299651567946,0.3883554006968641
432652533,42,0.3853554421768707,0.39411972789115646,0.3887785714285715
432652533,43,0.3854900332225914,0.39463322259136213,0.38917807308970104
432652533,44,0.385599025974026,0.3951795454545454,0.38956038961038963
432652533,45,0.3857784126984127,0.39571523809523806,0.38996
432652533,46,0.38588944099378886,0.3962307453416149,0.3903211180124224
432652533,47,0.3861,0.3967401215805471,0.39076139817629174
432652533,48,0.38629761904761906,0.3972354166666666,0.39114732142857145
432652533,49,0.3865087463556851,0.3977740524781341,0.3916081632653061
432652533,50,0.3867137142857144,0.39825800000000006,0.39198314285714286
432652533,51,0.3868585434173669,0.3987106442577031,0.39232408963585436
432652533,52,0.3870052197802198,0.3992186813186813,0.39275109890109894
432652533,53,0.3872018867924528,0.39964204851752017,0.39313800539083565
432652533,54,0.38741031746031745,0.40007275132275133,0.39351111111111114
432652533,55,0.3876293506493507,0.40054493506493505,0.3939072727272728
432652533,56,0.387825,0.40092627551020404,0.39424591836734696
432652533,57,0.3880200501253133,0.40139974937343353,0.394615037593985
432652533,58,0.38826083743842366,0.401871921182266,0.395
432652533,59,0.38853970944309935,0.40227675544794195,0.39536319612590803
432652533,60,0.3887790476190477,0.40272952380952376,0.3957180952380953
432652533,61,0.3889911007025761,0.40309929742388756,0.3960868852459016
432652533,62,0.38924516129032255,0.4034949308755761,0.39645852534562215
432652533,63,0.38948208616780045,0.40395260770975056,0.39683446712018144
432652533,64,0.38970848214285714,0.4044301339285714,0.39722723214285716
432652533,65,0.38998901098901106,0.40483956043956043,0.3976105494505495
432652533,66,0.3902632034632034,0.40523917748917754,0.3980025974025974
432652533,67,0.3905315565031982,0.4056484008528785,0.3983744136460554
432652533,68,0.39081029411764706,0.40609894957983195,0.3987203781512605
432652533,69,0.3910465838509317,0.4064513457556936,0.3990753623188406
432652533,70,0.3913004081632653,0.4067961224489796,0.39939408163265305
432652533,71,0.391571629778672,0.40718893360160957,0.39973299798792755
432652533,72,0.39184404761904756,0.40757559523809533,0.4000761904761905
432652533,73,0.3920900195694716,0.40792876712328763,0.400406457925636
432652533,74,0.3923389961389962,0.4083281853281853,0.400784749034749
432652533,75,0.39262019047619046,0.40876380952380953,0.40114742857142854
432652533,76,0.3929253759398496,0.40915620300751876,0.40148740601503763
432652533,77,0.39317365491651207,0.4094925788497217,0.4018254174397031
432652533,78,0.3934496336996337,0.40979578754578755,0.40217087912087907
432652533,79,0.3936877034358047,0.41017848101265825,0.4025408679927667
432652533,80,0.39392035714285706,0.41049821428571426,0.40282124999999996
432652533,81,0.3942190476190476,0.41088430335097004,0.40318183421516757
432652533,82,0.39453449477351915,0.4112562717770036,0.40351480836236936
432652533,83,0.39480860585197936,0.4116197934595524,0.403823752151463
432652533,84,0.395062074829932,0.41196445578231294,0.4041321428571429
432652533,85,0.3953625210084033,0.41231815126050414,0.4044497478991596
432652533,86,0.3956656146179402,0.4126637873754152,0.4047990033222591
432652533,87,0.3959454844006568,0.4130072249589491,0.40509556650246303
432652533,88,0.39619675324675324,0.4133615259740259,0.40545616883116886
432652533,89,0.39646452648475117,0.4136746388443018,0.4057797752808988
432652533,90,0.39675460317460315,0.41398873015873017,0.40610539682539687
432652533,91,0.39699780219780223,0.41423673469387756,0.40643076923076926
432652533,92,0.3972585403726708,0.4145305900621119,0.4067608695652174
432652533,93,0.39751520737327184,0.4148354838709677,0.4070958525345621
432652533,94,0.3978287234042554,0.4151296352583587,0.4074048632218845
432652533,95,0.39809187969924814,0.41544436090225567,0.40772962406015034
432652533,96,0.39831175595238094,0.4157422619047619,0.40804925595238095
432652533,97,0.3985960235640648,0.4160257731958763,0.40835743740795283
432652533,98,0.39885655976676376,0.41631224489795926,0.40862798833819247
432652533,99,0.3991183261183261,0.41660966810966815,0.4089412698412698
432652533,100,0.3994128571428572,0.4169108571428572,0.4092648571428572
432652533,101,0.3996817538896747,0.4171927864214993,0.4095803394625177
432652533,102,0.3999600840336134,0.4174736694677871,0.40989649859943983
432652533,103,0.40021595006934807,0.4177583911234397,0.41017753120665734
432652533,104,0.40047390109890113,0.41806030219780216,0.4104703296703297
432652533,105,0.40074122448979593,0.4183561904761905,0.4107654421768708
432652533,106,0.40102762803234493,0.4186650943396227,0.4110675202156334
432652533,107,0.40127169559412545,0.41895821094793056,0.4113532710280373
432652533,108,0.40155132275132277,0.4192369047619048,0.4116595238095238
432652533,109,0.40183250327654,0.41950878112712975,0.4119610747051115
432652533,110,0.4021088311688311,0.41978181818181814,0.41225623376623377
432652533,111,0.402384942084942,0.42007168597168604,0.41254247104247105
432652533,112,0.4026442602040816,0.42035510204081633,0.41283392857142864
432652533,113,0.4029034134007585,0.42061554993678885,0.41309987357774963
432652533,114,0.40319874686716795,0.4209037593984962,0.4133979949874687
432652533,115,0.40346012422360256,0.4211806211180124,0.41370397515527946
432652533,116,0.4037227832512315,0.4214286945812807,0.4140110837438423
432652533,117,0.4039554334554335,0.42168449328449326,0.414296336996337
432652533,118,0.40421791767554477,0.42196489104116214,0.414568765133172
432652533,119,0.4044893157262905,0.42222472989195675,0.4148501800720288
432652533,120,0.4047445238095238,0.42249023809523806,0.4151282142857142
432652533,121,0.4050034238488784,0.42277650531286903,0.41543990554899646
432652533,122,0.40528911007025764,0.42304836065573775,0.41573512880562064
432652533,123,0.40558699186991876,0.42333716608594657,0.4160570267131242
432652533,124,0.40584504608294925,0.4236141705069124,0.4163370967741935
432652533,125,0.4061110857142857,0.42386285714285715,0.4166237714285715
432652533,126,0.4063588435374149,0.42414478458049887,0.41689659863945583
432652533,127,0.4066493813273341,0.4244140607424073,0.4171758155230596
432652533,128,0.40691026785714285,0.424703125,0.41744888392857143
432652533,129,0.4071922480620155,0.4249874861572536,0.41775127353266894
432652533,130,0.4074494505494505,0.4252589010989011,0.41803736263736263
432652533,131,0.40769836423118866,0.4255320610687023,0.4183064340239913
432652533,132,0.4079790043290044,0.4258208874458874,0.41859458874458877
432652533,133,0.4082340494092373,0.42607325456498385,0.4188586466165413
432652533,134,0.40850031982942425,0.4263197228144989,0.4191298507462686
432652533,135,0.4087409523809523,0.4265764021164021,0.4194050793650793
432652533,136,0.40900840336134453,0.4268376050420168,0.41968371848739494
432652533,137,0.409263086548488,0.4271050052137643,0.41996996871741393
432652533,138,0.4095272256728778,0.42738281573498965,0.42024917184265004
432652533,139,0.4097685508735868,0.42764964028776986,0.42052733812949644
432652533,140,0.41000112244897957,0.4278921428571428,0.4207980612244898
432652533,141,0.4102490374873354,0.42816423505572443,0.4210763931104357
432652533,142,0.41050523138832995,0.4284095573440644,0.42134094567404434
432652533,143,0.4107233766233766,0.4286583416583416,0.42161938061938065
432652533,144,0.41097380952380946,0.4289166666666666,0.4219084325396825
432652533,145,0.4112320197044335,0.42915231527093595,0.4221748768472906
432652533,146,0.4115056751467711,0.42937544031311153,0.42244168297455964
432652533,147,0.41173255587949464,0.4296630709426628,0.4227300291545189
432652533,148,0.41198870656370656,0.4298972972972973,0.422984362934363
432652533,149,0.41224563758389254,0.4301716203259828,0.4232634707574305
432652533,150,0.4124787619047619,0.43040599999999996,0.42352676190476185
432652533,151,0.4127166508987701,0.4306623462630085,0.4237809839167455
432652533,152,0.41293308270676693,0.4308921992481202,0.4240275375939849
432652533,153,0.41318253968253965,0.43114584500466857,0.42429299719887953
432652533,154,0.4134480519480519,0.43139248608534325,0.4245548237476809
432652533,155,0.4137102304147466,0.4316451612903226,0.42481852534562214
432652533,156,0.41396391941391947,0.4319008241758242,0.42508782051282046
432652533,157,0.4142102820746133,0.43213903548680616,0.42534003639672435
432652533,158,0.4144464737793852,0.43236491862567805,0.4255767631103074
432652533,159,0.4147100628930818,0.43262309074573224,0.42583027852650496
432652533,160,0.4149452678571429,0.43286517857142853,0.426076875
432652533,161,0.41519148181011534,0.43310958296362023,0.4263322094055013
432652533,162,0.4154298941798942,0.4333465608465609,0.4265944444444445
432652533,163,0.41566266432953547,0.4335930762489045,0.4268565293602104
432652533,164,0.41589050522648086,0.4338462543554007,0.42711411149825784
432652533,165,0.41611982683982685,0.4340902164502164,0.4273481385281385
432652533,166,0.4163710843373494,0.4343503442340792,0.4276128227194492
432652533,167,0.4166165953806672,0.4345771599657827,0.42785594525235243
432652533,168,0.4168490646258503,0.4348234693877551,0.4281148809523809
432652533,169,0.4170779374471682,0.43505655114116654,0.42837878275570584
432652533,170,0.4173190756302521,0.43528806722689073,0.42861932773109246
432652533,171,0.4175711779448621,0.43549899749373433,0.42885355054302415
432652533,172,0.41781519933554817,0.4357358803986711,0.42910863787375414
432652533,173,0.418049710982659,0.4359571428571429,0.42936308835673
432652533,174,0.41827233169129724,0.43617569786535304,0.42958308702791465
432652533,175,0.41852718367346947,0.43642710204081636,0.4298448979591836
432652533,176,0.418764448051948,0.4366599025974025,0.43011103896103897
432652533,177,0.4189862792574657,0.43688934624697334,0.4303453591606134
432652533,178,0.4191968699839486,0.4371089085072231,0.4305892455858748
432652533,179,0.4194122905027934,0.4373372705506783,0.4308023942537909
432652533,180,0.4196338888888889,0.4375623809523809,0.4310266666666667
432652533,181,0.41985564325177577,0.43777955801104973,0.43126195737963696
432652533,182,0.4201096546310833,0.43801695447409733,0.431491601255887
432652533,183,0.4203273224043716,0.4382316939890711,0.43171826697892274
432652533,184,0.42054254658385093,0.43845209627329196,0.43194456521739133
432652533,185,0.4207520463320464,0.4386612355212356,0.4321759073359074
432652533,186,0.42097849462365594,0.43889500768049144,0.4323970046082949
432652533,187,0.42116852559205503,0.439101833460657,0.4326160427807487
432652533,188,0.42138107902735555,0.4392955167173252,0.4328531914893617
432652533,189,0.4216294028722599,0.4395251700680272,0.4331307634164777
432652533,190,0.4218554135338346,0.43974842105263157,0.43335375939849624
432652533,191,0.4220887060583396,0.4399534031413612,0.43360261780104714
432652533,192,0.4222863839285714,0.44016889880952376,0.4338296875
432652533,193,0.4224964470762398,0.4403907475943745,0.43406809770540344
432652533,194,0.42269911634756996,0.44058586156111923,0.4342919734904271
432652533,195,0.42290336996336997,0.44080681318681314,0.4345044688644688
432652533,196,0.4231153790087463,0.4410069970845481,0.4347123177842566
432652533,197,0.4233604786076867,0.4412042059463379,0.4349434372733865
432652533,198,0.4235806637806638,0.44141168831168837,0.43519076479076474
432652533,199,0.4238088298636038,0.4416259152907394,0.43543374012921743
432652533,200,0.4240322857142857,0.44183449999999996,0.43566814285714284
202244314,1,0.3571714285714286,0.2381,0.2978857142857143
202244314,2,0.39062142857142856,0.28705714285714284,0.3373285714285714
202244314,3,0.4017857142857142,0.3131857142857143,0.3555904761904762
202244314,4,0.4049142857142857,0.32869642857142856,0.3642357142857143
202244314,5,0.4043342857142858,0.33843714285714294,0.36862000000000006
202244314,6,0.40322142857142856,0.3452333333333334,0.37089285714285714
202244314,7,0.4015061224489796,0.35070408163265304,0.37312857142857137
202244314,8,0.39943035714285713,0.3543321428571429,0.3741767857142857
202244314,9,0.3983793650793651,0.35825714285714283,0.3752269841269841
202244314,10,0.3968957142857143,0.36115,0.3759585714285714
202244314,11,0.39539740259740247,0.3641298701298701,0.3769844155844155
202244314,12,0.3940476190476191,0.366352380952381,0.37723928571428567
202244314,13,0.3926549450549451,0.36834835164835167,0.37779780219780223
202244314,14,0.3914244897959183,0.36986224489795916,0.37826938775510205
202244314,15,0.3904314285714286,0.37141238095238105,0.3786676190476191
202244314,16,0.38956785714285713,0.37278660714285716,0.37911607142857146
202244314,17,0.38880000000000003,0.37417983193277315,0.3794134453781512
202244314,18,0.3881619047619048,0.3754634920634921,0.37986746031746027
202244314,19,0.38768195488721807,0.3766007518796992,0.3801887218045113
202244314,20,0.38729357142857146,0.37763142857142856,0.38062357142857145
202244314,21,0.3867319727891157,0.378660544217687,0.3808129251700681
202244314,22,0.3862681818181819,0.3795136363636363,0.38112402597402595
202244314,23,0.3860453416149068,0.38049999999999995,0.3815894409937888
202244314,24,0.3854886904761905,0.3812244047619047,0.3817869047619048
202244314,25,0.3852622857142858,0.3820497142857143,0.38230914285714285
202244314,26,0.3850747252747253,0.38308901098901105,0.3828659340659341
202244314,27,0.3849201058201058,0.3838619047619048,0.383321693121693
202244314,28,0.384975,0.3847091836734694,0.3838622448979591
202244314,29,0.38476009852216747,0.38548177339901474,0.3841862068965517
202244314,30,0.3846890476190476,0.38613380952380955,0.38456333333333337
202244314,31,0.38458709677419356,0.38688525345622116,0.38490092165898615
202244314,32,0.384621875,0.38763348214285714,0.3853205357142857
202244314,33,0.3845670995670995,0.38830606060606054,0.385669264069264
202244314,34,0.38453529411764703,0.3889193277310924,0.386031512605042
202244314,35,0.38453428571428566,0.3895718367346939,0.3864338775510204
202244314,36,0.3845079365079365,0.390063492063492,0.38676309523809527
202244314,37,0.384457528957529,0.3906405405405406,0.38708301158301156
202244314,38,0.38457030075187976,0.391234962406015,0.3875387218045112
202244314,39,0.38472380952380947,0.39183663003663,0.3879271062271062
202244314,40,0.3848175,0.39244678571428576,0.38834678571428577
202244314,41,0.3850017421602788,0.39308048780487814,0.3888156794425088
202244314,42,0.38511360544217693,0.3936363945578232,0.3892054421768707
202244314,43,0.38525614617940196,0.3942292358803987,0.3895757475083056
202244314,44,0.3854081168831169,0.39476753246753243,0.39001883116883124
202244314,45,0.38553587301587305,0.3952911111111111,0.39047111111111105
202244314,46,0.3856649068322981,0.39570217391304346,0.3908270186335404
202244314,47,0.38585167173252277,0.39622917933130697,0.3911884498480243
202244314,48,0.3860404761904762,0.3967875,0.3915970238095238
202244314,49,0.38625976676384843,0.397294752186589,0.3920011661807579
202244314,50,0.3864611428571429,0.3977757142857143,0.39242742857142865
202244314,51,0.3866487394957983,0.39826386554621845,0.39279215686274505
202244314,52,0.3868491758241758,0.39875054945054944,0.39322280219780226
202244314,53,0.3870687331536389,0.3991687331536388,0.39359137466307276
202244314,54,0.3873039682539683,0.3996193121693121,0.3939753968253968
202244314,55,0.3874662337662338,0.40006285714285716,0.39433714285714283
202244314,56,0.38762704081632654,0.40048724489795917,0.3946880102040816
202244314,57,0.3878461152882205,0.40093458646616537,0.3950157894736842
202244314,58,0.38808620689655177,0.4014278325123153,0.39537019704433496
202244314,59,0.3883503631961259,0.40184939467312353,0.39575835351089583
202244314,60,0.38863547619047617,0.4023,0.396145
202244314,61,0.3889112412177986,0.40271451990632323,0.39649601873536294
202244314,62,0.38917534562211975,0.4031027649769585,0.39682511520737324
202244314,63,0.38942993197278913,0.40351224489795917,0.39721224489795914
202244314,64,0.3896912946428571,0.40396696428571427,0.3975877232142857
202244314,65,0.3900101098901099,0.40442131868131864,0.3979912087912088
202244314,66,0.390267316017316,0.40484329004329,0.39837532467532466
202244314,67,0.3905240938166311,0.4052228144989339,0.39873198294243073
202244314,68,0.3907338235294118,0.4056449579831933,0.3990886554621849
202244314,69,0.39096915113871633,0.406007867494824,0.39943064182194615
202244314,70,0.3912279591836735,0.40635,0.39971959183673467
202244314,71,0.39153299798792757,0.40679376257545263,0.40011066398390344
202244314,72,0.39181369047619047,0.40716785714285714,0.40041865079365085
202244314,73,0.3920583170254403,0.40748043052837574,0.4007553816046966
202244314,74,0.392345945945946,0.4079005791505791,0.4011189189189189
202244314,75,0.39265828571428574,0.40831904761904764,0.4014567619047619
202244314,76,0.39297048872180446,0.40871917293233084,0.40182612781954896
202244314,77,0.39320315398886824,0.4090218923933209,0.40219480519480516
202244314,78,0.39345787545787547,0.40934981684981686,0.40253754578754575
202244314,79,0.39369945750452084,0.4097065099457504,0.4029077757685353
202244314,80,0.3939680357142857,0.41002999999999995,0.40324625000000003
202244314,81,0.3942557319223986,0.41042063492063485,0.4035874779541447
202244314,82,0.39456358885017423,0.41079233449477354,0.403929268292683
202244314,83,0.3948478485370052,0.41117469879518076,0.4042559380378658
202244314,84,0.3951018707482993,0.4115205782312925,0.40455374149659856
202244314,85,0.39536689075630244,0.41184420168067226,0.40489848739495804
202244314,86,0.3956230897009967,0.4121694352159468,0.40523920265780733
202244314,87,0.3958694581280788,0.41252463054187194,0.4055773399014779
202244314,88,0.39614448051948054,0.41284334415584417,0.4059399350649351
202244314,89,0.3964388443017657,0.41317865168539325,0.4062797752808988
202244314,90,0.39676476190476195,0.413477619047619,0.40659730158730156
202244314,91,0.39702464678178967,0.41376248037676616,0.40691711145996856
202244314,92,0.3972753105590062,0.41405217391304344,0.407208850931677
202244314,93,0.3975506912442396,0.41441228878648234,0.40752519201228876
202244314,94,0.3978352583586626,0.41471474164133737,0.4078562310030395
202244314,95,0.3981267669172932,0.4150581954887218,0.4081824060150375
202244314,96,0.39838973214285717,0.4153434523809524,0.40849285714285716
202244314,97,0.398639911634757,0.41562636229749633,0.40879175257731953
202244314,98,0.39892711370262385,0.41592594752186585,0.40905845481049563
202244314,99,0.399176911976912,0.41622972582972584,0.40932886002886004
202244314,100,0.3994831428571429,0.4165352857142857,0.4096661428571429
202244314,101,0.3997411598302688,0.41680495049504956,0.4099930693069308
202244314,102,0.3999935574229692,0.4170855742296919,0.4102799719887955
202244314,103,0.4002743411927878,0.417386962552011,0.4105847434119279
202244314,104,0.4005399725274724,0.41768736263736267,0.41087596153846156
202244314,105,0.4008012244897959,0.41797537414965985,0.41118530612244897
202244314,106,0.40106738544474396,0.4182582210242587,0.4114788409703504
202244314,107,0.4013060080106809,0.41853497997329775,0.4117672897196262
202244314,108,0.40160317460317463,0.4187927248677249,0.41207976190476187
202244314,109,0.4018764089121888,0.4190960681520315,0.41241677588466585
202244314,110,0.4021593506493506,0.41938883116883124,0.41271155844155843
202244314,111,0.40243384813384814,0.41968494208494206,0.4129965250965251
202244314,112,0.4027063775510204,0.41998545918367347,0.41333022959183674
202244314,113,0.40298230088495574,0.42024513274336284,0.41361946902654867
202244314,114,0.4032794486215538,0.42052443609022555,0.4139332080200502
202244314,115,0.40353751552795025,0.42078173913043476,0.4142403726708075
202244314,116,0.4038285714285714,0.42105603448275863,0.4145357142857143
202244314,117,0.4041080586080586,0.4213137973137973,0.4148269841269841
202244314,118,0.40437808716707024,0.42159031476997577,0.4151089588377723
202244314,119,0.4046387755102041,0.4218501800720288,0.41539663865546217
202244314,120,0.40490738095238094,0.4221082142857142,0.41567178571428565
202244314,121,0.4051435655253837,0.42239244391971664,0.4159859504132231
202244314,122,0.405418149882904,0.4226557377049181,0.4162793911007026
202244314,123,0.4057176538908246,0.42296178861788625,0.4165797909407665
202244314,124,0.40598467741935484,0.4232218894009217,0.41685241935483874
202244314,125,0.4062306285714286,0.4234993142857143,0.4171012571428572
202244314,126,0.4064850340136055,0.42374455782312925,0.4173919501133786
202244314,127,0.40676220472440944,0.4240172103487064,0.4176861642294713
202244314,128,0.40704341517857145,0.42429955357142857,0.41798125
202244314,129,0.4073024363233666,0.42455802879291255,0.4182693244739756
202244314,130,0.4075548351648352,0.4248249450549451,0.4185653846153847
202244314,131,0.4078001090512541,0.4250818974918212,0.41883293347873496
202244314,132,0.40808203463203463,0.4253665584415584,0.4191384199134199
202244314,133,0.40833952738990326,0.4256162191192266,0.41940483351235236
202244314,134,0.40860266524520256,0.4258529850746268,0.4196639658848614
202244314,135,0.40884359788359786,0.4260993650793652,0.4199420105820105
202244314,136,0.4090761554621849,0.42635241596638657,0.42021785714285714
202244314,137,0.4093045881126174,0.42659468196037537,0.4204873826903024
202244314,138,0.40958478260869563,0.42685434782608694,0.4207671842650104
202244314,139,0.40984008221993834,0.4271067831449127,0.4210306269270298
202244314,140,0.41006887755102045,0.42736632653061224,0.4212902040816326
202244314,141,0.4103185410334346,0.42761995947315096,0.42157497467071936
202244314,142,0.4105600603621731,0.42787323943661965,0.42182696177062384
202244314,143,0.4108022977022977,0.42812177822177827,0.42210419580419584
202244314,144,0.4110545634920635,0.4283698412698413,0.4223702380952381
202244314,145,0.41130078817733995,0.4286250246305419,0.4226324137931034
202244314,146,0.41152524461839535,0.4288610567514677,0.42288454011741683
202244314,147,0.4117813411078717,0.42912312925170065,0.42316316812439264
202244314,148,0.4120324324324325,0.42935357142857145,0.42342519305019305
202244314,149,0.4122785234899329,0.4296309683604985,0.42369271332694153
202244314,150,0.4125262857142857,0.4298720000000001,0.42395447619047616
202244314,151,0.4127766319772942,0.4301191106906339,0.4242326395458846
202244314,152,0.4130033834586467,0.43033261278195484,0.42447349624060154
202244314,153,0.4132514472455649,0.43058711484593837,0.4247334267040149
202244314,154,0.4135123376623376,0.43083664192949905,0.4249977736549165
202244314,155,0.4137460829493088,0.43107152073732724,0.42524728110599075
202244314,156,0.4140084249084248,0.43133608058608064,0.4255453296703297
202244314,157,0.4142426751592357,0.4315638762511374,0.4257860782529573
202244314,158,0.4144752260397831,0.43179394213381556,0.42601971066907773
202244314,159,0.4147142857142857,0.4320367475292003,0.4262675651392632
202244314,160,0.41493392857142863,0.43226749999999997,0.42651937500000003
202244314,161,0.41517666370896184,0.43252236024844726,0.42677959183673475
202244314,162,0.41542398589065255,0.4327422398589066,0.42703968253968244
202244314,163,0.4156706397896583,0.4329954425942155,0.4272907975460123
202244314,164,0.41591141114982594,0.4332226480836237,0.4275411149825784
202244314,165,0.4161665800865801,0.433459393939394,0.4277860606060606
202244314,166,0.41643382099827886,0.433714543889845,0.4280470740103271
202244314,167,0.4166754491017964,0.4339391787852866,0.4282982035928143
202244314,168,0.4169081632653061,0.4341808673469387,0.4285397108843537
202244314,169,0.41714327979712595,0.4344077768385461,0.42879340659340665
202244314,170,0.41737705882352943,0.43462352941176474,0.4290163025210085
202244314,171,0.41762071846282367,0.4348329991645781,0.4292501253132832
202244314,172,0.41786661129568103,0.43505847176079737,0.4294840531561462
202244314,173,0.41809248554913286,0.4352988439306358,0.42972163501238647
202244314,174,0.4183057471264368,0.4355178981937603,0.42995221674876855
202244314,175,0.41856644897959183,0.43576653061224485,0.4302155918367347
202244314,176,0.4188237012987014,0.4359876623376624,0.4304493506493507
202244314,177,0.419046408393866,0.4361934624697336,0.4306740920096852
202244314,178,0.4192680577849118,0.43641444622792935,0.430907544141252
202244314,179,0.41948986432561847,0.43662577813248216,0.43111620111731846
202244314,180,0.4196946031746032,0.4368485714285715,0.43133968253968247
202244314,181,0.4199126282557221,0.43707868981846876,0.4315505130228887
202244314,182,0.4201610675039246,0.4373115384615385,0.4318104395604396
202244314,183,0.42035651834504295,0.43751584699453555,0.43202864949258385
202244314,184,0.4205812888198757,0.4377133540372671,0.4322511645962733
202244314,185,0.42078162162162164,0.43792231660231656,0.4324707335907337
202244314,186,0.4210064516129032,0.4381440092165898,0.4326872503840246
202244314,187,0.421220244461421,0.4383323147440794,0.43290183346065697
202244314,188,0.42143632218844984,0.4385417933130699,0.4331246200607902
202244314,189,0.4216691609977324,0.43879387755102045,0.4333820861678004
202244314,190,0.42189330827067667,0.43903398496240603,0.4336081203007518
202244314,191,0.4221202692595362,0.43923986537023185,0.43384495138369483
202244314,192,0.4223370535714286,0.4394517113095238,0.43407127976190474
202244314,193,0.4225482605477424,0.43967897853441895,0.4343065136935603
202244314,194,0.42274749631811487,0.4398839469808542,0.4345156111929308
202244314,195,0.4229613186813187,0.44008915750915745,0.43474725274725284
202244314,196,0.4231752915451895,0.4402892128279884,0.4349777696793003
202244314,197,0.42340268310369833,0.44049354604786073,0.43520746918056563
202244314,198,0.4236163059163059,0.4407070707070707,0.43545137085137087
202244314,199,0.42384285714285713,0.4409198851399857,0.4356852117731515
202244314,200,0.42406935714285715,0.44112549999999995,0.43592200000000003
