delta_rho,top5_mass,sigma_i
12.522799391252498,0.3695458859693468,0.6440175149674398
13.196263564580427,0.33007400970354356,0.7739827906008326
12.615252173584114,0.3960593107599318,0.732349819207195
9.37636498389653,0.33326959229257624,0.7748260676058195
11.447627006086687,0.3710921579382087,0.4995504726746278
12.776330189311729,0.38677201416743645,0.5236060732520703
9.70199437397595,0.32516761561521423,0.5080645322631626
10.808440132781168,0.33339700691482566,0.8189662676220955
12.308687132342897,0.34798077491944135,0.7379084508500063
12.878765626509697,0.3774971078863105,0.960412766059685
8.910154722958982,0.3263625359821387,0.3901061364506483
11.420577682766705,0.3170560853829272,0.8337568047315259
13.029949507656454,0.3620327671035842,0.8131943892004289
14.70170055979586,0.3858328589109385,0.563783660347938
12.393317727408778,0.3239768038226192,0.5657019984927552
12.043475046005547,0.33106176602689963,0.55370801284034
15.497081172494141,0.4282136282452329,0.6472741628287803
12.930852076100049,0.3666769331441266,0.6774383508863088
11.832701603798625,0.34449926085241833,0.6387317796320379
11.649584146827621,0.3581701743477056,0.5531700001814296
9.706614863857226,0.31003186280086137,0.6418963956889859
13.514844645511914,0.382727077393468,0.4634457822990211
12.808353536876982,0.3701322400621656,0.6028688337970128
9.703872310946743,0.30989481577255307,0.5771037565135111
9.922828820860008,0.33574271970103065,0.6069691794625269
12.857086577944774,0.3823061723578698,0.7520309631622303
12.114224760192865,0.33301977358240903,0.5780563355769651
8.89352808541657,0.3292781351942096,0.6298468240705574
14.156074817337295,0.40629516108915914,0.6234932961036135
11.293615233586983,0.3564078756070779,0.44604447871088354
11.798284060099864,0.36512371704634944,0.6327259194845254
13.083811682340908,0.3875255851444831,0.5468038684027481
10.434327794121906,0.3191802589406968,0.4247969547975261
10.962370427472084,0.3520802465008562,0.7352861882829936
14.158267429023645,0.37729394175017483,0.8108251984909725
11.152081367039383,0.3408627483064281,0.7363439184094202
12.068878460160153,0.3958400718738425,0.5944108645947933
14.345156565633392,0.40776337712146704,0.5063522500893448
13.349275160710302,0.3946189123649914,0.6680362546719893
10.932066706811636,0.32826636927372926,0.756972509030897
10.351180822995616,0.3041231089231762,0.6338731179087631
10.720195704277664,0.3689852882638318,0.6114401627749467
7.6453238113107105,0.32714306273531796,0.4574113150106367
15.615834871196387,0.4118470327456737,0.8295874898744715
13.23942335605259,0.40511075508929767,0.49134194792713054
11.001556663289563,0.31321395688610076,0.6516210264888959
10.069294872392469,0.33266353085875283,0.5666824234364007
8.541485425472715,0.31046160333857153,0.7121834908682408
11.916701973435853,0.3576102991650847,0.6079199688045639
12.215939300689968,0.3844175079545182,0.5408311233605456
11.788866219936775,0.36324484194860235,0.7776665945633764
12.810658438613025,0.3948768341445813,0.7929231483753271
10.970878659993954,0.3404936951793925,0.9458414986970177
13.736476549842347,0.35812058805122277,0.748742887134878
15.767223171121053,0.4162095084184672,0.7795933913457426
14.160787906258715,0.4034116903140895,0.8008137398919221
13.348984348749312,0.36013586102545153,0.4747387829872245
11.55333039691357,0.3746246626387007,0.5446907142715423
11.288000444799799,0.3214177119345275,0.4519978029164101
11.648627457621966,0.3334605004040622,0.6086273997934494
12.161265962863215,0.3724171796855711,0.6418600778055085
11.07946220796924,0.3381265548677984,0.5513759500413264
7.191562255316519,0.2991700205371469,0.7683427573217008
12.340841334384098,0.35437077038654907,0.6449447206197674
8.050584580705298,0.30505636785173623,0.5806974613746323
11.49657948983242,0.29432428771369673,0.920089789510297
12.996928585301916,0.3903499258441989,0.49707332266109616
12.39167859534182,0.35941291362408784,0.6926360278998832
15.50301875949064,0.4239120419102095,0.49402441362290567
9.193636297631702,0.3266069615544698,0.8198897846760407
11.901432369399831,0.36269212161016595,0.7479180090522868
11.705630464517423,0.3974787544678142,0.540647766236235
12.498997750047653,0.37287522179124066,0.7010463171194453
13.932244876662633,0.4071087093077127,0.7155920696363425
15.073097388290599,0.4348562069848249,0.7831346584824118
9.438029886377269,0.2980623260770211,0.6432242017658957
12.4222030355605,0.38359211381234115,0.712602759861814
9.60432004857002,0.3376200883116599,0.4408867987638343
11.986228454586069,0.3875912587860281,0.5482917592039928
10.709298040895693,0.36716057759051335,0.425533419866782
10.979959028500744,0.361299465715703,0.7913531747010385
10.45967354457138,0.3589924013091366,0.619522474129893
13.146619848042047,0.3870001153388197,0.6494784839981935
11.675401767377995,0.3650028260658004,0.43552281591317277
9.446920544337175,0.31099656996550334,0.5540554497115046
11.906890406743642,0.3616198436813507,0.5725994801739899
10.550303059630682,0.3262826181770458,0.9036970334036922
14.359022729155598,0.3603921509092743,0.8090739541170835
9.3877150736242,0.3041372959882394,0.869541941994376
13.831743568803635,0.37185950820999164,0.6451822708364094
11.646605921560393,0.3586412404165601,0.4768755242865834
12.535645233939526,0.37074291897278605,0.7091766466123347
10.333704916083931,0.3457214940536414,0.6910343098363704
10.93375514002124,0.32742539567646606,0.8177953832845626
12.488182255448866,0.3727093646886263,0.7020790192752789
8.995318314951152,0.3470532754881015,0.5029246316599488
10.288374038773696,0.3517622348430243,0.6295648787232021
14.697496348723199,0.38363072363865247,0.65704990626738
9.109488751106479,0.3032844060079028,0.37153458379422016
13.216223708956203,0.35888687070667796,0.5266731629710326
10.06572398961464,0.3562135767722224,0.4218659604079773
10.962842181044188,0.31251666590795346,1.027607065848972
10.909026490432641,0.35602598422291154,0.5768692758616599
8.526877109859228,0.29228124200668,0.6784367586994066
9.34390250194657,0.3245711316750799,0.7059658516237302
12.661178140929685,0.4031691021841233,0.5684343231839513
12.674577823837009,0.3588865329216828,0.5567954677033393
13.022517274989568,0.38630654800017483,0.7375286256349077
13.138702149718878,0.36643453222771705,0.5442080462863886
12.408127718018463,0.361149491974108,0.5327463408698574
13.221402667932779,0.4036866176483753,0.5885010820550969
10.179583324093613,0.31714661262195404,0.5175700418710232
11.305404342948702,0.35033676256157337,1.0447935285648449
10.054111029482982,0.32240523678727395,0.6982972487551756
11.733781169036082,0.36920723871312944,0.6036258661406697
10.840718154858774,0.32089885308644495,0.8485571413374546
12.220217803972183,0.37784271642107325,0.717016514315939
11.2345580249942,0.3236047262083146,0.5445773197216986
9.874449778456174,0.3250829444873805,0.7671757288992685
10.225973967856966,0.3708123937097306,0.6247545735012509
12.894165609168457,0.3896296658690518,0.671077462206462
11.162910986090068,0.3594021196466224,0.7253783887903028
13.05563984959969,0.3691765191566128,0.562454005757264
11.543392447597896,0.3807422932854676,0.5405513373617569
10.842950557134746,0.321179077798139,0.572886161217802
12.012281127411207,0.37905877163501533,0.8076232196630374
12.282939893140473,0.362149157157871,0.7003219382672969
10.990337744542867,0.34938141739860396,0.855637148080115
10.360117211244276,0.2992310185667193,0.5560279449074328
8.777283378784382,0.32933332008306515,0.5956517333838769
12.368735347321497,0.35319134348302433,0.5865823006093874
14.17347116109027,0.3864117177979755,0.5700103085682164
10.805776566262043,0.3659335140867154,0.5718789484397576
10.408272254733212,0.34804447220956236,0.5512123248578018
9.851203270752048,0.30480857885069645,0.7149555062153987
11.677428659407038,0.4280120488607902,0.5582338901216415
14.159335109084406,0.3732734141166847,0.7295727546142089
10.196845223640906,0.3252439483586285,0.9916225735086518
10.833880834706534,0.33287775933010894,0.5629106932151434
12.132083796573465,0.3967562910127021,0.764080388059888
11.750935375329433,0.3656068202217256,0.7197203895260816
9.373259263457712,0.3228301742097135,0.4914795635113379
12.90343694283263,0.36516162362242993,0.6970846293348917
11.45230803328942,0.3600333355432505,0.623123783527092
8.225079264187098,0.3344706965712372,0.5252964927368117
9.471640618493161,0.32878198988861507,0.5615331481937645
13.323325277506957,0.394717699864616,0.634948444019791
10.225016612582845,0.34980789817774527,0.5543255534474314
10.634149257521802,0.32616792298253305,0.426870664728777
7.3542057117978175,0.30324627967552586,0.5058537822123819
10.846487437765731,0.3335087385099801,0.7179351199833378
11.966258188451341,0.3304955562107837,0.5839819584298245
11.448787397454243,0.3229763823700638,0.5353633839154954
10.87602584642288,0.34775243423195196,0.5925989433526101
12.513742363820722,0.3701551943031294,0.87546569006937
10.151062479240476,0.3413046113203396,0.5188099764723132
11.928714609596454,0.3527676286728185,0.6998193448613004
11.865263726812138,0.3405330222674005,0.8216954327236495
11.12860411794458,0.32298470861079626,0.5265038275784817
11.077866636452548,0.35320355550409976,0.7765137792369906
9.287079060752365,0.33750262764859423,0.6031297884706699
14.810093292105016,0.43040669536003473,0.6447933169785881
12.278140739087721,0.37736163230947184,0.6063967597654709
8.55600583782547,0.3167472320098091,0.6061247475686933
11.42567805229756,0.37294836925289754,0.46872927013469756
12.321519194888584,0.36924603529241284,0.7141649647007872
10.698452249973329,0.3911628130431462,0.5765531798765618
11.541754157236742,0.33014823036775476,0.5363212185231927
10.571572691538211,0.3727230988816169,0.379149846887155
9.822974425750626,0.3356341070182304,0.6327336499367574
12.150646361370995,0.3967406485451963,0.6309784053800792
11.663972814643106,0.34144646746101337,0.5106617769484135
11.47398764352738,0.35089739020189986,0.6539128735103811
11.040859432230135,0.3575240362742381,0.5672107469175395
14.227792474673652,0.3675309678236594,0.7614125818478322
11.871145072288261,0.36209484970638944,0.5254912338728718
11.379613122408667,0.34523537451981323,0.6120619818854958
11.390972477511642,0.38099162562321365,0.6208254691112683
8.169035268374675,0.3282764810544616,0.7539070047907864
12.712247109306482,0.3373379450414653,0.5492449468132229
11.188518261905184,0.3760580970321106,0.7445384669437611
10.554029354434537,0.3324519309062691,0.5536769309680856
10.497397886616838,0.32479419491243217,0.8217462304424795
11.862458754915131,0.341168820605122,1.1388580963669144
12.399522782161991,0.3720945780482298,0.5619009481722966
10.635648945243936,0.36358835051428917,0.6248811226586499
11.2406014890412,0.3640717731248406,0.6956419004494956
10.182359094224637,0.3615252956376397,0.6216156215789741
11.120503861065608,0.3799505563441804,0.615427291648751
12.435516649185445,0.3912185353729167,0.5358369639634798
14.4823383269499,0.38078902630810724,0.5124840134710074
12.743606891819212,0.39446310793085054,0.8074866088180999
10.830454360358182,0.3354816567448391,0.8020468915952211
13.798163051152919,0.3704809945169191,0.6872241779450149
10.81613211634848,0.335830580088116,0.5572543412359996
11.249417999145106,0.3622974146566381,0.5600262518458473
12.815237367536135,0.3628763993496591,0.7334129677946158
12.290190056325908,0.3767588418529253,0.7938528347594629
9.448240719216937,0.3179902471908074,0.7043500609264011
12.148888702604683,0.3686716820316917,0.917533256300578
13.077554444904788,0.37243191349109256,0.689563696692991
9.614600852822491,0.319567927622335,0.47415213023234964
13.551964111031868,0.4032978577835119,0.5224837984978613
13.283262571040574,0.38873752079850954,0.822815163562528
11.578783269989767,0.3631922398423749,0.6914425245118409
9.883113043426995,0.3537003000961361,0.563559575552101
10.852378294691508,0.34940810323100646,0.4741716502970018
10.004726215815474,0.3803135454649114,0.649369821741338
13.114878794666033,0.37114260931630405,0.625918741278677
9.687874897234632,0.3195978351166637,0.5237112467136618
9.591001924570605,0.33605801050255113,0.6970949668521034
10.369028368281981,0.3208904593041151,0.7006890960429424
12.914931102118704,0.39360318261664734,0.8111344656440845
12.259685448151185,0.3959645093277482,0.5319590339783886
10.399238993025868,0.33918706954662686,0.6438423269791433
10.507823304058622,0.318296590902269,0.486049470867029
10.961413352075397,0.3412957775238523,0.5994543584964083
12.401878467583185,0.36809441939740106,0.7872712999937378
12.855349720744062,0.37568993563036657,0.6922560668411988
9.591010915403466,0.367272363044986,0.7178447937954568
11.424779674400185,0.35527397583857667,0.6553254081195966
12.44775756042159,0.36457772898247903,0.6931131304121972
11.634030675240584,0.358452022609473,0.5105399015971703
9.50598180960904,0.3238082941337648,0.5045473760632945
11.715307037753984,0.3474184803145065,0.6059820876206388
12.759774824324541,0.4082745360394619,0.4946843740647569
12.470157372284792,0.3863224606927365,0.7755937853657229
14.028530639635182,0.3709206060475277,0.6371116709273233
9.604948869040406,0.32866991333085066,0.7122772104661583
11.627115385278422,0.34370188020845466,0.6509802479521459
11.187245716033154,0.37194696505470676,0.6810341414123708
11.383095305884588,0.34349142706266966,0.6413643504104387
9.772950668915264,0.2978722211612794,0.6799474787417646
9.932699553307877,0.3562828962730338,0.6728088239193071
15.049923565999148,0.417210756026847,0.5698238857629475
13.539521000102162,0.37937627584789363,0.8372050463943295
15.456720463278714,0.41289522786896626,0.5935730216990514
12.204444835022112,0.37064989041257274,0.49614639253531423
13.473830704390107,0.3568037491038791,0.7412291821864591
11.666829841736057,0.37831365424282526,0.5091848611820289
8.354523715352279,0.32920384191416346,0.6683913630751949
11.794059826850418,0.3632886683204948,0.6993595835435122
12.68026421127967,0.35021145475047083,1.0748999083375435
10.726208172844316,0.3240092673937531,0.5859427725938529
11.738220355622925,0.35866205723912403,0.5272760731867244
14.052273103590608,0.4015058111009912,0.7821106466480408
13.078501400573366,0.3669259331668,0.6462503861198309
8.74245077215122,0.2997512811715231,0.8035231375229206
10.042762498923675,0.34770259431080275,0.7043447290409878
13.075760926074484,0.37565938588143083,0.7654522223793963
9.192471753244881,0.31780767509986607,0.5129529257675078
7.992958014063408,0.3030692654672379,0.6933215373380799
10.604779097654024,0.3569673255026132,0.9480961278398683
11.888715478817605,0.35164715606291763,0.5643258470355221
11.283015909425732,0.37016068413298736,0.5509416407876699
14.36140333988007,0.39243489173461477,0.6183141992189578
13.459502562410975,0.3805434486547884,0.8202937542105547
11.25782917919948,0.3779099295690899,0.9978781713176318
12.56151512822305,0.37294927785846327,0.6884208236633099
12.756223418135857,0.36003688547326124,0.5337597701630924
11.643486499764201,0.36362619679257857,0.6218723375204575
10.187756724084846,0.3200533727068661,0.8803542763256414
7.481643079354388,0.30919824123841444,0.44096528049163325
9.037769230257656,0.30702387387403074,0.7650966115716419
10.387248319087593,0.34211068316671167,0.7607936565155645
14.568542681267765,0.3606778353827242,1.0588642301447195
12.480312283848388,0.36119876453481947,0.7956144523318206
10.923810626936998,0.3500439189384331,0.593745417014673
12.032426733100774,0.3739166084046547,0.5690518999417005
10.696992633243493,0.34177302428758727,0.5664548657580346
12.35109770124992,0.3650560976639337,0.6691947183688525
11.174969123347545,0.33874582074280074,0.7308560431873455
10.36271886875997,0.3471823703306852,0.7318947426644722
14.684537157174152,0.371517500131888,0.8235556756549514
13.728359986917294,0.3794859381636432,0.6812656085416348
14.781102417556063,0.3917898327991223,0.6683366941521861
12.600652980486576,0.3811686917054656,0.7419510699312972
12.609173178841441,0.35189356004275907,0.6507236244224839
10.911720702221132,0.3502735751755804,0.6258065191816247
12.813199849212612,0.36219038134713344,1.0175890323573156
14.381168605697411,0.3930610397243415,0.8059804613597835
10.46867958590309,0.3394723476241524,0.6890189997800457
13.138434202884877,0.3708034355210135,0.5833751228871289
12.918318602410345,0.3849721499293394,0.47956559043638736
12.746800084126107,0.3824203459918254,0.6599472635235855
11.129193570070374,0.3297452602609906,0.42323821530856265
11.970806682684938,0.36418553660725483,0.6852812050913476
10.884419401194155,0.2880763553537784,0.8819410281942356
14.848455787895968,0.42887482264826565,0.6265745756060506
12.882146748095266,0.389269179324526,0.6063559345888828
11.648891533188252,0.3786803887248966,0.6374592108239973
11.322913824022027,0.3772331511220883,0.5083409144543317
9.614467188488717,0.29739278647313044,0.7789254968480961
12.764773406966516,0.38271670117766343,0.6491693577043298
10.3236535183711,0.31196207560240036,0.4655007131039412
11.14236440043058,0.3272811609219838,0.619123757330433
12.358488889997137,0.3881032199403518,0.7042647652873337
13.79665987504313,0.41434212224935874,0.5620417686926287
11.610438442319609,0.34753368806318863,0.7763566494891213
15.191917142708938,0.39904224015264567,0.5435207410787215
13.074974023526249,0.3617704590107633,0.4907998550990329
15.041306850495555,0.4141233694079735,0.7303859072186247
11.745237575238335,0.32372361411276634,0.6443968995521888
12.197296211514228,0.3363303330681573,0.6785702135435658
10.882000780859503,0.350924614165852,0.890630102876657
10.133477419924045,0.37238890875976144,0.7112318551628928
11.047000687294204,0.381369672079903,0.6490316463230094
11.916477017937328,0.37444899309422974,0.5499085463748982
13.368311554745375,0.4095314033580647,0.7236432881398377
9.855934126910345,0.3508491985220099,0.493932450432815
11.104441974546667,0.33654232804822526,0.6499723299529774
10.550599717589684,0.3233825473662451,0.4226471517885322
8.308024201151149,0.3249063010090166,0.5886068509220915
8.74959737708311,0.2901139488968103,0.7918224297594582
11.544502745653809,0.3431240130626491,0.7375225042271991
12.092200513709166,0.3267322635701633,0.6206138112034314
11.624819671798253,0.3840896989701108,0.5623834272110004
11.991078501321315,0.3619314342781105,0.5396186470289709
10.994442579265598,0.3650077526010457,0.4539349594149055
9.999287881110934,0.34410339624781966,0.47818484833438174
11.104309384412776,0.36642832753221205,0.6967953654416291
11.016946081352337,0.33339129343674373,0.6943408585643939
13.137104563886183,0.3925066832244252,0.6598639493058355
12.119866313473647,0.34091534464313716,0.5995135317218124
10.487516581233741,0.32391124294284085,0.8331649019489693
12.761341685083238,0.3776301634294779,0.7890643246928076
13.451355221088125,0.4030176221138402,0.7166399491734331
10.794041283054067,0.3706081837639211,0.7842436496592478
8.697297164210745,0.3263352788949424,0.5223228193864213
10.320853994359542,0.33124103186397813,0.4694916830660395
13.92565041394468,0.38798872756474717,0.6333607591146216
10.823705866903488,0.35213266990136655,0.6701938111446062
11.57316932508881,0.3314536400968593,0.5164398091838472
11.881401136767604,0.35916503244484843,0.5101099731827311
12.688595913614172,0.3782362369635674,0.4825484021367846
8.427513436025922,0.3453260195549697,0.38059856608924064
12.22295897847593,0.3263978052517376,0.9249233375735607
12.728560122370133,0.38994180584686994,0.7715184315890077
12.303022075365234,0.3504058258581732,0.6617218689458145
11.708853821201743,0.3437667782774962,0.5194589588547406
12.695381838153637,0.3889168847923063,0.6179970262736612
10.117920310877743,0.3581456393233377,0.6330740705991446
10.882620431864297,0.35311319247078343,0.5149873513914432
11.273416360088014,0.3311330412889318,0.6633371042474239
11.785097326733851,0.35195000162229295,0.7322898922127976
12.456207383318883,0.3585463685393076,0.773615163247558
13.509261883080132,0.3894611048942316,0.7620667831212462
9.34618367443603,0.2884843299895911,0.5030489026358163
13.651907588366104,0.3919654514823454,0.6149938295415659
13.720789081029498,0.3855234163013923,0.733822641890193
11.467788467935403,0.37183888821643285,0.5889058005418677
7.736267678732258,0.30645344856070866,0.7816220029385459
9.504335052262281,0.3337480356711118,0.6279264507567615
11.781982004500808,0.3619385298436934,0.5083008311151966
12.280209591418881,0.3802061858976249,0.4224399435850882
13.260933664769901,0.3571475095712813,0.6846437295033756
9.755463129586595,0.333730860916546,0.46270635352177797
12.43707037617045,0.3548582527134567,0.5951557406572068
8.555783375034252,0.3339182263939633,0.7025759167347032
10.086401399524284,0.34487554928454894,0.6131354002539404
12.463819780338703,0.3536194847664875,0.602321262828907
11.014513562557923,0.3435571490137682,0.6420901952392244
10.965289161806538,0.3670424071432271,0.6182132275885467
11.463373593181366,0.3555041981492747,0.6661428344830018
12.098080451625922,0.36311759102211105,0.7946402849781561
10.909158898853459,0.3274821651957792,0.5874155890506477
11.164178727969507,0.32273976334208043,0.8179623450435722
9.37541867820757,0.3199958947766003,0.6985883879167745
13.538868544947888,0.36155699552684595,0.5212001165141973
9.895009952674286,0.33708547737073474,0.40933653755020977
14.039560944407029,0.3700841308496076,0.5082848004342568
8.92552980151535,0.3298234775640811,0.3952688756115699
11.485533049604864,0.33151173940722306,0.48685745195583374
9.979631689845725,0.3285101421099103,0.6511739682638872
9.162204984180399,0.3042661763732414,0.43554550720644725
10.860166502976519,0.34465297462794114,0.5567849322116553
11.295659446148083,0.36570649609224437,0.7933647229096046
13.231102114291925,0.37737358602313437,0.5141225665056304
13.058162268596181,0.36053742867073624,0.7306774036440689
13.896370346811576,0.4167271902978913,0.5996352206251594
11.612931853984005,0.37457996262378407,0.4459361892024387
9.224923812625452,0.3382730433099035,0.6253806250525821
12.562788264761437,0.3949019992296006,0.7234814406390283
10.720811010916965,0.3270778792418208,0.7823516590065295
11.873292509135624,0.3923047932336725,0.69008962817825
11.544164557854863,0.3351084299624004,0.7582597766112231
7.875988722168557,0.3252300997322395,0.606369542064891
11.03424286905268,0.3517276458137646,0.5223402153604944
10.217997919639199,0.33652809905083003,0.6945759390505244
11.028600406674109,0.3305186876225532,0.7500915695015926
7.860462322776687,0.3238192396281987,0.8320288094963019
12.208186627522881,0.3698529002016705,0.5965761621062643
8.019646682311354,0.3071011444535193,0.5908034913733567
10.895197953039876,0.3332370967981109,0.7479563150391689
10.733216972894088,0.3407815210521532,0.6220191752211462
11.756138269955567,0.3295386313448458,0.7765852333958784
10.291038487312939,0.3574748023005917,0.7098415424424279
10.395379843433577,0.33180851370798753,0.6133254139265347
12.327506022612656,0.3636763150343717,0.7221273444401693
12.008666080806055,0.3324867966146857,0.8686404572076677
11.313102607649153,0.35992884818689597,0.45809920258360387
12.452869196337986,0.36795707257968424,0.9330273857437165
14.472093682098329,0.38200624876046924,0.7394459796060114
16.015049240794582,0.44320133136472156,0.8133831806165922
12.098543627433404,0.3623356362731879,0.6067509237275085
9.249838805984755,0.30833447339960013,0.7658220358589206
11.514845888696414,0.3668523999950061,0.8233852660198597
10.65563037335168,0.31658638995373867,0.5773972598110514
9.954378379952647,0.36060354780473075,0.6847465858580745
10.96054178716074,0.36572321947156017,0.4711808958609196
11.733999463670184,0.3541651454157241,0.602394630828815
12.587219303049576,0.380250407307296,0.9363229147280281
10.126308830082355,0.3312080255568135,0.74949982178567
10.971273589398436,0.3490351013983316,0.5787176734330349
13.912721736702942,0.43186888983161353,0.6251642755411538
9.242723734912495,0.3753418014153886,0.7084050994005144
13.1062858455163,0.3749594168729291,0.6095445426839946
10.988423181171814,0.34597638740125836,0.5811282015201825
10.466953260583026,0.35907354622840304,0.6162898290912817
10.074235065834657,0.3143256110221684,0.7460735408202163
14.793032312698166,0.42455685973959306,0.7372471985375432
9.645673763720122,0.3469703517956285,0.6465306156108425
15.572560569775753,0.42113267490323725,0.47580026807217285
10.926143385480842,0.3909591657080527,0.7607533442274709
10.725245063628734,0.3426965869716987,0.4214861256004621
11.710265265555854,0.32308333860826954,0.7196691968703879
15.522109470082434,0.4068276205107144,0.7041475343642931
11.235738821707361,0.3412572736837518,1.1004062460562942
10.114211474126925,0.33887441290921516,0.5555459274890209
12.50782745490557,0.34742077680233485,0.5629596900211756
12.912433224865698,0.3528836168377377,0.5600691378015594
10.623653004713724,0.35238750494315657,0.6928237059640618
10.814713624103785,0.37613876525516354,0.622313162937353
13.603040414393199,0.39015484269938594,0.49764401552719384
8.87402796821365,0.34026152020250233,0.47025148129701055
12.2474309580806,0.36709933302892106,0.5996977383244411
15.981962073400208,0.4364773907254044,0.48676591291008886
9.143413610049265,0.3094547383994253,0.9205298616957504
11.905658235041738,0.346832407209898,0.8051031036193562
9.786283560119958,0.3127351036648843,0.47732293851722146
11.002332095421288,0.3178388371533887,0.42236634296714
11.091415848987026,0.35352061227375725,0.778738073191521
13.243758958210325,0.3924068899049726,0.6272400066434763
10.50635751059702,0.3248177833008161,0.587427960773547
12.810912190218382,0.40438585739539135,0.6907374229835895
10.944183268213294,0.30201612070131745,0.758812524250345
10.370755506335126,0.35996484980118204,0.8078001131354114
10.865500771742465,0.3351862386804014,0.6809666745956687
12.107532918964111,0.3542771610100838,0.65231451945174
11.031906917569572,0.3629940578065842,0.509313832004894
9.858457829248717,0.3133471132762775,0.7326016733394322
15.167592723783518,0.35984674425875773,0.7402493023181004
12.762172490027872,0.3763757574262556,0.6201947840145943
11.818176377839066,0.3875058221480647,0.7252328351128075
12.3798593451063,0.3632006174076773,0.49715205150893244
11.518944071790443,0.38384194008976735,0.6063491311944041
11.300904495189094,0.3436377193371791,0.6170340888927198
13.426997927298622,0.3718475894760973,0.666318812664856
10.884482399436372,0.3327635827858503,0.5326356307450073
12.61618747946292,0.3497487767733727,0.518788669670256
11.148385029509434,0.3672588911933841,0.561928020821138
11.723591376114882,0.374143518352639,0.6906067129014308
11.383402145984505,0.33082972485654527,0.7180028870049613
10.467666162269126,0.33566253604590507,0.7097324149582032
12.797555149783484,0.3778935367525125,0.9520479085536904
14.756211671740779,0.37340701758376676,0.6697807995745103
12.336048454042444,0.39341898960123567,0.5966344869988225
11.379219481928832,0.3190531585050728,0.7697725175350576
11.612343438709853,0.35894703346571294,0.5719645834185159
12.65185809276635,0.3665258037543135,1.0453770005138185
9.782797608020168,0.3092976620006087,0.580297492888255
12.055242546558596,0.38471018443835825,0.7581666610731977
10.48960520291568,0.3549883198624609,0.38947717163480844
9.774369064807594,0.31796713635202634,0.7716726413491035
13.762646905022645,0.3795453772969335,0.6508203484673499
8.344811748394566,0.31913037845290115,0.9360412168863893
11.943759438521095,0.3761424169419076,0.4664455421032642
12.053598725933131,0.36682660285143126,0.7012777515126383
11.687962629417694,0.3597991475557452,0.8162807149131126
12.547388916956585,0.36554095701330436,0.733587597817872
13.167593316244655,0.3330454328240695,0.9262361143047357
9.800358194497257,0.29374046960816264,0.5912255951719395
11.468359906551292,0.33312217167074065,0.6503791327996069
13.229737654302195,0.380632901972644,0.8539883088737459
14.65789403759721,0.375721279239212,0.7681836178296146
10.76301705022567,0.35849703307060893,0.6929709116824901
13.604907509510827,0.3746847027144974,0.4726111786742611
8.406067173727305,0.34560452577482864,0.5175404264289684
14.661566057777822,0.3925775285813532,0.8269862433794657
9.718837325130394,0.32871233642562425,0.7543651120244022
10.36600657231617,0.31961779643697097,0.6648431213248082
9.332480501610299,0.31703779862397147,0.6179322100980698
10.518851528801129,0.33004829090693333,0.563942320847351
10.760098505078261,0.30291515259503776,0.5814458873184101
11.678153648132355,0.3225075188775196,0.6737028729142448
11.593283013375839,0.3768492606500485,0.648219682413327
14.22027172291694,0.4151406305715406,0.9526343945557012
9.851954362599965,0.32231440820716606,0.4231040852257587
9.8254892357598,0.359195248319436,0.7203982990107707
10.839832062249751,0.3193688395547079,0.8037131930632904
13.43168412271205,0.3744649634669709,0.718591006159145
13.08924391744986,0.36950794713722757,0.76193175826448
13.080182446034645,0.34454035710975317,0.6603467327610009
9.988779641342646,0.3606566289769529,0.8370841939871471
13.495074572759329,0.4072509554089271,0.666354927995045
15.753985435260901,0.4071815986343579,0.5625218948093715
14.520606225084414,0.39954144155127913,1.1762316387847587
12.720732257028274,0.38940305346889426,0.7448157202290316
10.650808667412484,0.3649919709185445,0.6941672567527489
12.195749858817425,0.36615631282762223,0.6832815931245382
13.270742288374205,0.36822903701366216,0.6576393442965551
13.680371839017422,0.3821795296121193,0.6542630139657146
10.847235414088829,0.3326296448053893,0.7596472613518371
11.275979286840148,0.35320726870095154,0.7136708192850053
10.262547407238905,0.35439089720797146,0.41215764180558295
11.355451539817572,0.35123611760802737,0.4774590693798512
7.408476851055646,0.297113802908827,0.5880041105880259
11.02623085816992,0.3350831330804744,0.731799045129719
11.097388912916355,0.34872047103696635,0.8328650151429444
12.798483317268708,0.3626559115544826,0.45632871071373243
11.224140237839801,0.3711775853288614,0.5884078039194275
10.155656066909422,0.34842476627166435,0.5468687416197306
10.894327764592802,0.33324927472069527,0.7599417449799228
11.398854180955016,0.35445070423596303,0.7756934715079306
11.468376445578553,0.36050145238304815,0.812317823812667
12.316932194127837,0.3812226468734973,0.8437685832932489
13.172421898687787,0.36413643860165934,0.6226886025360638
10.816770536590855,0.32624992848566214,0.5457144629932078
12.04448843178329,0.36448439389386705,0.5342151451292732
11.669265523347953,0.32869446683717973,0.731416630030051
13.035718030162581,0.37997614666358814,0.7362890962436585
11.672593313501139,0.3536394331729242,1.6001719026996615
9.31158049789681,0.3174284055704269,1.0144044830437184
12.872882473389918,0.36899413589242563,0.6373999308578283
11.424907733325252,0.34896420257637156,0.6701019647695302
12.357988274597965,0.36706405337526826,0.8020862575987294
11.397618883400249,0.32399112342117603,0.7640599687494163
13.901576479427678,0.36549231884951644,0.6689433587392176
13.49209792073962,0.38838154908533457,0.6594084719721949
11.557703963081398,0.3699357278401155,0.47992951552823016
10.974854922537794,0.3432156942861674,0.7413845833140437
11.437566159295347,0.3475840816383585,0.6985935901402885
10.677506590486619,0.37224514667611014,0.5234221720641515
11.131015502297902,0.3513429963664888,0.7192884390354392
12.35855570162774,0.3382676556912437,0.6278584602362053
10.381336554825719,0.32917642665439345,0.5642545615769503
13.097204194933571,0.38060062750971235,0.4917515128861439
11.402733864026082,0.3639624499446145,0.6633994651246791
14.292181032741023,0.38621901784043555,0.734940680403615
12.881753877089075,0.39182933485155513,0.8599614695085165
13.936441384685217,0.39949986367860685,0.650039378883417
11.164902623187732,0.393917329658656,0.7257922395908054
11.411712003725384,0.35975786805428217,0.6777231603853692
13.634207015926616,0.34910760861215134,0.6996311511146017
10.610694884387726,0.34858595038935025,0.7898676730560854
13.067807726520158,0.3608069740795322,0.6345543023912512
11.044033266754283,0.34511764927118965,0.5163977794943222
11.038290620273994,0.33284951081183434,0.49145058220025867
14.627882934855265,0.38354991906490643,0.7535476483009086
14.420552392209007,0.37791925938241483,0.8455709202095826
13.12324815964558,0.3867377711650578,0.6593997220339372
11.711660846819221,0.33376436493489914,0.6045272927504832
12.387748909163449,0.34132271938601527,0.6022145935764681
9.52343471298045,0.3110941956745108,0.49036747033084377
10.576266313385691,0.3649689124726726,0.5696038035420973
13.662147987908963,0.3577632817004294,0.632424652677554
12.679928181028743,0.3777035408250885,0.6111021030779936
11.557467883829954,0.3641896976688048,0.5646607015351534
11.934502737541525,0.3843783360883463,0.7277368733262068
9.936351508899826,0.34067582075133673,0.6016688017529296
12.89755964606837,0.3460975040268801,0.7167860084736706
11.6689998089753,0.38823897827940235,0.7484484315599808
11.52730712781758,0.3243648666372454,0.5849202001080892
11.915763174216856,0.33730462299560904,0.6822374469187473
13.198645097122377,0.37263231176175093,0.7704973768263003
7.537608816616849,0.2966087315435847,0.74254384467542
12.920756560981001,0.3585646853065183,0.6178818116141763
14.021060121792399,0.3726799548323951,0.8516694716658532
12.661799625207912,0.35242782692752683,0.6721220852616104
9.623115912721374,0.3180275380422252,0.6024213167495239
11.624916874706745,0.3524765428109746,0.6087443978642483
14.2065900826851,0.39179832388877844,0.8369499748970245
11.024860752887342,0.34419590884287266,0.5589572944829352
12.680801561118574,0.38816573701027857,0.6255486372593223
11.858050155853437,0.35712858577376505,0.5800233656696879
9.265611447055907,0.36928656532756043,0.4249748567007183
13.05189343315254,0.38791792534171404,0.4709034050823839
9.009459223855774,0.30408374138346655,0.4639203937411845
10.972409200618568,0.3563116553010823,0.45367827176535935
14.846321763638223,0.4004032733545274,0.6370840501085143
13.721258554137172,0.39586667621597726,0.46732138029419595
12.053227775007173,0.35671730636082116,0.8708188252421146
14.273328891411495,0.42208556277079906,0.5539205458231887
11.034144723822827,0.3213502426390706,0.5581012167326612
12.031059779532242,0.3664514140912525,0.7204610596763957
10.913410279645301,0.3759916282834224,0.6387874546619655
10.587866096412014,0.3518439179748604,0.6339741837224393
10.058672250202036,0.3363593189490291,0.4968710486726926
12.48680579202895,0.4052234848518475,0.5203854006958178
12.42636709011228,0.3517433733078619,0.5215417949460541
11.325458681007358,0.37873308106919357,0.5529015812935283
14.628696836438866,0.37945581737788225,0.5741238148256259
13.765891775292218,0.39782099508266777,0.5277464375202383
16.834151900455673,0.4506026912311243,0.4852210930264886
11.18358267662606,0.3065626874503145,0.5080445220808307
10.429044182268228,0.3366629995777547,0.6438993492318422
10.80375593163167,0.37141962957049335,0.5037418453240482
11.772086987455229,0.3555593459418324,0.6498508566300203
10.530626798934769,0.326066477282964,0.6619873044626253
14.84508068864417,0.3909574207873668,0.7590593196718558
10.753122987067815,0.34481397561490007,0.37635340299738784
9.772571507004027,0.34171616764179497,0.7021476763203522
12.934151863558494,0.3804618572877384,1.029891350590632
10.662495835042222,0.34324789298608727,0.4785255714918778
12.51767486445576,0.35585711734878583,0.8096969380391398
13.183225651516398,0.3897257264492509,1.0020125902780044
10.791717784736889,0.34313572747588766,0.5209065507238693
14.310137467651394,0.40049622890940895,0.625261232034111
12.215457455501834,0.40578509227045323,0.961014857007726
9.407997629534176,0.34040593641534433,0.6839836149813444
10.924651886465991,0.3373625160043559,0.7471467589347571
11.10610971261988,0.32397940340218057,0.554564820946526
16.09436919080171,0.4226203133709139,0.6140413081476356
11.433298011118104,0.3546081231320909,0.6015359067560015
12.248217271625105,0.37653523030980657,0.808952760875924
11.228283292165912,0.3353213549159846,0.6019814520261915
12.723588650756412,0.36960971675815535,0.6166473099674611
12.669514135935756,0.3416184087693586,0.758725869476238
12.785318979236614,0.3325749238879901,0.47561300914819304
8.859168524613771,0.3117377175989134,0.4951727467128009
12.706551842234735,0.37500033050835735,0.7388790520407199
9.674885723359246,0.32531561858786434,0.7660414376785943
8.434908453724145,0.26979938221846717,0.7121228684849545
11.163385426049786,0.3732430080773313,0.6443601556092051
12.295975680104597,0.38330887499073296,0.46198850659980306
11.476255515335591,0.3414501829562209,0.6624658944122901
12.402707416167303,0.37645418673824343,0.576559028784544
10.598918535610647,0.3520077444890825,0.44781531426644455
13.620083804703953,0.38877110274194443,0.5733399962098951
10.375992336491105,0.349578571530042,0.606063595254744
10.093408882215584,0.3423691218179255,0.4433819514755771
10.871541969247808,0.3543243778063206,0.5535008991736503
10.6112445867005,0.33572761134711143,0.5602085852308962
11.970330252928665,0.3721452525377831,0.5817821220603673
10.787023024854975,0.35312941061994796,0.45259926024059444
11.11025384485961,0.35253265480158386,0.7705532200861546
10.987636018280902,0.36342716841182066,0.5945198525827247
15.666488368820598,0.4581857382841828,0.709388992071148
12.042652519110362,0.37823718473099127,0.7521802716146361
12.795479006334986,0.38275541675296465,0.6051417631404997
14.573362796591848,0.3867350991932515,0.4674834217736353
13.036937019959602,0.40306465968192184,0.6678134630028151
10.721258642675497,0.3354712278000409,0.6499011131925281
12.014817575362947,0.34448460382092994,0.7254482856914357
12.667958218848558,0.35000013802053775,0.6308251325123236
11.30074249228933,0.3459476048582423,0.5021925298405286
10.848959146575172,0.3171001238230309,0.5784812208497498
11.36285463612883,0.34908507506446596,0.6457567511252382
13.45745781802017,0.3820502168343399,0.6666576246052571
11.790097226405535,0.3502755004559559,0.6497210811206624
14.179522749506845,0.39982269638639856,0.5759633554972227
12.822698852113067,0.3780266057394132,0.8335225431605633
10.897028858091666,0.3570163711550066,0.7225011208472109
8.673047692299221,0.32361802772617315,0.4503135751409627
14.60163141323385,0.4346462103448209,0.4572799450220929
11.186114641647446,0.3490742226011049,0.4920711764678069
10.596010094111723,0.3328310308251451,0.513464435044544
11.580501579431761,0.3181602906699501,0.549584044733378
11.63372539911698,0.34394289632608843,0.5479751311089878
11.319397619857149,0.32388154655953305,0.5697787198945906
9.617968473785552,0.3402395812105118,0.48303606424573015
11.439342948329035,0.35544818365259223,0.7824393551219251
11.460992266435635,0.35488466921609324,0.4573821118953226
13.227303413769597,0.3669519204118048,0.7194872669687586
8.729183527076561,0.3139895486219569,0.5509569518814933
12.17696916132926,0.4032999694182071,0.776135401203634
10.570591485354917,0.3324079986599474,0.5446956460763336
11.950766274592294,0.32865619736939833,0.6306107380251477
12.749253617297754,0.3510857681318138,0.805693010423269
12.812935133083926,0.3632453157183571,0.7797199431390394
8.809751201462639,0.36066280892404,0.9126458220372465
15.430423094101869,0.4162316063618697,0.572439126659835
11.094256061816935,0.3672746432540352,0.5248370548041499
10.599541868222719,0.33837636547428607,0.7004267815899299
11.452838944448288,0.3867463362142738,0.7898977523673192
11.964074803417521,0.37424901822930023,0.648552426997847
11.282470005903377,0.3148592784740488,0.7220469146538299
15.39871112063852,0.42965134839276703,0.6277414172044968
10.707571167967114,0.353710253262279,0.7894093889169266
13.845533698127763,0.4009798804677432,0.5380906826211005
11.297250080912093,0.3700917308828972,0.5555616256808668
12.739427531733106,0.3653417806332778,0.6276244396045696
10.395173118167072,0.3629065363458288,0.6261883208222699
11.92352663968651,0.3908486957757411,0.698817395753746
11.703870520432744,0.37114071308820545,0.447541504816042
12.107491172619671,0.3759910723424186,0.6850652448150779
7.289960273405988,0.310750626277821,0.5501218132226966
12.360037288880662,0.38414060048736426,0.6555015448829123
14.0167557120722,0.3745644287918223,0.5524688057526475
11.83999009687431,0.3494647399655435,0.6762130305900979
12.251081658558896,0.4269948228098921,0.6423003429655019
10.614357920599385,0.33288467340590255,0.4421897703602674
13.120722771172062,0.3982447594010783,0.5911751471497331
9.206517328075513,0.34335308364020767,0.48897720799751243
12.973317433824707,0.3833332429603645,0.42859491925080734
10.103267841776528,0.33498143306638095,0.869221092597541
11.84131664479041,0.3736067279622098,0.5798209994032258
11.580385604549665,0.3445703630658963,0.7508009370903383
9.418365008608003,0.3072868176274917,0.5893613275101439
10.126297915962379,0.33571993858587545,0.6500226147055472
8.005718964104421,0.3446428640009892,0.6517899671534981
10.308836054997101,0.32765361389349756,0.680562294332754
12.24189435779008,0.36747002313726934,0.6578130105466239
11.60307383534866,0.3336387926781377,0.6071057089600502
12.4018348615161,0.3859205575928998,0.5514834082911193
14.045062383912569,0.38113755177877207,0.790598066537949
14.081273940357743,0.349705120044624,0.8262192344694947
13.673664965745264,0.38884712239251107,0.823231987758592
10.78051518574972,0.3266941934903933,0.47387910220727386
11.831030482338281,0.3365673108239523,0.7751883167737358
9.26594360098558,0.305904816136643,0.7574296000742105
12.811180620796218,0.3557114459868037,0.5489973468319773
11.149366984710227,0.357502255622191,0.41480245698674023
12.33239630820201,0.364335162318472,0.7586792215080737
9.693096710395,0.3386777035897957,0.6361470744497522
11.55762790615897,0.29297238279359145,0.7807200583588266
15.471591109820888,0.4039822552946255,0.5524276420155501
11.686114087678668,0.3690559493110197,0.685556359239419
11.505919603484049,0.34251432893154365,0.5634885800483992
11.02914680532188,0.36775904422671357,0.5119426656319941
11.270182443369116,0.3157733143517201,0.5435942563890113
13.57190347943931,0.3923795637900556,0.7228812421516252
12.39654798670865,0.3574687016443873,0.6841203706789984
12.586902208931626,0.38316031586755006,0.6447892264680176
11.010202221192603,0.3964482813571746,0.5317983191947344
11.088393625146384,0.3278494501029969,1.07842302466162
11.983445801256075,0.33207965386225274,0.6154842071479616
9.101627939120121,0.33553906860644034,0.7003219382672969
13.023273463240923,0.356484714677042,0.7045100738157305
10.871162894909013,0.34053593728106096,0.5988439260439706
12.135998425671719,0.3929053150431881,0.6459622948650856
11.540656031116082,0.3706167743314318,0.6152921805939499
12.73394865432298,0.3649757737268307,0.7562191248222607
9.7802317171924,0.3292294644118832,0.6233232386948853
11.615723143032678,0.33478981149855913,0.5140479340044742
11.735724482993959,0.334278060134175,0.724419350601139
13.095803691223928,0.3998011455908609,0.6563929944940526
11.649407836512623,0.34115632331624074,0.7064441537876074
15.188027196447898,0.416081870858501,0.8359899570574378
10.950142485191837,0.35003050421053944,0.623552479140871
11.856163021791954,0.333692126477889,0.5524945377616298
12.906701720101786,0.3880901139275998,0.7746061249403703
11.85213036733738,0.3377345633354081,0.6883959334558898
16.488065536146863,0.40776142879808397,0.6865368274984501
9.429372908682556,0.33100927562218213,0.5205402901116086
11.676360626982571,0.3475390500770575,0.7517974413711547
10.876952863085958,0.3584006234864038,0.6436876286251546
14.60969065344543,0.4071785255569061,0.7702915596872549
9.211835286714905,0.313574596596706,0.7696542253431545
11.69035229114537,0.32955981054659245,0.7519206618698626
9.814178233707558,0.34579936688188956,0.6268487622090668
10.553582587169942,0.3372019767144518,0.5571962600829584
11.437827611867895,0.33271272702689625,0.47721345430958984
11.091347245013242,0.3454037344544338,0.7290223055693693
12.571333643403715,0.34919682284236736,0.49632912492577974
9.949117185794918,0.34510513468672005,0.6387715460249909
8.827470476350602,0.3033662607452373,0.6739082615974821
14.26727545408248,0.40192191121828474,0.7793802005955499
12.492646113206852,0.3469771963767796,0.5668602201066902
13.26375760929442,0.3462296339099374,0.7551129631448183
10.559214374709697,0.31314276473004354,0.4669480805911877
12.035145522245102,0.34743555824838357,0.844429326216191
10.308568873997434,0.34056627468509637,0.4728013636183524
12.112236233381076,0.34132617619557465,0.6258813272052235
11.016927806452713,0.3556376210152472,0.8131369570312558
12.01689903558524,0.3682672011400079,0.5278631032590865
13.217323909196022,0.35986627088073586,0.7875692887248593
11.702320241726468,0.3685794657560092,0.6569547048473457
9.580014704976616,0.3109785185927098,0.7505621070515629
12.803721408255385,0.3562149791116891,0.658417572248548
10.111593728058786,0.3356334917073601,0.6827176448207354
13.518117854396738,0.36325750091838666,0.6173856855181148
13.32258411327117,0.36362575251207335,0.5939563265294706
11.543015483912676,0.3638034758276803,0.6005816552620453
12.921669261954246,0.392612218453086,0.5122787554851105
9.495151554158035,0.3391765462465018,0.6952210799387127
7.963157658188031,0.34652957121133177,0.5434766462066765
11.139304867202814,0.34087529156908614,0.6040289911379475
14.1344579508205,0.37294003108436274,0.7143317620229397
11.932106515687686,0.33412140771142906,0.7509818249609226
11.193750676522374,0.3668880332336871,0.44689185317385804
9.133128780775124,0.33787446455590203,0.6643280462571582
14.33551724998502,0.40339297126459783,0.6623683196808863
11.302533569651537,0.35674062677872764,0.7201075318975142
8.91721377749181,0.3282539088990907,0.3954272803656524
11.632836726739658,0.3673792584108394,0.8220596913573806
12.101867343459478,0.3787268351273015,0.7412851153343495
11.736112340199846,0.3492479225063697,0.6710405736036305
12.031949231620324,0.34955974034216136,0.7255356852386433
11.471846757802464,0.35478105782889974,0.74148409134527
12.230928550243295,0.38417773555070944,0.6982037455859169
14.328821159045429,0.39937077923672215,0.5361612223677185
9.01997680677454,0.32951724947678857,0.5644849658525357
12.179400647114154,0.33564429625488207,1.08883934227321
13.139359856117313,0.3760501856078225,0.6182997716712275
11.40349600254952,0.38655530690874823,0.7834132993000447
11.873663798632741,0.35761487128568764,0.7604646269001398
11.46660465025547,0.3734788512589915,0.7407759695594427
10.656248809282918,0.3734545506898944,0.7638082651144696
13.150581956129209,0.36130278861997167,0.5578255588200423
11.18057973104543,0.3545616969766715,0.7694664615457713
10.931012395877616,0.3259756992507621,0.7645777630915226
13.250492063882401,0.36090378623900937,0.4781648284541806
13.226658110161523,0.39588807408816806,0.7996330651067576
11.714849524312498,0.3331634156919684,0.7255648254415316
11.217759523677842,0.3340487487882531,0.6405928226683782
11.718608283155689,0.36112194649971113,0.65323128809115
11.866605998082743,0.36855117077877625,0.5478747289074215
11.07249447032028,0.37229335315737766,0.4247080875869839
10.6270373654346,0.3383958232516386,0.5558706274809609
10.268401201496687,0.3469912107590444,0.7717006894233099
14.170224555245003,0.3694732331762775,0.9597106308877327
14.321907663311205,0.3908019762553774,0.6146179575894167
11.527546371692928,0.39263541113198497,0.5705933526073569
12.38320328135297,0.3807267574134071,0.63041185303629
12.81804290198983,0.3764252119807353,0.8098427782853288
11.959551852455597,0.36988424621959315,0.5966409685984555
11.08075582981327,0.36609553607595047,0.5458533847607442
11.50807878143544,0.34753972420846685,0.743601880899403
9.49546036243271,0.357059143843488,0.5777324004294718
14.065703357471655,0.428502302256218,0.5549921107944389
13.097707571765117,0.3669746038119786,0.662994433494345
14.771525058686798,0.4036853576817375,0.5305132666645783
13.183308583723086,0.3953791535106582,0.546126575968972
9.243594639701652,0.3483140085488347,0.5482565511981733
10.843084738806233,0.3809459727200654,0.5999348250740907
9.452949721448785,0.3280653465616498,0.7002171420109652
10.693947499380815,0.3340843955478868,0.5665491856689486
13.738469069731721,0.37398309641635674,0.7445699574069061
11.614690270717315,0.36426134244891434,0.6996102500689605
8.792821345117936,0.32226944871807073,0.5343827186762963
8.703534209017807,0.31230429748659655,0.5974593441591223
13.505835746455197,0.3647701958635421,0.5602193162710418
10.078367000171372,0.31858227260423805,0.6714605407858203
10.028766838465376,0.36388552071891844,0.6232788987724587
8.871127332668575,0.34902729516587216,0.5600369724111756
9.679849748812753,0.319432505671131,0.46148379797527883
8.135553810158353,0.348859758142534,0.9327176958853644
11.045630452304248,0.3882532411695574,0.6255075551042827
8.71833855278419,0.31984702373923707,0.6865170781470616
11.783162982785264,0.3722004415675587,0.4433074898155549
13.30903603303226,0.39436332415632575,0.7469304730765179
6.981985004746544,0.3256268038375189,0.5262990609967741
13.79541265048039,0.371108018076859,0.7660345785171602
14.454019137059333,0.39217948907512235,0.5689844300985694
12.147991828916222,0.37752379635063166,0.5679249357109785
14.962654939471868,0.382463263901203,0.49173699752180744
9.620712258159905,0.34335132091732745,0.6639436410981219
12.911552245093567,0.3838807467306504,0.6877646259670438
12.613337943793752,0.3742429793887314,0.48209640455613584
9.64539616520225,0.33715801051725003,0.7233254762078927
10.312839370949444,0.31021927036323915,0.6569806647669357
14.603490656928475,0.38853874266413263,0.6494032504727565
11.26944217211113,0.33550327198230295,0.6230056781841952
7.487024303568866,0.28651331162887017,0.7118805336683245
11.470570470549774,0.31874336685896143,0.7286029079363198
13.188788409378926,0.37006886877386325,0.5826494113071965
13.04663018108051,0.39398906078365586,0.51425947722658
12.98250531024986,0.37142952160045956,0.7660002854735481
10.874424519815605,0.3611467833980666,0.7780687789726666
9.89112199890899,0.3601638814456429,0.527056999805924
13.794866582991979,0.38220529751954324,0.5910427825085263
12.375630619189604,0.3675471242922154,0.7592662797136077
9.652075975190247,0.31223563692931733,0.7302373188929657
12.502384407282204,0.3881322117896061,0.5025136409200737
10.173782270745395,0.354727340913764,0.5073934822405968
12.634371336666785,0.34747967563253507,0.7602633907667485
12.305252194693988,0.3905858624305377,0.6857531009631288
13.005278577723455,0.376522813791259,0.4511911677373447
11.874665538047466,0.3681324559350227,0.5211482747200455
14.44935340726622,0.359093239595231,0.5886130743962525
12.898791742776158,0.36369301539121857,0.7317691473475246
7.515673921674434,0.3300432755742537,0.576734578838481
13.004474598892198,0.3658144815221593,0.47122878869707363
9.958017971098755,0.3569980799199205,0.6968676476543191
12.869392796988464,0.3500962548165503,0.5721702644260938
15.117702866376735,0.3992898345439482,0.7448346351430136
12.585767706986804,0.3582957218550772,0.5449720411301874
12.7462903710686,0.36774590679838537,0.47057869457063173
10.750923800932625,0.342289929788161,0.5201876875038094
12.541866459575765,0.3903874155084903,0.6793056255758689
15.128386642369303,0.4033351152547713,0.8079046957472851
9.746311765321714,0.3397884337692685,0.9214238406009059
14.371827114993401,0.4045891090486523,0.6952210799387127
12.882923733202077,0.3377511806884192,0.9525882271665977
14.88764497558233,0.39364629894585146,0.5910931966493586
13.63349532550863,0.376021664803209,0.6246727297105675
11.402167885540184,0.3281096196306552,0.7275546341483339
9.243864029106252,0.2859543086480705,0.6084004783342692
9.673163144326047,0.31591068722956656,0.4698331362066453
11.143887220180016,0.3397060446462384,0.5635268050622319
13.56011656402302,0.4295618053521711,0.4879812397693574
11.304592475424055,0.344823242258133,0.541092004691532
12.818539358359939,0.38698108873082643,0.7623032494523602
13.851902055823228,0.3899202049537369,0.7012988023704487
9.488391492340732,0.33617427404899985,0.6972293964408788
9.08485628600813,0.3417327063222155,0.6713820254850305
14.28582336964758,0.37840187564541566,0.587322826038107
14.578874410011117,0.4071174477837185,0.530185497058224
9.810866634438582,0.3380302730271284,0.7475480210171499
14.119233488739972,0.3932641708442276,0.7723677313746499
10.374164352182103,0.3484739214808939,0.5280517268503341
13.26185912558265,0.3648910454117301,0.7899880109235604
12.444230789363004,0.3621395005689143,0.5462309935991351
11.121871361226916,0.3323168573279981,0.6664045961640961
11.000009646386118,0.31855182757781975,0.6685007411797986
14.510669843155029,0.40655534591137654,0.6011344348502908
11.932989906102673,0.35185824941062377,0.756562494624719
13.607043516005046,0.3683882059209555,0.8174367614372379
11.491154387250631,0.34807132559997267,0.4919475961997948
11.109714910885092,0.3093252429701674,0.7576750481746705
8.886612794483305,0.3070532398205127,0.7082424184352271
10.975993981344718,0.3352568245520287,0.7291169177470557
9.259766612236724,0.33706811656709906,0.6879533389973388
12.210587152973208,0.3867214310348338,0.5981700272701319
10.71911114669178,0.33368142400734924,0.5115091866582372
12.6614558731284,0.39402404088292464,0.5481007115180829
11.716716931566825,0.3486284478992202,0.7383011446701424
14.350656253145274,0.43018159069896145,0.6427293608041855
9.819613112709447,0.32502035893569736,0.7191011235955056
15.811593611622833,0.39567771642067173,0.5659231183630217
11.28894024633389,0.3801489996115637,0.7452006069621391
10.695420875321378,0.37174185891653777,0.7725435564121839
11.224943007943764,0.3624481166083416,0.6241378180197471
14.267659167077277,0.39089507142641133,0.545046146992826
11.877458728682818,0.3521184299836977,0.5519241318159955
10.47233992077755,0.3017373195914789,0.6046824216752471
12.380999140168711,0.3923285977053214,0.7902740339372207
11.012163727079841,0.3558655486664876,0.49754625764476745
13.454541917952021,0.3522420636998649,0.7321401390645496
11.72872912341862,0.33468213035096284,0.5626169807949503
13.492501821504277,0.37293171557909566,0.6918565166412982
9.921335310089173,0.3183350863743782,0.6801394295907291
7.089867807875091,0.28867763920740935,0.7336719466249695
13.496798475589575,0.39326082262076106,0.5646661959202303
9.193595791875971,0.2966268373275419,0.5091486057873759
7.467474010280977,0.29607920681153027,0.4398339768269358
13.079694868879827,0.37669170404555286,0.942783467290605
12.201535880261435,0.349440404162777,0.815625863282915
12.769373531579518,0.3842485310660966,0.6627633196687662
11.414828216750625,0.33121431874762375,0.6912156492994522
8.782847774889323,0.3392204979187074,0.5883083561130944
11.1017815075732,0.32861723630358564,0.6690392989847793
11.801133306096553,0.3385390276466199,0.7627768432379971
11.488799425958636,0.3691194742490182,0.5722789077887792
14.840559799300255,0.36193146902984413,0.6470301620175745
12.777497041867125,0.3549862837538008,0.6771396870222365
9.307072544783313,0.3216768615066101,0.43159582442332317
13.500963850776646,0.3673473377522113,0.5437070378249219
10.733655438993317,0.37474181626105996,0.7803645044931783
10.502636662667431,0.3286318789770024,0.41596607415055925
11.924199954564578,0.3634677075064108,0.6137765233089112
11.078636726208597,0.39279595527377137,0.4640972240491668
11.384840909102795,0.3521720647058204,0.7716866650039136
12.091649876329345,0.36367086991820985,0.5964271872793843
11.56936430738288,0.3577767577893963,0.6125523881764078
11.427769635241077,0.3409793847618544,0.8184805770966308
13.68810256127582,0.3913758660127779,0.5750152670264758
12.366478756600053,0.38189535524668716,0.6806200188379539
8.910010683836859,0.36859471719120207,0.6443724028918028
10.984398329932379,0.28953552655875586,0.6690758585093413
13.517471575791863,0.3512189884693542,0.8059165567858473
12.352509876451077,0.3602420001346513,0.7093998867242094
13.602652589657385,0.3841532263746257,0.5569588443390098
8.302891831849873,0.31612176122892316,0.3595732599803958
13.563802223863785,0.39016520352172723,0.5250489532266738
11.360794992382278,0.3348775568067776,0.6704557806533868
13.046396151608011,0.370445356559938,0.5293823055583852
12.842377842150011,0.36386415005399675,0.6966611866988637
10.6631376182707,0.3068394241243334,0.6743991536888666
13.222594445680791,0.3692354486781752,0.6394965945696784
9.449795587206545,0.33142509435131534,0.6694692522947018
12.367070648467827,0.3717354081362735,0.5572437796753973
10.523310173536384,0.3559309649678176,0.41593532708456665
13.176244922834478,0.39193196454827506,1.0635140321497116
13.462378537893212,0.4081225251395084,0.6703546332166411
14.10235434996936,0.39966239545695964,0.6975192014397413
10.087472715404516,0.3793202864238135,0.5712464427956016
13.519412611103732,0.4103720765536674,0.5678466898896166
13.724292953729979,0.4004968691303992,0.7455860909882142
11.92920758246083,0.34696555778865473,0.689213743006892
10.586456233707462,0.3129771943057632,0.626270761850365
12.030136801772834,0.37685535062554554,0.5927895611487861
10.43197890423798,0.3598375137681626,0.579055119895231
11.768785658114393,0.3492074789452818,0.5927228239980982
10.051784096262427,0.33579764401213136,0.44820498860728053
13.999962267693096,0.3801167730915972,0.8734658124529902
9.222546964858363,0.30993875008916605,0.6166186886023973
10.876767128401326,0.3635851579125207,0.7443118534955219
10.84093436874307,0.3354781984423677,0.6325366118691378
11.535439294466745,0.32946466469352437,0.5552740367599882
11.689658178376316,0.39073601551288306,0.6516210264888959
10.46173231491823,0.3539068049140225,0.6676635451829804
8.183037097038294,0.317922984659442,0.710070874105726
7.7652820871050885,0.30379507513072884,0.6808221703376571
12.44217953864564,0.38401916341219944,0.6920840236954819
12.613050662493656,0.34221690897280665,0.6395285215090178
12.066447759679043,0.37493759697182005,0.7684881450073588
9.961567845168133,0.3421638343277692,0.4779181231639563
11.211342762573345,0.3491815332664421,0.6767657296626368
11.826804300946407,0.36159504292292544,0.5780917069299477
9.356018432994187,0.3439649545397409,0.8140079494842477
7.952197630881464,0.345519392725687,0.6351047428711195
8.706185630249525,0.3587842033823621,0.42059322273185556
14.541244538084555,0.432269175720077,0.619591421445552
10.429395673476158,0.32559782030492684,0.823862679810953
14.159386421702479,0.3638026279967298,0.5691334580340401
9.850166017057568,0.34672301416133633,0.6215716450460463
11.5924316262813,0.3344578081412386,0.9971814558559614
12.133366924837489,0.3593829188795392,0.5217107195785481
12.560942674628528,0.36889921712327267,0.6039483015250565
10.810862440757045,0.31624352868696326,0.6018416970012023
11.372319228304423,0.3769963716207975,0.7317631682308064
12.574357590791596,0.3659748028584604,0.7926342403888038
13.018900457320473,0.38723158574931554,0.7981625995166198
14.571807633376345,0.4142087477485688,0.6788278133020934
8.756832456979431,0.3225844283642239,0.6789997095478243
11.71341618457274,0.35064459510441665,0.7804587877647429
13.166276611684076,0.35284893018182223,0.8045462745790817
12.951167053945774,0.37964492187534093,0.7209694544949327
12.723471844460391,0.3574760597974039,0.43484623125342464
13.079822885573638,0.3852969354508092,0.7475607700859065
13.311057287125475,0.34661632767622147,0.5706160311984869
14.282648582995822,0.3948140299942893,0.4733797734171378
14.33169052073832,0.4007199721715074,0.48626687835056726
9.443405548974468,0.3494811190691841,0.6487023293289828
14.113977881021977,0.36627006285388547,0.6069214158950534
12.631729630665639,0.3764872556617103,0.7823005165545052
10.942117972681562,0.3453300074606477,0.516091273319208
10.81716255961507,0.34183199452329843,0.598575402306448
11.97453739992299,0.3366668060031123,0.7486532334331696
11.230693202392054,0.3251907872393398,0.7052850097453773
12.976591751932794,0.3735664646227461,0.723886263180876
12.041299079544203,0.33682563238575397,0.6953236486650108
10.979986592067448,0.325252640397042,0.7802195200046178
12.423660703002668,0.3665376580703996,0.7705671827984147
10.77298947929749,0.34347296738046057,0.530185497058224
8.80242355168761,0.35006022806240517,0.45935117610368925
9.456333267031994,0.3622520648098766,0.8794084017938931
12.291082082669039,0.38043496713746894,0.4524352452831375
10.137822945412658,0.3308596534447647,0.7660963176039918
12.00650060496731,0.35974258968196887,0.6662736767587812
8.418489355749145,0.33085500305042503,0.7532931430366946
10.004564843016404,0.33949412045813315,0.6629810934318984
9.776936307822027,0.36182348824248295,1.031989631781252
9.67204530723961,0.3524703861041696,0.5865330317853616
8.908505799469946,0.3026168221188207,0.6807643943871404
9.743431334680281,0.3387045239632196,0.5333796356586654
14.487831559670262,0.3976060252533895,0.6653054679337674
11.909572362032389,0.377738579021907,0.6461433358063453
8.883306804491152,0.3180246930406807,0.7787596920935557
11.899207012492063,0.3436321381757887,0.8704361760792324
10.765201530470002,0.3569852133775998,0.6693227921633725
10.587322308073205,0.3687275920134339,0.5557920188248888
12.564633274841245,0.37421172092521776,0.683671338239723
10.03864198786474,0.3653454371733732,0.7400822429566315
13.945679286755457,0.37732711032507604,0.576559028784544
12.212696287225345,0.35626265964103754,0.4512612604769587
8.372587135244299,0.3401344461275035,0.651612582903643
12.572630017562954,0.37800948608509455,0.557836153495576
10.504801832339187,0.32945835326934303,0.5734090275744472
13.75448603158586,0.36685643150264463,0.565591535709836
11.854874034510424,0.3854019197808559,0.40355062898287747
12.541201416940176,0.3457453758912695,0.4878961539694425
9.799551451153945,0.3489018142038548,0.8131697739235538
12.607014619208968,0.3609825381867777,0.6380489580383081
12.671638747328984,0.3796534030948273,0.6233084576693155
10.353438558319198,0.3558920591696181,0.6283802860651814
11.647140639775518,0.36458291403484416,0.5313536697765183
14.868716175411489,0.39822101131980325,0.828648215776721
12.442373234785553,0.3576191270126275,0.7608675790242005
12.165743960808069,0.3755391271432774,0.45215852127166795
11.273494331825514,0.36033677761822847,0.5743202722915872
11.801972907990091,0.3411369705290568,0.7533061883162119
11.766730380478847,0.364889123454526,0.7941277938976828
11.674886799254658,0.37341366003264587,0.6481947472107271
14.253584756883559,0.4015109207394608,0.6223278732675311
14.26265819756831,0.3692147004656994,0.6564620503312278
9.967014617494726,0.3228278689734194,0.8308623416745916
13.992919807790525,0.3925212556363533,0.5992835119966062
12.281115317767444,0.391074824842365,0.7729519333810525
11.374885544863279,0.36117040033151593,0.6387675690514604
11.901971181762548,0.3065286987498377,0.673768203487857
11.194455495871011,0.31651530232120995,0.6668294867122416
11.956643276799703,0.3356821122679583,0.5169660476879654
12.58906916733012,0.3263725654174657,0.5238252561798551
11.79669030568689,0.36121026425891667,0.5801007970218304
14.96496696743046,0.3968396114456058,0.5685969436795646
13.200131585744877,0.3667681842571684,0.8706878621654424
13.149844687866537,0.3941609959326613,0.5391828082196206
10.285770216473164,0.3640220542005656,0.41822026526817235
13.428166095692198,0.3706390932384036,0.8075910696970741
15.272400018785362,0.4145688133557662,0.8192597753738965
11.35520022770763,0.3426418083030677,0.7716586184588098
11.055950998113818,0.3256481826058984,1.0675566682121305
12.131511014969519,0.36314837838147707,0.5295045903793485
12.899402880869243,0.38379736281514665,0.5706217012688015
8.192576494172098,0.35596608005759983,0.6491860559502577
9.558071238376776,0.32056254602538564,0.6047296585355343
14.984976341961687,0.3952965973858919,0.5773678893281613
10.05540394568565,0.3104309882946486,0.7597543066932199
13.40317419487118,0.38558887673568004,0.5479851743653344
12.674896161490615,0.38047325984301283,0.5473184980466298
9.818907465046593,0.30687052003186327,0.6606369119735191
11.81720784682107,0.3585302804490119,0.655858549638625
8.587092498429413,0.32463972683470377,0.5527726727605474
15.23013277406804,0.4081666820997019,0.5209885265178703
11.556893359440462,0.33334784735163303,1.1094733207153915
10.533873560714405,0.3627764444854884,0.5799638241856047
10.730075000306456,0.3410173183423184,0.47217365904240155
12.320314794443853,0.34765926591305546,0.7661512093260273
14.084433015324052,0.38386605209693425,0.8224965927961588
12.774717164633174,0.3660825588334043,0.7619520074175908
11.564605918720446,0.33442423220346285,0.698713273366853
11.627030843046526,0.3708015486579056,0.6585439141171381
7.692006895571307,0.304020142182806,0.6682091854809593
10.186360955682154,0.33522560886482317,0.48280235151721096
12.979448932083194,0.37558609970150864,0.6888643215852218
12.606266626831086,0.39136477920062407,0.6261134026782618
9.154479470450589,0.32628461301874034,0.6190730667605433
12.004696948753882,0.35243230276236553,0.6734883490431672
13.823898873643792,0.36463032319064526,0.6773340106676827
9.568310854448626,0.31312063718525557,0.42045251738871375
12.255221809453552,0.3676645124790187,0.5688720336709279
10.2119827048218,0.3600429446003882,0.6486939986946605
10.573698310543826,0.3559248453892118,0.41172670858952015
10.50073641020068,0.3411608384730004,0.6831064251516792
11.931863366192069,0.37381901753092506,0.6453544539118115
13.337909412769143,0.35159362300395647,0.6671418922045319
11.265071229812929,0.3619276855282539,0.6644533455785684
10.687572833640282,0.34756288695432624,0.6900344741563288
12.331570506730593,0.3759965349649062,0.6376411059061249
10.080293298527412,0.33156295949355885,0.842917414820889
11.518705907596672,0.3438061614345734,0.6644712512698709
11.01414161284065,0.3310464450829655,0.5272492331968952
10.963400366159426,0.35031438371713436,0.8006179026453674
10.362493885582818,0.3335682137974205,0.7095688180597897
12.054314226949465,0.3619637389853688,0.6823004454223173
12.245379779689266,0.3534416142821988,0.8107926646280449
10.277011632433528,0.3037281865459256,0.7338286716324037
16.269782155923494,0.43857312556791905,0.8503153456887962
11.326501523052631,0.3430719127018574,0.7805023146484533
11.716066589538087,0.35348637685530065,0.7163817551468509
9.23934333749786,0.34829052441277597,0.7060463962795642
11.222609841318619,0.35306857849438605,0.6268487622090668
11.010635465594593,0.33392150846759316,0.7547453198789286
13.46714407288798,0.36771058417080377,0.5148623534483424
12.543164431422582,0.3878029766000028,0.709978022611663
12.152702878933507,0.38326205220906495,0.72502920708711
12.33598419525951,0.4062424041494792,0.3974656964414063
10.977838837888676,0.35593564744733697,0.7347590296728433
13.801715443139791,0.38647541311358746,0.5807183779873856
13.461936713823775,0.3731433796199458,0.6548192692037985
12.25849563067376,0.3823258739696702,0.7584194830987478
12.511334416328001,0.3448716442256009,0.5667101931383965
13.971174900428394,0.3656436544888577,0.7533257575063156
12.687596890053534,0.36129125992176014,0.7426125735693765
10.638311257218835,0.3234393088220184,0.6388590582403467
10.302962820952782,0.3491051764336859,0.57812708477686
11.433071961213063,0.38242626147290837,0.5527005233544109
12.232505365754268,0.34776579101207017,0.6547207515093699
11.002989442177345,0.32731443308248753,0.8191507213748586
12.198411337772551,0.3495752402858552,0.7870554695495784
9.417123866090407,0.334691577648814,0.5752242579431487
12.224225152831622,0.366855773786974,0.6466419843550071
13.845476220063578,0.3522921751432204,0.7579938231897593
11.1385542737777,0.3076482059518161,0.8093569503071035
15.08786667994912,0.3616016816862837,0.5314956529427625
10.002132781112305,0.3473310721040481,0.6698908613285315
11.354790118377924,0.29992441933731956,0.9319633449369635
10.527917777084905,0.32592779073305295,0.8041730512942264
13.144647970732315,0.37813024898656766,0.558712298944327
14.689332523069194,0.4195458367048856,0.6487939874943133
11.170916043553344,0.3398161555134877,0.7322719169829639
11.131486032750786,0.32622267093942214,0.5593360732052535
9.274406444855458,0.30103671957726924,0.7025335865092251
9.80847663232339,0.33139723556530376,0.6734603827742407
10.106308343988971,0.33788050004047177,0.6528318491786622
11.073291095134884,0.3379305147150669,0.5917307867493513
12.95459143904284,0.4164598875299102,0.74850601509793
13.829207079664876,0.37919759911085926,0.47387910220727386
9.561994711231257,0.33499496622894626,0.8184471130421125
10.886398883773204,0.33027580984044014,0.5796069599383896
13.70180604427442,0.3641760876838724,0.830932366523891
8.792275103946658,0.31006189492560354,0.42322433386690494
10.643962482165065,0.33211987032072043,0.7230253842455057
10.435472948932887,0.3239250030154211,0.7943953893782257
9.534515389908826,0.3702202605170599,0.7725435564121839
11.356140608783182,0.3265975751686629,0.7483588835774546
12.478543912594699,0.3630537252265116,0.5044768357570075
12.514930942292132,0.33228999578389107,0.8233511967850711
9.260389624901418,0.3004753923192428,0.3768162703652175
11.034424677766314,0.33779859853404764,0.5192366645750908
13.134712447745535,0.3723663343081238,0.6141013737000943
10.981075842276137,0.3517338162604829,0.5838543658846741
10.195079256377273,0.34323419135751243,0.8640762580948138
8.38122993186201,0.30379289417841326,0.7082857890671377
11.164173772305542,0.3327086708101674,0.6356840538371821
10.454523368464233,0.34069968150467195,0.5459477135484645
9.47203055813425,0.3565126145378028,1.0097067860441669
10.837385931866105,0.3309939692769914,0.557518575577684
10.774260243874345,0.3111309157572439,0.6735815951079727
10.187090768507957,0.35542860209130533,0.5100654201477378
12.661169752521626,0.3947108476961554,0.7372471985375432
13.377894905003743,0.39967757315332264,1.005151225393181
13.607469150978087,0.3887984911555421,0.5496347102488427
9.75833458429231,0.3361265060629806,0.40804909636053655
11.129283021409602,0.3666893059431937,0.711034305997861
9.304983037050654,0.3172689407677203,0.652475523044363
13.16815814283115,0.36250970379490466,0.5983595356217298
9.100530692291777,0.3224940282012649,0.7330580706423677
13.088075634720564,0.37388119669847825,0.5247223835582758
13.47563663435583,0.37186590123653146,0.685590776817353
10.466745575855942,0.34986375119447943,0.746003846592251
10.273709849256324,0.350751761021953,0.5507987987731385
8.70107847904405,0.2926960204827293,0.7998750292892477
12.174511855616625,0.35030674136618384,0.6232050199244813
13.502464053381154,0.38526139146474564,0.5831692293406926
13.044202337686738,0.35643901875921863,0.8157169507168506
8.672090435805327,0.32491507019139004,0.5580375670973963
14.090760402292862,0.389375482693204,0.7669209344523861
13.283494792634666,0.3730221577725661,0.5317386622215041
11.74476891538541,0.3317693452289665,0.6542373748583774
9.282778709713558,0.33671329189427907,0.3645495875789257
15.100392341862278,0.4048177816234713,0.7462383503113583
10.633133515385666,0.3533232346206483,0.5615277447580154
9.689261833524913,0.3081137954079841,0.9244588535604746
10.578315025689836,0.35926341788100097,0.6099388751555161
9.446218165797017,0.3259254484853091,0.7324097609163902
12.433924596104315,0.33193824954634155,0.5559440256608458
11.911739443355508,0.3315210348072838,0.8446131415661592
10.601986172501451,0.32567695939111607,0.7491788065910193
12.534626853217532,0.34098482705978583,0.7470067878121528
12.938828636048758,0.3528315269039498,0.7818406853650519
12.604623304050818,0.3717167578704544,0.7402245456443263
13.398020979460025,0.38272983279213896,0.8298140888337726
10.360852213617417,0.3533308907020181,0.44863976782898024
8.559203308072135,0.3282443758153454,0.3588546842074835
11.921545763208023,0.35070787671554415,0.8527460882317959
13.591782425809345,0.39538017725865204,0.6358252071760678
11.463378164986281,0.3490852411500899,0.9283775347616717
13.65889807496346,0.39317420220365873,0.6916292338031852
10.924069409620838,0.34243386286841504,0.48303606424573015
13.490984722667829,0.36880710127010297,0.5117666875735767
10.063522309338538,0.3141589508727185,0.6790474816845123
11.410924838117452,0.35321067635205616,0.5844444220725911
10.7535137905401,0.3315768147919773,0.5467340307510685
13.108708378176928,0.4063244335994252,0.6403282523655716
11.376400768623952,0.33077853879148533,0.5222967286838707
15.150461957383829,0.41705535034461,0.6347376234997235
12.160200451304814,0.3432994604687713,0.5555093035491376
12.702409192110078,0.37267200918178256,0.7456873006253572
9.39697891502098,0.3064422774053914,0.5591705962630643
11.405568037342746,0.3792954703801361,0.5842008832579196
11.039418036601042,0.3351570000646357,0.5124388355452967
12.473783203475126,0.379266363615946,0.504606182261291
12.766019128867878,0.3639394735060686,0.6082699416679067
11.933147431308882,0.3323545803432184,0.6914374804131643
13.816973550165681,0.3946200923210558,0.6340947484740217
11.771772425029521,0.3617225073543031,0.5785580361459352
11.748244071928553,0.3272815891840502,0.6266909670528463
10.3588113968923,0.3204464166219006,0.7422254416803797
10.547589300253705,0.35643871857183274,0.7400946138455317
13.127841843304218,0.3744465077844091,0.4332342146100576
11.388074637656935,0.3473864911095188,0.6979960951692421
12.847031077170485,0.3718734849449722,0.4776019659797796
12.171677972349752,0.3551248022652265,0.5799043010341999
9.3710021306353,0.32073272854869617,0.8309236124494749
10.031112148009125,0.3323312185587955,0.5850729391342068
11.945384365421155,0.37725511264002987,0.6115657710543096
11.310676198918284,0.35011448492244707,0.6054327699044896
8.676385137089344,0.2943540094814792,0.9024832624342409
13.982076210994663,0.3612726977999533,0.699563229564383
11.43811859861194,0.33078256653113847,0.6796598569474451
13.616529120706566,0.3618244861959651,0.6395285215090178
11.710996658296192,0.34866940805030355,0.6132937327129392
12.783864912520166,0.3872945676582931,0.4804498816903308
15.2258994879463,0.3957377573202139,0.64220736756442
11.973432251420771,0.3895090645463012,0.38694541731516996
9.505134152381945,0.32202742960259156,0.41413323108521727
13.213266923471373,0.37829582143268253,0.7085570361528033
9.613944167512088,0.34522825508899835,0.46656947481584343
10.640823030302556,0.3421759565457526,0.6453298478893487
12.343010504288284,0.37125505815878246,0.7720164411472717
9.912767164901584,0.33582840988514373,0.7985197435826017
11.162973706906477,0.3606582573940521,0.5666268962770459
9.848944065384725,0.3194491701096558,0.478756474110854
15.01130437842124,0.3570202985660008,0.539969040992671
9.44821782497963,0.29495411666380833,0.8805625702541034
11.985315061736404,0.3660756956769993,0.7143762610503782
12.133368060783734,0.34628184375573967,0.4755440747309677
14.08303987444944,0.35514116546459223,0.8308710938126023
10.926574654413468,0.326173040872079,0.45846636698641324
9.968329683643493,0.3403068473719392,0.6315003700391283
11.06684386725318,0.36438229622424145,0.6836615864822324
13.707786091612213,0.3459653001442755,0.7960990320552666
12.753611786179778,0.36808295053392537,0.6598244956880162
11.778650547564062,0.3704181045800348,0.7185060920855579
16.46623446631109,0.42485942283325845,0.6856055287948224
11.419618426413113,0.33180644104323787,0.6814103954024584
10.368422352904396,0.32175511574977617,0.4185286725016451
13.560012004293114,0.38289384104628854,0.8231383598394799
10.542352665522586,0.3464032372084271,0.6255374322324573
12.296568415731858,0.35514441640674516,0.7001542868343442
12.780827954543202,0.37510248948158775,0.6712296920236306
11.371634175334368,0.338302118449192,0.6562290741826821
10.491290373835891,0.31934613893095476,0.5956130400432817
14.0559291283651,0.37394846376426033,0.7177883572378166
14.170536166610773,0.39991674036993075,0.5390441362758743
13.523386704641243,0.4093722624920252,0.5367312735179671
10.53955774843162,0.3461444575102327,0.5480404221478324
9.865955990680906,0.3417534372957868,0.4562185543058491
12.496617523690432,0.3737371692544024,0.6836908430066626
11.62257109275868,0.3813513407890238,0.5127594463874696
10.024949544558694,0.3845263546500607,0.7144986762691224
10.339246293603178,0.3626647468637806,0.544616753271332
13.045691297924488,0.3694778599140128,0.5543255534474314
9.683936166023454,0.35659658240612685,0.6725301627347178
12.46194818149645,0.38599335580410626,0.6905464101933174
11.028253560155896,0.34440158739448634,0.5917244638597289
9.97390044263961,0.3057789197234668,0.6837396122284899
9.25481056977248,0.3196005644674306,0.7303799619439865
13.427628971701779,0.37694830497532805,0.5173670665861675
9.341103990081589,0.304714242037635,1.0331992312960219
10.984419216180484,0.3653744845908351,0.769230213608647
13.931029197744405,0.35639579913252484,0.7041049194500795
11.97366550850867,0.33626236493344447,0.5195616525543643
10.422395551359227,0.34751680327824697,0.9077101087011591
12.919392823871487,0.3876063831216344,0.4178858120812164
9.326430427848386,0.34001626338214747,0.36330518157399194
11.308423930885045,0.3530984390604123,0.5212087583174446
10.891192411004475,0.348204915600959,0.6484899983562942
11.365058328580364,0.34722029755934564,0.7666595177414142
10.374422424770575,0.32619419751469897,0.7420944535642502
12.141558394004857,0.3559442519939198,0.8359498422692355
14.951381617235462,0.3769269274569991,0.9114130129682543
11.714494158776787,0.3604667476223723,0.6204205888398207
12.76616279102959,0.34737558456619566,0.5974202975061569
9.957085735440902,0.3217572005388687,0.8552932501391179
9.665442770708868,0.328607789604053,0.4117522708276377
11.476304302699951,0.35100406703275994,0.7286147120482686
12.005704888311076,0.3735300037834618,0.6584045065499404
13.83420928018877,0.36595626397736286,0.5898899378638536
9.846230285568847,0.3343486786435905,0.6134099211717702
10.640856045533628,0.3286834401059203,0.6476634807763952
11.862352314910634,0.35949349451932555,0.7422691198021039
8.543272634381008,0.31832115876911427,0.7298336169899086
10.873993004655247,0.3519305645687603,0.5845419229152551
13.449533653683034,0.373971326775013,0.6016355697463562
10.526107430398824,0.340305460154023,0.6896687867924843
9.2499286848623,0.3295664753586466,0.6873182927981886
12.222857602137427,0.3623746859815314,0.5824985619984471
11.58922743384296,0.3640513550652917,0.6095376313955194
14.82263332080877,0.3977439830559728,0.6826982232249753
12.703113771878684,0.3465505364860443,0.7316316647319698
10.733687613434643,0.3623639202534093,0.4512135938603139
15.865841041229789,0.4146127057827318,0.8474173542576516
9.109231556135143,0.3242301151641618,0.7080690155451766
11.265930718892367,0.3577317789783435,0.5228192868222633
13.787717774136034,0.3823476816125324,0.584712666871844
12.374358077558046,0.3382755031459979,0.8096159497178195
12.50203669157223,0.39371728839084974,0.5205661184630603
7.965740635320735,0.3028768407862461,0.7779322536161751
10.864149330352397,0.3295169384246585,0.5738468060129941
10.155095796313287,0.3362863423195875,0.5426847691800727
11.512763859429306,0.3413128608714922,0.8302241816753182
11.6379807891744,0.3314109345426388,0.637985551021378
11.921465010244159,0.34437793911293546,0.689228730095531
12.953908720880605,0.3811231969721508,0.5541125541125541
10.406092707535098,0.33399680799178255,0.663470756239293
11.99338898671514,0.3334701229462858,0.7007993560313877
12.86835289447119,0.36449182655029216,0.6113669270106523
10.456294922764961,0.3262275972220769,0.8171618597645135
12.963359439519213,0.36797132594178317,0.5838179262300351
12.206594890517184,0.34159093712773564,0.691316455152385
11.629231363288095,0.30093348680360715,0.6290476947691716
10.781678173338534,0.3390511749569182,0.7543127146421048
11.2187485341862,0.3506502883267846,0.4726498417651735
11.319272036419026,0.32190767709824636,0.8205802608466798
13.527361487069168,0.3687429178133992,0.6801874427090671
12.304078278054298,0.378086050501572,0.7013409097738114
11.239056788045776,0.39246080335043965,0.6584219276542749
14.588614100679013,0.39993107879672357,0.5418817754443342
11.093470301184631,0.34024768660394933,0.6071330259169792
10.84539594845625,0.34650404557233927,0.5577355284439277
12.085815023225287,0.3403687549179756,1.0260212005449092
11.564284997346157,0.3509244963362579,0.7944030389387816
11.233042549643166,0.37094639274467733,0.47474857898996964
9.64688513692894,0.34187937789279216,0.6032168486945301
13.620605301877905,0.3954106121910211,1.0357499064534277
11.991111970696124,0.3655140049161667,0.5703100981779086
11.3384611388895,0.3380156566356806,0.52425565437363
12.075561345974812,0.385927023271997,0.4575983475009514
11.954136481395583,0.3401766932568734,0.7480521057623934
11.66115435780998,0.3553318451997398,0.6476054527280578
12.447245362509012,0.3995902684956454,0.6349562562218917
13.315830111594188,0.37216537694616714,0.8231979375460713
10.805782042083734,0.35276101514854,0.7298810765826879
10.414331245159904,0.3077217988915385,0.6691855730536987
11.493175787226317,0.32438953572853646,0.7735869059134879
14.281501188770196,0.37155168466638555,0.5951653910228362
10.92322903773287,0.331910907013936,0.5448288554642963
10.104983713396788,0.3337801717333429,0.5271285039440642
13.383471560351545,0.3747850278182727,0.4618561609697166
9.836625245856318,0.34262512273394996,0.6125103071549467
7.339159481343906,0.3040046335620177,0.6493196883221858
12.970720490192889,0.40265486780048415,0.47069958662961536
11.394218923488818,0.34855879134160594,0.48425825181103976
13.996814805304478,0.38075292577605757,0.6582825975265085
11.732766225778011,0.3320895285346698,0.7924899047694399
14.015808262716245,0.3779412222778215,0.5767989873806978
15.01884103703382,0.39969495997728177,0.731225647161065
10.662650796278513,0.3521662615546963,0.44469113459248255
13.403175380500443,0.3619572469936305,0.5494017648218728
9.013605518707166,0.33303502423374526,0.9838879257908326
14.695972967302442,0.35515724647613944,0.8477285947893304
11.780517181175949,0.38283777885951875,0.6165400003931798
10.3950675851342,0.3120693653049724,0.7047235940733427
12.114817565876141,0.37246934361544537,0.622386725021719
10.059952465037291,0.33605101521859393,0.7322299799271784
10.134820666732821,0.3191116368017777,0.6357389356307939
10.318087487311672,0.37376793751880705,0.641670517850155
11.306321820702045,0.37716071609979607,0.6577174770858302
10.396484977784223,0.3481268414738322,0.6414126635026525
13.03238132076967,0.3662561121047536,0.5246915233705963
10.663459203970923,0.3334178759572384,0.46277287820060925
10.088081136639644,0.3309636790103422,0.567322161325787
10.921189042254216,0.35800135662268184,0.6064920505882153
9.008354460338627,0.3028269698335898,0.7086547614185811
12.253168724757813,0.365472080595289,0.6933927437463865
10.405646018027852,0.3323090920019505,0.7453458831679457
10.951065966790964,0.35785519195626647,0.48937015307878623
10.672203372501507,0.36699903032513626,0.6586572479925381
12.793696332453283,0.38108396989949567,0.6123175467132844
10.500316623370313,0.3362714551275107,0.7349830849631294
12.21716565765351,0.38109271935186545,0.5364907824347137
10.670784541959804,0.38728257731632953,0.9183180655061579
11.948448038290131,0.3393388555090585,0.7653153903191013
12.597011320809042,0.37061020678314005,0.8043040173179428
12.363872729747726,0.3748517853349673,0.6408255947724836
10.526332980400014,0.32498700317009344,0.6425997554065925
13.637388719729234,0.3861966862697018,0.703732368690712
12.389378347306266,0.3568391753158164,0.7910886407893515
10.888186438746033,0.35967466416907046,0.6620138655860004
13.120914573681116,0.37809102921811677,0.42847963841689773
12.14596746613596,0.3573003853140419,0.8141643667802246
13.801373160589602,0.39879158484201754,0.6925903995360122
10.229208572405682,0.33627953436295616,0.6310167410569283
10.921260396656987,0.33224228311687937,0.5272268696693937
12.422827906841338,0.3818294837687077,0.6926106776955427
13.103147471125727,0.41546871913968425,0.6214763945679563
12.708518270745206,0.3906112783002493,0.7862458293673543
14.411515567249406,0.37964799066443294,0.5326909771790258
13.757919256446211,0.4203003017348711,0.6627322266463161
13.150974718746358,0.3704073717743246,1.2168009566685385
10.297126776927836,0.3427962034236714,0.5196644071837335
9.579037430495351,0.37026664198860615,0.6919272725693464
11.638269345974496,0.3639140382308855,0.5865391897094424
11.088479799645555,0.3226415915525962,0.7575290773076774
11.454414020979698,0.36362965430304217,0.7673273487435023
12.837257819641295,0.37323155567723953,0.6364851682745826
11.199281053852463,0.33532345818208514,0.7708605752038419
12.409600492296757,0.385214398315405,0.8051110666981869
8.681835538243128,0.3269366208997677,0.5154840748824293
11.676383104827504,0.3750348300849201,0.5542216206531463
9.780014887664677,0.34378395440500703,0.6071671772991263
10.132385075903905,0.3430768696304697,0.9112340061879816
10.462507421672449,0.3625667928949569,0.6464811368580288
12.131124524083827,0.39592588093435327,0.6680954001018345
15.724731068846907,0.3725457216628211,0.7094652651852775
11.91595212165074,0.3473506723827456,0.710300428186343
10.705903082858548,0.35872076729071795,0.4604882628668634
13.628411195120592,0.37970115134640914,0.6891038675553127
11.636637984003446,0.3555671790940741,0.578410341572286
12.978062861162059,0.34674112116725386,0.6060839773027823
12.281877834512127,0.36786625158156083,0.6002315793159858
9.466825951829133,0.2939517205322513,0.7883905057278431
9.250919978693421,0.33543119932298626,0.6167188808204241
15.60083768626778,0.4115276921133192,0.692676594017194
10.475333041884216,0.3594822464768494,0.5939755112686224
10.183949945207537,0.32105437781646196,0.4801117890403441
12.933579205761067,0.39309916394780764,0.6865170781470616
13.486164762738746,0.38614560010667554,0.5565743478878553
11.749235206875976,0.3345315346042805,0.4398287835833358
10.694629262884138,0.3383155856714083,0.6845311304702428
12.502952441874164,0.3848722134645206,0.6934843270884655
9.900962883668637,0.3437902925951954,0.591844633433833
10.395682910769477,0.35033126827222033,0.6665130016408186
7.070977827298883,0.29540481922698686,0.5844566070098287
11.423725962450682,0.3684536702873375,0.7881588119130615
14.668522289852426,0.42247676831866776,0.6647041570636285
11.399440832948887,0.3113229572754046,0.7068318070373645
9.547871958998485,0.3672964307419578,0.45103427844870303
11.556212155528417,0.3486663094881643,0.5675730839835547
10.930060864739456,0.3388614330835825,0.5652054249411138
13.54503694473664,0.40568689887398535,0.626901387088005
11.609371257450011,0.36041442236809007,0.6363475069121179
12.072580506625567,0.35884592417418987,0.6979182740142562
12.853930093507977,0.3993083314512259,0.6432404454165862
13.494386998956386,0.40932319953286656,0.7688970572584009
10.599411373382836,0.37071770988592107,0.6725115976310514
14.832706445357065,0.4027235577834005,0.8272366294271001
10.85735220679124,0.32513125150032174,0.8157997839624632
9.965029747688146,0.3389509676234015,0.5875579110764292
12.821994095672999,0.34222793125335327,0.5174346984785556
10.60517739099459,0.29498000505887756,0.6466461102286316
11.272225056617415,0.36619877784161226,0.6245463070947921
12.007492173597186,0.3760747050504506,0.7276545548062526
11.811181045162751,0.3651255161753489,0.47696821789856636
14.894399451928926,0.3891519133582212,0.8164799697691918
11.763245239287127,0.33463106411602106,0.4433819514755771
13.832499308713562,0.35645262302115555,0.7973337016330677
10.305785404654202,0.34663906120924093,0.5742913688390648
12.465978289460772,0.3792208947475746,0.5549243038382086
10.459193840792036,0.3321463259681464,0.6575959492214292
13.570519615723029,0.40108046948294523,0.4955771163088455
13.263118041165551,0.3887266002368419,0.5520370448694282
9.878564985231968,0.3144425112430356,0.5653101482411712
12.493517693842765,0.37276013342905556,1.0053992501279372
8.935126063259638,0.3486269936960803,0.6333530056546781
9.356325625823786,0.36095840295486514,0.5579845423666966
8.729876659380118,0.3166734804703241,0.8024723514338429
11.338201031551534,0.3330332992702423,0.6711604838107972
12.63977863889609,0.3477424209066899,0.6045003259926801
12.473296203602793,0.3249030226240667,0.6175545217753148
11.140112907593736,0.3087291465735961,0.5164944631256514
11.826858058374636,0.37643226173421307,0.4939508389622613
10.217855879240517,0.3690590581112125,0.629405024025917
11.272011596472783,0.37146003913187037,0.5582445080807313
12.63039014324334,0.36455508726789776,0.7005211808511133
15.122348099754756,0.39429492489856544,0.6671011187601331
12.873467208220735,0.39206882140021065,0.4873653742045661
11.151302310433792,0.3621697826562633,0.6617926205291282
13.14528880671065,0.3637213268409358,0.5015482998136859
13.842376779016664,0.36828891137940384,0.8088154743519734
10.609529105856506,0.35364560293726816,0.6261059123427208
9.535430943020963,0.3401382775547713,0.6793247590592075
10.745862024813157,0.3315790081471696,0.8025591022177624
9.543079815330593,0.3319015495727351,0.41589580515934466
10.730687932899563,0.29938599758032364,0.9241696589172481
11.164353392736476,0.3677932790595649,0.7446896576178637
8.350443372734425,0.29226901919560516,0.8454233575505977
12.314003044525599,0.3640385179622015,0.7397669947400141
10.351414623271644,0.35084003800035884,0.6552738827503211
14.479209734577786,0.3753624736892392,0.5647211485937991
12.255898997149998,0.3694713438593962,0.5802736403082303
12.36742898473602,0.3486362596802574,0.6250450063677142
14.469841579363898,0.37847659164443226,0.6946526473707648
12.450160741637998,0.34483342848687076,0.7767353513585673
11.500982593221615,0.3510399196868383,0.7184212081070996
14.870375219783831,0.3977496687644634,0.6334538228501165
11.157788629359722,0.3699493506912947,0.5243084291321859
9.656378015900557,0.32628185358582223,0.7189139544201614
9.611871599596608,0.29367113290559843,0.5385000472469392
9.542722936446431,0.3047126038158131,0.6611566719974645
12.62465561832462,0.3720620683129307,0.5919332262991498
9.773207687305042,0.32981839256465123,0.6951800651556358
12.828917886067963,0.3576590258283852,0.48990392886570594
11.328287650420332,0.36216224737129926,0.6079542531636094
10.338690529340504,0.3179487231508818,0.6388391659421893
12.706438228804934,0.3839502053666066,0.6418479732141678
12.51639089400048,0.3976563060278492,0.5238691258048371
12.29388794337045,0.3477183351293546,0.8477378908234869
8.77561052668403,0.30983961074844374,0.791587697914452
11.377081680542627,0.3755665075364535,0.5263079589242117
12.99961044510323,0.35177020250824814,0.48441428016396393
11.38757803057393,0.343703554348915,0.557920932637538
15.287590406255262,0.4082418844549189,0.8158992171743583
10.1651954043522,0.3715268788788679,0.6303583392211716
13.715502568050123,0.37019213049778266,0.7594065746706037
11.206918399271508,0.32611107653282106,0.5686586638364551
11.72039874494406,0.38176071015324337,0.6525433497056388
13.129954148710272,0.3966474998640764,0.6279680113944797
12.749083695969844,0.38331214920013124,0.6124156565570517
9.03143554137656,0.3328561428538013,0.990894329799265
9.896546402013787,0.31834490973615953,0.4246893858063286
8.95875510845125,0.32947090693833436,0.6105978000742024
9.671982691158306,0.33252630350968954,0.5723933361086841
12.308765371987075,0.34361243766659744,0.6200892502249523
9.814636153120606,0.31758148201821057,0.7539331598673713
12.854911239564931,0.3577651594256501,0.7999218864422294
9.906674598935641,0.3424405386323052,0.927840787482369
10.11598648611271,0.3566638027413459,0.47658455295002167
14.242659242611825,0.4249206925246221,0.4856749525336518
12.31463677816076,0.36909307099929406,0.6857137390677092
15.085026084272627,0.4141505036458195,0.6514564357572791
9.839059030746501,0.35203204380472214,0.5122459370888768
14.531057703200322,0.4220301145308253,0.44878313669442316
10.699733236572413,0.3483669541174543,0.4191655185049043
12.082159410407442,0.33510416659673226,0.8119336854077795
9.516420941511015,0.3085434101361023,0.6564361518382567
14.371288374097176,0.3724016659129148,0.6643638388299198
11.977342909690574,0.35169688025800455,0.5339269154127999
8.541822536929033,0.31802719694505616,0.6101467262009618
10.86419202351253,0.3354278900054202,0.5036248565755596
12.457656368224065,0.37792524706709874,0.5986408625927633
11.988423204424528,0.4014475335158577,0.45322301134937903
11.863076770674791,0.380992288321525,0.7415338603886087
11.559943409637196,0.35278089663864554,0.5393982008624252
10.989810293464771,0.33011746183878893,0.6186535376031256
13.985092717798697,0.3906824533807113,0.7387990478120147
14.463952547500536,0.39058730617145593,0.7287977491785287
11.452843701845914,0.34060636515719256,0.6276697134981042
11.771506054391608,0.3586783710362284,0.5609073881554875
11.34795160955693,0.3464531497437003,0.7385653382218436
8.848381363806578,0.30990337166835835,0.6073722066868881
8.664703664914246,0.3312704383367564,0.9482392042954991
13.974284914105365,0.4127631793285621,0.698817395753746
13.166746879605071,0.36531630243029056,0.6931944375820488
10.212166493235319,0.34277354562949036,0.6324786945193683
12.19659465087068,0.36712728299586606,0.6844528334661297
12.765206236807195,0.3932265324066834,0.4466333273098141
9.882729034051007,0.3186189547366888,0.6423650453272017
12.814246908050311,0.3627057554163129,0.7694942697336173
11.795071230026682,0.32262288379127935,0.5312987390915104
13.179736612026407,0.35582737810467474,0.667954386926231
11.430429542417308,0.36669429589237157,0.5063918741767752
11.744738688128361,0.35329146175368836,0.6212201684615936
12.403152514767463,0.38288099216759436,0.5625843744538515
13.135216065562794,0.3817231850513768,0.6242788417943409
10.916509367312536,0.31243694936392247,0.7786876360877673
9.571458146066263,0.33167645166889337,0.5974333122065083
10.886065804517333,0.3183292929574412,0.6616334613689734
13.22712484998408,0.35895463923019677,0.7405651677995101
13.340959716876323,0.35888835311756634,0.8144362533687955
11.823519590453909,0.3428536964716989,0.5473485212776956
13.118957733266782,0.35636701225031875,0.6613287270110894
9.668963200426187,0.34711537410375104,0.6174215965287558
12.480592249352028,0.3584615654410932,0.9322970121334141
8.656084102668252,0.35232431971588607,0.8882786639370543
9.114634972082523,0.3026903171157076,0.6396882279647861
11.261789866761486,0.3367442943947662,0.7925734578849462
14.590190448085579,0.43216898279524457,0.7147046984060036
10.672620594678822,0.3507902096813301,0.6237227242966132
12.24240385148574,0.38706289528666976,0.47181746498824995
12.915826071609661,0.35637456719884264,0.7072578839118717
9.748819937732979,0.33624960254281233,0.4544954790768397
16.171685465901437,0.44081260759500973,0.8134160273306797
14.387114044182741,0.419909194371298,0.7519076884378048
14.359960951464153,0.3862710559442897,0.6599077949605684
12.121434053491306,0.32085263075961823,0.4738239038985569
11.364198979622476,0.3377162092172184,0.5362364968368505
13.028060253493898,0.36559429182110387,0.557719645255098
11.329717270284213,0.36765941267755664,0.6424864149764109
10.778751473782169,0.3373146915073459,0.4470989974064552
9.214331332658023,0.34223366248430237,0.7410242022483884
8.731162909604073,0.3278328500295924,0.6377796086939991
9.64613742043019,0.2903370427616694,0.5426945243461996
12.656544330019415,0.3403300864277421,0.6637115335430137
10.99799671114907,0.34889093398288956,0.6387874546619655
13.378491760054029,0.37529333154759537,0.6534312826926648
8.62058952701636,0.3117216490010747,0.6434842479466291
12.064217305763215,0.3859240359384831,0.8052225746173012
8.654781219075907,0.3587125863999742,0.6316925947256531
10.7581414604532,0.31834879669671756,0.923904802108628
9.259853526222766,0.36540212557256213,0.7032330152301076
8.10492540835412,0.31740582525381966,0.5219188523229086
11.135710856260104,0.33091082404593825,0.810670697511545
11.305735591634821,0.3665632163453721,0.5350312218147549
10.134405019193323,0.3030539286562161,0.7445384669437611
14.658564265841584,0.39564357704606273,0.6307025946066392
14.281189065891581,0.3873369752145562,0.7430754281498805
12.911109347111044,0.37627119695684075,0.8536274112082202
10.808813220465929,0.3667489170860153,0.6824313442516524
12.274386769906975,0.36783578629645775,0.7478350329335985
13.661220481860106,0.3516510210282061,0.652005557193118
9.522484930521074,0.33131945271327146,0.45878430894889854
9.554282719223085,0.3709326494581352,0.5393311621581665
13.587063137328197,0.38083854963164837,0.5557972583644554
11.212510538054072,0.34145641923205006,0.6266008518771344
10.513236603631096,0.32718877748540215,0.5760216732231902
12.89420208289416,0.3487357821644179,1.1437578968795152
12.867764984109133,0.3653587415967714,0.6693777034474327
13.631605520633322,0.3801430552458857,0.7454533158582791
9.955554390535458,0.34633386694094764,0.4699154492125083
14.3285695141243,0.43057632288848036,0.7743438577498697
13.797003739793837,0.40112591108376255,0.8129155468823845
10.417114815922371,0.34039834747313547,0.6657732833898387
13.135855377158837,0.3694121564113861,0.6421427128326135
8.892917036004661,0.30315885049360364,0.6904107868358581
10.780711395680761,0.38393926355642516,0.5912445165101797
10.954521509806852,0.38355654802764927,0.6214031547592562
11.748165600455351,0.34259882964029287,0.6007668484996452
13.420515785251112,0.3709306523567397,0.45972432662386997
10.269085422572712,0.3266178707186628,0.5843530593289507
9.899286703982177,0.3652141761324977,0.398574067467208
14.254938316177839,0.41168418983169847,0.5005617056218477
8.107838684662223,0.31626343963475245,0.4565492631223095
12.047192175828457,0.3709476123385732,0.7663571584196442
11.657453085858862,0.34503226217858196,0.6256233528294683
14.506604431477182,0.3540890525899075,0.8557709982409776
12.366796845549612,0.35710465145584414,0.6457690782168993
10.241509696994349,0.3395568243416411,0.568154270390152
13.1120307362363,0.36275726465185787,0.6166902494888943
12.024098322176044,0.3598743623320069,0.6414368241433976
14.460737452736236,0.37503007121171084,0.5524070635971403
12.158479717057972,0.3577546623167692,0.87869322904153
15.175066572781002,0.3812400036444893,0.5699029518842303
11.623838976346079,0.3563808053593461,0.6277225454255997
10.267976025724462,0.35074759430487673,0.6376608864942944
12.743074478872128,0.39199088617285616,0.5426262492285163
12.539770434398612,0.35800999968776126,0.48060903216771433
12.18840155081826,0.34345818224013897,0.7789471313637819
10.494780880849888,0.3566547717550254,0.6213153011588606
13.110164003806421,0.39739787265746884,0.46303926413858615
10.032680762316943,0.34459902717667146,0.9741942122862092
12.102725675213865,0.36961052609563533,0.4416472157153519
12.42127110548611,0.37787129963355043,0.6093925486215473
10.896764851379128,0.37465799615333023,0.7688693137646518
12.067152050668213,0.3682685005290562,0.5257305306363192
8.932901536431281,0.318812648623082,0.4578207468541896
10.846341683924884,0.34310794139111767,0.4825758368063239
10.204378220341422,0.3289675757382283,0.5673723192335924
14.306182840622157,0.3710371671360434,0.5468238269335575
10.916736161236777,0.3227281709377905,0.7042914168457328
10.897735727591094,0.3361836408268317,0.5501218132226966
14.577406867290858,0.3949390745065371,0.6282478157956931
11.9756976508937,0.3529359141971386,1.0462234632951986
12.775677305718208,0.3997002217432776,0.6982556871535701
8.4252474597088,0.31430544074105454,0.5979741735042478
8.8091893784704,0.337752256934086,0.4869983821538749
9.923079124986263,0.3512909952068394,0.7216336998403553
11.695400897941202,0.39685544443351467,0.6223572970576834
12.91775858765569,0.369177790875032,0.5848408230743412
9.313437557688253,0.352703080275535,0.46746471607681994
9.322924729878853,0.30740031039985816,0.687853996988908
10.597336168686688,0.3627401270087329,0.6342698842820422
8.295298086180164,0.2836952960482959,0.6257766034820434
15.233611978983685,0.4044838445545628,0.6294887422502704
13.597147777830102,0.3860712613910354,0.669863340803436
11.778306130816304,0.3246892818118749,1.0234433981459556
13.589776962354016,0.3538868997761985,0.9957396614821145
8.681927208334653,0.3057456106829377,0.6869519579983109
10.230304736601049,0.32965897277209466,0.6517223751210491
13.613191937910564,0.40630459680120085,0.5750791011928114
12.71888654221128,0.3612383844124108,0.6821938427911581
11.894709101838835,0.3751692864231382,0.524462446593026
12.473673561375225,0.3785694291507109,0.5846333742870303
9.453349534583413,0.33418474958004135,0.9282066505060708
12.172208377183463,0.354381638608718,0.486175671957877
14.796460556621888,0.40496836766252386,0.7505814631591842
12.764261344933828,0.3518020975148617,0.5341686248918767
12.569303476194534,0.389696632187835,0.46364031840740716
13.307661142984248,0.35059102444131063,0.5756196410843456
10.690247472766668,0.34178226849949345,0.7162135180107536
11.678296185690467,0.3766233917110424,0.67221476491143
10.881369064515638,0.37185646334200617,0.7417205835956546
11.900531523332443,0.3717505294517971,0.7783060728957756
13.932172685414432,0.37651854605999185,0.5290249952456082
13.818578918139185,0.3947271317949193,0.6829508333322987
11.485707725892684,0.33330065724285,0.6484442288084735
11.155381874759545,0.3283602559293618,0.7948164436532501
12.694878784470028,0.4100174036970825,0.5785343974110471
11.266216615618614,0.35215778135541514,0.611168276796972
11.536706529704109,0.3604902532149498,0.4518147365816821
13.160087650034725,0.3743480125056381,0.6361824311223647
11.463295446384862,0.34028320310494187,0.7240310074332696
12.731015841371423,0.3356869709689746,0.7006890960429424
10.154370187020259,0.3312382621053743,0.7383441336030283
13.1568152445269,0.38752339938825436,0.5939946978668907
11.988276774588087,0.3657366308987344,0.6302895557650415
12.875427941756858,0.38138723940052127,0.7649736309487148
9.842326742827009,0.3230450642137835,0.7682735540865525
12.294597020920726,0.36594586937491297,0.8103051261514013
12.00046317203103,0.3717762412737269,0.7028088698264865
12.484553821403043,0.3607988157430384,0.6268412454510194
12.29976877993612,0.32904830480104386,0.8095107012226389
13.40657010282402,0.38290626681298123,0.8886639228812648
13.228187066714842,0.3734821215593992,0.5506917401439684
15.428453489626346,0.41054601100240107,0.8197216400946544
14.004590701660895,0.3924161050003908,0.4500101283631758
12.9422592347468,0.3862521787627256,0.7893193285208793
12.526095974663509,0.3488870787704318,0.6931080496639873
8.87717494019779,0.29672620156844337,0.823990699579337
12.108576702825367,0.3590899244385487,0.6900294608100571
12.647105395547051,0.356598402776964,0.739180840218947
11.843439486923522,0.37315964398718227,0.6294012194456837
14.63895758044993,0.38578248692578937,0.6726322982949744
15.346631433769037,0.4257302557975856,0.4713342043639416
9.105164140626275,0.31351321835583174,0.7657535114414338
14.468727602911041,0.40114277356389866,0.5424508028966484
13.26899916955323,0.410693051657297,0.7455355016211465
9.02047988911616,0.30241165535233583,0.7862903317491285
13.236054808432826,0.3710896944936808,0.6426645483038766
13.220837171615415,0.371994346130543,0.44016933011954734
11.543059520270749,0.3644258453472246,0.4366007754366027
12.413648948004255,0.3863816743031211,0.9092317216125645
13.929553809814742,0.39142255798335257,0.5256374319435404
10.391519914767077,0.3324717615226664,0.45894352818185685
10.741245796023886,0.3721899110852069,0.6182853451333937
12.412371315685554,0.39016798401636055,0.7327397036132943
11.633715860740374,0.3269444665620829,0.668063550610711
13.347330176004853,0.41807968539147583,0.6296105738696041
11.174585884715292,0.3562804551255302,0.5803332772741238
10.278125848172994,0.35207690437469297,0.5462110999091131
15.226535487189356,0.4154359211256177,0.7355228693693775
14.012436690116793,0.3670584318970954,0.7340458413934899
11.41383629400002,0.3734014230651878,0.47804809591359265
12.198615246197697,0.36743097950608683,0.6884307805022639
11.478715311429031,0.3519239567043963,0.44714264343437193
9.919251719180288,0.3194506537816603,0.616604379414286
8.715573442616233,0.3015723006377858,0.6840910589811903
12.859711202368707,0.36600786495039933,0.5580534774645896
12.04075413032702,0.3788392811138771,0.5244096253171752
8.880900235292724,0.34876802123533146,0.46775803023689405
14.282869777320574,0.3977700357612022,0.8453772600605253
14.861474192725652,0.39504389240700577,0.6269841101110791
12.580933914446792,0.3689443118116713,0.775166993933116
9.72260650753859,0.3544586424457823,0.6000336942442928
13.490669784726453,0.36806526517725313,0.6161327343427645
11.755543646011269,0.3651788203568224,0.5231161002134345
12.052876137987244,0.36078549465502247,0.4674834217736353
10.71753818552666,0.3647520989892121,0.64334605915105
11.263392122036898,0.3426624058376849,0.8172784508399487
11.543841023527015,0.3518477597342294,0.6236190802069238
11.137900002585425,0.3598675341265008,0.5683166505788582
10.156443782204228,0.3254799773234677,0.4238968367256421
12.445176230959838,0.3548776953854438,0.798589675687967
12.163494794617986,0.3494208801829129,0.7579672432362773
14.154012695596883,0.3779984592738406,0.6270367690882106
12.472737134410078,0.371815086714389,0.80679657949506
10.206851634417578,0.30319151876684597,0.7951077452733122
9.378477237288926,0.34418129043608353,0.6065329032663815
10.424585935666723,0.3316345945350867,0.9878943221841439
11.049272159401053,0.34849095036445016,0.7100162511682933
11.924293287913418,0.37121904730759187,0.7870703487092509
11.926465224241493,0.36602722943056054,0.47386611263441375
14.073607316490197,0.3768244873376936,0.6571105105426105
10.894023943189257,0.33989941514939465,0.7629258693976824
11.189756400324843,0.36957569611717545,0.533004933197547
13.038702795812387,0.3375483089879108,0.6045407774828155
13.995250910598063,0.37446053673536217,0.8633634434213424
13.54653778019657,0.3955818742330714,0.6033910823044075
10.89645462393744,0.34522837624566083,0.7045847838276315
11.890678749316045,0.3808020093804915,0.7053331935448188
12.190739207316849,0.3673443242647124,0.5291063440754151
13.286564607305678,0.38505963847380015,0.4838359988863673
11.029527095484188,0.34358680485078374,0.5554308480621023
9.473008325645363,0.3136006266644653,0.6999972229169169
10.625769795718718,0.36000636987255097,0.6160685029252152
12.87005583814204,0.37163915484737875,0.6153917274787762
10.206077273768564,0.36451267486098893,0.8438419225878936
8.616456996182123,0.32002086670196916,0.7670655163566128
11.753395868613303,0.3407158654328571,0.7737352914723189
13.364321524637806,0.40510480979561886,0.7956836238333833
11.116435664159745,0.3072455777305864,0.4883469057927716
9.43219074456303,0.33549038659291286,0.7458518542282995
10.40124085942508,0.3034983227742401,0.6661879438012419
13.270516403552964,0.37653465181954965,0.8228491662967435
10.092714403611726,0.3422903267583869,0.6594259728937307
11.015921336775449,0.3890092142859026,0.6980687517390688
11.984193772014422,0.34717006452536403,0.685207559326437
10.712855849951044,0.3550569658814891,0.5152209246737038
12.605552687142445,0.3688177713727043,0.6102854116729656
10.225817209013464,0.3337309565523085,0.8316335901905524
10.029659282426454,0.3675695034500671,0.9227157581329457
12.140224448633663,0.37542766545163186,0.4042100784378343
12.23091744881669,0.350828945718543,0.5366274926082406
13.077322997016985,0.37074900433536195,0.45974804943345404
10.024974582425621,0.3337371783731924,0.6305877801500959
10.690522210147314,0.32011081006471465,0.6843745633228204
12.52874873373916,0.3861297701353883,0.5311843548592087
11.37169113208559,0.37354021900818923,0.6382789670552839
12.000541963165986,0.3518296000776874,0.7925734578849462
13.26861848168528,0.39178564708668007,0.7754870214216877
11.616970162756317,0.35887307514832306,0.6940754026115881
9.488547203551978,0.29710800947045124,0.6801298281870994
13.985081892705672,0.3672821231746601,0.7178222175749932
12.69887375945277,0.37078144414235437,0.5697448525405157
12.59915612646892,0.34851560085810446,0.6884208236633099
13.062381544966236,0.35799388853351616,0.7042114712461299
10.910783114536102,0.3862357567071785,0.6574961731403194
12.57859495980981,0.3682912886899424,0.624985397373814
11.607684692910318,0.3462608022073755,0.768716778211738
9.5407222505995,0.34669801938828365,0.5113336550877512
13.141563937016407,0.40180542331353264,0.6833351435556642
9.8568771071692,0.31258103851907765,0.5490983675977292
14.382353756505506,0.411874711794504,0.5775383005475468
10.212198652314285,0.3344057434341369,0.632903791604547
10.801817795752804,0.3262471655845235,0.9183889744477988
11.873049053549952,0.34841252148717405,0.5499593016979446
12.212720237561335,0.3896826625489477,0.5614359102095681
9.322728156839943,0.3573566218472078,0.6883710459480291
10.937832372919228,0.3275803960192055,0.5207858147911503
12.544221205095763,0.39388062528584616,0.6506521604480884
13.485968799017641,0.40538095446757694,0.7330520598757427
11.35895785870433,0.329699318928277,0.7301066361540406
10.903017065962864,0.3276472544868164,0.5240008008416797
14.516314587744745,0.3962764141565399,0.6296753256960519
12.69628440879244,0.3761519200830318,0.9866022655651318
10.923892766086922,0.33525329300605267,0.856067604422024
14.170087918347491,0.3810540214978293,0.5975569942969284
12.160256754375673,0.3605007675495114,0.7784931847339586
12.263896966003124,0.38347685625118044,0.45866647555567497
11.229556813233181,0.37769697657692114,0.7169546494579916
11.429931736824216,0.3215246219788321,0.5600262518458473
12.888604991599145,0.3700047822350024,0.6918363046484034
14.016542372860808,0.400586669617492,0.8759575535496595
13.063561811177173,0.39022285851494254,0.604002091006952
9.627952168835332,0.35954335515315494,0.5752068333292515
12.41025170879498,0.37810938677652106,0.60355875708
9.865931594674802,0.34929925659965305,0.799601859913961
10.492123588585066,0.3599382985053201,1.1686452292024259
11.604106910043367,0.3573302333578492,0.6039751944695885
13.015846643542044,0.37723687188357946,0.6662962435652284
11.850909956815219,0.3635023558185901,0.9264544432112617
11.830591590386636,0.38164602997603353,0.7223112849263418
10.135361063837678,0.34307812758259465,0.6330431005592269
9.867761655140033,0.31965376108630345,0.7096451491992408
13.511315550451933,0.3593183141582329,0.6302589925667806
12.72222894183685,0.3821233466179645,0.6127278191701172
10.780920294286663,0.2980075125566805,0.5840245078707674
14.636830634303575,0.40514922713653845,0.7166511813343864
10.776120673803863,0.35876050086834943,0.5412612962250657
12.53945886052379,0.3552438886491214,0.7460798776277553
12.224529023327882,0.3485430553550145,0.5187545842465455
9.666391499914827,0.3233546175847967,0.5879730916597015
12.745711750365796,0.35873811801049277,0.849650059437682
11.536110691943826,0.33503268332922864,0.7303324049728497
12.646745676185656,0.3784234708001658,0.46651679134387397
8.301303449386541,0.31068727353339953,0.6452150569873485
14.517363112630179,0.37741563803213085,0.7424938720093243
13.579771395761966,0.34835954205512176,0.7175289204110049
12.966542801747302,0.3597530061555462,0.8879152679650445
12.724393209454512,0.39250626314298287,0.67080555167752
9.87224370351445,0.3052154642211343,0.735067916106717
12.01560901164888,0.35495450507498527,0.5360013693177472
14.25301182032591,0.4046625629341962,0.764202938311374
9.974572703979149,0.30894045221433175,0.5472184562797142
12.757785034825577,0.388464157148374,0.5226449265416689
8.701577180040776,0.30896132984147734,0.43021868355531967
9.418632592472875,0.30427265776281925,0.5807034373190754
12.841806495147786,0.389937355998416,1.0882587302612075
12.127063682618619,0.3461965892827781,0.7736222280649208
12.174869901719294,0.38300600375097404,0.6693136415964588
8.85150510078276,0.33319397370219134,0.6625990203846319
12.404352734094747,0.3566791937621961,0.6251866461131201
13.288814205626053,0.36044292254609567,0.5368492794893772
11.26779368025338,0.3684550964900736,0.5435746493895499
12.783738641841392,0.38044596104597234,0.6240080122168138
11.01019992458314,0.3338169670290906,0.4516740675859063
13.019572050425705,0.3653603434086962,0.5513401445813599
12.595873847845557,0.3800824957281819,0.6555359295944898
11.358180512003504,0.38558055191791024,0.6733998011411717
12.483867036145163,0.3399400350110832,1.1451416714690426
11.41091028723946,0.37775566469654087,0.7825782676366019
15.046379956124376,0.4002219494630746,0.813559778507437
11.367142439368045,0.342309404569879,0.6077075351609584
9.880939002726308,0.3364691825556345,0.7121449111967512
9.508901874068474,0.32027338787799686,0.7157766555600973
13.109905882747249,0.3814231733863842,0.5360624727173059
13.501175383302314,0.3980775468996354,0.6867047658297624
10.675455076460818,0.3494514200985427,0.7704136346965184
13.442518835881035,0.3686485310218277,0.6416463307935547
10.176705662659234,0.3341521972854828,0.6063967597654709
12.262850224423037,0.3690959921745589,0.629652469829075
12.344680511118074,0.3662814611755906,0.5172361052267661
10.795276744390911,0.3296648630676432,0.617558115541172
12.857534496350315,0.36819156872459025,0.6260347675601714
13.939289064238611,0.39124724766142777,0.508573584966111
7.153275984432167,0.298528656123205,0.5108569591865058
9.658344266823022,0.3344098219616987,0.9168504013323736
8.548379383732716,0.29415107865993984,0.611008103705345
9.164508358760706,0.32573604188434147,0.6535547752934558
12.714978660884505,0.3806811847734226,0.6063083156360792
12.828617832817965,0.3927019807336297,0.7621545877824218
11.731877327435388,0.3573904438672644,0.4727465410211582
14.774409585369071,0.416149089925187,0.5925798916850716
9.184013868250275,0.32269357769119705,0.8899840163912808
13.931852113472022,0.4027822855249909,0.7828270326939761
11.622058040066488,0.3817681647195633,0.5132497449219259
8.812443358197093,0.3236763192687994,0.6886499403204404
12.172209336033031,0.3502403566158079,0.6420174998392776
10.451031522924865,0.3603761985824385,0.5516626450765053
11.422713378887195,0.3604979561906717,0.47851219607584816
10.991643340368622,0.3325065439383053,0.42570283136040216
15.591949915469062,0.4433351051297069,0.6912106101642997
13.38139700539337,0.3805883603158749,0.6571105105426105
9.293865864890222,0.3231184525322667,0.7375959711811337
10.140782483495634,0.3393734483582514,0.7625940667982762
13.919942327647092,0.3789131118761311,0.8080576203504749
10.613822503836673,0.3920476125854795,0.5158481365626202
11.853965086696924,0.32197190918570084,0.6612713604159269
11.906204314107566,0.39701533884028567,0.4205478184780845
11.617553067295162,0.35364008332709185,0.7527068059947757
10.356885087404319,0.34588322207156963,0.6456992340300824
9.295840847013142,0.3335568967870425,0.6607513300751846
9.099782659736114,0.3526719428504209,0.42802422961594183
11.467563217779997,0.3469752564474383,0.43064213922064454
10.850877414561111,0.3534647968974441,0.5408359510675914
13.691112694204982,0.3675342410263217,0.6074474361871013
14.092207675325113,0.384448862380552,0.5816319452056203
12.431690133729418,0.3770963798241533,0.7733609586561196
12.612820407196654,0.40719480057290514,0.5629161366729473
11.603319713181573,0.3444057826470157,0.5519908447902709
9.861498580539461,0.33165676119401166,0.6508540017249591
10.446525848019867,0.37353729693282683,0.7908243719859898
10.638984152471597,0.3491817252534489,0.7319306389203158
9.874978154062855,0.3144317125033763,0.5121065292382748
11.997648435172444,0.3868300592555841,0.6801490314009999
13.041574361648308,0.37427793026102535,0.44123243219798236
13.36456644681143,0.4060805844208253,0.5369720883040504
9.977969874264556,0.3567890894651217,0.8872644092078817
11.730423850450642,0.3848927289715969,0.5110564387476868
10.01659596062045,0.38929430743056276,0.5855012457951329
9.82743588442204,0.3085067821582202,0.704200813889673
10.07608205618395,0.36557959768619586,0.7136430887288733
10.467338790549785,0.355970897949053,0.7431568298511871
10.318342387835049,0.329613400134818,0.5514066459884646
14.086525705298307,0.414786858990893,0.690009408517627
11.420528900834803,0.3409575130700033,0.7468923244785679
10.521464759768474,0.350055536791858,0.7977826900539235
11.358921684077373,0.3599413526883048,0.7894093889169266
8.662357671574242,0.30779688716377057,0.5839698031547406
9.746577801776763,0.32335384074428897,0.5879110685272533
12.960958664862154,0.3797455512982736,0.5495941767155834
12.155127321310175,0.35991820259115115,0.8362798465409064
10.033892814169711,0.3350148032850005,0.8036656665352995
12.342389973662897,0.36620755158414825,0.5466791770787418
13.156016355785336,0.35001073646048586,0.7394398103329909
9.07309357033158,0.283037059384852,0.6856301175402189
11.311467351341587,0.33976488527092197,0.8698631469522747
11.641417122078824,0.3473797795860864,0.6196531306655094
10.739177712235385,0.36277669355860326,0.6914122615755371
11.40654513556969,0.37108412618997305,0.6807740226907762
9.865819589979019,0.3603082275587553,0.5195102980920981
13.234238764499146,0.3720010752453113,0.5085856283393078
13.01384050149684,0.37777060264543605,0.5450510884586127
12.706618086851176,0.402234903118527,0.53372728792296
9.082210689870227,0.3399014901908825,0.5009525749175672
11.346299490446217,0.3635011911918341,0.8325214257676992
13.213225428800648,0.36661639604536167,0.702100142374773
12.662460531943761,0.3405940521762736,0.7272785969906691
11.126649667470119,0.33775288729774217,0.4661175974364926
13.457714669544341,0.36489517167732444,0.7760926007991344
11.195619871443231,0.37257718808825263,0.7707697274599219
10.990231816276626,0.373521238589829,0.41147134777815153
14.578891140221572,0.40982410923938983,1.1296072153891326
10.905319821261635,0.3731588254994617,0.5963171471533819
9.068640933913223,0.34337996513960045,0.5483923908941498
10.647331254475954,0.3360639277735476,0.6625280098796177
11.51072768056844,0.3564869817745826,0.6469929658062438
10.829445032758745,0.341056770429442,0.4803077958041307
12.473958520807535,0.3720000774875398,0.7980229778788855
12.577081880729448,0.37322457181700586,0.751719649103149
12.724251148834156,0.39227638555458794,0.6899943704454831
11.187275170615255,0.33595800075726734,0.6795257582948827
11.754993933029475,0.35116497117782147,0.5881903273089865
9.899425678290562,0.3142980866681268,0.6459458441425876
11.060919707316604,0.31491762680652163,0.7432006726186865
13.639543473625718,0.3892138480447257,0.44189980809539425
8.469205217532522,0.26638108188112286,0.7259147819686281
8.906233525137758,0.34849153507320946,0.6908833025920057
10.644419868653298,0.36344385674205104,0.6169337429949464
11.486533317814647,0.3847479959817532,0.43799672551621255
14.871877197937344,0.4074299919229646,0.744195479822664
10.899778309271454,0.3708610021877399,0.4839397291543806
12.34485127493479,0.37081025322751354,0.517938544281931
12.125003806529108,0.35736866552080704,0.5245945696450258
10.5851984214021,0.3352790691254333,0.5754683689265994
12.379152102320688,0.35289786245661303,0.7735586516756029
9.546011906061135,0.3402488725500623,0.6056089312835716
11.889712343256804,0.36014405636122154,0.5234090436784896
14.01799539953402,0.36874494092340493,0.8681907649703088
11.679633633630267,0.32897194885822545,1.1014650340444563
10.879945526840789,0.32105277976236307,0.8481565291415272
11.015428783251743,0.3255888421528623,0.545590515289704
12.585022305948677,0.3562299780951828,0.6717748776756869
10.093125477580823,0.34463696535375127,1.0361400801264533
11.342558220614311,0.35404618962378587,0.9592658430258949
10.187834800438548,0.32791420355968626,0.49145782704738256
9.010915854694023,0.341666978868862,0.3925198657716451
14.414500993058699,0.4025153100109655,0.6673458716298606
8.49274516345545,0.30676363860539346,0.676898200620315
9.10528317924523,0.297974219820544,0.7537109284439933
10.842844055348866,0.3573580272497395,0.6905765595727108
12.375608460903123,0.33486901394287777,0.562970579937901
12.518063135649825,0.35645208305849485,0.6884755916244887
12.008694647690739,0.32413193657139255,0.7733327291673747
15.201826814711929,0.39787475536522743,0.6469185926244152
10.850918816647841,0.2955728698480573,0.8247857563871045
12.20913579217174,0.34225577872727964,0.7585393292108286
11.415322166658907,0.31623789374534766,0.5770392458321756
13.090984689071103,0.36298135391185693,0.6379300853855693
12.27445788816404,0.40083360511532773,0.5522322398406347
11.169018676243311,0.3446726024780313,0.7412105406172377
12.756647599003255,0.3767851847832711,0.6648386372462249
13.298901774149375,0.3695043793378723,0.7935400344453098
12.311362292444361,0.35539722245752325,0.6951544346021449
13.375059003306127,0.40368092110257603,0.5811282015201825
13.152536953800265,0.375236496055497,1.117605606481496
12.980869451400896,0.37388886743251765,0.696032612338897
13.049962597412609,0.4114884830461378,0.6325752322761677
11.297236291366392,0.34595879757896153,0.6304959737174803
12.74944444067728,0.39447804778683526,0.7432382583102988
10.507543551846318,0.35312463235518865,0.5953102028629756
14.536022873112216,0.42368969491435254,0.8609432664226792
9.973487431227571,0.35577286079162806,0.6863344774077718
12.831924672594909,0.4087890364283482,0.5718161738956551
11.16469339840674,0.3693660937419143,0.7643119213860049
10.578804581510273,0.34940806531810814,0.48663221790499694
6.923072151859529,0.2813794377040418,0.5569219402700365
13.014018385072443,0.3687326701850373,0.5411790490655987
15.169368794706088,0.3963944886032828,0.7692371589717124
9.191280746122228,0.3509147228500005,0.5535319514078708
12.60606944675212,0.3631650728774917,0.5380716651200741
14.54990166370321,0.38162649400128384,0.7107547262530736
13.255889537485917,0.39080706986421776,0.6997984269451126
11.428078652124253,0.33188713179475143,0.48969952654561133
12.890741135271782,0.37066808749665525,0.7689941831423553
12.98099823565613,0.39092708895736966,0.9904714967669784
10.155840164639692,0.35852591489045504,0.5905079276780091
10.096469233753304,0.3209711451392732,0.6871350521587359
10.700470156321572,0.35666385699544045,0.5884202384415477
9.907163925902996,0.36217287641956375,0.9595757813555451
9.594493662986537,0.333722239769157,0.6080296991759464
12.724441116611466,0.37482320674229913,0.6188559623994007
10.972055367556731,0.35940376797333357,0.4677205551305939
12.430909533213466,0.37378162891896327,0.7134379830306243
11.890322363649762,0.370047535271013,0.5994740809579937
15.426925755676837,0.41529746708053694,0.7005526557542294
10.911712325791967,0.3092557207009839,0.5709906187925068
12.09839449524604,0.3605945592212824,0.6710590171446238
11.420970604059928,0.3926133701790032,0.6267473087853161
11.231287827366412,0.3776881988271642,0.9025056952467234
12.31529900274463,0.3347053292021096,1.0728213810979228
10.244924120747537,0.3474164805617337,0.45241263652089747
11.036365105811416,0.3504908842229274,0.7500014305155673
13.047187515087106,0.3576931339304995,0.5172698921855824
11.270115550050818,0.3642876912162329,0.7380311003506955
8.511363150782778,0.3344830806124977,0.8345893660442378
10.610290679423738,0.3069583775763683,0.6759725338927765
10.845568807446764,0.3175645001438194,0.9020461566650513
10.078145160439568,0.3650143324795188,0.5645563386826302
13.016361671645281,0.37474818720687214,0.6372024503468217
11.528844827184383,0.30548624924971446,0.7831639750945018
11.701274542993428,0.36408997524588604,0.6604873779494143
9.65230666968635,0.34869130235186574,0.5603051867982585
10.049986621696132,0.34073942450375416,0.5781447761361609
11.070035356629962,0.34614637002828297,0.6729110865103252
8.831594771104683,0.35222863420150374,0.5239042294418119
14.057776683968864,0.366143850780527,0.5589572944829352
13.397874424982259,0.38154230992725346,0.6508455879211346
9.379233115129516,0.2856861125319515,0.8396015298062163
14.269619903175123,0.36110113047409387,0.5425092660970009
11.370112859609243,0.3715492471455395,0.5036560456052582
13.269810779616126,0.34291334850213895,0.5642819758639374
11.28918975798577,0.3424273325318332,0.6383821553235994
9.090508830371334,0.3177412249612398,0.5649686343183055
13.212601684594436,0.35560528682957737,0.7704764387337801
9.89484485067942,0.3212318607233398,0.6390421546141368
14.608038021105145,0.39743010226691217,0.7229446540512161
10.98383863545002,0.37770842522208126,0.5591065800904875
10.40613002651424,0.3215846218517164,0.7737282235570032
13.381130419137612,0.40237080916729906,0.6265370438095806
11.738274035088288,0.36923165939472824,0.7849806793593986
12.357865892643964,0.3805087706829792,0.6092820788739997
13.155461837878509,0.3652397073550543,0.562644157077096
11.569141143050686,0.3523757625968526,0.7204610596763957
12.585872750838444,0.35836083368624716,0.6004428726708771
10.593513711807947,0.31036687941456764,0.780139812973311
9.779624415290964,0.34558210893153923,0.4111952423700707
13.466600804411549,0.3862572994886298,0.5496499126361072
13.621571971470619,0.3929974955358349,0.8400263127597455
12.616533858140457,0.3500884406584189,0.5440949528546326
12.16460445700805,0.39879263757887384,0.7446707537464702
11.058850184399585,0.35883175053292937,0.5455954715763788
12.363114134506024,0.37460643706831165,0.6340947484740217
14.696232797747047,0.37692554775517445,0.8161479593578679
11.941373912522284,0.3751229251288646,0.6291388699114181
7.945189813192538,0.3264548866545441,0.5244052242645563
15.68670908608587,0.385692572737534,0.566576935787042
13.937441676899034,0.3614614747986532,0.44021097781914686
11.29506263010111,0.35829687590327225,0.6194064043444941
13.219014126260063,0.3644745832518795,0.7274958765156376
13.961976812138936,0.35564316254097916,0.8289522606509278
10.18585514253028,0.3121708852679959,0.7644209511002075
9.586963503763432,0.33724032463089587,0.6661067536253189
12.480707150062589,0.39743685716266675,0.7386760151132296
10.427113662963265,0.30558873607404613,0.6708838648797834
10.390132801636984,0.3515240535848918,0.5311980770664415
12.420666439851125,0.3647216196980999,0.8440070059466073
12.781743335027564,0.3429402122557204,0.9246035527271282
15.752432586711738,0.4332599085678373,0.6031766623683341
9.963509496660787,0.32878744900310664,0.44978502810363336
10.63656761513976,0.3352655837411527,0.621249435406322
13.3410667891055,0.37164175157494933,0.6857137390677092
12.858401988087124,0.36802680517510755,0.7345109913612674
13.563999688475405,0.35392653663548035,0.7659659970351104
15.118825179404336,0.40120904028998666,0.6422356601513433
13.862944116216646,0.39098007130081497,0.7937078325340722
13.166583932535158,0.34483053045890216,0.5693051257847435
12.815503719043068,0.38453402371066303,0.5889681390658482
10.170119855361492,0.37096480895468337,0.404820121831227
12.313202952897274,0.4194922662237529,0.6453011444200853
11.421583345875511,0.31800386350135884,0.8481565291415272
10.032463144387993,0.315230781563377,0.5630032534802586
14.686866349908815,0.3923691144942557,0.7876512949648261
14.004524824187015,0.3785716212329636,0.775721960323553
13.722097380836182,0.40142659707784023,0.7982828880020195
12.071314806930033,0.33487104230459874,0.913371635029557
12.826955045453516,0.3726385436337585,0.6906720586661512
11.374995412464905,0.3612724150174575,0.5551591261791389
9.218934452612608,0.31077205364726423,0.7923911942380876
13.519952409575744,0.36983619688741465,0.8448614828072372
14.262425582586172,0.41202373854472524,0.620409657121053
13.432096569653954,0.36621001270013404,0.8181210534710905
13.311736571315357,0.3866745036277917,0.5892270556532195
10.21104245537644,0.3430640385322023,0.68777951871826
11.868377518471242,0.3444651027539133,0.5238779010525543
11.321158160557232,0.3507819735757086,0.7484548290745787
10.84004373489061,0.3271899086949876,0.6254776822567035
11.784531200525812,0.39356108996482464,0.5528912652918987
14.060765927024349,0.3831462899198679,0.5765531798765618
9.317693116980642,0.36751650710601697,0.7100053280934225
10.782876611901354,0.3499607200442363,0.6391696188927785
9.34201428065289,0.333353160218335,0.5528139136807197
16.39822321370229,0.45658855393017317,0.788929422684466
11.863623422760163,0.37220959721071545,0.5110931032590572
11.449735154521527,0.3623242787922605,0.5515704443348018
12.658832220344788,0.3737139328205478,0.7401564775967657
9.878154311357314,0.3593191916599675,0.40456930639424893
10.32939761235464,0.3549638162167268,0.7761140001162655
13.515373025791476,0.4188306868508239,0.7520828864517707
10.967716498684744,0.3647845361763122,0.6110011425142825
12.414706815525467,0.37916279041540696,0.6590412741947206
13.427352120752793,0.37986617074865886,0.7544502810640659
13.741589568473636,0.3703909639028715,0.5412903335886414
17.01593588831561,0.4189925527971818,0.5361235970187341
13.451463939948272,0.365259370760195,0.5885944045659601
13.266316079369677,0.375952193953394,0.7504073120806871
14.76350713688964,0.3885182152342908,0.4863476037316089
8.260764020052253,0.31768077932136585,0.5544763599124409
11.098448393582373,0.2981303694073614,1.0269123454996947
14.9357355283156,0.4205285701338202,0.8718838313471747
12.223998882192074,0.3735449951382479,0.7465175076703296
10.74775852300196,0.3354765459745561,0.4248952413825157
10.230154206549035,0.3751370806068348,0.692833855070933
10.444841096230263,0.32522029728014584,0.9926582498515595
12.902021528960152,0.3347101608266236,0.7075549750713591
11.12733684560851,0.33891949205327154,0.5403923424599238
10.967712930129878,0.325543258322519,0.7978291804351785
10.639234652374746,0.3315969909335694,0.7776522423668141
12.167318412333994,0.38048134838239184,0.7044673930490956
9.599110652067687,0.3154970503872624,0.8895111122601058
13.548841469018633,0.3558550181412128,0.9196266122013831
11.726129934021813,0.38207864238052763,0.6568552203228079
10.447048271193555,0.302919248338555,0.6834666389216001
10.086667484841747,0.3444924863582074,0.5640627733788811
13.31313601920251,0.3350144270259382,0.695149308831628
11.25293090926706,0.3071607213125046,0.7472613393045175
12.147183757656752,0.3433450237503053,0.726440667513902
12.837205824051793,0.3619327882753857,0.7237184685536553
10.825260442558744,0.36966881481834135,0.6322626102306841
12.462460796340533,0.3520566418331885,0.7567079073348127
11.940969736496701,0.3564870877087343,0.7349770267195249
10.958236585313191,0.3616757232537968,0.5817520773832905
9.999688054102982,0.34360298118380067,0.5943019365242627
11.122547523567775,0.349127006638678,0.5692206796126116
11.42098184602023,0.38477329338363725,0.6313083207283636
14.000561620136565,0.3857539972380132,0.47834509795293334
12.380535142842792,0.39626837995411623,0.5926370522010017
11.664473680576112,0.35108405097549844,0.7364962664793286
10.58132781646978,0.3759066609932699,0.5953617169963648
10.916642524312227,0.3726795344624193,0.7090460672249983
13.06365165261754,0.3800774928264597,0.6439156440870089
11.691674685162273,0.3877265504216131,0.6775427393392015
14.38975238552512,0.3918578445242177,0.6200637846220153
11.98335547019979,0.3840455937744095,0.6197984015925235
12.084147126095854,0.3500957323086751,0.463069564384281
13.399114958645225,0.391151218638538,0.5393263746357
10.66603803674208,0.37294145947202584,0.5421587701417564
13.636749681970617,0.4149528945735034,0.6302513524618925
10.144457428945,0.3541336680976377,0.4284892416002963
13.151585919480866,0.37431677862656143,0.5499745310355616
13.82452380705158,0.36672959659858123,0.6181087019589349
10.899809219564872,0.30691889008142204,0.8220173108112214
10.673467483372693,0.34331142857996083,0.562899806773268
13.865986348604185,0.3889626876708458,0.6952364623540538
12.013550668088161,0.33835765696622594,0.5736681174412299
10.100764137311081,0.3408087066798617,0.615968627303116
14.137632082534644,0.3702173662796437,0.8820352498671012
13.782229032878693,0.4224680600935639,0.5575767575923611
12.235140831292522,0.3351204087508197,0.6958783053309177
12.394591673173345,0.3642480998755515,0.5263613559678152
13.494611408110824,0.35812904727216116,0.8912235865791462
11.299170805700399,0.38470722533976215,0.5658899338520799
13.755741630365346,0.3848516192119416,0.44719994824883713
11.788500509222882,0.326269206242877,0.607214998917544
11.750467156568636,0.36610358544793037,0.5820106138333057
9.539310786163728,0.3528122459404814,0.6893086777503754
8.838058736225292,0.319376809780736,0.627142126859111
13.797848290224959,0.3759094289094602,0.6564706838434273
10.197169984286234,0.34288942933268424,0.7052261318430219
12.361160384483757,0.3597662146935171,0.8176618874653113
10.700627169718878,0.3192096214545679,0.6094685314382178
10.382177463927345,0.36752579172105865,0.449435542579381
12.313821145806909,0.3656489253747652,0.6601798332389176
13.96411228663969,0.3581403521804553,0.5051402985074138
10.059162135211924,0.34017918219771354,0.5540969784339489
9.633923348254033,0.3218085695486207,0.7206722841749655
11.461861463848248,0.3168252396191934,0.8519618320912902
8.454818873571163,0.3034605952550581,0.5795831924047057
9.878157957863976,0.3462969502846705,0.844025354523323
8.248693728855386,0.3184610162026378,0.9281090447169519
9.634301221136557,0.30384717358630475,0.4533025829901634
11.375505868080296,0.3399849853136395,0.5538168406295697
11.339215838906178,0.3372719637324014,0.5803631026531592
12.403237786408443,0.3796227234151237,0.618234860202208
11.995172929179262,0.3579750443247727,0.5636688518223346
11.829631933075483,0.37791786877769135,0.7374551788006375
12.557863429485849,0.3647984915830927,0.6629810934318984
9.166310166194773,0.29262527454382825,0.9110954927083323
11.022344749730575,0.3581306645692507,0.673125059058674
14.856221772871464,0.3887239688388684,0.801944567106071
12.417635974073836,0.33654933114839297,0.7880766470672355
10.720756587756803,0.34001491392586575,0.6917352712486228
10.552031676904694,0.3196572385617663,0.6633549198463969
13.50011883986916,0.40005287900825304,0.6253656971848903
10.31824809923614,0.3521596704511975,0.430905603534849
10.74905946791122,0.3474286389106739,0.4963776388461581
10.11390746911636,0.35855711261801454,0.4186450610325333
12.777304386422653,0.4192713666882379,0.6075569108329438
14.166812517174751,0.42206227468970403,0.7108643260573108
11.339372060956709,0.3160540404652662,0.5630631697528148
12.767056864310486,0.38194260850758077,0.6199655895348438
11.251839380962686,0.33667894471503984,0.6102507314392867
10.444112249795403,0.3238036409314271,0.5881282354122127
13.50672112383209,0.33823539263317626,0.5588560616116018
9.568386696748188,0.3519740260356401,0.5328525028785442
11.120674068948272,0.34390159084082267,0.7476309016255964
9.194926316666983,0.30193190601152803,0.4170022705611472
10.987730614593644,0.33493168263494055,0.4469626859021784
11.434196644190148,0.350092617266748,0.6390103004579167
10.805306404212104,0.368807164987515,0.7369905245214697
13.50072914917093,0.35907712945326326,0.7277780430642153
10.09630735163326,0.3573904109470725,0.705901435742249
11.394746406754322,0.38076197948891854,0.5412661354611416
13.902342552417839,0.3997675182978325,0.6165543050996327
12.223562601435638,0.38150834550633583,0.48900575391002676
14.204753713492707,0.39005500325867526,0.6934690606780314
16.081969710624094,0.41752482904725646,0.8400941569422187
11.424260865804285,0.3391574298656844,0.6212567527888513
9.883474449267588,0.3042391656189567,0.7594667248924512
10.985884605210234,0.3285961950327134,0.7278957093990879
10.09639231571278,0.35630813689044094,0.49889360628168633
9.772751453404414,0.3355681982255728,0.6941366346538131
14.282215419087244,0.3890522023886009,0.4437814931417929
14.65711483731991,0.3866418285015325,0.7488453879584027
14.015298737651083,0.36893329052586515,0.6024746992322827
10.216227720628112,0.2984418585047064,0.5378721030216457
10.256251393937081,0.34037027055747077,0.5445477501800589
10.48783599072096,0.3393374046561993,0.5919332262991498
9.486133215296924,0.3390622800456721,0.5551695696477511
12.535250502678824,0.3477359859686884,0.9355910287049509
12.575228011815955,0.37598330004539154,0.4258158848297595
13.158947018708616,0.3988803421955075,0.4536041985869809
8.967138208151397,0.35337525695786715,0.6020280586742086
15.252816002761818,0.40341741251980334,0.5963786326561646
13.054811695173822,0.33548829090771565,0.8100941324343921
11.393996799894005,0.3657262987831073,0.6461433358063453
12.066653164830676,0.38758396562335545,0.786320004202128
12.28150878249756,0.367372435297914,0.7758858319501951
10.733132676483919,0.334586925251558,0.6513341285961107
12.646246210825709,0.35306482217008234,1.047887458939277
10.056042235129809,0.3222137751121287,0.5299536941491216
10.305948803386741,0.3116925967386546,0.5413823160804013
10.323893761114057,0.34530296534322985,0.7231349899229041
11.084627144557818,0.344470312941547,0.6491610090645493
11.501287160407411,0.3411332544052105,0.740472224217046
11.65030083275904,0.3109702377627881,0.7783132670103178
12.008640976401406,0.3688679702370602,0.7512469325294914
11.89116887992829,0.37265100381209726,0.8222377612590376
8.533201928498453,0.36098934620816364,0.5229152593906795
13.436933242553891,0.3723247967683934,0.5929549121147625
9.856327079908894,0.3021334055631509,0.6621821603116719
11.773404269889987,0.356788724084549,0.6461227553058351
10.03850939090298,0.30565573985796013,0.9698778923999722
15.21151437861683,0.39344745289156674,0.8433930193028584
14.521115185121989,0.3978383950336868,0.7656233657087373
12.846544971270575,0.3480710894566311,0.5663772258986427
12.164945975538853,0.3766991962689204,0.517375519122443
9.815982149557712,0.3771817383505267,0.5849751723760709
10.007751442870216,0.3196381005400909,0.4687544145313648
9.564201331819131,0.29994235733793606,0.900148214705213
10.803284772304888,0.34402498467470316,0.6015226220991
11.649491037197091,0.34743384914630937,0.4865091751784643
10.28303020247521,0.367138436702035,0.5114193572281664
10.879777754950688,0.3686241275080439,0.620504417885801
13.450336425466531,0.3938763817585033,0.6281910684640469
16.295284924697228,0.42977800307395325,0.6812656085416348
10.743397142841339,0.35448673360237953,0.41018899485701393
11.448578574584836,0.35320169562686615,0.5627148338452134
10.239382326426995,0.31490293757883125,0.5725708357345213
11.001719381901154,0.33797447969403105,0.9144723603454898
10.855642293219653,0.3784276423233426,0.5883767210626144
12.653048442736072,0.3762203638014858,0.6361313622651386
13.47153306419515,0.4184436124136698,0.5307412424327799
8.99033815961737,0.3376962689191642,0.8340665097326353
12.132986234708277,0.37610854404912314,0.6542630139657146
12.16977663456711,0.33044732138174077,0.6921852100088282
9.809844334156796,0.3259521623739102,0.4518823043998982
12.416404721100836,0.3507350637129728,0.6668475851933402
10.539631989064407,0.34235344791835226,0.4634943933684926
9.49201847930301,0.3178372360295987,0.5903571725242431
10.897476786041807,0.3901426819974182,0.6508371744436056
12.663090487029606,0.34230628906575966,0.6337604476570978
12.962055299065039,0.360586014825914,0.4721415364185954
9.564427984725409,0.36572066504340983,0.3610694183019359
12.136059454308135,0.3815230531398346,0.6413281227548716
12.537926160417697,0.346652826088334,0.5520267771826661
9.57676133353366,0.3069940293181915,0.38265085557431117
10.338898145717732,0.3421475900214665,0.68374936732529
12.42769713581741,0.36420638935671246,0.6560135765464578
12.236812179406385,0.3589544527091775,0.6028420883627333
9.503947535949912,0.3412126771277644,0.7519466107487008
10.75001126203557,0.3389378877084021,0.46899978465059994
11.914513250393277,0.373062518421711,0.6888493582553881
9.367210424703519,0.305395690272237,0.5503200690631308
15.302721901523203,0.4223651897125522,0.7545813667030757
13.164135909303614,0.40213729943005766,0.6213811878653858
10.207186902604416,0.3465211218619932,0.7561663401836021
12.921439915991638,0.34501418528609495,0.8547019522293375
13.220402841401704,0.41535900329585773,0.6022345897444739
9.768859501548945,0.3284023782546238,0.6927526747021416
12.397523888738018,0.3452770856115706,0.6020480362660202
13.881632136932119,0.39993093414051706,0.6149725353558122
12.070717621698655,0.3344432165620481,0.5902818382327957
11.5324330498878,0.32429233900827037,0.6859155404617322
13.277410029675458,0.36616689376722245,0.533051150036119
9.862571100533476,0.3032191597978816,0.6804853511675185
11.19277013270068,0.3582966454089458,0.6021412913312235
9.334827174090009,0.2878614884179076,0.6781986421958522
9.43538523429854,0.33048865046620807,0.8994812075879526
13.121281170248086,0.3791988748525321,0.6139883237649579
10.53523747777507,0.334316178368532,0.5682214453095414
14.418043306993383,0.3714256351938379,0.583866513952586
10.455903035040407,0.3408875334180746,0.4930485511063689
13.811681237512886,0.41967333517906985,0.46515018309344247
11.589467173754372,0.3537182101096264,0.7618575251793435
12.022749432061552,0.3812453054046673,0.5435207410787215
9.968002647804251,0.3325190128511187,0.7586059349385953
12.245937858040424,0.36767055180011854,0.6329192658357105
10.955691506866671,0.3342067398255236,0.5492500033628321
10.019460214469685,0.32703428174136934,0.6953954737906816
14.663752359990976,0.42435171335062893,0.49908318578308414
12.13622741401549,0.35761147742286176,0.6153597249967618
8.64936733409176,0.31839687793285437,0.578788665767145
10.818669170552628,0.36862500037187,0.7787452792921462
13.084675719828706,0.3564041903348132,0.7187382618978231
9.277060582607113,0.33096227001477824,0.9487209372620743
14.693068548634074,0.422859728749351,0.7051779699800401
11.652848805091221,0.37759418036593007,0.9009952244052629
12.530034388502656,0.38725118956450566,0.6539470088103553
10.766532992022434,0.3426126112768919,0.6240117198301707
11.47849408267157,0.3258290379741032,0.5747833218486204
11.927077704366976,0.3394785657647501,0.6223720105179041
13.665176226319584,0.3817317676330251,0.44592536458895776
13.453933309867232,0.38203757742919925,0.6324478117705941
11.375864419964707,0.38305338371727915,0.6488523356506384
13.041955085538003,0.3864124048101494,0.5417216040149155
10.158890975696607,0.3728813931185755,0.6373051173015436
9.009708735826521,0.32594548273715335,0.7073820764997971
10.904508183720868,0.33627710682954565,0.7009306858145252
11.56630877560925,0.3432726233589549,0.6154628619853169
9.608378870963861,0.33780309077066345,0.7530910278296036
14.834426130367728,0.3974913822977505,0.5205488991349223
12.684696294580725,0.37371433982787017,0.9396029777478624
10.838804992816677,0.36228924207065744,0.4401667275307896
9.833264317892002,0.3381168765893306,0.7272962069972575
8.705543784415003,0.33908428880615316,0.520368199294253
14.287963846723706,0.38559800574155756,0.7424314203625787
10.411525205411085,0.36374975240591073,0.650778289235408
14.28196202880369,0.39459985542939396,0.5459328162781555
11.565235365277829,0.3393806799860458,0.7653153903191013
11.056467625407535,0.33124984356072257,0.814114962103655
11.283350243598562,0.35958869244373576,0.8355312104261774
10.717744209159875,0.3567781313543651,0.8456539581684815
11.897475333336732,0.40612374851601357,0.6715252211328262
15.3206593789497,0.41462753621332565,0.6304194989796507
10.532983467511638,0.3276098277012404,0.5519497877895976
7.649354193702241,0.28892091492514604,0.6274962167557492
14.901117877242982,0.42092921475349854,0.8159240811587969
14.152517809939564,0.36450798031294485,0.6827176448207354
12.002124542620429,0.3578246591045615,0.6754170727715468
12.141111441601304,0.3893971613932838,0.6276470753266884
12.236337266400792,0.3886494796248506,0.5769747567796951
9.742371353069498,0.3470697570424542,0.6509465751085722
11.446379742275116,0.3591358994422755,0.7364962664793286
7.624334853568339,0.2895635318049819,0.6127839889295211
10.545385642835509,0.2933728124694593,0.9204941566412715
9.746632959164724,0.3025119624302747,1.0261365884717852
12.392023887952412,0.3848502509014818,0.6587837279099523
14.012683686639676,0.4233109044214888,0.7870257137616035
10.78294798953917,0.3408778657845495,0.5453874237600004
12.067086313351119,0.35698402521130296,0.4900654800420231
14.115722368937575,0.40270567809065333,0.769849088612242
12.078576983853626,0.37464820403676186,0.6598464134908653
11.341561657060733,0.3362679955124547,0.753626009524903
13.50997244679931,0.3944877361158379,0.8009156320709401
10.385821006134705,0.35743775012168894,0.40231684988837074
13.802965930968384,0.3906030020611282,0.7294483506861807
11.593876748222293,0.34693756318808416,0.6179898234691426
10.256457294722036,0.3511937032942685,0.6063967597654709
13.768566523702003,0.38278228965262084,0.7358327205466666
11.2988491804883,0.375882727395044,0.7323977713970783
10.02551446887216,0.3406974679565738,0.526254578127997
11.417721325391767,0.36137520948807983,0.6450839423635628
9.587719735742152,0.3121738953055766,0.6777041619086568
12.955239115457982,0.37631850363929065,0.7176416844607356
13.302763252251037,0.3355013978144986,0.8198981946214682
13.311129009868903,0.39134725413939947,0.581248021769192
12.03359489616242,0.3142242239349692,0.6259711322555048
13.54698401398754,0.3910086142915101,0.5826494113071965
14.876466956083835,0.4285997240236717,0.7337171454561324
10.935647778005745,0.35955565177129056,0.5407104726852509
12.140782172778117,0.38473469997852844,0.5108650966373722
11.398663976240151,0.35872600044073555,0.8325214257676992
10.011086156318978,0.31255670230066057,0.5406284763328756
11.102615699777743,0.34891095809905237,1.4865015762828677
11.197124796157052,0.3468355386949883,0.6466461102286316
10.76253419795729,0.3292823685450773,0.7041688447232105
10.39382327316141,0.3467633117657183,0.5773972598110514
7.964453526984435,0.3209988950230098,0.6052499956997752
12.655656038689841,0.37399738284111184,0.7251455449526374
11.216322599804606,0.33301047573560566,0.7154858576506228
11.073740208224248,0.33065141028705647,0.7596472613518371
11.3747712287932,0.33592661944546953,0.5334954442527867
10.42977341946509,0.33297800892542034,0.7283374669982876
11.21097705136081,0.3393613910961797,0.7427375841038236
9.17319572557685,0.3393128661991043,0.58580162075057
11.804811881516258,0.3209645503538794,0.6938204434131052
9.267501776156902,0.31056034183908166,0.7237416057031858
11.933425494347656,0.37084780668898,0.767679177141924
10.884130559712403,0.34574727982324904,0.45639832430810356
12.324110028957342,0.3823162536892466,0.6626833750227792
8.84534398342107,0.3388817334638346,0.44671763905884465
11.909899808158134,0.39238131545283006,0.5676735463122471
11.022501210357515,0.356893016345468,0.5634285278823392
10.408457122811864,0.32914256285389054,0.4226379360596127
13.457064261229199,0.3879684441003758,0.5403730798826575
11.723953573885506,0.35505297216747084,0.4853536280275228
9.23002770903327,0.33031849796927565,0.6917403218673871
14.389120243901338,0.3754736283984987,0.7926722365558361
11.299612277573505,0.3468124994769048,0.5189890573147138
14.314184409151814,0.3898821877066301,0.7721358260387092
14.247355449365962,0.4004513995873107,0.6933317083390462
12.353445438220216,0.3263539411891298,0.6296486607598789
12.467716122696682,0.37608556047334657,0.4124271279602947
9.359049096340016,0.3426686343833778,0.6631234289606687
12.627390982561806,0.3845952666475901,0.7836995822620213
10.457361656266638,0.3369640484229166,1.001207628368332
14.074605797069953,0.36298610468420534,0.4732632746537828
10.636410132763288,0.3821830535882589,0.4026073041146923
6.878292465848389,0.29635612455433197,0.5559650019102415
10.477082401867662,0.3529222216617636,0.561706140541736
12.767946378435678,0.3330021592144752,0.6170484280184527
12.37958350478224,0.35571269595374844,0.6031565722168682
8.745919907896411,0.34405970128739155,0.7119245761426864
14.205727632917093,0.3774445541863957,0.8220342622431108
14.153934846666097,0.38412933513487907,0.6903003379778104
9.199464196254795,0.32605296058651007,0.7317272966080377
14.97842887838113,0.3934322178793724,0.6407653707650229
13.917131770371132,0.36953425944612217,0.6840373306525486
11.309372457743766,0.3834562677763436,0.59405866662526
9.044721113012681,0.3470448379788109,0.685364699004991
9.504247823661235,0.3443834283365002,0.9511800553566722
10.023211184005763,0.299775577729765,0.8106300540360426
12.642943828859757,0.37751966693112765,0.6336866617847413
11.988615644808608,0.35584687785746866,0.7299700882795878
10.326286158279117,0.3351208109810481,0.5124265163662979
11.223552664711598,0.3438439919706317,1.1204279013477711
11.968286747869751,0.3507437068775422,0.6754829033540576
14.1026994219716,0.4110972778064768,0.6731390208811684
12.680157109687425,0.36920105121181324,0.6007469981723016
12.359826138305305,0.37134634593398,0.6411631633072704
12.681179182121504,0.40753288571696006,0.46238019342942294
12.653817389051827,0.3811017507506274,0.7289750132902084
11.088631932876524,0.3566638862143927,0.5554047036190944
13.355032587940702,0.3869819208175465,0.7099671013010244
11.514391222413984,0.30561711375994044,0.784067071230938
8.576735954313527,0.3170723586023626,0.6955905399582633
14.083722748017177,0.41842464539051205,0.6994326667794091
9.54255829950208,0.33146259186935173,0.6875066385634645
11.835970471751246,0.33053402082298466,0.4709034050823839
11.221896920679246,0.3212396128935206,0.7568335585370435
10.40032278161737,0.3301313091646879,0.5367501492441386
10.487584752075968,0.3472722172120284,0.6895286773339682
16.094812532218878,0.41148583440206243,0.6199365036521379
13.266014563483555,0.3714708534754858,0.4938809734738783
13.944705577437563,0.39403039755840286,0.6652515526618951
11.621390975256013,0.3808547018781558,0.4281487234710876
10.563334846397051,0.322844686183442,0.7147436956185
14.688210719325426,0.40382154986571334,0.5850515484672337
12.409224288676068,0.3723555499037198,0.581248021769192
8.47163232898189,0.30715292800058475,0.5896176354508311
12.341027325948076,0.34810930974857646,0.5016022119334748
14.759301187237547,0.38685174755586327,0.612815591208438
13.544085356015714,0.40423282133346705,0.7059819583496794
12.263941164187127,0.35573658097216443,0.47904473425034544
10.7855782756723,0.36246064846747034,0.7960913333967353
12.415986800766515,0.3753951738125029,0.6962694159148504
13.825140043366353,0.394352958814909,0.5321796799526807
11.993758652047383,0.3629117776686376,0.7661992492630606
10.743592838114342,0.3635283581865702,0.5713090298691388
9.37562421724681,0.3201867342576283,0.4436641823214901
11.018438075754414,0.36228525099784936,0.5455409598507353
13.88905297933514,0.3635341087593994,0.629698184052157
11.16533000389363,0.3240032941117297,0.7909375976107358
10.1613530047267,0.346981480303784,0.5380146247130035
10.344707408733747,0.3111995128779036,0.7481287648453215
14.71204597425315,0.42911322543254626,0.8089366058916315
10.558816853410605,0.35403843978863375,0.6426402486706965
10.209344859399312,0.37176465047033924,0.774946760895683
7.655116079689591,0.2977603404741628,0.6055818195239036
12.263408201184053,0.35458976780468765,0.8224244348499559
13.354275164760924,0.36724256827705704,0.5307640561776777
10.678255517988894,0.31089958699959486,0.7812870459902571
11.99735473287327,0.36165717019008636,0.6103547898817583
12.06755258662892,0.3329373575889229,0.6657822895147827
12.356202657026301,0.3767519669188779,0.669460095719619
13.965552922135899,0.3830202478429803,0.7067402202495332
10.34431809068652,0.31107509917623827,0.6447278781498985
12.04849921841507,0.37335300900921803,0.5194418491576343
9.720218748775995,0.33251347097756884,0.6469433808351682
11.755018055229264,0.3392603022665491,0.8201169440795493
11.11868588472434,0.3123205445772809,0.8282057772750971
15.098714927875175,0.41871679293248887,0.7593163761289481
13.955396623846507,0.37378295256938665,0.743859246671367
13.42235495480865,0.3974382283989111,0.5990406359418766
15.515861117070475,0.42159932841397463,0.649654130625238
11.587273796305471,0.34204847301426783,0.4957703759307829
11.384814783211116,0.32270696670641025,0.787204299131218
9.677722994940101,0.32085656478821706,0.82856140724324
12.57201087483232,0.35202054273636246,0.4673525290308277
10.482681286894792,0.32440978868567566,0.6140943062496105
10.24037502111598,0.34602084041434455,0.6759961006558092
8.91487922029306,0.3054777407683299,0.5434815451069339
13.67777083313581,0.37713608153930356,0.8503904055243743
11.507435621768874,0.36418165083270776,0.6631145303042232
10.107730551641676,0.3546263620422895,0.619980134011498
12.50999773139241,0.3897448263594827,0.6157333982539253
12.421763087324457,0.3430631075691399,0.6163612755294693
12.781717076122384,0.38889936316307494,0.4392017556439019
12.909962988306056,0.3822267637989598,0.8345893660442378
12.046647983439723,0.3776645929777086,0.6159543633220264
12.255864084331971,0.360976403689039,0.7274136397409866
12.102404076314645,0.372818861980018,0.740844208679481
15.766175255399169,0.3859306966380483,0.5899870563646765
11.645103294385503,0.33748167259884365,0.6804228540581818
12.64996158889253,0.34830765026729377,0.6681181525274587
10.043527357819826,0.3421359713605413,0.7969704217047837
12.320703615821284,0.38313509880000296,0.5866130999300079
12.698115396742821,0.38388663259296274,0.7361429636439769
12.559032340822501,0.3837696970974034,0.68738766533255
10.466138347092702,0.3362078049164583,0.5185800018365277
11.327532036366158,0.3650524143901447,0.7123544190990089
14.251739824999234,0.3964771302098977,0.723210012007906
12.008470636372373,0.35848387659300224,0.7810688276674266
9.665578174048711,0.3071220704366777,0.552206544461525
10.232014461439569,0.3176580961373243,0.721530506937368
11.497985289809208,0.33470582482087485,0.5859304944698515
14.036293001382276,0.39740307685888415,0.6576263248719737
10.612836235703973,0.3480392491766286,0.5356351871933686
12.165243831483632,0.3370474420712536,1.0665463166676579
11.383665905720473,0.34038074291476705,0.5717363089109331
12.10865596121764,0.35538181327703877,0.5700781440575061
12.734083366410058,0.38019184642578097,0.4586134801415034
14.143480779301097,0.36003530862275435,0.5529273738240996
12.595236615780518,0.340847858842586,0.7136930060575623
11.807470979192757,0.3513297039406179,0.5163557600646995
8.830590948083742,0.32661564128486686,0.8385918729028157
10.413659597082216,0.34887630189260393,0.5331251219908939
11.57808522701567,0.3326004397461291,0.6492946259664846
12.957748691766735,0.39684385980623044,0.5423826197121685
10.402246953383816,0.3536972292178672,0.49982461624734
11.198025121582294,0.33189549928249273,0.49784346979195393
11.8010158748944,0.39023268139692247,0.5752474932251223
11.713934319482927,0.3823446751725218,0.6230204376795404
10.349892283116311,0.3748242058946202,0.5130600510493649
12.022681998413844,0.37775323723681314,0.6038038134698357
10.252846282711925,0.3177121371702539,0.647779583684365
11.409977250071844,0.3364131740928706,0.6978767800399325
11.882770421036131,0.33102727930722287,0.674048407086266
9.405881386025996,0.3056094382016285,0.6715483257870034
9.89937148165211,0.3412193576018356,0.6094754403764474
10.673507274669149,0.34354189085454023,0.8962561417940066
14.170102003569976,0.38820923284613834,0.6483069782894842
10.771535113646415,0.3321397864811403,0.7215534348678123
14.227691387853383,0.3876689868531837,0.842205514327301
13.334421497633471,0.3784720353707709,0.6844234790154633
10.65168487715587,0.3313465282131913,0.8042047947584776
14.139652636434839,0.4171787516058366,0.5558024980522067
12.420894194947941,0.3348863804105303,0.8007745609458229
12.091744441787664,0.3890254294811484,0.8380884084627076
8.744263994582383,0.3370608766392296,0.6905514348156607
11.843024165917573,0.34655476961167286,0.5516319063586904
10.972760546916572,0.33577467791353177,0.5025523705936485
9.944810219123184,0.30262694286298253,0.5777853707343785
12.521341028903645,0.42083623751369087,0.5443261320436223
11.575096740436784,0.3743774365471569,0.686803610671555
12.309032757373185,0.3548030913032082,0.7160790136085513
10.262641227588801,0.342316092929975,0.5820587516782938
12.404593495307232,0.399616021925846,0.6331437698113758
13.441545565833792,0.3571853501371025,0.912332805581725
11.706095217837351,0.354509410353428,0.6896387561470763
14.035589294578486,0.35489633184855823,0.7077550471734975
9.75587627241358,0.3600142678956194,0.701330382211914
12.446153224164803,0.4110070719369506,0.9546259645869355
13.23390200803436,0.3909730758086439,0.5112643087123472
13.424128595841648,0.3805329221756973,0.7604981817940552
10.273911502474022,0.3024236850115172,0.7696194438992238
10.47416341807028,0.3155708832639858,0.7546403775369476
12.148671545673125,0.36387746125545856,0.5859980337052093
13.231761962282178,0.37555184784981094,0.6415455808234275
11.425686536853704,0.3129680775735452,0.6294278529562677
14.574590402059783,0.4027295920895655,0.44369616695505115
13.91325443262824,0.3778079413075427,0.5153378305576303
10.239178255176299,0.3338737789168173,0.5181252132695815
13.22561491765746,0.39361962041598875,0.694760081728521
10.44355532226001,0.347250728692179,0.7261366831870169
14.762030222135756,0.3910437198046326,0.6476468997423357
10.461405937313426,0.34340540515458706,0.5140976853934998
10.268611642308304,0.3386226269745716,0.7488197588060447
8.79798391483141,0.31100098153004024,0.7409683281363028
8.127999322444552,0.3073478039923182,0.7013830247627266
10.597097546121702,0.3395902754842516,0.9663474019344287
11.227851663879054,0.3451852543039029,0.6598727177376148
10.786955984005704,0.36050591014497385,0.7274136397409866
13.02159200783106,0.4069256035892722,0.438371588688109
11.420633473051168,0.3634505099180346,0.6441112788923694
13.845359639570542,0.38195589630153887,0.5470535072311199
11.52802237133876,0.38003513256592086,0.5391062863283775
10.08326398385897,0.34334121168635084,0.46006866722802275
12.45300102879381,0.3741910091449615,0.599421492052398
13.720570996712077,0.4070933860474899,0.7393781260942739
11.458829975032394,0.3555072038540335,0.6777849164711739
11.529728449263065,0.3331539485698059,0.4585251952579893
11.008460475346187,0.3304133334942429,0.7325956737925226
11.968949619914174,0.3384912225578771,0.8378639401331075
10.557231155296744,0.3315829203333911,0.5830058808488381
12.947904076024741,0.3468018640639042,0.7473759724056418
14.279290768864726,0.4041737106976364,0.5281775883053095
12.252579000036217,0.3772259788587351,0.592354586384716
13.813819153378802,0.37833165564759774,0.8517071786798696
14.479663265338,0.3734818600517246,0.6328303045030689
12.363315740383936,0.36762002775140834,0.6525094337310989
12.828874108627577,0.36373585795035945,0.7550801160084643
9.286716672674846,0.3251666884933274,0.6217696129822737
13.560098876433994,0.3817858927881957,0.541445278494533
8.920850773200733,0.32277421202288004,0.5053646609910766
10.59038702590172,0.36117570216449574,0.49541747607141184
11.039944797954146,0.34473232660893915,0.7439346238055395
9.999571235353422,0.3478243694988269,0.5946481505303506
8.403013683529409,0.2896310994189071,0.4200810087827612
11.235499744745155,0.378145773935868,0.7305702827737549
10.88384813421587,0.32191820832251644,0.694877805143159
13.167868326819246,0.4157973355756073,0.546126575968972
12.146896683654436,0.3883771651030675,0.6789232950964051
12.923779073284017,0.3853136521981639,0.7279369061016656
14.048674648866971,0.3695121597968347,0.46992178277428487
15.685578339018896,0.40718532470362345,0.5785432615970758
14.891990429719513,0.3973258271826443,0.7609079094758756
9.744505329977333,0.3189361756348294,0.6423974038414568
13.993887547998948,0.37391804143765545,0.766714530623068
11.678877925818348,0.34396807709279714,0.8285874469386263
10.164032869886235,0.34382342319178805,0.42047520224763607
13.82956218245387,0.41119175661876683,0.5494169478876297
12.618289139822586,0.3405446010739822,0.6769265973761202
13.06689434515965,0.37895403058323696,0.5612307957979081
10.695344031438555,0.3372191230735144,0.5510386326131057
11.503832785415309,0.3510882335834913,0.7941354357304067
8.658027261526811,0.3235909560499885,0.7717988817733299
12.594521738151744,0.3920705862226601,0.7527328363513618
10.854464359047167,0.35780260228365446,0.7356686329200296
11.000833952045301,0.35069518249138304,0.5265572842664182
9.998900990920877,0.3440816435151001,0.7325776760361405
8.931984850500847,0.2812346579028285,0.6799954512175183
13.650587251775086,0.35992052122198886,0.7773581973422881
9.833919935649465,0.3097196160009809,0.9810085370238365
7.981028648135457,0.2932574213599709,0.6777326602229147
12.506537303714499,0.39809331280649096,0.774513946644546
9.290973992400666,0.34659162439632263,0.6218209688875983
12.21946030666038,0.3761901333696605,0.5380906826211005
15.00675629082761,0.38593695969601366,0.6515914753764387
11.977603824505913,0.36948001285777066,0.6587357441921843
10.259783903995064,0.35586013637192726,0.44891559925241237
11.610554791805267,0.3499310095241509,0.6300528072064113
14.605658030781637,0.3991792652531565,0.8549449988312962
16.07519081678814,0.39259562877776977,0.5949821143090002
9.844405538928239,0.33769706739658323,0.7294187400819928
9.154796965890995,0.3335350488954221,0.7261366831870169
8.142792180773263,0.35679555245298517,0.6671283002257148
9.50706154883272,0.34671535098700146,0.726967697643574
12.94694546417401,0.3923915957306141,0.8292653419414232
11.830776410100022,0.3584096651180934,0.8700490060248226
13.25426847847902,0.34576955827700934,0.8398454752667434
11.877872908931206,0.378368215379975,0.5185417024554855
14.204478160840587,0.3844921177892489,0.6864134220072372
11.31031723119591,0.3481319494698966,0.8084846589129027
10.945835182501547,0.345056905844352,0.5135925516379053
14.690357979687182,0.39125417774181565,0.803594392549272
10.590685855266795,0.30195267872530085,0.6770023395338862
12.666423313095862,0.372718560259077,0.4895204367545353
12.963636279968014,0.35511912409397645,0.7378410196833033
11.707212045918016,0.3450786721524154,0.6956932723193602
9.095725417627257,0.3176011627872205,0.5194760702426676
10.210875243268656,0.33124751463629853,0.6154557474245909
9.486047555980853,0.3059693687610399,0.6114680690373823
12.677548938925824,0.39031401752180234,0.5569746626145233
11.273430675365717,0.37621282384534926,0.7314524559803577
10.787399225341385,0.35402799014508257,0.5495333932264241
10.511996405668786,0.29797064345971785,0.9384154135081084
13.79462798269197,0.38221634040752045,0.550406555381112
9.475151566539825,0.36308779680522374,0.5215201498067864
12.764126308798613,0.3866558783199073,0.7806329390081833
12.617960422853368,0.3832436534472306,1.0054147577707118
10.330368708587514,0.3212898731321904,0.4673400687887665
9.219053097029441,0.3343662717657587,0.5325664719562235
10.964811173424899,0.3747292881606097,0.42116201957773913
14.652973893915718,0.39390163374983117,0.6752290913950222
10.683381689377676,0.2986682442599779,0.6648431213248082
12.869522595414832,0.3522223123978077,0.5384142889687233
12.579413217362386,0.36750347786628884,0.5676456347588402
13.922367016149824,0.394324596688675,0.7060625085191866
13.484765929930482,0.392458915270641,1.079669125259575
8.071192904702151,0.281753590249222,0.907915594372256
11.416743301321155,0.3594935996249261,0.4343452330788083
11.996168277691222,0.3847585328136631,0.6410264641720032
13.074033334541358,0.3896437562879785,0.5983922276834287
16.53786017709546,0.4188208377420385,0.6296486607598789
12.538545921732226,0.3757651717104829,0.7586259200785527
13.834976288244853,0.4167224312170621,0.803206677687275
12.496014447469346,0.3573109934076659,0.7717567947481448
15.26715688477909,0.4075232921493619,0.6557724710549673
11.501460519915486,0.37950792589067106,0.5677517205711815
16.133507235313882,0.4243940048640622,0.7502268389390486
15.656004595213492,0.37805223314985287,0.6818985239111499
10.560609739739455,0.3467033148469796,0.6605709285619744
8.789199931574025,0.3030412478283994,0.6209861817140717
13.383251763587424,0.3983396097051206,0.6775427393392015
12.279787060569546,0.3636297560220809,0.5422706602750145
12.643856971492173,0.3585421284180291,0.5025988580245415
12.678573157822125,0.37476514606036215,0.7609549697761139
11.509655597300455,0.3148003793534981,0.4404376442743759
15.242946915669492,0.3990629878365566,0.741135988402681
12.774318335438345,0.3762439051916433,0.5400555444574598
14.327674876558593,0.38949937891338215,0.4828435702897374
11.062838355335224,0.35894496681252447,0.42374350259501975
13.53845573472714,0.3908689708562727,0.5273655694317146
9.942193617225623,0.35748578575032375,0.865923009580182
14.69406154267962,0.3580371164205437,0.6282061995822422
11.039756439084375,0.3657227695262845,0.7457632349071133
9.777490865919152,0.3365989208183394,0.5602837154646184
13.61913672089981,0.34423216324074696,0.7036951461311843
13.773311539365896,0.39786501290084075,0.8768357427454603
8.459975024349585,0.26865753657691616,0.7059658516237302
15.825739094502605,0.41704540011927566,0.7752060871517947
9.244658709911782,0.3519222706174717,0.5432318699720352
12.708708948876211,0.361649213951704,0.5432025190438664
8.891714398469688,0.32407756853936065,0.8261589984150554
11.578843263190567,0.340938882035909,0.7277780430642153
9.926359921199392,0.3265904330544227,0.7181949978278349
14.114311558727731,0.370538074874208,0.6107228898220672
13.149017362700675,0.3557325655969324,0.8221359928619327
12.164196517214858,0.36974882076441595,0.6594128470719469
10.47456978799666,0.32303485077004124,0.6407372720383074
11.837259337339116,0.3368276880376002,0.5543359499430849
11.915561287152222,0.37649384265105423,0.6231607052238535
11.405646558119535,0.3137153145021315,0.572593750942172
11.301335145616424,0.3320117768659047,0.5639259014801931
9.41490777812124,0.3453151992720589,0.714777126881907
11.792698243158839,0.31383970446787024,0.5717990571528523
10.439355618016492,0.35843847987125715,0.45282011358410257
13.959119140058416,0.40140768852983166,0.45026063657217197
8.600760513382767,0.35041585099676614,0.6720942888408986
9.15480608633819,0.3243320062537361,0.6438341821796568
11.054354592849503,0.3529216200899307,0.5558653858661726
12.472786173641534,0.3673634606763142,0.6982037455859169
12.432864482777596,0.4012562640706243,0.7339131036332983
12.430926795546203,0.31536112710215486,0.6355900038213046
12.421894722360634,0.3546382207731138,0.7795608594145534
9.593637107709757,0.32256321134066324,0.6981518156079657
11.454864166066567,0.3458635906916919,0.6577956377301161
12.996180254926308,0.373683559983467,0.5533302052493265
13.558196938613705,0.38017206835962253,0.7641076163539618
9.754568911353541,0.3474218943033074,0.6605401430685677
10.898473286914456,0.35279636672579184,0.5406574119622549
10.210855990351707,0.3404706835889069,0.5606813351759807
9.329638458199042,0.35738601440968776,0.4030581545348222
11.206704459519397,0.3509051810224858,0.4547937421255754
11.583291707041912,0.33195209593266817,0.699025780250924
12.488192494538723,0.37971769310599196,0.6651347811915465
13.52371230291056,0.3699862975617287,0.647837658557986
13.82310134098417,0.38744987727884256,0.6913366216159809
14.696310120500439,0.3932126712024707,0.4509726881330029
11.581070077534967,0.34683305204520815,0.7989551754296443
10.14961286961541,0.3439067769059568,0.4837392441255204
15.10112670198373,0.3911761764974996,0.6487689859597926
13.257065178244865,0.415663856946248,0.5348863870688436
15.515118627687531,0.4078437968927089,0.7638082651144696
13.538733916743855,0.38763922892208397,0.7188969462867961
9.63809691658096,0.3410597157315284,0.6144692177112441
10.19400411078852,0.32256798812522414,0.6868332724483583
9.78153182653896,0.33726023513356485,0.5620471869810655
9.901799388991392,0.3419545108910693,0.6286530600410145
11.571519463639664,0.31588974721218227,0.710683513558886
13.045134628917012,0.37966399782492055,0.7807636289734967
13.779846268966782,0.38332275242655967,0.7019575984402261
12.220233358354651,0.38219785578175425,0.6140342427707373
12.777828228888787,0.4136089829735415,0.5456549575540857
11.758350496959032,0.3627119385984366,0.8135228066400929
7.874299162100524,0.32611970305379273,0.62484389433572
10.480321779381498,0.3380558948628721,0.5950013986217222
12.944097797324805,0.38215575498577525,0.640224117668642
10.236128000045987,0.3791186328339637,0.7206323085342435
12.306264225146677,0.3555601535032686,0.7073334716091353
13.100548307743225,0.397640483020501,0.8272798224257787
10.16712345879353,0.3248444809745403,0.7151507616096133
15.16948144957663,0.44351681176067603,0.5942571011919504
12.404576672198804,0.39087777309234406,0.6583217751844826
8.684760942904706,0.26573208982572594,0.6524585696834923
12.620162958385741,0.3879110384035774,0.43157374483609817
10.941787424446584,0.3335405132370774,0.5981373716114603
10.39103127802263,0.3190084340911569,0.6865862083347063
11.951121773234192,0.35163196047812184,0.5353493363773761
13.229673563963459,0.3680337749090805,0.8052026590908297
10.65929350061688,0.3143793945369675,0.6764632307181859
10.18263850474819,0.3585882135667946,0.9201373344560455
9.999435072372158,0.3141413789213371,0.5689169842485073
12.333927522243364,0.3501003656091695,0.560584538957683
11.558269625614319,0.33175028467013284,0.7056385871095235
13.371017024416926,0.38134406601022,0.6188993649987737
11.808891327959643,0.35009365655295266,0.6665672242218182
13.02069844504797,0.3854680240434215,0.8593410765467274
12.09235015056598,0.380645966108132,0.5576296661428045
8.781256280514512,0.294415121782203,0.6760856768400736
10.384920676273872,0.3366220851116352,0.6162541151879763
12.51472295033982,0.32156839021654215,0.6724373525880308
13.078469965761027,0.37934049732143066,1.1804318887599947
13.513304426135882,0.34335452423555785,0.7904096270008811
11.234826764486446,0.3543606559503626,0.6954878530948982
12.753062420407947,0.34269692932594203,0.6600306093069883
13.666816183491491,0.3677866380059572,0.7286442248383312
14.304001575496624,0.39183062808448543,0.8282577920829535
13.200454289777554,0.35942718182985356,0.7459088404772147
11.003082480875563,0.35841111584373797,0.6831161531716332
12.475884594073385,0.3864644387525753,0.751726130869823
10.3667467944869,0.3424456506435356,0.54880556088627
10.606976381418711,0.34587459509602425,0.6738989216727157
13.699669648324637,0.41786609368209593,0.5305588383161673
9.673215089845701,0.33614195854692264,0.5452389638064945
13.766964074250705,0.3778375299060881,0.6010814078080468
12.308831001965132,0.36983659814485886,0.7746699599666388
11.2806899887651,0.3465571107616084,0.7767425020046127
11.39182422603141,0.369713438751044,0.6500812950033518
10.393788177373544,0.3359264240776434,0.6685873702716707
13.306035208959074,0.38224321578940945,0.6898490530870356
12.415645496466393,0.36933142075631115,0.7435642400182138
11.633922832271711,0.3529589309588922,0.6197766044399073
11.096498479878168,0.3852916041299397,0.5591812677631323
12.905456018142203,0.3930115314803466,0.5249385574454957
10.38316998070498,0.32461832195806783,0.7142705894358601
11.633126980651173,0.3551342408982597,0.7616214732681222
11.033118018641463,0.35217843607980387,0.627390680456369
9.792923492934499,0.32087706678184,0.3764868726217557
9.072118674738359,0.3500119525741523,0.8141726017674732
12.058542131979856,0.3580418786739931,0.6658723708705799
12.892961647567148,0.34586535554391457,0.7622018797882866
12.607271731116136,0.3540427023970744,0.8218732659680699
10.793944356089508,0.33544163580547487,0.6052094016848826
14.05862477779501,0.38206054146729707,0.5961037136045405
14.292123960010773,0.39672866741450674,0.8514621725713772
11.094802885853511,0.3290735300635969,0.691518199241412
12.02642880319205,0.32969114278552225,0.749480549235961
10.429184332153469,0.3538993686455213,0.7058370374904392
9.789668336901446,0.34805180405476394,0.4838083487449677
8.549234765898785,0.32002822185190294,0.6401440486182323
11.187767474293778,0.376177586894897,0.7229331233736915
12.322399271980391,0.3769157766056841,0.7455418247288769
11.333739618221031,0.3514237615285083,0.5419740598316053
9.598293083975928,0.345127361760777,0.6879831499940378
10.25248037685903,0.3374443152462925,0.5842739129329668
14.05294910278068,0.39220524101001253,0.6605093618789755
11.05656894117562,0.3568738966892012,0.47824158498677755
13.52309582019058,0.3628826740242962,0.8507096317265119
13.387415228068356,0.3666149755444481,0.5127841336928203
9.61632156753732,0.31860227744938846,0.563745383044992
12.782610876696488,0.37598889813282343,0.5698916547089667
10.80247652285248,0.3783559222418166,0.6639883050902278
13.342162144914596,0.3869096774322579,0.7010200322524033
11.913027334601043,0.3922092470936574,0.7393164572901219
12.876793920949044,0.35584792042305574,0.5666046899832166
12.123660192148606,0.3641469312815267,0.6402721735229164
11.903513678368036,0.34001066420826187,0.7959451013078486
8.24084151651778,0.31042249227695956,0.821509254986418
10.539512718018766,0.35260572743387153,0.7007730989320251
9.821471672972955,0.2987096107627611,0.5091888900373173
11.016899390936352,0.35965486221762627,0.694504367540772
11.181792655811243,0.39379741641858146,0.41106799643096636
13.387602584244451,0.35897938476451885,0.656807656741403
12.552652074611967,0.33724830015705837,0.6090923492803717
10.12045329925132,0.3208332774356546,0.6151358473315484
10.42527450709439,0.3209955135578269,0.6141579220897904
12.54644771572368,0.3612737504107598,0.7748686587980831
11.157792915440126,0.3521107790861133,0.5314910710639358
11.870560243531106,0.3668672369510718,0.7602700960642219
13.697170566298801,0.3987727582017493,0.6643056788366448
10.978427815378897,0.36157856535740324,0.4317087285950166
13.514720028958877,0.3862138990786091,0.907442045603404
12.755322242374241,0.3546052018451144,0.5761383618381996
9.67155916124905,0.32895674276904613,0.6738148798212086
12.750392920594397,0.37970933440285304,0.7513763552180664
13.83679632445811,0.3817040953654904,0.5960293890769639
14.184852963193471,0.424404171377355,0.44495705403496033
11.949820087124486,0.37584234419748963,0.5842313089610717
14.232179219699873,0.3972877405684354,0.7593598010441988
10.610996959075639,0.30433404386192997,0.6075842887439071
9.06957703536974,0.29051979382512116,0.614816445551184
12.800701907734219,0.34639931807547303,0.871015380708962
14.28682996560487,0.3839430397969477,0.5813679161643964
10.051261688896027,0.313528662760863,0.710979460436816
14.650768874512874,0.42695372489769756,0.7845234763208636
13.332934154391463,0.3547550384151117,0.5565322596884692
9.656567555033511,0.3553189875502513,0.5501523001751556
10.083700648429673,0.3162335443709467,0.5677182133629349
11.40871539694762,0.36278613544594634,0.6632836660617347
13.97745154221543,0.3963403525424438,0.7669622352252627
11.484164944661412,0.37152898413516044,0.4391862435469947
12.419025602781947,0.3759693895645823,0.600532079004541
12.118083709275531,0.36216376798941546,0.5090519625838882
14.926756266987073,0.3892045148265151,0.8601216325499438
13.881415117189182,0.4034978614343411,0.48915927389057806
12.016508715361454,0.3395234375945302,0.6280171391527799
13.27783514992245,0.3587843424217984,0.7694873174040072
11.741326599522743,0.3645708122056479,0.6920840236954819
9.840807142832531,0.3665325827457292,0.5695643285911824
12.649681618922742,0.36418137952401874,0.5413629474484405
12.213664381584358,0.3430838490824369,0.6241526581271739
13.910547752623689,0.35960751124328344,0.5621176389937301
7.1948043711531895,0.29104982907184973,0.5856973566661041
11.909664182130484,0.3761645480170099,0.6420417288957438
12.955212089919307,0.3988159905226993,0.538776658485681
12.313011734653752,0.3402113965617408,0.5916991743279685
14.274992937215725,0.41100995007251223,0.9566634753283786
13.980950369044347,0.3858978146767512,0.8108902779676398
11.658088100539402,0.3651489432361285,0.676865075588194
8.656456469673351,0.318881054991901,0.42937550626632703
10.190304872412032,0.33663791808516536,0.43731111606349715
13.605757229318147,0.35981905999489006,0.7769571132600562
13.104129137893587,0.36974717705543664,0.5856728320301052
12.29966447211132,0.3455410499654957,0.5236148352871497
13.014173779488246,0.37160842270923666,0.767465263002631
13.325662062687023,0.36534324885423397,0.8141314293298488
12.19294243415331,0.3782428519547267,0.7432570532946436
12.12140476096885,0.367142835443561,0.589824175154213
7.9425194973341355,0.324823989802662,0.6143205857676762
14.000265621680285,0.3843728520066329,0.8109146868117448
10.904338991782335,0.34499743019435086,0.48338727059458825
12.818570528784708,0.37082280257879335,0.7160173910779388
14.896314907442026,0.37404840952989726,0.6262108015101668
9.742561979126886,0.3318851660810903,0.8042286048237097
12.274783055115773,0.342475848519667,0.5956452839700945
9.513914713653122,0.3481980960842889,0.6641983466585664
8.238103540833848,0.298746100679251,0.6556778237474448
10.969273321166341,0.3037124955966364,0.7645914034780024
12.236775898139566,0.3688509702309896,0.7965150915826384
12.35852625127793,0.36032284822250205,0.46359166141465535
11.741412218938056,0.33720952758479045,0.5316836120622102
12.984715460213522,0.3543359809202839,0.7772865296277763
12.646210477542635,0.38486497327858865,1.101128741507801
15.060485986869423,0.41649394746362095,0.8188908451742775
11.615561140410275,0.3017153550192684,0.5762434422467406
11.592164989576023,0.3774430751420549,0.6686101729991298
11.072005395112622,0.36421554624420394,0.6668928378440389
15.392892634443417,0.4054693902002042,0.728331571605434
11.13435136385172,0.3579276434698761,0.5749224552645885
8.776321179754735,0.3248675365938893,0.5200030722928527
9.671675335105917,0.32327204941320864,0.5828910141585598
12.095090224040053,0.36910413130429215,0.5414162161892334
10.176146543556648,0.3069284587088426,0.6810245020679628
11.271216595556517,0.35025289565899886,0.7120457351094195
7.375571445012394,0.29643505298045525,0.6250077487479219
13.313832426039724,0.3683014309781792,0.792292520582949
14.856322564860974,0.4083171588031813,0.6092165158798523
11.73012921899197,0.35854210556611066,0.6741839642029412
13.87214087325092,0.3981806770901729,0.8258451237260256
10.88763648409121,0.33209944327118635,0.4975387401936992
12.181699471381375,0.36433235856008345,0.679803622210311
13.559335995568283,0.37742960997331554,0.847375571940278
10.80484498489491,0.3962830978324243,0.4017853193838031
12.194451877670325,0.3594886367483126,0.7246224650714307
10.372095775195817,0.3383927829161544,0.7093072981695618
12.617856783615952,0.3232469787053191,0.6448383177335704
12.339900075791586,0.36542587100701096,0.5155593347466291
15.632170849240392,0.37010606769378607,0.7050923732485758
9.979892922152995,0.28240605900337895,0.7780544044975002
11.645252649276902,0.3397053797317904,0.5929103809358394
10.947401818493873,0.34687995636393837,0.6409702017008216
10.56611972837553,0.3825504756701531,0.6322780374784869
12.433520076756558,0.37566807820565234,0.7397422864235497
10.261426171754596,0.33740700341557417,0.5436138655103274
13.13717912538884,0.3414729646630873,0.9865290053779405
11.571237883613609,0.35918517008709777,0.4590674800337438
10.257210770241599,0.3530955339689686,0.5053331534838923
11.157378560839007,0.36406208905158016,0.7873532131743431
10.663154449731014,0.35323615854092383,0.7925430718762366
11.953380693999925,0.322670801130728,0.5368917806968891
9.617330900638546,0.35638514113926606,0.4742627758191839
14.184563425949804,0.37680958363106787,0.5623400074632308
11.025643306121417,0.3754417593812737,0.5333472227647805
10.37081786696044,0.3385712535969629,0.5443655110479996
14.081614986161696,0.3995235599245736,0.4429675707644433
13.202419270541402,0.4011569256431662,0.6149583404607681
14.20957853732179,0.38101988984515683,1.0688399573246083
10.988313316752986,0.3589743199400749,0.721759884647555
10.281316523413125,0.31726428388813177,0.6320544528491429
9.134003108401998,0.3162391357711356,0.4596768920194025
12.257348447609221,0.3634271109776632,0.800289219264025
13.499539659032,0.37303487407513164,0.789424401980247
12.60923541402273,0.35673397174143245,0.7066648225621954
13.137776680146722,0.34933530083757885,0.7498984543120798
10.74616559605414,0.35646255895243084,0.7817240318994669
11.950524076029286,0.38581329703211686,0.6457238823317358
10.764072628819957,0.35040120380063866,0.5202994107418795
10.753024353879706,0.33150611871805513,0.6313313573946389
12.169001223566674,0.3648972509424466,0.7728110405902173
10.366687369552078,0.34536627055279634,0.7790769763251363
11.770172546982305,0.33253771812100574,0.6682456090827134
9.916039389674914,0.3391603731562015,0.5750674933994774
13.378515644325141,0.41601132431432997,0.6307064228353524
13.083541796058022,0.38761499852287706,0.9709027098407854
11.40828816852137,0.327493201525846,0.6782510063145128
11.065875397268048,0.3529238667964042,0.5806496604599032
11.862774999639083,0.36386052699528254,0.7960374490400663
11.826863162945564,0.34411413647947636,0.5950142558719775
13.336298367637262,0.39181530248288743,0.7630139713775732
12.339708815965608,0.3484256053489999,0.6974829560511979
15.052480733662328,0.36449569624834643,0.7805313366171416
11.383110611433487,0.3490923995449269,0.5863545363127884
12.73011743995582,0.33427640546771686,0.8394390175455777
12.541986434450997,0.40323811483951744,0.5632921170590881
9.752660266181085,0.3388310620041716,0.5867486745995751
9.810427899042079,0.3451497674642281,0.5528706350207985
10.033812130720644,0.36219236803708904,0.5556296665598494
13.17094986889246,0.39422712677166305,0.6938969016692648
10.71435635740481,0.34072014150189256,0.8974669869144671
11.32415023397251,0.35447057727548686,0.4138906780811572
14.323832704405092,0.3834475970528925,0.7906734800991009
12.767928337999912,0.3625872994032482,0.6117892659303662
12.256308683245717,0.366702302155669,0.6149796331719575
11.337409995726883,0.35534804884802107,0.47204520786914345
12.974409634013053,0.361839598742523,0.6210373437222207
14.038991097503079,0.39169952457795565,0.6493781784402212
10.476050760525307,0.33186327883020444,0.4347007633356351
13.409918874237345,0.41762294792059446,0.6328109700462852
9.182153810890767,0.30381960614997505,0.8083314917768609
12.425891621740472,0.3840348843359829,0.47596800315037274
12.957516764474164,0.37376245748632214,0.7606660229153499
11.876052393127985,0.36062512903288974,0.586237679324116
8.812617067532663,0.32179092200906023,0.6327104594300479
11.703344118022798,0.3614994916590863,0.5060632757647652
13.636103519984058,0.395420456787616,0.5291696413388122
15.475545747709909,0.411706872278476,0.6164684917927011
9.771146455990056,0.36438964618384445,0.4312772257031054
13.418603337410172,0.3716355483925215,0.5170082162958651
10.349712697546707,0.3299165604796066,0.6702121849519912
11.627190343763608,0.31740097693371416,1.0853305208517887
9.1767724329552,0.35780369895125314,0.6689753342349811
13.370331695520303,0.3600127078903597,0.9383271579151851
13.525249770651016,0.35123244747345234,0.547048511103359
12.333563792769688,0.3629722022968998,0.5436138655103274
16.13790198454363,0.43780177495954775,0.6423326917022937
12.833535899826707,0.3480922134437478,0.562421427741863
12.136220402365613,0.3418680868603868,0.6954057363400108
12.530262695059434,0.37023689822644434,0.8452390128203039
10.271898391690748,0.330125629295151,0.6026148957966732
11.371958049915094,0.3308454214830388,0.6142922871479607
13.224242096421683,0.37580032563449217,0.7506395404683636
14.966696345983195,0.4133268038973001,0.731356931809265
13.152836460324536,0.37662972520897414,0.5978371902781813
15.960672374350626,0.4001596898342613,0.8769643544103123
13.886717848832507,0.37883122377757167,0.8226961871798208
12.667163854729285,0.401421085013795,0.5608158575883101
12.59367805106605,0.3980808897642718,0.6194571768476433
11.642871008411785,0.37273010412514634,0.6440297427224551
11.937078150834523,0.3396939748260249,0.7708745546312393
13.523601920622774,0.3789988957536412,0.8492619173229448
12.71635437549638,0.3726700310000682,0.469466419845882
10.047548282068394,0.3602219564898243,0.6087857074132196
12.673885782120532,0.350017328651855,0.7336900251550437
11.503477455787586,0.3451793323259212,0.6592685147442634
13.183613317206145,0.3901726668728878,0.5125168776504352
13.289535945906511,0.34408334659617884,0.7805385926151767
11.344042735179702,0.350489970765021,0.6838762215913751
10.317305536257258,0.35900823434949514,0.7941277938976828
12.387343657145529,0.3799637673805927,0.7539723975868216
14.1076765145317,0.41706943347439773,0.7200505600126574
9.037381123763538,0.31058338006566394,0.7502332821663782
15.309327940669974,0.4126107878576202,0.6477920269853388
10.227643020864488,0.3697694276727274,0.5158523256647967
12.135205052030358,0.3710464450093835,0.6850946819214266
11.303821442750763,0.3483728729289735,0.5441146162128312
12.307529684214508,0.37350236212740756,0.9060144844583048
12.706284061069695,0.3572931021897021,0.6058734619122448
10.755136362317003,0.3443718237333341,0.4833941646533422
11.825549492333021,0.3111550667871743,0.5682998461716168
12.198810524035519,0.3620928862631825,0.7109136625133549
12.967036699897896,0.3764209149640896,0.7101091176638096
8.433869480651236,0.32068350217330344,0.7196237014569422
9.019868332559657,0.32204178681446644,0.6587095756740946
10.072152672933612,0.3258153229261457,0.541576116808313
13.489396917625605,0.34931186857647556,0.541130685894333
12.851129586528447,0.41927878077725245,0.485594561580018
10.644623957210655,0.3531248295205207,0.5542631867551775
10.982644280151884,0.3514333819281643,0.7968700276571066
11.393474787908307,0.3451857774749465,0.531986599717254
10.18734883467203,0.34789494088994605,0.5724677513355301
12.181762468669358,0.3267773629601493,0.4653837817305201
14.098983168846214,0.35200444365509914,0.544542822391395
10.955701391753767,0.3323882377662488,0.6039886422891163
11.243943604093626,0.37617121640160694,0.6752290913950222
11.317207462795615,0.3531310674881979,0.5178029116717311
12.158642318242542,0.38509888466597103,0.46730269404145264
13.342706586873518,0.3656874388002342,0.6049592522859502
11.463941461762918,0.33480285328548315,0.5095195819642334
12.599623874017752,0.35779100444530965,0.5444344448756652
10.735397568267246,0.3132481864502992,0.6872786607789658
11.358548488518856,0.353471053272564,0.6117822780062095
12.12390834947615,0.3594179778667709,0.6637383027611854
13.89215335985573,0.39504907491072916,0.547603918384766
7.893867102510818,0.32216120604209747,0.5092291838507393
12.060106095266416,0.35198543195185855,0.7417828560171259
13.191665981702961,0.36338529574020095,0.7067294476737539
11.774320419768248,0.37371829800616085,0.6457896249385374
8.575720571659232,0.3071741352128111,0.49840548712417676
12.019114746042991,0.3601692596174502,0.6764726776710568
13.94456711409443,0.38542293112822146,0.5764070150033087
11.983025352006376,0.3596091927265311,0.8351487572357997
14.075932134665663,0.3732499564849522,0.7825417045386011
10.115701934144099,0.35447045295508667,0.6540579854654569
12.413124139332599,0.37002116860623835,0.5197843646735104
10.221097006422113,0.3108351869843367,0.8100616864893531
12.348715813295268,0.35787706416527215,0.4820656327725348
12.525160262088075,0.37996321231481106,0.5810383849459071
9.522290389669738,0.3591108016329208,0.506455292069845
13.529726601323862,0.4051141231062719,0.988321226923194
11.476097445380294,0.31367640169702765,0.5707464855950938
13.014653624215736,0.4007669071903714,0.5739564073822577
12.54188053863038,0.36778723067593755,0.7939368197482995
11.891694101614608,0.3532743058574621,0.5719074891587566
12.608476133088239,0.3644709542412859,0.6735676057291591
13.418304987355324,0.38081496123537156,0.6978352934656666
9.123084656114859,0.3235768639469227,0.3914757521087269
12.560211527228152,0.3548592978666426,0.7723747620713443
13.878895554980364,0.3912991791189335,0.4781181251771878
11.781672803816889,0.34362272585053255,0.6658994024081875
12.921556536764758,0.35168671992358025,0.7248083193183575
12.546320434853772,0.35936137862740564,0.8631229597257709
9.193759423984364,0.35273592727515185,0.5548200339568224
13.178101936173626,0.3777902808682536,0.5345271445519948
11.453687215887765,0.3311454806042758,0.6701203310236558
13.57095982214964,0.3614272118880784,0.8496594188271924
14.600039536901932,0.3713449319292886,0.7650966115716419
12.674011299687006,0.3803495693533439,0.7724661786035724
11.899763538908136,0.3375611301345431,0.7294542732397631
11.757743830600955,0.3296455561904343,0.8305474487894422
12.104686035288392,0.33629023875553654,0.6955032532252429
10.00134464993642,0.3323164603770907,0.5846821659059086
12.611851381681426,0.3510840272588266,0.7820157635232587
9.463413073434907,0.35560092600507265,0.5758176386398686
12.123806139445723,0.3580212523093605,0.5531648345925402
13.058269411990931,0.3404476198080604,1.0217301932747445
11.170663862348533,0.3306471384543487,0.9957396614821145
11.424205245100623,0.33910582530662303,0.6194934505664034
12.954506877456158,0.39027107156465957,0.43354225168272387
8.02159222183364,0.3312531771265353,0.566649105181998
13.052580138987832,0.36908993993965367,0.6976124298202034
11.753412158988834,0.3812270099544477,0.730445367951187
10.081878554905689,0.3331033310785533,0.49471762630723576
9.90190545676796,0.313147520665597,0.43820714666373095
14.452606105922566,0.3826679449760054,0.8689356349252839
11.837806128343704,0.3907918172297035,0.647779583684365
10.680177102654675,0.32404644490428547,0.6191020312758122
13.120002914487053,0.38203043515568175,1.0008249944111913
9.897720440113805,0.3300726241449934,0.6220999803059264
12.483621902813677,0.38670294904443675,0.6419811613972147
10.3349135887563,0.3528692440506672,0.42429721822705596
14.67817499123288,0.427331171547516,0.636516646275011
10.515364395238954,0.34725113536823166,0.6860731678429838
13.054114193236277,0.39167115406827413,0.6047296585355343
12.092147122104095,0.35778661012330226,1.0528028288356515
13.150769784552285,0.3233047530521499,0.6979130868626998
13.698511112193973,0.38710010943156636,0.5759866804620197
9.134090245668855,0.35150143152096897,0.5905267801938627
7.907519022836354,0.31755988603527596,0.5778442437204122
7.797201201917954,0.31024290821358375,0.5738814101883045
9.5647053480779,0.3420871309628446,0.408293980212907
12.370726769747872,0.3959259304195747,0.618884896451005
12.355908683848785,0.36511930628605693,0.7302610869310827
10.473053880674957,0.3224285136666427,0.7129508736812207
13.053168695539348,0.380178580735393,0.6813717765469539
13.35333106147116,0.3713112134899812,0.7568864830355286
11.539785273562345,0.3439141286264251,0.712729789926934
12.23115846738131,0.372135492676434,0.6903655968045626
13.88998054650299,0.3889751296142927,0.6633415580125971
12.318039790372506,0.34366832155705274,0.6959811652645691
9.3249614630836,0.34689576341883244,0.48523852563947717
12.574646826620643,0.3633053091840402,0.6909285943703671
10.096977192086424,0.33068370014225973,0.8196712168895895
14.533129373101495,0.4039154690914835,0.685207559326437
9.623638733587512,0.3120878342372927,0.43719376025208756
12.642671814970353,0.39636226440869693,0.7961144300424067
9.239045068406156,0.35366060068391897,0.7016200630234832
13.859998802147505,0.38184293613524206,0.9205239105648025
13.178964474317208,0.3747474126796788,0.8227301751655073
15.255433309694801,0.3783153341038544,0.7778317019594384
15.265341657522882,0.4368361657752328,0.6836128339533799
14.309569813871676,0.39599933690842565,0.45903205497124716
12.428489169928497,0.35682180300954425,0.8840419912652159
14.547971745649033,0.37704560992824604,0.8489443174923458
11.21931910021381,0.3646723465384742,0.6399640030372152
11.246436324371903,0.3436563603332989,0.495135698136436
11.308941399995565,0.3701261997566969,0.4808192174791636
9.926577902055538,0.34352572257715236,0.749846982113906
11.529611044221202,0.33854797573276024,0.7536717315298651
12.265282608121776,0.37109015939082474,0.8475613184510448
12.23905409281765,0.3663627468614899,0.793311390283077
13.09769450819292,0.38807465600597063,0.756192731121231
12.167679851472244,0.37339609708382027,0.6595397628589059
11.850841509646138,0.35671133647443243,0.815402414341244
8.950671900906244,0.322407461128851,0.6193991521488441
9.591038360079256,0.34329843969166557,0.5801484625010112
9.89600158422786,0.34065038604977527,0.4490592328020762
14.751721702919617,0.39687097257232584,0.6904358962436311
12.079877107816039,0.35358462571294597,0.9883506890336751
10.33495393305321,0.33354228982246936,0.5867733346401265
14.495147433145448,0.3849685542392849,0.5982026882779516
10.896226157690833,0.3647486101449632,0.5418623531584698
12.54207276555902,0.3706709462315104,0.6268036657164813
11.481717413520215,0.375111388185958,0.5362129701595768
11.522260010728662,0.3697147885471794,0.7711613006026423
11.757637948744193,0.3510879656703385,0.8167874404183081
13.213750204800395,0.3783505205313869,0.7149276256411211
11.6049633656285,0.32118301019641865,0.5503353283920878
10.523174922731972,0.3514237606845473,0.43416529718626684
13.249625003627855,0.3492579490945944,0.763760673484608
10.112103289255398,0.34501589924237885,0.5591119139317917
12.074168824548348,0.3265081806089885,0.7685851159946857
11.683582540371212,0.34636064360327584,0.6738895821362741
12.052929282394885,0.3660175734734611,0.7629665280575361
12.115713390599478,0.37024359450699057,0.5662885337101219
10.296713212377572,0.32942259044000327,0.6958268924631679
12.922873639956688,0.35240968697877806,0.6104311332467023
13.205222655834234,0.37738316113214004,0.8016771342578557
14.152076978626766,0.36027997200702105,0.8045144906627189
11.173352097770287,0.3857852518505663,0.5489771493687388
8.057575737635666,0.29375056765608004,0.6732367779705205
12.430744794745983,0.35617127801506043,0.5352603943075424
9.567130383998592,0.3189748123790029,0.7899203141060126
12.152603416957877,0.34737095431989834,0.68180661764698
13.4435297452013,0.3714265754885929,0.6783748242814921
12.97138746747407,0.3773181468835971,0.5552270192621187
13.08356248748224,0.3661719985035216,0.6996154751547563
12.54307282160714,0.3653209843563886,0.7454217131859292
10.138021644734714,0.3461639242248242,0.7352922541749167
14.942163445754058,0.4166578991192301,0.7601092178746064
14.787967509184316,0.40619288632475775,0.6072696660343703
14.020989223585897,0.39245234623830905,0.46675866254045423
9.840780679171203,0.3171168729302895,0.6172708123781275
10.238543117205307,0.33204252699072584,0.5852747379830938
13.469904662586561,0.335794625582251,0.6269502649164621
11.543730739627758,0.32889457734103783,0.49684110315217894
9.437283161481979,0.3323130814103862,0.48178895161917196
12.260875231748368,0.328227574841591,0.4781514832642294
13.34428453044583,0.41169264245453085,0.7582331686709881
9.99063745251717,0.31942720867310204,0.5688888888888889
11.73162633226093,0.35558112208867315,0.6400320024002
12.354809551352226,0.358865897477356,0.7078795018932805
12.510466778889331,0.3762193787194937,0.7088122927668465
13.18666466926894,0.38187277680901327,0.7804007632460377
9.537513798708563,0.30886486635084054,0.761850777792893
11.0354810385669,0.3868651318818098,0.66227965278362
11.682141525474467,0.3875690522608896,0.5593841424217992
9.708429462848347,0.3447662669671284,0.7000600357987826
9.884748274240664,0.3337327290960508,0.9258604649654227
11.65359635760041,0.3170001973123656,0.7584594254908213
13.43727027061373,0.3742701242319429,0.7768354783781721
14.098317183979052,0.38461095609023077,0.6002645791994184
11.061857972456316,0.3884918239670786,0.5559020802838689
9.301223879301816,0.32838580434170905,0.41300638284315594
15.233254349325215,0.41844176777761544,0.4610435321877039
10.856734236158623,0.3879760541981904,1.1371153553561006
11.353695250247313,0.40262023483655324,0.5481057365304509
13.255990280076617,0.3550068876309932,0.771539454748857
8.659695847188697,0.33567632161381367,0.688919195471719
12.985438692579038,0.3677541723846675,0.7824759038747593
9.658587018414,0.3589804570863303,1.0220558547202792
10.070898982075079,0.3521780385766402,0.4764656726395138
10.838417025231507,0.3259489979491741,0.3995398577105575
11.17369032617951,0.3102272004912958,0.6037803019720154
11.181137104133391,0.34423962784505857,0.5152668424960554
7.82804326209536,0.27527781453788736,0.5315185641145045
10.92585360210941,0.32451697050295003,0.6133254139265347
13.127217291111908,0.37512577724563284,0.7522322258390501
11.751841142263963,0.35703369424013887,0.6998141152063982
13.184328912475372,0.40505263643369427,0.5570643249740866
11.370814531775526,0.37111551629178474,0.6533589230166723
13.894237144935424,0.3596099646885287,0.572610939153572
11.999093571895578,0.32337342686909026,0.5355273536104554
11.8736144000625,0.38270452296687585,0.6892187385944745
12.042260503978856,0.33742718948527,0.6939019997851185
11.364375134415791,0.33979390156481387,0.7806910153344927
13.357985164473558,0.38349524035290217,0.4409495807931684
14.994252105938894,0.4043049449826819,0.7836812213748701
11.503944659965434,0.3668377464967928,0.628531783315578
13.974467418655504,0.3815690437153466,0.7372961192388817
11.534038322746518,0.3616973559915809,0.6984635694074699
9.92547558361764,0.3282810161667382,0.9664989026646743
8.984634785312373,0.3021744822342128,0.5672441643474986
10.340622736018961,0.3075751283461586,0.6742307270030199
7.988516846707803,0.33641449257102085,0.8369320838959666
12.287277957851085,0.3292445467770929,0.9583109680252333
11.755727095521088,0.34215266630703456,0.6428428298792459
13.731289785419044,0.4322332315022279,0.7561333553968635
11.459225484610645,0.327615708668743,0.6692861921473692
11.026845173449619,0.3477109130711634,0.48335280472474
8.832761217546075,0.3383915741849378,0.7799225542604492
14.28136021053572,0.39425926023442803,0.8612599070005489
11.716016527174649,0.3903982295163558,0.7304215819155575
10.088803557993089,0.3053836946546783,0.5680647408796072
12.779378581089642,0.3473186408483056,0.6660075614888805
14.160577069491545,0.38267254058450617,0.564875101474338
13.7228782234791,0.38475230555493,1.0518248748234975
12.610336059897083,0.3802717883318364,0.7953609777481035
10.797843549330938,0.3298978585717246,0.7061699516467231
9.662580918402028,0.34219102770262305,0.6804853511675185
12.75270966247582,0.35944463184565917,0.6874372300054581
9.805214390905402,0.3270819052417086,0.7928090680146161
11.370626284102713,0.330474220032778,0.4599735994409346
10.356185376174597,0.3335137137506173,0.6517223751210491
12.612581063348863,0.3206231276790837,0.7591327377328869
12.88572900259717,0.3683072547370475,0.9315683510510062
11.149320185407142,0.3329217420115462,0.5845358276829289
12.2262909787529,0.3350148012855761,1.0502216105902455
11.963326502815846,0.38050373673141313,0.5179851926134589
9.859294190131514,0.3653583810110371,0.6014960554255556
12.467084853208746,0.34418300082497366,0.6415576683140785
10.538878348066053,0.3452505737503661,0.810532534630693
11.025661208325172,0.37661740634100993,0.6867146483935102
7.873370663778648,0.3322096053167411,0.506899885464276
10.483198194241488,0.377139330702545,0.47645907078597516
13.117266227628178,0.3886139853243453,0.7281724500920724
10.398068996662143,0.3196935664577806,0.6696524627336136
11.92153886953879,0.33969702096112225,0.5643861866076845
12.742794329105582,0.3897379323043453,0.9828939197936897
11.94643942736311,0.3763217836241689,0.6486148736724574
11.359383677772929,0.3291139217320981,0.7125089117172395
11.144517140672093,0.3692532250648457,0.7635568100712931
9.87580361984151,0.33889536244431545,0.4812438179849695
7.096705848575418,0.33057955742338574,0.5485635920046606
10.63706877167234,0.288591116511024,0.8206308520115063
12.030319757412471,0.3555337199698535,1.0780500350134736
13.032059574119497,0.35566462772749263,0.7212269180520119
12.073813845639044,0.3451748659132905,0.7666457663711767
10.801413537643331,0.3549097946855334,0.6818404735259217
9.398845437934888,0.3009923802944127,0.7789543432696169
11.675871499488974,0.3458360170800801,0.6182276490786657
11.343872033921887,0.34388309311305715,0.6607777426960684
13.031022765883748,0.38692418224675407,0.5964854684845451
12.568832127301729,0.40042643777212983,0.5351714965530572
11.934955210684851,0.37621368682459283,0.6214324475753923
10.478916710739707,0.3417085536263594,0.5529428510751673
13.290196462908916,0.3957660795499379,0.7721709497838448
9.030035192471956,0.34140281396011574,0.6066963965718173
13.273256511314699,0.3562586971461885,0.6507362381566395
11.524996243314533,0.3403169045166383,0.5597156230135576
14.208164163075512,0.415016131692097,0.4473228185069595
14.237503663665105,0.37234387666487834,0.5217410567625381
10.722454976591774,0.35468227566782845,0.6547164691399707
9.670301942175474,0.31663277924407196,0.468227230393214
12.268879284007244,0.38997924227775105,0.6410345028773885
11.191736330920754,0.3489515230296004,0.8095026068845885
10.885709576678455,0.32973641290483285,0.7445384669437611
11.977205985253093,0.37149693424246466,0.6864775845568462
11.792952405953699,0.34628426937233375,0.5571751441659415
8.883785654616702,0.312931484333756,0.7807926801029359
11.514079393153818,0.348148868084212,0.8092841514967206
14.467581181403183,0.3906352829113437,0.5762142474771543
12.549032088230511,0.3852479866794303,1.0968955238943494
12.528090861278475,0.3708678860601362,0.5832479275994935
8.449585603868194,0.3387949030974564,0.6520013278810097
8.926693401369164,0.34526479193632825,0.9813111995636712
13.51895718100629,0.4050584004709169,0.4512444352402691
11.712966676204356,0.37999048009318326,0.7089373061507425
14.628953113018675,0.36563519499156916,0.8483521060555522
10.597063534641205,0.34058168297588853,0.6997565967393341
11.283594309907208,0.3361597821253201,0.6673231980093017
13.089642758845955,0.38560416909488965,0.8408596724019514
10.19655671550992,0.32658690147496083,0.42625009235766553
9.323970234067893,0.32392420561238155,0.602755190278347
10.952791422104166,0.32266967878321073,0.4560447854407009
11.317040231831768,0.34453844009227796,0.7504008643684935
12.45467393092985,0.37286666203649893,0.6936166782270917
10.417488916426713,0.3570274935579214,0.7335996458663189
11.979071848669669,0.3918469379143852,0.7299641531532718
10.452208706229293,0.36828676814342554,0.4433553537184295
13.630470948311196,0.36682276980494644,0.6702994811789312
13.248174570811347,0.3595552673476176,0.5274416770811526
12.018733398092529,0.36199196762065805,0.5585314221967391
13.56321274844101,0.39055760173625886,0.5463006386356228
12.30307453853726,0.3815305820578019,0.8451837329118405
9.875699065735297,0.3506128367799865,0.5073775372511286
12.069400948585429,0.34885648613474,0.5421539069243602
10.67418752889801,0.3683461041669539,0.5074812065617416
10.665469737739325,0.37045935011146713,0.46908166035641274
12.222474391465905,0.3761024575763224,0.81521221372985
8.669597160559068,0.30115553694568997,0.6630077743620832
11.815126371235003,0.32794778736742625,0.8247771951452835
11.16806191989848,0.33196525603192545,0.618346664894395
8.08983831106444,0.29227304751021543,0.6097589093013958
10.171824230998745,0.3269931506712811,0.791602835605287
12.694640897583799,0.36721843954893363,0.5941130563222565
10.378902140584223,0.35866233615201215,0.5182823412367937
12.201199489110525,0.3750156974359804,0.5470734931111217
10.879157228903203,0.3321606092493968,0.4656177326614875
14.84263743836663,0.37846266781297894,0.6473527981420669
9.665250822130876,0.3320079668284476,0.5577037634231551
12.21271281660276,0.35350035160436555,0.718308076253083
13.592644894379607,0.38623922298800745,0.5414016867913968
12.086073874885749,0.36783934481979774,0.5808648575906706
10.59343940140602,0.3299378367906907,0.7132441268032246
12.383120074527483,0.3832077637637521,0.42375046871877
12.37709110716347,0.3185870257256143,0.598575402306448
12.534912209243135,0.4138744485116935,0.7648029228672555
13.89967211408974,0.38764112347046537,0.5802021002121677
11.058213576661217,0.33294503693883903,0.44933583910921293
11.663224496279554,0.3382285399177464,0.640184079388041
14.182297794538588,0.4040396862322646,0.6377875258652853
10.505388140201834,0.33192298309740037,0.7125199507509568
11.300037367779929,0.36254697223039506,0.6865170781470616
13.266080573298918,0.41383976314245635,0.5170588322490226
10.035527209085089,0.3319586066509219,0.6955494597550703
10.603804091839283,0.36333746507969916,0.6451986632871111
12.35191098260066,0.34622664453407154,0.5395419394487789
11.60113736947794,0.3427822482960338,0.660206177381942
14.382053794678722,0.38108631065514975,0.6212421182823469
12.860675526532063,0.3694731753656093,0.6199946795118463
10.136748707522063,0.3520737687340856,0.45746973802634383
11.388042814954073,0.35885869843476387,0.6112309875224177
9.612485895124763,0.31795845302142767,0.5900309320588175
11.01729839369084,0.3428431750414195,0.7116714434833388
11.22646676337487,0.34371733427092477,0.46297262452936366
11.701761759163439,0.34649510009382256,0.6134380980170387
10.713724103869225,0.3345450129114106,0.6630922852303208
12.42037278458196,0.36553848473897654,0.6880129648664611
13.694640578227073,0.3601872207660964,0.9450999630264403
12.423002110966141,0.40326568414051855,0.6542117387650221
14.719069809963802,0.42293670703901054,0.8519807043947714
13.574382264715549,0.36113256739729405,0.7670173133032673
14.011509799093371,0.34661551622889614,0.6746004955268561
10.811177251053905,0.3185721484252509,0.6779512668043215
12.976768565374083,0.41314213941300515,0.7489415207223147
10.592033960652255,0.36152034678224704,0.8318530869216381
13.65636935009822,0.38215495890675605,0.7631224464948938
13.306775826490597,0.37008798780388974,0.6659760096462926
9.918736349827277,0.3444403737075713,0.4841439267928331
10.5223873980529,0.343281581300193,0.5426994021265432
10.218440328404839,0.30470032084005133,0.7580071142151448
12.403436365173913,0.4050426954920291,0.6168764244578572
10.568926247706838,0.3423259704024671,0.6268637965364313
14.342510081511325,0.365255220585178,0.8021650069983083
11.433614056795427,0.3619702001041196,0.5286548803640718
12.503825336412934,0.3590189040029658,0.7648643646103559
14.047289373448198,0.3759147720240493,0.6822859057571187
12.052987102397555,0.3725597138676321,0.5702138877241789
12.659354541988328,0.36011885246228903,0.6643280462571582
9.101246210499301,0.31441255145697444,0.9119853869762253
10.306113953366985,0.3549199365864047,0.45293916860991973
10.565328106094356,0.34889126912116125,0.4876623973144366
13.336065749383202,0.3985622368253289,0.7919967206453677
11.578082188902336,0.3684327762309783,0.49927677969407425
11.065581865622082,0.3440389725875911,0.6853548746075936
16.096126882696826,0.4278138749311766,0.7107218561958063
10.909961308180424,0.32640728577590755,0.5749688555273867
14.055260516480079,0.3683597728217656,0.7662267047132884
12.318848935924805,0.3381175553888323,0.5243172264748903
12.689182761912953,0.39506936985686975,0.7099998667450327
13.283713627482257,0.3563366878692718,0.6693868566421118
10.112550350122557,0.33844917167871974,0.6793725998417524
14.952662009606566,0.39320486454579473,0.5582338901216415
8.087554221971072,0.32560215344229887,0.5970237572738094
9.49050076804205,0.30717713448723705,0.563614205742087
9.432804075868642,0.35851647205414366,0.5437462826081858
11.923763973990535,0.3632867446729683,0.5329171543130018
11.64256821230326,0.34593980511361844,0.5445083316161663
9.727439045578212,0.36184809497933335,0.6524840002203905
13.681697298372317,0.40754025385289716,0.5618792928703067
8.726347818198704,0.3302045854359459,0.8558857769603817
10.232776419237116,0.344252651428235,0.7369477715770312
13.163110584571204,0.37743335786696064,0.6599384921198022
12.874303734355358,0.34678694301571716,0.5454616992274158
13.182098184498745,0.37610296212991556,0.6509171156564447
12.160143307386765,0.37368775416678546,0.9228116720396139
12.59203060025311,0.35055424962678206,0.7788606041152426
10.517533088919897,0.34288494470342645,0.5071385426529711
8.168171240815333,0.31948609137077716,0.6065329032663815
11.032895651397357,0.3636729786556718,0.84254298575342
10.459796343679177,0.35389129874030706,0.723730036851041
10.763477098006955,0.36831593277135594,0.4961613019002799
12.705601136903244,0.3899279619383232,0.6853548746075936
12.15602733459475,0.3671559404182241,0.5742277966010608
12.66087035829684,0.3615313426697376,0.5583879098547894
10.264226058333755,0.3666052201705489,0.7512210560162387
10.76385035921206,0.36458955378405306,0.5057234741843115
9.581614096670908,0.33039856361963266,0.5951428742332291
12.213496343843776,0.3689660826621015,0.6919828817445867
10.763478426790787,0.34221335567990596,0.7414716506501299
9.915895284407245,0.33463602475428605,0.7297861666539252
11.054839899836999,0.3408390982924487,0.5937007075098296
10.987376450415045,0.36047395749601835,0.7164603063933535
11.63332212122878,0.3673399742145651,0.45830764368388
13.551974085893512,0.3721443573242366,0.6808703282016898
13.421726346456136,0.3873302500412762,0.5653101482411712
12.464060369291907,0.3812856821823875,0.4673400687887665
12.72194739815669,0.3660684725973202,0.6855809426947138
14.05176903829691,0.39103803615152666,0.8256604059768629
11.108676517931691,0.33774003361219257,0.467128397040143
14.186632357767298,0.43399689417797455,0.6056360466849277
11.155434022576067,0.33383530320342913,0.5486542928242406
14.147987264205714,0.3837065107690157,0.858393696538128
8.920635506097362,0.3135409321788032,0.7154243881130402
12.431857909150278,0.35921597950100825,0.6767893794866823
11.522782666665929,0.3609906775837959,0.6818549847323208
14.556723003367974,0.4110880541356612,0.824370842990868
9.702419590094202,0.3546391960565484,0.4903602735967346
13.16249802833968,0.39451504859200226,0.6858613811367841
11.321349935657768,0.3689600802896447,0.5629978074948022
10.422647656399523,0.344699166473903,0.795691310669503
13.367379487975722,0.3715478685664455,1.227172180369939
14.143820016112894,0.37538738929290577,0.865457738959261
9.650077198956694,0.3395025246618967,0.6354020289546956
10.234345705984211,0.34442631737861235,0.7503428424368419
10.315555104863968,0.3478889415147298,0.5162087727975155
13.451513371727344,0.39229629827041373,0.4511743503393503
10.34295255230072,0.31920430445852804,0.5023510740158785
9.525314353785479,0.31894910948128247,0.573944867438606
12.028323230933605,0.3515021454904162,0.8563166088430884
12.797619874261606,0.3605099704213732,0.6368080393542381
11.933295465111051,0.36673298745802846,0.8413772391062172
14.066924755507124,0.38221610732588623,0.5850087741708612
10.672247778474574,0.3713063160565148,0.7790625459005757
12.408979038124091,0.3728995831061722,0.46952958554451774
10.655403572597322,0.3644690524256935,0.4310326293053824
11.744229343722793,0.37239129053489434,0.6152424252638642
12.10131577726861,0.32602128105184375,0.6479414025508103
11.940991800840994,0.33986376033657517,0.7959527957246741
12.578330792183309,0.3646439593339066,0.4840746782976434
10.586449320272056,0.3323762071165655,0.5384333428230678
10.660993872933272,0.36094051966726437,0.8284659493599478
11.985606423017273,0.3494988276405674,0.5443704340245006
12.026052544393256,0.37969539129824537,0.45165719613426014
10.966450771225112,0.3441716841381394,0.6537422771563496
13.92136698237815,0.37421001729392234,0.507293850711716
11.752344107054448,0.37938741731971043,0.7233716773753011
10.327072557352466,0.32616055286462664,0.5366699411581699
11.708190433655144,0.3346019829260141,0.5332453921260607
10.088780150907862,0.3330165301547659,0.6115378514135338
11.802898945475057,0.32705050014684217,0.7531888051930504
11.938344743528521,0.364729645635308,0.5888310204352564
9.527142089599906,0.34023419223705753,0.7140816098435743
10.81932552144773,0.3270065481863445,0.4850573182495835
10.498895424692822,0.3611413611618575,0.7153629344158334
13.296288705294167,0.34433166802454906,0.5901281202269133
9.64532807719949,0.31549465851208935,0.7963840395310862
13.185800712391583,0.37218275663753475,0.6417672934359325
8.38128296174051,0.30456421311947224,0.7729237486581356
11.315118511723863,0.3755759953550613,0.6203586500727847
12.898482025855191,0.37828342078264726,0.4379813407456458
10.058996212051166,0.3366536267799908,0.5638383557369845
13.35448698921611,0.37850360754306617,0.7529802595052697
12.09483696108052,0.3279635312182209,0.6849230189411416
14.713118574460328,0.39060990297285925,0.7321940396135176
12.08744056628682,0.37842269754815705,0.651908303831992
12.2706329033482,0.3307290873952921,0.6496290295248046
12.969262010103257,0.3852023834744023,0.43914488598930274
11.479416657898899,0.3424734912173177,0.8077196926036747
12.870173898311318,0.3867597418543394,0.6872687538453267
12.640083362450298,0.39741631158286767,0.8274526621030835
11.051524934055692,0.3596902205485496,0.5732882390447064
9.009973984177773,0.34008775119994,0.5873104609565549
10.57104750637695,0.3493234075300047,0.717202205021958
11.653509044118884,0.3410376082087459,0.5645453564850729
13.214884418532776,0.3933756190632818,0.841668222078467
13.637996564805604,0.3725714082183872,0.7599752307031311
10.40891690060836,0.3355502343276074,0.6581694569040522
9.97833163176674,0.34296701947451974,0.8279718318505508
8.114081402266017,0.3131207618774196,0.6864183569492508
13.519739850211103,0.38913720718666245,0.6113111459928005
8.46428757705322,0.29154922480551876,0.7923836026480011
8.930982111117675,0.30046708693890917,0.4948396085909644
13.056879535768704,0.3574171166011119,0.7421755332672798
11.383209647074942,0.367675186511931,0.7161518607520814
11.120523575937906,0.35303699269795874,0.6087306298832027
10.623403161021464,0.35347764434261864,0.8344297463372179
9.711766584131624,0.36582263972398377,0.5628834782946717
11.476944380398319,0.36479806286801664,0.5834175398125093
14.663781167584702,0.4196436526421803,0.5490276472071325
12.479571273592835,0.37979560016355357,0.6174359626877137
11.849609366561975,0.3593197646683267,0.5814878847822983
11.904660795125757,0.3768290475613403,0.5747601427651611
12.904723648499576,0.3480376413938644,0.7853869324728742
14.164439066593108,0.3570694420189382,0.8316599206244806
13.334503745444884,0.37168122469323184,0.5166627379971485
11.91324502275516,0.37981712507486953,0.5824985619984471
14.788726333131784,0.4136939259959117,0.7981936365006502
9.656491621213142,0.33046096190780616,0.3818293606847386
13.086655288649087,0.3789119720993905,0.5269542635672799
10.228557770582295,0.32033817676279597,0.5059525675026006
11.782968459406913,0.3321564276484187,0.6292757069900721
14.90210010920256,0.3839732241652361,0.5762726414543685
9.683436966512609,0.34579737139255734,0.6910544516178527
11.15941456046276,0.3682905461873182,0.5995069560536295
12.058378925490057,0.3628253975165578,0.6794204507331421
10.937410817351378,0.39073615752724006,0.4637955148795735
11.346246915925715,0.3557992673534617,0.7067563800368942
10.085244273773231,0.3319074572494695,0.6617926205291282
11.158417781355073,0.3448145842290581,0.6768272243627543
11.309417969189457,0.3480645345278239,0.7500915695015926
15.808066015084037,0.4194352399698925,0.7296260900713819
11.846268351568046,0.3695196321373799,0.8301630654830635
11.183788070201178,0.3691514530894076,0.7131444908277711
13.268523668053628,0.35220130110738124,0.8445028379536175
12.036597276708687,0.32753275347077565,0.6494868448929357
10.877565968657429,0.3482296148047933,0.5401901880757218
11.505810867647916,0.3629125254916048,0.5583188507628947
12.342461893274756,0.33850143968575935,0.9326310379713678
9.683730396926922,0.3218868780118262,0.5977915501185385
10.316980172498372,0.37313002390089056,0.5185459575232243
12.169373456890362,0.37662847430244417,0.732457724882448
12.990903035253702,0.4082279842559215,0.7281076527020667
9.64140435280612,0.34470306124691497,0.7292944149097997
9.963767536623742,0.3371857425972863,0.5609343174406863
11.605009064157827,0.3369806507640872,0.6289869333583159
12.026228334245843,0.36216077217517106,0.5824563451837476
12.59373636585256,0.3815176086421683,0.5347650034181567
11.204279567878771,0.3480351655226935,0.5233740394789769
11.228067180075548,0.3580979613278124,0.5747543484324399
9.754582193908355,0.3394657489305755,0.5384523987004365
13.738534039633532,0.3668070348366937,0.8095107012226389
11.667357118261009,0.37036465673965535,0.5431438314572314
13.05964655502611,0.3831767699782284,0.6988694744061084
10.5180664078766,0.3453335304656961,0.6725487293759728
11.846016839603347,0.35809666619566594,0.5550286325294553
10.749915388750988,0.33217202372299354,0.6463080506391949
12.10248817202961,0.36543192075581776,0.5457541441030943
14.103892231499778,0.3815277765296662,0.7018362405806555
9.49881134744723,0.33371747463833273,0.6663504132576175
12.13020380167189,0.33808897364973617,0.6901247330788562
12.635993878241333,0.3452765268579589,0.6954981197347939
11.904397561416122,0.3013140150474718,0.9483563150419564
13.736629406953607,0.391600404294064,0.8170286739010644
13.645225609791286,0.37176942906768407,0.6732600597461662
9.176323123850686,0.3421099134374264,0.6128331501428754
14.169496517605566,0.3961749848168119,0.9518570402279177
11.501246094189458,0.35549604017870595,0.8029142849850365
12.83746805231468,0.4179579982753313,0.6958423151269555
11.647848308805813,0.34997215338774734,0.6726415856535108
10.008340151830314,0.3437039384069286,0.6427050538187128
13.426415100979323,0.3844353325410258,0.7585926123894001
10.740819461406847,0.32559914719082184,0.5712919586271382
10.805540271321384,0.3469942590324746,0.5958646816359461
11.3195542180583,0.3356217194465688,0.644969282612856
10.06115760656316,0.3522321116982028,0.6622087448976799
12.277607065854635,0.3535250875049972,0.7507751066347517
12.35979853599478,0.34576621888947623,0.4931144045716794
10.688168353502412,0.36159166386178815,0.6603467327610009
10.312455580457918,0.3287261249565678,0.6457238823317358
11.120890790531881,0.33353543277354225,0.5205402901116086
14.243797300628668,0.39645769248002666,0.8045939575176487
11.836674554620348,0.3553038986749092,0.5689057456051582
10.039270472839487,0.3326751585319546,0.6300299102109691
10.195337935046055,0.3406834920819295,0.9619303064350351
12.196032218229067,0.36889966751044373,0.6662375746373119
9.463557827095876,0.3272074298891089,0.3704127980700808
11.063936723279749,0.35115916848665873,0.6472989919371037
14.226641318097503,0.3713241833517663,0.7295135067109599
14.560637386328459,0.41221073358411403,0.47706427900216064
10.479986405163388,0.35623844736303434,0.49427112849845467
12.376980515405311,0.3729676089535745,0.6427901403355455
11.378473295463898,0.3652633991665201,0.5238077114155214
9.573052989640153,0.362950848559732,0.7470067878121528
11.982210043772252,0.352344602992011,0.6971414913715427
10.118793273063972,0.31628447849904207,1.1512858486276918
10.06529838264916,0.3296935512173995,0.7642506126698027
11.744471715380485,0.3740886015463755,0.7889444083797819
12.754738803441189,0.3701163863300325,0.6372577263871572
7.690211062495603,0.3129620838354156,0.5645892891211959
9.710644670430007,0.29831809234188444,0.5301945935675377
14.202362100476236,0.37635451671874415,0.47734617212907854
10.479229131746852,0.3889458163085567,0.9001816040241836
10.579116994036298,0.34081049948776193,0.6596798929458156
12.795597531894565,0.36161417205077373,0.5444689216112931
10.962338187604153,0.3335727745824648,0.6321161076756904
14.377023901964762,0.4135152268363757,0.5485006317833544
11.512221134990096,0.36488605314291744,0.5785462164162967
11.212253828852852,0.3445154424622735,0.5701007612697923
13.61617777456814,0.39602537370620366,0.7717147146073616
12.039384698253983,0.3204439314056644,0.7729167029591372
11.62727962590176,0.3704897111137072,0.6545152925150952
10.027874851149079,0.30818741821271467,0.5591225820723765
12.286762393309562,0.37200946253606637,0.5963883426321389
15.258059771744186,0.3964195790485846,0.7709025157678172
12.420796942929325,0.3512694249079418,0.6418963956889859
12.304789230875098,0.3449821635139474,0.5782804638696107
11.650832844673435,0.3574270506967828,0.4242412829268028
12.427760811380178,0.3480126881582304,0.6666802304486574
11.184100435595951,0.33048314214812596,0.6131916821890924
10.908065466630461,0.3443638010590308,0.7940972287727212
9.366785468704666,0.3207469469465942,0.5508038983606598
14.631234962224614,0.39084735661372216,0.6283537853075448
11.864702876218654,0.35927132255655203,0.6909336273400487
11.547362878969405,0.31000526141404694,0.7766424109274974
11.677762915330693,0.3370883006978249,0.5680255850254513
11.823042832466175,0.32720333503901317,0.6506101338130419
10.043693057909994,0.3441251909840488,0.553418118757914
14.448714863995498,0.36689665085912626,0.8268827018436424
10.721567689062052,0.3402113286995352,0.43683208308192084
9.921473849702497,0.33650721822484264,0.7121779791027177
13.736648592267763,0.4175867027334422,0.6510770864933194
10.23180117777094,0.36547940620411035,0.7852612959857872
11.14905603535761,0.3426883496497559,0.4799261420503627
13.459841905954178,0.36802042428458565,0.6281608095074308
12.153032726330121,0.3669103911323143,0.6161113216380398
13.916494958209242,0.4031968322607331,0.6410988234096339
7.833607452078642,0.3219263472659041,0.5647761173142869
10.429503537762773,0.34549775747960454,0.6850799628939227
10.452155460847809,0.324517037865512,0.6250897243077728
12.17801160846209,0.3766541818619674,0.6684460454159025
9.246735853939175,0.3387542853498018,0.5222619471615942
12.27972748107032,0.3508988457301627,0.5835205908778083
12.147101138901604,0.36846257847859226,0.49624332744013633
10.900632623381892,0.35904636598242445,0.7647073762464983
11.63509369976287,0.3955525318582838,0.7032860874172878
11.570280096862287,0.3610632769556692,0.6753183629758808
10.201240668620411,0.34469354486177756,0.43372141372013223
9.27890701853062,0.3319432217944621,0.5530976951029976
10.580614179985947,0.3729857773427697,0.6434029496370037
13.785408606188856,0.38659779187605225,0.5801842193221219
9.63627037019468,0.34516177566151357,0.6728367090930364
13.110969146178899,0.3814646432594074,0.7374184636110299
13.330309876465616,0.37420880176935845,0.8309936527928748
10.953092265564411,0.35096558727918936,0.606260707900492
10.309044846978772,0.36342749855009043,0.5970887097590993
15.040551715102417,0.3683593946882271,0.5285376889698138
12.964989963642271,0.39649152080695393,0.6333142426257323
12.073205920153303,0.3852144785231925,0.5861946443578493
12.922039973098649,0.37417453379064153,0.9302880810205113
10.490271568106436,0.34861187000115834,0.6647131198703987
12.990545617616359,0.38386064365933936,0.4947656691645388
11.307216708341194,0.39026982979722513,0.787666207942684
13.929855008461896,0.4189767486732501,0.5444738473939368
10.7445670799422,0.39124147117435776,0.5146292672766117
12.55548964418118,0.33908351543620974,0.7951000753373615
10.632540583165614,0.36348105742530357,0.42604698227946286
12.759795107868744,0.3918094570983762,0.6287706138394276
12.34134041090875,0.35950563419782366,0.5068323271605747
11.153224876399133,0.3268271308538388,0.8052783459539994
13.36041385278758,0.3832627537874813,0.695857738816296
12.599065497453076,0.32650889939028976,0.616311260413914
12.232982669008084,0.39823172262676315,0.6830480657582718
9.040017214599619,0.34127714738296516,0.607639055671073
11.292539528603378,0.37365860149118346,0.7168703140887779
10.655385853317828,0.37652069263818955,0.6924333041667716
11.132621056311446,0.3571423579793409,0.714693557517662
12.0193928101923,0.3935534884909653,0.7272903368529284
11.719834928214805,0.37424395003209443,0.8249142070146859
11.459709418162301,0.3865908917874822,0.6183935687886385
13.046284304222564,0.3870943871060933,0.6762083125010853
9.95378280910219,0.34757173183067397,0.5674336414135845
12.030034711809463,0.34301233314887575,0.7339131036332983
10.021643890697554,0.35806321410782027,0.6297096141637739
14.323358632974706,0.4126537058794859,0.6863838145901868
10.360420177175271,0.32324320208438423,0.6791717364450608
13.361457266283612,0.3787179075293176,0.7161630699783361
13.37290401136336,0.35440900710802004,0.7563709422546129
9.375822810400276,0.3438981302916626,0.48247298091502044
11.263631432965209,0.32547523774860626,0.7813598260858039
12.28856972025665,0.3559538703395848,0.6473321018599866
11.627219508418026,0.3546886465080904,0.7830100996002793
10.568681810965042,0.34125478823469574,0.6435899818362698
8.578380550052607,0.29705456393476065,0.6597324647606088
15.489591014318492,0.38905864296474063,0.8386458693532695
13.061561725840182,0.39264683332155026,0.5276612306900648
13.228020665974345,0.3524063111105369,0.7878601537697454
12.44293257112627,0.3873610312613345,0.7016569572459266
11.02820822121242,0.34542882223453275,0.5890679218940214
14.778458471939835,0.40934875946140614,0.6547335991217672
11.984922688648375,0.3820216226489721,0.5853053317855759
12.404867703254137,0.3664443108920531,0.7520958689547097
13.513271863217646,0.358003941928233,0.5077526424051323
13.665642916499,0.38412643529874085,0.5793100757515508
9.893370227495922,0.2999889715149642,0.6474480266140535
9.40347675510231,0.36762067177211505,0.7029042356283538
9.5911139001783,0.3132391512009392,0.6950263243448193
11.15219941161999,0.388310154446309,0.7774083765392474
14.106678818086497,0.40224675386544806,0.8192849478673206
12.27351235701246,0.3514298633312255,0.7784427951947792
10.159215315384095,0.3354907379477674,0.6586049327796843
11.672270636347399,0.3478624745661994,0.6989319841608053
12.635753788900889,0.36086026343253963,0.771406337086714
10.069320607103688,0.3369535990392558,0.534643702368038
14.447642440350137,0.40656050680040834,0.844714291189089
8.470645833141582,0.306368100775149,0.6897689172845828
10.739562245037174,0.34839777008376316,0.8730644326969609
12.092675259718312,0.38104365570817084,0.4216965096514292
12.651128989562615,0.3579249899948419,0.8744487314053577
11.040706803719274,0.34122247755719914,0.7862384130383328
10.249002861211896,0.3598095135954735,0.6532440482177585
11.348096067689337,0.3539686360188739,0.48542691766297147
8.671881838135217,0.3500492391582685,0.6647579393432983
13.174229432571458,0.39261775608541705,0.514375729713592
11.421504652952624,0.3698380622156442,0.6215423325421372
11.479172167873102,0.3631160740517841,0.5257172277943765
10.460859507879498,0.28980996106941825,0.611384361710466
11.471473545269113,0.33779492905671704,0.7378348904938541
11.901858250988994,0.3734190198576317,0.5668991354412438
12.41343119789942,0.3389695897160332,0.5790906749237587
13.707993191148347,0.4124267426845075,0.5386382995974234
11.99181525018842,0.38823029368037687,0.6387874546619655
8.853913022273431,0.33096074475308723,0.7316376406257606
12.004022884044648,0.3762233776226083,0.7863719390791174
10.266426203816081,0.34758687811921823,0.41202523128243707
16.33107817904472,0.42751566059427976,0.6176515754808464
10.191229171074202,0.3515832412404247,0.4605031632296904
10.13100699096032,0.3454415856262549,0.46021137949736546
12.416450995266011,0.3731591462333853,0.6913618321774485
11.801945091055774,0.3522040416959298,0.6789806035160649
12.036931964969959,0.3685839865136596,0.5095639921066799
10.994463823603347,0.3460432886469009,0.5028470090526954
12.58237179454893,0.35937593559137726,0.8049598085922144
13.153340207753129,0.40627263783134093,0.7612105924250218
12.610273933635117,0.3602754573416824,1.0235251944391264
14.577574346020157,0.38870527657185266,0.5644300820918347
12.388018337855048,0.3584343016961211,0.5939243560947721
11.631858184872556,0.3499955122079986,0.7682112871599492
14.50744270677562,0.37343831466762145,0.7986207625218644
13.500336998279078,0.4219515873089108,0.6746426596683036
10.935244941330268,0.36000665301951307,0.43878866135042527
15.299008168641791,0.39561028648959035,0.5057629508307832
11.289270618993807,0.32467344698472494,0.8458662774801575
16.154337025890698,0.4004811372384238,0.6305571735500609
10.043232879034374,0.32735433662055297,0.43426023547852466
10.597671812179758,0.31418854071397234,0.6763215739019969
10.549511395558259,0.3216385015428845,0.5728976374177094
13.585932909073382,0.3520732902890895,0.7750533018259602
11.321444220321006,0.32230613409943987,0.5962007004394392
12.321623259891261,0.3644332534909448,0.4596650356623244
11.230675870366078,0.3569367773594119,0.6332987394068557
11.49248992029613,0.3831025913050331,0.5600905844744043
12.531448879301681,0.37952380373657796,0.8572138660455645
10.540749184029732,0.2996447120372922,0.7339191356057456
11.692630650169445,0.38359383022957666,0.5897114902327056
11.831247233626772,0.37032743841567656,0.7993913203757996
12.5853694973996,0.38248023456972124,0.5661721884197891
10.06441250522943,0.34620925622073834,0.7635228487042907
9.684146197785047,0.3467968072344931,0.5664104962147579
10.707620416271173,0.3392555787579136,0.6274057538104575
12.214183281315044,0.32937426430109684,0.44731735545586104
15.037644689158146,0.4076167733840578,0.6300337262035206
13.368712472019514,0.4176201088066278,0.760243275938766
13.64328587181949,0.4207060220530425,1.0428671923830493
13.359483032830838,0.38297050352396966,0.5468787241641867
12.142038570606665,0.3599412472149679,0.5317845504187487
11.594203651236189,0.35790418051977957,0.6854531375978482
14.593557041836185,0.3769786334740023,0.8262880918105986
10.718394105363181,0.39362825182036626,0.4086142385628552
12.772048707664265,0.39647327326228926,0.6481947472107271
13.065430208569534,0.3655890381794079,0.6552738827503211
9.432044153305373,0.35829733502492805,0.8710708434987096
11.614177336270036,0.32467253313026717,0.5021963949858189
13.66881658907105,0.3705563177956411,0.5753404625175637
11.726386465835986,0.3287716884346442,0.8722532039843519
9.962091599454443,0.35256821651697834,0.47002949252184717
10.185608166667034,0.33962591563253547,0.6976901486994478
10.87978377242558,0.3062590344242761,0.8859457519753311
9.590282806256887,0.3226948421414104,0.5739217896393429
11.636995798266103,0.35779860620020687,0.5896614287720384
13.27756398849262,0.4131200745843141,0.6699092102297861
9.538785612984078,0.3860890964113266,0.5022350513478251
10.418383771186445,0.33779880214719166,0.6827176448207354
10.461090719969253,0.3512655560658601,0.7646118654266358
15.501752780185495,0.42570298060156,0.8216785022440258
10.474553944955751,0.3397792878760513,0.46186217421287956
12.00185895658899,0.3726893065057749,0.47810478389709654
11.937948601287527,0.38591875347702437,0.5615871911319767
11.44774700654003,0.3224626008779005,0.5816019237878576
11.851560998845596,0.3848965240762113,0.5676512167401542
12.252519455170653,0.3590014790011752,0.7189536447596934
11.768826723043311,0.341350826032046,0.6093442107138541
11.257117582769244,0.36848179681128923,0.5648091062523499
12.285142191316783,0.3688011500744983,0.5878738640677942
13.169416235202991,0.3524631242715822,0.8253513884730552
15.275486675772825,0.4163737606654606,0.5440212342432067
12.780820195170257,0.38650480343584104,0.6913517476219037
10.053416699926721,0.3355582170431803,0.5272939687906254
9.719751666064074,0.3399932639034869,0.7820960469962415
12.052589232855592,0.38743787146261477,0.7664670658682635
11.31246454155891,0.34820723894623945,0.5331112499036197
10.38474488724528,0.39445870664640525,0.5139940529625885
9.895428232876363,0.3370675832964732,0.5576190832277956
13.675507584704647,0.37428683032888244,0.5725880218823248
9.549476682835397,0.3333151154741408,0.6220926330877913
8.705989426707088,0.31869568099116447,0.8504185580877549
13.04084004937926,0.3666610663556743,0.7390329794059554
9.218472911948101,0.2940376479290655,0.8143538347307622
11.148194568175075,0.3719923775795359,0.565282583834428
10.910526832302551,0.343007110374449,0.49473610267298834
9.19543633675104,0.35309251001299224,0.7252794027561726
13.036282083493344,0.35979188222493,0.608421097070232
13.122768950170816,0.3587590455465581,0.7029466328921373
11.53698910194477,0.3690342539514385,0.5913833285217314
14.029606761448193,0.38431697746314003,0.5401132365358701
8.2031886740922,0.2986804604828077,0.9196028783704945
10.379532444542711,0.33621667261208,0.4520062575049413
8.95749365388146,0.31471485398500293,0.8398002841389701
12.96569980387617,0.3739255718328879,0.7550669783540948
12.136097334299226,0.34648482350030896,0.7580669324825932
11.860876401030612,0.35885573667357623,0.6840031464885081
10.375208975567531,0.3041723491755806,0.6645966316540015
11.605887460862085,0.3423691407486947,0.7085896067490719
13.25803563244056,0.3754779702607827,0.6282856558949761
11.460911631320965,0.34753310485191213,0.6312776090956967
12.341326791129973,0.37145644922770826,0.6061383394858051
9.283114463378638,0.33688102955716986,0.5665380867633502
11.636518925023932,0.35542715096727234,0.5992178406894125
9.631653583195128,0.32161082744281877,0.5370997097821644
11.219078321782614,0.34324312547515645,0.8414772304594857
14.17732356470389,0.4061373718857141,0.7798139929485776
13.217400042986256,0.36950164934525026,0.5902253564364875
12.478792994124447,0.3620158181571771,0.8191674960786206
13.469316195849505,0.35975196790267655,0.6712066202405541
12.467153168542218,0.33963798100412984,0.7705183166259235
13.695843118346318,0.39213408021255713,0.6320351894153355
12.803660198675992,0.36205090826981956,0.7596405725202285
12.589791551805703,0.3372168773407686,0.5063799859738247
12.75422415880373,0.3425554486464961,0.7521802716146361
9.97111575291273,0.3523808423307415,0.3734366261857032
10.840217810118073,0.35117158492838607,0.7398473138707572
7.934005086882195,0.2847237866631391,0.8853945137485755
9.680635740315552,0.34032949112643335,0.5615331481937645
11.278132237771004,0.37344527668119143,0.5313033159979269
11.30193649114683,0.34466568352361876,0.6918110421481797
11.99942379659808,0.3700352813540207,0.5407394214832095
10.423876328394716,0.365886477744648,0.8212893898231892
12.703467480493082,0.3926595473998458,0.4605955777746048
13.756912785805156,0.363094417892783,0.5549243038382086
9.429575678744538,0.34211414015457864,0.9484213953197583
9.97456800558464,0.3454342849331453,0.6271571823050173
13.120266844651159,0.384478368077541,0.8513115046343303
12.875591603580013,0.3719543079737517,0.6077212338374359
13.628821861551796,0.3561559489295965,0.7384055593927372
13.331435117417264,0.3938536736031743,0.6297477190316306
9.08550089492865,0.2908942456979382,0.9152200893014426
15.638743367449418,0.391165138690219,0.7449576172196242
11.213452694297814,0.36416241196397453,0.6678089185547283
14.968942427257424,0.3856212171110538,0.6627588775404771
10.48087991766122,0.32213031894245125,0.5580216580909615
9.266267040649833,0.3014284188575739,1.04362950963908
14.420604436473706,0.3883907320524913,0.5548773751171698
14.081829854514286,0.4039318563816885,0.7901309836033669
13.592701547526431,0.3953527914142289,0.5737603229536397
11.635425864130141,0.3459808659864763,0.6817389210159591
14.404387501225877,0.41413802525918536,0.7273725318104142
13.125107721861049,0.3730860859404729,0.5598815844451736
12.112383375373824,0.3731214215608154,0.3883283536419279
13.700158633815441,0.39094771662474104,0.570536667957491
13.657046410382797,0.37069890633837466,0.6638721974542923
15.161084849916872,0.37524202672698453,0.8027011187527258
14.671934228078552,0.37895126248342853,0.4680018381905173
12.391215545885224,0.385512002948786,0.7095470136864862
13.968797689031994,0.37966179585064413,0.6717656261710877
13.00212623790486,0.3628591108940239,0.6591111693348253
14.527717255524404,0.40443916209540576,0.8080576203504749
12.157424572680327,0.3839069431967795,0.5514168791101608
12.20332279147802,0.33234582613306646,0.6785606784427997
11.665015635088821,0.3613494636173802,0.5908286662281224
12.98549688880944,0.390347834381264,0.4784787624420744
12.434786043721058,0.35961508575737755,0.5163893747877392
11.16677971815367,0.35655486582221546,0.5242028955481455
10.343484956454859,0.3606129920012442,0.5852930936888753
14.483653763251027,0.4071993574296538,0.6375422305700635
8.430286744953332,0.31994906082355057,0.7541948604410023
10.341309279383925,0.3482078243676321,0.4922348818817513
12.913345774564881,0.3727058899051708,0.6123560842425461
8.409681522281769,0.31727380617928114,0.5935921693188295
13.477234271514071,0.3477443618329819,0.8633732633525688
10.830963226666093,0.3583077140741124,0.41847498744851225
10.952059940863258,0.3472418268016742,0.7948011208566522
8.934675014613273,0.30722340121037606,0.6420417288957438
14.27977785312358,0.3907075930774479,0.7363256429935503
13.823120978789536,0.39656925135292886,0.6671056487736721
10.986399478377248,0.34586276149339623,0.4100290163856807
12.30435682914112,0.36382011233400585,0.5283800543261089
11.93380875607727,0.336936356541147,1.0819713482803126
11.38272784101656,0.3728323902442089,0.5784753132480396
10.915897547819704,0.3387463481738955,0.7442615230458924
12.280831828554003,0.34454610592736357,0.5768868519972633
11.109685736112517,0.3377961895031056,0.4587018160400327
8.38206395527386,0.2960039571875658,0.6733671870328517
12.879626228206565,0.3765635971827015,0.6232050199244813
10.95262496656958,0.3727904516029578,0.6281343365069613
14.381939443882835,0.42190898198050647,0.8204833205950223
12.689563500122699,0.34737111861273745,1.1205244931983684
10.623797899557857,0.31228750947844747,0.7187042717693181
10.128151716065315,0.335685567592264,0.701741308757336
12.96744409293526,0.37024422729013884,0.6385807350441256
12.10172117760721,0.32629279982143394,1.0153295545401295
12.493314430221975,0.3677734781764181,0.5983529978523521
11.497294071904204,0.35845207462441114,0.5530615531945653
14.27573773231866,0.37157488733822497,0.5949114212010509
11.995808222492066,0.3695768005362998,0.5685576776780503
13.947852027688995,0.4321906867358479,0.6740670997583001
14.870360093313383,0.4249037548619303,0.6485399398271696
11.597886357075808,0.34206841778836794,0.6082150039924272
11.93155820341411,0.3487953003566734,0.5223924137132864
11.491008223589382,0.36883793551510907,0.7582065635316382
11.066000898021766,0.36383735249106325,0.5596246745406906
10.7402859175936,0.31964799982801656,0.6598464134908653
13.278111326622124,0.38975293179716847,0.6206758264380762
15.169761260248745,0.4062430086548793,0.5959486330711253
8.63472910004175,0.2920928130211601,0.5418477878145179
12.344838400962644,0.38751285891775117,0.5437953505397578
11.97768188417989,0.3431047420679787,0.79005572514911
11.29110933937562,0.33454805876738924,0.7471531231281577
14.568707678910553,0.3813272485500835,0.7603103315751424
12.512887657358934,0.37175342810334777,0.6371195632497116
7.550932187395066,0.29304582358256503,0.7064818143102739
10.981383429369696,0.33736492087458625,0.6858859974213195
12.140670009652148,0.3410456970836796,0.791111304730438
11.465283523535128,0.3414498273153675,0.5193648764370988
12.58096843704704,0.35655127952704796,0.6004230544392463
13.504914810012796,0.39023569457151036,0.6922256969629181
11.495984370183226,0.34799414580097776,0.6165543050996327
12.278357310106255,0.3873761760839085,0.5534595043227615
10.807944372305585,0.35425516331279133,0.5454666520042912
10.94504646893979,0.293778961366336,0.8891462022215009
10.222266071740055,0.3633173510682446,0.7475416467273706
13.12260937553162,0.4117619922524328,0.7702601783489602
11.059400115295102,0.35936966333691095,0.6461762686981
14.063037747362308,0.36143306226768435,0.7410925099981615
12.949627083730288,0.37237938915930274,0.49482851556370877
13.1409541171686,0.3549749239007569,0.6681682160473488
15.634182548620515,0.39590780906783546,0.660258875130623
11.34236839533774,0.3780223929613575,0.640016000600025
11.330403451667433,0.36269473465421304,0.6467781798976582
12.779876894383445,0.36406496288583245,0.6245202884361187
13.372503284031158,0.3985063930576932,0.525442528284464
9.956768799125484,0.33032221852911914,0.6250822706512436
11.895119699926664,0.3590822062623593,0.470213403740061
10.544206447800338,0.3392293643777142,0.5019106150564255
11.922328592158799,0.375198065364926,0.9250803345179063
8.358237719334586,0.3181018004254353,0.7290045698860796
13.054344083727841,0.36442974689270036,0.8337479610858548
12.51146196335332,0.37513293079649834,0.7252153745589385
8.92947782672216,0.3362110077052999,0.9687106367910521
9.396977017008744,0.35623527736095173,0.7396990528264434
10.238709768354472,0.3323531267789221,0.7108752888265334
13.25671686491652,0.3991928828725487,0.5966020821689333
8.821202684997054,0.30720107310122763,0.5318488138582791
10.609807370383393,0.33521592872530126,0.557016851272561
10.839579052863964,0.3561671998128773,0.6300680732570103
10.419173576313728,0.33118037811340817,0.7307131210733682
9.445305317428378,0.3582328239599193,0.5472384602444184
10.554651792346878,0.34560763279353085,0.5113214154416517
11.506946284141538,0.35962182533217646,0.7539200819888134
13.49290864024363,0.3609513088149484,0.5450807400759992
11.633223721345441,0.31841383852384797,0.6862309039452733
13.040308068497975,0.3726697566664147,0.8011313014388568
13.101217006169549,0.354696214994741,0.7270615120326139
10.148314889791923,0.33212134532575127,0.6927070232830956
12.457488236431733,0.35702664887410795,0.8110571156801843
9.812747189112557,0.3493840875128855,0.556321961819833
13.823514518959634,0.37654004210720693,0.8129155468823845
13.1310807511091,0.39557726056293063,0.6387079233608863
15.435118172908016,0.41038738651813594,0.5963495055736328
10.438758625287488,0.32143819630006965,0.4613279135631017
14.361217525179718,0.42163194415955574,0.574650080400905
12.401844717258143,0.37186108300810083,0.6060364223890895
10.739559328209168,0.3641586629089376,0.6550421688973401
13.313695318087298,0.36528958970628744,0.8553600867081237
10.603919944780205,0.3758586520423786,0.5348163479534843
12.602423239024922,0.3345582783275677,0.5537598275951244
14.013427508585092,0.35007322155408077,0.8594960489023611
10.897889324683735,0.36496578877053176,0.5387575681620508
11.145753615907317,0.3357492002870634,0.835068775338046
13.734947461198889,0.38960841606903746,0.7039185701303547
11.096078408132172,0.3716112012941039,0.6723074829109208
14.857004303152042,0.3638597980666536,0.48223323936944884
12.539259503750394,0.32964313154290437,0.4520006210598738
13.456039309898149,0.35408477830185153,0.579061045278527
10.1928484599134,0.3397832711850441,0.5744185766830195
9.854294909376954,0.3427996810434912,0.8042524170038985
14.638821487821009,0.39899285484181607,0.8622314907615874
12.745669579815107,0.37040196343355564,0.7425251037432293
12.851963809224149,0.37572014700866924,0.7466063961871691
13.473233076444277,0.35494521549510377,0.45968282054199555
12.673533978129022,0.3591505415429298,0.6682273965373225
11.607952529858977,0.3452293248890875,0.7504460018444251
12.82714938678675,0.3509758771510006,0.5896489153988337
9.865654256369915,0.3581169489914079,0.5695868847009925
11.566592004303178,0.38152421100135825,0.6122720117396223
9.208860055210867,0.32508720612052255,0.7440540178120294
11.600772571557226,0.3608333760228252,0.7677620306500323
11.247381246113779,0.3367661412530756,0.744897695265477
11.07779610058423,0.3294978076657816,0.7823297395846444
12.163152046316174,0.35185855074664096,0.581301965066869
11.503367799155676,0.3569243966637774,0.6466956268729691
10.173336330202709,0.3221544641954996,0.6476717717710098
11.857159393979384,0.3717851641025143,0.5305861869448669
13.514479722204786,0.3747545401290463,0.8409231817833703
9.023965048552395,0.315728795337619,0.7584461106589456
11.112042966150053,0.3278937848758875,0.6151784718576246
12.763586317966737,0.37105784669554553,0.8245375885594957
9.754737715537274,0.3337025438174771,0.35844358939086607
12.675815589180754,0.38530571740974456,0.674427237076616
12.482845857894379,0.33830470241385424,0.5260856460340588
10.25353939879319,0.35877189368048745,0.6708746501382472
11.063108170768142,0.33605979235813765,0.6032771432470015
12.230622347515606,0.3443070795640395,0.7965844982781042
14.95985275689388,0.4498015217635531,0.6916847711447973
9.338191243173988,0.3649399565453827,0.6039684708966587
9.139837148133871,0.3308708837188677,0.6499388132671253
11.448407038934398,0.3371828032894813,0.6521113167513779
12.217911287372509,0.36008652305121847,0.5983791502157402
11.70489297299843,0.38476743042907,0.7164154168029838
9.998510505431863,0.3349658263272509,0.6410103876684539
13.285868017115817,0.36760205486564573,0.5473385129850376
11.239527066103996,0.32601821563491357,0.6809184962864884
10.231511504333096,0.3778718236974199,0.8176035035982079
15.205513457497783,0.43423794370615076,0.6365599361523578
12.366038659606133,0.34488437633397206,0.524431632242496
12.622676284149183,0.34008266401407367,0.6487939874943133
13.960901911481905,0.3900616311281912,0.7067617668790178
12.854579899224902,0.3507546196637368,0.5064949403544333
11.935022777140269,0.36720631140294546,0.6702029978594024
11.739152015710776,0.30879441964775634,1.090181250047818
12.830399267864976,0.38439597962432015,0.6695104615325908
9.31826359700803,0.33712794916866196,0.5552844867150438
13.040369613078497,0.3883561451246615,0.5964757537638707
12.14229385675749,0.38499419727910583,0.61982746804043
11.413980245942568,0.3227031797334248,0.8175117827840905
11.619593939060845,0.34332739837402965,0.594747638589822
15.626574057418633,0.4112774111715753,0.6912811680871974
13.811330288429417,0.3982504637749934,0.6663775030587598
12.980569495620898,0.36840863773607846,0.6335469276210152
11.426469108767819,0.3607293076275706,0.7117154471588574
13.117912045116324,0.38309353070319996,0.4359747878472032
10.159781765284102,0.36389986248985495,0.703137515563329
10.834778282110879,0.36472066475623177,0.6781748443327376
10.855238586089751,0.3535869511902477,0.7125641120172764
10.372435995696453,0.3165857848880312,0.7970322215204555
12.079707374571939,0.3567312906856355,0.4887917813407869
12.230407194893562,0.36315605286006347,0.714537639765269
10.166332397792672,0.3274184600555517,0.6620758539760517
15.462556513666577,0.4044025782183097,0.6535888545413108
11.026824830555586,0.34317748033027773,0.5827158221410197
14.156125389307519,0.39235922217541275,0.5823026329465364
13.86173539098586,0.36759105106014067,0.5923133611299168
11.627170010552089,0.34405239374047386,0.6056496057514935
13.10630771665788,0.3637428444422083,0.5326356307450073
11.949283935345075,0.3695027175033433,1.0349455061513078
13.7081749975311,0.4037901392386922,0.5603427675726714
13.485526424832003,0.37989447668031817,0.43895375915002166
12.966007953094916,0.3568076201315793,0.723793672404169
14.231453232163826,0.379193924716356,0.7729167029591372
12.153869240268882,0.36115382967979187,0.709836084872646
15.706608403325227,0.40399194731444643,0.7341363857164259
9.16888098653239,0.3401673323020212,0.5449127781984892
14.105766166462317,0.4185867325579097,1.0607350325074654
11.75350226847572,0.34853607208118753,0.6795640640959951
9.735526904317954,0.29485783769870266,0.4663774211934124
11.426857673760022,0.34602875997253557,0.885383923095133
10.063593428447096,0.33889292299904766,0.7003376617643544
9.459315969396929,0.3254013713224717,0.5336948116122788
10.50854153858797,0.32921651305135946,0.5709849377177729
12.145170087829605,0.3617149884911969,0.494363281024695
13.185676475302905,0.3899923767603962,0.5341035169720757
14.842825407507437,0.3533292428664796,0.6963672966445856
11.813536870699327,0.3874817716897379,0.6456663740181512
9.54774588467955,0.3230712183491382,0.4603304078925632
11.348502158079423,0.3496102542228701,0.769835164898608
12.720204310955971,0.3841690277544203,0.8203695649958976
11.628883224082532,0.3808556147746377,0.6694692522947018
10.023589696740139,0.3399151315422981,0.750027181195581
10.885681154318593,0.3247457035636224,0.42556164107050487
12.591430327811445,0.37530736577055857,0.6522637009685136
12.510994787178312,0.3169616302298473,0.9613129385462242
13.613340342512782,0.3421780294286858,0.7967310831276745
9.882331850051859,0.3370182981218437,0.7194304421637916
14.354805816132924,0.3848373944162984,0.6027318010600862
8.822719478812424,0.34774499689039007,0.6685736897550026
12.40863231550368,0.35167463593590065,0.5560122071539592
13.401886380773508,0.3656692882867789,0.8741173260337445
15.146004419650641,0.3705070187527648,0.8604811116139144
9.773766612073754,0.3271906236463534,0.5091888900373173
12.138583573659787,0.36566437195805856,0.7019153798708079
12.67640629206333,0.3672544590594285,0.4910923622400715
8.455706273490904,0.3072330986926564,0.7236606353865603
10.437425928096008,0.335972080779715,0.747943545722912
9.769627365763213,0.3486968402284716,0.5713830229392856
11.907237183016157,0.3491035622598187,1.02901737257138
9.819011630888397,0.33257523957598173,0.65675145855498
11.92239565039732,0.36338935148920604,0.6827710627569283
12.855602545822702,0.3634795451477191,0.705922905743493
12.272174051501597,0.3285865249240607,0.7014093504838491
12.3051656371394,0.38464971368820705,0.520708243152123
11.038163354403256,0.36678987100514093,0.8107601346810066
9.88779380011621,0.3589473188159334,0.4481061016808465
12.698418612238754,0.3846072221910898,0.7048143989890318
13.787865026615751,0.38467492044567,0.6016820960975536
9.736066645488577,0.3169183262783996,0.6497210811206624
13.952823969577576,0.37803701587947314,0.5904074114123031
9.76548467777176,0.3372691019159225,0.8494722897821244
14.843867922040278,0.41940242200875427,0.6346127918699211
14.24560145868292,0.3622208497250827,0.4745103815993431
13.705611313709706,0.358988959708366,0.6334383093786675
10.068889920006434,0.3583587858678896,0.6983180323392318
12.995308899516608,0.3850914935637003,0.619199816537894
11.553856727015642,0.3693931836858855,0.5429190384632401
10.608872257209526,0.33819796289217546,0.6142003436351416
10.369599047053075,0.3370103556456678,0.41890056065725373
9.247396930424841,0.3137538751284674,0.6729017879842388
14.29887658595418,0.3823008353578554,0.7924823103419061
10.221324201996893,0.3213147094822516,0.5870571487676698
15.653958249699535,0.41757879812287635,0.6537806496947517
10.45576685576826,0.35308585108318163,0.6864775845568462
12.595626499792711,0.34976469327651466,0.6430009762857165
9.553851569341248,0.310137883630249,0.8043318062165695
15.007985524532248,0.4024075943884366,0.6836323337133199
13.419326702072297,0.3852570543781916,0.7579605986847973
13.541715059189563,0.37977044933413634,0.7617158677003205
12.71155786853581,0.4135748707112568,0.5339176254458508
14.089856673195388,0.40282629887917765,0.7911339706195377
10.337592158792429,0.3586082165299661,0.6336400734574834
13.286429534188152,0.3957011111906186,0.6311778272356617
11.151204924827333,0.35727715108058555,0.5351340791684838
9.235562134557835,0.3558544919287067,0.7059282735499096
11.089966197155768,0.38765414078945243,0.6275942624509988
15.222227513746784,0.40764176076462855,0.6072901700100896
12.520261045872868,0.34277000508860134,0.5280247682426917
10.663096699314448,0.3552068504062586,0.6535207013758969
10.614835580525781,0.3432308094269909,0.6375975950910127
8.676196222969843,0.3319440391935469,0.6518575802208121
14.353467184708109,0.38239863793612483,0.5934390402230075
10.105662618881212,0.33023902422204565,0.6549306906023661
16.624014174559342,0.41054573808144484,0.5405416973118687
12.201275629504366,0.3497790658844284,0.6420215378248673
11.018763335392812,0.3633597269853728,0.51198361678639
16.019472819526314,0.43920643424396766,0.5295544344218376
8.233054794648236,0.33247372172247436,0.5298038659460911
11.014335552304232,0.37364649858041327,0.5738295062725752
11.454440329735675,0.35017416461199474,0.4123415195385903
11.222811888732334,0.33697599151210283,0.5744243608664147
13.086776809025885,0.3678356109701014,0.6319466002998795
11.83322680230469,0.3632435225168076,0.6984115814378697
12.602948342064774,0.3739334323274771,0.6258588819813298
11.805062459477249,0.32595540356993147,0.7725998457893879
12.199054447743297,0.38634247547171696,0.47843865133062596
11.16883784900697,0.3300475420047578,0.5778148049779537
12.325976007994552,0.33168342737716827,0.4405680708946278
8.841129215292955,0.2918069412107649,0.4252139714484512
10.152706164976532,0.3505171925384396,0.5845419229152551
11.797010923782661,0.3547521365242535,0.6479372518341221
11.368673549151424,0.33999929825496267,0.7734456656746094
11.904730637669367,0.35187305999729296,0.7244019487358284
13.603411136568997,0.35718697591931886,0.8132846643442033
10.91025382493456,0.34699337173982886,0.4086683825475725
11.008009683328314,0.381338704661957,0.5118689783101829
13.22170213987857,0.38900973907855196,0.4413661902606922
12.00428761256488,0.32291643414198623,0.5543567446894091
8.309379921073418,0.35881129892893765,0.6153490586121984
13.828191153926664,0.38443982118293607,0.774478502215237
9.025867628940002,0.339908601799649,0.4043875546313864
12.657220671114196,0.3510457843284682,0.7776450665665124
11.637847593127201,0.3272814577933552,0.7959297131436055
15.462250614064295,0.40311609212086924,0.6319774096800163
10.240123119406181,0.35378218339303896,0.43843330219221877
10.332639713009424,0.33914945908897753,0.49853021842634826
10.873834225823611,0.3420466413490955,0.49772677875767163
11.299951727940748,0.3811281394626428,0.47631389940171365
14.479883197993107,0.419227728626807,0.6597456096783001
13.277201496565041,0.3810799964562602,0.5312438254389796
10.886284653295117,0.3578743970184194,0.5991981435067998
11.724997165563412,0.34773850799907047,1.3562925804071535
11.48445713581145,0.3504537571772081,0.75539562558548
8.065433351958479,0.32990253627777094,0.7958143303533967
13.21097921548305,0.3534302504823105,0.5637071135373394
7.682284500279049,0.3081902959479808,0.6509213239047286
8.768645850961597,0.31732345839396875,0.7626752845488445
14.323105040826817,0.38396473727459507,0.5369342920001883
11.072722717924261,0.30717965414473525,0.5960778584413957
12.40024927080039,0.35744958407475935,0.6779512668043215
9.554043737316825,0.3065649127016191,0.9437952370794223
10.412110631631442,0.30861278860286967,0.5827520558049769
10.122201222698834,0.31272575609088016,0.6160970477417683
11.27481457032712,0.3090599176298549,0.6078034453545759
8.49679924275922,0.3382877552859794,0.464335349453608
12.342617914454099,0.36955237432689936,0.6446420199154045
10.386275981942674,0.3368127182169377,0.49907939207483326
12.759200764049933,0.4059660457227032,0.5891615143702464
12.037319948855405,0.3380669610632999,0.8187316884134306
14.684238178280562,0.38961191923647676,0.6450020363026728
10.46650160099053,0.3170196057154926,0.7727406230806548
10.000609011780675,0.32082807879602376,0.5592826774958723
14.235784996337308,0.37166969892301394,0.6208838956195606
10.134365083659628,0.3562906727941788,0.44293574342747727
14.994638809217285,0.39797228661539286,0.5261167528801292
10.576488888711783,0.3192652449956356,0.5158230040925532
12.568690979904119,0.3573971430971262,0.7347953490436014
11.78405137159714,0.35021861159192025,0.987306394784463
9.48049230682797,0.31582561151918453,0.739526194209525
13.70833526734053,0.3699290981213638,0.6307561961530417
12.859423940884295,0.37207528751153457,0.739236310908816
8.335806863598556,0.30403140710785925,0.3914647671700476
8.908420157039789,0.30746046587978965,0.5670381842332337
11.005820302537686,0.3620352166091807,0.5727657027426454
13.2787386270947,0.4020778967275109,0.7644618492740884
10.637446522342973,0.32500594145511685,0.9356910143878572
13.022573740461635,0.37722391061137417,0.559994093843437
9.70806257659467,0.3142458694497983,0.7663159553142396
13.289841114337136,0.38422193712091224,0.8155265299658636
11.260709974697935,0.37009153489832114,0.6087650515875409
10.252536156105602,0.3209707732104853,0.5476640637959144
10.968431886728489,0.3112840510303359,0.6005750443849681
13.534148492999599,0.3488773826075658,1.2736712485753068
12.53750324667191,0.3923332621438188,0.5391875919198156
13.623953216678292,0.38764558511508845,1.0561753561690044
14.71353495501376,0.3975012803955068,0.5967187642744552
13.27444844586357,0.39531703368612403,0.7127021689165366
9.12969567300998,0.32848188593001404,0.5295861606877346
10.85434331474811,0.3137520970520373,0.7127739902240262
11.936969324299945,0.36246964120680764,0.975430988646699
11.630223393668391,0.34336412032931335,0.7107602050393561
10.221621443474266,0.3422715991824343,0.8164301423759315
9.622635408517361,0.31514644524374796,0.4070698316588377
11.36026157601713,0.3302494577606531,0.6235931772565667
14.558982932694622,0.4156896280180436,0.5075490247100082
13.243030751298448,0.32947110117743406,0.6322626102306841
12.894865482875048,0.3618919421137819,0.736009085168218
9.98566187937723,0.33859782924946347,0.5177309001734758
12.568844999960167,0.37853471181515197,0.5922182587672716
12.589454816679073,0.37664825102991417,1.4786082507617457
7.004636282179579,0.27680729514298874,0.4360456147159748
11.997432079812743,0.388570915012697,0.6669471531874492
9.747721688123018,0.3216832625382386,0.5354289537178953
12.025642690087203,0.3458761860935057,0.5419546276213543
11.14356756301644,0.359183530192608,0.5282225606403822
15.76086187624998,0.3999713182043729,0.8228491662967435
12.347579745338773,0.39850141226048846,0.6984947677623691
14.9727334165213,0.41201484091285456,0.8186395874301352
8.211101747243525,0.3153227239799907,0.8813136544196839
12.53249798473485,0.36393825321951956,0.5728173184984006
12.361228167759752,0.3573819116534243,0.5795356661075857
11.280815306609814,0.33832394745287714,0.7079715323733035
13.48228222551748,0.3939121913351584,0.6918767304057762
11.96504834812739,0.3972348369579002,0.5557815401902817
12.50943029347453,0.4134937159542831,0.5459427476561913
12.785403432008973,0.34702652427839514,0.694065198846563
12.541875997390228,0.3633259100815983,0.6820098286050406
12.45666858195938,0.3679997742042408,0.4837150645035414
14.532542473424066,0.38552648229347486,0.6548792582744513
12.584010472434187,0.3501031146342174,0.743457621888538
11.999275384748184,0.3855020548417796,0.7388667420061146
11.166210795755791,0.32285034222377096,0.5514578172949389
13.170855336672968,0.37090661597957203,0.7001699990416156
13.678816410522522,0.41010338335573127,0.44209481079312557
9.000171778435867,0.3115990052103797,0.5979872244372458
11.226760874655781,0.30917065196960075,0.8113218256641563
10.84763900192744,0.33568524880863126,0.6193556443236825
14.12977872132543,0.40395774630840997,0.5671077470092721
10.651595191549148,0.3157274272400886,0.6277678405546715
11.141151057020586,0.3416742192722482,0.6820001477722648
11.794237023464401,0.3747069808037651,0.7513828281084765
12.646454128791518,0.35839925538398476,0.7897924898090676
11.665965804390645,0.3472325275962215,1.0505045271487237
12.287510101298185,0.34764479277004307,0.6904911465855147
9.261392356310942,0.34812193130650937,0.45869003497092825
11.145875863733185,0.3601816172803125,0.5195188561116539
11.175983876567734,0.36153690781967196,0.5452884369860832
16.754681575464,0.4432960433956583,0.790236381579791
9.080818195351114,0.29789969783217457,0.7854682588114181
11.097362561527152,0.3327855175431579,0.5121639186851665
12.687770048132471,0.3639527362296402,0.6820969746553782
11.897151909494823,0.35953504756164284,0.67832243148185
7.6107920690272195,0.32407341864656314,0.6058395283562407
11.568415936430029,0.3580006421568745,0.7585060329252645
11.02275025319054,0.3559706588178876,0.6224308747959624
10.753368654339855,0.31571510821814147,0.6775617242430074
10.872453790595937,0.36872499488900934,0.7320742767784895
10.459336269255957,0.37180896485779125,0.5170166512557929
13.728259048379197,0.3916606346979352,0.8441721862305223
17.214320857406666,0.4596871945656108,0.4917007147337553
12.636849409582563,0.37515672687917206,0.6460445673349939
11.942507032857943,0.35411512281465163,0.630167329641671
11.361112057030827,0.3520519273366423,0.5989553711890019
13.324932126009358,0.374491771309207,0.6478210641431328
12.108822763372782,0.34948665887854913,1.132854267143278
11.685135265766327,0.397714906841096,0.5358698329317731
11.43116119343788,0.34983292174777425,0.5185502126957141
8.590726646757158,0.3179806122665283,0.7803572533490593
7.355830310094973,0.3159057897446426,0.5967641591411459
10.651556538587005,0.35528974194632157,0.6833302748143714
14.806633083760325,0.40822712533136823,0.6603511265632224
10.619738225922045,0.39337442269303124,0.9174861138632916
12.826544959540193,0.3437679600309136,0.6849230189411416
11.046037011509245,0.3606094059600685,0.9388065592667727
14.36455681621846,0.39723676011532105,1.1780859428649262
12.809830660002572,0.3798391373763589,0.6982452979126564
12.682480074914348,0.3850328290005628,0.5254646655093412
12.635940087283338,0.3924131783759232,0.5393982008624252
10.341765453694737,0.3523616404213527,0.4900259749961717
9.928131282886913,0.34206461637509966,0.5769044297395014
12.914534720764944,0.36423762264293563,0.6295191935245843
11.039835479356931,0.3896680525931431,0.6732554031978066
11.809567483951977,0.3526472209293845,0.6440378949460833
11.822765579197142,0.381933563946049,0.6093925486215473
11.758378388079365,0.3507599884829106,0.7359178462572868
10.132268532036672,0.3309755961773208,0.41184603978447887
12.191144181953515,0.35179390366605545,0.5129529257675078
12.066394599993437,0.33654422080228424,0.5220794581021975
11.582772760094727,0.3319631670468538,0.666820438024274
11.770664901402558,0.37844846355008716,0.6775807107427867
10.904651711463913,0.3553340307934021,0.5358275739405408
9.627111396730147,0.31675841957685447,0.5231510526806644
11.040246820826447,0.33854227530365616,0.7184947724833219
11.068639508114646,0.37258273811613024,0.5608158575883101
13.918013251309333,0.39776430506347465,0.7653632731928337
10.45082580259006,0.33236579556491835,0.7194190788183928
8.90744940440494,0.3297677483197277,0.6942591473715762
13.2723672022036,0.3582199523073986,0.8106991515821215
12.851943536543164,0.38967398455105295,0.5322532896463074
12.605817273859504,0.3700337976866352,0.5413774737275162
11.703336504445485,0.3907434254330583,0.6653144550869309
13.219999009476663,0.40043988890325977,0.6170986228320617
11.971808696433026,0.3453898686141288,0.6817630960692826
11.757602435510304,0.3974434833072421,0.7180028870049613
13.780434323141925,0.36767956592950557,0.7595803809856887
14.139399877231252,0.413526903135064,0.8338541034110571
9.233967316823257,0.3501567207641858,0.9952429018030036
9.565916846038306,0.31137714020584306,0.7485124140892752
12.497289379754381,0.37276319396636,0.5666546578162839
13.195790145985256,0.378510399737977,0.7189082849082438
13.99431504140647,0.40340723171736803,0.46721552115742354
12.859713785130214,0.37633176788135175,0.5610366841089869
11.298512174495137,0.3637903188306007,0.7188969462867961
11.448012884112,0.35896250580250194,0.5005310878861743
11.29791513463956,0.3409097174700202,0.5511458937247063
11.992674982947065,0.3791320275227082,0.4983374913169478
12.160995560855515,0.3788597417044647,0.7014304131951985
9.121321856873415,0.331055383608673,0.6321700704521384
10.947539619327255,0.3544702780132908,0.6110603202233915
10.895461625311519,0.3381330442947134,0.5138159516870414
9.080220066182108,0.3134448456773268,0.7323857824665511
10.322942629550575,0.3340578606777395,0.6923674572697959
13.20616233297974,0.3740823116363161,0.5824925304628918
9.357478804760778,0.3174122345957529,0.6323397577644019
11.90023473400197,0.3499567485438768,0.5615385517855043
11.439929913409344,0.36635218916505363,0.7750177833002108
11.204453036940379,0.32188650317021766,0.6484192676848743
13.729613158307039,0.39310211467717615,0.7523686569158382
10.046167193092785,0.37685120317945453,0.529636027771402
13.851478087147456,0.38689519810496054,0.7704415457058454
8.828649316531784,0.31564442273950855,0.6880626649355028
11.738862931159552,0.340339811420814,0.6274811368807904
11.936399791461366,0.3605751773894505,0.7358266412690709
12.336571349466112,0.35431535738010966,0.5985361364406229
7.311373356115901,0.28953073139812924,0.44798532872072266
10.644662262722797,0.3143512221328817,0.7718129123119164
11.691919061257561,0.37399240326462024,0.7044833974275343
11.927587559679836,0.3584542159296005,0.6816277488849517
12.252177217475122,0.3690865638358419,0.5326356307450073
12.673507870076307,0.36226652835557777,0.6864479688367109
7.849867466945636,0.34343433157021125,0.5381287236732951
11.131883772864981,0.3701397472257236,0.5818542482819467
11.107858198476016,0.358691192337556,0.7303442933447215
11.44490265960333,0.32637897113057945,0.7915574251378796
11.340799327371833,0.3665471556737056,0.48995058279408277
12.644452802043403,0.37541565192878334,0.7043607250604991
10.421837000522636,0.3334199717373366,0.5224228699800666
14.310435693146431,0.39049067463857234,0.581535893028972
12.06154796491354,0.3215081804155145,0.7940972287727212
8.894703017881625,0.33715986622772204,0.6899392392584313
10.995464997361065,0.33251955598320787,0.5842434805734641
11.146362895682945,0.36100098195745367,0.7102402853615644
11.572016861460028,0.3597423863039719,0.7454343537725486
15.538783449048463,0.3997730352003423,0.8152452825361969
10.594582911842618,0.3582914511349343,0.5087945161786578
12.573253668596852,0.34828886256493996,0.7034825590393036
12.78630669493986,0.36105683465174315,0.5650291803343254
11.70788595662118,0.3266259318921462,0.6243159692047514
8.428220445339363,0.28789001087340044,0.4865408058223073
10.977134488473933,0.308627781261019,0.6819614285632083
11.907780717490695,0.3696429048459203,0.4640026861483254
14.814701035461916,0.38631094193892934,0.6644846814883547
12.060366305158055,0.3452025390392792,0.5734493073871706
10.408744273813586,0.35101301382714506,0.7282608380556382
14.192522558897462,0.40152349386801345,0.7788750233209184
11.106405266206004,0.3372235281242304,0.526860513363976
13.753551686571598,0.3733794353333964,0.7782125675566433
12.114483271801838,0.32009234191434266,0.7719041294678722
9.50353026207247,0.3018049763083061,0.6806681338142144
10.995129606010881,0.3471172104688718,0.4884073375072952
10.946045980467918,0.3355101052589866,0.6218503208332784
12.702279322645364,0.3709341581064089,0.8008294130806207
12.430494813025021,0.3566073531202717,0.6107854635326315
11.140649302542123,0.3467721606863579,0.5634285278823392
9.644908920230339,0.35983109971543226,0.5195616525543643
12.474304889341926,0.3737880419722558,0.6515450460358531
12.079624976181758,0.3813871695938616,0.6061315434129545
10.869172044218626,0.35638502156245955,0.4247221155439695
10.740754049124508,0.33159780082936086,0.6656562370144549
9.674627147353593,0.3337143356906812,0.8015356604342987
10.247623130041575,0.3110985392951575,0.7405527732996757
14.60237730662799,0.4136604828160247,0.5309786492799776
14.599839092411084,0.3891771804968298,0.8324950134255698
13.533243352225274,0.4035041094284355,0.5590079315527934
9.186195769900756,0.3439122563558461,0.5850057192229686
14.710917363953715,0.4272965956110213,0.7881027876398506
12.736572623859537,0.389668305754281,0.6874669739561181
11.879101655834727,0.36522769551809536,0.7906206883405069
9.853155969635104,0.31889445794089627,0.5610905838184089
13.0735833565905,0.37654024485668847,0.7714763904244073
9.968630486103109,0.3218009760466428,0.6628744019131142
10.223227117555592,0.3128254799209081,0.6132550178960101
10.467418449811351,0.350355351149676,0.7302967433402214
15.794219504897775,0.40500816231466513,0.680101026415769
11.621352213738799,0.3522601845054527,0.5525872027735999
12.906301994766963,0.3528406112575927,0.717067142931368
9.692030321303914,0.33333854753938685,0.45293916860991973
12.810008704894685,0.39886815517013496,0.4346205676402132
10.554091564321926,0.3515634970336299,0.6129596190423631
12.853791496883986,0.36894115204765565,0.6643996371885863
12.039632810002072,0.34270869411896265,0.777537453393756
14.09379212803809,0.39900043374420824,0.6199328682046321
14.516949290172466,0.4008740563755502,0.5402623600236988
10.824594731792999,0.3222462047818964,0.7325896743930082
11.818203834382409,0.3083519685318413,0.9395903203495479
10.898341426527363,0.35130442751167923,0.4958633697258788
10.159558118641847,0.31431721826466036,0.7750746152855699
9.481180184103529,0.3250760106393833,0.637740027259681
11.413084548236743,0.3708204460238416,0.6743663941700547
13.295664920330623,0.4073516882836177,0.6720016590061435
14.095220217568755,0.3431316172631588,0.8084282187860554
12.379763258629133,0.38438514316133343,0.7075063345343636
8.901000656353318,0.30746804605065975,0.6267585789554349
10.42639102841358,0.35031065900152475,0.46221737181846134
10.617479671323803,0.3528279709780291,0.7310467365256252
11.983436233261461,0.3494117336762815,0.6806200188379539
12.830243300347504,0.3571732600610902,0.7676446627626768
9.989868110322465,0.3155197539783281,0.6183935687886385
11.557890841716677,0.34423465012155274,0.7370638325976977
13.843361572885605,0.3561067376192145,0.8487156795532971
10.754747252744497,0.3288301527871482,0.5670993981243745
13.583366117971089,0.3865931322361928,0.5736508338560479
13.401865770625548,0.3659659728385544,0.7725998457893879
10.81019472113216,0.3644799223144183,0.4166530686430316
14.073924002091196,0.343359090860353,0.8412136937518877
10.868906227216236,0.35063572453838676,0.6443805681348497
10.927322656680115,0.3541859795450818,0.659338482217503
12.156097126901408,0.3845284689458862,0.542377750468481
10.027799245301477,0.35425149509334986,0.47875312530871833
10.74216500882482,0.3340076625243905,0.7672239618274531
13.161783741549062,0.42719868488384427,0.5078645367695953
11.033720164457158,0.3494490444281336,0.726967697643574
12.767730691552067,0.380270254390299,0.6083042852757814
13.482010492054371,0.35756646295469424,0.6080708633869392
12.332284781209928,0.34758149172388036,0.6226886025360638
11.63825681004657,0.3814999005561698,0.6435615098926493
10.29212456525281,0.3330437415534935,0.7947168613132424
11.009650528428327,0.3156765738737652,0.5883829372399058
13.548673428578514,0.36769998495448103,0.6426483482421581
10.526444915925303,0.35824297030932056,0.5596300232236456
9.325254180078595,0.3342952314680084,0.6042577874574537
12.40189057804412,0.3525218934433416,0.6186029624334005
12.211496935176303,0.3896895991854921,0.6989632453288304
13.732155027322158,0.4059747813852859,0.6637115335430137
14.62067921455822,0.3843093462079738,0.6150151259394857
11.589225441611891,0.3259277943041372,0.4935651105756388
11.375454403301454,0.40551236775198957,0.7802920021466696
11.248073941700596,0.3425236278832361,0.49191853201861885
8.742599782714702,0.3138624899587206,0.3970944673686387
14.715151032018127,0.402533363793146,0.7062451910271683
13.492003416886522,0.37937992510884866,0.7557510470498013
10.429763002481913,0.3146972953008101,0.600343801131821
9.108658263779429,0.3246633178465993,0.5266018439466398
10.968264201512884,0.36349193448835715,0.7503557350363057
11.300299158885434,0.3595235108535536,0.5561014054306398
13.295948905089016,0.37995530204088823,0.765794623884474
12.376747214195394,0.3790365024949337,0.6770023395338862
9.965316794321645,0.34698061518107465,0.5767287245863191
10.531968706590042,0.31457881790315384,0.6642296465029162
12.185487588551403,0.3542455763941567,0.5418672085341462
11.160864618495712,0.34190321330753,0.7492943245381894
13.910808078726927,0.3916260627663808,0.6583348359583271
13.577727459467102,0.3868513811354039,0.575055886309014
10.431568777555587,0.31848615876752273,0.6412194766110151
10.339691238526118,0.323965604679824,1.0978331407029296
12.135764083439646,0.3943412828615481,0.6220852861299696
9.911035619371038,0.3343777896211972,0.8569976908588202
10.432967666826372,0.34074280778797617,0.5306317773924422
14.2344595658897,0.3898288327142146,0.46790802079102134
11.748971622005179,0.3580700256906141,0.5766818969859995
9.913198450269267,0.33995267182176714,0.5531080226640351
13.131044448198399,0.37321974406084923,0.5509059198656117
10.521199692979863,0.374329155018808,0.6969916123707056
8.531293567374572,0.30871556053891464,0.6974467163123557
13.053210218455945,0.3703039100175272,0.7711053250422512
13.522488312006011,0.3766934062496999,0.7512275248938702
10.303904320859054,0.3121028661246664,0.5168016886522765
10.311011990530282,0.3575849774100482,0.46445760731498237
12.893769449938766,0.3801353235042317,0.44172084374520504
11.143193946778894,0.3694671345010766,0.7683773659527793
14.215669945175481,0.3668597735872388,0.8463746467312648
13.986109142331912,0.39767827914939313,0.636548128946228
10.237714255811404,0.33355156757142806,0.46248279905915146
8.674459797901985,0.35087492058777026,0.5996779937806277
11.25684894412952,0.3300465865364009,0.5554099322123439
9.688355025538339,0.3690341022614562,0.5292239142205813
11.002933592683021,0.33135684748252875,0.7469431905748899
12.7194782194996,0.3982972683356514,0.7279251349014627
13.521034733185374,0.39968984599649277,0.5336855337552003
13.730667637001485,0.3740084208179302,0.43601019696708676
11.25165863209579,0.33519516303810715,0.9812607363529494
10.290759566958162,0.3684545039379721,0.5648311020895049
14.227162679132942,0.3929825926042452,0.4510734854271278
16.15542220558732,0.39983845207960156,0.5907468597141057
14.850188169576874,0.431000833277079,0.5262189999527795
13.832345370281299,0.38778455819106844,0.6012902829860568
10.444528328360835,0.3330631616344825,0.6747035773882085
9.612608799649099,0.3441247408379889,0.6457485334563066
14.172891120509675,0.35166488590098904,0.6617616639190756
14.720934037886298,0.40364565781247014,0.6782605283665608
8.94739436012652,0.30689064204309385,0.660689712941645
13.107796456521822,0.3745333887205936,0.7654659096224192
11.983975604379356,0.3765135075369652,0.7565757104980857
13.21224165859913,0.3756926216072371,0.5467589696976055
12.875390063336603,0.3912490056496792,0.7541424985247075
10.268166355292099,0.33478907483627085,0.6290325027656248
9.93649094934456,0.3068520485843888,0.8490143456472374
13.702524271521668,0.3525561569575579,0.6592860045243336
9.990284870315243,0.33507380560916744,0.8435395211855056
14.367467631922366,0.4129619474347137,0.8043397464309481
12.341439235466638,0.3961941672572332,0.5592239598740331
11.07373295330638,0.33035962768227156,0.5934581748792752
8.159362192918913,0.29769191521598615,0.8989043325558141
13.610240403643559,0.3704936680247543,0.7772363740200696
10.249782409819957,0.3674144024963441,0.46734629878521794
10.469572348107246,0.35948084604849734,0.5808050566106606
7.696772034579283,0.3202913114242845,0.4801793504705422
11.896342812160231,0.3573441249083997,0.695128806883359
13.461526543537211,0.35106549777636636,0.7045207452195622
11.269523622240108,0.3163435255555166,0.5354476923727287
11.497024377335368,0.33936662515909244,0.6936421390577227
13.26242808105238,0.3954175413956452,0.5909419929130101
12.296268330642881,0.3710495092421,0.7120898082547396
12.022466659771869,0.30955984192297337,0.7329138530390358
10.850583276754591,0.37136856796231876,0.5335093463538245
12.967158266179101,0.35060539036077576,0.5626876473209977
9.675388847473648,0.3346964445531314,0.4473719949757071
9.726114238977711,0.311938838030704,0.5080805421115103
10.89480835302393,0.3602052920929068,0.528943683925829
13.152976095089052,0.39386587027214137,0.7086764836360496
13.309383526251732,0.40296482178567056,0.558085302282028
14.35410173225501,0.375103300366581,0.7016885854979766
10.563694547945527,0.3232655405608644,0.6075226936481594
10.363200394121655,0.3733037175253201,0.7949390579381639
13.031971518191924,0.35291264652412163,1.1867122895232662
9.748056813139304,0.3195557952992201,0.645551403471264
11.604170744945336,0.3504138748320465,0.5633521256136468
12.400101138347608,0.37562626817279704,0.45647377499902375
11.825645984306277,0.3748577535633829,0.744727469680018
13.1483266225278,0.34425072158163594,0.5104546407529523
11.041773825258598,0.33679816380051314,0.6081944062014762
12.64889253161154,0.3693425560142362,0.628009580285626
11.769513194783269,0.37144732470221486,0.6308021512145688
12.645167941865232,0.36154960072673653,0.4955956891445
11.904590282570364,0.31859499599107266,0.7915952666513151
12.984914027242965,0.37778496486950275,0.5725250135716106
12.43651243437954,0.3830083732965547,0.609013060355238
10.733210075360955,0.342974467952617,0.47851888364366335
13.10809359271467,0.387191297697318,0.47708747486202474
15.7278976159307,0.4123745344156725,0.8321430889045804
8.32052176914609,0.3155037723669022,0.5054592188852508
13.275435894933334,0.35404330147466506,0.7657809190010425
12.927906379437424,0.3956574568024109,0.6050606268143509
9.100019126013297,0.3188689201876665,0.39618041459342584
13.859419837365763,0.4047596845490738,0.7860012012625195
7.8025169054594485,0.30712004520766234,0.43615698385676427
10.554277129480003,0.35655831668090543,0.7137484820431615
11.403426118607424,0.3673350542284046,0.5218971602054974
12.665842600362257,0.35260366820409716,0.7734809684815089
10.869833594830272,0.36394775948776636,0.5276119192794777
8.831138514158393,0.29386833384829375,0.6721313515016107
10.463686107663346,0.31863233594341867,1.1524051416234393
10.811313679332006,0.36156418397200274,0.7043287341112349
9.353399142203568,0.3359949384094376,0.7017096733756504
9.412163888214536,0.34065805095379875,0.7871373153721475
11.43001583135003,0.335915082416744,0.8145104515426267
12.204308723379881,0.3864614745969267,0.5309466721084121
13.995464637109425,0.41151900894485705,0.5725078330965689
12.194485979566537,0.3614022107391453,0.5948985706157487
13.904816839214895,0.3639260228261373,0.6702213724223982
11.896640779792818,0.3337199934569536,0.6721406181248697
8.33218583908597,0.30667430423199726,0.6079336818521458
12.310089933398437,0.3582169929540331,0.5382809686029383
10.761632636544597,0.32294600732531265,0.7070312661326176
12.001879816630439,0.34354876554126557,0.625911257927215
11.80074565169189,0.33819715519672144,0.6041971984247736
13.08139916456819,0.362444910398085,0.6002843817422429
10.133968568688179,0.3471738858446546,0.7142483487548926
12.41853721700058,0.3713225354253412,0.6701938111446062
11.830790541152368,0.37410801645957564,0.6111822108456679
13.401271318895631,0.3772682436093731,0.5743289441783669
12.432590207487543,0.3403771292443833,0.7469559087228816
12.488887157490907,0.3783293494812441,0.5375352524030085
10.534281337577632,0.37098695115818586,0.5462011538791598
11.123343571865451,0.3458427336794338,0.5775324217865287
13.991001473934595,0.36716356757378066,0.5040737567030952
10.67356922444932,0.3612804884477372,0.5432416546720904
12.755601261293311,0.3557919276414915,0.7052743035753503
11.361222441594997,0.347572303535652,0.7550932543486166
13.98134361850028,0.37369951091783177,0.5666768699858591
13.064745134054231,0.35167685960204,0.4897353680966146
13.78409556984688,0.39901048922035176,0.5664881497590676
11.346538587366584,0.32720971790143005,0.5738468060129941
11.749783478944831,0.35605640496108903,0.8191507213748586
11.993383558962957,0.35424175423822063,0.45704376400780883
9.029922988793242,0.3347663581983137,0.7861865046107485
12.40866164474409,0.35776743524130544,0.4567585027701168
12.566772551812093,0.34396158254030146,0.7643664304110809
10.400422154214422,0.37004392763008714,0.5467589696976055
10.881550153591789,0.3477862519688914,0.7301541490318545
10.120951693264988,0.3478475052333945,0.5274416770811526
12.518557807598874,0.38480083873984255,0.635785988483607
12.08880589891752,0.3698731293375664,0.5270882792857174
12.453079102964686,0.39029248722689747,0.4360506750990003
12.526922386073018,0.3770758331025183,0.7505169486233251
11.165410198744588,0.342343227369594,0.7494291630375675
9.959719162974988,0.32317724596931696,0.7416583268547972
12.646454155331604,0.3652591039976748,0.6411953405211472
8.018098874669153,0.31829838276417005,0.7838759124661342
12.816866016130966,0.3784948377147502,0.4376407273820806
10.796005185863912,0.2955822762124971,0.5559230517855375
12.335177506981434,0.38313476910955574,0.617608434851795
11.48150274973029,0.3494612253091665,0.7345533215834642
11.909409690301583,0.35009424795195476,0.569091268435984
12.918346779823654,0.3998587228271452,0.540170947107307
11.367023778007258,0.3506467344643765,0.6621467191769691
11.836740517342808,0.38691414342770314,0.6953544281364261
12.623767874237668,0.3611139709702594,0.6496206631378694
12.862636332698422,0.3613339636019798,0.47586931397824256
10.874849619569925,0.34060549411009544,0.5532578373395071
11.21329958110055,0.3646698506979565,0.5251815201465082
11.114155676228627,0.3365083525174528,0.6132339038131356
12.183282711588436,0.3591457845552992,0.632644766839104
9.26626122063211,0.3186765861680306,0.6533333900463038
12.746280563932533,0.3696119556454282,0.7770215313330395
10.74811744693234,0.3456444759654326,0.564594781421898
14.844479479107719,0.4007632196340845,0.8051787624095272
13.486882084511251,0.4015788772701899,0.5310334807328143
13.216426135826737,0.3720595740510201,0.6386681688483987
11.051354490621065,0.3422848141644875,0.7373817539046206
12.307286335913837,0.32272188801369994,0.5644849658525357
12.705156748769216,0.3592754106768953,0.5307731824994112
10.889277800416686,0.3438965681602864,0.7622424228009194
9.400457950372768,0.33705954037869884,0.5228367324497377
12.143656936919296,0.37596348018105274,0.636312122710984
11.240952858753698,0.37251356651012296,0.5766058264574593
11.837646527258286,0.32905020773089877,0.7174162095008971
11.29648553296802,0.3578220558043281,0.5692769728848609
14.37461609320966,0.39728732936972133,0.4615107940148453
11.401371466779441,0.372427441676869,0.6244794085416839
12.941622576663043,0.3438363095363787,0.834367696735505
11.576462330109244,0.3632033451448886,0.5935411131166648
10.667309837631759,0.33728919691954096,0.46989011752605486
12.944921565802709,0.381748862164458,0.5034845776099558
10.706162955383682,0.31349183088228744,0.6001655958735144
12.909924990573614,0.38470785821769377,0.4775587511519203
14.280071195562012,0.3868927381263071,1.1463005768694914
10.690699761200129,0.3087844204367854,0.582830585270045
11.124460101472778,0.3258815670305502,0.6908933666619073
11.285012602207228,0.34900685158304845,0.6179466119301973
15.29225199684576,0.38376007181906685,0.6524119547542345
15.134896303074644,0.3896024618367608,0.839619592550903
11.30421667824125,0.3267107450772539,0.5234396781151628
9.557359793466379,0.2977658946757446,0.8159986867531703
11.715948813332421,0.3201810276874135,0.5704403428116306
14.50682521979682,0.380282690702725,0.7225759458012739
11.046132197426545,0.33018945450588677,0.6133113327810339
13.65613734739171,0.3917430602686577,0.7279781097998629
8.355219955056704,0.31775903763878,0.7258214107183906
13.523013317906791,0.3823529686988558,0.8817631362768893
13.32624227481114,0.36168238721292056,0.5757710325986235
9.716501103087761,0.33205961952039814,0.4649598760969275
10.06345181797085,0.3337827471398649,0.7104973661255773
10.206197217125258,0.3514478536564029,0.5435942563890113
10.9787714635331,0.33013843068447296,0.6092613724838514
8.815900379422903,0.3256678674062172,0.8352998968778904
11.968310101835801,0.3422956719066487,0.5687877800479786
9.839687740513703,0.3482450246217529,0.6764301694996414
11.649999301070515,0.35304470625082846,0.6698266520455597
13.566708234429946,0.37963125543444,0.6163469842539644
9.862917603668983,0.30285325874680735,0.9186195420001443
12.861715712848568,0.3410339373402816,0.4217834993943718
11.823118418327102,0.3676358888828612,0.5823176973933363
11.92334227727006,0.357154575456409,0.6854531375978482
13.22411485674741,0.34312953358817555,0.5372321541414
11.378806218603579,0.39330118367281125,0.6765293677009904
12.640236538626766,0.3937602531028829,0.7602969190283874
8.300557659683275,0.3073110757553792,0.5813619196824835
10.46104861863273,0.3388104124818836,0.5941738624895181
11.937207121480057,0.36781985438325426,0.7572638917372371
11.482003677749947,0.3476383004375614,0.6230573410077338
12.745905639747992,0.34546901871531344,0.6932808578099351
10.776362078753532,0.3370006935198486,0.619283151651135
12.168106239926363,0.3565226671739799,0.7580802273542168
11.896668677005081,0.3648088645601693,0.7643323609037915
13.669936144236843,0.4061093104659758,0.7909149485951501
14.215304240413591,0.41162270558669156,0.6822035318747606
10.511219969571055,0.3222237983170002,0.6076116703563388
9.52943825144569,0.35885903387667595,0.5583932231541195
11.39228176049,0.3772280403532956,0.9026515493141994
14.043848371889386,0.38475683525144533,0.6124927759554527
12.360724305031876,0.35600643359306233,0.6661428344830018
10.206023776674307,0.3347188375733644,0.7710004037118039
12.417854536725574,0.33933827517042536,0.6571538095793364
12.77318360629421,0.37231373267392365,0.6927070232830956
9.401481988893021,0.3597422491066562,0.6625013868256246
11.734724204170522,0.3504669233469795,0.7646050445945586
11.412546494923653,0.35437902051646086,0.6055547114051082
10.64163559252956,0.33028718099401333,0.45340495099545575
13.57092151923737,0.3528812055271251,0.7040623122720762
11.091379459326138,0.37638599338419965,0.6623771883294334
13.309932562307896,0.3816038813006793,0.6576263248719737
11.861063200836014,0.3412233127809394,0.7894168953415178
12.049034943672382,0.3778358277885327,0.6372221901385353
9.116933235896088,0.3467207004189853,0.7141149482839229
13.150581678551404,0.3883409594207122,0.5322532896463074
10.750142008400033,0.33612529943421127,1.0223003052634467
12.105075743674412,0.3054832038531954,0.9704770512789543
7.048840392026481,0.29236907345520263,0.564353271714531
11.299168604657975,0.3977111256669063,0.5475287644794309
12.466147714739819,0.36628291617549397,0.721015205642264
9.579819964586914,0.331643852958465,0.6716315222927576
13.843052359737595,0.40863327217548046,0.5549555962680324
10.992258068253964,0.33272826649176684,0.8188405751175379
9.55746030979909,0.3500272558108213,0.6593734743089283
11.171085677740912,0.38179940977407034,0.7245179848654127
12.822113314624538,0.3551832357089795,0.6289451701005175
12.423076883814673,0.38043062649484805,0.6436387996754447
13.246213281117864,0.3823268349277053,0.9340080370414807
10.511348091441619,0.30720948523546787,0.6137059718502016
9.568927631041134,0.31318333425531875,0.609233767247323
10.518424483706632,0.35653706479862507,0.7752878466344237
11.821423123918606,0.3721638361681923,0.6336206646869156
10.151911376169707,0.3606314148981982,0.5344386115782545
7.45708326892278,0.3179181747368564,0.5327601844899932
12.549497231050772,0.3410649693007909,0.74019360329476
15.153827056036206,0.42334627292613847,0.5319222863247126
10.096182666872568,0.3758805960774802,0.7171459198767232
10.423304331000686,0.3469330802570784,0.4784185995573829
10.964056320560235,0.32797711104467325,0.6431511205633914
9.776677961584543,0.3536178828195775,0.7966616381125249
10.31922324072466,0.358205199695046,0.6619607465360263
11.309480536054878,0.3658112883320293,0.46311805715236787
10.667336169104633,0.34095294417081473,0.8961682713909137
11.708302373216192,0.3488844270196467,0.8400489256608873
9.715769675701264,0.2990980042703862,0.7637470775099652
9.290900184935154,0.30208236311535464,1.0519403092174113
9.687324378928295,0.36989473568215914,0.6849720523391313
10.550738178618147,0.34589738412556315,0.5939115693663274
11.146747349495357,0.3703661097438961,0.5794584608045085
9.31434700457682,0.3163413827576963,0.5953166413983814
12.228219719139656,0.37975255758114795,0.4306665137651277
12.632037191691854,0.3633243442872684,0.9553369464886895
12.263557073281522,0.37470709012913195,0.5526026514757749
11.75921040136258,0.3125445549886988,0.6373683216373349
12.34138317572333,0.3501313285402285,0.6968005277109197
8.477433234729983,0.3143126731850232,0.6753700627090036
10.162626391206047,0.37421630078274204,0.7225298969247143
12.026190148859687,0.37820249749777624,0.854197458959764
12.42602243697731,0.33100129192640204,0.9583378268928804
9.860242257487503,0.34310453280452985,0.5393742555983948
11.519854199268224,0.36163190525120265,0.9506421280434719
12.732095419989417,0.36082122440122844,0.5459278507923804
13.914101789030322,0.3796849471866261,1.0190472375402109
9.966625350630576,0.3364754780420987,0.931728756736595
12.551933585581335,0.36325629063858916,0.5254469555056117
15.808986353107962,0.39437246152664296,0.6644309654998952
10.496997939928772,0.3500432492575376,0.5020109686182724
11.960910896980288,0.3538500382377117,0.7991965245719124
11.464844145528026,0.3470819728183819,0.6089234666717291
14.674768800266413,0.40271471229670947,0.6693822799978366
8.001227212288928,0.3216743822902025,0.5932414237581258
13.402954060254938,0.3897521267341302,0.5530615531945653
8.348339849878215,0.30806356547421937,0.4111358462286441
12.231005686767457,0.34403689152982886,0.6143701177641903
14.005309364037196,0.33711447704630226,0.7114845188771617
12.362964731463116,0.33035300601737605,1.0360212849420734
10.311111843732046,0.35038553858830507,0.6595572742363132
12.249628755788478,0.3401647162476499,0.574407008840406
11.59284555258985,0.36409148264571867,0.8035627213084704
12.526264899591723,0.36152599282428477,0.7239152050866029
11.330804232850838,0.3507784676476826,0.7639102771437614
10.159317960504914,0.35909711628297075,0.7846561303811033
10.749893564451405,0.3253172574197667,0.6827030784685256
11.881385610805278,0.36625654782275807,0.44181293058728105
10.1405160674639,0.35126598744056253,0.6268036657164813
11.089881771331065,0.348993556785523,0.4863756915503893
12.715583098389846,0.3611570580136114,0.6317849249470562
15.322103925145186,0.4072553832521417,0.7226911065233058
13.939928840034874,0.3864040261018089,0.6807788369957954
11.244722203103109,0.36102749284370783,0.6073858826988842
10.957906815336695,0.3419217216235914,0.581619936080647
15.234281387028538,0.4283362176203019,0.635676214741175
12.104054487167982,0.37677622607522876,0.6427050538187128
11.442275108339377,0.31716914611658975,0.8355490117366825
10.62095184997943,0.3498130199556301,0.7566087532117656
11.83405168037984,0.3433615996882531,0.7592529223440379
13.170628910885565,0.37588824693688083,0.8153362425079566
11.66850717546383,0.38505908541415035,0.6708470081916699
8.71353439384362,0.3163179596157032,0.5923958202485979
8.403840298104495,0.3041687508616887,0.5977263680191288
11.881193598114312,0.35957855122624666,0.6112449258608842
10.90692824045653,0.35048347962189486,0.6829702764956265
13.721279665008879,0.4052863945371978,0.6494492234091632
10.956277392251248,0.3502559988593389,0.673032002438466
10.958365090214425,0.34556340026191595,0.712729789926934
14.35159622906114,0.4145386339910211,0.6553941275229178
8.844047787178727,0.32493645858181514,0.5581065218520925
14.375229189282095,0.4218548093943923,0.7218689157218623
11.536546681585232,0.3403226020397313,0.7851578759032717
11.136175169933889,0.3607997213575631,0.44370683003689393
9.235309036594582,0.33011637507879776,0.7024066417252026
11.920806950670961,0.364453620274738,0.6697349565185594
13.398820100235778,0.3749501652279305,0.6117054266408516
11.117641946262587,0.3323278797577927,0.7464603818146194
11.810028445148724,0.35703189983165273,0.6391536816866846
9.700431668826695,0.3373339797696615,0.593413530226855
13.487781199512426,0.3886846539409014,0.7474906582785882
13.945546608427854,0.40933249859733706,0.8150510609056775
11.489611434097831,0.3615636615765696,0.6228950153947783
11.414814857461515,0.3358326205152552,0.7296142367366928
13.133618020746741,0.3468898141350885,0.7668245919235629
12.666177251017775,0.38554458201628705,0.47851553982470707
12.443841981676847,0.38600350262807537,0.6567471362150407
13.186501666987589,0.4063911744731878,0.5549086596082226
12.900535555898298,0.3554277607912204,0.8831209741437294
10.62103245746172,0.3260643977475696,0.6409621654142134
14.231559256055618,0.41251643911054153,0.7012619646132404
10.407627946558424,0.3279304744301116,0.7735021524861272
14.256813265639686,0.40499430691169125,0.6582086143636199
10.446095823131042,0.35947682766134353,0.4126027920490239
8.112383638619558,0.3357786655959002,0.697296640406046
13.53653390141838,0.39162587056211545,0.6804853511675185
13.198477832133715,0.3853064852407761,0.8063322084534958
13.527692750442718,0.4202570830429022,0.5306819404609011
12.624037949521302,0.3892290903790421,0.6122159826382042
10.912681631107361,0.3778985756515139,0.5919332262991498
10.408758776075626,0.323200550411612,0.41706424607914727
14.180275500128666,0.36407551425060564,0.5596059553579923
10.698145004609017,0.3609726422560623,0.749666912851981
12.4925575117621,0.3575271061775123,0.5437364706156809
11.621222683457706,0.38674299049904765,0.5342709854609664
8.524340820045218,0.3267458170954304,0.7599149595880608
14.485976009769498,0.3747352801580145,0.8672437036795343
11.153887887663252,0.33967391016719173,0.5637727231800753
16.303141744588924,0.4110780619610613,0.7673859532183813
10.254236345912009,0.3566356873085502,0.4973021147645902
14.055199601971061,0.3663560099815015,0.5040151364318524
10.717491591781325,0.3841912770738157,0.41027326930058333
12.104491818491482,0.3512730037440468,0.7901761490004563
13.886041149709602,0.37994602066684724,0.5564375961394594
15.383609392350795,0.4009277389060614,0.4892843388123306
13.151034255602049,0.38014788592900123,0.8679013331091784
11.242422535653628,0.37045366670437757,0.7959835756235903
10.275328725909493,0.32017800082868453,0.6475308681506492
12.660385389165828,0.391076502807815,0.587322826038107
8.509329718365215,0.3391111527986856,0.38728178851106504
8.569805405126449,0.3322333401994003,0.5879854986419389
15.22548001893442,0.40392560499967606,0.7340941275296686
11.546317591302493,0.3707670233480282,0.6788182673381729
13.221583981590818,0.36596409844050803,0.6544254650083227
9.991464120261274,0.329782229179655,0.5531028588112026
12.59563767369962,0.3773270309809558,0.5618251655673143
9.875820509502304,0.317036747252598,0.5627692187175093
10.679449785086447,0.35668891834175875,0.46906906130291126
10.2744190111429,0.3325743760364934,0.8898012140347645
11.359328773942945,0.3398381719552296,0.7570122232309207
9.085604581907983,0.3500685588128592,0.6659264372381529
10.9482011798438,0.300610060578919,0.7643459881600199
11.508201719539077,0.368511648544143,0.6085930014324535
12.783123081018111,0.35381720542551454,0.7308679571493671
10.516315827889727,0.36022246797121105,0.5625572068330507
11.530529699698931,0.3452994254344984,0.6464976285134149
11.800350328946728,0.3804283155668583,0.6341803522965926
12.453312576040503,0.3847044794493035,0.662505823778411
12.548789574928154,0.320502821912166,0.8795848720562502
11.7441062809534,0.35970493417166577,0.5428946212562683
11.497081588614996,0.35043447626816276,0.5726625130765122
9.06201581231068,0.32090976993235104,0.8684704913586216
12.279376318181463,0.42432854765895406,0.4370102624199002
13.451658245171117,0.37452327263531837,0.6729017879842388
15.084803537134448,0.39342633560065504,0.8673332924006331
12.759055191581172,0.36778391973896535,0.781891737680583
10.083772115761594,0.3468495362184537,0.7083942505150373
13.007873106779407,0.3585249470242837,0.530317442287526
9.84725663201165,0.34496086633862977,0.5691362710075457
10.84093703691532,0.3445738906760932,0.7556588525733754
11.863743164220939,0.3357662053187851,0.7283551540358375
9.771914324605817,0.3583209788022814,0.6286454781888872
14.425903237522455,0.37781887365204303,0.5702025720481665
8.368320312609363,0.3258089129585749,0.40226916412341523
12.2326658035633,0.3551232300452589,0.8161479593578679
10.230307078258814,0.3440212216563334,0.76193175826448
8.432773797455983,0.2707418949075311,0.8364851814196106
13.594355904351545,0.3478290998739447,0.6934232674953831
12.645174221310121,0.3670773868680762,0.6922358198115564
7.485700532141841,0.31355989042109406,0.7158214251783271
10.899622841942001,0.34776551967691544,0.786223581009864
13.457402904312698,0.3796047473379529,0.4982015831487303
16.03658953373053,0.4190361128988447,0.6549306906023661
10.436434570960085,0.3783934124411224,0.8063562079834843
11.601562128592239,0.36330920420792173,0.5727886413558724
12.479310384843554,0.3382934607008499,0.7448535514981256
10.444238983792662,0.3543376261067678,0.7738130513267565
12.415228422429909,0.3655884103463649,0.7296083102859816
9.332382915849,0.3152253019444911,0.7039026042152464
7.463806585741455,0.2920190633087952,0.4493579897014775
12.221275223175965,0.3575355236116942,0.6255897275100203
7.71201186881332,0.3201817089862111,0.5302218859050107
14.13530515891975,0.39137636005978726,1.1664171489755195
13.121069087385713,0.405269413619657,0.8539788057016137
11.755037090496828,0.3509202809497749,0.6544083591999159
10.05478851172871,0.3166769177166589,0.5844931663947837
13.640122154834483,0.3888382871149502,0.5389151240486132
9.497764686342926,0.3245590502141656,0.7380372344312279
13.3433091630693,0.3866672192595603,0.6225560168638411
13.232645043129821,0.3712871809361081,0.5380716651200741
12.2349757035979,0.38866397833454835,0.6411068648375944
12.74716055932738,0.39865534222598764,0.467417961656844
12.221587332097787,0.3466345489779585,0.5883767210626144
11.75164475704359,0.36571684811807953,0.6390103004579167
12.713025010659841,0.3602780143237712,0.5355367278584735
10.574959806473093,0.3474460210749014,1.107250278954612
11.292422719295324,0.3476253233181076,0.547919903068055
12.259791381523709,0.3577817525857726,0.5317386622215041
11.767414848709187,0.34478932269165735,0.5336391517266801
13.091017020142633,0.3764886476385685,0.7267977515847216
12.42021012391357,0.3631424763226432,0.6805430560945815
14.183290534265243,0.37716693406605006,0.6634974963333278
12.679095838450188,0.3825693484287348,0.459079290210616
10.53593612948189,0.324620999180499,0.4205886816446898
10.539296689631499,0.3622911923086295,0.592268974326145
13.028582476935085,0.3775230145336253,0.73689281443675
13.44337325453877,0.36742724009047045,0.7751314597752161
10.456787819222995,0.334007260769992,0.4896350315794807
11.995820704495127,0.34535233418470146,0.7504524507202107
9.225871828542115,0.3072723308672708,0.710300428186343
15.618797859682818,0.4148063266464666,0.6842816523940193
10.174378823915156,0.29736401508979143,0.8590797506739511
13.51526690008783,0.40221951687231694,0.5485232949655992
13.24335931453718,0.38249223420091416,0.8058366974401708
13.21642886469473,0.3796080973098356,0.7444314292480123
11.325291275823584,0.32340252237522893,0.7618035511068946
12.112264276404357,0.3522024732030554,0.6524246669258863
11.815061000930605,0.3950246794078701,0.5587016542708524
10.897443807791856,0.3456243071158935,0.9345244296981732
8.747762150265284,0.2997387498511388,0.5953230801426982
13.150520688691973,0.3460899315035936,0.6347220155173396
11.0227858587454,0.34890900934827607,0.5916549254486294
9.012373696786725,0.3157585717937039,0.8291609420993921
13.834390843158268,0.38335548688433635,0.8047450094399999
11.843799972865192,0.331070274803289,0.5455409598507353
8.95154104151015,0.3309813930472246,0.6939733852078459
12.203879676418719,0.38112700158240975,1.07106408134586
15.99030248410553,0.39662466728017115,0.4758298554944286
13.860871544282123,0.38423735486807503,0.620409657121053
12.670172725816482,0.35225118232672586,0.5496651162848935
12.834770027376312,0.3895112814357713,0.8117214172940214
11.704099931624434,0.34141150721840363,0.8120072016397513
12.60555840950137,0.3615674836671422,0.6578912052584064
10.844915992643323,0.3464145140811211,0.7473186492611316
13.251117380041727,0.3829674882122057,0.7889444083797819
10.934049119606087,0.373084695183461,0.5430265133268132
9.946143145831861,0.33000713058911474,0.7110672194275146
12.620976518157129,0.372247056247666,0.5708883853843657
12.610540280689783,0.35557707339000044,0.7934714204395612
15.896412586721208,0.4349742373558819,0.5370571591794486
12.39352527522918,0.3286663217228467,0.759005938095808
11.362675301646764,0.37633278727498276,0.5363541766920303
14.457331155580214,0.37695365087613564,0.6497503784719477
11.678195736685598,0.36299145018263096,0.7071499435110917
9.146459130338243,0.32006638305187396,0.6863492774453825
13.064396052844067,0.35371766999023074,0.6628299623133035
12.912194286907248,0.36247225105960146,0.6174970300528694
9.912924526879237,0.3049337274566112,0.7462066476960632
12.4260831263245,0.3529828150964346,0.6043049248645385
11.839334809438675,0.3743438232114298,0.42429721822705596
12.386845798432251,0.38253020041335584,0.6186463118194059
11.992257277417185,0.36208382938561845,0.7755795476253962
10.577129633361519,0.3427825574736837,0.5026143567018823
11.554938653339107,0.3321719857564915,0.5585420571429436
11.8547101554622,0.3691933700801324,0.6062743089663026
12.217287442486857,0.3221265082940151,0.44636982118937746
11.02004641315089,0.3548394881237885,0.6112170501374238
11.765841557851662,0.35093392649016447,0.7180932728919605
10.60281800495125,0.359226522577818,0.5171896589668612
12.392159433869669,0.34986555805642006,0.7031269068907289
9.992614714109592,0.35401198199998196,0.7224608401142352
11.647673587107914,0.3436218464727131,0.6106429625049636
13.996768303739653,0.4050300342436487,0.7488517956576833
9.750025668135237,0.3074790916349125,0.6646862325377023
11.037745274449303,0.365504603945725,0.6465306156108425
10.645691929286894,0.3727255183477564,0.624873676461727
10.900590317287723,0.3359407451680999,0.6028487743875922
12.030395476816729,0.3716882599155156,0.7241121021501451
11.791215490199594,0.36097294852180106,0.6452232543060926
9.31217678746421,0.34295476165234245,0.5932159392370427
13.648659788068123,0.3748149207341217,0.7680453160105063
10.871225956054708,0.32754065478519345,0.57012338117423
13.315199039136267,0.3832256067656115,0.6531802550611826
16.029389044219215,0.4137484216837,0.8366013071895425
9.977820559083732,0.36781978992609243,0.6669743158363282
15.145586708344492,0.4344893233287327,0.7478318420959129
10.3253770825042,0.31609026541019963,0.6999605898762968
12.677020686954705,0.3270138347196794,0.7940743072449333
10.12579652047912,0.3191904498168262,0.6327491116912942
13.081231943974924,0.3751008583539361,0.664771386953157
11.589215476736523,0.38475081717464044,0.6298391989448139
11.08220878252298,0.3229179333022949,0.8264603105106098
10.996325447529745,0.3589946624095223,0.6109245851123536
11.481545859797453,0.3559200110046389,0.42557575377810036
11.511840952431015,0.37232130785679135,0.7872415197206151
12.819460770784847,0.34120342647835655,0.702100142374773
10.557867303042048,0.3676323322761358,0.4308030877417122
10.399379740353037,0.3691153855063877,0.6570585629943622
10.871795869582076,0.3824907369401515,0.5966020821689333
13.35774030971006,0.42173697414667455,0.7273314308483843
14.224593367900507,0.4001185236897221,0.5409856741401563
10.830760210908966,0.3449252471041322,0.6914980168841108
11.882740609188385,0.3340141192138644,0.7256697592515301
13.622865308546587,0.40921490065245564,0.5372984130737389
12.177115034063593,0.3677645901427343,0.7981082935053635
8.444759376669843,0.3261048112724697,0.6694692522947018
14.214218193373856,0.3813179838310454,0.7921635414065906
10.879999225490408,0.3483600721020255,0.6731716018458728
12.415897610935843,0.32079479495330926,0.9900862261303991
14.284912262984989,0.3474498907204992,0.6541604756178957
11.86834750159456,0.35731822524555756,0.5510539517950109
13.80385863795157,0.3669958913096002,0.5528964232205346
11.13288645354115,0.3450515252604263,0.5308827350933296
13.392814292564214,0.377776806738842,0.7513893011661755
11.41529358356031,0.35763964309568597,0.7115174948697116
11.432860016587338,0.3407322635645283,0.5479701096878875
12.016844083283662,0.3734887931540889,0.515187537603202
14.475071165908552,0.37756279800099113,0.5884451098509229
12.180287416558727,0.3757633830853772,0.7720094202310147
10.696198848399355,0.3773117101871536,0.5333888975709518
11.665717360905433,0.3541240281943564,0.9121474662592274
10.00628124410828,0.32799732748609906,0.6658363339407269
13.66725430232799,0.3952649822684918,0.5193905302084559
9.858230217217997,0.3277442666412902,0.7668796403509076
10.42526851757627,0.30992109091541076,0.6637383027611854
11.01029945788834,0.3182814146430943,1.0044082510882826
11.164904137127984,0.3595075319247702,0.8536463944163442
14.243711752607975,0.3950673087597048,0.44502697059521895
10.091793709181744,0.3372751482638076,0.4270559394944652
12.343942589555311,0.3711275603177153,0.6701249228231537
10.239968465177018,0.3291774143260282,0.5679752536797956
13.626059237517687,0.3632326808104358,0.5715140042137375
13.702493071353391,0.38396306524289137,0.46530382680658117
10.169037156251111,0.35700052190226617,0.7193509100515919
14.915174479501843,0.39424070359217966,0.8073540822127696
11.82730877630221,0.34497489500776757,0.5413677894115415
12.725094855696149,0.37565122161178865,0.7679001794645827
10.766685431745582,0.34489847791397776,0.7174838296725446
12.459719996193577,0.3581414127122578,0.611349493802297
9.673053701027595,0.3056543240294747,0.4930814745408784
10.614809245091259,0.3434622412790682,0.7496797706401948
9.802831146397462,0.3093585407475926,0.5922499544647317
10.359976071986004,0.3779729489461022,0.6541134949843869
15.581429965798382,0.42753485267891117,0.7861976269797224
10.427986462530999,0.3550138821983215,0.6424783215260718
14.819982452371075,0.41662310562459764,0.6989319841608053
11.443060749374737,0.35728317026105383,0.6468855461086283
11.251511864353041,0.3790753197050164,0.5956452839700945
10.672586288237682,0.36188710062773033,0.877680468799948
15.373787957347744,0.4112112549627013,0.7560608040574518
12.64359701806239,0.3880564711930251,0.5942699102514364
11.104629973108771,0.33448623306239933,0.6157975249033418
13.635983833344817,0.3686400512320405,0.8580753853178458
10.661872506557323,0.30156736499059333,0.7946632555543708
11.614095688145781,0.34435152660324403,0.6707871290269706
13.523170148506804,0.4086380912410873,0.6796311148386109
11.21257070638909,0.322048331686436,0.5418283691828771
13.83030082663345,0.3990104981568694,0.798403230888674
12.005717361672527,0.36904546660640847,0.4475469760839116
12.411492867683243,0.39810106788294997,0.6019315283415888
13.755280065161703,0.3785810529967916,0.5959518626811438
14.171865839975577,0.3898636116692481,0.614073105362126
12.31043213255419,0.39574871727597005,0.6817824379637506
13.993843731631248,0.40033370052168465,1.0923525823622642
12.247264698201072,0.36132506894911065,0.5198186535029344
9.91456291770766,0.33345610231905765,0.7335514572338325
11.937496706463854,0.35853303221447846,0.4656238940304434
12.21801659469321,0.35922608172996373,0.5403778953338602
12.404524956545096,0.35621712733845495,0.6229023910795173
8.567472046655531,0.31054568002488786,0.677305562610774
13.20513647164454,0.3728277116484194,0.5558863532150491
14.116772651785173,0.3812674617484093,0.6390819790091908
11.499283305296743,0.31613841326505693,0.46346097161519006
13.780882942602315,0.33525231487644863,0.6486190374254861
10.392305223136525,0.34563073248840137,0.7930524990032585
10.108216495290378,0.33729520186064504,0.6679180109214701
11.30997190765973,0.3163109195268466,0.608482965858262
11.600327524203607,0.33946347525563025,0.7167298212516864
13.21004568904964,0.37418062510249844,0.7873010836467579
14.35053618729577,0.4029750539092879,0.6274547497154603
12.857836949403875,0.376515492042254,0.6991352567643855
7.951711103547641,0.3251245649949128,0.7882335295329774
10.550646527031432,0.3357694288008808,0.43016037385523187
14.806103823623612,0.40490494024498747,0.6139530084620818
9.15371361209781,0.3180938954648176,0.7742092834846334
11.212555289307733,0.3347789122394669,0.6774004034097562
11.207351185037577,0.3224453310880572,0.5512481054190913
13.24847853940226,0.3924482266058212,0.5572543412359996
12.97752475716095,0.38324821434627243,0.6630166687213334
12.438208477980808,0.3638904325818276,0.7825051465649508
11.719243057688224,0.35751438350148435,0.8206055552594692
9.889799562741171,0.3353900051588591,0.9187023522073785
9.761018956224788,0.33366032567172316,0.5303675162537327
15.404056652463243,0.4168812313031937,0.6790427040170915
10.013622853650467,0.33948874445010774,0.7839861793029645
10.643173450703841,0.3507780938944492,0.5952136498935411
12.10380751638775,0.35013456096485074,0.5986146759011827
10.139285858745204,0.34866599385697344,1.020625268442256
14.26474667809234,0.3875978876075174,0.8011823032969597
13.743410079961741,0.36950932841307743,0.6573184240142088
13.857736728911139,0.3611947425837492,0.6829654155491134
13.439833776589204,0.3702803330004244,0.5539101726821318
9.528037573788549,0.32533248516362584,0.6617218689458145
10.398202645749631,0.35550261841656955,0.6091785680293746
14.857158658892484,0.43421790149020717,0.7121283789710123
8.462647783826654,0.34147102117563904,0.8386638704880871
11.57809312141326,0.36820389508922763,0.6343594541979024
12.377828663941493,0.34312988249402243,0.613065069623597
12.13001832921973,0.3578398329853726,0.7123102968060524
11.470397793771408,0.34712330256767066,0.520932433636147
11.925435304389161,0.36700630846534466,0.5819264013356433
12.770837330285858,0.34929724190521133,0.6625901428228109
10.981880559920405,0.3328398583274034,0.7728321695972775
14.167672495363867,0.36682517510859236,0.7706300243978993
11.46294490227529,0.34853587571184225,0.645551403471264
13.795847091002535,0.40740737424739676,0.7404598343832104
12.88061193471107,0.3197080671186155,0.7111769638788692
9.65081823022598,0.32297056855557155,0.6590674822663988
7.941713578647953,0.3144519529499545,0.6688200676201698
13.438424497035427,0.3543200070919847,0.5741180397164622
9.533371750234828,0.31792909060879515,0.5101383311934526
12.717037363610338,0.3905698314357126,0.6580389824939689
12.122276129686437,0.3547278494705983,0.5174854398072855
9.143366206374719,0.3234081861899136,0.46102857931133695
13.192464038636238,0.3951479543364171,0.6553511753626272
13.78287485233965,0.38659595278780723,0.7002433366645083
12.180472212897428,0.3917339199831272,0.6101813887049636
10.247981836503971,0.3237775807653669,0.7296320169553714
11.868935931215237,0.387241119037731,0.6888294086656634
13.317466150463897,0.34127376996251024,0.7991420072605783
10.832822950290051,0.3451137655034969,0.5143674233498203
10.940369630784293,0.32754060408432684,0.7004058091584082
11.354666580060208,0.3351570499353968,0.8144692278314742
13.195665941261169,0.3606033443105645,0.7020631782017414
11.393851466385495,0.37931027408601437,0.8529543267264373
11.73396162564087,0.3592249956620082,0.6251269965904089
11.081552736872197,0.35683613509643886,0.4186540180188314
12.484315961923247,0.40553579768401316,0.6163362664496866
9.023821800018546,0.35778734250059074,0.62354508033954
11.247082148861416,0.3530061497505682,0.952561848814854
12.695573761867426,0.34870945647428375,0.8506157043508266
13.261055709145012,0.3560628428735224,0.8384929064927346
13.095489755015443,0.3748532812107922,0.7467652046879307
9.762914711538606,0.3338786130976126,0.4500407236059866
10.566222971208646,0.33728944713370285,0.6186390862888685
13.119397128012995,0.3881996800525025,0.8181962633984841
11.981159893793624,0.3589721460937318,0.8316774756365802
12.762376750696983,0.37548728791507013,0.5742046846573755
13.2223578587904,0.3591427161698039,0.6085930014324535
12.845019035280398,0.35187624456687205,0.6369105157521262
11.25082201682898,0.3297850403473499,0.7124151006416557
10.102818160357199,0.33833847071848266,0.5224620358658246
13.305177712013684,0.3405778533016993,0.9609133016611268
11.781886502175883,0.3806234247363963,0.44416072287216474
13.651499916664783,0.38563079676831724,0.48043634426815346
13.82558680484529,0.39424579158244555,0.6415818453452077
9.026171292171728,0.3307468765979891,0.5801365450296919
12.862735762148802,0.38542936456240073,0.6444826598700144
11.30197283072739,0.35498979898712324,0.5585846030035434
13.064658217446404,0.39327373927922804,0.6251530911556606
10.277556325368955,0.3275800074913703,0.5809426264870233
10.681370690157582,0.3535597292740524,0.5759808489551531
12.253843420737823,0.4026450920160042,0.7583130008963139
10.887740995512793,0.3394239241934556,0.5881779073563407
13.444080954089063,0.4157713329586929,0.5616034070563791
9.88159656509951,0.3022543693198423,0.6821841541203753
11.988484958584504,0.367736550709588,0.7974265335930555
13.144862021451523,0.35172235820231623,0.5738237400401162
12.988954533134443,0.38559710957896104,0.6301444201586994
11.72192385940481,0.3565539602000577,0.6765104694407886
12.561845582695835,0.36092528539461566,0.6126646466499733
9.688136225944262,0.30890530666088034,0.4769814642560749
12.524058082920714,0.36228105598045235,0.6598464134908653
15.411660975046825,0.3867959352688989,0.46186217421287956
13.691310552240527,0.3962115080970621,0.6593734743089283
9.886115342458247,0.3299716092549218,0.8795018139944922
12.605790592650358,0.40371292976481177,0.5354476923727287
11.458727053327038,0.3771163947077626,0.7362038416523379
12.7013427655137,0.37275130380878235,0.4255099064853652
11.419724150574265,0.3540122937679258,0.7879422509123656
12.501256735661418,0.3805234927810208,0.6469929658062438
12.170673838674603,0.35408160944887707,0.5333981599657424
13.340706181098593,0.37338967985494886,0.4616278316235972
14.482936784772722,0.3806874482132514,0.7507169978558845
10.870851318281066,0.3665673413781211,0.4078212111824566
14.121523965796964,0.4069637667589858,0.5561906466500082
12.842735082227865,0.3717074776100211,0.5451647792791403
12.621702618684402,0.3699542458769726,0.676557718061085
12.843829713989013,0.3962154217351207,0.5958001277457576
10.460581511536805,0.3488943525721573,0.5150749041405971
12.616975504471867,0.3699837579034477,0.6097727471733647
13.580671368476796,0.3640859018198086,0.5967544307975603
11.809041250136353,0.34589999569230734,0.6014562120144281
11.60140160160989,0.3576809871994272,0.5710872230151065
11.177153511402675,0.3335710760067167,0.6924079762139284
10.883175028768687,0.3386592626539377,0.5629651349005435
12.867234563975504,0.3666362047117001,0.8123996257547907
15.21053011735918,0.37422429813703145,0.6829848599579418
10.009828391973777,0.34632023547984225,0.9672436684007731
12.260407012274683,0.37932969586092213,0.7561993292874007
12.058098266790026,0.3717407695332523,0.9396282940791594
10.198192510136561,0.3426605329978212,0.5175192756540463
13.376077559216498,0.3903596417664852,0.4338110780728912
12.847005182321642,0.38592452947822486,0.6194861953128697
12.857596361059684,0.37996278656958277,0.5402479233199006
14.46705334304858,0.3808941616690673,0.7428501475796774
11.139865647464134,0.336951180599174,0.7261834251686029
13.780494292144414,0.3632929897569099,0.7882858445123109
13.316787107539255,0.37771739758494816,0.8280671190157504
13.838961503827015,0.38101108077708157,0.5859734712810675
11.733419405437829,0.3938197705744525,0.6549821350502245
10.857991624440245,0.35915528832934007,0.5938476481097663
13.483051352874284,0.37922598975965405,0.44686461878235645
10.818487462435087,0.34063288117846996,0.5969718105446348
11.039567433716677,0.3427823107868819,0.4767431985377995
9.138780104959764,0.3064486179540325,0.6473569376366981
9.856559969390066,0.33779788686034895,0.543864067966018
13.884373609578525,0.37328072206029733,0.7429627622487577
13.422807342000318,0.39087405793564806,0.8057488795738645
13.932447215819092,0.3399866885531514,0.6498047983549802
13.908465970374596,0.41770166525195257,0.7137817738447286
14.646663959255129,0.37948799531884275,0.8581814497091028
12.213661937912537,0.3573537785017262,0.6175724912320276
10.040261004268537,0.36034467599557884,0.6943715077007202
11.872490911764316,0.35991997265221054,0.7203754810167192
10.898190621905691,0.3252204140834772,1.2537050413789923
13.485066084811997,0.3752121356438579,0.5459278507923804
11.898352633324727,0.3963698614875082,0.7176022109960856
15.002459897121891,0.4231906452313267,0.6684414880415614
10.590727433284805,0.33869198929437505,0.7378226325731738
11.158167296438595,0.3678922581652659,0.4558827801832121
9.641289251794234,0.33705207590916997,0.7249361770992905
12.706341599427368,0.3671396083340836,0.6462174418949928
11.968857605641965,0.34122022785894923,0.575800160048147
12.021689933519674,0.36698466228961163,0.7138872286245523
11.160611427818601,0.32617247187315435,0.5647321410538932
13.053713030702738,0.3567518561645609,0.7551392439405505
9.736164219307497,0.3210272757281183,0.7537632005106658
10.93588350446095,0.3558528952361113,0.6445561959729299
11.1799665489525,0.35187026904242175,0.7465429011497462
10.156554912050723,0.32731564011982045,0.6768414178281323
13.297732984638763,0.35764948139609765,0.5335881454601332
9.557381286151589,0.34365689688980045,0.49174062624238696
8.814600526710016,0.30386681480454064,0.6214104775749408
8.622179446557471,0.3242295713427602,0.5113540564512886
11.319754879193955,0.34157333004776413,0.5437708149135789
14.776063318262889,0.40587435356882573,0.7298158220292956
13.943768673203571,0.39839605230570874,0.6443356631388688
11.7052528740969,0.3310870700908809,0.5948600238557681
11.457489256178533,0.3649150014176118,0.6454939412242888
10.13262930427296,0.33587682987735246,0.4538065611435818
10.396093551534992,0.3243766940721325,0.9234718908148369
12.60361914755168,0.37156778649452826,0.7184777940830467
12.206784851337442,0.3642778512097719,0.6873282018743152
11.838673518211237,0.33614609200305123,0.6007800831444416
11.788122989465684,0.36099309316863193,0.7029943389853874
12.190244780864475,0.3242088035816717,0.7811197289209886
9.985301390787587,0.34967585083982966,0.7236953336229835
9.774091006363783,0.31167064905087555,0.4673089225433029
13.62996154476414,0.37377185213003006,0.6999972229169169
11.866830441370585,0.3426433566962933,0.7277251118271504
10.824350835352227,0.33530762173877865,0.603666142323636
11.608627682326489,0.3365273066677185,0.6405527151781426
12.601771440098833,0.39465969914345655,0.6040760750167735
11.698609804251468,0.35746914997578433,0.6778799588078543
12.844845967004197,0.37588477059834424,0.43112063605918344
13.222488767157376,0.3852167144741331,0.7493649451504532
11.183032669801463,0.32114250707945696,0.4290521540349176
14.363264563588238,0.41699969495154493,0.6741044897683
11.461468991996888,0.3597556116840798,0.5687484744997603
9.684615607989134,0.33498452834152437,0.6110638018006025
14.27238498683635,0.3901676954195733,0.5505389074795791
13.259192747034167,0.39520733312051215,0.6912962904534686
10.475180106186478,0.3442723554018702,0.6628832909057314
13.122382456167799,0.38771799979586363,0.5486190149375285
12.528453416471159,0.37542172822126363,0.44493823597525245
14.059358420337528,0.4026606162770212,0.5422220038795901
10.934882143062062,0.339821974315361,0.762499345541843
12.154018807354259,0.35631555964969636,0.6155838472797452
12.863839628912018,0.34518880278560327,0.6538958078648243
12.174648305007121,0.3687484866174626,0.46090900865307377
10.948742715259883,0.36159218696265716,0.6875066385634645
9.843109217140086,0.3224757091987118,0.7732551140101238
13.6132258756876,0.3963928430651473,0.7625399360438924
9.808174179693694,0.3253644133078316,0.6336245462983486
12.329126531459114,0.35494250754878665,0.5396378290365851
13.55140030765891,0.39986563889525784,0.5343268433069217
14.23904430094575,0.39316939069914403,0.4616278316235972
12.549268595555969,0.3828371899364587,0.6239820607736254
13.228628513000618,0.3780909630332976,0.5500659336376741
11.308552416259104,0.35265999261456205,0.591099499324072
13.820296048860591,0.37388761891712397,0.652094391763593
12.844174132832364,0.3393687740380742,0.7669966576334963
15.83108843634842,0.41397850672436265,0.6791573958760906
13.474842163097943,0.4072471189823985,0.7453395650443358
9.35321491661356,0.35574110543219767,0.6110150651343413
12.708975448134051,0.3576116362804972,0.5306089806997135
15.403646182789164,0.41452282131374574,0.7558828120007728
13.228883321668828,0.3804079331376843,0.6148341770435162
11.13896081478363,0.3293813964482983,0.6261283841558658
10.006789953191149,0.34127261714207896,0.5764479299620131
10.455759730416698,0.3417745618658854,1.04952413788944
12.31650612293392,0.3848809297216282,0.5439180785086724
10.81391947194303,0.3410925303244225,0.5672775876845542
14.413673440983604,0.41605548422109434,0.7993913203757996
8.556447669404392,0.29692983558568276,0.3692519362761153
9.03865169641773,0.3187340923626548,0.595961551826247
10.768052397391372,0.32624488389958245,0.748832573053285
8.928622625218122,0.32957998054300086,0.8415772574708892
11.968413675652009,0.37250906063581,0.7355896669072602
10.102439337587189,0.3261740564867882,0.7410614586793648
8.588105996104005,0.2998873605547946,0.5258902435486711
8.654664622245594,0.33432985050749753,0.7088068589024319
11.086040971995118,0.34771477984389476,0.635766381858635
11.079969162984032,0.3583417831901272,0.6420740385718781
9.4911502333098,0.318921758810772,0.4574113150106367
12.370353889455046,0.394865224024419,0.6789376208408936
12.03749456352173,0.37728419869961694,0.7965844982781042
12.192418526534095,0.34060957446451323,1.0906065631324848
9.980915110462444,0.32558459103083714,0.593937143649135
13.278566120336244,0.351904260601892,0.5010753893962014
11.17355311505941,0.31365271256412414,0.6381520347746104
14.449686920672654,0.37127079200292823,0.8120480526206267
12.369993704657354,0.3763110442410659,0.6994639951807587
11.968620128164865,0.34112921704864413,0.6330585850110254
8.881581592824414,0.3214866567426695,0.5172656684536356
11.63419691919944,0.3794294832565757,0.6029089586237639
12.250874804532216,0.34770608713536466,0.6696982888505048
8.662488483020997,0.34128764604595735,0.9026627717870724
10.784632211227777,0.36193479502314563,0.6572101111253733
10.430773669614368,0.3606833116092881,0.5802915294674904
10.044397019255769,0.34269451638039816,0.6369814899383042
12.167658313039102,0.370716422364436,0.44568742234497416
11.043140993402638,0.34602995570318273,0.699787968690396
11.4496659500012,0.35204207850799707,0.5585261049514388
11.491826578258621,0.36513859659137027,0.6182709196053383
10.689087973506012,0.31720134844262365,0.569982050927195
12.660453888441285,0.36334522046046036,0.6136213422053244
10.000715438300741,0.3851082734488692,0.6593647257637696
12.26455837128836,0.3734912982073709,0.9439235416025179
13.33167767226174,0.3843898503384574,0.5481861555293659
11.238920052916875,0.33004183551679434,0.5939435377360636
10.77112275774035,0.34065859916755614,0.46311805715236787
13.21583689246441,0.40338324543496934,0.6648745124155391
9.955821629185778,0.3231852754576661,0.5796961142383922
14.3939852004866,0.39151824367665666,0.6434517249248021
12.537830934989028,0.3846917072082267,0.8430819560753087
11.97849516609951,0.36621885765872014,0.6938969016692648
10.00548446110528,0.33317857352099955,0.5950978483198159
9.60201447223995,0.3134935198486117,0.6554027189684611
9.978032815286937,0.3319360563238893,0.42094332876961754
10.896739284305767,0.35061657183075745,0.6249258054309479
10.025447450104075,0.3224598974918554,0.6929252171081743
12.562360427314196,0.3484658143490336,0.5218494470662214
11.826828422192335,0.38306853921596246,0.6657732833898387
10.446432486001967,0.3145214650098702,0.7355593021340614
13.176698448194,0.3804051480084635,0.7587991908140844
11.45833812194774,0.37521840283923547,0.4985188753472134
11.352502672801073,0.3201304387521251,0.8799693219167987
7.693130435154497,0.3070063617566965,0.5626169807949503
12.434048699552388,0.3687457685445981,0.46971291035316176
11.352962727516271,0.34553209650731087,0.8308273358881141
15.049456331153582,0.4493624421436304,0.7098906662357977
10.555153865038328,0.3430534499078267,0.6867344148010787
10.414497898547722,0.3419449173101096,0.4099701241154211
11.25730630007164,0.3407212443500487,0.7948777437029829
11.21744301062645,0.35531373331553806,0.6649283360603309
8.814423695177677,0.3291326603754184,0.5996845750785398
11.559414270413853,0.3250017852474837,0.6240933040478607
13.775998397192232,0.39887992891309965,0.6744319179823395
11.334484367201906,0.3397679091661826,0.7801905328029433
14.820588853410513,0.4283029262178208,0.6270593412832954
12.056763926271856,0.3716598747316067,0.5385763112392841
9.588558519809382,0.324023546592188,0.502901341103442
9.662429942267995,0.31699158260427146,0.5138697767323905
12.776329917321917,0.34040964669125234,0.4795790543832276
13.557181849266339,0.39568653014779986,0.781294323084643
10.272943449883826,0.3595172635716169,0.7323857824665511
11.060435081965295,0.37360250421283303,0.5354851755854013
12.052773400116752,0.3616198067877382,0.5350172004067931
10.59432013883881,0.35321640113381236,0.5937645813233432
13.653359359431942,0.3773178441847473,0.784067071230938
12.881791234402815,0.36838480447344035,0.5741411411988359
10.357326684163557,0.3548608739828769,0.5471584575452233
10.329619421862727,0.33666271540614134,0.6724419921828312
14.220178319959956,0.38399750710733116,0.5961683662347025
11.537494210860455,0.33989170555468196,0.5525254209190019
11.1514345513148,0.3508707124414907,0.7380372344312279
12.60661368873004,0.3561465418450945,0.6562721991999254
15.8768174357437,0.44009876441498674,0.7608406956188737
10.739442881969318,0.37966565464039354,0.7332264321615422
11.873398306109326,0.34490474464062737,0.6530952265841354
7.944902256563612,0.31328142072038095,0.6581607561953922
10.655723159698425,0.33789365630834733,0.5631830597083421
12.455271198381364,0.37216781982767483,0.5160157802961249
7.8299250880159725,0.2610834148796189,0.5639806382822129
12.964812184202714,0.3845855307553345,0.6644220141016004
14.518830076391868,0.39625042692202816,0.8548496617286723
10.280766431979654,0.3201234661541037,0.7305702827737549
11.49067274737531,0.3703482200025413,0.6305954324965111
12.00374995143953,0.33291889527402274,0.548644212733612
12.467876197257407,0.3955930044080053,0.45662478870892254
9.759758798817437,0.33500416655110477,0.704222129086466
16.56777958279743,0.43325252041819834,0.771371317573393
11.254836042869453,0.35608062168216664,0.6019947671068056
13.826193082539888,0.3821853987502566,0.7699605055259882
12.48828070747195,0.33886019986877564,0.7443873683187767
13.526235324664004,0.39352452699556106,0.7632241839463844
10.557361248451254,0.34034379428174644,0.4366490400891445
12.708543238438565,0.35076617077614886,0.7495447968507749
12.179960572024044,0.34250222838662236,0.7708815446301479
14.032563934036212,0.38076529389560626,0.7986207625218644
11.726092659428346,0.36196011110657955,0.6519970986512021
14.504590707606766,0.3443878274034823,0.6814297072928222
10.692322193104918,0.364103090575337,0.8366013071895425
10.548523700280946,0.3745876031532114,0.450207716669263
15.328112773458713,0.41534602987807157,0.6538744776866844
10.641102896248125,0.34579006737876433,0.4814275936616929
12.579574316742846,0.37955764195568353,0.7147938442728763
12.263173309427657,0.3632350545882331,0.5392689343087866
12.203109085549016,0.37903104705489893,0.6874818473793485
9.995914192170382,0.33313376846909915,0.5816439550745074
9.65439028027756,0.33104365785854867,0.7203754810167192
12.608457672349957,0.3907167605656648,0.5307275555978236
11.192090991559041,0.3382666339438424,0.45553332184150946
12.112445820271496,0.36305387153757396,0.7910659787959988
13.237642894298116,0.34139557669983794,0.726569391244809
13.171116652586296,0.3598926301121605,1.1796608746436723
13.400894114010399,0.3892563731921422,0.5459725450426282
14.039794517560495,0.38345373964041607,0.7644073198341936
10.446424171358952,0.34378154861703397,0.4660496200863694
8.422721414672022,0.28400624400922925,0.5521859907405471
9.862581238576688,0.3242665112719039,0.6639168470287755
11.96815006817475,0.33250879607186495,0.6326177228955313
11.669418681631225,0.3622938348752921,0.6706766249894799
9.051648705604599,0.29197163249583585,0.5554465365002141
10.586937989818022,0.3340048127923175,0.66567424013112
10.799757654717691,0.32241975248023647,0.5585207878579969
11.623081099233925,0.36584311795825775,0.757894162779483
12.154395647063662,0.4107149245325197,0.5364436652163487
10.186903168851767,0.34501866453476854,0.5750210692541394
11.819932720556643,0.3543496167426589,0.6381361735635581
15.346741990316598,0.42909417517365955,0.6583217751844826
12.34663876561585,0.3792364780579631,0.4926430369119801
9.987090528916553,0.3271824568135099,0.7279192495154985
13.430404910158561,0.3805054085222372,0.5909105067372066
11.633664987294772,0.36398564141521955,0.7166511813343864
12.642908043581365,0.40266766089702755,0.44840295901826255
14.219138938806516,0.4065208285739866,0.9070717110776371
9.481975192803862,0.3207392454925246,0.7006681000403594
11.030000402144879,0.3538356582349273,0.5502692137989539
11.813409520338183,0.3542919760628564,0.7704206121644662
10.887699816052432,0.2935084789731977,0.6772391977484109
12.562765381054529,0.34546389144179007,0.7376082178080833
14.16564549357987,0.4004684054092255,0.6632524997502854
12.546094857954174,0.3970502158262848,0.527021258646977
13.476782076688185,0.367586770720183,0.5193221285974908
13.737472406995348,0.3953061698165178,0.6155482559634337
12.09643485824061,0.37091072475022924,0.46470853813176133
10.958012915342334,0.34807812544173455,0.5199430074179207
14.256132413700431,0.40152830777472537,0.47279168765646534
11.668200657744894,0.3630607833311555,0.61982746804043
12.010459700551472,0.3602797549744785,0.6909587938383485
13.304468460643232,0.3489204081477387,0.5655197695916084
8.587488515524107,0.3380066571999545,0.4867307193308691
9.624726559906197,0.32757802523212315,0.8518769222427476
11.910249012243572,0.390581826875936,0.7639647002747494
12.73584809502059,0.34567179724622044,0.5335881454601332
11.916396757528538,0.35280426471481796,0.5370146186880785
10.33915238563436,0.35320705664203567,0.805413838889504
9.543971391604337,0.30659272614252575,0.6760762460911233
12.07921505360575,0.35058061209609986,0.5788419271664236
13.135406211337713,0.37158696830219623,0.80019538405469
12.29454478495201,0.37344167807556744,0.5848530328223163
12.047057931604236,0.3646912691839455,0.6718905537434928
12.322125310914842,0.3751652233589811,0.6198492705601978
12.235465740143152,0.3693953620048683,0.8107601346810066
12.295535899971348,0.36837627067068557,0.579416901496607
13.110539604646213,0.3522301143612391,0.5015637015026395
12.824213567595944,0.4006413029136819,0.5775794569018902
13.296737344791293,0.3911343421397114,0.7885775044889531
12.094738686711764,0.37094504872605893,0.715586478352547
11.896753160205503,0.3445803920942487,0.7777455458512202
8.494655549315933,0.302670605774116,0.8566137829011696
10.724459405387865,0.3363304389513215,0.498035624074591
12.938288015715834,0.350979470555862,0.6574311262461248
12.172319172896024,0.34267597317858534,0.9956643470481487
14.316857986304317,0.4124321959001168,0.8378370160520537
10.426599767210991,0.3564172094871817,0.8510950595336194
10.87672542588643,0.34951127156272815,0.5966993125025611
10.729483195024681,0.3250302302896255,0.5354008494240556
12.482794297183862,0.3825903016462485,0.674352355837622
12.155332234866922,0.3850413634903874,0.46110036638975377
11.5034481420799,0.3160714478872956,0.8059005830173153
14.07323672630099,0.3981523583980568,0.8345893660442378
9.57652489084144,0.32416567030719645,0.5982418885502676
12.180418623486048,0.3802014118063708,0.6283121480331304
16.12863388258455,0.438533733075322,0.6027919502661454
14.389191161976882,0.3697461822396899,0.6515661490511636
13.592708272172576,0.39203872799949285,0.6420538444526984
10.41900344386454,0.3283406013933144,1.0591088688436752
13.59371610894345,0.36217088028494354,0.8197762757359212
8.637857287513537,0.33520312445694767,0.7053760318803302
10.84464881784979,0.37758288590704836,0.6098211871454128
11.629298753289405,0.35077845866425916,0.7576285937460553
10.595921365975325,0.32043589649854465,0.7490825824371555
8.526101323688358,0.3116402751192402,0.5127676750930699
10.58153233946199,0.33499483234593513,0.4533594455429768
9.744115559299864,0.33233256712180403,0.5185119199139767
14.223952329869103,0.3572276396026353,0.8642436565315796
13.480430094237551,0.4097183752726878,0.6832280552810829
10.551207630553641,0.32567965531623605,0.778514783246461
11.519690482502131,0.3692186319734061,0.5180488242919542
10.12738299358659,0.3214131574687226,0.7689109301315403
12.075537641773995,0.377788008233844,0.4302575698647547
7.5578335239078775,0.2967890924143632,0.5379290981053959
9.96348577658041,0.34058953381008106,0.5844748858447488
12.284254432684243,0.35972279637920485,0.5041871472492875
11.320014484264824,0.3124973502897385,0.7726843029302153
13.368004554413623,0.36111320240625333,0.5481610207898294
12.897695120965693,0.3710128746286546,0.9824667713248085
8.197773412412296,0.29454973256163336,0.6902300799335895
10.549084262669961,0.3294147272908832,0.6420053863396364
12.132506179444245,0.37977824892704437,0.4632029561670806
8.484001749122811,0.3228746548477017,0.48536409594308016
12.002373905373258,0.3626525999586237,0.7989396120246807
11.905233584442406,0.3682204280392262,0.5347463363441158
10.258483879101576,0.3389062788140404,0.7294601959376074
11.269679192672065,0.3434774207489906,1.1949186883182445
11.499271163567517,0.34825658716440355,0.5406284763328756
13.377065786411997,0.3692809280336106,0.563433986376804
14.102170329448022,0.40346757116118553,0.6940600971328066
9.746419735643233,0.29443226847985327,0.8047450094399999
11.830819542769557,0.37436567400097653,0.7283728423619926
11.121972768984666,0.3718496364990248,0.5570801522388739
11.692974614454329,0.3461937822112312,0.7506976312610729
8.560153107878037,0.288395228732964,0.5535992491815274
13.299061327329486,0.3866979481447101,0.7509818249609226
9.991854040062645,0.3397528444499224,0.7007836014176033
13.703147029436678,0.3365917714035268,0.5140520794018915
10.310312173022051,0.3221248956180495,0.5693670768697375
12.942425743595983,0.3650466076773195,0.6852566538646371
8.136711660124938,0.2868194615117999,0.6329424793107566
12.738224149726747,0.33869464856833775,0.7780831542445631
11.059586890294572,0.3390382654296258,0.6154557474245909
10.402431843934632,0.3194879741930172,0.4582782685664805
12.320734288476455,0.3484992886436946,0.5633412135408612
12.593755859050702,0.3858141427439116,0.7462320094650465
10.292010859174745,0.3157962383869904,0.6275414629047611
10.65886022493616,0.3196900436414158,0.6080228392868591
13.329274403990695,0.3502372950106946,0.5116971648910592
12.940481903170518,0.36629485011901014,1.384957802973932
10.00681032677807,0.32745300503567076,0.6940754026115881
13.40744931659789,0.38254141997866736,0.5648476006539114
10.097545659844087,0.3201652413018433,0.4472736582515215
14.558863456934919,0.40047769387896,0.451660007911576
10.67216485386869,0.3441507344985026,0.4833321287412111
7.9035307419611875,0.3287064360145809,0.5418769196770725
13.20019162179343,0.41445232565296963,0.764898505311279
12.123614776357616,0.37197061012644106,0.596887426022104
11.025430236256227,0.3626961128391898,0.7920422067642696
11.618626054948212,0.3552745560511457,0.6086755672992603
11.412188681261888,0.3416789383433733,1.067965330799538
10.618304169617787,0.35975061763861604,0.7036898291048247
12.421942852748455,0.3565551366575211,0.5251417395275918
11.60420323488886,0.3805054737376,0.637740027259681
13.392910091108682,0.38680957793607657,0.6298697011095344
13.013722952177183,0.3941418648491985,0.464335349453608
8.471098730640154,0.30911263913547704,0.6752290913950222
9.270748423296922,0.3291496396976634,0.6323243259984419
10.50178109892338,0.33067420379825013,1.002043293896528
12.77703858721095,0.36953808055502535,0.655025014685165
13.84519090325298,0.39484183360485126,0.7158718010415699
14.494593027000036,0.38432340114022856,0.895674481478225
11.90913935337408,0.3637020335746361,0.7271318966642216
10.274328230030541,0.3445809828443164,0.6596886540421877
10.81804833406677,0.3354207013050851,1.0043154950968498
10.82350790870764,0.34825009580781124,0.5484880423402994
14.14947111959917,0.35275310705745944,0.6753418613826807
11.363236148023706,0.33353765448438627,0.7489735732052306
10.64336290859352,0.32535263023800687,0.601084721587078
11.207225120630515,0.35010490676445183,0.4733441674455288
10.812331585607179,0.3896718109286921,0.4051891004292189
13.298485639751764,0.3736329222917067,0.5842313089610717
9.827694680965706,0.3300263805646821,0.7650282816814831
11.605081575363673,0.3720378221701542,0.5081285807389624
11.716977869144731,0.3399752660127861,0.5465745022623617
8.872301408094852,0.3127801046032406,0.732457724882448
12.387515677881979,0.35917622625282036,0.6179538132238845
13.673699458290972,0.39972137635534744,0.6643056788366448
10.216645663317781,0.3729660079759657,0.5126196189759047
8.774295134828133,0.30896447583517267,0.7653974807486047
12.840122517332883,0.35410433053142976,1.0507788207157889
10.117209166987195,0.3533419184510675,0.6749849500921233
11.034589824834782,0.3532879876604141,0.5555197667928509
10.073108015878908,0.3289329631632943,0.667849821927722
10.399226044476315,0.35381441297096783,0.5083369056936948
10.516098101894759,0.29348756055322067,0.5512992325958046
11.621516125375553,0.3263849473221716,0.49097674138183733
11.487727922334493,0.3632452965411997,0.6304577328699111
11.829474491800337,0.3601332460654264,0.6315964604437416
13.721987400465352,0.3932488996411454,0.7244019487358284
12.910121597824752,0.3688507761202985,0.6102784751532235
10.243113792497109,0.3374628332920885,0.5428067465811491
10.410837733626042,0.37437688991567375,0.6791908586168516
10.942559078583834,0.31768249042434354,0.6194716855705049
12.253187500842344,0.3715733681713268,0.7768426317899155
12.390516126345496,0.3636076808828232,0.5591545901584682
9.698594754575808,0.3541674625342489,0.6998193448613004
10.33125640190092,0.32464946274862905,0.5886130743962525
11.358836305941754,0.38094100739700826,0.5151666739798493
11.035207546874574,0.34775247726046243,0.5664326796830708
13.425998519149196,0.3813244964047014,0.7360455902356616
13.12624231177449,0.37469656023157805,0.7723466404364813
11.575377928516403,0.3291048190844715,0.5919142387645534
9.38586634400789,0.3344963550062677,0.578085811253537
11.382198990804227,0.31792195644881566,0.7750248866147091
12.971939603264026,0.38319478123480544,0.6945759390505244
10.119251129276584,0.3155154635227373,0.6173210614863768
11.214923158505378,0.34215919096834424,0.6418802536463663
13.64153617278238,0.37204967550320023,0.5643779573444825
10.450368583741309,0.37519262865832465,0.5488610571993178
12.372119393424182,0.3744225396567179,0.594250696972801
10.580016165809973,0.37575406369496633,1.1090880055530823
13.581875545866083,0.338006491587321,0.6985727819435145
11.216632251055941,0.35464550740775064,0.571781941947075
10.291676658407738,0.33835931647587575,0.7044033864411784
11.799780181896178,0.3387367552707661,1.0641386453056483
10.690608844010164,0.33625616802476394,0.6840812892524781
9.745712523739751,0.33204772172659563,0.6273077964239766
9.13705521472912,0.32329092947766336,0.7203925943089812
10.134384945113254,0.35284863129747335,0.6270518169474164
11.803508167736428,0.36100023195028236,0.656881168450164
9.880769597312533,0.33218132193408423,0.5772798047640031
10.151694730397605,0.3252088015826268,0.6568898185093358
10.408138860636868,0.32012215281954426,0.5194461264234116
15.17734539566094,0.37839115454231287,0.839069202722795
14.593857102325593,0.4007228002792568,0.6171488298972017
12.311045391099128,0.3780692586308459,0.8645097247205978
14.236561353095105,0.36778035756950367,0.752472654242607
11.56528319866176,0.36281727122567425,0.6677680226963627
13.114610597033678,0.3837798329210999,0.6008330304715892
13.661229211556538,0.3955085895489957,0.5642819758639374
10.393218799419031,0.3141712261232046,0.5953681572033755
9.17962306029153,0.32756909310926996,0.4371529629805417
9.591527089188375,0.35039389111998753,0.6012504804496563
9.851972629882773,0.3168447102979092,0.602608217550353
10.10134579186623,0.32140548093388954,1.0173399118298132
9.50067310247962,0.3315785328672447,0.5484981138253917
13.991684691764714,0.4021693330267288,0.5248458787834843
11.373905264679923,0.35051186449745475,0.568776549059814
10.218376188123653,0.33913553319680556,0.7396867017623525
13.251119450613253,0.3693936497551912,0.8436769360596275
9.742241139029812,0.3387071329986576,0.5402623600236988
13.145639140997133,0.3922139911510202,0.6591636052862734
13.70204327296753,0.3950705339726438,0.5328525028785442
11.488827653184394,0.3386260896426684,0.8576900278702358
12.378432361986032,0.3581465690541649,0.7095034109694485
10.496061911424484,0.3729353798337162,0.4979225652040792
9.531298541571665,0.32490488513572036,0.5860594532814877
13.733934740665259,0.3570263785845426,0.5661832658341849
12.556020292261334,0.3688293049418481,0.9602235780806881
13.535575962059426,0.35206219456360566,0.5526799144268592
13.163340466371658,0.38180652194209785,0.657179793110207
13.263001018680065,0.3856474636584769,0.515262667641249
10.10291188029025,0.34584685376148844,0.6091233838125725
9.64811283159046,0.3068277598526997,1.0119288512538813
11.787679372291315,0.3717546077928629,0.8230958122536165
12.897935331622865,0.3747126690113778,0.8040381834943523
9.527949032792353,0.3247260532105304,0.7117154471588574
13.461020601228203,0.38202928926130375,0.4437601569801833
10.298774406818094,0.332845755329945,0.5717933519134906
9.690604481860664,0.33895028148987066,0.5600101721521523
10.710565133641857,0.32889408866127234,1.2099320180053212
11.040854480145118,0.35571821653119623,0.64074529986874
10.288451450095184,0.3205074387910662,0.6392493228097509
13.418392781783805,0.40353491384143947,0.6943102134862122
12.787653191177466,0.37898353457392053,0.535963777609645
9.783008013775746,0.34936216458200064,0.4697635205149672
13.139243236810323,0.3711893613631983,0.5789484940909438
10.814721493764125,0.33297931171675543,0.5833327152120736
11.678484729586273,0.3302230245595432,0.5820166304107816
10.767862779734969,0.3163573928877488,0.5913770167636583
14.194869300247301,0.3973923823451889,0.7505233993283195
11.664107588057341,0.35117837830054843,0.7216107642578542
11.508880797718085,0.3531683678238118,0.5566006578620074
11.501323938838318,0.35167408390886046,0.5841217986709127
10.037807851745317,0.34913901130355435,0.49583732618854554
10.65509704667705,0.3250507687136743,0.734644053852045
13.177821064653049,0.3986816078873019,0.7454090732423403
9.424546213241356,0.31747524419364687,0.6376055054857909
13.395889779691935,0.3935734574205194,0.5314406782164112
12.695415259898084,0.35790841410238505,0.9497519644675472
12.329070859870438,0.3465927726240019,0.7902288517541011
10.584563864786617,0.3306166544984642,0.5621447429769563
9.2452972246451,0.3146224690554102,0.6898139902369222
9.90920805913024,0.35260550572773053,0.5700498763271726
10.783393517164992,0.316817108158363,0.5878366666706105
9.393629982387239,0.32505405813506344,0.6641312904604106
12.186960344602017,0.36078419575852577,0.6715529470040253
10.7326837996916,0.33792455342444594,0.5603266606005773
13.975944534809216,0.37450778214931657,0.790213792748435
12.82232535297327,0.3820527218421613,0.6561256088175639
8.948980097741273,0.29381799511311724,1.0267471434675288
13.31653151350303,0.39343846838220425,0.69155856925804
12.417295141099924,0.3907634196587599,0.7318110052687232
11.922925431328828,0.32797608879302587,1.091547975808718
9.877804050237685,0.3198920556030214,0.462000543663069
11.654650402774738,0.3794272792543239,0.7149610827216851
15.698680506149522,0.43719229551021754,0.8099562640863563
10.950955451102406,0.3809669911738184,0.6820824479937694
10.300735123882092,0.32785578420956435,0.5249915387291838
13.718331157468064,0.3802893319022391,0.7103988766826643
13.466284173174156,0.42415637706189957,0.7972099761039926
12.555110176661216,0.3617137525405527,0.6073790445774104
13.82252055204155,0.3921685933894923,0.811224056413872
12.618393772701534,0.3793251164808975,0.44125078394782846
13.39214112437499,0.37466904706920123,0.5368398361472276
10.442640594187424,0.3071482944927961,0.8615378641335298
9.822934504301774,0.33204204970354,0.6575178597292982
10.732585609538194,0.3260872156242667,0.6449283475165897
8.473612398549147,0.363687967479051,0.411301370967107
11.595379165334098,0.3612457417473029,0.7423315304972948
11.438084526640871,0.33713147776173813,0.441101414826711
9.192242689899487,0.34172053518907214,0.518622566659089
12.655490574624249,0.3733279140235306,0.516225564989472
13.393424806149394,0.37678896794388306,0.9182648945772983
12.249905575718522,0.3675385307389869,0.8181879057155667
10.506898704194185,0.3027580520399408,0.6775807107427867
11.674971160249378,0.3485599316935247,0.7215648996527132
10.327213497075949,0.3037170581632869,0.6477878791386726
12.341045422051245,0.3658610703960662,0.6914778362938077
10.017017646939017,0.32203581238735596,0.6573097570123162
13.936191984910849,0.3900911932690765,0.6928896831324379
12.151559721488535,0.3782751114849835,0.4752948480896647
14.59863415517922,0.3579232886522761,0.7369538786849953
10.316648663436247,0.3303721773678911,0.557418122255775
12.544304991899683,0.3597759287552216,0.7283433625343022
12.922690582372265,0.38272891375169726,0.6733299195680623
11.218249715974306,0.37818616392887633,0.47788481389056126
11.452886919103435,0.3620583797474353,0.6363199853566864
13.864775565688252,0.4072485493497277,0.539877776859911
11.961451516522263,0.379970180680251,0.7170446400005146
9.766017973301498,0.308697420500597,0.6353315813654825
11.437120064116943,0.37085260827709304,0.4766638559434626
10.037105933286803,0.35141866803624944,0.7036154033885693
14.340479042030374,0.38663265651590206,0.7427438362878873
9.97875196677088,0.35326311520179676,0.4449328598252794
12.37547755736843,0.37785475139382974,0.6303392304467614
10.272708448127283,0.34925433885713236,0.7549356395153287
11.210756195506672,0.3388604051724438,0.7051405175743715
12.076594670621155,0.3602194116789962,0.7246224650714307
13.996652310953571,0.3981912854438472,0.7638694674274674
13.746117692633213,0.37820972194178726,0.6475805883387019
9.978061065008863,0.3753510853745138,0.5847187676378599
10.723025528229467,0.3347371958367591,0.731356931809265
9.028242603799768,0.3259456813538198,0.499056631641937
11.427396597914068,0.2962705336369253,0.895280036699313
8.096439136491789,0.3202881160703821,0.6857383394580101
16.799175246888865,0.4584538984163935,0.49273610704800874
11.184038434630082,0.38286268505646753,0.5343734048974409
14.404110439533696,0.40032638372424423,0.8769283374396777
13.257771720482165,0.373909010096988,0.8098508828320446
14.15121430325943,0.3896302381594835,0.46938118657694206
14.250242218416332,0.4129697283332574,0.47591865089002927
11.336460605855777,0.3453076479716213,0.5984053060085717
11.894988278482597,0.3739420244822339,0.7125806746092251
11.199553302071823,0.34265660667228254,0.6644757279188835
10.644135595186832,0.369984090664649,0.8055414241485339
10.69929035884833,0.35854340794689943,0.49483221315656795
11.514513247710418,0.3732110575009747,0.6061995144300915
15.235602199571058,0.40789920270266133,0.6396363102434289
11.936944123425008,0.3414936480369119,0.7602969190283874
12.053443794765453,0.38437661570329335,0.5412854937035061
14.134051055657881,0.38343760730464754,0.687239035614715
13.73163641605547,0.35277889319435574,0.5773150337516026
13.092392133083763,0.38423613002475243,0.6534014846204681
10.988872964104111,0.3421902514344915,0.8004926421822542
11.223933677501382,0.34305233370948396,0.4565986409951374
12.727770940105927,0.3756080829668781,0.7711403083390078
9.388706657060702,0.3339546176298829,0.7394213034403634
13.679963577179404,0.3972372934518726,0.5574974229967462
11.145342806555515,0.33047479765969534,0.6522679353884864
10.666327936019673,0.3902218393675108,0.4847163631210697
10.724609931734097,0.35772157681168826,0.6354490070353448
13.026947086899028,0.38807288022546826,0.8524340162610502
11.122552507267173,0.3436901063591993,0.5322440867641729
10.1854804367461,0.3430966702308902,0.611091656560813
13.080832307249022,0.37906694988244966,0.7411049316186378
8.283735293258164,0.33000975779788416,0.8111588965465878
11.804369110344144,0.3653687653241592,0.6791860779224829
10.403235706273165,0.3377162980287004,0.7619385078028065
12.569587648033373,0.3638412274665665,0.6284257237373233
10.13660536812873,0.34382931165977454,0.6412033855815992
12.143879587227083,0.3801584980294553,0.8010175631528575
10.306712557390462,0.33091057891342673,0.5876136304702574
11.701071423124002,0.38060485676724565,0.628713724735377
12.708859264402754,0.38171412922111575,0.6198856132064153
11.469595326213863,0.3607323718907689,0.8054696499804436
10.33820606254827,0.3389195719489849,0.9671056189219568
11.486338414583813,0.3486765309666543,0.5620742807739894
9.797377894425107,0.34497359862048876,0.6258364391720406
12.540724736486759,0.3728773465969445,0.6250748172613434
9.771687496408404,0.33556344919731623,0.5809186942689866
11.927133355077078,0.34606437290556163,0.5389103475967371
11.028038329316708,0.33557606663139805,0.7405279861668621
11.543462275291073,0.3357495846861175,0.6863986178197998
13.53228931528442,0.41121779516665163,0.5941866661670753
15.120287524784896,0.3555430201992651,0.5398969865159102
10.666831261681207,0.3346457381409234,0.541610053338522
15.712709007798239,0.39371361944133326,0.820926153751111
10.297798707495968,0.3176403651309342,0.5405513373617569
10.270617215767338,0.35495487738370507,0.4971258044033163
10.296551719932939,0.35831380155834036,0.6243308220237955
8.949176154501195,0.3571506227042958,0.4794310133071944
11.353046856127104,0.36429935076440934,0.4798485716880714
8.843704715189311,0.3197138678095944,0.5550964777417471
11.232216930864663,0.3387255796185721,0.7220813812713595
10.245275961115926,0.3243760639706242,0.6733485525269736
11.224247731273412,0.3347824560485542,0.5727255667999847
11.484357542849782,0.382797057538939,0.6253395759884802
13.66525714166249,0.3747794013145547,0.785645785824378
8.67621007256854,0.29762404813924465,0.6697532926113342
13.1828385178501,0.36504815656658585,0.5527365945258218
10.244945410798827,0.33480972683869276,0.5309877866759614
10.13613590736077,0.2698389848477668,0.659417222258785
15.471677516296467,0.4189918773724902,0.7695498951552923
11.288951893506425,0.3550662467020438,0.5675507662640257
13.910799962216348,0.3941477219978688,1.0374324923486729
9.30496505842143,0.3019599501108014,0.4718142596956708
13.489404870459435,0.4207609451874922,0.6953236486650108
12.967139480722572,0.38960224068771865,0.7598613973000937
13.311950453858362,0.3862913335606054,0.5553942468755749
10.960215742840337,0.33040039339471716,0.7901234567901234
10.968342369048983,0.36001871535029845,0.5015098017978465
13.4023005363725,0.3800664818787731,0.7855274211102112
13.362171530927569,0.38971759188432636,0.44703082606745104
12.999517331945942,0.3475987411368152,1.0356651444003007
10.484880677611542,0.37481575138349904,0.48261013672440195
10.070131360957564,0.3696930948260288,0.7639578967472576
10.545485740615039,0.32268197939496546,0.6219384016157078
9.988278751797392,0.3162086818529922,0.6947191484767485
15.36064406336165,0.3918884537349463,0.6659309433632844
12.410723254636888,0.366677507282667,0.843228295889568
9.98765472143728,0.3538065125620461,0.4477112074850153
12.784889248986335,0.37157534308720525,0.5317432505066718
11.23391910817761,0.3675670555415168,0.6638007768685764
10.081192016684206,0.3413320046515673,0.40686002410057676
12.081883931601393,0.34697203778286495,0.5752591119220306
10.506891452535303,0.3628734792164333,0.6915484760910491
12.145169028660913,0.40712818545424045,0.7679278181774776
10.364416602802446,0.3510762541573946,0.6066623245637612
12.922685897489934,0.36947621703347777,0.8557423107755985
13.01657832661374,0.37056216978234047,0.6709806425962126
12.68918510856604,0.3827497045441026,0.5668157552503559
10.021795825095719,0.3435946116006126,0.5792092390040567
12.14260207571865,0.35912843690467583,0.6916191375419162
9.641425413503754,0.3222787026232207,1.0922432103887874
9.174323109423877,0.3132270545943404,0.7389713969165432
12.37875947800784,0.35709300888700585,0.8792216666500228
13.373790061742856,0.35918045959596934,0.5377866443540066
13.738689065994333,0.3941330162145608,0.5140893924921742
13.12434047578849,0.3783521779245288,0.6960789244617543
11.376037627952627,0.3533673132448448,1.123574571522532
11.91361998327816,0.34983190780910817,0.7451942925321957
10.983938868325218,0.3497772912240577,0.736789040042347
10.75448013340295,0.3288515565524192,0.6602500912961844
9.99738939830814,0.3306054735908852,0.5282675444650872
14.458904885942761,0.40076491540713294,0.63402084579027
10.76615748033652,0.34387677943782596,0.5449177160377091
12.874336920466092,0.3765208943197846,0.7258505853636068
14.071343134416288,0.4114959516237311,0.8059724724566848
11.537767225288349,0.3332532065758454,0.6831988581248002
16.009129509974272,0.44211557922402295,0.48470941233756415
10.835957073628542,0.3606245274235698,0.5869151902374871
12.025916213017599,0.34218542945116315,0.4607596760776473
11.028391523338954,0.3407924814413977,0.5685072047701807
6.717249684949284,0.3087538077538976,0.6963312305206495
10.00213361686269,0.333932291742108,0.7320623037269496
9.493999154629272,0.3143517519462393,0.7032117897191772
13.393700460967022,0.36291026473129995,0.6765340925135092
11.710955438438354,0.35383057429008286,0.6298544494732473
14.144006365284845,0.3859010020595621,0.4652669384305228
11.394402796680271,0.37008916265628555,0.7531366525267925
10.70983697191792,0.3285918119068416,0.7602768015391147
13.26525812088099,0.39809911614796917,0.5446266129972979
11.839956619097737,0.3621285656455837,0.6830772435852279
10.258055298516599,0.3304538668651176,0.6667932941703977
10.811586610574366,0.34778323842110737,0.6206648812222496
13.708361458573044,0.38022362987560376,0.7633395355957918
11.309743789197753,0.32278379292136816,0.6953133897494607
13.372294526177114,0.3539025908172728,0.6375106001755924
14.643562967848364,0.3780045255143729,0.4442864568796342
11.22650944239198,0.3505968499888425,0.41824705622718694
12.214706249313213,0.3759094151067249,0.527549179292422
10.367383369983859,0.3447988176631388,0.4186764130000457
10.687309591820092,0.32528958479745806,0.7513698824949384
12.276508094665772,0.35153818375541135,0.8090416305936045
11.243157724399008,0.32404112433418314,0.47296271716087895
11.651467893263415,0.3674555832614149,0.9408649522077669
10.153683796892054,0.3557775997522568,0.5064235801451985
10.468099677227862,0.35180362687166805,0.557836153495576
9.55917615368477,0.33415192202687893,0.4871253240266959
12.29737530762285,0.41407076726273145,0.5973422271615924
13.02444436599271,0.367260305459422,0.49424901955929185
11.238702773688324,0.3666480335422159,0.6463739718521709
11.039942489011768,0.3545823386552166,0.5639259014801931
12.227754150717015,0.37600435670318827,0.9008947958005475
10.137294082590344,0.341858125559232,0.40195169176386536
12.772294298268019,0.38766262060865503,0.5216977195481565
13.016443776632016,0.3403863177851223,0.519857236548413
12.198524372539513,0.32466788987229783,0.7757005934175725
12.31673731116264,0.37973727466412394,0.5380288831140956
14.81913826367963,0.40377466941981294,0.7700301656672246
10.442250344734063,0.33832462788350337,0.6349093873341201
13.821652882168728,0.38151712304166396,0.6526536131584033
9.695200802319782,0.3413099504631324,0.6329192658357105
12.088577296753066,0.3573134838017084,0.5258014961859472
12.252647124991721,0.3809605333338247,0.5430118539051502
13.12004030288045,0.3572787197227819,0.6417269649541989
12.043106765124602,0.3558082197539415,0.6439930615467042
13.138533772641157,0.40880275703411667,0.561554763496742
10.778089426316573,0.34833234376264016,0.4793099907094547
13.781920541400538,0.38492339122660757,0.8054297837316513
8.439922616637809,0.35093762916049354,0.46828989715345465
15.820794509627088,0.40918246153402194,0.7644618492740884
13.238526068496423,0.38113282123626524,0.7649804616498096
10.509392832991399,0.31213297032005854,0.6331437698113758
14.217644337582875,0.38606859654085945,0.5171601087698174
14.123123583568866,0.37441124597372577,0.6008197923274154
13.353303747013573,0.3649475567804779,0.6983855918059504
9.426629003005011,0.33259612512515124,0.6363907622864818
11.166893300296838,0.31663664073413034,0.7830833623323278
12.747792619270406,0.37842014360699117,0.7555732736213375
12.333558647339089,0.3553191712326044,0.7763209514838013
9.978648379694544,0.3896456413089582,0.4778781528715991
11.427072436271253,0.3659671565894209,0.5054986336761252
10.726402147147883,0.3707302783654784,0.7310884705942521
10.672308228984452,0.3096986208311859,0.5454765579627954
9.822080168839708,0.3195554980034004,0.4153567988159517
12.59661289160563,0.3565021518129754,0.7622018797882866
11.074922144212248,0.35622435651429474,0.5610798026337486
14.470502129373195,0.3785472993145528,0.7708605752038419
12.292072420299704,0.38885346893303036,0.7127076928617153
10.934833923680362,0.33618177529744897,0.519300758635603
12.160948504662812,0.39984173626357145,0.7209866101545477
13.444589135240328,0.41151288031501304,0.4973809523912782
10.133525653827721,0.3523163472452851,0.5578891359297562
14.047183849953381,0.39063117746936077,0.6615671789352311
9.108909561781445,0.31194226052121155,0.546410134678649
8.863206200254524,0.3424358257127579,0.6157547715777164
8.635025826449766,0.31098537147515365,0.5221576442719289
10.474766613477815,0.33242275337527105,0.5528500070588847
13.589817535055875,0.38033748616928115,0.5628426633140657
13.694629480944542,0.40554957660096463,0.8057089718518362
8.977234942881548,0.28686648971365325,0.7218861356719064
9.905845607828542,0.3324965250165753,0.4800847724521149
11.125604432888586,0.339996432005658,0.6473900564527552
14.350098072084236,0.3502734839711114,0.6736935415264135
13.559860195242802,0.38670914778582466,0.520703934632915
11.341450766620408,0.3405184004150624,0.7309156188245391
11.890080705963662,0.3464700580398851,1.10955668491731
13.529790246664781,0.35403516787838785,0.5692854183162795
14.545353905225891,0.4102006047729912,0.5930949325972222
12.602866751326626,0.35008593157489276,0.46105250461192193
12.868461253183867,0.34400024180583805,0.6745068257315551
11.535798275778593,0.3724547856354906,0.4495907688723062
12.693573778496258,0.36352366750376625,1.3520770540828695
11.71909789990369,0.3590961273603484,1.1535511271918923
15.752848141033482,0.41746105872851946,0.6781605668173024
14.938320361481917,0.4303681183186429,0.6545152925150952
15.83956856559173,0.41505724777102077,0.8311819740135165
11.950742953770902,0.3411811280652419,0.7376510858067135
11.558874812172586,0.3723531614820537,0.49629554669709375
8.773903033282288,0.31831472777003433,0.5446266129972979
9.252405072360268,0.33820626009013677,0.9273658116922396
9.702743238972037,0.31645192371974573,0.814576422502241
12.959946328319752,0.376101149728638,0.7018889971329074
11.493020570938544,0.32241837752039093,0.772557627603049
9.587561393075262,0.30206909234989915,0.7751314597752161
12.419108913105422,0.3988237498867735,0.7576551380875162
12.293763311616438,0.3569843887046452,0.4861406062389945
12.983495578704023,0.3769881556390403,0.6062063127895396
9.579265271851785,0.34429289298946436,0.7183872629383706
15.870558865062687,0.40091572417864907,0.7779107035498175
13.508506926593288,0.38432471359169523,0.6182673133810885
11.30592816031865,0.344837469328133,0.5885446270357797
12.587137731630744,0.32842932544273695,0.7760070212281033
12.775812743861742,0.37295093938752283,0.7089373061507425
12.235554168842679,0.38508791177327467,0.6517646176768924
13.33295621188229,0.37678990587964606,0.6916999200146022
12.883770334299665,0.3916319259490658,0.5148415293055494
13.54680115749563,0.381362325287326,0.5991128114890634
10.165493598063815,0.34351353949281277,0.45611716500061167
13.793540013615772,0.40942169676701967,0.593305149433039
10.92683918137535,0.34408798481936825,0.6220999803059264
12.534868019284147,0.38546010276027276,0.6521113167513779
13.64268791200561,0.38881332608079194,0.7648370553408796
12.266474808909212,0.36749350976137557,0.7891243033580934
13.81894498933719,0.37791767692123235,0.5599860552083848
11.26129693567323,0.33705186023583805,0.5205101618933741
15.735541525847292,0.4179855079014881,0.8089931525714947
14.378890584674181,0.39622089417424095,0.5608508492786222
12.23486741039903,0.40200977371552576,0.7566418002551496
10.772435489841676,0.28834246842741873,0.765575434005527
12.634043503450421,0.3761959476996859,0.616819121893979
8.448627638801053,0.3146019793675983,0.8363155460925455
12.779019078896404,0.36993643560672795,0.5443310539518174
9.93558500642358,0.3417932085159422,0.5461663470525333
12.486654647152012,0.3807197224126409,0.6553898319268442
10.066789978425678,0.3266527537216614,0.5714285714285714
13.230318671857365,0.3972133826525237,0.7670792903268661
11.165581751628118,0.3382084514203721,0.4278854991204888
10.911561519757868,0.36939299085398514,0.6412194766110151
9.722349192363996,0.3161017279640764,0.6375106001755924
13.641691227897113,0.37314293862427295,0.6854089140221942
11.811795390724829,0.3591052458809856,0.5476390007995945
13.729304326676996,0.4072749764776019,0.5776470900178512
12.221107399908881,0.37316392464402903,0.7450049342416774
9.945278162386476,0.3379214334827133,0.4956997356275841
12.878096610326281,0.3881154846044323,0.7615945098753653
11.357133488956865,0.34186246406178267,0.6749943352458713
11.75170580691901,0.3699094766876391,0.6582738923301299
12.85972905697093,0.37735157449696827,0.7472040425307439
14.941012003323017,0.3867640625914049,0.5874774554832252
11.599258680609843,0.3641859535740611,0.7239962608942005
10.40780301141113,0.35422946203421524,0.731130211811251
9.943937630370911,0.3595785496678036,0.5476740899579846
14.480942077677494,0.3544926861656861,0.8539788057016137
10.301792786611475,0.32739152768368274,0.5971991776532161
9.591718314733761,0.3189513559252013,0.46098073988199667
11.045504923208195,0.3478206725891352,0.8032383068462662
14.787513190110701,0.3982388545524286,0.8329267300725657
10.860109125786359,0.40353314330054246,0.5497563646793385
9.70326778007998,0.3425726674407192,0.6799954512175183
12.463737620596223,0.36090453438527315,0.764727847507762
14.737528465575881,0.385715737606889,0.6481199588647643
13.98019262922302,0.3721417778006379,0.696346686744716
12.742864410626712,0.3784456061388362,0.7711193177896105
10.04198496410449,0.3315211191050533,0.564952125146164
13.570087101226044,0.4055828798765356,0.7855791990894833
9.955190917996536,0.3457062424139628,0.6001655958735144
10.66057616611376,0.32886217784693345,0.6524500934986059
12.059622877628701,0.3639757343472912,0.8134981615286303
14.952203253715673,0.4071253799118518,0.6544725128989449
10.459869609715746,0.34428317292018296,0.6090544246265829
13.958113172634725,0.36633209450669035,0.6765293677009904
11.213806908602589,0.35256297716893104,0.6361470744497522
14.017146223230416,0.4010379609632922,0.7129674632576983
11.893534630639323,0.35235904226011533,0.6950365705590144
11.365325738202007,0.36885734752996635,0.6466296072079639
13.102237680652944,0.39273165174554875,0.6990049334119693
10.834463228913801,0.34313828361321363,0.7211067340724191
12.2690317525059,0.3696734919563017,0.5562851841972183
10.537388119657919,0.33687122196143804,0.5545492070992379
10.550942130455208,0.32333843630798487,0.7513957743911709
10.87164832571585,0.33519717865971305,0.7025230051483005
9.824769860482839,0.33442510524785,0.7309513712006882
11.441679959525974,0.385691393688057,0.6904911465855147
10.137211799288366,0.33272416697149954,0.48576237930639304
9.934735155931637,0.32188401426234453,0.6240933040478607
8.572317848014297,0.2997223880218634,0.7551786702796827
12.284190492167589,0.35983863842361563,0.6684004758667133
11.152060949461053,0.3627083838155559,0.5671439297719528
9.708339834116483,0.35501883401517215,0.5743260535057938
13.076214513080576,0.38710940587446024,0.5492146104480657
12.160970046774978,0.3407830273091985,0.7982013963124039
11.515249632112397,0.3567424003336325,0.5370807971546089
13.325153845208234,0.3680428842104215,0.6497545641313842
10.845478842102455,0.3776775468317693,0.4240689549112581
15.084716309483696,0.4075599236517838,0.49576293868719845
12.489504956784543,0.3541656081548242,0.7205580857043206
14.119999915104405,0.3508627836320666,0.7648370553408796
8.896387084182539,0.33166371042680043,0.5829151909774242
12.381612549130253,0.3574642227614854,0.5825468210289558
8.90086022127901,0.31119635755959946,0.8558475122559046
11.000026334520758,0.3761566079477045,0.5099480180803279
10.158812164892478,0.3228044009760791,0.7082532603462786
12.57073416778216,0.368334376042378,0.645995200081085
12.238825960438412,0.38313138471160313,0.5978861020513978
14.211281576858077,0.376727077981121,0.5953584969712313
13.225514962256852,0.3799852211353535,0.6827710627569283
11.399207884364415,0.36599126472220433,0.6179970262736612
7.174462755231584,0.32814960338367277,0.7120457351094195
13.767844937509256,0.40573541320686424,0.8007118865910634
12.645286329905616,0.39184586152806233,0.5186864335495773
12.56487380149975,0.37952797684367884,0.5688383277290424
11.935365530929516,0.3705334521477054,0.8048722770657417
12.27908945523589,0.37756959162404513,0.6358879721827285
8.8187210260499,0.31172946429122983,0.6116076576863956
10.581411954900254,0.3203427282249101,0.6075842887439071
13.4527310616225,0.36939142688688636,0.659916565140382
13.673226352700315,0.370371371858283,0.47834509795293334
11.028336701588294,0.3649565859446086,0.6637115335430137
10.863345700293241,0.3721579964263439,0.7878676160859726
10.727828354799943,0.3351800602193761,0.8069087893098597
11.076324102972219,0.3392514275978506,0.8133749695597967
12.052515870522512,0.3644290205155313,0.6465223683631033
10.089123852199481,0.35970226431209,0.6986456187682953
10.311625982397889,0.32966977032062506,0.6336944275050715
9.189081198892545,0.3187028079714461,0.462893905709596
13.351181437403476,0.38655762675513416,0.6559059073105055
11.74386116281227,0.4085073168108303,0.5212260432135931
13.669203127923417,0.3669609802334836,0.6548578317137554
12.871047150155306,0.3492289518013234,0.7254016855124449
9.62772417728495,0.32243082408946433,0.5757127909580979
13.070260247396707,0.40181353659010155,0.6933723968196175
10.805940182327177,0.3281472267225596,0.5094388659903465
9.060203787384776,0.3184238057493204,0.6305648247822595
9.723370563982296,0.3465608303622144,0.6901698758241028
9.689806274118055,0.331225535450504,0.6009588364997469
12.996961467228374,0.37441938010377573,0.5828789268771676
11.296253511375951,0.3590239873113868,0.7237011171476528
9.247503977423015,0.3511022155899537,0.685989414767589
11.039731363043657,0.3297375482824023,0.6285545173552393
10.151540214806616,0.33478213494821185,0.4206840753753164
12.174715669684186,0.3432030969768938,0.8000078126144428
14.318346860376849,0.3880298992143072,0.7817787067096011
12.648733463269512,0.3261473061598534,0.8090577918710722
10.8092768832731,0.31098243814511406,0.9713568973965451
8.490534059011082,0.3089228588624292,0.8105487854208389
11.070599988566656,0.31808368968219003,0.6957343780106909
10.09096667682752,0.3419144190591212,0.4522149543212333
13.36235132476168,0.4062638928835224,0.5272223973053652
9.98337297396089,0.33236149420971034,0.6273002631407231
14.644119764543003,0.36729161454920073,0.8164467504933977
11.716966566570267,0.35281906770838994,0.641614085638964
10.801229878423037,0.3615544094013161,0.7031693444624783
13.097412225749895,0.38309968206453476,0.6134451428350784
11.646579566206654,0.36235549228055164,0.684599662395175
13.822576357057098,0.38704407053227946,0.6851879244655023
11.258789208856456,0.368966099573525,0.5459924126776866
11.941383675607788,0.3613679624222985,0.7631292277259519
14.670836467906284,0.37682041940077826,0.8123014663892844
9.811821720030988,0.3433341646431519,0.9008836391395671
9.080511788804312,0.30092381379071165,0.5338061836526423
9.682996232951762,0.37400592089502116,0.5200502807293053
10.47560937176064,0.3348064996718273,0.6736468904027225
14.931504471523805,0.41171513616058003,0.6623683196808863
7.971945872615951,0.30576700094633824,0.7634345703535063
12.61754716816888,0.33778465711921746,0.889210565477745
11.465679983803277,0.3280640601101297,0.8160401431495713
10.23747260731583,0.3609684968663,0.5267088333512273
11.681417588809147,0.3467460620830023,0.7494098959379366
13.76745333254906,0.39011742067785127,0.4469163683841078
11.150459244455092,0.3131927718767379,0.9885422569969093
10.072295203827696,0.3337456737420134,0.6130861662714261
11.930846981724468,0.37858394911739474,0.5692600831495652
12.79826607634616,0.3627305708456947,0.6230794861525836
11.614048560858752,0.3795834729693055,0.760598873132566
14.144993525382233,0.4053361282000317,0.46031850089684484
14.349048577115358,0.3788955916996801,0.6474894434077382
13.152096616037408,0.3864168374756821,0.7743226045161954
10.421327399977201,0.3137639602553722,0.5590479179093846
12.802414077909287,0.3623277356249669,0.5218321000779818
12.725771612259976,0.33368103401484495,0.6783795878652971
11.513678398446142,0.3729808069433834,0.6325018595500936
15.071773155264822,0.3966717394892079,0.8465504783302195
11.855049004738323,0.31402447917405163,0.9083612924962936
10.718720700864221,0.3621403499435765,0.609509988592331
9.390379584505613,0.3296877831825449,1.0442457810534453
10.88977309857642,0.35179386629600873,0.6393968536948147
12.283041021431487,0.3803619749809882,0.5332592746877867
11.335008214314193,0.3807548510042626,0.5484628660545995
13.425851065786222,0.35635191931202503,0.6292833116681872
11.89253595399435,0.3732152978959324,0.4907349244628351
11.081143262849846,0.32285326912773277,0.7588191912320591
8.90204525350034,0.2828550324249999,0.9680870523352797
11.475033831175566,0.34515123720214846,0.5184693823266445
11.33191017495107,0.35454287244671967,0.6391138438865047
11.969494531556581,0.352212951889062,1.1041048949477668
10.953701802121895,0.39363693299717395,0.7229619511020583
10.535043384400932,0.33944429237783413,0.9222964861524972
10.790339343532185,0.3748087173225911,0.5465745022623617
11.378103394060123,0.3419891254119626,0.7865649301847695
10.211011300117256,0.3462835213884273,0.6230462693207265
10.413522864172002,0.3638771939018407,0.629534420819037
11.336553439338026,0.3312690512126184,0.5030139421131259
13.755834249413493,0.36606476649725644,0.5965308101246746
15.382023237852334,0.43282182200232744,0.7506234065301887
10.939686489383416,0.3529036250262295,0.564765122286061
8.496834441421878,0.34436803846305686,0.3806827183002323
10.574063746756739,0.3342464087369128,0.6836079592741111
10.325716358184032,0.349651814214191,0.41847946041391243
11.394110674674245,0.3406586094202448,0.6638007768685764
13.352816885712123,0.41311435767129684,0.654827838061722
10.399631674420341,0.34323659801921025,0.6889092174260594
13.090649055190624,0.36933502697829956,0.6571105105426105
10.799183678768312,0.3560397022365845,0.40657258044092315
7.79544171892633,0.29931018315912766,0.6546993405026337
12.392879421592838,0.37512168956645886,0.7867506326182134
12.04937084244376,0.33517187723989733,1.0883078986514076
10.720080541785034,0.3280539557291624,0.6633638281841938
12.634153083447721,0.36329510712896096,0.6970897980360099
13.335800316508926,0.3762790875523239,0.8202516461880118
9.812132591887199,0.36262697428194723,0.5023820269765054
12.515352774478021,0.3517944525398026,0.6468772852709546
11.635344465075232,0.3697552236224804,0.5688214770046744
15.143602106779895,0.42671400809640864,0.5324052061554819
11.470701383897804,0.3454626148940622,0.6267585789554349
8.490076324427957,0.28897110052023445,0.6561687134385672
10.253672585488314,0.3188294162746146,0.6813524695813479
13.279699774560559,0.37729600337553376,0.7938108522585147
9.978857576422282,0.3442674975319688,0.6776614211771277
10.139606068995846,0.36177392302447337,0.9024944786313821
9.157397794417271,0.30411035108859186,0.41250850536902434
12.316410798197253,0.34765939652861644,0.7641688906600519
13.05541395617448,0.36526599400384113,0.46289693261406134
13.646049409067118,0.35261359676647863,0.8139626876162599
12.424270890972817,0.3691883649797311,0.7870852287128198
11.642906398141456,0.3560135509272628,0.6403763316747808
10.469739807102616,0.3427318990711117,0.9556564082121792
11.410327272937085,0.33978927838240314,0.6392851993015106
10.832428446825855,0.32860871766797367,0.6794922460321001
12.249060450586882,0.3777141448077275,0.6733765048659704
11.259406790193683,0.3760684235309861,0.7054617319726041
13.451390727335667,0.4142831704808263,0.6499220568684564
11.637819383604455,0.3860885326109597,0.5869768986825522
14.199650168513443,0.3999207648511089,0.7359239277957429
10.605753417866914,0.3344845694804733,0.49584104644264265
11.350182634802628,0.34023165902434016,0.6526620972778315
12.369253471224944,0.35936973873156103,0.6756899248525001
12.137547021026506,0.3366582020311198,0.8489489854969178
9.464108034513117,0.35165143645906644,0.4532286936484039
13.303140959630419,0.37030473916216433,0.5562379093983041
11.054550562970395,0.3609174699062756,0.6556434167039583
8.899156544743992,0.34588637726760196,0.8403068418747326
10.21445355806863,0.35783836307724604,0.5835873000845764
11.941005926558429,0.35335358830067504,0.60686002215934
11.33069693331949,0.3347521588221324,0.6704235924118217
11.274684887508794,0.321250479772111,0.788300793562586
13.164688888352394,0.3824661418435932,0.5760916778829451
13.236445822434806,0.3591026763625841,0.5468687416197306
13.413917802116003,0.37811726432843223,0.5622586225353656
12.344653261686588,0.3716272554110317,0.8197636665413747
11.759671701271479,0.35449571344142616,0.5394077798610295
12.670499856549267,0.3983112883476783,0.6284332976410114
9.748993415994054,0.32090391082497205,0.3784267019614625
13.843612467329994,0.41743231688932675,0.5442941428944178
11.167509971928425,0.3363158101022047,0.7534236263383325
13.813081830331765,0.4156023239346815,0.5207987467684924
9.087414787127944,0.345571517905029,0.42352076787098003
9.344954421765298,0.3365083006605455,0.6973432053192935
11.903589509807464,0.32953118588179797,0.5614359102095681
11.254563935565205,0.3477694634695871,0.561187642455351
12.40326578304579,0.33076201203562383,0.7786948407883015
9.670449936419104,0.3321841367294165,0.7056493098780097
14.640941647359949,0.38722521298170764,0.828296809620897
12.070715685341067,0.3262448792345978,0.8982013823691188
14.01642969819816,0.38923992483939535,0.7442615230458924
10.467882604197165,0.3410566515544473,0.4737622344915239
13.69751140722747,0.3834491644180693,0.7694873174040072
12.107423115561978,0.3543819824858977,0.7773080278607892
11.772666309142622,0.3426733721430761,0.6953852116956919
11.723448498100367,0.34365077377944564,0.685590776817353
10.238536924957849,0.34496825415676385,0.5060276830411563
11.919793532790429,0.36829001099502423,0.7902439116207325
10.904737593952117,0.3263459107082931,0.7749041568240218
8.529528900015524,0.3133660975937092,0.8482682708128839
13.92548656229226,0.3518838855176909,0.5931968280014054
12.97271939269378,0.3647236421704793,0.5404645954753946
11.691861566143206,0.35715032912921374,0.6604697923861444
11.585229509508498,0.3403817314507343,0.7484548290745787
11.22322003826919,0.33345639569308144,0.5212390080142918
14.08007346707117,0.40560238079123173,0.46621652670244335
11.233143306584864,0.3466126038801429,1.0996040118424881
13.117625940093692,0.39091628074146995,0.42920408682406835
12.360547291060843,0.37401801213525143,0.7226507940076206
12.325741481425986,0.39085909301768046,0.6099388751555161
10.398306959664854,0.36127197431732283,0.7524141504402753
13.2429063323261,0.39354167420527764,0.670267315442614
12.960989215790814,0.3538530155726735,1.170035878603409
9.7363321137194,0.31844094033496595,0.8312038801402005
12.410712545299958,0.3874072376247619,0.4898214199381016
11.746601625986429,0.34148807166358797,0.5247532491918021
13.833912839317225,0.41114278937540244,0.5349284237484285
10.294771919471106,0.328517813555845,0.6989476142204971
10.328181678572331,0.3594664844933645,0.7403855084385272
12.725672742681926,0.38972976391671027,0.6098350292579124
11.377409612743733,0.3645937099916017,0.6399280121477223
14.48129908183439,0.39681332495704913,0.5424849041330618
8.670717593972032,0.32929112106523284,0.6878837950725877
10.674143014719007,0.32803266475982856,0.7424126879412564
12.656091657849302,0.37716953365083283,0.5676400529421938
9.574176549406321,0.3261911974087557,0.6269765884830296
14.754961802457,0.35844687935401953,0.4828985450787451
13.35517139863948,0.3729804161490615,0.6893486620120031
12.872572365943395,0.3557346620843156,0.7246747221273578
11.578508510519573,0.35293156700646783,0.49289134122907885
10.064736209495678,0.3508463291330189,0.6005419932738719
13.531018552146751,0.4094414471121728,0.6006213251095249
15.775588302536779,0.4261755487992441,0.7112812681872223
12.368130999214916,0.36513840349656435,0.7737777030321651
8.381812476463026,0.3232363585681405,0.48972103053185717
15.603877787016557,0.42049284359336936,0.825398577026221
11.102966547449672,0.3774104786296531,0.6592073114736403
15.181601575590502,0.42945815890757627,0.59747887035687
12.934464690247978,0.3838255425987988,0.4450323501573928
13.312971815053423,0.38493906441676073,0.6924890354481341
10.300077522676162,0.3258429254788212,0.8916884102120718
10.714386569645399,0.35014722617828664,0.5014790097672535
11.68730678868127,0.43020641725862774,0.5656743767294592
15.023410350728184,0.40903796343672116,0.6003041862450358
7.883787689076382,0.28902578581841165,0.6321083998356513
13.43658944133157,0.3754434769745896,0.5680143991256457
13.047280187952492,0.3839112071702963,0.6443887336883052
11.441421400596923,0.3776724970474164,1.0201308402954756
15.418031591298242,0.4050058652554337,0.596854979963578
11.956984950315665,0.3846282599462336,0.5937869420290269
11.469263722426838,0.329559361591044,0.596712280139123
11.42687549406218,0.35862014157683075,0.6808992278258457
11.232710893921254,0.3731901817135362,0.6788469064381683
7.945514197431443,0.32666672638934185,0.3789769771540291
12.390202140537259,0.3680723724431447,0.7804587877647429
13.591383224145819,0.3801980187116877,0.432600338596502
9.661771244290144,0.3308383669764843,0.6144479779712532
13.526927291149363,0.3889963249971725,1.1327211858779562
9.693098964747982,0.3389805910219664,0.49351008025492815
12.49507669506,0.36145215660505736,0.6589714012858945
12.569583751022748,0.3529961645751466,0.6832329218377386
14.149108448773784,0.4098631514577831,0.7456936275962641
8.865937551758588,0.3124312659418874,0.7658631593405375
10.235611228855987,0.3749186889622683,0.7367951432048897
10.30902104666449,0.3363589026675077,0.485982904345199
10.817159055938554,0.3716153988352985,0.6036997119687237
14.531331846439699,0.41790389839313985,0.57401988951713
13.259872004004535,0.38158449317376025,0.8128172004099752
9.703141112047373,0.36067937128949507,0.43163999376613216
11.173955660160285,0.3457770599473343,0.4881763960804435
13.251170008342818,0.39026779630446207,0.8415863526044667
13.716464387951216,0.4052124431021123,0.638692020665069
11.14577162938581,0.34304008765463473,0.7078740894532393
11.407549389527816,0.34577822378534845,0.5998755270257701
12.109303534200084,0.3614931718650146,0.7456619943521031
13.420410700121167,0.41293832744027037,0.7429627622487577
10.898796801153523,0.36000890873030894,0.5740891667845471
12.778468738763529,0.39648100312932577,0.49213663903120614
10.623507104603203,0.3565900720626609,0.7921862978605793
13.953558202562792,0.37730967177076263,0.7981005364085975
14.440568235564328,0.4202641971027878,0.9472844210129355
11.429836710170946,0.35634960484591105,0.6928490795675615
14.099310593439462,0.3820580029845122,0.7004949550056372
10.969355720226307,0.3484194595714797,0.6019681378290579
13.233537126655772,0.3689664489421243,0.6886001128919295
11.690501246677815,0.38748277001885423,0.5741642454701208
12.15817850811645,0.38846486754415405,0.47546532923038964
8.654432805101901,0.3095542462050121,0.4456658101142203
15.238400919353811,0.41997808503182354,0.6948470889179194
12.962695925587909,0.3502205602794838,0.818233876141326
9.9323302131138,0.32554633625987783,0.5688832703164342
12.401331051123496,0.3753330952453928,0.841277283389903
9.077180823821276,0.2958017324837563,0.6872489412632321
8.631366879100796,0.33056464765562,0.5065425305896281
11.451783733795345,0.37856814737176797,0.506126570266617
13.118975789453795,0.3958865563578278,0.46031254774546254
14.059866594885968,0.3986016732338649,0.8317301473436788
12.167560748096552,0.34236622997071864,0.566721302162345
11.065038465591023,0.35478532914971844,0.5782922673183821
13.069948868157002,0.38001046250680937,0.6318041655062301
12.2082533595798,0.3744225309938609,0.7772936955072519
12.075909544522371,0.3624251578757097,0.4976064095228382
14.56666478482989,0.41145652047506465,0.5649411198354042
13.259437431732838,0.37852762681980856,0.6948726854894032
11.994859525717867,0.34403216469433506,0.6331902487442913
13.496563371865435,0.37775333060705013,0.7801180789313702
13.441411776725246,0.3634505773906122,0.544616753271332
12.941795692868109,0.391261605783223,0.6735256428218681
12.195310879633166,0.37324189280104064,0.6081326253825107
12.355082172866734,0.3608226755297319,0.7150503245722133
12.343807384945595,0.37657492532124826,0.7172247227910731
9.209821701659365,0.3196399695189039,0.5354008494240556
7.710114700193344,0.3025246837442511,0.4405054516583858
13.566469887747239,0.3940041907832844,0.669350246116125
12.168679264558499,0.3826415096813506,0.6384655362393136
13.434263712896346,0.360336811173665,0.706497956378166
16.11346410480977,0.41913779563574505,0.6880676355348097
11.517502823268234,0.35434955407661856,0.8070050064240747
12.070945682349567,0.3691863527202776,0.6392373653213493
13.262530417933284,0.42033697086367006,0.5360812779678806
10.40145707475855,0.3331957535669697,0.5901438002360624
10.818917055957996,0.351514553639381,0.7039079260662383
12.18908042050856,0.36868559423575026,0.7698630130814018
12.84179958411093,0.3390488764960399,0.6705063715442834
11.059562141751812,0.3405446389380787,0.7292174835583831
10.827695040926027,0.3565339505497123,0.5370902532186469
13.8115511662607,0.39058250682024953,0.5787679569709394
12.664755092460357,0.34243436887295814,0.8294481365943492
11.62291601992629,0.35868367955652714,0.7334490879122351
13.05025777500041,0.39113563143166796,0.6535760741986328
10.840646096950888,0.34901427118791695,0.7390329794059554
14.726898396351615,0.36833669623871623,0.4802908892131681
9.903536058555499,0.3024884934896386,0.7315599654261482
11.793708369518228,0.3506846890721095,0.5603212919185331
12.897550634136334,0.37105357419192564,0.558058781222745
8.764951906561855,0.3630923150383867,0.42198974266256606
10.949572942168345,0.35852209301831406,0.5425141388836583
9.021355824238022,0.3311395143276033,0.5112806229682574
8.187593553156923,0.31072153849944173,0.5245196876576342
11.757878444001197,0.3514536816033276,0.5365473394882769
10.621335217715806,0.32957155475959876,0.6840715199423281
7.8866113178666915,0.32084292844655554,0.5909231006035721
13.976758109450518,0.3776580367859759,0.6600042861745651
10.680479670436231,0.37328246589654557,0.5383761873276758
13.019490983892258,0.35645231602546806,0.7675687475118146
11.080021302290419,0.33969121577774886,0.7726350328989613
10.234704215936333,0.35273698563756317,0.6887047629869444
14.467578217122036,0.3916311800212318,0.6289337815648266
13.805697821035707,0.3783561984300092,0.7747905803100082
14.109578729622783,0.3774459338247417,0.6225192025381533
12.377381462775976,0.3728390134522757,0.5426262492285163
10.514495193745809,0.31997998888360885,0.5775265432050266
9.8416545442448,0.35714938565645316,0.6613419675764951
11.231643714881368,0.35645876656094494,0.5177224302075825
12.143047178644089,0.35492814875903955,0.49404281242569414
15.98054802682411,0.4535663988394113,0.5456177765380577
7.495456419151093,0.28218589409379047,0.8240077733912468
14.937817889305094,0.4113817637141942,0.6721498851314138
11.754827169198695,0.37954295886058376,0.5064275438100101
14.335665691962642,0.3736437548053276,0.7128458332488908
14.201656654627342,0.3863352036868921,0.654335674475935
12.033351761781965,0.33943339222542857,0.6870855528140554
12.928031026480191,0.36699222287265243,0.66192091563868
12.094213169855667,0.3539039319018219,0.7312077501862801
8.70585009658879,0.30917937750778823,0.5272447602637309
11.88269002870085,0.3708173072430091,0.7156032525971358
12.678541496329117,0.37983917721300026,0.5796901693384137
12.686852768710029,0.3796548982333913,0.5848652433350338
12.581160813648097,0.3965456650707112,0.6248662305309883
8.177477911937757,0.3373848434642751,0.649746192893401
12.331600516273415,0.3872902074022796,0.41871225244652466
13.41149202925465,0.3932202217617693,0.7408876433940658
11.352433105387476,0.3215571787080282,0.5381477472251763
11.249678749317923,0.3803158807279817,0.6116076576863956
11.062393880086553,0.3335519891058702,0.7376388370444427
12.06074405656307,0.3614776490308974,0.6952518457904912
12.14765174988321,0.3694213062990138,0.7635024740591216
10.42258739452997,0.3102321207386898,0.6506101338130419
13.434586474493287,0.4066234336167427,0.5469461206409756
11.988774578330752,0.3318310844721321,0.6999972229169169
15.009625913641319,0.3808302575570831,0.6210117611375293
12.238358470063286,0.324678902164803,0.9344061437405928
13.248621480153748,0.39724842069881044,1.0194026665450242
13.072531013437896,0.3892909152008539,0.599421492052398
14.417017911409104,0.3778310654331248,0.653018729339178
11.45511240890195,0.36824311565612816,0.6187402667613735
13.518089956106355,0.3691370994553717,0.7592128544647359
11.328327939287327,0.3551876598040126,0.7564700028989113
11.728177871531091,0.35759108463370837,0.6745442889672044
14.271569608800785,0.4324689848187628,0.6811450233004206
11.121176466597234,0.3760542759842553,0.8891998372977195
12.72386713465476,0.3679858901626469,0.48651268938980546
10.89861558285973,0.3711013230261723,0.5534129462150599
16.482017499063208,0.4385349744704716,0.8576226436807786
12.116821302944775,0.33187789850813093,0.7353468539587223
11.97340448643834,0.38141568826705946,0.7417330368252891
10.4972640199496,0.31848849252431793,0.6061043614073167
10.018522032663896,0.31938122834166593,0.4699534544250103
12.808831287116728,0.37106178564419023,0.5799489416794323
12.739375292566045,0.3513621913813453,0.5472934824610558
13.73295070152259,0.3856119812092498,0.6307944913401131
12.257163192127852,0.38130359966664723,0.709323634691972
10.747170325316066,0.33190848438021303,0.4481280708970033
9.794840730493423,0.37009287392558116,0.6387874546619655
14.025464708269787,0.39300327010794167,0.6364969719774586
9.984164712059137,0.35704563689772456,0.753717461857611
13.799122825007771,0.3639119904669703,0.5132497449219259
12.330805723426153,0.3551094156385095,0.5657683072370432
10.636700500319193,0.3367791017438011,0.43987033468364656
9.977439875273653,0.3582166185874739,0.7094380219631837
8.069045554212153,0.31278976569126915,0.7022903361050327
11.497393286994864,0.3525120345560815,0.7482821537407645
13.81618523767451,0.3879507264732851,0.5501294344856517
12.779274004725242,0.35944338037806267,0.7796114664007833
10.455952857378662,0.32891306950124705,0.6020014249784482
12.041091203635478,0.37815565621235486,0.5069873539733408
11.835107555496815,0.3690626771337924,0.8632848960322886
8.006514151320786,0.3481735988866975,0.6715113594849477
10.890437743351303,0.3124045169320722,0.6090820054903863
12.456242041733553,0.3717514706945456,0.6245648938421064
9.373505808358178,0.35201182203968917,0.744274104701102
11.76153619494518,0.3524516272409948,0.5020109686182724
13.214832224143333,0.37400933822857685,0.5524482227339096
9.659083373504462,0.3343305102329538,0.6392891859512523
15.331795936454117,0.4180560532590704,0.8297879333231571
11.361140349968405,0.36310463960184614,0.626177081386211
12.8273419998173,0.3794741664089019,0.9927926036693303
11.609137249529965,0.3546158372461336,0.7128403060910826
10.634203141015142,0.35492733089958695,0.41142458314837177
10.383464173044757,0.37440522697502654,1.0184261303550213
13.605095052494907,0.35605726021701906,0.8042603548673393
12.195202922484757,0.36629903090564864,0.5585473748438624
11.267714904341386,0.35187797180192526,0.711391111791081
14.07306997375392,0.39372795722503123,0.6179790197345636
9.992353137381347,0.340993864199277,0.4147981008933704
9.86372705753913,0.34910704802974085,0.5118321465793698
12.074250056218368,0.34293221255724143,0.6637472265537167
12.124264120462598,0.3243514470439139,0.8159986867531703
13.015320178328693,0.3661318135879599,0.6984739683946055
10.675936563925273,0.3325358036642087,1.1538440181772374
13.902662233759106,0.37763995937886985,0.8128417836817454
9.990832813506156,0.35194254502759054,0.5521757147406813
9.9353658604618,0.3440232490034526,0.45467895609055126
11.874581382103937,0.33509201726114085,0.6734324199888811
13.838943455901084,0.4003994575198515,0.5964239499355392
10.369646230605142,0.36834120308764623,0.7369233446633674
12.436292962294107,0.34889990823279515,0.8318003918560583
11.265467048527881,0.33545835593438506,0.8103538404261357
14.234741761266832,0.3853634414472992,0.8346159782355229
13.72706244547707,0.41107054613301647,0.7299938302326376
10.981066952381177,0.37819400029482775,0.560541534505243
10.972068151220487,0.3650336950280829,0.4698331362066453
10.518328928038244,0.3360254261306331,0.7467143749424622
12.942814461856987,0.3988915306300279,0.6097381542597452
11.872972432646176,0.3360506279436158,0.5190829356054509
14.648863959933195,0.4165046772724312,0.5941418569164186
11.27612897844524,0.3649071506493229,0.518890966268783
12.017262773870286,0.3847841192734948,0.6979857175111387
11.556329258097936,0.37504772651680934,0.8631425835155974
11.06527232964834,0.34644125862979597,0.8904253566056629
11.829156127879475,0.3261973570838507,0.4688770514388443
12.653616302453855,0.34367012035469435,0.5630740656759096
10.62123040928454,0.3250473260655858,0.6741512360316458
11.000434425565093,0.37159961090882393,0.5558286987139783
8.86963512992643,0.3234609287111973,0.5943852290720922
9.442760441271897,0.3166413770553027,0.7384301340015931
12.086365287818989,0.3553191454145073,0.7464032690712501
9.844757677271435,0.33932678043308023,0.6851290300087386
10.970354081498439,0.35204494214813664,0.7338407315627501
11.255383167703666,0.3851966355869402,0.7481415436505876
10.690260253277799,0.34800169763090644,0.629199675369304
12.428375800170834,0.35729643650940945,0.7295609038787136
11.286950140426878,0.3629969263690767,0.6093442107138541
13.312435076701892,0.36301712548396525,0.6867344148010787
10.260207175584892,0.33033917062793217,0.5621284801165553
12.176222043825106,0.3456230274598581,0.6200128628270346
11.69906201863665,0.3857706070392995,0.5383904744951254
11.722181008666524,0.33035376465786054,0.7679969280184319
10.621073623064394,0.3413763453636671,0.5639313744432263
12.803370531914322,0.36695042264208966,0.48820125095652156
10.912199953709774,0.3355152458278466,0.5812180597587198
11.110739425641864,0.33452771511042867,0.5434619503007152
13.516509182877659,0.36118299104194324,0.5077886003848342
12.109082861724701,0.3571167326403965,0.6914778362938077
10.6719575299351,0.3420550414392654,0.64905250605048
11.514083941040948,0.3304143697017883,0.6684187025679933
10.99516130033091,0.3386584658871665,0.730231377246046
12.35939217933042,0.3509889887301251,0.7532800984348833
13.44427612909746,0.37796880014598055,0.5751487627170747
13.558971306480284,0.3982427193673606,0.5941674609611155
12.975983807607612,0.3962057283262843,0.6719646177946169
11.606767645302927,0.33239638022916485,0.7927254403707409
11.28520077494204,0.3532367222647247,0.45562566240762836
12.415171738206556,0.36113535502711486,0.4830842237178546
12.235731120322011,0.34780617500909383,0.6834861261734088
10.863342219159556,0.34764971075954776,0.6584741992656401
11.158356410030919,0.3460879843880536,0.49682987497777664
11.785080590361492,0.3497608763671829,0.4814752735853468
11.84097380082201,0.36364714080385574,0.7890043597017689
7.784397297436282,0.27718600366005564,0.9046557676782127
16.319146723856495,0.43602024340731627,0.8236238691405388
12.174456336315359,0.37076002169818933,0.6655032694746129
9.886947931356751,0.33597191113353375,0.8173617607402518
11.186402956874861,0.3446902725130766,0.7526872849994278
12.000919355528818,0.3633593382445863,0.7612375150603993
11.625906916460703,0.37953595127547113,0.5309603759030719
9.899662383424264,0.3466122515258403,0.6795257582948827
13.053542895590784,0.42021508271691205,0.5415276471150304
12.024315361184367,0.3426650878652475,0.5482867290735889
13.602083548284114,0.34957963550374876,0.7639783078750582
13.164090735359839,0.3687558740710783,0.5834114796852667
9.80551150142692,0.3263438511626663,0.7268621998516083
10.642411904207872,0.33742723553927123,0.45088874198612733
13.236004302697939,0.36864439931984727,0.6258738451956096
11.418292118930925,0.34215279810523225,0.7525441774260799
12.740077974626079,0.34148729376105713,0.7780256579370641
13.92046780850609,0.3491083461452091,0.5915096061385878
10.186221779111676,0.32577316219029595,0.58564218056694
11.47651310610097,0.3439975873909304,0.7642642355539612
12.14916675047284,0.3315108563241398,0.5550703804851006
14.12385872828779,0.38577904769622595,0.8184512958244585
11.957622145621581,0.35036589813715857,0.8344652094684666
11.820022379184486,0.3798585412545811,0.5130889039406243
11.226090613229424,0.35756026425493703,0.4804058892516702
12.103073773517973,0.38366293296140797,0.44822147612732904
8.947366210828228,0.33054399345213115,0.6987445051958813
10.22127512840547,0.35803854452817585,0.5312621280978691
10.63154826324309,0.3387907061666964,0.5421587701417564
8.927194243904868,0.3194354063749153,0.7471722166841873
11.168811633469861,0.3425391195441321,0.6616953429517388
10.20367935244158,0.3576393269540887,0.43414531811041135
11.710184706953612,0.3371309666401951,0.585421632004812
10.751815073027558,0.3198320692175992,0.7633870485380373
8.871056852920315,0.3379873266100394,0.6571624704138452
10.067931606037401,0.29052569439140985,0.7899503994318198
8.580507256031144,0.33059670615077447,0.3649049453325027
12.714592842948914,0.3405803100585356,0.6456704812452884
12.167313581308694,0.3626638722430484,0.626023536390306
14.950829705369323,0.40471605138901723,0.5692150512038289
13.820292995744996,0.3675480041973238,0.7927330417902956
14.426339373542675,0.4179896199202071,0.7757504522783236
10.916437843015867,0.34843679317985254,0.3985817969388025
13.274609046201316,0.37775794119166517,0.7851874203286328
11.203229575872754,0.35268274460011073,0.6922965662308573
14.221987549990622,0.40951621047403297,0.5480705643459548
11.880234165725014,0.37582451000062045,0.6085242222039543
11.081607282924647,0.362000648479362,0.6515872541171357
12.886498346880884,0.410011252660711,0.6154842071479616
13.653794466504866,0.3799928828797342,0.5569219402700365
16.027043657373845,0.4240153221417527,0.6611346233728532
11.825769674391296,0.3607966479405431,0.8036339868669373
11.7564759685058,0.3657065042488097,0.6222910993978613
9.954257668394693,0.3266080134783062,0.4828779273324309
10.807488360980976,0.32467777860507335,0.6206356968106463
10.771451623259864,0.3596604574696113,0.5867733346401265
12.359521239912045,0.3667549914621093,0.7590192824339701
11.348422913206601,0.3640257359612656,0.6576046275492208
8.371942956381428,0.2958175031120058,0.6188198005410475
11.2991024246204,0.32554122066417657,0.5775265432050266
12.17188817660847,0.3497076855165907,0.7179859434505159
11.214968643215272,0.3482554275890756,0.7274958765156376
9.428322138162919,0.3132091352105937,0.6950263243448193
12.884462158207185,0.3866292666090251,0.5535474794849462
8.789137701343975,0.31116716423778323,0.5762726414543685
12.238840274454365,0.3432325933559883,0.6574831622168873
13.144279456504695,0.3779384724405813,0.7960682387611672
13.813057685516952,0.40936262595266953,0.8358740856445429
12.131308838689367,0.36489158929703985,0.5553524258068705
10.10086608590673,0.31898595480714054,0.6096067548612724
10.973965094865633,0.3429522500222913,0.492832882906958
11.189530722691796,0.33438674118044365,0.617594056650793
12.396258852275754,0.3746777668226,0.6842083283844655
11.428582824972597,0.3303324511524907,0.7270732413851678
10.296330597291377,0.3089550938241028,0.7513310496686872
12.991749244302646,0.3721199140121449,0.619624088735905
9.989712098227201,0.31364129418346787,0.6312392258571334
10.083388008644228,0.35971490556937086,0.8273662287243781
10.632105348746396,0.3489582467861348,0.7135488290115973
12.96875500369503,0.34332301736258053,0.7062881957579755
13.2637670061829,0.3802946550102917,0.7855422137738556
10.991214156625357,0.3445627681265384,0.5955936962004648
12.650957432957547,0.358522516764173,0.5234528088061784
12.52577862583766,0.359589227786218,0.5814038989529
12.327059390445456,0.3699726540854388,0.4620426807950681
13.12597794305864,0.38498621033159264,0.6987392996002022
10.85805741008743,0.3361560536707243,0.502242783691482
10.556369817466273,0.3487660168413983,0.44738292528257734
13.37435678825156,0.37899406087397375,0.4996456102868872
11.969312998878188,0.3495644763105219,0.7582863873528345
9.172863500811488,0.31522048515007506,0.8523867625113943
10.097803279470845,0.3307715130931429,0.6602500912961844
13.510993342788893,0.4179521373847487,0.5649026063119655
13.469765987462573,0.37245203024790113,0.7881513413196392
14.272699021236807,0.38354012930031434,0.5450757978037059
13.459629611056876,0.41207144161477105,0.5348023434317075
12.295376902671634,0.3520135103812096,0.6120689793986794
12.410110334527324,0.3757349025396868,0.5247356110199982
11.021619283603776,0.32559555278449914,0.6227770400599492
14.098837782730264,0.40878625163170396,0.8375768836795928
12.368337776830987,0.3398337488614389,0.7658494507772512
15.232634763643407,0.3909623533847742,0.7200847415208304
10.23826106531006,0.3110936397377,0.7275546341483339
14.220232067799678,0.39451577463461335,0.4784988217813369
10.8263899537246,0.32826370560880436,0.6178170316795301
11.441195817719958,0.34222417516290393,0.6732367779705205
9.226733374411722,0.32815184030484257,0.5998425912623265
13.955114931250744,0.38515945502675686,0.47037847332776117
14.008756976394874,0.3969182897444711,0.6699137976906948
12.971138580215008,0.40482295600158386,0.6499136791551129
12.160847349099605,0.3538626415492839,0.7284023257695766
12.310202048153329,0.37234349080327256,0.6224308747959624
14.373168766469647,0.4028461324641154,0.5672385943656707
8.91449870890725,0.3145096333708466,0.44577930941585847
12.937707597928895,0.3956705160256603,0.6642028177940009
13.150278210123659,0.37593190842143565,0.5562379093983041
6.915550646872735,0.3035111033724124,0.6899492621276837
11.68769874887462,0.3828015441267592,0.641404610562414
15.976207120283249,0.3945350041081519,0.6695516783813313
8.985758898813682,0.2930442236391843,0.6942285131107362
13.38238137861386,0.38933023945797635,0.6932401854413682
11.91349747075903,0.3482170888175219,0.6063015138443297
12.256016470495727,0.36127920382312784,0.7724521124089193
10.548763694723512,0.3579052086557148,0.7763709300701909
10.76866104473002,0.3511993504780404,0.6707272658936813
9.608335432041017,0.32339611187423695,0.400685351132837
12.306563523802645,0.38751347270092523,0.6811787807134415
11.86378802886361,0.3450684535894048,1.0351400837420464
9.768804750641692,0.34800115970249396,0.5162213667878512
13.576359738704305,0.37497527421662363,0.5167427261991175
11.568397002034736,0.3257793528003567,0.8007823962750136
10.183449321315543,0.35382588812097776,0.4840296827069067
10.755219206798206,0.33901482989172615,0.7377919904441183
12.552576066040046,0.35723854037425606,0.6612537121590637
12.961821425713293,0.3311299589796448,0.6864084871716601
13.147437906056158,0.3714449060982679,0.6052026368098028
13.916279219876078,0.40577336240011086,0.747121303787349
12.692643135462127,0.3685639597938747,0.6427496187322463
12.32494514679799,0.3428789330194574,0.6355900038213046
11.847507320231735,0.3526507860999862,0.6399760013499157
13.74945722937849,0.38045756385601404,0.842036930610036
13.087279388386708,0.3963444782882018,0.7825343925339612
10.583435952264555,0.39155649588841274,0.5904388172312341
12.441786350711237,0.40014248440940436,0.5538635007580492
11.189991885468391,0.3655575298499393,0.6869717449057248
11.330633174193462,0.3408856781059913,0.6545794776713707
11.982675073557704,0.3468236750118939,0.627285197388379
9.732190048413486,0.33004295628755326,0.4562069635345332
11.33535623404424,0.3675648610724472,0.7747054306901549
12.784444755857297,0.37338340816625426,0.5949660454806442
12.61863828917662,0.3599975048483527,0.7044513897613643
10.563989281391024,0.36493296784090035,0.6296867545629351
12.828928526871866,0.3928679879499603,0.8061882562604107
13.020299988065812,0.3792886138422949,0.6424540430100993
11.002781712678836,0.3597752375355715,0.4075028124108594
10.858887450065044,0.3250814633535307,0.5802199827555464
9.91957981251231,0.3070667038002191,0.7803862591384034
13.379371839398353,0.3906929910906001,0.6579955082642553
12.230376098997603,0.34171041848643213,0.7708465965369466
14.036691108364643,0.3847954292631415,0.8025827664057172
12.577572615815761,0.3395058969928778,0.7494869732540057
15.521280488689843,0.4288555503459206,0.5346250479934622
13.447635321010328,0.3602238126738863,0.5679361163261071
13.047493276407767,0.35722317234095946,0.7465111597053495
12.70152955430936,0.36594625692259514,1.1155875568300262
12.149278751529714,0.37031494823954736,0.720638018932777
10.434702691891044,0.36704531353708203,0.7299582181717226
12.307006403309828,0.3764289056201796,0.6108863172013879
14.386854789586831,0.39682754044774987,0.5953295190959373
13.332159976629985,0.38976150047427305,0.6553855364152325
14.90478947238412,0.38791218518703124,0.6245500243115032
12.586349837961038,0.3769228128066214,0.42346050430251636
11.345419166079985,0.3640795752713497,0.794571385199465
13.750803096133623,0.36015304336296067,0.5817701036309478
11.346867964063811,0.34408554961276183,0.5440802067348968
8.343002796372694,0.3071332063078142,0.44168402512764987
10.6708020287473,0.35674653810679097,0.7360455902356616
13.024436907904235,0.3738035231066799,0.7178786621205088
12.019224290514142,0.36144503332234496,0.6600042861745651
12.934242962097233,0.34342746323806694,0.9867121864542819
9.920225769399867,0.33525289035226064,0.5953359582581103
11.808171826644639,0.33860355770336653,0.6823489176870983
14.757913256202027,0.3842905397200026,0.45981330610069154
13.139874236270419,0.38849723749312265,0.5355882950235471
11.238693820377826,0.32307086932519646,0.7844277124418767
9.775678419495222,0.3520631889312196,0.8324598008795162
13.703366085371123,0.4099771168205948,0.6458060637280103
14.898902844006859,0.39910403000199673,0.6598201123895324
15.387917801473634,0.42855186251880845,0.7309632898253284
11.747325223394832,0.3598147227573564,0.64828619035814
9.149564117830533,0.3421137780850301,0.46234399597936454
13.116266320494656,0.3940619183590841,0.5574128367428413
9.528084218664496,0.3325027992874142,0.5539049863301359
11.85021711433118,0.34869443786299853,0.6920182763831993
8.069736363700578,0.32189714299597094,0.6481864361159637
13.296519904015472,0.35929848524267877,0.5919079099923871
12.162689199098143,0.381825933354582,0.5696714939862201
12.964065757607266,0.37559360186816204,0.774513946644546
10.005399321887378,0.3510354779565138,0.4744582218386426
14.774887915694425,0.42760654946730237,0.545550869858272
13.100180818149948,0.3989475241893825,0.646547111053206
11.161603756581297,0.3221977176383717,0.7792574243169584
12.193780720907931,0.3794578184901738,0.6982141329721335
14.377650289471106,0.3966036021451925,0.7095579156218738
11.993735587504393,0.386303222240291,0.8102483039330635
12.10902142667992,0.3689600116963322,0.7646664386555065
13.061140785265092,0.4178803451447974,0.610039309967129
10.994158234402175,0.34422168964051103,0.5570484990582331
9.633700261599682,0.31520742310827354,0.4289461378892123
12.370036037038147,0.33927781146753677,0.8586254182339886
13.350285451609466,0.37479229827342436,0.6523695862147377
13.170729083519902,0.3951567133695032,0.526192321056318
9.626349874367559,0.3277072426166672,0.6916191375419162
8.901761948478491,0.3530908380562159,0.5078885237591834
9.293999615567838,0.3460163451531718,0.708535324916992
13.47181529340574,0.41007129676052767,0.716297621761079
12.407283547972408,0.3926008497313486,0.6146037872329163
13.943688570035583,0.39130587278477136,0.7560937793499714
13.35683306331341,0.34601278746049186,0.6076938374107868
13.567133627084523,0.408785265581731,0.6599384921198022
12.616558030286072,0.3794192084078001,0.628289440280976
12.401399416070042,0.3692288210400706,0.7061538320506416
10.545842370051815,0.372148450482306,0.7268680596351491
9.129890358760413,0.2970228596483504,0.7334430675220283
13.78906812299443,0.38146276551159014,0.6709437699564949
14.083337339992067,0.378002141850428,0.6180330440743965
10.998721654292915,0.3339401217256945,0.7647346716268699
8.910352172922401,0.31277234326761444,0.5896301468326548
10.1319533140393,0.3542348471231924,0.6626966971214612
9.116896287197768,0.3203411068829151,0.3912927904356148
10.824108790927134,0.34787175532770404,0.5472034547457171
12.743139683700381,0.38161738552425195,0.650584921740652
12.067726198181692,0.3844649488046509,0.7985275129092955
10.43970847362753,0.35122994772983174,0.5635104219609236
9.790195371170249,0.31014971036319966,0.7580071142151448
9.752736704635755,0.35146521636905054,0.5383047685476198
9.911525641001795,0.32202391795314783,0.6440949691809307
12.338388671125209,0.3758380189640424,0.4777583021395908
9.582857392369782,0.327432522103892,0.686615841951596
9.066085772965756,0.32796713855054116,0.5120163847864739
10.498864448158091,0.35319527145214863,0.7460101816240883
10.449066544178088,0.33672321277854844,0.7168984225716397
9.55375384080364,0.3183063055643548,0.8688905883649706
14.165903757229803,0.3624159355574159,0.6854777099501017
14.900418670191844,0.4527075602445618,0.6943663992294788
11.74722240654917,0.3230551153497836,0.81115075266714
12.487084856726476,0.36419405682014594,0.5390967233826065
12.170676707784324,0.3438474154583131,0.7358509592835616
8.853632740820682,0.3258668099729292,0.5513554889243312
11.512344719482314,0.35836383278166206,0.696619916523969
11.93006200032384,0.35496065026035756,0.5339501424518895
10.435162074106067,0.33353097389619,0.5546741548183021
11.730569646280152,0.39373978780632674,0.5521346164774602
11.489997243928656,0.3586391081846268,0.6303124810818526
13.908865168863944,0.3809329185013885,0.7181102240462358
11.757860029507558,0.3434413698039417,0.5685969436795646
9.647192993221829,0.32202798449243597,0.5826916701195337
11.484439438975194,0.3621075350518108,0.5085936577301141
11.348027376257921,0.3268015765562772,0.8042524170038985
12.538123359085802,0.34161936550834326,0.6367765181049004
11.548631800929346,0.37525913617047557,0.6860041924932674
11.48789654459566,0.3474135087123513,0.7446455508238737
13.01816450866535,0.38724419368700724,0.5899306591376603
13.478439422433684,0.3679121453148339,0.792839484629552
12.941740702376592,0.3677559800456017,0.6233528039009302
10.706901651172306,0.36665896372724505,0.6207013675270164
14.24648042537348,0.37208240046977104,0.724535395094659
10.820705758123033,0.3198774967500025,0.590401130849874
11.416416878658744,0.37849758314491133,0.6706904350076014
9.332459010881827,0.30725286743898506,0.6181627603197276
12.47503605934778,0.3701127110445662,0.6075637549637175
14.564019706311417,0.3905308198442453,0.47207410024294555
14.87066848246769,0.40021180656957284,0.4752162263123144
14.81680718452844,0.41463349554980544,0.8198687609446266
10.873342429348995,0.379897265743026,0.6559661955506539
11.465245050869207,0.37513429012631494,0.5241941039590505
11.461958367107389,0.35158478621458067,0.5622477738812228
10.949645646520814,0.35626715156163824,0.5794881515001344
12.948806551270955,0.3868040159386466,0.758306347247742
12.467908873572878,0.3374448873617024,0.4591915323709698
12.942454045641007,0.36097511535163307,0.5495891106544349
11.429916468466171,0.32100410926416134,1.013847472044691
9.143292603897905,0.3249526694175241,0.44953531244885236
9.298787224440318,0.35276722836941266,0.5282405527912344
10.506445082863415,0.34922797849614795,0.7316495928526497
13.081047588002672,0.3891553659770364,0.6619961578151881
13.061670525653344,0.3807096615856381,0.6334460659719167
12.58495425574992,0.35424903621928083,0.47396356047637833
8.653094451825265,0.32848643643053793,0.46771431015519277
12.623455490905904,0.3843716869732383,0.5153169486703846
12.82242548828507,0.33451762236717725,0.7248548052290852
10.490339232926807,0.3226724759805518,0.595935715156093
9.275929825832456,0.3138965928539774,0.7316495928526497
12.885359854828259,0.4034243990839368,0.7354136035484717
11.423911258469197,0.35909404137919315,0.5798804969046808
9.834627746850327,0.31071196514216926,0.6730226988989697
9.407688710007243,0.3221122708070326,0.6411872957635074
8.89126493203604,0.3191308164077578,0.7146322919432048
11.107297658587516,0.35446167241926174,0.7304275282066187
13.6796704501465,0.3878151344691238,0.47197460439348443
11.980799053986232,0.33221669463019793,0.8524812778703933
12.555428437971653,0.3480969693175305,0.6825283549342356
12.27541237294276,0.3765722288365439,0.7520179840201091
11.501041779321397,0.3478807388122475,0.6299230905628233
9.578997477988558,0.3593157479728182,0.5903885703262877
12.325744729174112,0.3981221389256029,0.6995736777460798
11.995605720625097,0.3628055294404923,0.5598976530645937
11.48177934881845,0.3330451912068509,0.6961973196769233
13.401926167243992,0.3894271237329511,0.5085133809309825
9.939356948841638,0.3192225459971616,0.5663827705441922
12.925929944976033,0.3565324885549301,0.640176072633291
11.183652617358657,0.35843802244329226,0.7852686846984244
9.9335427400121,0.32853036762051047,0.5367359922628165
13.276964750484364,0.3951712608544021,0.8189830309963538
11.865770991473422,0.38485615954565616,0.66197845146526
10.987965579259612,0.3177244199481798,0.6265858364603057
12.586745384584582,0.3917666553301363,0.6830966975473133
12.976803893017308,0.39903022842440244,0.692038504329665
10.23719360335502,0.3096348497681277,0.8856488034997615
11.719238031202131,0.33556379461511154,0.6769834016109058
8.737068294621192,0.2996936415302171,0.6304271452012193
13.40574797050622,0.40562915750540474,0.4464648469267593
9.851067418062339,0.32712490748091716,0.728249051134142
9.61386654162203,0.3143650227882899,0.64423364123345
11.331082597538064,0.33541108785751983,0.7515252740344108
12.862122715439092,0.37192999640171737,0.5451598347205533
10.562489921781552,0.330230685541375,0.7410490392446666
12.034726114083067,0.342601701512536,1.1360511700509026
11.231178128503455,0.35125333928842895,0.7447400749807472
13.611588534646614,0.39187587331448054,0.5409228719077961
10.911973166533315,0.37544359649324194,0.6215496602793301
8.892755133276992,0.2978116902293752,0.6130369441472833
12.694524305184846,0.35373637252294887,0.734589610456608
13.05022030230575,0.42585829877633957,0.4800712658681836
10.335304485513209,0.3370201465199387,0.7775231083459546
9.289125393516887,0.28898902579982966,0.7594867781428313
10.743144179270153,0.3622020619124981,0.4863476037316089
13.83531632779993,0.38913683810483973,0.7465111597053495
9.185394171678762,0.33986399603686945,0.6708930800010349
12.725205391130746,0.4023904043977283,0.6441765301301098
12.475633046390993,0.3513763344454236,0.6383583382043596
12.54525820668071,0.3926076751730054,0.6510223463560204
9.054032948559378,0.32006527247387917,0.7265986561826613
15.534268716606825,0.39776567801593427,0.7322958842502431
10.087649662913282,0.3516640932846512,0.5483521315694329
11.39766899911369,0.3565309633919525,0.7537370631179188
12.416680096448914,0.3667160345434588,0.6423974038414568
9.90823040879497,0.3457545602353012,0.409621497500298
7.975712424184241,0.3041626493319348,0.784788851755018
9.20215918325136,0.3122767042562478,0.6424459507830595
10.555451347836588,0.36071531391275324,0.5033872305988392
13.070063094762194,0.3724275637331554,0.5753724311239893
14.329812036099216,0.4109304874570715,0.6603774912185079
11.777016435909289,0.39265489645606816,0.7402616815865042
10.078455795810672,0.3027630324902121,0.626270761850365
13.010045806543616,0.3724656378570401,0.8089123752298218
10.381281908157945,0.34291830702504456,0.497877363209959
11.799352424399562,0.3588268367807806,0.7146601379783523
9.746175503047986,0.29406660842617954,0.9194249331921862
12.031580921150656,0.40710963732019273,0.7505685589210496
12.314379680170195,0.36519820069624254,0.5500405394548333
11.694952426657775,0.37312206512421336,0.6106116951394602
12.110276503364343,0.3708639566200729,0.5206263995711168
11.801317819981826,0.365112516376761,0.5610959746438006
16.126711594894985,0.4373764083399997,0.7715324468379544
11.551994585966266,0.36457916753147107,0.7161070291098164
14.168337573075299,0.3962796617700247,0.7138705747624453
14.672701337310066,0.41628193312283746,0.8065322700403432
11.181784641621721,0.326168169218346,0.6182096223737075
12.623319916218144,0.36900863551295415,0.6287592347831922
11.539872381902939,0.3580842200009834,0.5987325430842083
13.138036244364226,0.3931637076309383,0.6362728138539451
10.420586346632792,0.3211861700115915,0.7967928272783534
10.514214011377117,0.33132678112006336,0.6551708684621903
13.050050182085553,0.3585621118256693,0.6641804630197192
13.18592179826636,0.36655299012517717,0.55983874155609
13.876051444391518,0.4029533273690079,0.7082424184352271
11.941307768632221,0.377634010223135,0.6367843979784086
11.786982593118527,0.41132091296432083,0.4202530488207294
10.517093627652901,0.35693530391595896,0.6851290300087386
12.808242524418556,0.35204160550935587,0.835816168002924
15.293164939140055,0.396626940325257,0.8186647027975759
11.40145866109738,0.3462837023555538,0.609088901291822
9.230331723786904,0.32653488041271234,0.44682649899784704
11.570593026770457,0.32138876751934486,0.6539299404921666
13.146211220362506,0.36264176392224756,0.5372510827635658
13.782648971304283,0.3651769109667672,0.8230022307841248
14.081362078458916,0.4312946685750863,0.5435305413968117
14.524977287663695,0.379401582704606,0.5660559148102308
10.055501400131874,0.3245597609445071,0.562823619361308
13.78594652114218,0.37680867055960166,0.686309812805874
11.679186365424844,0.3596827268107089,0.8153031626319918
11.529397320430814,0.3573974335666775,0.61212496814554
11.101257462271718,0.3428864266096767,0.5103207456875974
13.25362786598022,0.33292536018817837,0.634032512917212
9.203661638427118,0.3154454366000988,0.6473817762722041
12.403486106525108,0.391625319977981,0.4797036496745848
13.142600011619955,0.4142330314167306,0.6433623120356927
9.642198749565871,0.3291995428556604,0.5855931482342547
12.492075178879595,0.34627095648953904,0.7730858529335423
13.470802142532705,0.3720310984425803,0.8145186970360245
11.669796491443876,0.3582655680292891,0.752928150144688
10.351795102802114,0.3404048303911271,0.717991591168718
11.274378375662863,0.36633799739393247,0.6522891087254411
10.08823564644316,0.3280724734064703,0.6685463312408325
10.583894812839706,0.3375337242569105,0.6054801828450205
11.305274549739092,0.3483514418229813,1.0828614935137864
13.035120340371037,0.3837372512997182,1.0074680870752353
14.355145674592329,0.3932359436898251,0.766171796763974
13.684736753031242,0.38759290290530857,0.5185374474924932
12.391412209352122,0.3607270385538659,0.7661169006171096
10.656097572921563,0.3405673462824357,0.5530563906431373
10.271490167712525,0.30128242257187116,0.6244794085416839
11.706332975506626,0.3509397546282395,0.6260984222759992
15.407240082575143,0.40263143202515844,0.5026879950045852
11.46004752432566,0.3284126302260549,0.6848543898711432
13.620706238904468,0.3560998412021712,0.5999150571041444
12.414472412226104,0.348257904933247,0.6656427356354857
14.035133746787107,0.37799158406635713,0.6446256698546596
10.42297989720377,0.3474460421184884,0.6537849137272429
12.456628201497832,0.35698083933813884,0.6862752868300667
10.603331623496889,0.3294735945431571,0.7765280684908767
10.489981697634843,0.36723298848471636,0.921465623251543
10.548905381414773,0.34520601489042874,0.699025780250924
11.025055631130002,0.3733014876510965,0.4522262434669462
11.748569542618235,0.36226246461544964,0.6974881336179126
14.281377916898467,0.4241633031973734,0.5724792024082188
11.022195740536201,0.3612241129740329,0.4539235418217599
10.520845879230901,0.3490052518213146,0.6093925486215473
11.194512079765161,0.3249010027826436,0.8189243636895048
12.843822310276867,0.3440746867505955,0.515195883762331
14.576173090497253,0.3932032032755225,0.6992187019741373
8.089514300769785,0.29553303536696773,0.847125007756065
9.536404094776731,0.3819048340950303,0.6885801849487372
13.837162026199913,0.40527168259282137,0.5517856513536467
9.746558965131442,0.3478478271420158,0.6667480617791935
12.746693100114825,0.3405053334090046,0.5780799157575038
10.986416787202273,0.38695304282332244,0.623404553136099
13.023142603173625,0.3610076297138519,0.5017062344217159
11.171400256207338,0.35341349475445444,0.4740675711341607
10.334668977753104,0.32474118744484726,0.7773940386342741
10.314546033864929,0.3405936850002135,0.6079199688045639
11.681562997820368,0.3369540312418996,0.535761857599349
13.908364081403743,0.37272424878286153,0.5550390686352509
11.057047957868203,0.36781323061620547,0.6659084136523254
11.327568127621923,0.35682262905335754,0.5432759052864671
8.084734744762397,0.31387191190675484,0.6894486531153579
11.953550087833385,0.3727459584089253,0.41911158804383647
12.518048171618933,0.3711913412968823,0.539671402472723
10.95452171834745,0.3480817688594607,0.635844819244116
12.36048741865,0.3505333608447242,0.6659985462191156
9.284201871476693,0.3347663174017465,0.5839941144639726
13.90720514659801,0.393809216857296,0.8267533295981752
8.379301963172217,0.290999732167536,0.793623920185437
13.369627080182998,0.3929080453443444,0.6382353255409561
10.812076793786165,0.3577590086670482,0.5302355336543574
12.21474524175931,0.3499490089442853,0.6137553553165161
11.843558651270971,0.37278473481130947,0.7396496522819047
11.974274497055582,0.35232544297372664,0.6282364650990657
11.489730342136035,0.34900703714774683,0.5226710694630387
13.101375066351636,0.4225040580694675,0.836471785403818
9.54591127521008,0.29046734977521493,0.9355785327481616
10.15047639379134,0.3669981000422068,0.6717147497272198
11.538319428436079,0.33096372896282267,0.4652024048777712
11.621871754743463,0.3477170469300653,0.45736459271071805
12.419733882374715,0.34848101983084623,0.5996779937806277
11.89564945783345,0.3402271205878726,0.5560646715297687
14.065346212529182,0.3807433780809488,0.6496917877320868
11.858498978085024,0.3814400176530405,0.6477049389338414
13.68382847539159,0.3692537025898006,0.5622315020773824
11.865180097525826,0.3357763091050155,0.7640191350391689
10.272115797435351,0.33884856956046117,1.019208750084025
13.61616472757414,0.3916358380724464,0.6537422771563496
17.128453600906308,0.4317093419430499,0.5288353271319182
10.988456916370875,0.31645991551756003,0.5597156230135576
13.448507777729311,0.38772570752328805,0.6792243263043247
9.465602617139979,0.3869130602981618,0.49990465984452975
12.687947095835444,0.371648719055104,0.8090254702845835
9.470565950013377,0.32322911561995465,0.4564041268791495
12.061927999678051,0.3614171624716845,0.6403603040350463
12.54107914374395,0.3657983339339712,0.5980035393052249
11.70692416205926,0.3235965154063949,0.6097589093013958
11.07637471511287,0.3288586105503632,0.705901435742249
10.272114803435024,0.32153847078540276,0.6699137976906948
8.767024961644694,0.3319512090056095,0.5105399015971703
11.854703069912691,0.35092565646695495,0.7993679373583451
12.49586952617209,0.3495336072053148,0.5259879175696405
12.729853291183161,0.37277245007214466,0.9035281612075627
12.825461251345274,0.3750467426347184,0.804466821850337
9.495795890973312,0.3096931616291835,0.5302855844198728
14.640711921814066,0.39292533177990485,0.7770215313330395
10.231266926334904,0.3505760309566261,0.46677728360321713
12.674837681733742,0.3882911687058919,0.9634891807043473
12.034128445319912,0.3556725717205329,0.6241452379411423
11.265030988497728,0.33812333111234777,0.5363494680101902
11.321422380853551,0.34237219972950383,0.7908017326956028
11.346239093898713,0.3225067656579738,0.43429022893337127
11.102341450144277,0.3465976334270351,0.9280602533677059
9.39767815648074,0.3248389836832495,0.5515960510146516
13.588042967674568,0.36594770657994397,0.7059604829600549
14.57531399029077,0.41577260241517056,0.6507404428976985
14.004828732893248,0.3777010357533097,0.7776881243482552
12.833093984064128,0.3477477753570188,0.563559575552101
11.114310819401474,0.3704690298128184,0.5736277915056598
9.061376754986131,0.3275892773017746,0.6837103494430781
12.83637004570777,0.38363599531374987,0.8586061009247804
10.752754375087996,0.38156991957805597,0.40916919160280174
10.350064596329993,0.33795872713634256,0.5002252192184207
13.857357198188318,0.4128294346379815,0.5630141459253089
12.050180037957055,0.3806059325429219,0.6605797252078704
8.695952915488938,0.3005514357285911,0.6375343225300658
9.885118208292354,0.3505051850496359,0.5861393276104199
10.257847367683993,0.3323238324960338,0.5374262674202877
10.973065238838767,0.3472263144769128,0.8688855836240469
11.243122586213527,0.327466999260151,0.7620937967077959
11.438098525610137,0.3205802246655438,0.6659985462191156
8.911440658876927,0.32858121287882935,0.5508549020275216
12.844338634767734,0.34616113141238886,0.6042645206974178
9.702966074560592,0.3314199494845307,0.4852803715778063
12.565804123711736,0.3668429910233053,0.5679081660263128
12.303678503721407,0.35578946958519964,0.6430374881884477
12.438603347000797,0.3749317459387381,0.6721313515016107
9.276241526950098,0.32466916860442413,0.7114130866192392
12.155126032919174,0.3450043023840403,0.6172277514789335
11.889366807376572,0.3740756479811322,0.6027284599654542
12.120873309116682,0.4064233079114528,0.828509335216673
11.654529285668719,0.36282343493366803,0.6376055054857909
12.37866726850557,0.3706138572817145,0.5874341469281386
13.148260604303626,0.3642695612999802,0.6421750377574567
9.073345788320498,0.33351927892854305,0.6229097670262684
13.235018311985929,0.3609384566493523,0.6370051532735627
12.085014430259811,0.35744713876473044,0.7422503996628906
12.412624091710182,0.35293607130240495,0.7755653106691363
13.567976054966962,0.35531079647939684,0.4595169085644448
12.673398591305343,0.36828966327492785,0.6994222249143704
9.593300953616804,0.3368906523840446,0.6114610921135613
9.451894548086905,0.31794122020503063,0.5104586998245769
15.257759909541093,0.4029173491903195,0.76598656954561
10.802156062420295,0.33556894970621926,0.8181962633984841
10.825359829025984,0.35170646858083593,0.7563775450868713
11.124953528473334,0.3310448571600549,0.5493461043481188
13.468461505550415,0.36696187314937906,0.8718079909608768
14.00124447299228,0.39811570296017745,0.855704065309176
10.851038217946247,0.3580302638069052,0.7462129878958832
12.19317982706431,0.32963906727553766,0.7527002988275678
11.042596670261453,0.37232019700493707,0.7541948604410023
12.944572243275438,0.39749601403968926,0.6124647291670756
13.653388636742779,0.38393034567690193,0.8072858363918091
10.399383864924197,0.3268312536696389,0.5775794569018902
10.170379213196185,0.34779057616792586,0.5712691993514435
10.519852924093605,0.3196962030948292,0.7087959915485036
12.669539992516256,0.3872086532822413,0.783237281031396
14.204377379044303,0.39823306064278363,0.6726973178846902
12.784498144136023,0.3752692543682801,0.7223170353316417
12.286994968246905,0.3795205764037709,0.5580640851321247
13.628481878984676,0.3362056109374426,0.6780178412413101
11.392099007614021,0.3438002752905196,0.6206101638273197
13.97611656286967,0.3831299932275401,0.5433884886490595
12.523855978807315,0.3505467020848101,0.6270066766195516
11.442134190590576,0.34486031318836885,0.6155411384409469
10.858776060896808,0.36352129025433655,0.6674638117237848
15.05349642990019,0.39365008497823284,0.4745169027790616
9.172139716916007,0.31066625151206567,0.5315552281529088
10.863541274057887,0.37545784956152584,0.5234659404854093
12.273225815853419,0.3574925007101758,1.3570641511040962
11.664848794294002,0.332661895526807,0.619522474129893
8.967530275766098,0.3173601339092721,0.7835086920917894
11.81009678154031,0.3607582529189311,0.5695699673674103
15.143383416038631,0.41604622677977016,0.4672902377848621
11.885836576699937,0.36523443449314547,0.7332926059321526
12.27495639806559,0.3878778439978464,0.5973422271615924
11.054185838380718,0.3426924321377116,0.5591119139317917
12.593981232709027,0.38515731627334193,0.6380251781915511
9.820111522806751,0.3340715799410875,0.42794288848019085
13.74160447783532,0.40833800930963154,0.6712158486682896
12.980568180328383,0.3843009754551859,0.5735068647045548
11.889731857294176,0.35164646587471227,0.5257216619628204
12.263394123804805,0.3846704879708246,0.42501233822189893
12.56236025389924,0.3694087370386543,0.5200674506215374
11.508713318961053,0.3537533471484722,0.7350739765981578
10.507690560390262,0.319842534223336,0.7755866663975467
8.697696946521997,0.3216699899132515,0.503282159222318
12.257848235751197,0.35924711829340905,0.47909506553045883
9.692709524626348,0.3465594297573875,0.6414770979458813
7.799496499740535,0.3222921802004647,0.5927704910912135
8.63510177951892,0.3378667097476644,0.5142304264186159
11.891793880489292,0.40439833883753096,0.5515909293933717
12.782247616017727,0.3747469084778931,0.5492752882059051
12.218236445223749,0.34793554554763007,0.6952518457904912
12.101632201516956,0.38865871764130433,0.7631021038863227
12.354007307839666,0.3716691555424229,0.5384190522426704
8.69719463732687,0.3046655141036596,0.6600130602020995
12.006938022998948,0.36342545213204924,0.6232419560643818
12.956320331420958,0.3757516892675318,0.6444785752689004
15.04026217273784,0.368056518127421,0.6754123713235404
12.674216250550586,0.33785606619082054,0.7450554156710781
12.351430151343067,0.37600591119178545,0.6780558925835541
10.827431878328468,0.3663215884404776,0.5982288209365757
10.826948141664452,0.3485496715092687,0.5184353597934807
14.32255080322092,0.433566872356301,0.5488282618886672
11.727379325011341,0.3558120347001287,0.4645799617974303
9.981199312201134,0.3139818869119083,0.6600042861745651
13.23422158015281,0.3802982825110503,0.533611328313552
14.758709230125142,0.4022528106858253,0.7422254416803797
12.280397227300217,0.3651982843161549,0.597993750224198
11.257312710368591,0.36924255144361506,0.5864960883134146
11.412049787692766,0.39348566514758326,0.6315311141967883
11.086082237036958,0.35415068728941546,0.5622586225353656
14.857679129595521,0.39515518064145333,0.5618197536973207
9.987318589538571,0.3621391886116069,0.5708486427752557
9.403348174315234,0.3284499186722383,0.605195872161566
11.928611476659594,0.3932215336835668,0.6551622861310448
13.431614448428356,0.3828776209764523,0.6089992741375282
12.483974713169847,0.3660135597944547,0.799976563529918
12.313318490720235,0.38526965374960903,0.4991211276244014
10.706953983540906,0.3109394551582283,0.5464499677484799
9.759917597922641,0.3143408204295498,0.382945289337841
9.966338628155139,0.357445871956355,0.8600488200747466
11.55330038952869,0.3554531739018983,0.5520216435541276
11.806498701389,0.35246414989847347,0.6163898610630868
16.12657781788653,0.4183142664870355,0.5985459521826325
12.021422244224116,0.34816589084086985,0.6847073970189272
10.858371830910329,0.3537747738428373,0.6858072346389371
9.936688838733954,0.3183332039698362,0.43378616573025874
10.055184026882287,0.3534450145497302,0.4508439898714804
11.596953330501048,0.3693818299734096,0.6707779182708714
12.867556639485997,0.39252719629772526,0.5573916961945444
9.509811229877695,0.3299595234956074,0.6173138822910111
11.62993907686996,0.3597976093662728,0.587427960773547
13.104861306619789,0.3630785788896963,0.5977785119927096
12.952630127555885,0.3688700817623428,0.6603555204531512
13.710569813777745,0.36160461750431533,0.5397721603913536
8.389364646079475,0.3166388786690655,0.6321777805484335
11.009361378895122,0.33092749678020683,0.607406398449143
8.452354546103201,0.3077865476848031,0.7090787053095388
12.943084532573248,0.35524444757280804,0.6635242396607693
9.906828995315028,0.32210620478539737,0.7428313834463309
12.409044043249903,0.36835503455089064,1.0907847490277511
10.31302928346999,0.3227945162966969,0.7674514682302673
7.87244781966157,0.2991688822554755,0.6929759894154524
13.599468413900091,0.38181706756988326,0.5525666065193661
14.764742525176459,0.420208081817938,0.5214249431999924
13.22285135526063,0.3872656849309332,0.6551107992258743
12.524557679164083,0.400452187756577,0.6123210498243832
14.886792493921249,0.39341120571266974,0.8312476975901716
14.377754069196381,0.40162970505897366,0.6308404547729861
11.938084777794735,0.3493687976506149,0.6168620973196889
12.114769099319481,0.3446758851990352,0.6230130578007452
10.493624644908618,0.3331609165089973,0.7911641948357286
13.109816772826132,0.38838441275360813,0.7187949228303502
12.554219611640669,0.33983507445895067,0.7650009548510309
12.61717270565255,0.34786949798738626,0.6219310601209208
8.263833937000634,0.32756902113940917,0.730784571648439
11.474092347533883,0.37291636056134586,0.46056277914854066
12.53482802086829,0.3743023125553101,0.6850063819842533
9.13297178268865,0.33590211686595123,0.6437853198730422
13.512721612459899,0.3823524201051707,0.7098306274287429
11.181880842951841,0.3587521783525521,0.6091371784607871
12.344467547864774,0.35607913652282525,0.7099616408346996
10.22759355372683,0.3120993426053099,0.5332731583338289
9.301932816516082,0.3421403588099293,0.8876803669172074
13.623237889517615,0.38873460818032746,0.6426483482421581
15.48923361438234,0.41722489275845687,0.5975439715120755
12.819379511340951,0.34085044981770934,0.5609720249569184
11.441814471013217,0.342358059712554,0.6336556017581672
13.271782165399166,0.3881513752276653,0.6670241226466513
11.415805353982854,0.34643327535773627,0.6147526248788211
12.219996234887233,0.3938941553330383,0.6305112720050272
8.91494129138874,0.34191388797996086,0.5231510526806644
11.609827491005163,0.3723468977018545,0.8212386767733109
10.444849957156414,0.31738374772091016,0.6662420870815591
12.104883232176398,0.372821391950431,0.711325199522637
12.482931024441747,0.35675941049882726,0.454874144095995
10.501910088172679,0.30879150487531143,0.5751023188883755
12.904945982550053,0.4005375107786924,0.5409132119670507
13.891908062190705,0.41036339501745767,0.6419407925863669
14.465389652535645,0.37333845955588235,0.8644555057147608
13.39700413533156,0.3406129804834037,0.5103369697809963
10.05815450367993,0.34380337364598396,0.4479633804904062
10.17392968086319,0.3413684007734168,0.9033537593566678
10.281382137098934,0.32228358813133595,0.5356820916819471
8.42255601801611,0.3039384123393245,0.6011708990837369
8.622602929576395,0.3212337980353844,0.692266191022268
10.551469415487745,0.3357595574443917,0.7112428349449929
10.343199386287857,0.332340946497252,0.535935589018487
10.75923400836729,0.3743294418817865,0.4852210930264886
12.176871984357966,0.3408697530619991,0.7235334512065477
11.72355625649427,0.322529684842202,0.7644754834575453
11.111323735674318,0.3490050932835872,0.5861823503938504
10.544424795567107,0.3530335283873894,0.5467440059201687
13.433082731203381,0.3213373633263914,0.6842083283844655
14.152835395249312,0.3639803799529123,0.849481643298091
13.661877464830336,0.39236059947089685,0.7842546897725666
10.686382348129552,0.32721778365238147,1.0564990991122725
11.11380835017344,0.3533114553645964,0.4615738032026622
13.256472185642686,0.3683727844328827,0.5348677072809224
12.901592621723143,0.3402935591268662,0.6646055901118298
10.314617858218952,0.33584798032712915,0.7331061620988678
12.955863290348045,0.35574679887354765,0.6645697584539372
12.599727167332343,0.3445314451684402,0.5566217085279451
13.522365635263629,0.3615412436813475,0.7851283348126842
12.311384964750637,0.3725709386676292,0.4459686677732107
13.883501270739792,0.392180780709116,0.8463746467312648
10.766770412370942,0.3566237015486353,0.7804225209239031
8.932926755774208,0.3543551260484817,0.6007073034198874
12.152146449914493,0.37898887862603037,0.7821252471174805
9.46389524407212,0.33576463613357316,0.5584251061355882
8.682347979450455,0.33025253803497695,0.5900497389245215
10.508499461550464,0.3397079284473242,0.7192032775095134
10.586775443639283,0.3470049307963228,0.6262632658659026
10.681048336691294,0.3323702709405969,0.62223962693051
12.246321486256978,0.37822874112517246,0.4590970071851147
11.785622353990409,0.34290535833209784,0.49855668862239894
12.065098843196335,0.3710693643094257,0.5578202617086414
11.105674365302285,0.33906900690218084,0.6209496451630429
12.719053417559447,0.4132015105093199,0.6029022705962686
14.059296366693879,0.3718739567414287,0.8253256526732616
11.993314582112522,0.369426551147198,0.8531342918840209
11.870610042364845,0.38717279548145445,0.6606413115706913
11.66439486574912,0.3539543897335589,0.5997668595893756
13.31084586938142,0.36613715644515354,0.7208779783219457
10.851265139745532,0.3468427601061626,0.6541049541384805
11.719971689763284,0.39328379753755005,0.5255886856961269
12.045507987938752,0.3514222067329764,0.41860028472289446
9.405026283159469,0.29987707632606037,0.6823683094858287
9.33886526662696,0.3212552738093791,0.896508913253405
14.555463805994755,0.4169634709397115,0.5556139625996818
12.84317595914652,0.3368223273269217,0.5381477472251763
11.394553002948093,0.37126853159833173,0.7467906234535214
14.315882844445571,0.39678010946869385,0.5509467443437784
11.207498541866393,0.32197883655623877,0.9499481091102835
13.887590315968467,0.41568512748682024,0.7413472781295627
12.265745060467726,0.37548222391028463,0.7752878466344237
11.151114678655745,0.35904602430090027,0.5664548657580346
10.961240899600838,0.3165913131977075,0.6452560467057025
11.798128224681523,0.34995755860909905,0.7439911716962
11.815912443846738,0.35716519022434523,0.6226628153543445
10.990713459927267,0.30973926192145235,0.6721220852616104
11.664658636352716,0.3183920950660239,0.5703780407678777
11.942672483163609,0.3442260644576542,0.583363005464778
13.663746479602832,0.4023991356322495,0.6549564113110049
12.163829499847974,0.35134398701302166,0.7227832747556056
12.746847626536187,0.41384242167468976,0.7391685150946793
12.775034878226819,0.36712273551574204,0.6774193763508836
13.140056171200477,0.37636723846562203,0.4916753215602556
11.435761775442007,0.35681090242954433,0.6445112542525316
12.527640359331567,0.3541352699051489,0.6343555590646482
9.947247642307033,0.32660662300710924,0.7718269436157147
10.681151980622854,0.3500567608512087,0.6947191484767485
10.767113283093643,0.3400125930570591,0.43606585730522096
12.235301075860434,0.3813055711169367,0.6966147582677996
7.9424850014751485,0.316852633571212,0.35294535073810757
11.89389650609499,0.34568035354064586,0.5721416843500303
10.701976421720687,0.34613411657732085,0.6606457112557638
11.557597128122364,0.3818461046384935,0.45316052016254876
13.124377175177848,0.36440375385687607,0.7136930060575623
12.540888782007983,0.33390113188454595,0.6431592394669101
10.698110782679901,0.3667511585775207,0.5043593342991152
9.510139475936327,0.3322577345965636,0.5676679636721822
12.75494905723351,0.3938998297532289,0.7434889754009734
11.598925341672018,0.36350612188228865,0.7431756186585723
13.864239267875355,0.39978908826896,0.710683513558886
10.729982066297914,0.33973898255866686,0.7402307345799068
12.338028739001416,0.3415957649414004,0.6242491446346641
10.438431789414423,0.29970134904971746,0.7050549344788017
10.155396698665893,0.346040693047154,0.45690688836932575
14.605160486058399,0.37340646764254903,0.7628987672353506
12.000745426834545,0.3799770101339865,0.664883482115334
11.562110465039687,0.38124314345808186,0.5526335527676232
11.478124541798618,0.3759737394003044,0.6947089162942253
15.587161249873397,0.4230092198683611,0.7019312109416381
11.627864008219568,0.35184345518135995,0.5518523141186218
8.999075545477709,0.34287376733546804,0.4770344607245872
14.73152657440809,0.3970103435386074,0.8185558862298316
13.153947234791332,0.3956265374678329,0.7199765167739289
12.190368846532895,0.33569473828866064,0.7294957351545021
13.789357348462836,0.3762616767796881,0.5651282976348512
10.681077861906545,0.3535879283301809,0.8632210920619104
13.445001411717193,0.4083357459674934,0.5479701096878875
8.6557349942312,0.33890397039127035,0.4586193676137282
10.728896380000052,0.33395542087470215,1.1321118296204615
11.726088094353972,0.3510075654123776,0.5470335235413513
12.769745409517785,0.3809803504077982,0.6955956754954677
9.250728713254833,0.34310031879309355,0.5738064423856579
12.46595046225324,0.3886363494885061,0.6588666335805313
8.412775025777155,0.301696374601081,0.695528922382666
14.132598607290543,0.38826561836023843,0.6489440574249354
12.810989832319894,0.3553285355834325,0.6789185200497563
11.73752334395633,0.32391004017411273,0.5495080727241218
10.552297304973916,0.33731415555353345,0.6931791903081332
13.580863556284168,0.3795822534614198,0.5990996867218458
11.530275210123449,0.34269599555176733,0.5515909293933717
9.288380529402147,0.3405024473047565,0.6179034094543917
12.79235280048768,0.364416131461589,0.5280472334623122
10.45049055490107,0.3379991643777892,0.7645504845085327
12.263027711633526,0.3975415446997918,0.5356117395689503
12.03361646922951,0.3691971509112234,0.6320390419611926
11.153371683051933,0.36629454258854316,0.6039550244244053
11.172501135671855,0.3030231969579495,0.6240858859784804
11.851421699934434,0.3386302145983968,0.8009940371412761
11.809148633394475,0.36398781551237963,0.9809653223751452
12.15156781898861,0.37690485863291034,0.594853600124226
15.698996808421288,0.42035377407952246,0.8325302304404095
8.464086967168967,0.33092883846562776,0.57904919469383
11.525980390526776,0.34315153289685846,0.46125302534212875
9.852136304947162,0.3500980983345423,0.6754829033540576
12.351168256900376,0.396627333979222,0.6510981440693219
12.391900302107565,0.37965258639562804,0.6770118090913861
8.098508024716889,0.3004012690254202,0.6742073443866858
14.640757918975488,0.3854347090558322,0.5871250784005789
11.779512103194524,0.34941985970107275,0.8227896642779774
12.077951771802478,0.3631283255724706,0.7593263966019992
12.196124690857218,0.3636650681290689,0.6570672200635139
13.94280021390166,0.3590040594675839,0.662315115269404
11.99433863435711,0.3158648751089721,0.7334852133670577
12.285320918655284,0.3702136302849036,0.8442456308266443
12.540132168070372,0.3768106340415636,0.708774258340117
9.953305911390988,0.3013455227566643,0.5555877922914533
10.619552565042035,0.348502745967607,0.5932860295743096
10.94505317534886,0.3624626763475901,0.6173282409322247
11.424629957967898,0.3661134462905139,0.4476509683140262
11.81074992233756,0.3697748097859959,0.5294185292651219
13.147817322547834,0.3846155557746762,0.667681711662684
11.393989869703173,0.36893612333768755,0.542333933175827
11.96164921900743,0.36652622326075573,0.5717933519134906
13.33704222608884,0.3610314586769391,0.5785166702612394
13.21307401793075,0.3928247506379938,0.5085454870888535
9.594591226181489,0.35140274711788827,0.7917239684040993
11.290591033122446,0.349191936665275,0.6171129664574418
11.969739823712505,0.3421161552800075,0.5762551213971638
12.834342940884593,0.33448307908519326,0.6169086641690406
11.17659167108625,0.38917643563960513,0.5907594431198926
11.24929683431822,0.3179277840371526,0.5777735982963791
14.111966543553521,0.37463648970135666,0.5536044269501007
11.658079974209677,0.3386075939817682,0.5251947823619274
13.139895100050747,0.37581049421020707,0.7063097010695664
12.407439953257658,0.34923248454007,0.7719602791800321
12.150220589650527,0.33446939822261035,0.742887680112652
12.858928746679393,0.36443867451868955,0.6809907675855326
11.837859385284808,0.3137895516466853,0.9426811909323859
14.230802368745625,0.369514518300474,0.6747879522497136
13.012643164483016,0.41528940349817517,0.6160185590418203
9.945496101616666,0.3127523455146914,0.44035423200256596
9.875234260446192,0.3316583772697539,0.6196749147927786
8.996611348884471,0.30187036805076284,0.7361186166689362
13.335310614039805,0.38700317838551923,0.6918514634769987
11.39643118534929,0.3365085499090177,0.635464668711245
9.34410591728884,0.34968214871932624,0.5381905575945393
12.138369289976286,0.36336630561407557,0.650047761458761
13.451394544603787,0.403875561014824,0.9686551582596058
12.60360858069268,0.3802257356608762,0.6900344741563288
9.274836638472756,0.3243897698873447,0.5748760662335481
12.53057787876487,0.3796541012386183,0.7052582452344387
11.48164896172322,0.32290364231221214,0.7349891433565463
12.66006305384973,0.3953027462334173,0.7229215932478784
11.58829393965598,0.3426805077615839,0.6088890180898903
14.163046819025496,0.42558426384747744,0.6416463307935547
9.139348008490721,0.30275781754337466,0.6720757598095672
12.96984690858897,0.3730714889191465,0.8073420375749236
8.698191851756317,0.2913037131669477,0.8023698640396502
10.36355302163943,0.33905776804178744,0.4383407417070333
10.901587255155182,0.3355223250824062,0.43476595503605603
12.251504520036871,0.3775730447684559,0.7580536383104236
10.262054322113585,0.3651000006871286,0.7958450941909077
13.265691630596677,0.3785670433359182,0.8659626417377194
12.963044325963324,0.37949048217761494,0.7058048449731485
12.136603060492554,0.35673669337956504,0.5189634629831824
10.707308404414917,0.35934593139407867,0.6828730772812304
10.288045039307693,0.3571111264584528,0.7355107263174567
10.417334306121099,0.3233804127264673,0.5422706602750145
12.29749903481975,0.3810481615538513,0.5502285397370819
10.596561174501598,0.34624122679087926,0.7948087821441755
11.842003454078654,0.32557729546436615,0.43736216981480214
12.81644136572682,0.38076248941204616,0.7032701644994811
12.848995592637188,0.35152290535251224,0.485252473082766
11.427724238390802,0.3414438784329414,0.6526408875996039
11.408819964995665,0.34344980645051637,0.8021807596618082
11.837870843887607,0.3304756447894881,0.730611935291387
10.474509472034295,0.31063088869363176,0.5469336379320131
12.26463601089825,0.3696283186091392,0.7009727269413176
14.901391661691221,0.3989106907282385,0.5954905608597578
9.816110429806539,0.34386460119495543,0.5158397586644253
11.322145120316872,0.3146530048050513,1.0392089191503087
11.626121268229923,0.3540301324889572,0.7545092611468455
11.864785053486319,0.36063498475548417,0.6174072313725428
8.374652086142898,0.33791841942663886,0.6597149394258354
12.604721149797605,0.3588220521766625,0.4685188445399072
8.084696243967809,0.30746882939826026,0.3539965959104297
14.143912339999048,0.4127254588681971,0.7012988023704487
9.25564801396348,0.32102548855426905,0.9249052276846572
9.065232113675059,0.3096533940935116,0.6641223511684068
10.627484994996554,0.37342049760638196,0.7887721244229713
11.18703198316534,0.354093330061552,0.47751222522285935
10.353698134932522,0.34678217521788524,0.5581701950878555
10.271880444392725,0.34037467865549326,0.5059604728261873
11.202658650241208,0.36515676436860206,0.5410001700696908
12.39403832782694,0.3430109600727351,0.7046381626760022
11.067532286385891,0.36591420588682433,0.6802931073715055
11.257674973982272,0.3680958416458787,0.6369026311958245
14.135003430694429,0.37083480732259155,0.7640259402029033
11.593893747309512,0.3422338968837036,0.5920915268465466
11.567954964560482,0.37005766633864345,0.8631033372743405
14.029569668580951,0.40008802035453356,0.6998088856687357
8.085201521584981,0.31288327910427693,0.7534627845528721
10.545628357913717,0.32098093959009544,0.6223793676393546
11.279883590874647,0.3773996673748605,0.7721779751080782
11.991169461135662,0.363732813058957,0.9087732892736368
9.6490992001205,0.35007058993378476,0.5228062037476313
13.21280683218247,0.3654457523919027,0.4659971124992503
11.933644337814911,0.3248422194747153,0.6296943741532641
12.724087195571208,0.34719480973933137,0.7851652616969524
14.306894431037879,0.3977099297878108,0.7598480084976875
10.97239775921571,0.3746479512087143,0.5542527943529012
9.49942210066078,0.3190241496434666,0.4535700232012257
10.469490046048815,0.37493509418322213,0.6837054726774477
11.16527635769587,0.3248142748026441,0.6509802479521459
11.264038798695381,0.31626810619464774,0.46348831614826924
11.261377059064024,0.37618214888199547,0.6089820426818997
11.704187877863319,0.3551499288135683,0.8262708758613553
12.883123113323212,0.3475672942420414,0.5506254970304022
12.32337409174313,0.34663695316245147,0.696516773166747
10.307026523076992,0.29314421638127514,0.480470189969417
14.96010487420817,0.4028555355202865,0.6369893774237076
14.922677338248498,0.38702834819795007,0.5809336515586442
10.845083657056804,0.37187895363753876,0.8115827165849543
9.766584337946831,0.3487159043327557,0.5394556825101947
12.12189834945353,0.35172370574841794,0.6557853806819042
15.878093729496275,0.4494147871022285,0.7790733686438205
13.650763622651017,0.38944767374960776,0.5469086750778597
12.17020992253164,0.3565452160575714,0.8340576562282991
10.284018710443952,0.3348199063063383,0.5636415267954465
10.331428817998301,0.34199203533620826,0.7552575414877809
13.73933157836143,0.36186013587174304,0.5764830068621376
13.914476562470654,0.3912187084564673,0.6698358236698649
13.817276723683236,0.36646071378825856,0.5333564829886315
10.218225507886277,0.33917535879482813,0.5673333063779226
14.789187544345495,0.38618859931235533,0.6640553179823742
13.286195829292815,0.3559822610392378,0.7736575550552477
12.590621451075265,0.3711882634671662,0.52999457845233
9.773966628151754,0.34163546849975973,0.7306059844955418
10.555499960885975,0.35222829011963536,0.7454153931337593
8.76928368567695,0.2866876967203581,0.6534185115911056
11.119929643733716,0.3312046588590901,0.622740186512599
11.198043646504548,0.35256928149383515,0.4207204329213839
10.530959676581073,0.36080937039559036,0.6409983310845361
12.025061347599802,0.3344219393474371,0.8246744810335322
9.82230589294753,0.32972879689808765,0.6209277263277172
9.852657447488514,0.34168725037909187,0.5846516697126348
13.253101153584158,0.3938039856434895,0.6078685531396195
9.991357723717979,0.3353266933965956,0.6112658351565827
15.313316737295406,0.4408369695369721,0.46847491079729686
12.700373177075825,0.332643260999216,0.6818162902406326
14.404164822734852,0.36851886898686476,0.7090460672249983
12.18558862063847,0.3751534247448556,0.7206722841749655
12.181175027015513,0.3566744243209407,0.5528396939437381
13.373754538082878,0.3506380642374841,0.6069760037498978
10.849858183044535,0.348860637659132,0.7061645783253743
10.6954587310526,0.37255266824266614,0.5105602080960068
11.29218413674613,0.3467247526271019,0.5431731728726934
9.773856004827355,0.3192397675761677,0.720866546248388
10.272731546523456,0.31579411520627554,0.9699753542718481
12.760769178050854,0.38493919428103895,0.861860045691703
14.135941212674645,0.39514982095147827,0.7028406541140936
11.452738298259515,0.3732690536565735,0.5282270585057386
11.248440924461477,0.3581385975649894,0.7574561235045536
11.860641289847692,0.3564859502467939,0.499660837349649
11.914955446343765,0.35651435816358085,0.7304275282066187
11.75589992017131,0.3458528287762316,0.6560135765464578
13.861874496250781,0.354109919907157,0.6692999164497533
13.011777765333125,0.3648216308097938,0.7987451461710208
13.13189059455108,0.3928843365319084,0.4552220864266207
13.456300141022592,0.38195408625784666,0.8142055442154643
11.745409702341131,0.34047341180505686,0.6292719047544005
13.92895165256429,0.3788415842950273,0.5389628955536178
14.618795137292963,0.3828724806147453,0.6633549198463969
12.168559369233506,0.3854980937696661,0.7069557752672789
10.22845910561741,0.3255074877450463,0.6577608962260394
10.314398862516793,0.31661052747118507,0.6890090173972366
10.147988395217542,0.369236473237356,0.7562719205164516
9.834505683292065,0.3313037709460228,0.47147486869817734
12.143134655755873,0.38298573845054557,0.5146583857369001
13.545500062588772,0.3841340228868334,0.5757768577349021
15.038057948573307,0.40462230571438856,0.4482324688182559
11.942308719997158,0.36967838179421536,0.48583235472837066
9.631971340380236,0.3482147954851512,0.816912189675551
11.149486187588568,0.34135473789930465,0.6026416110024226
11.716131699250319,0.3505239576790169,0.5146459057915619
12.534721208433975,0.3539075759894556,0.5298220201724896
10.93273740080691,0.3381274493920244,0.6909638274680148
15.05986648741439,0.4181748239536813,0.804466821850337
14.884696488781422,0.3824590085598305,0.6671283002257148
12.744344895146966,0.36370626763440894,0.5248414667381842
12.6247683880922,0.3657746421929406,0.5404260569274651
10.309180615511913,0.35322362513699024,0.4365931561649265
14.078521878967553,0.3680185612099533,0.5714570447665114
12.314369252540779,0.3561029107486701,0.6307179079397629
13.366144960347388,0.36322552486286164,0.5709963000368172
12.069114306192862,0.3212353208010939,0.6946117331041017
10.249426136243041,0.34962139457482516,0.4907998550990329
10.07348302923851,0.32617600383171436,0.8293610764473109
12.760688304304917,0.36130518083283286,0.9048648380049823
12.756041872326254,0.362957173790483,0.6988330181269816
9.040293507100603,0.3160033175654767,0.589893069970152
11.4510407110469,0.3684636635294943,0.565856755178058
12.042794089582713,0.3484638964175782,0.5782096583516584
13.954697072090095,0.37447564842567455,0.8335711472481185
11.909490462678768,0.37609362603788027,0.6925042372241291
15.097792713272675,0.4214108745512571,0.8728817089022902
12.056842113513166,0.362432245808232,0.7859493398007031
13.178269206211091,0.40923717203619553,0.5550442869089103
13.093650019267475,0.3991172862849345,0.6631946311114616
12.635027931617717,0.3575789586774629,0.5340709719386509
13.350613848052532,0.37211847607135656,0.5308462100250814
10.691648781579424,0.3366669060206236,0.5686586638364551
14.97908515693781,0.3925460590540236,0.5889993157524436
14.093957800585926,0.392739963859122,0.7749893719952063
12.099228138050009,0.3754119140959622,0.48669553338412064
10.935520714516905,0.33209714979430544,0.6550679027427957
9.97816870463998,0.3013862240398584,0.8104675412431592
11.458566897286417,0.3587141630678627,0.7495255208314964
7.857863412139949,0.31610269051570256,0.5568376156514488
7.958686878962418,0.3231198666457658,0.6801490314009999
11.287119028574946,0.3539090848446304,0.6590674822663988
10.957032258949045,0.37011203022010636,0.5960778584413957
13.147000671431492,0.3776888225400078,0.44138455870609866
14.021790272464568,0.40284769536096965,0.676794109749021
8.581521313708208,0.3133169650553314,0.8106137983574119
13.42248794870076,0.35112130462453756,0.7000652709688984
10.436845521993064,0.35167114542811995,0.6653818703466655
11.904745707442903,0.33246611188741476,0.6498466691093975
10.6595901991573,0.3306048899850087,0.5627909770820216
7.529306744776786,0.3034422526967223,0.3989417147435345
11.319845242549814,0.3234442892958732,0.5439475455877366
11.997952793070752,0.35427611340201565,0.7749751675143725
12.96148167507246,0.3727713915456348,0.732547682722964
10.425474709139987,0.34281101463472374,0.5459228854420922
11.369205128534404,0.3810157900047297,0.5791025280554426
13.633328557039022,0.3852177023997207,0.5990537568284295
11.468816759574384,0.352292958710991,0.563614205742087
12.880120906672776,0.36342808956628425,0.4903063081889993
9.859177444816677,0.3356539890376359,0.5947251691794201
13.137675150424702,0.4042207974926074,0.5522425189966818
14.316787280680636,0.3936644391714295,0.4683243745985339
11.318443030928456,0.3821502574357097,0.7423128056357822
10.532869232468023,0.34473257695053466,0.574025661664863
12.058190545774078,0.3384797759130052,0.6894986649866464
9.443881019334032,0.3374431413894361,0.6199001520548971
12.642012181905265,0.37795607680962434,0.9150388303897147
11.141226545273742,0.35749576652852466,0.5506458769807027
11.19386315859306,0.3242913582862332,0.5784280589490861
13.174042013091487,0.3921084632037639,0.5627583404815738
13.28944763657185,0.3884553751136476,0.5937645813233432
13.283546283760856,0.36950389042435616,0.7899880109235604
7.671300420078403,0.3277821336849431,0.4764326661157902
10.77577279124447,0.35357525842588705,0.6972449125522937
13.931104123516619,0.40552148541470984,0.731715340572701
9.781623104544327,0.31078110028646905,0.6529167748140696
10.301235791430273,0.33110809530823493,0.6185090700165393
11.501723314426652,0.367093541909147,0.6136354447148283
11.8017222942146,0.364270907453988,0.8036656665352995
11.70233838622303,0.34074147015425416,0.6496624983053279
11.85808915619517,0.36583706476112227,0.4584575446984726
9.488614866169328,0.34122842257565567,0.49370460315364884
12.681340499557457,0.3943120738079154,0.5979839616238853
11.382160446121354,0.31740611825405357,0.7156815480054866
9.867926471812591,0.3424507470768748,0.7378777980279283
13.407564878067031,0.3962083334743976,0.5081285807389624
14.723032007384365,0.394282704223043,0.7961837320429577
11.016342035797472,0.37744999932473333,0.520923805570034
12.738765985002175,0.41568305707108827,0.5796069599383896
12.226480866021799,0.37679328761169945,0.6043318654790971
13.918700553892993,0.3851406193170409,0.6679134643387286
8.692523756964256,0.34813136486777196,0.5324604807825158
12.227992752383656,0.39347274423849493,0.6812028962244226
8.502408102444495,0.3024843101299404,0.6661698989742874
11.474012865035096,0.3459046252901453,0.6275414629047611
10.587620438236819,0.3484209592753368,0.6389466064332922
11.627140672990198,0.37086161635401105,0.8075589235702946
11.708584816246876,0.35776548042193784,0.7413534952692413
10.962861865584031,0.3580678425996897,0.5442916824242297
10.561819803419105,0.32504182053027164,0.6689936080056726
9.629182184273013,0.3392663717070752,0.7818406853650519
12.073570837194687,0.3400930406181164,0.7078416174199438
13.248780750950292,0.4250705930485381,0.5229414429015603
12.762499293282314,0.3549832996615977,0.5727427668850832
10.350043984897056,0.34810213750950136,0.6836128339533799
12.648663709310519,0.3419162333443359,0.484372657857128
10.362930890782824,0.3467307359885376,0.9940117411049978
11.421119607932596,0.37998085528461906,0.4886279257897162
11.908618014836708,0.38676648543009334,0.7268680596351491
11.96109060864405,0.32831994454286695,0.5969783031442505
9.553937211168893,0.3463035189477322,0.5896301468326548
9.991190053838757,0.32911401478147667,0.8853945137485755
9.465743716292454,0.3242408132711819,0.5707862068699208
12.31915195343684,0.379928788384086,0.5860287410794112
13.818326427077054,0.38555309134032173,0.4775720467725961
8.959281544289258,0.32045086937853373,0.5511918819507219
13.132196628851382,0.3732407923387491,0.5356586378974761
13.203657103534521,0.3762869092970207,0.63934500688006
12.540731578182093,0.35007350039831786,0.5119140056699645
12.395710026509931,0.38142882067007167,0.4696970980318581
11.849556674672435,0.3510173673113175,0.5866130999300079
11.827018160292472,0.3822717451908152,0.6924738346732182
11.613841966202163,0.35586069604202,0.9133541952315359
12.377676796597665,0.35138183067903334,0.5545700258553776
10.197826571290847,0.2940389045051732,0.48402276142193257
9.729301777841837,0.34796429848995,0.8634960407718192
13.751889704651887,0.3788782959100833,0.6517899671534981
12.93402616657474,0.39735873624178786,0.759166116622039
13.206600406495522,0.380520670285778,0.7712452868042203
15.366654353655584,0.4118293095799968,0.8362129222018927
11.841294508937274,0.36233044197409014,0.5173459370578016
8.877682584532284,0.29752926521140416,0.8609140556649927
14.449647663010154,0.4237945504982873,0.8347668287535187
10.693324480670235,0.32303068059422846,0.7531236160528809
9.902243325801567,0.3406872518481599,0.6651258013174928
13.930759163697694,0.37052894947269477,0.569812593288917
12.013720172259035,0.35424424334049887,0.6665446298715508
13.814199085088795,0.3660078010673374,0.7209751729120657
8.67067691252371,0.3153958840776546,0.6131916821890924
11.798351047615757,0.38559304784135456,0.6264469950083094
13.7338339663896,0.3801621633418184,0.6364143598452079
11.773299591407444,0.33189811400629693,0.5841887143075822
12.501863107170838,0.3725205034406405,0.6620669974256439
11.037108456489428,0.34816067346918844,0.7106944679647742
9.785168955960788,0.3706924797540045,0.5054671011058447
14.462441658339309,0.41727690314212695,0.6296448517598108
9.574723219245865,0.3121384360530513,0.45850166123198977
11.027497819951812,0.3265971800419232,0.6776281839760872
12.448888982534974,0.36273163651150575,0.7448409404345829
13.086861880924026,0.3474457892267775,0.8070210459563375
10.906507400214018,0.35902891576960616,0.5519036096128273
12.12150815366396,0.3673303423136494,0.8262708758613553
11.320769834580645,0.39151674859696417,0.4176988684268975
10.180073244974498,0.3324036938561782,0.661925340938882
10.790695055754444,0.3376868467046819,0.43870618227801433
10.57152445724472,0.31112747578226274,0.7751741013511481
12.017847128761566,0.36117503330040557,0.5937518049113796
11.321341242518638,0.3707673230128196,0.6358291294444974
11.010468314136137,0.37112035435783597,0.7275076269033067
11.578312169527571,0.36630632114608597,0.4795184755510019
9.990475425784265,0.37293341067161906,0.436476377261103
12.836606438086523,0.3866705846837188,0.6978404788828344
17.335956561930324,0.40522863364505446,0.6728692461782633
12.25881933285961,0.3524355696823172,0.5032354819471594
12.351105180842069,0.3983700520603005,0.6062437078554019
11.436949482556653,0.3189251733214334,0.7100654112446718
13.594280773316783,0.35976193027121933,0.4592831593451757
10.550351172836784,0.3210420464089776,0.5594803180461294
13.1281550387693,0.36916040838145886,0.4206568134005801
9.824004530725059,0.36590474658151745,0.5436089630310534
12.31268819993749,0.3795095533050024,0.7307012146816209
10.73318741921765,0.3517041556712044,0.8369589208278249
12.720645369645172,0.3574382836037424,0.9037984021830354
13.250140041539645,0.3997613486518968,0.513803532924486
9.80446179950857,0.34585390135844973,0.6874471442267066
11.469022745190173,0.31639860661228075,0.6752384867363946
11.627788778266979,0.3666799044621371,0.4566538469934677
11.632101535762587,0.3544310306358256,0.7497183479747072
8.474006712390022,0.3287073183039955,0.6553082316460175
10.021898076513406,0.3209635264897117,0.6357389356307939
13.51831760502765,0.39768191496952277,0.662394926695285
9.955613282283448,0.33483591062274254,0.47959251946414455
12.914663136129217,0.3888934032482226,0.5685632866087886
14.05502982723213,0.3809930084895648,0.7722833779871573
14.086859245210476,0.40262969889237343,0.5724963803057639
13.599720277120394,0.4115983342358351,0.6668928378440389
13.240705036526759,0.4042245560327599,0.7666595177414142
14.714548380132776,0.42121711895174485,1.0241229021228246
11.687612759791627,0.3588133287957528,0.6258139987769228
12.689956636479,0.3368477604157621,0.7870257137616035
11.587638129693904,0.35535733202293524,0.8137529357447943
11.659380691772025,0.3726250636102978,0.662315115269404
12.567094166263711,0.38556849736328336,0.541648845757383
8.095486830254842,0.2844927045199468,0.6206429925275901
8.947904945309034,0.3362335770034993,0.606819103351259
13.10480778310529,0.3895462327627844,0.4842651832032609
12.79591355846803,0.3655271705957845,0.8571610081157113
12.112212826798586,0.3524507930413316,0.5337412081568563
13.321005938985628,0.3836209230621829,0.658509053923682
9.106482981302367,0.328988821796105,0.6624126664863056
11.48003042618501,0.3550635956293147,0.48882029478875283
