model,group,k,no_mean,no_std,trust_mean,trust_std
baseline_sharp,baseline,1,0.6617999999999999,0.0032908965343808167,0.9948369184592295,0.00011794993027455295
baseline_sharp,baseline,2,0.5919833333333333,0.0005859465277082459,0.9904685245423078,0.00039481813148246463
baseline_sharp,baseline,3,0.5448,0.0009504384952922242,0.9866117716590183,0.00025892897363337803
baseline_sharp,baseline,4,0.5116666666666667,0.00025535922410075036,0.9834062591294187,0.00023095967153494257
baseline_sharp,baseline,5,0.4872066666666666,0.0005900282479113336,0.980556124749499,0.0003315784564514469
baseline_sharp,baseline,6,0.46854999999999997,0.0003055050463304072,0.9779666952066713,0.0002693204213249086
baseline_sharp,baseline,7,0.4534666666666667,0.0005222270468248252,0.9754827770416264,0.0001561059112327789
baseline_sharp,baseline,8,0.4415166666666667,0.0003657896708948138,0.9728772805642633,0.00018210666616777873
baseline_sharp,baseline,9,0.43247777777777774,0.0005982484722653684,0.9707093902733641,0.00021951331001288235
baseline_sharp,baseline,10,0.42329333333333335,0.0005441813423238198,0.9685924645501318,0.00032800532190222496
baseline_sharp,baseline,11,0.4166393939393939,0.0003488272362808534,0.966895860437161,0.000464704102622934
baseline_sharp,baseline,12,0.4099305555555555,0.0005627520011646551,0.9651286087041454,0.0006209933482735567
baseline_sharp,baseline,13,0.4054102564102564,0.0005505421391163201,0.9633781374822831,0.0006653240429101983
baseline_sharp,baseline,14,0.40085,0.000630395081820666,0.961729076524414,0.0006577242016987775
baseline_sharp,baseline,15,0.3968688888888889,0.0009288064822563475,0.9601666652697456,0.00057901094660799
baseline_sharp,baseline,16,0.3941354166666667,0.0006351160491070452,0.9586299482769464,0.0006317880176990682
baseline_sharp,baseline,17,0.3921235294117647,0.0005407927028028852,0.9571737050633037,0.0006552222942132956
baseline_sharp,baseline,18,0.3901074074074074,0.00056199966316643,0.9557882537351702,0.0006749300994339166
baseline_sharp,baseline,19,0.38798421052631576,0.00047946761796377083,0.9543191493591697,0.0006643801312568191
baseline_sharp,baseline,20,0.38577666666666666,0.00032528192899902486,0.9529659203510098,0.0007052031081284624
baseline_sharp,baseline,21,0.3846253968253968,0.0002787375708600058,0.9517163758480542,0.0006937403728930397
baseline_sharp,baseline,22,0.38360909090909096,0.0002114002900769285,0.9504815490719625,0.0007219277585510022
baseline_sharp,baseline,23,0.3824695652173913,0.00024289526475590424,0.9493302611619789,0.0006789913995727698
baseline_sharp,baseline,24,0.3808069444444444,0.0005293033506761464,0.9482566790014437,0.0006733373100836529
baseline_sharp,baseline,25,0.379816,0.00048350387795755587,0.9471469931011275,0.0007170412281067275
baseline_sharp,baseline,26,0.37853717948717946,0.00044273112396375715,0.9461204773743278,0.0007435827774977343
baseline_sharp,baseline,27,0.3780222222222222,0.0004421390826990348,0.94512117881121,0.0007593854261980707
baseline_sharp,baseline,28,0.37732380952380956,0.00041712899520346305,0.944081003519538,0.0007800075926453245
baseline_sharp,baseline,29,0.37654137931034476,0.000352652594711095,0.9431433324035656,0.0008494663279453136
baseline_sharp,baseline,30,0.37592111111111115,0.00037268296525676606,0.9421754070608731,0.0008729766338841669
baseline_sharp,baseline,31,0.3756193548387097,0.0003679258170716963,0.9412531186331873,0.000972879098523108
baseline_sharp,baseline,32,0.374925,0.00038806662201868304,0.9402792933327007,0.0009579262093421842
baseline_sharp,baseline,33,0.37438787878787877,0.0004046220560776275,0.9393814071090653,0.0009950964164907369
baseline_sharp,baseline,34,0.3742245098039216,0.0003820398416392726,0.9384699048037602,0.000952954112555179
baseline_sharp,baseline,35,0.3741123809523809,0.00036185839301950914,0.9375153196520564,0.0009315716435995301
baseline_sharp,baseline,36,0.3739435185185185,0.00029033204348340066,0.936598730621383,0.0009211555849108826
baseline_sharp,baseline,37,0.37391981981981975,0.0001724725305688754,0.9357098186548618,0.0009093844850190512
baseline_sharp,baseline,38,0.37385,0.00017590289439023337,0.9348351044065458,0.0008514504566235612
baseline_sharp,baseline,39,0.3738880341880342,0.00021802914554240463,0.9340080926572933,0.0007983805609740439
baseline_sharp,baseline,40,0.3739483333333333,9.887913497464405e-05,0.9332265981300504,0.0008027892090254197
baseline_sharp,baseline,41,0.3740796747967479,0.00019647902064151056,0.9324610192743624,0.0008416499298062836
baseline_sharp,baseline,42,0.37417698412698414,0.0002824449190109805,0.9317045089808649,0.0007724401670151263
baseline_sharp,baseline,43,0.3743713178294574,0.00042411319583859984,0.9309077765629463,0.0007118718001855719
baseline_sharp,baseline,44,0.37466287878787874,0.000379459253502745,0.9301230258925854,0.0006879351760745184
baseline_sharp,baseline,45,0.374757037037037,0.00041090285015239314,0.9294350999397158,0.0006935630278292509
baseline_sharp,baseline,46,0.3751130434782608,0.00034182320019127344,0.9286438112199465,0.0006417209032359651
baseline_sharp,baseline,47,0.37545460992907803,0.00035586232741986593,0.9279386228787936,0.0006331226487812505
baseline_sharp,baseline,48,0.3756347222222222,0.000281090489746463,0.9272244151814132,0.0006411498292521915
baseline_sharp,baseline,49,0.3758469387755102,0.00031267144401651294,0.9265436458842324,0.0006211876453709303
baseline_sharp,baseline,50,0.37613199999999997,0.0002523410390721002,0.9258146523973331,0.0006715430742049299
baseline_sharp,baseline,51,0.37647516339869286,0.00022371280173442336,0.9250707879124119,0.0006978203311378555
baseline_sharp,baseline,52,0.37684615384615383,0.00022264547136011218,0.9244780614429984,0.0006783003044171339
baseline_sharp,baseline,53,0.37717295597484274,0.0003802546098239946,0.9238251107046592,0.0006915335413281216
baseline_sharp,baseline,54,0.37753888888888887,0.0003258470022287301,0.9232237290031301,0.0007433595115543758
baseline_sharp,baseline,55,0.3777842424242424,0.0003248513116113925,0.9226176108803119,0.0007536166685272787
baseline_sharp,baseline,56,0.37805297619047623,0.0002733562500763026,0.9220179802798403,0.0007575040957700805
baseline_sharp,baseline,57,0.37843333333333334,0.00020117384056433254,0.9213773931934246,0.000686887766559835
baseline_sharp,baseline,58,0.3788201149425287,0.00023561045596484601,0.9208026176049356,0.0005918509339592451
baseline_sharp,baseline,59,0.3791011299435028,0.00015138291305186703,0.9201751603835047,0.0005526405220403698
baseline_sharp,baseline,60,0.37937333333333334,0.00012444320435890321,0.9195873168634806,0.0005482743071223166
baseline_sharp,baseline,61,0.37969289617486335,0.0001298535893677488,0.9189821069013542,0.0005530745680155919
baseline_sharp,baseline,62,0.3799860215053763,0.0001969878093105858,0.9183598940420502,0.0005975322904059653
baseline_sharp,baseline,63,0.38040370370370374,0.00020241881583767926,0.9177857752576063,0.0005970107474328241
baseline_sharp,baseline,64,0.38076979166666663,0.00014180351080662302,0.9172174097231117,0.0006428967251297604
baseline_sharp,baseline,65,0.38118717948717945,0.00018290446520655395,0.9166136018346935,0.0006778209900530583
baseline_sharp,baseline,66,0.3815737373737374,0.0001481314078389933,0.916042046862679,0.0006646033269501935
baseline_sharp,baseline,67,0.3819363184079602,0.00012173408579306765,0.9154618188870982,0.0007196084486380952
baseline_sharp,baseline,68,0.38242696078431376,0.0001384020687753456,0.9149041655661622,0.0007618865383614338
baseline_sharp,baseline,69,0.38279855072463764,0.0001025611942780054,0.9143623950986518,0.000751266348912571
baseline_sharp,baseline,70,0.3832019047619048,0.00017298303168721484,0.9138360538977435,0.0007206523559235765
baseline_sharp,baseline,71,0.38367136150234743,0.00012166057717741384,0.9133067679559677,0.0007278307992885365
baseline_sharp,baseline,72,0.38414583333333335,0.0001346506109790455,0.9127633993366359,0.0007210416906314454
baseline_sharp,baseline,73,0.38452191780821915,0.000203058801120131,0.9122163403411158,0.0007528233645287498
baseline_sharp,baseline,74,0.38487612612612615,0.00019746537330561151,0.9116554027989672,0.000800808163040819
baseline_sharp,baseline,75,0.3853284444444444,0.0002086329401214208,0.9111290243832718,0.00078352410792674
baseline_sharp,baseline,76,0.38584649122807013,0.00023337496330914825,0.9105845072886823,0.0008206325396695226
baseline_sharp,baseline,77,0.3863155844155844,0.00024296129442492423,0.9100365630336021,0.0008276645027920104
baseline_sharp,baseline,78,0.386841452991453,0.00023333450737001734,0.9095175271462458,0.000887421993990827
baseline_sharp,baseline,79,0.3872746835443038,0.0001901896101432076,0.9089880772605259,0.0009532160265362421
baseline_sharp,baseline,80,0.3877070833333333,0.00016125161497898056,0.908421174603686,0.0009595471391632077
baseline_sharp,baseline,81,0.3881942386831276,0.00014612472792916852,0.9079194243882872,0.0009498665044967797
baseline_sharp,baseline,82,0.3885479674796748,0.0001041547187278136,0.9073645937213919,0.0009290515571792603
baseline_sharp,baseline,83,0.38898514056224903,0.00011187532547520401,0.9067788319730535,0.0009521373923612903
baseline_sharp,baseline,84,0.38940753968253966,0.0001107164191635615,0.9062620261606643,0.0009300324977100929
baseline_sharp,baseline,85,0.38980196078431373,0.00012172538912468429,0.9057843213215038,0.0009790716134222047
baseline_sharp,baseline,86,0.3902546511627907,8.32918591583699e-05,0.9052938528764085,0.0010003274312249833
baseline_sharp,baseline,87,0.39059808429118775,0.0001560864240439107,0.9047918388526939,0.0010393289923144192
baseline_sharp,baseline,88,0.3910598484848484,0.000185371295560095,0.9043462221601927,0.0010352289360634444
baseline_sharp,baseline,89,0.3914505617977528,0.00015269328071332856,0.9038700834219769,0.000981422996009862
baseline_sharp,baseline,90,0.3919266666666666,0.00019457773209478774,0.9033489021626103,0.000998261087190533
baseline_sharp,baseline,91,0.39235494505494506,0.00021430543724392678,0.9028610158932446,0.0009992275143663432
baseline_sharp,baseline,92,0.39271594202898547,0.0002021105947286446,0.9023875190706473,0.000996094095962489
baseline_sharp,baseline,93,0.39313512544802864,0.00019141697782068453,0.9019016233494902,0.0009494110704325481
baseline_sharp,baseline,94,0.3935003546099291,0.00015136444965673486,0.9014197635872536,0.0009745702279968275
baseline_sharp,baseline,95,0.39394315789473683,0.00018702215194611805,0.9009499872639858,0.000979015883568789
baseline_sharp,baseline,96,0.3942809027777778,0.00022888793023329346,0.9004669519733715,0.0010019344830799867
baseline_sharp,baseline,97,0.39467938144329895,0.00024758371048498536,0.9000286211317915,0.000994886340224208
baseline_sharp,baseline,98,0.3950833333333333,0.000283168934183619,0.8995641047204086,0.001016845300443663
baseline_sharp,baseline,99,0.3955178451178451,0.00031868700208632873,0.8991031941504546,0.0010050599038008937
baseline_sharp,baseline,100,0.395977,0.000313718026259231,0.8986225568255617,0.0009853604525517762
baseline_sharp,baseline,101,0.39635709570957095,0.0003669373364150133,0.898180978031535,0.0010013573164002912
baseline_sharp,baseline,102,0.3967800653594771,0.0003228637437873694,0.8976908444906625,0.0010131219207119976
baseline_sharp,baseline,103,0.39712815533980583,0.0002829293462815407,0.8972189722288855,0.0010224542294900256
baseline_sharp,baseline,104,0.3975099358974359,0.00025866337795799657,0.896777518154193,0.0010418916807822638
baseline_sharp,baseline,105,0.3979219047619047,0.00020420300245873696,0.896278379109756,0.0010301334211279328
baseline_sharp,baseline,106,0.3983669811320755,0.00013820996198547156,0.8958098084057778,0.0010481530369687428
baseline_sharp,baseline,107,0.3988028037383177,0.00011808291941747234,0.895372578853365,0.0010417032562418224
baseline_sharp,baseline,108,0.3991861111111111,0.00017279127413441557,0.8949058517312101,0.0010465775632540098
baseline_sharp,baseline,109,0.39956758409785936,0.00018180498864324963,0.8944541716891002,0.0010631844228856603
baseline_sharp,baseline,110,0.3999642424242424,0.00013314173561697348,0.8940034754244754,0.0010387388002833424
baseline_sharp,baseline,111,0.4003423423423423,0.00010599664779318547,0.8935577884171675,0.0010498022398168438
baseline_sharp,baseline,112,0.4007130952380953,0.00011152616109615951,0.8931018777225753,0.0010524856333082445
baseline_sharp,baseline,113,0.40110589970501476,5.6209205381555604e-05,0.8926494346757857,0.001065777508655265
baseline_sharp,baseline,114,0.4014918128654971,7.526670202538132e-05,0.8922115919233023,0.0010426461897853447
baseline_sharp,baseline,115,0.4018565217391304,0.00015149413384613408,0.891754988771619,0.0010323576491691978
baseline_sharp,baseline,116,0.4022833333333333,0.00017468404749339546,0.891313490498575,0.0010431798867808276
baseline_sharp,baseline,117,0.40261396011396017,0.00016847004478245486,0.8908529654886218,0.0010181054028325662
baseline_sharp,baseline,118,0.4031107344632769,0.00016861283531021662,0.8904096052587822,0.0010479684769729993
baseline_sharp,baseline,119,0.4034857142857143,0.0001848663100026102,0.8899603682875924,0.0010192959399648528
baseline_sharp,baseline,120,0.4039083333333333,0.0002338639799351501,0.8895177270148796,0.0009970558719174408
baseline_sharp,baseline,121,0.40433526170798895,0.00022970201805403242,0.8890715728526756,0.0010018201191565766
baseline_sharp,baseline,122,0.40470765027322403,0.00023694243641889733,0.888629832786742,0.001019951300805086
baseline_sharp,baseline,123,0.4051224932249322,0.00025982235542261977,0.8881779798754738,0.0010310153904424702
baseline_sharp,baseline,124,0.40548172043010755,0.00024214283229402074,0.8877430809616657,0.0010462039492981443
baseline_sharp,baseline,125,0.40590533333333334,0.00028970642611673866,0.8873164949282967,0.0010541772218230043
baseline_sharp,baseline,126,0.40629841269841266,0.0003160643912567607,0.8868808289750753,0.001050692021737747
baseline_sharp,baseline,127,0.4066695538057743,0.0003148841770727324,0.886475621697196,0.0010602226129470674
baseline_sharp,baseline,128,0.40706510416666664,0.0003078524852413179,0.8860705142673452,0.001073480224534088
baseline_sharp,baseline,129,0.4074741602067184,0.0003626468386786075,0.8856455506469453,0.001023499197284373
baseline_sharp,baseline,130,0.4078648717948718,0.0003281960134952735,0.8852392711397771,0.0010201091063320937
baseline_sharp,baseline,131,0.408169465648855,0.0003095850442090582,0.884833696144533,0.0010136645952843848
baseline_sharp,baseline,132,0.4085550505050504,0.00029870524601613343,0.8844294654754835,0.0010261971354102318
baseline_sharp,baseline,133,0.40894461152882206,0.00030833516044191786,0.8840298001582904,0.0009764397072988585
baseline_sharp,baseline,134,0.4093087064676617,0.0002995655997040201,0.8836344462366331,0.0009579398365756533
baseline_sharp,baseline,135,0.40975283950617286,0.0003035558206651941,0.8832609522787646,0.0009405575874760635
baseline_sharp,baseline,136,0.4101178921568627,0.00033369096659639644,0.8828457767970842,0.0009169648665054943
baseline_sharp,baseline,137,0.4105094890510949,0.00033328422392072077,0.882441779310911,0.0009248250088147296
baseline_sharp,baseline,138,0.41085024154589367,0.00033512932461395934,0.8820239743455014,0.0009282646108789217
baseline_sharp,baseline,139,0.41122086330935254,0.00029028843839349055,0.8816009346571807,0.0009370676388769444
baseline_sharp,baseline,140,0.41154547619047616,0.00033431115084340694,0.8811657853153135,0.0009293364646765507
baseline_sharp,baseline,141,0.4118789598108747,0.00029948006966044763,0.880761015718419,0.0009600768993921384
baseline_sharp,baseline,142,0.41221384976525816,0.0003261151449214487,0.8803571915670262,0.0009638392385847142
baseline_sharp,baseline,143,0.41254149184149186,0.00031229342203010205,0.879941850267742,0.0009872276212184886
baseline_sharp,baseline,144,0.4129321759259259,0.0003104068272531372,0.8795433835819764,0.000995822670608734
baseline_sharp,baseline,145,0.4132365517241379,0.00029547438630240873,0.8791253493559936,0.0010234134078466906
baseline_sharp,baseline,146,0.41359543378995434,0.00029105667208282487,0.8787254417495692,0.0010370020019625904
baseline_sharp,baseline,147,0.4139566893424036,0.00026360902638190923,0.878302670534563,0.0010273233367000332
baseline_sharp,baseline,148,0.41426621621621623,0.00029898705909246157,0.8778986344882275,0.00105999264649576
baseline_sharp,baseline,149,0.41463691275167786,0.00033661782861612086,0.877515697428478,0.0010738080432263688
baseline_sharp,baseline,150,0.4150184444444444,0.00033233606373560444,0.8771252195287088,0.0010688224627362444
baseline_sharp,baseline,151,0.4153267108167771,0.0003567172504384613,0.8766885338723087,0.0010846985317526535
baseline_sharp,baseline,152,0.41563684210526314,0.00035285428454521215,0.8762911264888325,0.0010690895073875058
baseline_sharp,baseline,153,0.41595098039215683,0.0003171490757463047,0.8758786711973325,0.001089820747541465
baseline_sharp,baseline,154,0.4163162337662338,0.00029357472485845376,0.8755004632270124,0.0010817917756411753
baseline_sharp,baseline,155,0.416663440860215,0.0002600130736594517,0.8750935041432246,0.0010799477729285878
baseline_sharp,baseline,156,0.4170121794871795,0.00025426910503988033,0.8747123001281314,0.0010832851579841353
baseline_sharp,baseline,157,0.4172917197452229,0.0002484958197250059,0.8743089850263193,0.0011015329656026045
baseline_sharp,baseline,158,0.4176006329113924,0.00021243301063861422,0.8739268950194149,0.0011075493446910344
baseline_sharp,baseline,159,0.4178955974842767,0.00019473408502392037,0.8735473112552584,0.0010955247207820366
baseline_sharp,baseline,160,0.41821437499999997,0.00018415877151251492,0.8731552048698852,0.0010882814256163126
baseline_sharp,baseline,161,0.41853229813664594,0.00021597319181458752,0.8727597810660929,0.001070652547961365
baseline_sharp,baseline,162,0.4187808641975308,0.0002356836686060971,0.8723577502699026,0.001061730798811041
baseline_sharp,baseline,163,0.41910429447852754,0.0002249526863406526,0.8719975047584816,0.0010491168772616874
baseline_sharp,baseline,164,0.4194130081300813,0.00022775376552687784,0.8716134748489486,0.001033248965627891
baseline_sharp,baseline,165,0.419740606060606,0.00022753439482075388,0.8712238216385604,0.001013896060038865
baseline_sharp,baseline,166,0.42007108433734935,0.0002100440960415182,0.8708372858183835,0.0010118374775371134
baseline_sharp,baseline,167,0.42037904191616765,0.000170930553484553,0.8704539044077756,0.0010134597621186332
baseline_sharp,baseline,168,0.4206789682539682,0.00014819675423823322,0.8700673368224319,0.0010132414283159775
baseline_sharp,baseline,169,0.42097218934911246,0.00015096412955223834,0.8697057450366518,0.000984569273471711
baseline_sharp,baseline,170,0.4212727450980392,0.00018697772320111467,0.869322789241214,0.0009536932803010027
baseline_sharp,baseline,171,0.4215563352826511,0.00020025490179894913,0.8689561792799451,0.0009448939879272899
baseline_sharp,baseline,172,0.4218531007751938,0.00023963246864486246,0.8685721646067003,0.0009469762574954334
baseline_sharp,baseline,173,0.4221458574181118,0.000247178155940767,0.8682035860560724,0.0009528475374160603
baseline_sharp,baseline,174,0.42245593869731796,0.00022712883140496923,0.8678138782688367,0.0009257659305668117
baseline_sharp,baseline,175,0.42274971428571423,0.0002199242912403342,0.8674197160951617,0.0009238701014070136
baseline_sharp,baseline,176,0.42310189393939396,0.000223833590892517,0.867047830398754,0.0009166866380707527
baseline_sharp,baseline,177,0.4233919020715631,0.0001831261034302201,0.8666595447544173,0.0009177105425984911
baseline_sharp,baseline,178,0.4236797752808989,0.0001797831810062146,0.8662871868971554,0.000901898627516519
baseline_sharp,baseline,179,0.4240143389199255,0.00018465722496470614,0.8659118006715091,0.0009141988164264425
baseline_sharp,baseline,180,0.42429574074074067,0.000175703465586048,0.8655460614321253,0.0009395162260066621
baseline_sharp,baseline,181,0.4245887661141805,0.00018013535175198441,0.8651848863856416,0.0009410506670801053
baseline_sharp,baseline,182,0.42487106227106225,0.00020715111573981325,0.8648118147226894,0.0009588115968885894
baseline_sharp,baseline,183,0.42517723132969026,0.00021745910622081736,0.8644410029217248,0.0009379700531816053
baseline_sharp,baseline,184,0.42544855072463766,0.00023769973029691372,0.8640769523716388,0.000953347586579197
baseline_sharp,baseline,185,0.42572558558558554,0.00025254892464174567,0.86370388159519,0.0009684602454218935
baseline_sharp,baseline,186,0.42602222222222225,0.00028639030175766435,0.8633361312094813,0.0009704317553882835
baseline_sharp,baseline,187,0.4262736185383244,0.0003104112637437783,0.8629588576318841,0.0010003672995799108
baseline_sharp,baseline,188,0.4265331560283688,0.0003333134802447598,0.8626104153252538,0.0009897813230684666
baseline_sharp,baseline,189,0.42684250440917104,0.00034836371533939565,0.8622636603618843,0.0009919619725513036
baseline_sharp,baseline,190,0.42715456140350877,0.0003537571718812586,0.8619080579190607,0.0010092718444600312
baseline_sharp,baseline,191,0.4274472949389179,0.00037073731831029755,0.8615675220641217,0.0010101429275220328
baseline_sharp,baseline,192,0.42771197916666664,0.0003668652545790603,0.8612152795318978,0.0010136563719261905
baseline_sharp,baseline,193,0.4279554404145078,0.0003400053534375436,0.8608792197952599,0.0010249317246099972
baseline_sharp,baseline,194,0.4282530927835051,0.00034143911235546024,0.8605207885942344,0.0010310104436408254
baseline_sharp,baseline,195,0.42853794871794876,0.0003751859499520719,0.8601683019420409,0.0010658485188002565
baseline_sharp,baseline,196,0.42884931972789114,0.00037887603034442727,0.8598200281664413,0.0010703258323339904
baseline_sharp,baseline,197,0.42910423011844334,0.00040795079798117823,0.8594669982238984,0.001055162819965364
baseline_sharp,baseline,198,0.42937255892255893,0.0003947583863411906,0.8591456026617742,0.0010345210909807785
baseline_sharp,baseline,199,0.42962043551088774,0.00040524525276597133,0.8588123799217651,0.0010344834385378778
baseline_sharp,baseline,200,0.4298843333333333,0.00040996351463678876,0.8584770562463396,0.0010195632148007345
baseline_smooth,baseline,1,0.22143333333333334,0.003580968211717802,0.9899256711689177,0.0007820697230797275
baseline_smooth,baseline,2,0.27886666666666665,0.001643421228210619,0.9875172338296009,0.00033629153465764965
baseline_smooth,baseline,3,0.31173333333333336,0.0017975291683617288,0.9854132526769573,0.00026087192648427914
baseline_smooth,baseline,4,0.32912499999999995,0.001306474263045404,0.9842568809732483,0.0002729349492992518
baseline_smooth,baseline,5,0.34166,0.0010543244282477506,0.9831574524048098,0.0003283908096436043
baseline_smooth,baseline,6,0.3509944444444444,0.0005984548004220176,0.9819846371242814,0.00031361325881010927
baseline_smooth,baseline,7,0.35899047619047614,0.0014380637019563453,0.9811936127923216,0.0002701173805106267
baseline_smooth,baseline,8,0.3664875,0.0016505680840244049,0.9804029414838036,0.000329914601182912
baseline_smooth,baseline,9,0.37294074074074074,0.0015177278881231774,0.9796194574529372,0.00026047909321423905
baseline_smooth,baseline,10,0.37833999999999995,0.0011012265888544494,0.9788582423557953,0.0003082483771040328
baseline_smooth,baseline,11,0.3825363636363636,0.0007868758184866287,0.9781911609187532,0.00034778221384465383
baseline_smooth,baseline,12,0.3865166666666666,0.0007086273899432273,0.9776933368914563,0.00037349016163007594
baseline_smooth,baseline,13,0.3897538461538461,0.0008198354575856821,0.9771078485375595,0.00031987032573840634
baseline_smooth,baseline,14,0.39328571428571424,0.0007953949089757185,0.9764652103269359,0.00039089428656959187
baseline_smooth,baseline,15,0.39649333333333336,0.0006132971003789678,0.9758785293213755,0.00047583001128018745
baseline_smooth,baseline,16,0.3998,0.0006863911512395841,0.975461285006079,0.0004496525421522095
baseline_smooth,baseline,17,0.4028941176470588,0.0006941924187045056,0.9748758350849148,0.0004169876611411515
baseline_smooth,baseline,18,0.40581296296296293,0.000769726850167233,0.9744027096007272,0.00043227141527081174
baseline_smooth,baseline,19,0.40839298245614036,0.0009023566150681176,0.9738699043945801,0.0004270381522576397
baseline_smooth,baseline,20,0.4106066666666666,0.0009451234487268166,0.9733045702649368,0.00042265286965238275
baseline_smooth,baseline,21,0.4126888888888889,0.0007492147564769397,0.9727937437996032,0.00042896214609940164
baseline_smooth,baseline,22,0.41494393939393936,0.000544645865179667,0.9722844323099901,0.00040558024216850617
baseline_smooth,baseline,23,0.41704492753623185,0.0006040558151788006,0.9718183517005684,0.0004001904177993956
baseline_smooth,baseline,24,0.4190819444444444,0.0006617833300453644,0.9713398441332717,0.00041735492592684305
baseline_smooth,baseline,25,0.4210746666666667,0.0006345938333559209,0.9708695877502945,0.00035004904367839414
baseline_smooth,baseline,26,0.42261410256410253,0.0006426914253703829,0.9704589406931915,0.00033348896651996454
baseline_smooth,baseline,27,0.42437777777777774,0.0005990848072768773,0.9700763512733918,0.0003230886542064316
baseline_smooth,baseline,28,0.4260666666666666,0.0007072901482005216,0.969652412537978,0.0003375711256553089
baseline_smooth,baseline,29,0.42758390804597696,0.0007431841170178053,0.9692507082214706,0.0003436898993736976
baseline_smooth,baseline,30,0.4290688888888889,0.0007885030355281079,0.9688579445357609,0.00028598101390666823
baseline_smooth,baseline,31,0.43066021505376345,0.0005933233561266409,0.9684387208299672,0.0003020155130617326
baseline_smooth,baseline,32,0.43191562499999997,0.0007910695390577361,0.9680272615357038,0.00026827184486887516
baseline_smooth,baseline,33,0.432989898989899,0.0008427312136011363,0.9676902595576014,0.00022657790928766718
baseline_smooth,baseline,34,0.4341470588235294,0.0009237541877079254,0.9673162146459191,0.00023794610697477526
baseline_smooth,baseline,35,0.43563904761904765,0.0008495296818075677,0.9669048885832519,0.00024243640491751432
baseline_smooth,baseline,36,0.43696851851851853,0.0008444505360404223,0.9664754255903351,0.00023316143468137432
baseline_smooth,baseline,37,0.43822882882882874,0.0009424077974959033,0.966057334781536,0.00025054323879749983
baseline_smooth,baseline,38,0.4395894736842105,0.0010881602812931295,0.9656601920145956,0.0002367920569814455
baseline_smooth,baseline,39,0.4406752136752137,0.0010289252971663475,0.9652339236646519,0.00028275448696473283
baseline_smooth,baseline,40,0.4420033333333333,0.001026965595009562,0.9648249418284891,0.00027776632815537064
baseline_smooth,baseline,41,0.44321788617886176,0.0009242658173975548,0.9643726485112744,0.0003177982150418893
baseline_smooth,baseline,42,0.4442253968253968,0.0008988949291915999,0.9639812025830697,0.0003439372478943513
baseline_smooth,baseline,43,0.4452162790697674,0.0009568771317790958,0.9635397210484323,0.0003003824569663554
baseline_smooth,baseline,44,0.44645833333333335,0.000838714375939567,0.9631573305830646,0.0003553734711996107
baseline_smooth,baseline,45,0.44742666666666664,0.0008264724981047524,0.962790578727252,0.00038155567473315076
baseline_smooth,baseline,46,0.4486347826086956,0.0008531964805392707,0.9624071918054456,0.00038059022303567114
baseline_smooth,baseline,47,0.4497829787234043,0.0008867083497975648,0.9620342849767775,0.00035897105182821753
baseline_smooth,baseline,48,0.4507076388888889,0.001036632278815097,0.9616711012094208,0.0003837151696401107
baseline_smooth,baseline,49,0.45153605442176864,0.0010557597392214498,0.9613147592710035,0.0003549487342389069
baseline_smooth,baseline,50,0.45233000000000007,0.0010851119757886386,0.9609253586444133,0.0003750065206233414
baseline_smooth,baseline,51,0.4534725490196078,0.001085226364854711,0.960571500568959,0.0003475993432942757
baseline_smooth,baseline,52,0.45436410256410253,0.0011459188151725132,0.9601890028508192,0.00037930984932801735
baseline_smooth,baseline,53,0.45520691823899373,0.0012387842622187879,0.9597784527018355,0.00038642777294087033
baseline_smooth,baseline,54,0.456066049382716,0.0012078480412360646,0.9593870536565232,0.0004010628568311784
baseline_smooth,baseline,55,0.4569496969696969,0.0012466382342332858,0.9590094514199953,0.0003865135085093523
baseline_smooth,baseline,56,0.4578,0.001286745618105769,0.9586156925163118,0.00036541251055184875
baseline_smooth,baseline,57,0.45868538011695903,0.0013449497815329746,0.9581976620140029,0.00036882500317855836
baseline_smooth,baseline,58,0.4595247126436781,0.0012951137630092542,0.9578055341338915,0.0003810717645868649
baseline_smooth,baseline,59,0.4603604519774011,0.001315369265166321,0.9574156720794745,0.0003590701104623906
baseline_smooth,baseline,60,0.46107000000000004,0.001245713762377878,0.9570156765571046,0.00038363511944541407
baseline_smooth,baseline,61,0.4618448087431694,0.0012717775972004846,0.9566151921097817,0.0003953836315744719
baseline_smooth,baseline,62,0.46252150537634407,0.0012373715190278486,0.9562201675866938,0.0003905155259033362
baseline_smooth,baseline,63,0.46332486772486775,0.00118949095033148,0.9558295134443021,0.00041777392432461953
baseline_smooth,baseline,64,0.46399166666666664,0.0011980761895595466,0.9554016370858417,0.0004599193969958304
baseline_smooth,baseline,65,0.46472717948717945,0.0010996398908489347,0.9550014870743473,0.0004885323662047459
baseline_smooth,baseline,66,0.4654717171717171,0.001135060195219081,0.9546172081667851,0.0004913676614431057
baseline_smooth,baseline,67,0.4661164179104477,0.0012045146011446116,0.9542368725110023,0.0004873499710313899
baseline_smooth,baseline,68,0.46695931372549015,0.0011936986128483443,0.953837241067049,0.0004895987877067059
baseline_smooth,baseline,69,0.46757729468599035,0.0012412028887640084,0.9534317617350633,0.0005210722453101841
baseline_smooth,baseline,70,0.4682338095238095,0.0012635747260987065,0.9530647962022144,0.0005106738905791467
baseline_smooth,baseline,71,0.46892957746478875,0.0012473172958078122,0.9526482370548317,0.0005010643359660649
baseline_smooth,baseline,72,0.4696203703703703,0.0012459365537982575,0.9522631108398647,0.0005331168463101225
baseline_smooth,baseline,73,0.47033424657534245,0.0012664433570065217,0.9518849866769964,0.0005398524790357229
baseline_smooth,baseline,74,0.4709725225225225,0.001228664770031707,0.9514805307750852,0.0005656703761305825
baseline_smooth,baseline,75,0.47179955555555547,0.00119209942414088,0.9510830723494269,0.0005745001055432908
baseline_smooth,baseline,76,0.4725504385964912,0.001179606792006933,0.9506979226634339,0.0006060784130721826
baseline_smooth,baseline,77,0.4731683982683983,0.001229299044121274,0.950258015178265,0.0006626925321701665
baseline_smooth,baseline,78,0.47380341880341875,0.001222332416884116,0.9498409009856852,0.0007035488543634754
baseline_smooth,baseline,79,0.47447594936708853,0.001220255134196622,0.9494129867786044,0.000746857664662146
baseline_smooth,baseline,80,0.47512874999999993,0.0012950651528011922,0.9489799456008076,0.0008060579359002144
baseline_smooth,baseline,81,0.475798353909465,0.0012830993933612362,0.9485731476706206,0.0008455058502977389
baseline_smooth,baseline,82,0.4764215447154471,0.001313203627621712,0.9481617818541787,0.0008883604768366023
baseline_smooth,baseline,83,0.4770694779116465,0.0013486682265803256,0.9477451247570929,0.0009212338751273619
baseline_smooth,baseline,84,0.47766269841269837,0.0013947211445485205,0.9473306664023554,0.0009524264616345766
baseline_smooth,baseline,85,0.4782050980392157,0.001405092238390543,0.9469375754537351,0.0009807052750084497
baseline_smooth,baseline,86,0.4787608527131782,0.001333153268894165,0.946551632853957,0.001003947415863211
baseline_smooth,baseline,87,0.4792850574712643,0.0012614867907511245,0.9461250984096994,0.001032883528956913
baseline_smooth,baseline,88,0.47987689393939387,0.0012664808838672207,0.9457487169693053,0.0010442670424282944
baseline_smooth,baseline,89,0.4803831460674157,0.0012331986628490762,0.9453635012623254,0.0010774539006156805
baseline_smooth,baseline,90,0.4810492592592592,0.0012146179266826695,0.9449585265690065,0.0011186832584261853
baseline_smooth,baseline,91,0.4815626373626373,0.0012299344696616546,0.9445510978580484,0.0011210964053363275
baseline_smooth,baseline,92,0.4820010869565217,0.0012287282681292353,0.9441408361434975,0.0011385424804766346
baseline_smooth,baseline,93,0.4824483870967742,0.001236137843145485,0.943757480918157,0.0011644544767920864
baseline_smooth,baseline,94,0.4828656028368794,0.0011676201131081883,0.9433759501680457,0.0011913921674714405
baseline_smooth,baseline,95,0.48342385964912277,0.0011679384177848836,0.9430029915987791,0.0012241134037133017
baseline_smooth,baseline,96,0.4838413194444444,0.0011934183354949026,0.9426054169098258,0.0012664919040303994
baseline_smooth,baseline,97,0.4843536082474227,0.0012289490043218313,0.9422295156368979,0.0012840225498058934
baseline_smooth,baseline,98,0.4848513605442177,0.0012195847050124283,0.9418387905194523,0.001301602312327537
baseline_smooth,baseline,99,0.4852912457912458,0.001202235076852937,0.9414733949028937,0.0013340574276553213
baseline_smooth,baseline,100,0.4857306666666667,0.001153405537238906,0.9410859178681213,0.0013377110362900841
baseline_smooth,baseline,101,0.48614884488448845,0.0011517495985943738,0.9407211482712721,0.0013688776789616873
baseline_smooth,baseline,102,0.48658169934640516,0.0011987459539470181,0.9403379712819312,0.0013825316552080666
baseline_smooth,baseline,103,0.48698284789644014,0.0011931325206895453,0.9399344104687718,0.0014007078585906172
baseline_smooth,baseline,104,0.4874464743589743,0.0011013109679496398,0.9395416848041815,0.0014246000936940042
baseline_smooth,baseline,105,0.48792317460317464,0.0011107425692651156,0.9391517891227287,0.0014363919353390447
baseline_smooth,baseline,106,0.4882930817610063,0.001127958052194001,0.9387844947796532,0.0014607246333527008
baseline_smooth,baseline,107,0.4886389408099688,0.0011067032014092726,0.9384001407103192,0.0014668625435071336
baseline_smooth,baseline,108,0.4890231481481481,0.0011320734797316031,0.9380042550367959,0.0014945082522790447
baseline_smooth,baseline,109,0.4894330275229357,0.0011231576203490378,0.9376134276753626,0.0015163442566380775
baseline_smooth,baseline,110,0.4898315151515152,0.0011495936520085155,0.937211573552713,0.0015308277859242192
baseline_smooth,baseline,111,0.4902555555555555,0.00119735706211825,0.9368393863469522,0.0015825484860728441
baseline_smooth,baseline,112,0.4906446428571429,0.001213680587140603,0.9364428301889723,0.0015757865844361501
baseline_smooth,baseline,113,0.4910410029498525,0.001211380412579343,0.9360560383403805,0.0015980099221344164
baseline_smooth,baseline,114,0.49145760233918123,0.0012382536220097334,0.9356542633465382,0.0016062148474590356
baseline_smooth,baseline,115,0.49183652173913045,0.0012839600839451486,0.9352617924510439,0.0015965976276919955
baseline_smooth,baseline,116,0.49224080459770114,0.0012515342348267658,0.9349063643171879,0.00159249675330868
baseline_smooth,baseline,117,0.49258746438746437,0.0012081251253306432,0.9345086267269843,0.0016196323230899176
baseline_smooth,baseline,118,0.49297146892655364,0.0011534332092283702,0.9341262266611979,0.0016318863349702676
baseline_smooth,baseline,119,0.4933112044817927,0.0011555102612865673,0.9337416989041102,0.0016498247512230836
baseline_smooth,baseline,120,0.49369277777777776,0.0011621272799546651,0.9333587304184666,0.0016628112631329784
baseline_smooth,baseline,121,0.4939837465564738,0.0011854271697775889,0.9329933398704412,0.001688531021106894
baseline_smooth,baseline,122,0.4943243169398907,0.0011557287911914953,0.9326108254065071,0.0017108761113836786
baseline_smooth,baseline,123,0.49470271002710026,0.0011679693962732148,0.9322349740895836,0.0017365945057169544
baseline_smooth,baseline,124,0.4950284946236559,0.001149121484252471,0.9318475894212835,0.001743716516795033
baseline_smooth,baseline,125,0.4954205333333333,0.0011515302746056355,0.9314530596362366,0.0017468253590370234
baseline_smooth,baseline,126,0.4957444444444444,0.0011658016985761905,0.9310605426456692,0.0017616781182326045
baseline_smooth,baseline,127,0.496072965879265,0.0012038724622170402,0.9306621172468302,0.0017843146494207675
baseline_smooth,baseline,128,0.49642161458333334,0.0012537600511862662,0.930278236655997,0.0018038789335497456
baseline_smooth,baseline,129,0.4967937984496124,0.0012762296398470749,0.9298856159728756,0.0018081743698259239
baseline_smooth,baseline,130,0.4971164102564103,0.001264925643517932,0.9294870035821278,0.001829080002665666
baseline_smooth,baseline,131,0.4973956743002545,0.0013083304367583924,0.9290935341992629,0.001798933294066889
baseline_smooth,baseline,132,0.4977247474747475,0.0013522184721594984,0.928685247184458,0.0018078482366061866
baseline_smooth,baseline,133,0.49806791979949877,0.0013679732253536025,0.9282899990106847,0.0018301963181788783
baseline_smooth,baseline,134,0.4983932835820895,0.0013678733984608831,0.92788917152424,0.0018544886951287287
baseline_smooth,baseline,135,0.4987185185185185,0.0013724490740662542,0.9274935389212406,0.0018538927903751828
baseline_smooth,baseline,136,0.4990470588235294,0.0013879168768050842,0.9271195028103456,0.0018523261510322146
baseline_smooth,baseline,137,0.49933722627737226,0.001393375595873117,0.9267374518544456,0.001843861553576211
baseline_smooth,baseline,138,0.4996420289855072,0.0013745780892097407,0.9263287992127864,0.001865677000845088
baseline_smooth,baseline,139,0.49996690647482006,0.0013744978521375787,0.9259134710696227,0.0018584739151594237
baseline_smooth,baseline,140,0.5002514285714286,0.0013867950498195848,0.9255050008167934,0.0018526623712516559
baseline_smooth,baseline,141,0.5004992907801419,0.001417671423133945,0.9251101869846549,0.001868508762430175
baseline_smooth,baseline,142,0.500750469483568,0.0014311180094109686,0.9247075921128248,0.0018631691105097914
baseline_smooth,baseline,143,0.5009839160839161,0.0014198144765536255,0.9243081217109618,0.0018697406885148991
baseline_smooth,baseline,144,0.5012567129629629,0.001425768915718368,0.9239095363823914,0.0018499512079534447
baseline_smooth,baseline,145,0.5014770114942529,0.0014115307943901516,0.9235112302983887,0.001851223819430554
baseline_smooth,baseline,146,0.501765296803653,0.001401530597333643,0.9231196603998288,0.0018615108239717734
baseline_smooth,baseline,147,0.502037641723356,0.0014385791881840722,0.9227112416811128,0.0018788643747217949
baseline_smooth,baseline,148,0.502250900900901,0.001437209070082436,0.9223308682275922,0.0018575738968435126
baseline_smooth,baseline,149,0.5025085011185683,0.0014953733028764782,0.9219589358671748,0.001855491717318916
baseline_smooth,baseline,150,0.5027408888888889,0.0015242531626025039,0.9215730900340002,0.0018557435631876963
baseline_smooth,baseline,151,0.5029264900662253,0.0015052106039774823,0.9211787409554,0.0018552531110987917
baseline_smooth,baseline,152,0.5032291666666667,0.0015031554894416467,0.9207843319645727,0.0018788151739716301
baseline_smooth,baseline,153,0.5035047930283225,0.0015330555907642044,0.920401407309166,0.0018903873881633464
baseline_smooth,baseline,154,0.5037218614718615,0.0015701370314110394,0.9200040614928834,0.0019142640222010348
baseline_smooth,baseline,155,0.5039860215053763,0.0015929898895059307,0.9195999688865673,0.0019182300312163036
baseline_smooth,baseline,156,0.5042433760683761,0.0016204591049871382,0.9191965698474794,0.00192861613454494
baseline_smooth,baseline,157,0.5044857749469215,0.0016334514224699756,0.9188012618425536,0.0019502496020715762
baseline_smooth,baseline,158,0.5046959915611815,0.0016738660534902777,0.9183897312754952,0.001949082965552865
baseline_smooth,baseline,159,0.5049310272536688,0.0016938327524735246,0.9179903115780016,0.0019562613438659916
baseline_smooth,baseline,160,0.5051827083333333,0.0017240396254750608,0.9175919466518154,0.0019681231981541207
baseline_smooth,baseline,161,0.5053898550724637,0.0017359932144513411,0.9171991115985002,0.0019665608615603326
baseline_smooth,baseline,162,0.5055847736625515,0.0017843297402832872,0.9168124291009438,0.0019746536672254266
baseline_smooth,baseline,163,0.5058069529652353,0.001781343288384991,0.9164236449560095,0.0019798445539682148
baseline_smooth,baseline,164,0.5059949186991869,0.00177506214055048,0.9160306878891354,0.00198311669216991
baseline_smooth,baseline,165,0.5062147474747475,0.001792210708183643,0.9156404090209128,0.001994225029229292
baseline_smooth,baseline,166,0.5064291164658634,0.0017918798322804144,0.9152720760391251,0.0019847860738816444
baseline_smooth,baseline,167,0.5066313373253494,0.0018291315121544832,0.9148758589782292,0.002010683823614115
baseline_smooth,baseline,168,0.5068005952380953,0.0018194750066672385,0.9144783408515731,0.0020097670248638787
baseline_smooth,baseline,169,0.5069761341222879,0.0018204409434461309,0.9140957898813303,0.002021847589461021
baseline_smooth,baseline,170,0.5071886274509804,0.0018008396093853918,0.9137030860949,0.0020479564177783094
baseline_smooth,baseline,171,0.5073575048732943,0.0018566313309939138,0.9133180343398646,0.002044250152113445
baseline_smooth,baseline,172,0.5075213178294574,0.0018287420178764414,0.9129233776145828,0.002068747328827051
baseline_smooth,baseline,173,0.5077136801541426,0.0018432242049525353,0.9125434339999794,0.002071850252907283
baseline_smooth,baseline,174,0.507883908045977,0.0018626946586064756,0.9121647417341663,0.002069412726548494
baseline_smooth,baseline,175,0.5080489523809524,0.001874758244731974,0.9118038114351976,0.0020492936841749183
baseline_smooth,baseline,176,0.5082823863636364,0.0018438256392944938,0.9114302520250016,0.002050714689106049
baseline_smooth,baseline,177,0.5084122410546139,0.0018299023664652128,0.9110470427748476,0.002069709673466362
baseline_smooth,baseline,178,0.5086222846441948,0.0018640236378262706,0.9106663520900281,0.0020634610664369214
baseline_smooth,baseline,179,0.5088487895716945,0.0018688900497904986,0.910291892578512,0.00204376925384092
baseline_smooth,baseline,180,0.5090303703703704,0.0018632748892091358,0.9099282941810292,0.002058402986259752
baseline_smooth,baseline,181,0.509246408839779,0.0018773922093932233,0.9095485791659751,0.0020709985619965145
baseline_smooth,baseline,182,0.5094443223443222,0.0019126995779689899,0.9091759658450589,0.002087949465466412
baseline_smooth,baseline,183,0.509588524590164,0.0019468785863034728,0.9087966082321732,0.0021075919822145604
baseline_smooth,baseline,184,0.5097789855072463,0.001970749096315923,0.9084284087016852,0.002114930606584489
baseline_smooth,baseline,185,0.5099832432432433,0.0019509761561885245,0.9080709383214488,0.0021197583524968995
baseline_smooth,baseline,186,0.5102277777777777,0.001947957515525083,0.9076976282719159,0.0021199827399140175
baseline_smooth,baseline,187,0.5104137254901961,0.0019379477231342061,0.9073224719475411,0.0021132660997298844
baseline_smooth,baseline,188,0.5105882978723404,0.001957532014218628,0.9069540342543175,0.002130218748481199
baseline_smooth,baseline,189,0.5108310405643739,0.001994885283589501,0.9065797878424582,0.0021406143384335554
baseline_smooth,baseline,190,0.5110094736842105,0.0019773406831614135,0.9062254171065028,0.002155830560436726
baseline_smooth,baseline,191,0.511170855148342,0.00200423808342211,0.9058690437917057,0.0021654201292229175
baseline_smooth,baseline,192,0.5113201388888888,0.0020247990735722823,0.9055173412310836,0.0021735488082700225
baseline_smooth,baseline,193,0.511486183074266,0.0020493122304383812,0.9051552395383807,0.0021804763405818164
baseline_smooth,baseline,194,0.5116807560137456,0.0020613268866615125,0.9047750031621421,0.0021801839823541325
baseline_smooth,baseline,195,0.51186,0.0020495762779492274,0.9044067683223469,0.0021851932545638255
baseline_smooth,baseline,196,0.5119981292517006,0.002060123299841836,0.904040130638681,0.0021856759439116322
baseline_smooth,baseline,197,0.5121742808798646,0.002079504329130411,0.9036660427698778,0.0021764654295146546
baseline_smooth,baseline,198,0.5123621212121212,0.002098007336060841,0.903305364584399,0.0021914537310767724
baseline_smooth,baseline,199,0.5125207705192629,0.002088318896764579,0.9029349185583868,0.0022035210724862995
baseline_smooth,baseline,200,0.5126951666666667,0.0021061027000917167,0.902560189777898,0.0022062165911380183
baseline_standard,baseline,1,0.5245000000000001,0.0017521415467934847,0.9948134692346174,0.00010366493869278273
baseline_standard,baseline,2,0.5264,0.0009643650760992814,0.9925703323741608,7.928766031423462e-05
baseline_standard,baseline,3,0.5150444444444444,0.0005620728831084917,0.99042284800445,5.5560966815978835e-05
baseline_standard,baseline,4,0.49951666666666666,0.0006578056957288705,0.9884385251032928,0.0002029471548062523
baseline_standard,baseline,5,0.48669333333333337,0.001292645865399068,0.9865853039412157,0.00037798747659822517
baseline_standard,baseline,6,0.4753111111111111,0.0002657971936423808,0.9848426680031741,0.0001739646360091877
baseline_standard,baseline,7,0.46691428571428567,0.0006305164711632718,0.9833794751041554,0.00020188761566244023
baseline_standard,baseline,8,0.45890416666666667,0.0008689373299227676,0.9819267424242425,0.00029267226388747687
baseline_standard,baseline,9,0.45267777777777773,0.0011722617160276588,0.9806457113787145,0.0003680130111801808
baseline_standard,baseline,10,0.44788999999999995,0.0011358256908522368,0.9795118396285606,0.00039955759890137314
baseline_standard,baseline,11,0.44444242424242425,0.0008297332705607776,0.978210356134785,0.00033232662506775784
baseline_standard,baseline,12,0.4404333333333333,0.0008334583239597098,0.9770749682559616,0.0003813352007417182
baseline_standard,baseline,13,0.43764358974358974,0.000978657858066739,0.9760443547867542,0.0003919274197351271
baseline_standard,baseline,14,0.434697619047619,0.0008693280695554197,0.9749853273846926,0.00047922764452667453
baseline_standard,baseline,15,0.4325177777777777,0.0007719048108653521,0.9739671765428994,0.00040637391763529985
baseline_standard,baseline,16,0.4310479166666667,0.0006483552909734721,0.9730084187523582,0.00044221263769774193
baseline_standard,baseline,17,0.42935686274509804,0.0003484187381160059,0.9720294611050259,0.000422437800654888
baseline_standard,baseline,18,0.42816851851851845,0.00025045226580839707,0.9711616775050697,0.00042420372443938836
baseline_standard,baseline,19,0.42690877192982457,0.0004000461653876807,0.970337047762948,0.00040709675205532055
baseline_standard,baseline,20,0.42534500000000003,0.0002798660393831546,0.9695226991224756,0.0004814242440527527
baseline_standard,baseline,21,0.42433650793650796,0.00029528929407573464,0.9686714539730543,0.000553239184401687
baseline_standard,baseline,22,0.42353484848484846,0.00030886801232209946,0.9679098233692018,0.0005382732743066306
baseline_standard,baseline,23,0.42290434782608693,0.0003412143331866486,0.9671346382294351,0.0005563281935395684
baseline_standard,baseline,24,0.4223472222222222,0.00042510891850514146,0.9664734907419089,0.0005121947818113699
baseline_standard,baseline,25,0.42175866666666667,0.00044653928531913044,0.9657853617701497,0.0005531506025814674
baseline_standard,baseline,26,0.42099743589743593,0.0003346227526450663,0.9650984303328703,0.000547968833766904
baseline_standard,baseline,27,0.4209765432098765,0.00040768228661804926,0.9643807959049392,0.0005347231019012655
baseline_standard,baseline,28,0.42071547619047617,0.00045805340864364663,0.9637220414824174,0.0005336751670890485
baseline_standard,baseline,29,0.4204540229885057,0.00041967561978542475,0.9630614925095592,0.0005215146052042516
baseline_standard,baseline,30,0.4201577777777777,0.0005364941061427534,0.9624224821230385,0.0005454427484155119
baseline_standard,baseline,31,0.42010752688172043,0.0006014060297550482,0.96174390350054,0.0005369812330912041
baseline_standard,baseline,32,0.4199760416666667,0.0006188157582902421,0.9610924609325573,0.0005224989912682673
baseline_standard,baseline,33,0.4199818181818182,0.0007213585285568699,0.9604296151387289,0.00047674838584435336
baseline_standard,baseline,34,0.41988235294117643,0.0007854593349002801,0.9598015211783079,0.0004989111008917708
baseline_standard,baseline,35,0.4198780952380952,0.0008701505069595261,0.9592714466683557,0.0004904675823476181
baseline_standard,baseline,36,0.4200351851851851,0.000906263924257974,0.9586962016033268,0.0005039257765392647
baseline_standard,baseline,37,0.42025855855855854,0.000988821129773271,0.9580975709482301,0.0004929222409770547
baseline_standard,baseline,38,0.4204035087719298,0.001087629806731733,0.9575321185017076,0.0004560365263959562
baseline_standard,baseline,39,0.4207051282051282,0.0012186664551853922,0.9570604894414841,0.0004108168994067076
baseline_standard,baseline,40,0.4208141666666667,0.0013680856454671947,0.9564828875280281,0.00036566638363147533
baseline_standard,baseline,41,0.4212138211382113,0.001508639275904786,0.9559813744131601,0.00031890838716864487
baseline_standard,baseline,42,0.42136507936507933,0.0016126033045946418,0.9554380830404899,0.00029438949137211513
baseline_standard,baseline,43,0.4215767441860465,0.001688613923356227,0.9549626207854378,0.0003137350855681311
baseline_standard,baseline,44,0.42195151515151513,0.001772146369468662,0.9544326631960894,0.0003561573877182767
baseline_standard,baseline,45,0.4222822222222222,0.0018032166046975024,0.9539471897253305,0.0003036668786211172
baseline_standard,baseline,46,0.42258478260869564,0.0018793110490026774,0.9534367700388452,0.00031352142776208864
baseline_standard,baseline,47,0.4229822695035461,0.0017746419800161097,0.9529070942744351,0.00031029978273745384
baseline_standard,baseline,48,0.4232381944444444,0.0018662717371163797,0.9524044738842917,0.00025488331850902245
baseline_standard,baseline,49,0.4234965986394557,0.0019539538332304786,0.9519004768489158,0.00022292255226565459
baseline_standard,baseline,50,0.42375133333333337,0.0018170309114963438,0.9514062067354653,0.0001999460106423865
baseline_standard,baseline,51,0.4241320261437908,0.0018030820012742504,0.9509055653019981,0.00019752978836204305
baseline_standard,baseline,52,0.42441987179487173,0.0016715890082862521,0.950409969530236,0.0002007077843104895
baseline_standard,baseline,53,0.424908176100629,0.0016827547949751906,0.9498912286612758,0.00018856478047325417
baseline_standard,baseline,54,0.4254098765432099,0.001687759870081702,0.9494046604662594,0.00018662821504323527
baseline_standard,baseline,55,0.42590242424242425,0.0017954767163954708,0.9488954216662412,0.00015426465289896087
baseline_standard,baseline,56,0.42621369047619045,0.0017416659546592276,0.948424579357985,0.00014467561546937298
baseline_standard,baseline,57,0.4267152046783626,0.0017254939683168356,0.9479496241562004,0.0001603496613144889
baseline_standard,baseline,58,0.427121264367816,0.0017067966997381494,0.9474689155741617,0.00014197584944047631
baseline_standard,baseline,59,0.42760677966101684,0.0016590337520737978,0.9469998302628975,0.0001201890712738493
baseline_standard,baseline,60,0.42793666666666663,0.0015319114784405243,0.9465502881158433,0.000101863995504536
baseline_standard,baseline,61,0.4283065573770491,0.0015373378568506017,0.9460814872532733,9.980913074384047e-05
baseline_standard,baseline,62,0.428708064516129,0.001602407787675206,0.9456304456729822,0.00010097844201987476
baseline_standard,baseline,63,0.42919894179894175,0.00150102789450059,0.9451606209648463,0.00013152986350871746
baseline_standard,baseline,64,0.42969166666666664,0.0015448948289615008,0.9447011202553264,0.00010149978978459471
baseline_standard,baseline,65,0.4302451282051282,0.0015865367987558786,0.9442605287886554,8.579682700775933e-05
baseline_standard,baseline,66,0.4307247474747475,0.001497514265239102,0.943803478316041,0.00010090691717567663
baseline_standard,baseline,67,0.431202487562189,0.0014235757467500147,0.9433603759223885,9.418471284863908e-05
baseline_standard,baseline,68,0.43177450980392157,0.0012356952546639874,0.9428850127029644,9.828260682559118e-05
baseline_standard,baseline,69,0.4322367149758454,0.0012314784782756173,0.94245133030037,7.491557720242793e-05
baseline_standard,baseline,70,0.4325695238095238,0.0011980514224708223,0.9420149120554627,0.00010406844110720988
baseline_standard,baseline,71,0.43299577464788735,0.0011651080169378435,0.9415761267665932,0.00011300757922011608
baseline_standard,baseline,72,0.4336004629629629,0.0011121439065741184,0.9411127781465778,0.0001056536976338763
baseline_standard,baseline,73,0.43408447488584473,0.0010989429518561292,0.940706998685307,0.0001405980603774407
baseline_standard,baseline,74,0.4345342342342342,0.0011676960744261859,0.9402820108265653,0.00012569080997157389
baseline_standard,baseline,75,0.4351351111111111,0.0011996416748963805,0.9398564622816797,0.00013811871209139814
baseline_standard,baseline,76,0.43559166666666665,0.0011161318160684737,0.9394224407773392,0.00012259100737990825
baseline_standard,baseline,77,0.43607229437229433,0.0010934126601112846,0.9389709625681563,0.00011728241234603539
baseline_standard,baseline,78,0.4366025641025641,0.000979148988467736,0.9385363861508743,9.327478055846647e-05
baseline_standard,baseline,79,0.43709451476793243,0.0009555153935202474,0.9381003449674221,9.128196270103606e-05
baseline_standard,baseline,80,0.4376345833333333,0.0009773444036435142,0.9376456690080336,0.00011022614233095198
baseline_standard,baseline,81,0.4381860082304527,0.0009409005837222906,0.9371689704718184,9.482364089449832e-05
baseline_standard,baseline,82,0.4386544715447154,0.0008941713678364386,0.9367472384149226,0.0001021426322175641
baseline_standard,baseline,83,0.4391277108433735,0.0008720836142044961,0.9362949084078248,9.412820612136622e-05
baseline_standard,baseline,84,0.439615873015873,0.0007874100867697636,0.9358499718785152,0.00010583079510224853
baseline_standard,baseline,85,0.4400211764705882,0.0007690294067028559,0.9354126823043267,0.00012933533550615043
baseline_standard,baseline,86,0.44053217054263566,0.0008361252132744751,0.9349877412028372,0.0001319772774783067
baseline_standard,baseline,87,0.44092796934865897,0.0008630135310529527,0.9345769016715043,0.00012513618733254558
baseline_standard,baseline,88,0.44138598484848485,0.0008728251700931717,0.9341476236998295,0.0001164536524659038
baseline_standard,baseline,89,0.44180861423220974,0.0008877715259025962,0.9337269133965368,0.0001068992951314634
baseline_standard,baseline,90,0.4423692592592592,0.0008522898229984957,0.933290176248185,0.00011984608486860206
baseline_standard,baseline,91,0.4428128205128205,0.0007797106629697437,0.9328683848078748,0.00013025142229091609
baseline_standard,baseline,92,0.44324021739130437,0.000743528316392794,0.9324742508730743,0.00012423998965402588
baseline_standard,baseline,93,0.44365161290322574,0.0007769596642076481,0.9320647619644548,9.959058405165635e-05
baseline_standard,baseline,94,0.44400106382978727,0.0008148707013054985,0.9316479704934394,0.00011019488902983702
baseline_standard,baseline,95,0.44448245614035087,0.0008844976559699863,0.931231999463268,0.00012268850034193512
baseline_standard,baseline,96,0.444917361111111,0.0008538441548997341,0.9308171008858196,0.00013056740647774323
baseline_standard,baseline,97,0.44530309278350516,0.0008533025250620656,0.9304202794169311,0.00014771088485605036
baseline_standard,baseline,98,0.44575748299319723,0.0008872842601573794,0.9300128150286722,0.0001333271202646
baseline_standard,baseline,99,0.4462148148148148,0.0009076882182636335,0.9295952227634258,0.00010280979925925524
baseline_standard,baseline,100,0.44671866666666665,0.0009110182947302905,0.9291834560765467,0.00010495755974483648
baseline_standard,baseline,101,0.4471306930693069,0.0008575097711094965,0.9287623054795083,0.00011018074446121277
baseline_standard,baseline,102,0.44759901960784304,0.0008247120360039694,0.9283610747908505,0.0001099558852341728
baseline_standard,baseline,103,0.4480281553398058,0.0008494191347233603,0.9279467161993257,0.00011442645120632047
baseline_standard,baseline,104,0.4484919871794872,0.0007892669041935357,0.9275268679138605,9.198327808500354e-05
baseline_standard,baseline,105,0.4489288888888889,0.0007988213161195227,0.9271144532444247,0.00011078467581570182
baseline_standard,baseline,106,0.4493830188679245,0.000809190379851195,0.9267254609716535,7.733085008431459e-05
baseline_standard,baseline,107,0.4498348909657321,0.0008421682652311123,0.9263002333405553,9.172540789572018e-05
baseline_standard,baseline,108,0.45027654320987653,0.0007633035542678214,0.9258827078055254,9.679363501656215e-05
baseline_standard,baseline,109,0.4506363914373088,0.0007856106028450465,0.9254799154477299,0.00013310110731070917
baseline_standard,baseline,110,0.4510339393939394,0.0007469609686625156,0.9250676900706108,0.0001679994998288693
baseline_standard,baseline,111,0.4513585585585585,0.0007437759488727943,0.9246817040102978,0.0001815044460316798
baseline_standard,baseline,112,0.45182351190476183,0.0007019108470168087,0.9242901051667568,0.00020658325314625476
baseline_standard,baseline,113,0.45224867256637163,0.0006670928885247651,0.9238930557160132,0.00020004631725472352
baseline_standard,baseline,114,0.4527017543859649,0.0006582987063839693,0.9234745336797655,0.00020033849253004422
baseline_standard,baseline,115,0.4530028985507246,0.0006055036387873703,0.9230713572139982,0.0002430101181045606
baseline_standard,baseline,116,0.45346063218390803,0.0005999481827935625,0.9226942449488235,0.0002757935210186556
baseline_standard,baseline,117,0.4538421652421653,0.0005781982320188634,0.9223080029860887,0.0002698534492964475
baseline_standard,baseline,118,0.4542974576271186,0.0005858451958560215,0.9219224680656092,0.00030253652967667
baseline_standard,baseline,119,0.45474369747899157,0.0006092506519452971,0.9215320417096439,0.000326152513297763
baseline_standard,baseline,120,0.4551530555555556,0.0006085281271079531,0.9211506001730884,0.00032898614818556736
baseline_standard,baseline,121,0.4555247933884297,0.0005882608402749754,0.920749305702869,0.00036111896794583395
baseline_standard,baseline,122,0.4559314207650273,0.0005986437312291082,0.920362473055234,0.0003580031864086361
baseline_standard,baseline,123,0.456271002710027,0.000557389464342695,0.9199733396200279,0.00039608048161387903
baseline_standard,baseline,124,0.45662526881720433,0.0005434971339225488,0.9195823903407673,0.00037049527480185866
baseline_standard,baseline,125,0.4570144,0.0005389180271618199,0.9191892558586919,0.00038692442035706916
baseline_standard,baseline,126,0.45734814814814806,0.0005156643859772884,0.9187876221301625,0.0004005050387051358
baseline_standard,baseline,127,0.4577328083989501,0.0005468680140544648,0.9184049603818556,0.00043142193411295244
baseline_standard,baseline,128,0.45804765625,0.0005348174109787099,0.9180213119323156,0.00044157557357651553
baseline_standard,baseline,129,0.45844237726098186,0.0004960055171755154,0.9176376121749827,0.0004601792065762348
baseline_standard,baseline,130,0.45880794871794867,0.0005180941024696705,0.9172370812566765,0.0004626548172931784
baseline_standard,baseline,131,0.4590603053435114,0.0005305343511449873,0.9168454558106328,0.00046055129605680214
baseline_standard,baseline,132,0.4594545454545454,0.0005246347498526783,0.9164465812604541,0.0004764639305788676
baseline_standard,baseline,133,0.4598245614035088,0.0005466167137237824,0.9160318792045904,0.0004916234796804804
baseline_standard,baseline,134,0.46015945273631836,0.0005191371839476334,0.9156578113774946,0.0005124397550112017
baseline_standard,baseline,135,0.46053061728395067,0.0005115319434079059,0.9152688922703759,0.0005339679352333353
baseline_standard,baseline,136,0.4608700980392156,0.000538903039931633,0.9148715170958385,0.0005291050201389612
baseline_standard,baseline,137,0.4611467153284671,0.0005562173111894177,0.9144960502368319,0.0005307842061722506
baseline_standard,baseline,138,0.46152415458937196,0.0005699100688024471,0.9140820902556852,0.0005198710698157701
baseline_standard,baseline,139,0.4618352517985611,0.0005752071881961645,0.9136800835248446,0.0005259824373726359
baseline_standard,baseline,140,0.46213976190476186,0.0006158163378027288,0.9132873419033797,0.0005273634715086503
baseline_standard,baseline,141,0.4624049645390071,0.0006774415962592539,0.9129057679657797,0.0005092235416428334
baseline_standard,baseline,142,0.4626920187793427,0.0007201820166750374,0.9125273486732269,0.0005176084312842255
baseline_standard,baseline,143,0.4629878787878787,0.0007462801072000701,0.9121416253275566,0.0005336587135357271
baseline_standard,baseline,144,0.4632914351851851,0.0007508066435494093,0.9117635582010584,0.0005402166472818513
baseline_standard,baseline,145,0.4635887356321839,0.0007611132510315173,0.9113695654552417,0.0005298760173296328
baseline_standard,baseline,146,0.4639139269406392,0.000747963499366496,0.9109883655552796,0.0005321551013349366
baseline_standard,baseline,147,0.46420566893424037,0.0007799803537757339,0.9106148252456139,0.0005114738263120896
baseline_standard,baseline,148,0.4644693693693694,0.0007725784328256171,0.9102464728626707,0.0005004351905947374
baseline_standard,baseline,149,0.46479574944071583,0.0007676468680565146,0.909850578864985,0.0005172017452271744
baseline_standard,baseline,150,0.4651093333333333,0.0007796463585783176,0.9094723654347154,0.0005441195112458679
baseline_standard,baseline,151,0.46538079470198673,0.0007593728181088327,0.909094877247364,0.0005588914988602211
baseline_standard,baseline,152,0.46569188596491223,0.0007627171859680273,0.9087052132103426,0.0005503015494343
baseline_standard,baseline,153,0.46598823529411765,0.0007777346612973312,0.9083270723172853,0.0005537628669835296
baseline_standard,baseline,154,0.4662915584415584,0.0007848573195014675,0.9079482021450311,0.0005685555840145567
baseline_standard,baseline,155,0.4665733333333333,0.0007871106115477209,0.9075680951728509,0.0006050247819726905
baseline_standard,baseline,156,0.4668799145299145,0.0008058955221321335,0.9071818726188164,0.0006064062058566761
baseline_standard,baseline,157,0.46712845010615706,0.000816398608047474,0.9068006379861963,0.0006105116110698962
baseline_standard,baseline,158,0.467342194092827,0.0008241746618957159,0.906411352874385,0.000641146998447464
baseline_standard,baseline,159,0.46759517819706503,0.0008183214934149632,0.9060506192318046,0.0006485866338565857
baseline_standard,baseline,160,0.46782604166666664,0.0007937121874195629,0.9056651675477679,0.0006664037730217866
baseline_standard,baseline,161,0.468103105590062,0.0008284603741680677,0.9052780903844057,0.000678819156711694
baseline_standard,baseline,162,0.46833806584362137,0.0008038758641852142,0.90489482167809,0.0007028411856313593
baseline_standard,baseline,163,0.4685411042944785,0.0007904233623816518,0.9045352164394305,0.0006973432046513909
baseline_standard,baseline,164,0.46882723577235774,0.0008298658027924859,0.9041589697853819,0.0007232658980389464
baseline_standard,baseline,165,0.4691252525252525,0.0008597198453143051,0.9037763157965584,0.0007633757970805456
baseline_standard,baseline,166,0.4694162650602409,0.0008693585113301893,0.9033854548978475,0.000750361340286587
baseline_standard,baseline,167,0.469690618762475,0.0008663744334556517,0.9029887480307456,0.0007776638295266976
baseline_standard,baseline,168,0.4699174603174603,0.0008527841252985981,0.9026256426241832,0.0007848623978117755
baseline_standard,baseline,169,0.47022465483234716,0.0008763985473674102,0.9022517791495677,0.0007955283755756398
baseline_standard,baseline,170,0.47050803921568624,0.0008406523116674543,0.9018678106975199,0.0008081537256505497
baseline_standard,baseline,171,0.4707656920077972,0.0008304359878221364,0.9014959138800486,0.0008284058329765615
baseline_standard,baseline,172,0.47102810077519375,0.0008364469504944729,0.9011198928164822,0.0008362358993296358
baseline_standard,baseline,173,0.47125221579961457,0.0008729112878868186,0.9007602914129392,0.0008623040805755741
baseline_standard,baseline,174,0.4715051724137931,0.000917885184423909,0.9003839146306656,0.0008546392319846327
baseline_standard,baseline,175,0.4717302857142857,0.0009287328211392124,0.9000200990099011,0.0008793791798250323
baseline_standard,baseline,176,0.4719732954545454,0.0009477243773119142,0.8996517806984988,0.0008889366264052246
baseline_standard,baseline,177,0.472215065913371,0.0009613011090786484,0.8992810656289182,0.0009062802723793273
baseline_standard,baseline,178,0.4725067415730337,0.0009731070112773288,0.898926206817834,0.0009177185936456937
baseline_standard,baseline,179,0.47277355679702043,0.0009628806168043227,0.898562238994144,0.0009275908236784101
baseline_standard,baseline,180,0.4730264814814815,0.0009840064132916784,0.8982085101021386,0.0009547635748645865
baseline_standard,baseline,181,0.47325488029465923,0.0010119897711981486,0.8978455901386354,0.0009731387304343324
baseline_standard,baseline,182,0.47350293040293034,0.0010519245238515692,0.8974919810052642,0.0009917151012673274
baseline_standard,baseline,183,0.4737238615664845,0.001046775667218497,0.8971238800259166,0.0009866009474937011
baseline_standard,baseline,184,0.4739304347826087,0.0010537274059854104,0.8967471924790257,0.000981528792528224
baseline_standard,baseline,185,0.47413837837837836,0.001039600277175722,0.896379760953861,0.0009695966086466984
baseline_standard,baseline,186,0.47440197132616485,0.001052357567410387,0.8960271648316819,0.0009956671364246181
baseline_standard,baseline,187,0.4745983957219251,0.001058084331178752,0.8956754357711209,0.0010098329944732884
baseline_standard,baseline,188,0.4748326241134751,0.001058895783311736,0.8953138535153361,0.0010169800422948408
baseline_standard,baseline,189,0.4750717813051146,0.001094288668225954,0.8949694711177937,0.0010298190201962448
baseline_standard,baseline,190,0.47532403508771925,0.0011390417722006942,0.8945964728080803,0.0010385627871820598
baseline_standard,baseline,191,0.4755549738219895,0.0011488467967808186,0.8942383048522032,0.0010340756136929614
baseline_standard,baseline,192,0.4758060763888889,0.0011517390813908777,0.8938782712000614,0.0010212465956949575
baseline_standard,baseline,193,0.4759620034542314,0.0011525988355169624,0.8935186838074755,0.001028889605138976
baseline_standard,baseline,194,0.4762077319587628,0.0011510309278350422,0.8931594301101722,0.0010351811894767846
baseline_standard,baseline,195,0.4764179487179487,0.001145016587162933,0.89279309472262,0.0010488390575450902
baseline_standard,baseline,196,0.47664965986394553,0.001135259266410717,0.892438343054129,0.0010677652123830493
baseline_standard,baseline,197,0.4768808798646362,0.0011462387905785602,0.8920862278352756,0.0010547250978178713
baseline_standard,baseline,198,0.47714309764309765,0.001157745564313628,0.8917385402528549,0.0010815273966920422
baseline_standard,baseline,199,0.4773785594639866,0.001163051765915902,0.8913703263683997,0.0010883655807590183
baseline_standard,baseline,200,0.477605,0.0011812716664679477,0.8910209127359554,0.001102740672765485
curric_glob0.5_sharp2_localheavy,curriculum,1,0.6387333333333334,0.001950213663508017,0.9938851092212774,0.0011310807823226477
curric_glob0.5_sharp2_localheavy,curriculum,2,0.5795166666666667,0.0012503332889007381,0.9905893385879311,0.0008800186509265842
curric_glob0.5_sharp2_localheavy,curriculum,3,0.5390888888888888,0.0004073400617738954,0.9871240300375469,0.0005958046935429958
curric_glob0.5_sharp2_localheavy,curriculum,4,0.5074833333333334,0.0005965176722723894,0.9839355828220859,0.00042213656138294657
curric_glob0.5_sharp2_localheavy,curriculum,5,0.4852666666666667,0.001406319072377676,0.9811473405143621,0.0008409683984651075
curric_glob0.5_sharp2_localheavy,curriculum,6,0.4667722222222222,0.0014587221703841996,0.9785354244107533,0.0009026913610635171
curric_glob0.5_sharp2_localheavy,curriculum,7,0.4524523809523809,0.0013986387940388377,0.9764418132005873,0.0010412513914669
curric_glob0.5_sharp2_localheavy,curriculum,8,0.4414,0.0017464696533292883,0.9746038531870429,0.0010200355621012825
curric_glob0.5_sharp2_localheavy,curriculum,9,0.43277777777777776,0.001958488961507257,0.9726557465016447,0.0009794490363667706
curric_glob0.5_sharp2_localheavy,curriculum,10,0.42452666666666666,0.0016473412923050587,0.970725471619191,0.0009326580052346745
curric_glob0.5_sharp2_localheavy,curriculum,11,0.41812727272727274,0.0013647571151933911,0.9690121577309627,0.0006974967747095266
curric_glob0.5_sharp2_localheavy,curriculum,12,0.4122472222222222,0.0015810583070748063,0.9672592912358547,0.0006756037610151962
curric_glob0.5_sharp2_localheavy,curriculum,13,0.4080102564102564,0.0014146807056766347,0.9655689634067776,0.0006749998684336078
curric_glob0.5_sharp2_localheavy,curriculum,14,0.40397380952380946,0.0012242101438030776,0.9641899645116311,0.0006492752922369585
curric_glob0.5_sharp2_localheavy,curriculum,15,0.4005422222222222,0.0009911235674353858,0.9628299192579556,0.0006753849961880368
curric_glob0.5_sharp2_localheavy,curriculum,16,0.3977854166666666,0.0008286928084841259,0.9614711645285707,0.000723384622252486
curric_glob0.5_sharp2_localheavy,curriculum,17,0.3956921568627451,0.0007856043302981004,0.9602522363500006,0.0006792130164293823
curric_glob0.5_sharp2_localheavy,curriculum,18,0.39426296296296287,0.0007377880967595802,0.9589947486189777,0.0006606254875965718
curric_glob0.5_sharp2_localheavy,curriculum,19,0.39239473684210524,0.0009302994484099357,0.9578621243047181,0.0005662293025118991
curric_glob0.5_sharp2_localheavy,curriculum,20,0.39061666666666667,0.0008369936280123806,0.9567063557542932,0.0005749416944658803
curric_glob0.5_sharp2_localheavy,curriculum,21,0.3896555555555555,0.0008474362206963534,0.9557008188524065,0.0005472544269848826
curric_glob0.5_sharp2_localheavy,curriculum,22,0.3886515151515151,0.00043242381771439904,0.9547008000718136,0.0005761124909790124
curric_glob0.5_sharp2_localheavy,curriculum,23,0.3880724637681159,0.00016304830910717058,0.953702465412943,0.0005301711381910606
curric_glob0.5_sharp2_localheavy,curriculum,24,0.38713611111111107,0.0002479195844833094,0.9527060450920203,0.0005206100627451078
curric_glob0.5_sharp2_localheavy,curriculum,25,0.386624,0.0001387948125831522,0.9516943572269897,0.0005530291189830111
curric_glob0.5_sharp2_localheavy,curriculum,26,0.3859730769230769,0.00027445481192168753,0.9507650112165326,0.0004977320112563249
curric_glob0.5_sharp2_localheavy,curriculum,27,0.3856185185185185,0.00032051484646400885,0.949825794641994,0.0004823921483812983
curric_glob0.5_sharp2_localheavy,curriculum,28,0.3851642857142857,0.0005109015640642706,0.948804958186686,0.0004271322054172696
curric_glob0.5_sharp2_localheavy,curriculum,29,0.38481149425287353,0.0003476151693826579,0.947879566030938,0.00036424401392036573
curric_glob0.5_sharp2_localheavy,curriculum,30,0.38456,9.073771725873745e-05,0.946970017279892,0.0002752324971229294
curric_glob0.5_sharp2_localheavy,curriculum,31,0.38469677419354836,0.0003161290322580398,0.9461923093662361,0.0002887138365455187
curric_glob0.5_sharp2_localheavy,curriculum,32,0.3844479166666666,0.000314063795602638,0.9453766620798009,0.00025070288467667073
curric_glob0.5_sharp2_localheavy,curriculum,33,0.3842383838383838,0.00026601734537046233,0.9446065976217874,0.00030397645768339223
curric_glob0.5_sharp2_localheavy,curriculum,34,0.3842088235294118,0.0003079539578222794,0.943793202059854,0.00034282240625157026
curric_glob0.5_sharp2_localheavy,curriculum,35,0.38428285714285715,0.0003008694882828394,0.9429726543366269,0.0004292888361259835
curric_glob0.5_sharp2_localheavy,curriculum,36,0.38454537037037034,0.0004190794340175355,0.9422294356674504,0.0005380894967921929
curric_glob0.5_sharp2_localheavy,curriculum,37,0.38464234234234235,0.0003708255191052306,0.941474825484714,0.0006309730271477829
curric_glob0.5_sharp2_localheavy,curriculum,38,0.3849298245614035,0.0005074536763197002,0.9406936165715494,0.0007457597678169953
curric_glob0.5_sharp2_localheavy,curriculum,39,0.38516666666666666,0.0006081357248419817,0.9399261234620915,0.0008620238931979954
curric_glob0.5_sharp2_localheavy,curriculum,40,0.38552500000000006,0.0006352361765516794,0.9391440596310868,0.0009368058212649718
curric_glob0.5_sharp2_localheavy,curriculum,41,0.3857780487804878,0.0006629975374628397,0.9384451291770409,0.000987964082233771
curric_glob0.5_sharp2_localheavy,curriculum,42,0.3859706349206349,0.0005973170045548963,0.9377531618007294,0.0010101964424689032
curric_glob0.5_sharp2_localheavy,curriculum,43,0.38619224806201546,0.0006407360108960425,0.9370149079518927,0.0010485415969369435
curric_glob0.5_sharp2_localheavy,curriculum,44,0.38661666666666666,0.0005415596418955498,0.9363464953334026,0.0010610306105936515
curric_glob0.5_sharp2_localheavy,curriculum,45,0.3868288888888889,0.0005221938526573166,0.935663784804642,0.0011022752482054388
curric_glob0.5_sharp2_localheavy,curriculum,46,0.3872079710144927,0.00047696134382511815,0.9349522486721273,0.001130452700579082
curric_glob0.5_sharp2_localheavy,curriculum,47,0.3875368794326241,0.0005718630190084032,0.934244638431449,0.0011497046959398284
curric_glob0.5_sharp2_localheavy,curriculum,48,0.38804236111111107,0.0005497013604204755,0.9335852973159348,0.0011762587370032498
curric_glob0.5_sharp2_localheavy,curriculum,49,0.38842040816326534,0.0005776159190479047,0.932949855923011,0.0011652928329853852
curric_glob0.5_sharp2_localheavy,curriculum,50,0.3889033333333333,0.0005147828020955221,0.9323363260712618,0.0010980295766653886
curric_glob0.5_sharp2_localheavy,curriculum,51,0.38952875816993465,0.0005156465105571763,0.9317625504190971,0.0011135367158593245
curric_glob0.5_sharp2_localheavy,curriculum,52,0.38997115384615383,0.0006087290329061985,0.9311683274649614,0.0010950346661244704
curric_glob0.5_sharp2_localheavy,curriculum,53,0.3905100628930817,0.0006491562377820586,0.9305729900686691,0.0010698007866815087
curric_glob0.5_sharp2_localheavy,curriculum,54,0.3910080246913579,0.0007326744452393982,0.9299758119524825,0.0010823959757638563
curric_glob0.5_sharp2_localheavy,curriculum,55,0.39154606060606056,0.000763777764686305,0.929313135052336,0.001100585249577937
curric_glob0.5_sharp2_localheavy,curriculum,56,0.3919285714285714,0.000775450412235824,0.9286544498817277,0.0011159834106428763
curric_glob0.5_sharp2_localheavy,curriculum,57,0.39235964912280696,0.0006685200460838815,0.9280413103210249,0.0011337920272455734
curric_glob0.5_sharp2_localheavy,curriculum,58,0.3929235632183908,0.0006356303651945153,0.927394307223385,0.001104976183739864
curric_glob0.5_sharp2_localheavy,curriculum,59,0.3935033898305084,0.0005987346611683012,0.9268153870655995,0.001142084512986174
curric_glob0.5_sharp2_localheavy,curriculum,60,0.3939472222222222,0.0006370163379496298,0.9262823627630702,0.0011767949276135093
curric_glob0.5_sharp2_localheavy,curriculum,61,0.39447158469945354,0.0005271258729437633,0.9256848729801836,0.0011930561905704245
curric_glob0.5_sharp2_localheavy,curriculum,62,0.3949225806451612,0.0005250910430943804,0.9250948436504364,0.0012333439533126372
curric_glob0.5_sharp2_localheavy,curriculum,63,0.3954608465608465,0.0004525127441925645,0.9244783034909795,0.0011601415428661738
curric_glob0.5_sharp2_localheavy,curriculum,64,0.396015625,0.0004837092198573552,0.9239167320460271,0.0012002071939881938
curric_glob0.5_sharp2_localheavy,curriculum,65,0.3965733333333333,0.00042376819982095296,0.9233106822273917,0.0011811260866079424
curric_glob0.5_sharp2_localheavy,curriculum,66,0.39707929292929295,0.00045641618407816354,0.9227487835022447,0.0011592717745025777
curric_glob0.5_sharp2_localheavy,curriculum,67,0.3975671641791045,0.0003713719574282623,0.9222011706662889,0.0011570533296151463
curric_glob0.5_sharp2_localheavy,curriculum,68,0.39824803921568624,0.0003382395566653925,0.9216102812260246,0.00116250096497446
curric_glob0.5_sharp2_localheavy,curriculum,69,0.39874492753623186,0.000319748378283348,0.9210429205849676,0.0011600463628217554
curric_glob0.5_sharp2_localheavy,curriculum,70,0.39926285714285714,0.0002657603646682246,0.9205115272453827,0.001183029286949621
curric_glob0.5_sharp2_localheavy,curriculum,71,0.3997403755868545,0.0003164921718603876,0.9199873207478452,0.0012038161261855868
curric_glob0.5_sharp2_localheavy,curriculum,72,0.40037546296296295,0.00033456177958954844,0.9194279150665506,0.001232811308347255
curric_glob0.5_sharp2_localheavy,curriculum,73,0.40096027397260275,0.0003099070981079651,0.9188815617260039,0.0012100951711095612
curric_glob0.5_sharp2_localheavy,curriculum,74,0.4014333333333333,0.0002820096840435682,0.9183542366784941,0.001147823714758908
curric_glob0.5_sharp2_localheavy,curriculum,75,0.40199244444444443,0.0003540002092487698,0.9177745402052425,0.0011449352248369534
curric_glob0.5_sharp2_localheavy,curriculum,76,0.40251973684210524,0.00039947377088967687,0.9172561437937271,0.0011234510522405263
curric_glob0.5_sharp2_localheavy,curriculum,77,0.4030437229437229,0.0003851614677916402,0.9166775187136927,0.0010809675600811195
curric_glob0.5_sharp2_localheavy,curriculum,78,0.4035910256410256,0.00041218098257094925,0.9161242750452665,0.0010862828083333228
curric_glob0.5_sharp2_localheavy,curriculum,79,0.4041413502109705,0.00048487677324459544,0.9156061198829741,0.0010997824937331157
curric_glob0.5_sharp2_localheavy,curriculum,80,0.40465666666666666,0.0004756415623485051,0.9150487576255532,0.0011071008450748065
curric_glob0.5_sharp2_localheavy,curriculum,81,0.4051053497942387,0.0004612269233864141,0.9144759036943654,0.0011356030168336523
curric_glob0.5_sharp2_localheavy,curriculum,82,0.40562276422764226,0.00042399114492824944,0.913952490984345,0.0011306242263246847
curric_glob0.5_sharp2_localheavy,curriculum,83,0.4060879518072289,0.00035100792182580576,0.9134092410934058,0.0011364065047880707
curric_glob0.5_sharp2_localheavy,curriculum,84,0.4066242063492063,0.00027001074276665905,0.9128503921640941,0.0011439958767653557
curric_glob0.5_sharp2_localheavy,curriculum,85,0.407116862745098,0.00030025901928508865,0.9123248374453087,0.0011577901384413254
curric_glob0.5_sharp2_localheavy,curriculum,86,0.4076441860465116,0.0003433423821008526,0.9117697421061118,0.001123702228668521
curric_glob0.5_sharp2_localheavy,curriculum,87,0.40804061302681993,0.00034193100151102786,0.9112287982182768,0.0011268045136550516
curric_glob0.5_sharp2_localheavy,curriculum,88,0.4085503787878788,0.0003654523782537858,0.910679840992341,0.0011293747313265846
curric_glob0.5_sharp2_localheavy,curriculum,89,0.40900936329588017,0.0004132286303469412,0.9101579207282929,0.0011407199995157732
curric_glob0.5_sharp2_localheavy,curriculum,90,0.4095025925925926,0.0004416597949616958,0.909653312200802,0.0011828435216477415
curric_glob0.5_sharp2_localheavy,curriculum,91,0.4098904761904762,0.000491716596349852,0.909111158364459,0.0012099545470436643
curric_glob0.5_sharp2_localheavy,curriculum,92,0.41035579710144926,0.0005038044455388414,0.9086194031286183,0.001204860208511745
curric_glob0.5_sharp2_localheavy,curriculum,93,0.41078136200716847,0.0004986121719021055,0.9080980922799785,0.0012331101156580295
curric_glob0.5_sharp2_localheavy,curriculum,94,0.41122907801418435,0.0005760423006657807,0.907603900663268,0.0012724088901322674
curric_glob0.5_sharp2_localheavy,curriculum,95,0.41175052631578946,0.0006122579797724606,0.9071353592693168,0.0012850901178759675
curric_glob0.5_sharp2_localheavy,curriculum,96,0.41220729166666664,0.0006256663114898876,0.906659192675687,0.0012857949458750957
curric_glob0.5_sharp2_localheavy,curriculum,97,0.4126670103092784,0.0006454242253367201,0.9061328833166594,0.0013156722654469805
curric_glob0.5_sharp2_localheavy,curriculum,98,0.4131666666666667,0.0007175409304082049,0.9056688736883461,0.001349558076602329
curric_glob0.5_sharp2_localheavy,curriculum,99,0.41368249158249154,0.0007324690438840007,0.9051733735695043,0.0013597255860324305
curric_glob0.5_sharp2_localheavy,curriculum,100,0.4141806666666667,0.0007056063586259111,0.9046967430835173,0.0013374186008330079
curric_glob0.5_sharp2_localheavy,curriculum,101,0.4145666666666667,0.00070487841252713,0.9042571903110269,0.0013257691585499272
curric_glob0.5_sharp2_localheavy,curriculum,102,0.415025816993464,0.0007211964442247414,0.9038001100652574,0.0013339650599977612
curric_glob0.5_sharp2_localheavy,curriculum,103,0.41549902912621356,0.0007613055893633793,0.9033499250907959,0.0013158495796951428
curric_glob0.5_sharp2_localheavy,curriculum,104,0.41589647435897437,0.0006884725056425253,0.9028498413905593,0.0013230754651586793
curric_glob0.5_sharp2_localheavy,curriculum,105,0.4163828571428571,0.0006456138424477268,0.9023709668823282,0.0013685141679180403
curric_glob0.5_sharp2_localheavy,curriculum,106,0.41682955974842767,0.000602878414622049,0.9019050984664437,0.0014028839728466122
curric_glob0.5_sharp2_localheavy,curriculum,107,0.417311214953271,0.0006431346285236122,0.9014802916290344,0.0014480398709042243
curric_glob0.5_sharp2_localheavy,curriculum,108,0.4177141975308642,0.0006943434082879042,0.9009979607511963,0.0014582736118062935
curric_glob0.5_sharp2_localheavy,curriculum,109,0.41814220183486234,0.0007360628845321192,0.9005378199210442,0.0014676636349267452
curric_glob0.5_sharp2_localheavy,curriculum,110,0.4186127272727273,0.0007643897798487665,0.9000558300438207,0.001486928741205416
curric_glob0.5_sharp2_localheavy,curriculum,111,0.4190465465465465,0.0008383154375131071,0.899601703908448,0.0014870302294444835
curric_glob0.5_sharp2_localheavy,curriculum,112,0.41954166666666665,0.0009173568733476785,0.8991265310117261,0.0014912986682899202
curric_glob0.5_sharp2_localheavy,curriculum,113,0.42,0.0008898484218106943,0.8986502971032909,0.001493551086206422
curric_glob0.5_sharp2_localheavy,curriculum,114,0.4204953216374269,0.000937202741765686,0.8982175972068519,0.001532523622188126
curric_glob0.5_sharp2_localheavy,curriculum,115,0.4208959420289855,0.0009552989549129112,0.897786127174197,0.0015570961262553918
curric_glob0.5_sharp2_localheavy,curriculum,116,0.42137643678160924,0.0009214066905216808,0.8973215149548478,0.001588515315598584
curric_glob0.5_sharp2_localheavy,curriculum,117,0.4218037037037037,0.0009449112561519295,0.896880011272336,0.0015890479207290723
curric_glob0.5_sharp2_localheavy,curriculum,118,0.42227146892655365,0.000997923847860408,0.8964145078390292,0.00159271138619296
curric_glob0.5_sharp2_localheavy,curriculum,119,0.42265994397759105,0.0011035748746427252,0.8959351877102582,0.0015358176961078774
curric_glob0.5_sharp2_localheavy,curriculum,120,0.4231038888888889,0.0011809001784577509,0.895517983920234,0.0015220440458975468
curric_glob0.5_sharp2_localheavy,curriculum,121,0.42350606060606055,0.0012239751265995605,0.895068172257842,0.0014989668314953977
curric_glob0.5_sharp2_localheavy,curriculum,122,0.42389836065573766,0.0012395380518974257,0.8946853409734407,0.0014992527804135495
curric_glob0.5_sharp2_localheavy,curriculum,123,0.4243636856368564,0.0012337195008659387,0.894274318142264,0.0015280729145419497
curric_glob0.5_sharp2_localheavy,curriculum,124,0.42477499999999996,0.0012792702052594512,0.8938712874183539,0.0015472584824262063
curric_glob0.5_sharp2_localheavy,curriculum,125,0.4252234666666667,0.0012673132104311547,0.8934628667366212,0.0015472925093370008
curric_glob0.5_sharp2_localheavy,curriculum,126,0.4256232804232804,0.0012559263226899582,0.8930409407242172,0.0015630188197296943
curric_glob0.5_sharp2_localheavy,curriculum,127,0.4260370078740157,0.001281156080546721,0.8926217555947407,0.0015607212069114725
curric_glob0.5_sharp2_localheavy,curriculum,128,0.42643854166666667,0.0013281344975150683,0.892178382509849,0.00155894005758744
curric_glob0.5_sharp2_localheavy,curriculum,129,0.4268780361757105,0.0013299846025147078,0.8917610309643008,0.0015723757211864792
curric_glob0.5_sharp2_localheavy,curriculum,130,0.4272502564102563,0.0013213097172261948,0.8913142258998284,0.0015619414749038648
curric_glob0.5_sharp2_localheavy,curriculum,131,0.4275715012722647,0.0013381464561387556,0.8909095183325872,0.0015644618191771424
curric_glob0.5_sharp2_localheavy,curriculum,132,0.42800934343434344,0.0013429526316061017,0.890501670326838,0.001558595211636326
curric_glob0.5_sharp2_localheavy,curriculum,133,0.4283979949874686,0.0013779239840475534,0.8901071939717715,0.0015409518971550725
curric_glob0.5_sharp2_localheavy,curriculum,134,0.4287584577114427,0.0013822298398655144,0.8897137441985806,0.0015260376857064574
curric_glob0.5_sharp2_localheavy,curriculum,135,0.42917580246913584,0.0013907176766511861,0.8893123217810032,0.001532820097882045
curric_glob0.5_sharp2_localheavy,curriculum,136,0.42953529411764696,0.0014220611046882729,0.8889222268178778,0.001510721993600987
curric_glob0.5_sharp2_localheavy,curriculum,137,0.4299406326034063,0.0014389935369369714,0.8885346870843578,0.0015448742116875404
curric_glob0.5_sharp2_localheavy,curriculum,138,0.43027101449275357,0.0014934329044016836,0.8881527663931164,0.001575305516449883
curric_glob0.5_sharp2_localheavy,curriculum,139,0.4306501199040767,0.0015497545653896851,0.8877360108220467,0.0015735503038535738
curric_glob0.5_sharp2_localheavy,curriculum,140,0.4310430952380952,0.0015565807198520353,0.887345130655508,0.0015477204737349777
curric_glob0.5_sharp2_localheavy,curriculum,141,0.43140567375886524,0.0015818593680885494,0.8869421704037386,0.0015521890825969458
curric_glob0.5_sharp2_localheavy,curriculum,142,0.43180892018779343,0.0016120789431081077,0.8865342235418763,0.0015667541964123333
curric_glob0.5_sharp2_localheavy,curriculum,143,0.43213543123543124,0.001618980095349681,0.8861384518387821,0.0015804914222836781
curric_glob0.5_sharp2_localheavy,curriculum,144,0.43249722222222226,0.0016598337944832395,0.8857572578484061,0.0016021334435710908
curric_glob0.5_sharp2_localheavy,curriculum,145,0.43282781609195403,0.001659729693525068,0.8853405847116104,0.0015846613117195948
curric_glob0.5_sharp2_localheavy,curriculum,146,0.43319794520547944,0.001669583174097632,0.8849217590386621,0.0015526567599718777
curric_glob0.5_sharp2_localheavy,curriculum,147,0.43357120181405895,0.0016823491436079492,0.8845091937542415,0.0015488672567089273
curric_glob0.5_sharp2_localheavy,curriculum,148,0.4338948198198198,0.0016937924215282881,0.884086806661062,0.0015342722473556767
curric_glob0.5_sharp2_localheavy,curriculum,149,0.43420514541387023,0.0017019140896496299,0.8837048906848386,0.0015300339040912546
curric_glob0.5_sharp2_localheavy,curriculum,150,0.4345413333333333,0.0017489872625163923,0.883316790450538,0.0014848359975483244
curric_glob0.5_sharp2_localheavy,curriculum,151,0.434817880794702,0.0017544690034724097,0.8829334055029081,0.0014700720701104493
curric_glob0.5_sharp2_localheavy,curriculum,152,0.43516688596491226,0.0017346867025228167,0.8825581339501478,0.0014672988953523102
curric_glob0.5_sharp2_localheavy,curriculum,153,0.43546296296296294,0.001752961931190365,0.8821741080251729,0.0014500556129127466
curric_glob0.5_sharp2_localheavy,curriculum,154,0.43581536796536796,0.001762768914941536,0.8818032824501579,0.0014292934403396685
curric_glob0.5_sharp2_localheavy,curriculum,155,0.4361421505376344,0.0017834587791110276,0.8814310934516215,0.0014205383617748436
curric_glob0.5_sharp2_localheavy,curriculum,156,0.43644230769230763,0.001819164022736091,0.8810601665537431,0.0014097116196385268
curric_glob0.5_sharp2_localheavy,curriculum,157,0.4367605095541401,0.001821201337395473,0.8806737517514232,0.001410839713878746
curric_glob0.5_sharp2_localheavy,curriculum,158,0.4370006329113924,0.001827950332882184,0.880302824761344,0.0014138520079389442
curric_glob0.5_sharp2_localheavy,curriculum,159,0.43727987421383646,0.0018343236049547778,0.8799244736752625,0.0013761270328640429
curric_glob0.5_sharp2_localheavy,curriculum,160,0.43757416666666665,0.0018385772069275047,0.8795579844948355,0.0013648300865497587
curric_glob0.5_sharp2_localheavy,curriculum,161,0.437855900621118,0.001855204850995536,0.8791841680467453,0.0013625003510888776
curric_glob0.5_sharp2_localheavy,curriculum,162,0.43811975308641976,0.0018734570952061147,0.8788201728800394,0.0013437019588525161
curric_glob0.5_sharp2_localheavy,curriculum,163,0.4384200408997955,0.0018924293501730485,0.8784484516894993,0.001328033981566869
curric_glob0.5_sharp2_localheavy,curriculum,164,0.43868373983739833,0.0019085346697307623,0.878068430440532,0.0013357768744238158
curric_glob0.5_sharp2_localheavy,curriculum,165,0.4389753535353535,0.0019522340416278552,0.8776901091135233,0.0013307952978133528
curric_glob0.5_sharp2_localheavy,curriculum,166,0.43925261044176706,0.0019791343640802985,0.8773199630946129,0.0013228592089252254
curric_glob0.5_sharp2_localheavy,curriculum,167,0.43953752495009973,0.0019805161180480625,0.8769451853827688,0.0013011835383454778
curric_glob0.5_sharp2_localheavy,curriculum,168,0.439828373015873,0.0019819887982934718,0.8765731545898324,0.0012825593405447519
curric_glob0.5_sharp2_localheavy,curriculum,169,0.4401372781065089,0.001979351853340411,0.8762048361118394,0.0012910355079939913
curric_glob0.5_sharp2_localheavy,curriculum,170,0.44040450980392154,0.001957356572527974,0.8758471169479943,0.001313642215171856
curric_glob0.5_sharp2_localheavy,curriculum,171,0.4406590643274854,0.001958566489943679,0.8754949898680265,0.0013391446290370195
curric_glob0.5_sharp2_localheavy,curriculum,172,0.4409368217054263,0.0019847969808888303,0.875125146455998,0.0013345050280236712
curric_glob0.5_sharp2_localheavy,curriculum,173,0.4411649325626204,0.0019748790155288006,0.8747638406334683,0.0013435501091673034
curric_glob0.5_sharp2_localheavy,curriculum,174,0.44140287356321833,0.001982973251751555,0.8744201543737962,0.0013596018347233813
curric_glob0.5_sharp2_localheavy,curriculum,175,0.4416571428571428,0.0019775368723825735,0.8740599253284401,0.001374505341515925
curric_glob0.5_sharp2_localheavy,curriculum,176,0.4419458333333333,0.00198495245903648,0.8736924238368156,0.0013606364503413642
curric_glob0.5_sharp2_localheavy,curriculum,177,0.4421847457627119,0.002003438822806623,0.8733327295014913,0.0013457854823379287
curric_glob0.5_sharp2_localheavy,curriculum,178,0.44244232209737827,0.002019753192442269,0.872952786286064,0.001330599007958625
curric_glob0.5_sharp2_localheavy,curriculum,179,0.44271061452513966,0.0020474050911161537,0.8725973670695022,0.0013188225590642386
curric_glob0.5_sharp2_localheavy,curriculum,180,0.44298425925925927,0.0020830468938888625,0.8722417705679938,0.0013462119081107291
curric_glob0.5_sharp2_localheavy,curriculum,181,0.4432204419889502,0.0021041842465349143,0.8718921482395925,0.0013424606208421656
curric_glob0.5_sharp2_localheavy,curriculum,182,0.4434468864468864,0.002082727392458611,0.8715247088101309,0.0013477754724070905
curric_glob0.5_sharp2_localheavy,curriculum,183,0.44368014571948994,0.002108324642183634,0.8711801432745321,0.0013598926846462916
curric_glob0.5_sharp2_localheavy,curriculum,184,0.44392898550724635,0.0021258473189317037,0.870814095331648,0.0013772164274138065
curric_glob0.5_sharp2_localheavy,curriculum,185,0.4441500900900901,0.002133583448023791,0.8704632846575754,0.0013754670924130796
curric_glob0.5_sharp2_localheavy,curriculum,186,0.4444077060931899,0.002149832702564438,0.8701208037276756,0.0013681170309632752
curric_glob0.5_sharp2_localheavy,curriculum,187,0.4446115864527629,0.00218703282242596,0.8697789712844242,0.0013656918267744122
curric_glob0.5_sharp2_localheavy,curriculum,188,0.44482446808510634,0.0021839591889034724,0.8694327697014791,0.0013616295922609198
curric_glob0.5_sharp2_localheavy,curriculum,189,0.4450950617283951,0.002173101435230766,0.8690798783752228,0.001356728132594585
curric_glob0.5_sharp2_localheavy,curriculum,190,0.4453619298245614,0.0021821642496745956,0.8687375739456327,0.001343672601514312
curric_glob0.5_sharp2_localheavy,curriculum,191,0.4455848167539267,0.002197723914863917,0.868390359399478,0.0013650094314736432
curric_glob0.5_sharp2_localheavy,curriculum,192,0.44581440972222225,0.0022102010535680556,0.8680487023253551,0.001349206621737401
curric_glob0.5_sharp2_localheavy,curriculum,193,0.4460400690846286,0.0022249731094894387,0.8676982622934793,0.0013656338683930714
curric_glob0.5_sharp2_localheavy,curriculum,194,0.4462735395189003,0.002235519013134611,0.8673508205585106,0.0013471251093831954
curric_glob0.5_sharp2_localheavy,curriculum,195,0.4464552136752136,0.0022577193366563296,0.867029140411188,0.0013508364192964873
curric_glob0.5_sharp2_localheavy,curriculum,196,0.44666921768707485,0.002289342074446937,0.8666554572307942,0.0013533412561592803
curric_glob0.5_sharp2_localheavy,curriculum,197,0.44688240270727575,0.0022717981531718756,0.8663132830972508,0.0013620763086807967
curric_glob0.5_sharp2_localheavy,curriculum,198,0.4471045454545454,0.0022767896913960042,0.8659679786839813,0.0013763827991814328
curric_glob0.5_sharp2_localheavy,curriculum,199,0.44732428810720265,0.002319719550678849,0.8656463519751328,0.0013701915528788035
curric_glob0.5_sharp2_localheavy,curriculum,200,0.4475365,0.0023095038969441145,0.8653102108393026,0.0013612496117418778
curric_glob0.5_sharp2_no_mid,curriculum,1,0.6592333333333333,0.0033650160970393195,0.9934385734533934,0.00017332286594028403
curric_glob0.5_sharp2_no_mid,curriculum,2,0.5900666666666666,0.0010692676621563508,0.9886819508736812,4.9288063872633046e-05
curric_glob0.5_sharp2_no_mid,curriculum,3,0.5437666666666666,0.001039230484541324,0.9842907314698929,0.0004896123444275367
curric_glob0.5_sharp2_no_mid,curriculum,4,0.5099166666666667,0.0003502974926164119,0.9803035401277075,0.0004366058723328323
curric_glob0.5_sharp2_no_mid,curriculum,5,0.4855666666666667,0.0001331665623695901,0.9763678690714763,0.0008107531710502661
curric_glob0.5_sharp2_no_mid,curriculum,6,0.4655611111111111,0.00038018026913169857,0.9731064507371675,0.0009331040362315925
curric_glob0.5_sharp2_no_mid,curriculum,7,0.45086190476190474,0.0005410370490413,0.9700856014754861,0.0007176889540151257
curric_glob0.5_sharp2_no_mid,curriculum,8,0.43902083333333336,0.0002568843773633231,0.9675473876698014,0.0009722716978651034
curric_glob0.5_sharp2_no_mid,curriculum,9,0.4293518518518518,0.000475230072069499,0.9653766492910371,0.0011422408847838411
curric_glob0.5_sharp2_no_mid,curriculum,10,0.41990666666666665,0.0006017751518078176,0.962989427782658,0.0011357254008635086
curric_glob0.5_sharp2_no_mid,curriculum,11,0.412860606060606,0.0006897318519165116,0.9609568659225953,0.0010641125389583797
curric_glob0.5_sharp2_no_mid,curriculum,12,0.40658055555555556,0.0005254847849931281,0.9589302363709936,0.0012248088463681548
curric_glob0.5_sharp2_no_mid,curriculum,13,0.4015846153846154,0.0004358898943540524,0.9571772548640638,0.001110642914863654
curric_glob0.5_sharp2_no_mid,curriculum,14,0.3968833333333333,0.0005231543521662603,0.9553167097554116,0.0011798400678702135
curric_glob0.5_sharp2_no_mid,curriculum,15,0.39287999999999995,0.0002838622514139002,0.953643772525354,0.0012376965863736297
curric_glob0.5_sharp2_no_mid,curriculum,16,0.39014375,0.0006313428149587263,0.9521368839873391,0.0012884742157725057
curric_glob0.5_sharp2_no_mid,curriculum,17,0.3875411764705882,0.0005792549802806402,0.950627484285108,0.0013964327823700114
curric_glob0.5_sharp2_no_mid,curriculum,18,0.3854518518518519,0.0002520492146076877,0.9491401044216022,0.0015434642573378737
curric_glob0.5_sharp2_no_mid,curriculum,19,0.3832473684210526,0.000271805291235294,0.9476650055004042,0.0015925749985792829
curric_glob0.5_sharp2_no_mid,curriculum,20,0.38099,0.00027404379212087987,0.9462878490154093,0.0015413293779011207
curric_glob0.5_sharp2_no_mid,curriculum,21,0.3797523809523809,0.000754773171014044,0.9449626096070148,0.0015215723016072115
curric_glob0.5_sharp2_no_mid,curriculum,22,0.37841818181818176,0.0008608567709934685,0.9437004667881386,0.0015075148827204835
curric_glob0.5_sharp2_no_mid,curriculum,23,0.37754927536231886,0.000881658659106981,0.9423700056655154,0.0014315406828072919
curric_glob0.5_sharp2_no_mid,curriculum,24,0.37624166666666664,0.0009121003691115301,0.9410769635773657,0.0014575400912316702
curric_glob0.5_sharp2_no_mid,curriculum,25,0.37523866666666666,0.0008268429919478788,0.9398904290762241,0.0014158560953230726
curric_glob0.5_sharp2_no_mid,curriculum,26,0.37431794871794866,0.0007088445191071847,0.938718627698523,0.0015219218230144783
curric_glob0.5_sharp2_no_mid,curriculum,27,0.3735617283950617,0.000878249079078166,0.9376179107456366,0.0015605048339324499
curric_glob0.5_sharp2_no_mid,curriculum,28,0.3728345238095238,0.001083293432022927,0.9365283074632252,0.001632943317054499
curric_glob0.5_sharp2_no_mid,curriculum,29,0.37210229885057466,0.0011381626375246252,0.9354411260939298,0.0017201083349089668
curric_glob0.5_sharp2_no_mid,curriculum,30,0.3713288888888889,0.0011965057149575127,0.934375197032916,0.0017725773105682554
curric_glob0.5_sharp2_no_mid,curriculum,31,0.3710483870967742,0.001405019246945499,0.9333168166820354,0.0017968712356175817
curric_glob0.5_sharp2_no_mid,curriculum,32,0.37038645833333333,0.0013681981383678564,0.9323004970422625,0.0017489526238677893
curric_glob0.5_sharp2_no_mid,curriculum,33,0.37012323232323235,0.0013588682069264667,0.9312951611047181,0.001745617798322354
curric_glob0.5_sharp2_no_mid,curriculum,34,0.36980980392156865,0.001422536519721862,0.9303134697465157,0.0017940604895604227
curric_glob0.5_sharp2_no_mid,curriculum,35,0.36963809523809515,0.0014695086873894644,0.9293521300083246,0.0019290607699726464
curric_glob0.5_sharp2_no_mid,curriculum,36,0.36944907407407407,0.001437462649362719,0.9284115107694184,0.0019833825071074876
curric_glob0.5_sharp2_no_mid,curriculum,37,0.36936216216216217,0.0015066422208315855,0.9274502106061436,0.002012867176553898
curric_glob0.5_sharp2_no_mid,curriculum,38,0.3693184210526315,0.0016658102601181013,0.9265110464016733,0.002028415253356924
curric_glob0.5_sharp2_no_mid,curriculum,39,0.3691358974358974,0.0017609019863101968,0.9256089071280013,0.002138249701997403
curric_glob0.5_sharp2_no_mid,curriculum,40,0.3690075,0.0018203382240671645,0.924696811672378,0.00220244223799694
curric_glob0.5_sharp2_no_mid,curriculum,41,0.36889268292682925,0.0018305410206593186,0.9237865776239023,0.002246442762054681
curric_glob0.5_sharp2_no_mid,curriculum,42,0.36892619047619046,0.0018781821070415546,0.9228965421301251,0.002315304596153638
curric_glob0.5_sharp2_no_mid,curriculum,43,0.36902635658914723,0.0019545765702925393,0.9220700457039291,0.002356721098612753
curric_glob0.5_sharp2_no_mid,curriculum,44,0.3692189393939394,0.0019459195670511224,0.9212069143834429,0.002352875473965959
curric_glob0.5_sharp2_no_mid,curriculum,45,0.36925111111111103,0.001845163179909515,0.9203986930597942,0.002375847773367418
curric_glob0.5_sharp2_no_mid,curriculum,46,0.3693086956521739,0.001831832317880555,0.9195471429308878,0.0024912937177003027
curric_glob0.5_sharp2_no_mid,curriculum,47,0.3693588652482269,0.0019068653613358102,0.9186402591026175,0.002498674119112718
curric_glob0.5_sharp2_no_mid,curriculum,48,0.3694263888888889,0.0019183601365295997,0.9178164730532569,0.002534151168089392
curric_glob0.5_sharp2_no_mid,curriculum,49,0.3695054421768707,0.0018970969440742585,0.9170084622488832,0.0025847690245796306
curric_glob0.5_sharp2_no_mid,curriculum,50,0.36968399999999996,0.0019232815706495341,0.916232967681658,0.0026194813046963713
curric_glob0.5_sharp2_no_mid,curriculum,51,0.3699895424836601,0.0018992747693511512,0.9154700954984764,0.0026097148674062115
curric_glob0.5_sharp2_no_mid,curriculum,52,0.37017756410256414,0.0019764004597045645,0.9146564583149436,0.0026034464141805316
curric_glob0.5_sharp2_no_mid,curriculum,53,0.37041194968553454,0.001956961570361637,0.9139141814272879,0.0026214910468529183
curric_glob0.5_sharp2_no_mid,curriculum,54,0.37062469135802467,0.0020154149886782904,0.9132117712434055,0.0026863023261264685
curric_glob0.5_sharp2_no_mid,curriculum,55,0.37082,0.00202311518241608,0.9125047199077834,0.0027541356113931553
curric_glob0.5_sharp2_no_mid,curriculum,56,0.37098749999999997,0.0020811754981456135,0.911763254328037,0.002759190037982191
curric_glob0.5_sharp2_no_mid,curriculum,57,0.37119649122807014,0.0020757010704400758,0.9110485575098536,0.002740201515826658
curric_glob0.5_sharp2_no_mid,curriculum,58,0.3714114942528735,0.002064277255264739,0.9103996617825274,0.002709591003012208
curric_glob0.5_sharp2_no_mid,curriculum,59,0.37160847457627116,0.0020729575772119513,0.9097389125557785,0.0026199703817169863
curric_glob0.5_sharp2_no_mid,curriculum,60,0.371915,0.002101765792005534,0.9090236446831792,0.002615714610378186
curric_glob0.5_sharp2_no_mid,curriculum,61,0.3721497267759563,0.002241293185791295,0.9083793011113533,0.0026232399989071075
curric_glob0.5_sharp2_no_mid,curriculum,62,0.3723747311827957,0.002294111662000016,0.9077144822731346,0.0026231904437602426
curric_glob0.5_sharp2_no_mid,curriculum,63,0.3726259259259259,0.0023672070611117303,0.907077088456666,0.0026497280016013368
curric_glob0.5_sharp2_no_mid,curriculum,64,0.37294895833333336,0.0023658052551316045,0.9063929489694078,0.002673062520886724
curric_glob0.5_sharp2_no_mid,curriculum,65,0.37317743589743585,0.002483455472685707,0.9057906684934748,0.0026405853895110354
curric_glob0.5_sharp2_no_mid,curriculum,66,0.37347070707070706,0.0025796300361398726,0.9051622011034587,0.0026155912069017674
curric_glob0.5_sharp2_no_mid,curriculum,67,0.3738512437810945,0.002582624538371811,0.9045734644295833,0.0025706166737069092
curric_glob0.5_sharp2_no_mid,curriculum,68,0.37413578431372546,0.002582548202676333,0.9039177237796978,0.0025463060170835394
curric_glob0.5_sharp2_no_mid,curriculum,69,0.3744217391304348,0.00259503306286325,0.9033332868345089,0.0026331299316919156
curric_glob0.5_sharp2_no_mid,curriculum,70,0.37466285714285713,0.002689754180407655,0.9027267886946794,0.002588137080057571
curric_glob0.5_sharp2_no_mid,curriculum,71,0.37489671361502347,0.0027481686146673253,0.9021739127288777,0.002596844706862531
curric_glob0.5_sharp2_no_mid,curriculum,72,0.37529722222222217,0.0027788567348977474,0.9015886565448913,0.002608349902157533
curric_glob0.5_sharp2_no_mid,curriculum,73,0.3755214611872146,0.0028394842700960577,0.900934021786339,0.00261714132420462
curric_glob0.5_sharp2_no_mid,curriculum,74,0.37568918918918914,0.0029220788076422155,0.9003699618996649,0.002714413439853375
curric_glob0.5_sharp2_no_mid,curriculum,75,0.3759648888888889,0.002949943678056173,0.8998153514564217,0.0027215402389732394
curric_glob0.5_sharp2_no_mid,curriculum,76,0.37636228070175437,0.002920225799684819,0.8992638639611511,0.002758972446363302
curric_glob0.5_sharp2_no_mid,curriculum,77,0.3766333333333333,0.0029231620884354486,0.8986869558093812,0.0027850436083611124
curric_glob0.5_sharp2_no_mid,curriculum,78,0.37693418803418804,0.0029742352796266213,0.898114287483283,0.002824835568652973
curric_glob0.5_sharp2_no_mid,curriculum,79,0.3771649789029536,0.0029834925676983873,0.8975304069811058,0.0027776153186142437
curric_glob0.5_sharp2_no_mid,curriculum,80,0.3774995833333333,0.0029662229595620996,0.896969844427976,0.0027257487259284567
curric_glob0.5_sharp2_no_mid,curriculum,81,0.37779012345679014,0.0029615099317840212,0.8964184226415975,0.002739905646845046
curric_glob0.5_sharp2_no_mid,curriculum,82,0.37808536585365854,0.0030048213785438755,0.8958499883076994,0.002812676037030663
curric_glob0.5_sharp2_no_mid,curriculum,83,0.378459437751004,0.00305912994093883,0.8952893284104159,0.00282590023723818
curric_glob0.5_sharp2_no_mid,curriculum,84,0.37877222222222223,0.0030600736798198076,0.8947373786268519,0.0028170160250312443
curric_glob0.5_sharp2_no_mid,curriculum,85,0.37898156862745097,0.003123739293565295,0.8941823435727597,0.0027993923580176567
curric_glob0.5_sharp2_no_mid,curriculum,86,0.37931007751937984,0.0031331807648819748,0.8936887355558693,0.0028145289433386344
curric_glob0.5_sharp2_no_mid,curriculum,87,0.3795030651340996,0.00315408358687582,0.8931371950042037,0.0028380806809209856
curric_glob0.5_sharp2_no_mid,curriculum,88,0.37977424242424246,0.0031953499460228817,0.8926162790640731,0.0028422706131469677
curric_glob0.5_sharp2_no_mid,curriculum,89,0.38005243445692877,0.003254483148634136,0.8921218863287161,0.0028200184938726868
curric_glob0.5_sharp2_no_mid,curriculum,90,0.3803811111111111,0.003243227321171009,0.8916090716541357,0.0028370011469597356
curric_glob0.5_sharp2_no_mid,curriculum,91,0.3806641025641026,0.0032771361310249686,0.8910986133117896,0.0028996417286278695
curric_glob0.5_sharp2_no_mid,curriculum,92,0.3809210144927537,0.0033465437855732306,0.8905828510547265,0.0029119938918105415
curric_glob0.5_sharp2_no_mid,curriculum,93,0.38121792114695335,0.0032967451431593466,0.8900961859527922,0.002901276775681304
curric_glob0.5_sharp2_no_mid,curriculum,94,0.3814719858156028,0.0032882409690578283,0.8896070747828548,0.002934328733784695
curric_glob0.5_sharp2_no_mid,curriculum,95,0.3817357894736842,0.003268837671557215,0.8890824427220502,0.002940672023093594
curric_glob0.5_sharp2_no_mid,curriculum,96,0.38194479166666667,0.0033272964539860926,0.8885813907621148,0.0029343825279333708
curric_glob0.5_sharp2_no_mid,curriculum,97,0.3822621993127148,0.0033657558747620967,0.8880945804064863,0.0028811229762871282
curric_glob0.5_sharp2_no_mid,curriculum,98,0.3825411564625851,0.0034305518960160352,0.8876066992014197,0.002820425862068783
curric_glob0.5_sharp2_no_mid,curriculum,99,0.38279158249158246,0.003439793704549392,0.8870959576287413,0.0027988866980508276
curric_glob0.5_sharp2_no_mid,curriculum,100,0.383118,0.003504434191135543,0.8866119883534659,0.002764622457218141
curric_glob0.5_sharp2_no_mid,curriculum,101,0.3833765676567657,0.003542369802629269,0.886158585661061,0.0027418556034756406
curric_glob0.5_sharp2_no_mid,curriculum,102,0.38361339869281047,0.0036519351668180566,0.8857113915629946,0.002720952401194981
curric_glob0.5_sharp2_no_mid,curriculum,103,0.38388673139158574,0.0036865008813978042,0.8852490226032211,0.002714983933503491
curric_glob0.5_sharp2_no_mid,curriculum,104,0.3841217948717948,0.00372008038747158,0.8847569937840444,0.002717682469408859
curric_glob0.5_sharp2_no_mid,curriculum,105,0.3844219047619048,0.0037618298967836954,0.8843245323203028,0.0027295789349053414
curric_glob0.5_sharp2_no_mid,curriculum,106,0.38469874213836475,0.0037638914807882743,0.8838642410947868,0.0027342117671717734
curric_glob0.5_sharp2_no_mid,curriculum,107,0.38497383177570094,0.003776214340036753,0.8833874218039323,0.002758312020937959
curric_glob0.5_sharp2_no_mid,curriculum,108,0.3852546296296296,0.003772762307015922,0.8829323800619294,0.0027549095226294504
curric_glob0.5_sharp2_no_mid,curriculum,109,0.38553058103975535,0.0038255308014813524,0.8824809801239186,0.0027507881143354522
curric_glob0.5_sharp2_no_mid,curriculum,110,0.38589909090909086,0.003870120227914461,0.8820528783729853,0.0027027475246029745
curric_glob0.5_sharp2_no_mid,curriculum,111,0.3861486486486487,0.003905363737217579,0.8816173488254756,0.0026921191212730864
curric_glob0.5_sharp2_no_mid,curriculum,112,0.38646369047619045,0.003898333542828239,0.881174721567147,0.002733487787534312
curric_glob0.5_sharp2_no_mid,curriculum,113,0.3867802359882006,0.003970703499618282,0.8807415457458198,0.0027363640264980583
curric_glob0.5_sharp2_no_mid,curriculum,114,0.38711578947368414,0.004043981521929605,0.8803034571813279,0.0027742068277245816
curric_glob0.5_sharp2_no_mid,curriculum,115,0.3874127536231884,0.004097713533994279,0.8798587323858321,0.002766794566779394
curric_glob0.5_sharp2_no_mid,curriculum,116,0.38776925287356323,0.0041415201149415425,0.879439259686586,0.002796711213115129
curric_glob0.5_sharp2_no_mid,curriculum,117,0.38799002849002856,0.004146500868486388,0.8790297651509733,0.002800154800239422
curric_glob0.5_sharp2_no_mid,curriculum,118,0.38829152542372886,0.00416571578731476,0.8786003750466499,0.002755199202418956
curric_glob0.5_sharp2_no_mid,curriculum,119,0.38854285714285713,0.004215472071761061,0.8781712953697575,0.002776627042455509
curric_glob0.5_sharp2_no_mid,curriculum,120,0.3888225,0.00422511415033176,0.8777721029512299,0.002732118960805976
curric_glob0.5_sharp2_no_mid,curriculum,121,0.3891283746556473,0.004233514561069092,0.8773923475071684,0.0026872997674968657
curric_glob0.5_sharp2_no_mid,curriculum,122,0.38942267759562843,0.00425711107615042,0.8769951871690295,0.0027279379617635487
curric_glob0.5_sharp2_no_mid,curriculum,123,0.3897233062330623,0.004327687205720177,0.8766007773124914,0.0027062112808246127
curric_glob0.5_sharp2_no_mid,curriculum,124,0.39001989247311825,0.004361757819753686,0.8762079442233378,0.002739683957270592
curric_glob0.5_sharp2_no_mid,curriculum,125,0.39028240000000003,0.004395588770574444,0.8758225800979363,0.002720498725212914
curric_glob0.5_sharp2_no_mid,curriculum,126,0.39059100529100527,0.0044047337574771575,0.8754282015580731,0.0027058922693252723
curric_glob0.5_sharp2_no_mid,curriculum,127,0.3908842519685039,0.004456473938027664,0.8750223553622481,0.002720114389606622
curric_glob0.5_sharp2_no_mid,curriculum,128,0.3911705729166666,0.004494205004382768,0.874666370342252,0.002744004361311871
curric_glob0.5_sharp2_no_mid,curriculum,129,0.391471834625323,0.004540695959485419,0.8743069164558612,0.0027492901587450173
curric_glob0.5_sharp2_no_mid,curriculum,130,0.3917564102564102,0.004528695772994622,0.8739324145495718,0.002723287598653617
curric_glob0.5_sharp2_no_mid,curriculum,131,0.39198854961832064,0.004565333341150585,0.8735875540871376,0.0027067465026956077
curric_glob0.5_sharp2_no_mid,curriculum,132,0.3923446969696969,0.004654812953467831,0.8732060512065281,0.0027065618298606773
curric_glob0.5_sharp2_no_mid,curriculum,133,0.3926694235588972,0.004730330428963035,0.872838391043398,0.002701969068211918
curric_glob0.5_sharp2_no_mid,curriculum,134,0.392965671641791,0.00473267007857325,0.872468818537299,0.0026716597933567907
curric_glob0.5_sharp2_no_mid,curriculum,135,0.3933027160493827,0.004757136078264318,0.8721103034559446,0.0026919488329770736
curric_glob0.5_sharp2_no_mid,curriculum,136,0.3935928921568628,0.004779651596546673,0.8717448636284971,0.0027072348896811757
curric_glob0.5_sharp2_no_mid,curriculum,137,0.3939031630170316,0.004804786224260283,0.8713692454599208,0.0027513503834076473
curric_glob0.5_sharp2_no_mid,curriculum,138,0.39416811594202894,0.00482790544361476,0.8710145126568775,0.0027414138745596854
curric_glob0.5_sharp2_no_mid,curriculum,139,0.3944364508393285,0.004852526589543562,0.8706559527898651,0.0027297492677101094
curric_glob0.5_sharp2_no_mid,curriculum,140,0.3946980952380952,0.004908576435082534,0.8702869305223079,0.002714986449781576
curric_glob0.5_sharp2_no_mid,curriculum,141,0.39491465721040186,0.00490433907782886,0.8699145873431341,0.002720991261139761
curric_glob0.5_sharp2_no_mid,curriculum,142,0.3952178403755868,0.0049302817069057725,0.8695506469425293,0.002718533779151032
curric_glob0.5_sharp2_no_mid,curriculum,143,0.39545594405594403,0.004968977111257624,0.8691890772371619,0.0026707822189186146
curric_glob0.5_sharp2_no_mid,curriculum,144,0.3957078703703703,0.004998795202711606,0.8688354344705814,0.002645165753988066
curric_glob0.5_sharp2_no_mid,curriculum,145,0.39592528735632176,0.005019714633125918,0.8684784599767804,0.002622400986247259
curric_glob0.5_sharp2_no_mid,curriculum,146,0.3961876712328767,0.005018160536100148,0.8681442831183089,0.0026119720998604126
curric_glob0.5_sharp2_no_mid,curriculum,147,0.39646167800453513,0.0050200801071463436,0.8677770665732996,0.0025855406805363945
curric_glob0.5_sharp2_no_mid,curriculum,148,0.39668265765765764,0.005055860591523068,0.8674162615295641,0.0025644930166694125
curric_glob0.5_sharp2_no_mid,curriculum,149,0.3968975391498881,0.005051251464736124,0.8670381450726121,0.002567162499693154
curric_glob0.5_sharp2_no_mid,curriculum,150,0.3971553333333333,0.005036956797291141,0.8667080356485775,0.002547052304605955
curric_glob0.5_sharp2_no_mid,curriculum,151,0.3973439293598234,0.005078849022748597,0.8663581810809814,0.0025603055810850253
curric_glob0.5_sharp2_no_mid,curriculum,152,0.39759035087719297,0.005088669805910236,0.8660007218845869,0.002553507272191484
curric_glob0.5_sharp2_no_mid,curriculum,153,0.39779673202614374,0.005124995392118362,0.8656442907254266,0.0025781297695366377
curric_glob0.5_sharp2_no_mid,curriculum,154,0.3980729437229437,0.0051456303331342415,0.8652978526714098,0.0025667400641515696
curric_glob0.5_sharp2_no_mid,curriculum,155,0.39832172043010755,0.005150401268762932,0.8649523128127399,0.002555229344098593
curric_glob0.5_sharp2_no_mid,curriculum,156,0.39854636752136746,0.00515149975024242,0.8646267889021674,0.002531376608758849
curric_glob0.5_sharp2_no_mid,curriculum,157,0.398756050955414,0.005167823041242579,0.8642936724833093,0.0025458638192374797
curric_glob0.5_sharp2_no_mid,curriculum,158,0.39892848101265815,0.005212520324191325,0.8639846081276197,0.0025407216867465374
curric_glob0.5_sharp2_no_mid,curriculum,159,0.3991675052410901,0.005239609405082129,0.8636416209168689,0.0025325741091738866
curric_glob0.5_sharp2_no_mid,curriculum,160,0.3993754166666667,0.005273428095670624,0.8633270133716806,0.002527372011781768
curric_glob0.5_sharp2_no_mid,curriculum,161,0.3995600414078675,0.005305732663326068,0.8630189945369823,0.002512807637070114
curric_glob0.5_sharp2_no_mid,curriculum,162,0.39974876543209875,0.005337632262339016,0.8626817833998572,0.0025248613760852586
curric_glob0.5_sharp2_no_mid,curriculum,163,0.39997259713701433,0.0053710476150813135,0.8623526154629547,0.0025116461833118863
curric_glob0.5_sharp2_no_mid,curriculum,164,0.40017967479674793,0.005391849113061401,0.8620417635951703,0.002497654698351772
curric_glob0.5_sharp2_no_mid,curriculum,165,0.4004238383838383,0.005424105037479117,0.8617389684424199,0.0025077033296925758
curric_glob0.5_sharp2_no_mid,curriculum,166,0.4006385542168675,0.005477707795880792,0.8614088053319798,0.0025188780204421003
curric_glob0.5_sharp2_no_mid,curriculum,167,0.4008878243512974,0.005491788854438414,0.861109091898891,0.002512245806124278
curric_glob0.5_sharp2_no_mid,curriculum,168,0.4010676587301587,0.0054807750068696015,0.8607814366985398,0.0024835707539065917
curric_glob0.5_sharp2_no_mid,curriculum,169,0.401296449704142,0.005524447861671269,0.860474692137096,0.0025007742393116502
curric_glob0.5_sharp2_no_mid,curriculum,170,0.4015107843137255,0.005535892895454436,0.8601496830645732,0.002511785490193048
curric_glob0.5_sharp2_no_mid,curriculum,171,0.40169161793372316,0.005535651705521237,0.8598393795774205,0.0025241684593804866
curric_glob0.5_sharp2_no_mid,curriculum,172,0.40188662790697677,0.005554391920380835,0.8595262716938756,0.0025244795238669087
curric_glob0.5_sharp2_no_mid,curriculum,173,0.4020797687861271,0.005569697834148143,0.8592234728704935,0.0025200084249381266
curric_glob0.5_sharp2_no_mid,curriculum,174,0.40227854406130265,0.0055714250980912275,0.8589202275227684,0.002503145994824424
curric_glob0.5_sharp2_no_mid,curriculum,175,0.4024662857142857,0.005600727532915598,0.8585973271149508,0.0024910761222191693
curric_glob0.5_sharp2_no_mid,curriculum,176,0.4026630681818182,0.005614237753027633,0.858281966279716,0.0024676305489477342
curric_glob0.5_sharp2_no_mid,curriculum,177,0.4028593220338983,0.0056487184427377515,0.8579610200004639,0.0024729359672783463
curric_glob0.5_sharp2_no_mid,curriculum,178,0.4030125468164794,0.005700374528759225,0.8576755976078129,0.0024709460123807474
curric_glob0.5_sharp2_no_mid,curriculum,179,0.4032178770949721,0.0057079803438261885,0.8573796822585145,0.002460848776375498
curric_glob0.5_sharp2_no_mid,curriculum,180,0.4034125925925926,0.005733637382477666,0.8570942740065445,0.0024471163143690313
curric_glob0.5_sharp2_no_mid,curriculum,181,0.4035852670349908,0.005766332468092397,0.8568166061026407,0.0024247441470641373
curric_glob0.5_sharp2_no_mid,curriculum,182,0.4037932234432234,0.005784895591694213,0.8565121369864092,0.0024164085816696925
curric_glob0.5_sharp2_no_mid,curriculum,183,0.40396994535519126,0.005821154355999339,0.8562093331377367,0.002378156896057866
curric_glob0.5_sharp2_no_mid,curriculum,184,0.40415344202898545,0.0058427951410817795,0.8559184238911497,0.002379815572983114
curric_glob0.5_sharp2_no_mid,curriculum,185,0.40432792792792793,0.005890973256759696,0.8556225898117354,0.002348199071486016
curric_glob0.5_sharp2_no_mid,curriculum,186,0.40451756272401435,0.005931060382540412,0.855343204535175,0.0023398562454035533
curric_glob0.5_sharp2_no_mid,curriculum,187,0.4046768270944741,0.0059377880452628614,0.8550678237781705,0.0023476554853607656
curric_glob0.5_sharp2_no_mid,curriculum,188,0.40485656028368794,0.005965681863696608,0.8547834605588863,0.0023355485008906603
curric_glob0.5_sharp2_no_mid,curriculum,189,0.40507954144620806,0.0060027971031509616,0.8544761763564015,0.0023201845713143343
curric_glob0.5_sharp2_no_mid,curriculum,190,0.40527736842105266,0.006030542829165931,0.8542074236101763,0.00229490016619807
curric_glob0.5_sharp2_no_mid,curriculum,191,0.4054547993019197,0.006081063647724096,0.853933035502355,0.0022740544656843866
curric_glob0.5_sharp2_no_mid,curriculum,192,0.4056416666666667,0.006116854902622727,0.8536538867324905,0.002267477321667341
curric_glob0.5_sharp2_no_mid,curriculum,193,0.4057953367875647,0.006130574962250155,0.8533784965946491,0.002251145870927728
curric_glob0.5_sharp2_no_mid,curriculum,194,0.40596975945017183,0.006168000105258862,0.8530896096642477,0.002249081729972983
curric_glob0.5_sharp2_no_mid,curriculum,195,0.40612410256410253,0.006177992520591408,0.8528111111111111,0.002228224676437426
curric_glob0.5_sharp2_no_mid,curriculum,196,0.4063306122448979,0.006196918045546818,0.8525434003921365,0.002206019909084503
curric_glob0.5_sharp2_no_mid,curriculum,197,0.4065074450084602,0.0062207885589258705,0.8522612054741204,0.0021957327156091042
curric_glob0.5_sharp2_no_mid,curriculum,198,0.40670050505050503,0.0062512990589554595,0.8520070333085524,0.0021908669969674496
curric_glob0.5_sharp2_no_mid,curriculum,199,0.40687738693467335,0.006328161992328917,0.8517122186633429,0.0021989401154020377
curric_glob0.5_sharp2_no_mid,curriculum,200,0.4070365,0.006340165593263321,0.8514362954453305,0.0021936170870845858
curric_glob0.5_sharp2_split5050,curriculum,1,0.6347333333333333,0.0008144527815247327,0.9942765549441388,0.00018557434299880317
curric_glob0.5_sharp2_split5050,curriculum,2,0.5776,0.0007088723439379502,0.9908877038241796,0.00041472193154960775
curric_glob0.5_sharp2_split5050,curriculum,3,0.5384888888888889,0.0006752228712995747,0.9878080030593798,0.0006506571703393183
curric_glob0.5_sharp2_split5050,curriculum,4,0.5070083333333333,0.00035736302737315667,0.9847025791911856,0.0005575292824019123
curric_glob0.5_sharp2_split5050,curriculum,5,0.48512,0.0005765414122159938,0.9817910905143621,0.0008559949258510076
curric_glob0.5_sharp2_split5050,curriculum,6,0.4666833333333333,0.0007285830998131151,0.9792483746119256,0.0007970044109405957
curric_glob0.5_sharp2_split5050,curriculum,7,0.45237619047619043,0.0010238316719641597,0.9768925378123172,0.0008276759356159642
curric_glob0.5_sharp2_split5050,curriculum,8,0.4410125,0.0012035754027064404,0.9748052847439918,0.0008025592139497576
curric_glob0.5_sharp2_split5050,curriculum,9,0.4325407407407407,0.0008435911868523695,0.9728434822805746,0.000674731040126714
curric_glob0.5_sharp2_split5050,curriculum,10,0.42399666666666663,0.0005750072463311505,0.971048977286987,0.0007222396529049878
curric_glob0.5_sharp2_split5050,curriculum,11,0.41751515151515156,0.000344296303935419,0.9692333230624092,0.0006136405814610379
curric_glob0.5_sharp2_split5050,curriculum,12,0.4119055555555555,0.0003136183691709825,0.9675977367547128,0.0005881156991262912
curric_glob0.5_sharp2_split5050,curriculum,13,0.4078051282051282,0.0003616475558262555,0.9660687701327149,0.0005135153408678467
curric_glob0.5_sharp2_split5050,curriculum,14,0.40358571428571427,0.0005792764663697255,0.9645498707337654,0.0005647246641509502
curric_glob0.5_sharp2_split5050,curriculum,15,0.4003155555555556,0.0007005183266167762,0.9633070307043278,0.00046323371687189313
curric_glob0.5_sharp2_split5050,curriculum,16,0.3975875,0.0007525218020097184,0.9621171983083888,0.0005109476174073714
curric_glob0.5_sharp2_split5050,curriculum,17,0.39567450980392155,0.0008490445135141525,0.9607707599396075,0.000487251598329762
curric_glob0.5_sharp2_split5050,curriculum,18,0.39414999999999994,0.0008978025299118242,0.9594501433466193,0.0005307011233058263
curric_glob0.5_sharp2_split5050,curriculum,19,0.3923719298245614,0.0008211931953451942,0.9583822339151834,0.00039648644598193957
curric_glob0.5_sharp2_split5050,curriculum,20,0.39048,0.0009486964741159297,0.9573061195784524,0.0005234666455291362
curric_glob0.5_sharp2_split5050,curriculum,21,0.38954761904761903,0.0008993698978462443,0.9563212275585639,0.0005268763195665683
curric_glob0.5_sharp2_split5050,curriculum,22,0.38859393939393944,0.000866792478683273,0.9553202416831876,0.0005390633517185552
curric_glob0.5_sharp2_split5050,curriculum,23,0.38819130434782606,0.0009772555220552777,0.9542654147705467,0.000581978305415682
curric_glob0.5_sharp2_split5050,curriculum,24,0.3873333333333333,0.0011262107682154588,0.9532713931289685,0.0005364900547795667
curric_glob0.5_sharp2_split5050,curriculum,25,0.38681866666666664,0.0012331704396933063,0.9522266422682146,0.0006132642100223168
curric_glob0.5_sharp2_split5050,curriculum,26,0.3863115384615384,0.001227302810780292,0.9512205618624948,0.0005689389878825485
curric_glob0.5_sharp2_split5050,curriculum,27,0.3859543209876543,0.0013174013855344934,0.9502966128121892,0.0005744123571687467
curric_glob0.5_sharp2_split5050,curriculum,28,0.3855940476190476,0.0012670487026811641,0.9494362700418133,0.0005957574596166708
curric_glob0.5_sharp2_split5050,curriculum,29,0.3851402298850575,0.0011084709682421079,0.948586816330207,0.0005862432202236448
curric_glob0.5_sharp2_split5050,curriculum,30,0.38482777777777777,0.0008886777527023698,0.9477550231100995,0.0006477756488731254
curric_glob0.5_sharp2_split5050,curriculum,31,0.38499354838709676,0.0009980470002842125,0.9469211290458587,0.0007653172132676825
curric_glob0.5_sharp2_split5050,curriculum,32,0.38458020833333334,0.0010494852408839967,0.9461156002203804,0.0007621933996073586
curric_glob0.5_sharp2_split5050,curriculum,33,0.3844747474747474,0.0010697885330085944,0.9453383621020329,0.0008149783464344523
curric_glob0.5_sharp2_split5050,curriculum,34,0.3845647058823529,0.000978687243057354,0.9444948106379439,0.0007498723488653493
curric_glob0.5_sharp2_split5050,curriculum,35,0.38465428571428567,0.000986289687129877,0.9436930809415228,0.0007665399906024491
curric_glob0.5_sharp2_split5050,curriculum,36,0.3847935185185185,0.0009620312444127168,0.9428738541798675,0.0007743403145953386
curric_glob0.5_sharp2_split5050,curriculum,37,0.38492072072072075,0.0007907996033518123,0.9421443354485316,0.0008584960354928252
curric_glob0.5_sharp2_split5050,curriculum,38,0.38507192982456145,0.0008281087375796536,0.9413610024585878,0.0008276005466423985
curric_glob0.5_sharp2_split5050,curriculum,39,0.38535470085470086,0.0008970194393901486,0.940575425561216,0.0008497055915847352
curric_glob0.5_sharp2_split5050,curriculum,40,0.38567833333333335,0.0008124282019559458,0.9398492342513856,0.0009370998479418486
curric_glob0.5_sharp2_split5050,curriculum,41,0.3860373983739837,0.0007382163067060987,0.9390770159009362,0.0009421852795336347
curric_glob0.5_sharp2_split5050,curriculum,42,0.386265873015873,0.0008625567559404038,0.9383551680547743,0.0009051452884527002
curric_glob0.5_sharp2_split5050,curriculum,43,0.3864666666666667,0.0008026063995696932,0.9376063241826976,0.0009444295922623737
curric_glob0.5_sharp2_split5050,curriculum,44,0.3870189393939394,0.000862730785189409,0.9369383813667372,0.0008958527149902269
curric_glob0.5_sharp2_split5050,curriculum,45,0.387382962962963,0.0007318379815749721,0.9362364690478882,0.000868470766344252
curric_glob0.5_sharp2_split5050,curriculum,46,0.38784782608695645,0.0006649011751973354,0.935511070520585,0.0008864090657332182
curric_glob0.5_sharp2_split5050,curriculum,47,0.38823900709219855,0.0006553617467964129,0.9348516058080575,0.0009146610641205109
curric_glob0.5_sharp2_split5050,curriculum,48,0.38866875000000006,0.0007628073151196294,0.9341720882841785,0.000897215889107661
curric_glob0.5_sharp2_split5050,curriculum,49,0.38902517006802717,0.0007358390545886642,0.9335209466109419,0.0009023216422312159
curric_glob0.5_sharp2_split5050,curriculum,50,0.3895053333333333,0.0007274842495431474,0.9328954100310018,0.0009573695072664915
curric_glob0.5_sharp2_split5050,curriculum,51,0.39008104575163394,0.0008397316842603455,0.932282418167369,0.0009810310043627396
curric_glob0.5_sharp2_split5050,curriculum,52,0.39051730769230764,0.0007902231727315684,0.9316417252686536,0.0009791825186948868
curric_glob0.5_sharp2_split5050,curriculum,53,0.39102201257861635,0.0007679253009437314,0.9310268029617507,0.0010205132905598405
curric_glob0.5_sharp2_split5050,curriculum,54,0.391541975308642,0.0007541252195902639,0.9304168364059691,0.0010425019334853677
curric_glob0.5_sharp2_split5050,curriculum,55,0.3920860606060606,0.0007717862362664295,0.9297767265455165,0.001119951886177015
curric_glob0.5_sharp2_split5050,curriculum,56,0.39253333333333335,0.0007594480015160743,0.9291634491429058,0.0012021532563622965
curric_glob0.5_sharp2_split5050,curriculum,57,0.39304795321637426,0.0007190721367624368,0.9285539957029347,0.0012384887606018522
curric_glob0.5_sharp2_split5050,curriculum,58,0.39361781609195395,0.0006416256787975447,0.9279090984539679,0.0012573100506978684
curric_glob0.5_sharp2_split5050,curriculum,59,0.39419265536723164,0.0005901672848538904,0.9272561195642597,0.0012546994842673055
curric_glob0.5_sharp2_split5050,curriculum,60,0.3947744444444445,0.0006068642840531028,0.926679041437524,0.0012330823837577536
curric_glob0.5_sharp2_split5050,curriculum,61,0.39534043715846995,0.0005352410898619564,0.9260963778937419,0.0011955554641752833
curric_glob0.5_sharp2_split5050,curriculum,62,0.39576666666666666,0.0005453958584243637,0.9255238780416978,0.0012016746874598592
curric_glob0.5_sharp2_split5050,curriculum,63,0.39629523809523803,0.0004783311671502939,0.9249221632827266,0.001246147393600101
curric_glob0.5_sharp2_split5050,curriculum,64,0.3968895833333333,0.00041539095070435445,0.9243315460751035,0.0012912207932937142
curric_glob0.5_sharp2_split5050,curriculum,65,0.39747692307692306,0.00035252932229380284,0.9237958850819434,0.0013060408575962035
curric_glob0.5_sharp2_split5050,curriculum,66,0.3980434343434343,0.00034949239503942345,0.9232201336528987,0.0013613338802354717
curric_glob0.5_sharp2_split5050,curriculum,67,0.398510447761194,0.0003123042938087905,0.9226177601349498,0.0013399434205404424
curric_glob0.5_sharp2_split5050,curriculum,68,0.3991872549019608,0.0002842701961268337,0.9220325570061251,0.0013107212761456208
curric_glob0.5_sharp2_split5050,curriculum,69,0.3997314009661836,0.0002542903578222368,0.9214526313374797,0.0013745846447758947
curric_glob0.5_sharp2_split5050,curriculum,70,0.40021904761904753,0.00027510418558279444,0.9208854504826709,0.001347088471046127
curric_glob0.5_sharp2_split5050,curriculum,71,0.40070985915492957,0.00024662369990590104,0.9203407008968788,0.0013832695263112582
curric_glob0.5_sharp2_split5050,curriculum,72,0.401287037037037,0.0001952677675111533,0.9198295888236946,0.0014109188155168105
curric_glob0.5_sharp2_split5050,curriculum,73,0.40188584474885847,0.00023478002757870768,0.9192701893392495,0.0014831444967956277
curric_glob0.5_sharp2_split5050,curriculum,74,0.40235630630630626,0.00019340067926885304,0.918706823481576,0.0015047509120981672
curric_glob0.5_sharp2_split5050,curriculum,75,0.4029168888888888,0.00016494757865369146,0.9181563816710975,0.0014980373133195394
curric_glob0.5_sharp2_split5050,curriculum,76,0.4034824561403509,0.00017659215052477235,0.9175992915066589,0.0014836107706128147
curric_glob0.5_sharp2_split5050,curriculum,77,0.40392510822510824,0.0001650849780577172,0.9170792567799521,0.0015236448159766309
curric_glob0.5_sharp2_split5050,curriculum,78,0.4045696581196581,0.000185265652033417,0.9165048769682059,0.0015472108679907915
curric_glob0.5_sharp2_split5050,curriculum,79,0.4050759493670886,0.00023250859501391458,0.9159521859171099,0.0015351877312321225
curric_glob0.5_sharp2_split5050,curriculum,80,0.4056520833333333,0.00023329947671037142,0.9154298218198221,0.001549487819843763
curric_glob0.5_sharp2_split5050,curriculum,81,0.40617777777777775,0.0001818506365569201,0.9148926228890629,0.0015917635861112526
curric_glob0.5_sharp2_split5050,curriculum,82,0.40673211382113816,0.0001674525394388314,0.9143744847260805,0.0016129222594279513
curric_glob0.5_sharp2_split5050,curriculum,83,0.4072465863453815,0.0001665805167581506,0.913829673791942,0.0016486254368899792
curric_glob0.5_sharp2_split5050,curriculum,84,0.4077896825396825,0.00015604928529368227,0.9133342776312796,0.0016181670178127524
curric_glob0.5_sharp2_split5050,curriculum,85,0.4082266666666667,0.00014816213569750542,0.9128137806878951,0.0016328125015010867
curric_glob0.5_sharp2_split5050,curriculum,86,0.4088,0.00020046255326692486,0.9123327522634437,0.0016364008145811249
curric_glob0.5_sharp2_split5050,curriculum,87,0.4091781609195402,0.0002648471416790595,0.9117922570010765,0.0016380326220334222
curric_glob0.5_sharp2_split5050,curriculum,88,0.40974962121212116,0.0003399538384236545,0.9112489885114886,0.001640429031230701
curric_glob0.5_sharp2_split5050,curriculum,89,0.4102921348314607,0.00034898268659203823,0.9107229597896577,0.0016069389324247384
curric_glob0.5_sharp2_split5050,curriculum,90,0.4108781481481481,0.00042035601215489096,0.9101901810401422,0.0016735394033694437
curric_glob0.5_sharp2_split5050,curriculum,91,0.41136410256410255,0.0004717068434247435,0.9096770137274927,0.0017017389444573133
curric_glob0.5_sharp2_split5050,curriculum,92,0.4118438405797101,0.0004854527602997955,0.9091996534912655,0.0017331110326634417
curric_glob0.5_sharp2_split5050,curriculum,93,0.4122942652329749,0.0005056877710472528,0.9087279597749177,0.0017234654973471146
curric_glob0.5_sharp2_split5050,curriculum,94,0.4127063829787234,0.0005555055935484122,0.9082364924726379,0.0017563203630048686
curric_glob0.5_sharp2_split5050,curriculum,95,0.41324000000000005,0.0004919428383793258,0.9077781538692467,0.0017706321990837402
curric_glob0.5_sharp2_split5050,curriculum,96,0.4137017361111111,0.00048233703590304936,0.9072951307835847,0.0017918932523214707
curric_glob0.5_sharp2_split5050,curriculum,97,0.4141340206185567,0.0005477002422122414,0.9067951802206661,0.0018159302921362539
curric_glob0.5_sharp2_split5050,curriculum,98,0.41467006802721085,0.0005756344247662373,0.9063392560268753,0.0018418136215790294
curric_glob0.5_sharp2_split5050,curriculum,99,0.4151976430976431,0.0006115611777312966,0.9058687257758926,0.0018897902370473812
curric_glob0.5_sharp2_split5050,curriculum,100,0.4156746666666667,0.0006226920051946116,0.9053887818764341,0.0019193268506892032
curric_glob0.5_sharp2_split5050,curriculum,101,0.4161089108910891,0.0006636034746824651,0.9049021565358198,0.0019588534832793813
curric_glob0.5_sharp2_split5050,curriculum,102,0.41662712418300657,0.0006803740273714427,0.9044510800073745,0.0019723539752193346
curric_glob0.5_sharp2_split5050,curriculum,103,0.4170854368932038,0.0006941747572815387,0.9040011956013988,0.0019601830367660463
curric_glob0.5_sharp2_split5050,curriculum,104,0.41745064102564106,0.0007111890600897321,0.9035196856664433,0.001994627394029403
curric_glob0.5_sharp2_split5050,curriculum,105,0.4179298412698413,0.0007160399622320424,0.9030441093841666,0.00198954660497563
curric_glob0.5_sharp2_split5050,curriculum,106,0.4183459119496855,0.0007263246288518722,0.9025783930207595,0.0019886490267284986
curric_glob0.5_sharp2_split5050,curriculum,107,0.41883644859813085,0.0007318013626276215,0.9020975851220342,0.002002130940938929
curric_glob0.5_sharp2_split5050,curriculum,108,0.41924629629629623,0.0007701026733962491,0.9016100170909237,0.002027625672305872
curric_glob0.5_sharp2_split5050,curriculum,109,0.4196547400611621,0.0009042541459228622,0.9011073296039772,0.0020438773629813355
curric_glob0.5_sharp2_split5050,curriculum,110,0.4201324242424242,0.0009465432251804815,0.9006621881877847,0.0020245016895211587
curric_glob0.5_sharp2_split5050,curriculum,111,0.42061951951951954,0.0009438081090558755,0.9001964103419882,0.002000402021107036
curric_glob0.5_sharp2_split5050,curriculum,112,0.4210988095238095,0.0009620217028751138,0.8997385733394232,0.0020159729606785766
curric_glob0.5_sharp2_split5050,curriculum,113,0.42158230088495574,0.0009426664816062443,0.8992883346041575,0.0020309801881864503
curric_glob0.5_sharp2_split5050,curriculum,114,0.42207426900584794,0.0009858066042187762,0.8988352306531424,0.002011463956967237
curric_glob0.5_sharp2_split5050,curriculum,115,0.4224597101449275,0.0010002443305797784,0.8983942290286787,0.0020269504949879877
curric_glob0.5_sharp2_split5050,curriculum,116,0.42290747126436784,0.0010390968697845005,0.8979639431852496,0.0020303207459859223
curric_glob0.5_sharp2_split5050,curriculum,117,0.4233065527065527,0.0010815503401985444,0.8975175851795228,0.0020176259155428758
curric_glob0.5_sharp2_split5050,curriculum,118,0.423738418079096,0.0010817259121242851,0.8970955912619673,0.0020370338476869473
curric_glob0.5_sharp2_split5050,curriculum,119,0.42416470588235294,0.0011052183774658917,0.8966346854365929,0.0020308174944818234
curric_glob0.5_sharp2_split5050,curriculum,120,0.42454861111111114,0.0011568696787900253,0.896204583387878,0.002047589214688816
curric_glob0.5_sharp2_split5050,curriculum,121,0.42497245179063353,0.0011810378089704642,0.8957963526762458,0.0020242927309880613
curric_glob0.5_sharp2_split5050,curriculum,122,0.4253819672131147,0.0012187565420272353,0.8953796785098355,0.002003696349379801
curric_glob0.5_sharp2_split5050,curriculum,123,0.4258154471544715,0.0011903191477392937,0.894954334267458,0.002007073608003001
curric_glob0.5_sharp2_split5050,curriculum,124,0.42625107526881717,0.0012079819659694727,0.8945141574006324,0.0019997280107917157
curric_glob0.5_sharp2_split5050,curriculum,125,0.42667653333333333,0.0012089337671408466,0.8940962558586918,0.002029794280834731
curric_glob0.5_sharp2_split5050,curriculum,126,0.4270727513227513,0.0012519876696887072,0.8936883591982333,0.002011859242287329
curric_glob0.5_sharp2_split5050,curriculum,127,0.4274792650918635,0.0013113133285954182,0.8932706874655896,0.0019905220301469828
curric_glob0.5_sharp2_split5050,curriculum,128,0.42786328125,0.0013624991040707911,0.8928313040326111,0.0020001306419624174
curric_glob0.5_sharp2_split5050,curriculum,129,0.42827441860465115,0.0014071339096878067,0.8924350315223752,0.0020317182635449945
curric_glob0.5_sharp2_split5050,curriculum,130,0.4286733333333333,0.0014477569537870343,0.892028893078709,0.002044775361496715
curric_glob0.5_sharp2_split5050,curriculum,131,0.42900865139949107,0.0014859468992406248,0.8915908081807653,0.0020471492612626997
curric_glob0.5_sharp2_split5050,curriculum,132,0.4294189393939394,0.0015513723596696615,0.8911895636624033,0.002015672493821519
curric_glob0.5_sharp2_split5050,curriculum,133,0.4298443609022556,0.0015389352019396683,0.8907925333069516,0.0020000905844769243
curric_glob0.5_sharp2_split5050,curriculum,134,0.43022587064676615,0.0016046099100842429,0.8903972619134156,0.0020167027731069426
curric_glob0.5_sharp2_split5050,curriculum,135,0.43065580246913576,0.0016538457213015633,0.8899861030638223,0.0020129783720908
curric_glob0.5_sharp2_split5050,curriculum,136,0.43102009803921565,0.001693127763890241,0.8896070134976662,0.001985037502089419
curric_glob0.5_sharp2_split5050,curriculum,137,0.4314291970802919,0.0017124411170488664,0.8892105899056905,0.001968556748754719
curric_glob0.5_sharp2_split5050,curriculum,138,0.4317596618357487,0.0017230467533186186,0.8888282764737165,0.001965588525315458
curric_glob0.5_sharp2_split5050,curriculum,139,0.4320932853717026,0.0017459613995452659,0.8884356346629371,0.001967944156734349
curric_glob0.5_sharp2_split5050,curriculum,140,0.43246452380952377,0.0017636286129323663,0.8880435713657412,0.001958997871669826
curric_glob0.5_sharp2_split5050,curriculum,141,0.43281347517730495,0.0017877035576008148,0.8876628673414366,0.0019526064793992186
curric_glob0.5_sharp2_split5050,curriculum,142,0.43318873239436617,0.0017893559687164897,0.8872765094240783,0.0019503721709673303
curric_glob0.5_sharp2_split5050,curriculum,143,0.4335265734265734,0.0017978177772874167,0.8868980562150311,0.0019583879621060704
curric_glob0.5_sharp2_split5050,curriculum,144,0.4338273148148148,0.0018281273851590183,0.8864959220775884,0.0019469846691209701
curric_glob0.5_sharp2_split5050,curriculum,145,0.4341347126436781,0.0017946063109595227,0.8860999638335247,0.0019551219297236078
curric_glob0.5_sharp2_split5050,curriculum,146,0.43449999999999994,0.0017773336489263485,0.8857353082297466,0.0019276950640379246
curric_glob0.5_sharp2_split5050,curriculum,147,0.4348219954648526,0.001816631905503471,0.8853623868088295,0.0019330674889583622
curric_glob0.5_sharp2_split5050,curriculum,148,0.43514369369369366,0.0018852640096088385,0.8849550546741315,0.001911955369305015
curric_glob0.5_sharp2_split5050,curriculum,149,0.4354615212527964,0.0019296125262080095,0.884580138778296,0.0018905251048107086
curric_glob0.5_sharp2_split5050,curriculum,150,0.4358248888888889,0.0019473948790152686,0.8842216094846999,0.0018623428436103282
curric_glob0.5_sharp2_split5050,curriculum,151,0.4360863134657837,0.0019721323176696867,0.8838332520072619,0.001895668173441739
curric_glob0.5_sharp2_split5050,curriculum,152,0.43642434210526315,0.001993991689212434,0.883455672128917,0.0019025046775363117
curric_glob0.5_sharp2_split5050,curriculum,153,0.4367337690631808,0.0020066633981934293,0.8830677099044747,0.0019146522395627153
curric_glob0.5_sharp2_split5050,curriculum,154,0.43705129870129866,0.002006999789024792,0.8826765846930037,0.0019104963107778692
curric_glob0.5_sharp2_split5050,curriculum,155,0.43737913978494625,0.0020356537256806424,0.8823005917261103,0.0019183111652506983
curric_glob0.5_sharp2_split5050,curriculum,156,0.43768632478632474,0.002045647744159401,0.8819150448800229,0.0019249996206581082
curric_glob0.5_sharp2_split5050,curriculum,157,0.4379734607218684,0.002071397349257642,0.8815362815340775,0.001913104385326175
curric_glob0.5_sharp2_split5050,curriculum,158,0.43823227848101265,0.002080625233424156,0.8811572959333867,0.0018891297506685258
curric_glob0.5_sharp2_split5050,curriculum,159,0.4385176100628931,0.0021187463912232933,0.8808052011792662,0.0018697238985847429
curric_glob0.5_sharp2_split5050,curriculum,160,0.438790625,0.0021017660914395392,0.8804386609478211,0.0018468450862309611
curric_glob0.5_sharp2_split5050,curriculum,161,0.4390691511387163,0.002127749637314066,0.8800801782973412,0.0018420256950657794
curric_glob0.5_sharp2_split5050,curriculum,162,0.439333950617284,0.0021740341132466742,0.8797080710307895,0.0018367747987301473
curric_glob0.5_sharp2_split5050,curriculum,163,0.439623517382413,0.002159655106383654,0.8793451547902048,0.0018293053072286404
curric_glob0.5_sharp2_split5050,curriculum,164,0.4398922764227642,0.0021606129201134205,0.8789565734582682,0.001815322180390694
curric_glob0.5_sharp2_split5050,curriculum,165,0.44019434343434344,0.0021834601845961126,0.8785719937918631,0.0018027968868414093
curric_glob0.5_sharp2_split5050,curriculum,166,0.44046867469879514,0.002218517180175604,0.8781969010557629,0.0017805087435041513
curric_glob0.5_sharp2_split5050,curriculum,167,0.4407668662674651,0.002240229828998403,0.8778320165483917,0.001793113714608492
curric_glob0.5_sharp2_split5050,curriculum,168,0.4409964285714285,0.0022546968487623287,0.8774616919215985,0.001831341200929255
curric_glob0.5_sharp2_split5050,curriculum,169,0.4412887573964497,0.0022992481679628123,0.8770882621936772,0.0018274603363830997
curric_glob0.5_sharp2_split5050,curriculum,170,0.441561568627451,0.0022836410353459847,0.8767233525510618,0.0018102693969990942
curric_glob0.5_sharp2_split5050,curriculum,171,0.44181754385964905,0.002310777922451126,0.8763690618849793,0.001792384905557241
curric_glob0.5_sharp2_split5050,curriculum,172,0.44208158914728685,0.002338341760622632,0.8760185842431475,0.001774585935412745
curric_glob0.5_sharp2_split5050,curriculum,173,0.4423044315992293,0.0023684169865397565,0.8756458277951222,0.0017335385251823598
curric_glob0.5_sharp2_split5050,curriculum,174,0.44252471264367815,0.0023750117341221296,0.8752994260303756,0.001722443328162162
curric_glob0.5_sharp2_split5050,curriculum,175,0.44278895238095234,0.0023915815846820673,0.8749653005339143,0.0017264938661572709
curric_glob0.5_sharp2_split5050,curriculum,176,0.44309318181818175,0.0023995891629248925,0.8745968771167707,0.0017317358201430415
curric_glob0.5_sharp2_split5050,curriculum,177,0.4433225988700565,0.0024140911727006963,0.8742288378941613,0.0017550649849599315
curric_glob0.5_sharp2_split5050,curriculum,178,0.4435676029962547,0.002397717027242008,0.8738767047720826,0.0017341673475492064
curric_glob0.5_sharp2_split5050,curriculum,179,0.4438307262569832,0.0023878210565196926,0.8735202669315968,0.0017433270886897307
curric_glob0.5_sharp2_split5050,curriculum,180,0.44408722222222224,0.0023739353039121435,0.8731819780230693,0.001732186726489269
curric_glob0.5_sharp2_split5050,curriculum,181,0.44433922651933705,0.002394260966846216,0.8728462183792552,0.0017522407615732263
curric_glob0.5_sharp2_split5050,curriculum,182,0.44460897435897434,0.0024471532133430946,0.872494574178896,0.0017736258606074152
curric_glob0.5_sharp2_split5050,curriculum,183,0.4448499089253188,0.0024644772595985975,0.8721570145841738,0.001790862441646795
curric_glob0.5_sharp2_split5050,curriculum,184,0.44507880434782604,0.002454592415220553,0.871835085692517,0.0017962448855525573
curric_glob0.5_sharp2_split5050,curriculum,185,0.4452911711711712,0.0024970038632645577,0.8714891215369049,0.0017824426266107988
curric_glob0.5_sharp2_split5050,curriculum,186,0.44556451612903225,0.002516897284148179,0.8711565649778256,0.0017765948979093869
curric_glob0.5_sharp2_split5050,curriculum,187,0.4457643493761141,0.0025161612850264684,0.8708139664602305,0.0017584897881072138
curric_glob0.5_sharp2_split5050,curriculum,188,0.44601613475177304,0.0025243988956217055,0.8704574443045402,0.001750241283483724
curric_glob0.5_sharp2_split5050,curriculum,189,0.4462851851851852,0.0025487562775185907,0.870103506952157,0.0017363212260986716
curric_glob0.5_sharp2_split5050,curriculum,190,0.4465475438596491,0.002562317615066519,0.8697630249401941,0.0017502697258552859
curric_glob0.5_sharp2_split5050,curriculum,191,0.4467661431064573,0.002550936930418787,0.8694037897599539,0.0017575842853272154
curric_glob0.5_sharp2_split5050,curriculum,192,0.4470038194444445,0.002561478737323285,0.8690742376360262,0.0017757989113511693
curric_glob0.5_sharp2_split5050,curriculum,193,0.447200518134715,0.0025705137372868973,0.8687383458095331,0.0017767460116051674
curric_glob0.5_sharp2_split5050,curriculum,194,0.4474151202749141,0.0025789300295025724,0.8683989007559951,0.001773316729055638
curric_glob0.5_sharp2_split5050,curriculum,195,0.4476041025641026,0.0025986009486267604,0.8680705160484092,0.0017826089013023854
curric_glob0.5_sharp2_split5050,curriculum,196,0.44784676870748297,0.002596624631842196,0.8677363868702251,0.001778168179199337
curric_glob0.5_sharp2_split5050,curriculum,197,0.4480653130287648,0.002606022422176262,0.8673910816449405,0.0017806277116507263
curric_glob0.5_sharp2_split5050,curriculum,198,0.4483074074074074,0.002605237338315562,0.8670423840020733,0.0017781271256661316
curric_glob0.5_sharp2_split5050,curriculum,199,0.4485073701842546,0.002624753591137633,0.866703227476661,0.0017908104941658856
curric_glob0.5_sharp2_split5050,curriculum,200,0.44868933333333333,0.002637726735909819,0.8663595719016083,0.0017774235243691395
curric_glob1_sharp2_localheavy,curriculum,1,0.6414333333333334,0.0022479620400116945,0.9936959312989829,0.00028061595262227724
curric_glob1_sharp2_localheavy,curriculum,2,0.5812499999999999,0.0003968626966597026,0.9899340881604738,0.0007051816950708395
curric_glob1_sharp2_localheavy,curriculum,3,0.5394666666666666,0.001020348524334289,0.9865034070365736,0.0008388330987354652
curric_glob1_sharp2_localheavy,curriculum,4,0.5081166666666667,0.0008307877787578192,0.9833339280497474,0.0007158669932227847
curric_glob1_sharp2_localheavy,curriculum,5,0.48453999999999997,0.00028354893757518606,0.9808262733800935,0.0005223758222784677
curric_glob1_sharp2_localheavy,curriculum,6,0.4659388888888889,0.00046914026963432235,0.978404819084214,0.0004950065611596144
curric_glob1_sharp2_localheavy,curriculum,7,0.4522142857142857,0.0012549493851083074,0.9763743120963602,0.0005554878950946233
curric_glob1_sharp2_localheavy,curriculum,8,0.441,0.0007692325721132683,0.9743327821316615,0.0007111568114958254
curric_glob1_sharp2_localheavy,curriculum,9,0.43177407407407403,0.0003652047173801544,0.9724539847800635,0.0009225723977059645
curric_glob1_sharp2_localheavy,curriculum,10,0.42379666666666665,0.0006882102391953802,0.9706178253231271,0.0009278725996639063
curric_glob1_sharp2_localheavy,curriculum,11,0.41756363636363636,0.00035917720482067384,0.9689488488956854,0.0007207561828392097
curric_glob1_sharp2_localheavy,curriculum,12,0.41174444444444447,0.0005473632080086135,0.9672796876526156,0.0007059496152426615
curric_glob1_sharp2_localheavy,curriculum,13,0.4072512820512821,0.0003055050463303693,0.9657790925782761,0.0005270489065938809
curric_glob1_sharp2_localheavy,curriculum,14,0.40313095238095237,0.00023972064240394985,0.9642902116734592,0.000540759816679935
curric_glob1_sharp2_localheavy,curriculum,15,0.3996955555555555,0.0004030072143458533,0.9629420640907439,0.00045702896698128514
curric_glob1_sharp2_localheavy,curriculum,16,0.39723125,0.0004160829244273139,0.9615709829476375,0.0003919885196478809
curric_glob1_sharp2_localheavy,curriculum,17,0.3949333333333333,0.0005077030619144452,0.9603401077592588,0.0003500329062219039
curric_glob1_sharp2_localheavy,curriculum,18,0.39316666666666666,0.0002476432120891389,0.9591720742139245,0.0004820378462069044
curric_glob1_sharp2_localheavy,curriculum,19,0.39134912280701756,0.0002958781162051325,0.9580892523426421,0.00044375669576480987
curric_glob1_sharp2_localheavy,curriculum,20,0.3896566666666667,0.00018099263336759922,0.9570857286811942,0.0005537486578382018
curric_glob1_sharp2_localheavy,curriculum,21,0.38859523809523805,0.0005309470424673149,0.9561042756736432,0.0005674508126829505
curric_glob1_sharp2_localheavy,curriculum,22,0.38764848484848485,0.0005427267651385385,0.9550272519089802,0.0005160700368908032
curric_glob1_sharp2_localheavy,curriculum,23,0.3871913043478261,0.0004938372568922787,0.9538797293345761,0.0004025375654604756
curric_glob1_sharp2_localheavy,curriculum,24,0.3862777777777777,0.0006089085940648167,0.9527879802503398,0.00035798638626474526
curric_glob1_sharp2_localheavy,curriculum,25,0.38565466666666665,0.0003950966126573778,0.9517899705535925,0.0003273520162391247
curric_glob1_sharp2_localheavy,curriculum,26,0.3848884615384615,0.0003434079120853871,0.9508125811296813,0.00027468819669364454
curric_glob1_sharp2_localheavy,curriculum,27,0.38476172839506173,0.00037143058130172004,0.9498177110131939,0.0003789779028843651
curric_glob1_sharp2_localheavy,curriculum,28,0.38465238095238097,0.0003481974965427522,0.9488402468188791,0.0004281014322144233
curric_glob1_sharp2_localheavy,curriculum,29,0.3843229885057471,0.00044971034849404127,0.947906023005939,0.0004807874550300001
curric_glob1_sharp2_localheavy,curriculum,30,0.3837711111111111,0.000566630717813957,0.9471207583484356,0.0005259430315950386
curric_glob1_sharp2_localheavy,curriculum,31,0.38395591397849455,0.0004853025417805307,0.9462401925582585,0.000516052841829051
curric_glob1_sharp2_localheavy,curriculum,32,0.383603125,0.00026562499999999156,0.9453652067780168,0.0005269954628748194
curric_glob1_sharp2_localheavy,curriculum,33,0.3835111111111111,0.0002982860949309026,0.9445374044239867,0.0005703944461606239
curric_glob1_sharp2_localheavy,curriculum,34,0.3836372549019607,0.00022691578345216028,0.9436846562482154,0.0005928867527765288
curric_glob1_sharp2_localheavy,curriculum,35,0.3836714285714285,0.00013281873484761517,0.9428367844173392,0.0005760849609267261
curric_glob1_sharp2_localheavy,curriculum,36,0.38381944444444444,0.00010277777777777821,0.9420070896520648,0.0006134218277866081
curric_glob1_sharp2_localheavy,curriculum,37,0.3839864864864864,0.00010820941199553527,0.9411872207526999,0.000587103773542811
curric_glob1_sharp2_localheavy,curriculum,38,0.3841491228070175,0.00020155787531283845,0.9404822258563339,0.00061692785549093
curric_glob1_sharp2_localheavy,curriculum,39,0.3845034188034188,8.524757360542724e-05,0.9397447109827216,0.0006489438577632107
curric_glob1_sharp2_localheavy,curriculum,40,0.3846783333333333,9.056535393478156e-05,0.9389341413885011,0.000676883121205689
curric_glob1_sharp2_localheavy,curriculum,41,0.38489268292682927,0.00017192959559587847,0.9382150631536789,0.0006590362437422514
curric_glob1_sharp2_localheavy,curriculum,42,0.3850420634920635,9.228558323905154e-05,0.9375102454843659,0.0007031909307001066
curric_glob1_sharp2_localheavy,curriculum,43,0.3852441860465116,0.00014502755188525098,0.936817832904859,0.0007256576934222787
curric_glob1_sharp2_localheavy,curriculum,44,0.3856159090909091,0.000125967331459539,0.9360956739121223,0.0007235414872340433
curric_glob1_sharp2_localheavy,curriculum,45,0.38588814814814815,0.00022681186344454437,0.935455897950341,0.0007368172361007304
curric_glob1_sharp2_localheavy,curriculum,46,0.3862652173913043,0.0002871869957194814,0.9348285099436034,0.000784275583820787
curric_glob1_sharp2_localheavy,curriculum,47,0.38674539007092196,0.000427253609226708,0.9342047861058612,0.0007823422777858992
curric_glob1_sharp2_localheavy,curriculum,48,0.3871034722222222,0.00040880252239291657,0.9335911419654855,0.0008110311591011533
curric_glob1_sharp2_localheavy,curriculum,49,0.3873836734693878,0.0005137144543499342,0.9328892361580393,0.0008041096252227256
curric_glob1_sharp2_localheavy,curriculum,50,0.38775133333333334,0.0006030135432420646,0.9322268063872255,0.0008272983237809987
curric_glob1_sharp2_localheavy,curriculum,51,0.3882143790849673,0.0006078947901308537,0.9316521494654451,0.0008672814288077624
curric_glob1_sharp2_localheavy,curriculum,52,0.3886737179487179,0.0006366672346311542,0.9310263839713349,0.0008447545910091216
curric_glob1_sharp2_localheavy,curriculum,53,0.3892062893081761,0.0005505954359103258,0.9303607588082404,0.0008487165837579483
curric_glob1_sharp2_localheavy,curriculum,54,0.3898154320987654,0.0004548335641769943,0.9297061477921288,0.000865401357295758
curric_glob1_sharp2_localheavy,curriculum,55,0.3902933333333333,0.0003941822095491749,0.929101488074516,0.0008448198465480773
curric_glob1_sharp2_localheavy,curriculum,56,0.39079285714285716,0.00040977765872707533,0.9285071696888435,0.0008534556130853824
curric_glob1_sharp2_localheavy,curriculum,57,0.39133918128654965,0.00045342081787615743,0.9279374766545047,0.000864761679626429
curric_glob1_sharp2_localheavy,curriculum,58,0.39182643678160917,0.0005113495856375124,0.9273621934559877,0.0008984753882839782
curric_glob1_sharp2_localheavy,curriculum,59,0.392357627118644,0.0004522947332337089,0.926801769816265,0.0008655864512055084
curric_glob1_sharp2_localheavy,curriculum,60,0.39290166666666665,0.00046000905788181614,0.9262353348680565,0.0008672581839988767
curric_glob1_sharp2_localheavy,curriculum,61,0.3933994535519125,0.0003553043115580028,0.9256694321162698,0.0008711251902835973
curric_glob1_sharp2_localheavy,curriculum,62,0.39378763440860215,0.00042288936437177247,0.9251142990934601,0.0008886369817916163
curric_glob1_sharp2_localheavy,curriculum,63,0.3941746031746032,0.0004879293820672927,0.9245584930458168,0.00090104701512233
curric_glob1_sharp2_localheavy,curriculum,64,0.39465989583333333,0.0006096420355079912,0.9239879431786644,0.0009393043459307147
curric_glob1_sharp2_localheavy,curriculum,65,0.3951533333333333,0.0006415409211045474,0.9234542929989881,0.0010105902490020488
curric_glob1_sharp2_localheavy,curriculum,66,0.39563535353535356,0.0006102907926109815,0.9229013898762007,0.0010414389712304101
curric_glob1_sharp2_localheavy,curriculum,67,0.3960522388059702,0.0005573143122090149,0.9223209331643908,0.001066501267290569
curric_glob1_sharp2_localheavy,curriculum,68,0.3966088235294118,0.0005980992817794069,0.9217455366688049,0.0011166449922859142
curric_glob1_sharp2_localheavy,curriculum,69,0.3970811594202899,0.0005449564438832438,0.9211704426812091,0.0011008540164635298
curric_glob1_sharp2_localheavy,curriculum,70,0.39752571428571426,0.0005504339660852704,0.9206092129315456,0.001093851720741878
curric_glob1_sharp2_localheavy,curriculum,71,0.39794976525821585,0.0006249655151499278,0.9200228603403967,0.0011171078355864613
curric_glob1_sharp2_localheavy,curriculum,72,0.39849351851851855,0.0005716443504264266,0.919446863950871,0.0011033040926060902
curric_glob1_sharp2_localheavy,curriculum,73,0.3989662100456621,0.0005676992861670692,0.9189097392917093,0.001097499411891505
curric_glob1_sharp2_localheavy,curriculum,74,0.39934504504504503,0.0005592069761473911,0.9183411845045509,0.0010917083728485303
curric_glob1_sharp2_localheavy,curriculum,75,0.39992888888888883,0.000627919787281156,0.9177831000771803,0.0010939394460417508
curric_glob1_sharp2_localheavy,curriculum,76,0.4003872807017544,0.0006394605983788381,0.9171874699456142,0.001122499828208005
curric_glob1_sharp2_localheavy,curriculum,77,0.400817316017316,0.0005938152218336793,0.9166341172130307,0.0011400463806911531
curric_glob1_sharp2_localheavy,curriculum,78,0.40136581196581195,0.000540901573654752,0.916083230692181,0.0011254919230935278
curric_glob1_sharp2_localheavy,curriculum,79,0.40183755274261607,0.0005008282410050439,0.9155510946980693,0.0011151087968750738
curric_glob1_sharp2_localheavy,curriculum,80,0.40230208333333334,0.0004435815407941997,0.9149822136658505,0.00115019688157813
curric_glob1_sharp2_localheavy,curriculum,81,0.4028213991769547,0.000408239579082848,0.9144521520044485,0.0011879580496767161
curric_glob1_sharp2_localheavy,curriculum,82,0.4032589430894309,0.0004210450111894688,0.9139633234027427,0.0011734561608546577
curric_glob1_sharp2_localheavy,curriculum,83,0.40373775100401604,0.00038543171108461766,0.9134236888197953,0.0011215134362480136
curric_glob1_sharp2_localheavy,curriculum,84,0.40416071428571426,0.00038343129478838077,0.912877242803666,0.0011129305379476175
curric_glob1_sharp2_localheavy,curriculum,85,0.40459254901960784,0.00038416103409294884,0.9123724783766812,0.001073714211763737
curric_glob1_sharp2_localheavy,curriculum,86,0.40500930232558136,0.0003564309136623796,0.9118311720337395,0.0010901017914422728
curric_glob1_sharp2_localheavy,curriculum,87,0.4053045977011494,0.00034840292056582527,0.9113348328743358,0.0010549686620289038
curric_glob1_sharp2_localheavy,curriculum,88,0.405732196969697,0.000276249353364227,0.9108264172102407,0.001045211200207903
curric_glob1_sharp2_localheavy,curriculum,89,0.4061977528089888,0.00024686137367130394,0.91032609094749,0.0010583120406608402
curric_glob1_sharp2_localheavy,curriculum,90,0.40672037037037034,0.00019447407181694004,0.9098493511689979,0.0010426586063640015
curric_glob1_sharp2_localheavy,curriculum,91,0.4072278388278388,0.00016345330419128648,0.9093515717822603,0.0010472972098601546
curric_glob1_sharp2_localheavy,curriculum,92,0.4076880434782609,0.00023690416254389666,0.9088942686254309,0.0010535421947813982
curric_glob1_sharp2_localheavy,curriculum,93,0.4080860215053763,0.0002497518713145119,0.9083959760989471,0.0010178074401430409
curric_glob1_sharp2_localheavy,curriculum,94,0.4084762411347517,0.00018391132122774537,0.9079282899410622,0.0010199870075204706
curric_glob1_sharp2_localheavy,curriculum,95,0.40900315789473685,0.00015022789705187924,0.9074544669295744,0.0010115283695238324
curric_glob1_sharp2_localheavy,curriculum,96,0.4093625,0.00012460005461921084,0.9070334093881036,0.0009740640375373897
curric_glob1_sharp2_localheavy,curriculum,97,0.40977594501718206,0.0001672561933545716,0.9066126720219275,0.0009429011391134018
curric_glob1_sharp2_localheavy,curriculum,98,0.41018129251700675,0.00016174461867873852,0.9061511471038773,0.0009434554456039198
curric_glob1_sharp2_localheavy,curriculum,99,0.41061582491582493,0.0001940191684974367,0.9056931541678361,0.0009494560561244961
curric_glob1_sharp2_localheavy,curriculum,100,0.41103266666666666,0.00019220388480292537,0.9052551835736242,0.000948345292210843
curric_glob1_sharp2_localheavy,curriculum,101,0.4114128712871287,0.00017911490392740203,0.9048211826640044,0.0009415106739068337
curric_glob1_sharp2_localheavy,curriculum,102,0.41191568627450986,0.00011294951630426591,0.904363073679578,0.0009177263722251815
curric_glob1_sharp2_localheavy,curriculum,103,0.4123757281553398,9.201814523097995e-05,0.9039260555674793,0.0008955811149255234
curric_glob1_sharp2_localheavy,curriculum,104,0.4128224358974359,8.267180723818726e-05,0.9034896138752405,0.0009165187607186784
curric_glob1_sharp2_localheavy,curriculum,105,0.41325142857142855,1.8759729146226667e-05,0.9030270601455922,0.0008739995772931018
curric_glob1_sharp2_localheavy,curriculum,106,0.4136610062893082,3.7939700960669646e-05,0.9025676702457014,0.0008874517348213213
curric_glob1_sharp2_localheavy,curriculum,107,0.41404890965732083,5.488880869589609e-05,0.9021048466346783,0.000882827691107639
curric_glob1_sharp2_localheavy,curriculum,108,0.41441141975308643,4.703424216446261e-05,0.9016559174809989,0.0008785747174123263
curric_glob1_sharp2_localheavy,curriculum,109,0.41478042813455657,0.00012732918200593124,0.9012125946290256,0.0009040336632506616
curric_glob1_sharp2_localheavy,curriculum,110,0.41520212121212124,0.0001581957499960124,0.9007655515910177,0.0008646800777180645
curric_glob1_sharp2_localheavy,curriculum,111,0.4155840840840841,0.00013259576045165624,0.9003590623626496,0.0008344852634505445
curric_glob1_sharp2_localheavy,curriculum,112,0.4160223214285714,0.00013214285714289314,0.8999396182491005,0.0008316617859152126
curric_glob1_sharp2_localheavy,curriculum,113,0.41640088495575217,0.00014833505727265432,0.8995079740366768,0.0008328809164417799
curric_glob1_sharp2_localheavy,curriculum,114,0.4168970760233918,9.582036860130413e-05,0.8990762359023238,0.0008333517342773376
curric_glob1_sharp2_localheavy,curriculum,115,0.41721507246376816,0.00012994206454657723,0.8986269352389392,0.0008550545319600197
curric_glob1_sharp2_localheavy,curriculum,116,0.41763218390804596,0.000164924255065317,0.898183674059585,0.0008454275654236084
curric_glob1_sharp2_localheavy,curriculum,117,0.41796296296296287,0.00020855634933078228,0.8977424928700426,0.0008516964128906142
curric_glob1_sharp2_localheavy,curriculum,118,0.41838333333333333,0.0002365155906677868,0.8973002290925348,0.0008282087255989173
curric_glob1_sharp2_localheavy,curriculum,119,0.418763025210084,0.0002888153508718794,0.8968678647852756,0.0008010629280657569
curric_glob1_sharp2_localheavy,curriculum,120,0.41922027777777776,0.00028400207028456966,0.8964492214658696,0.0008250971438593704
curric_glob1_sharp2_localheavy,curriculum,121,0.41959641873278236,0.0003549106494733267,0.896026232850915,0.0008216417670381283
curric_glob1_sharp2_localheavy,curriculum,122,0.4200090163934426,0.0003676053598876228,0.8955703037357919,0.000814108338996703
curric_glob1_sharp2_localheavy,curriculum,123,0.4203425474254742,0.00042675286449996274,0.8951310157806689,0.0008416018953651881
curric_glob1_sharp2_localheavy,curriculum,124,0.42068521505376344,0.00046670514496239933,0.8947197620296317,0.0008142495289939039
curric_glob1_sharp2_localheavy,curriculum,125,0.4211154666666667,0.000475317381686521,0.8942715991605455,0.000801282272649024
curric_glob1_sharp2_localheavy,curriculum,126,0.4214822751322751,0.0005132180356949791,0.8938702030521345,0.0008319723757935762
curric_glob1_sharp2_localheavy,curriculum,127,0.4218293963254593,0.0004732338053934265,0.8934634828479862,0.0008487185619453197
curric_glob1_sharp2_localheavy,curriculum,128,0.42217161458333335,0.000546822728156607,0.8930307927746771,0.0008387416958363296
curric_glob1_sharp2_localheavy,curriculum,129,0.42257209302325577,0.0005628931933062183,0.8926189085369082,0.0008484468735480724
curric_glob1_sharp2_localheavy,curriculum,130,0.42291820512820505,0.0005420814221540684,0.8922151760229958,0.0008693548486378146
curric_glob1_sharp2_localheavy,curriculum,131,0.4232236641221374,0.0005681297389400761,0.8918101821650111,0.0008451310394573681
curric_glob1_sharp2_localheavy,curriculum,132,0.423664393939394,0.0005369561014764477,0.891409259469614,0.000843497821225687
curric_glob1_sharp2_localheavy,curriculum,133,0.42405062656641607,0.0005084376718442219,0.8910171534098404,0.0008658781466787764
curric_glob1_sharp2_localheavy,curriculum,134,0.42440771144278605,0.0005732690554749077,0.8905920067295483,0.0008648451901230223
curric_glob1_sharp2_localheavy,curriculum,135,0.4247893827160494,0.0005951229925944861,0.8902071074630068,0.0008732508777142881
curric_glob1_sharp2_localheavy,curriculum,136,0.42514338235294113,0.0006310138866035627,0.8898197581759617,0.0008804090559069378
curric_glob1_sharp2_localheavy,curriculum,137,0.4254892944038929,0.0006660588274504274,0.889435367919894,0.000880975089448803
curric_glob1_sharp2_localheavy,curriculum,138,0.42582681159420294,0.0006563537552630558,0.8890473716558551,0.000841380464784447
curric_glob1_sharp2_localheavy,curriculum,139,0.42617122302158267,0.0007211996085114491,0.8886546243880654,0.0008356812226039341
curric_glob1_sharp2_localheavy,curriculum,140,0.4264895238095238,0.0007432201494013798,0.8882860270232912,0.0008099077374498978
curric_glob1_sharp2_localheavy,curriculum,141,0.42675697399527185,0.0007573446465134913,0.8879035212291647,0.0008124439961572129
curric_glob1_sharp2_localheavy,curriculum,142,0.4270471830985915,0.0007844188510876747,0.8875185694916894,0.0008253442025557599
curric_glob1_sharp2_localheavy,curriculum,143,0.42735617715617713,0.0008095840569184843,0.8871268025237642,0.0008365374057556556
curric_glob1_sharp2_localheavy,curriculum,144,0.42766203703703703,0.0008261485216877593,0.8867355038813757,0.0008350545887297253
curric_glob1_sharp2_localheavy,curriculum,145,0.42793862068965516,0.0008325891881610084,0.8863520911212822,0.0008407287848739078
curric_glob1_sharp2_localheavy,curriculum,146,0.42831027397260274,0.000871379058555623,0.8859475349350397,0.0008493534428209178
curric_glob1_sharp2_localheavy,curriculum,147,0.4286371882086168,0.0008969387970078479,0.8855511140153336,0.0008576764654611551
curric_glob1_sharp2_localheavy,curriculum,148,0.428940990990991,0.0009119542639290718,0.8851446463173961,0.0008650291437779016
curric_glob1_sharp2_localheavy,curriculum,149,0.42923646532438475,0.0009531246594852232,0.8847802200048345,0.000872232330110806
curric_glob1_sharp2_localheavy,curriculum,150,0.4295724444444444,0.0009234101853295714,0.8843717607924523,0.0008759130020940887
curric_glob1_sharp2_localheavy,curriculum,151,0.42984768211920527,0.0009571275535732386,0.8839912609578104,0.0008444573783587216
curric_glob1_sharp2_localheavy,curriculum,152,0.4301960526315789,0.0009849659797688437,0.8835984027831079,0.0008427987197223948
curric_glob1_sharp2_localheavy,curriculum,153,0.43050762527233116,0.0009887412106581585,0.8832215379992258,0.0008318193808074746
curric_glob1_sharp2_localheavy,curriculum,154,0.4308114718614718,0.0010231920884231267,0.882842604622391,0.0008168339961092073
curric_glob1_sharp2_localheavy,curriculum,155,0.4311004301075268,0.0010424691199799215,0.8824603971672503,0.0007937146843166017
curric_glob1_sharp2_localheavy,curriculum,156,0.4314220085470086,0.0010701182163349583,0.8821196828039545,0.0007840762892216714
curric_glob1_sharp2_localheavy,curriculum,157,0.43167494692144376,0.0010958987591753097,0.8817389175246101,0.000767675311214785
curric_glob1_sharp2_localheavy,curriculum,158,0.4319286919831223,0.0011037260336695805,0.8813546489199152,0.0007686435221883234
curric_glob1_sharp2_localheavy,curriculum,159,0.43222620545073376,0.0011293834752944634,0.8810088185766197,0.0007567066394959221
curric_glob1_sharp2_localheavy,curriculum,160,0.4324666666666667,0.0011187502327746665,0.8806368167309483,0.0007556609513127069
curric_glob1_sharp2_localheavy,curriculum,161,0.43275010351966875,0.001115159633847593,0.8802854143045561,0.000753771469651131
curric_glob1_sharp2_localheavy,curriculum,162,0.432985390946502,0.0011537085477267056,0.87991681277829,0.0007519090395683062
curric_glob1_sharp2_localheavy,curriculum,163,0.4332372188139059,0.0011804676330961434,0.8795417194252244,0.0007397805685642645
curric_glob1_sharp2_localheavy,curriculum,164,0.4335170731707317,0.0012246487859866313,0.8791828128435141,0.0007441875699491509
curric_glob1_sharp2_localheavy,curriculum,165,0.43384808080808074,0.0012421126487811296,0.8788163002627555,0.0007026498071535757
curric_glob1_sharp2_localheavy,curriculum,166,0.43417489959839356,0.0012208455691888368,0.8784479788237071,0.0006982941020851083
curric_glob1_sharp2_localheavy,curriculum,167,0.4344808383233533,0.0012440662706037179,0.878077073114374,0.0006853795506900197
curric_glob1_sharp2_localheavy,curriculum,168,0.43476091269841266,0.001256193885228927,0.8777120392430934,0.0006944681941885577
curric_glob1_sharp2_localheavy,curriculum,169,0.43509151873767254,0.0012852715738584431,0.8773371746430906,0.000674951750543191
curric_glob1_sharp2_localheavy,curriculum,170,0.43536039215686273,0.0012998863848853021,0.8769988348924828,0.0006807639262191521
curric_glob1_sharp2_localheavy,curriculum,171,0.43559629629629626,0.0013092338749288478,0.8766826573997258,0.0006711116405683867
curric_glob1_sharp2_localheavy,curriculum,172,0.43584476744186046,0.0013090544604078395,0.8763054442783487,0.0006370692143303356
curric_glob1_sharp2_localheavy,curriculum,173,0.43608651252408476,0.0013450712213020869,0.8759645329098534,0.0006510939173808027
curric_glob1_sharp2_localheavy,curriculum,174,0.4363360153256705,0.0013308817797648552,0.8756028173499626,0.0006634248255260743
curric_glob1_sharp2_localheavy,curriculum,175,0.4365790476190476,0.0013297183784495219,0.8752905771117652,0.0006461323639885032
curric_glob1_sharp2_localheavy,curriculum,176,0.43684734848484846,0.0013520884535127807,0.8749432885439862,0.0006300833640292431
curric_glob1_sharp2_localheavy,curriculum,177,0.43708493408662896,0.001373160597177849,0.8746088750798133,0.0006129984241686061
curric_glob1_sharp2_localheavy,curriculum,178,0.43734363295880146,0.001411383255272153,0.8742822091106813,0.0006022821965563128
curric_glob1_sharp2_localheavy,curriculum,179,0.4376055865921788,0.001456601789700455,0.8739548605548061,0.000591949504494994
curric_glob1_sharp2_localheavy,curriculum,180,0.4378879629629629,0.001452094095909249,0.87360280819095,0.00057729572859821
curric_glob1_sharp2_localheavy,curriculum,181,0.43811381215469614,0.0015052334859201346,0.8732498128986554,0.0006027164080342794
curric_glob1_sharp2_localheavy,curriculum,182,0.4383507326007326,0.0015460687447128856,0.872906198624936,0.0005804277603307548
curric_glob1_sharp2_localheavy,curriculum,183,0.43859635701275046,0.001551941173188747,0.8725767521179448,0.0005812234684279304
curric_glob1_sharp2_localheavy,curriculum,184,0.4388115942028985,0.0015606592496877295,0.8722321703808361,0.0005882604548499971
curric_glob1_sharp2_localheavy,curriculum,185,0.4390405405405405,0.0016119610440692525,0.871887152964356,0.0005819538805803037
curric_glob1_sharp2_localheavy,curriculum,186,0.4393224014336918,0.0016588739371725411,0.8715301880166991,0.0005794596002450827
curric_glob1_sharp2_localheavy,curriculum,187,0.43953725490196077,0.0016590321391025263,0.8711939733286553,0.0005654295682584318
curric_glob1_sharp2_localheavy,curriculum,188,0.4397948581560283,0.0016502904813557955,0.8708592910424625,0.0005690507247729634
curric_glob1_sharp2_localheavy,curriculum,189,0.44005361552028216,0.0016886573362813245,0.8705212666566049,0.0005871742989476022
curric_glob1_sharp2_localheavy,curriculum,190,0.44029543859649123,0.0016891854429746133,0.8701641007384527,0.0005930160096751429
curric_glob1_sharp2_localheavy,curriculum,191,0.4405287958115183,0.0016801513733509033,0.8698259638203397,0.0006085320161499926
curric_glob1_sharp2_localheavy,curriculum,192,0.44076996527777773,0.0017112830489886663,0.8694855458166808,0.0005938453693985894
curric_glob1_sharp2_localheavy,curriculum,193,0.44097357512953367,0.001730979133158409,0.8691425621133192,0.0005920878390397782
curric_glob1_sharp2_localheavy,curriculum,194,0.4411969072164948,0.0017708476869707419,0.868795732220074,0.0005904300489521538
curric_glob1_sharp2_localheavy,curriculum,195,0.4414123076923077,0.0017604107912206556,0.8684685669753919,0.0005897969407876257
curric_glob1_sharp2_localheavy,curriculum,196,0.44165017006802715,0.0017587995234166936,0.8681288693861028,0.0005799405633491139
curric_glob1_sharp2_localheavy,curriculum,197,0.4418707275803722,0.0017406336614543075,0.8677788611936426,0.00059312882082599
curric_glob1_sharp2_localheavy,curriculum,198,0.4421052188552188,0.0017321877861274182,0.8674299076745396,0.0005678764314613075
curric_glob1_sharp2_localheavy,curriculum,199,0.44233467336683413,0.0017448896911675304,0.8670958609583991,0.0005392201347646561
curric_glob1_sharp2_localheavy,curriculum,200,0.44257266666666667,0.0017480926987243446,0.866758242667928,0.0005426638405684207
curric_glob1_sharp2_split5050,curriculum,1,0.6359,0.0023388031127052904,0.993676671669168,0.0006441550525590358
curric_glob1_sharp2_split5050,curriculum,2,0.5790500000000001,0.0009578622030334069,0.990507673380875,0.0006125570951522598
curric_glob1_sharp2_split5050,curriculum,3,0.5380444444444444,0.0004537906190369489,0.9868740856626338,0.0010753457018970796
curric_glob1_sharp2_split5050,curriculum,4,0.5075416666666667,0.0003608439182435485,0.9836336286048161,0.0009769388226430048
curric_glob1_sharp2_split5050,curriculum,5,0.48438,0.0005632051136131501,0.9809081746826988,0.0013650364830854304
curric_glob1_sharp2_split5050,curriculum,6,0.4661944444444444,0.0010838887465117568,0.9782109175959571,0.0013394060724195177
curric_glob1_sharp2_split5050,curriculum,7,0.4521952380952381,0.0011828997001776377,0.9758993482075707,0.0015495720943166729
curric_glob1_sharp2_split5050,curriculum,8,0.4410166666666666,0.00042835684111884164,0.97394749738767,0.0013651808005596248
curric_glob1_sharp2_split5050,curriculum,9,0.4319444444444444,0.000683220406206405,0.9721993156603669,0.001302806021793138
curric_glob1_sharp2_split5050,curriculum,10,0.4238733333333333,0.0011052752296750704,0.9702135274187477,0.001415774601016911
curric_glob1_sharp2_split5050,curriculum,11,0.41769999999999996,0.0009318514406481606,0.9686523140011717,0.001307438802420648
curric_glob1_sharp2_split5050,curriculum,12,0.4120055555555555,0.0006334064285305076,0.9669799489304701,0.0012819957561077907
curric_glob1_sharp2_split5050,curriculum,13,0.40789487179487177,0.0003929356462459837,0.9654403443499548,0.0011870192370933876
curric_glob1_sharp2_split5050,curriculum,14,0.40372619047619046,0.0004333267922059965,0.9640097084328264,0.0012108078056074054
curric_glob1_sharp2_split5050,curriculum,15,0.4001977777777778,0.0006737072669056252,0.9627330036599334,0.0012744530104179287
curric_glob1_sharp2_split5050,curriculum,16,0.3975979166666666,0.0007035716174159744,0.9614956255502453,0.0015230146702258163
curric_glob1_sharp2_split5050,curriculum,17,0.39552156862745097,0.0007491710143657838,0.9602178140758064,0.0013823060497165757
curric_glob1_sharp2_split5050,curriculum,18,0.39367592592592593,0.0007152296819500675,0.9590836678087781,0.0013889624147100383
curric_glob1_sharp2_split5050,curriculum,19,0.3918912280701754,0.0005890114102176422,0.9580056450935953,0.0013319583996853803
curric_glob1_sharp2_split5050,curriculum,20,0.390275,0.0005980802621722209,0.9568802577990511,0.0014218296732892795
curric_glob1_sharp2_split5050,curriculum,21,0.3892111111111111,0.0006584757588696381,0.9558775681643626,0.001329487795668041
curric_glob1_sharp2_split5050,curriculum,22,0.3882515151515151,0.0005959632340241571,0.954821342760773,0.0012400685404703377
curric_glob1_sharp2_split5050,curriculum,23,0.38773333333333326,0.00044667080474721736,0.9537939251055431,0.0011364193741009913
curric_glob1_sharp2_split5050,curriculum,24,0.38685138888888887,0.0004861329360180293,0.9527639134182752,0.0011311586389418486
curric_glob1_sharp2_split5050,curriculum,25,0.38612399999999997,0.0004516281656407021,0.9517553844859498,0.0010762343978152615
curric_glob1_sharp2_split5050,curriculum,26,0.38558717948717947,0.0005250152622934422,0.9507681851877029,0.0010169387606245878
curric_glob1_sharp2_split5050,curriculum,27,0.38544074074074075,0.0005339502604722866,0.9498134357098532,0.0009733756047996608
curric_glob1_sharp2_split5050,curriculum,28,0.3851845238095238,0.00032713843831498417,0.9489199169750023,0.0009228933473975195
curric_glob1_sharp2_split5050,curriculum,29,0.38468160919540234,0.00038460773186692007,0.9481130401369082,0.0009552531089403196
curric_glob1_sharp2_split5050,curriculum,30,0.3843122222222222,0.0003578071071484211,0.947193102794285,0.0008126328135398751
curric_glob1_sharp2_split5050,curriculum,31,0.3844784946236559,0.00035491690243058874,0.9462645744758983,0.000777473895267604
curric_glob1_sharp2_split5050,curriculum,32,0.38429479166666664,0.0004256467199548697,0.9455037182609979,0.0007403866177585027
curric_glob1_sharp2_split5050,curriculum,33,0.3841929292929292,0.000286749512875527,0.9447228858202276,0.0007332304183712864
curric_glob1_sharp2_split5050,curriculum,34,0.3844127450980392,0.0004092394555137824,0.9439637905434429,0.0007204589150241782
curric_glob1_sharp2_split5050,curriculum,35,0.38454095238095237,0.0004802578672417627,0.9433053717712067,0.0006438886355904786
curric_glob1_sharp2_split5050,curriculum,36,0.38470462962962965,0.0005185920913411906,0.9425281397701085,0.0006940065858568445
curric_glob1_sharp2_split5050,curriculum,37,0.3849585585585585,0.0005281369693442309,0.9417691441441441,0.0007289426659919787
curric_glob1_sharp2_split5050,curriculum,38,0.3851552631578947,0.00044103096291448916,0.9410767591140184,0.0007300953344662302
curric_glob1_sharp2_split5050,curriculum,39,0.3854393162393162,0.0005192439588912247,0.940299050958909,0.000730811803576269
curric_glob1_sharp2_split5050,curriculum,40,0.38568583333333334,0.0005114094087258789,0.9395989206540593,0.0007226862734870344
curric_glob1_sharp2_split5050,curriculum,41,0.3859520325203252,0.0006292415069612422,0.9388720162519046,0.0006949346091383035
curric_glob1_sharp2_split5050,curriculum,42,0.38613492063492066,0.0006336256635281636,0.93820218992377,0.0007852616265174872
curric_glob1_sharp2_split5050,curriculum,43,0.38639069767441864,0.0007832342702665797,0.937506868394354,0.0007830994253763377
curric_glob1_sharp2_split5050,curriculum,44,0.3866977272727272,0.0007888524723548864,0.9367824639556875,0.0007687602705574819
curric_glob1_sharp2_split5050,curriculum,45,0.38702444444444445,0.0008823061812833577,0.9360895595493764,0.0007799338497289704
curric_glob1_sharp2_split5050,curriculum,46,0.3874326086956521,0.0009713086294716724,0.935406323917929,0.0008008204889251206
curric_glob1_sharp2_split5050,curriculum,47,0.3877290780141844,0.0009667569409880035,0.9347266597351211,0.0008342925471537725
curric_glob1_sharp2_split5050,curriculum,48,0.3881861111111111,0.0010588793156411053,0.9341046789907348,0.000853679609953482
curric_glob1_sharp2_split5050,curriculum,49,0.3885571428571428,0.001093677639362737,0.9335184817941441,0.000859474553190034
curric_glob1_sharp2_split5050,curriculum,50,0.3889373333333333,0.0011039317611760914,0.9328779411389986,0.0009019205006201361
curric_glob1_sharp2_split5050,curriculum,51,0.3893555555555555,0.0011951737712390228,0.9322324651502202,0.0008566421662560119
curric_glob1_sharp2_split5050,curriculum,52,0.38978974358974355,0.0011879827473029619,0.9315908310366585,0.0008148953695521302
curric_glob1_sharp2_split5050,curriculum,53,0.3903471698113208,0.001272281653250359,0.9309976114266462,0.0008230952143770379
curric_glob1_sharp2_split5050,curriculum,54,0.3908617283950617,0.001376782213653182,0.9304204241670959,0.0008304692547418694
curric_glob1_sharp2_split5050,curriculum,55,0.3913969696969697,0.0014103939234425902,0.9298095434817927,0.0008212221157442533
curric_glob1_sharp2_split5050,curriculum,56,0.39189761904761905,0.0013575708128509517,0.9292141238119562,0.0008729372937689453
curric_glob1_sharp2_split5050,curriculum,57,0.3924052631578947,0.0015111659912544545,0.9286236683729422,0.0008813184608582234
curric_glob1_sharp2_split5050,curriculum,58,0.39293735632183907,0.0015043825526917705,0.9280598593514745,0.0008584027043559702
curric_glob1_sharp2_split5050,curriculum,59,0.39354406779661016,0.0014546649049304646,0.9274961505792008,0.0008889469549592547
curric_glob1_sharp2_split5050,curriculum,60,0.3940033333333333,0.0014756043959453869,0.926895600105157,0.0008405645143511707
curric_glob1_sharp2_split5050,curriculum,61,0.3943584699453551,0.001322373097223078,0.926314669782036,0.0008041104045471353
curric_glob1_sharp2_split5050,curriculum,62,0.3947752688172043,0.0014238951696107565,0.9257421322884798,0.0007968137147215978
curric_glob1_sharp2_split5050,curriculum,63,0.3952232804232804,0.0014808956702707205,0.9252194066757448,0.0007293920674019854
curric_glob1_sharp2_split5050,curriculum,64,0.3957244791666667,0.001514556915318658,0.9246720030901754,0.0007283365536812142
curric_glob1_sharp2_split5050,curriculum,65,0.39626,0.0014554504782624729,0.9240890030096335,0.0007473690419176046
curric_glob1_sharp2_split5050,curriculum,66,0.3966929292929293,0.0014104207909232626,0.923510340230921,0.0007688842891289411
curric_glob1_sharp2_split5050,curriculum,67,0.39712935323383086,0.0013802705005851812,0.922972669991923,0.0007016061613751433
curric_glob1_sharp2_split5050,curriculum,68,0.3977004901960784,0.0014458435335971613,0.9224365618986529,0.0007092647098413214
curric_glob1_sharp2_split5050,curriculum,69,0.39818405797101447,0.0014301117060227654,0.921888234495432,0.0007169051697774778
curric_glob1_sharp2_split5050,curriculum,70,0.39862047619047614,0.0013798774962878993,0.9213296434532215,0.0006902884738644179
curric_glob1_sharp2_split5050,curriculum,71,0.3990779342723005,0.0014952031568746809,0.9207604252968794,0.0006591886539703736
curric_glob1_sharp2_split5050,curriculum,72,0.39965740740740735,0.0015141706754398805,0.9202726401558953,0.0006490370788765848
curric_glob1_sharp2_split5050,curriculum,73,0.4001082191780822,0.001565072539786753,0.9197413849467667,0.0006553209241885058
curric_glob1_sharp2_split5050,curriculum,74,0.40055315315315315,0.0015363363289990152,0.9192104093613995,0.0006258809775926882
curric_glob1_sharp2_split5050,curriculum,75,0.40114311111111106,0.0015554351064478143,0.9186230100334448,0.0006136335780353376
curric_glob1_sharp2_split5050,curriculum,76,0.4015372807017544,0.0015728882279598178,0.9180552681810692,0.0006214551002968676
curric_glob1_sharp2_split5050,curriculum,77,0.40198961038961034,0.0015072523838736398,0.9175237044752365,0.0006210369385951585
curric_glob1_sharp2_split5050,curriculum,78,0.40244230769230765,0.0014737613058388146,0.9170011651009075,0.0006468013809835749
curric_glob1_sharp2_split5050,curriculum,79,0.4028945147679324,0.0014108276859300512,0.9164476941651256,0.000657476107706289
curric_glob1_sharp2_split5050,curriculum,80,0.40333083333333336,0.0013520969439478957,0.9159504712269623,0.0006778650483873041
curric_glob1_sharp2_split5050,curriculum,81,0.40380699588477365,0.0013025951219468573,0.9154215714052256,0.0006787566589782885
curric_glob1_sharp2_split5050,curriculum,82,0.4042760162601626,0.0011998750265414225,0.9148866711967778,0.0006277873073253895
curric_glob1_sharp2_split5050,curriculum,83,0.40474096385542174,0.0011484241034234086,0.9143335294727296,0.0006142961416906417
curric_glob1_sharp2_split5050,curriculum,84,0.4052035714285714,0.0011290535437975726,0.9138432928978141,0.0006019834211901666
curric_glob1_sharp2_split5050,curriculum,85,0.405655294117647,0.0010735685730165771,0.9132986329707502,0.0006026150879477952
curric_glob1_sharp2_split5050,curriculum,86,0.4061205426356589,0.0010674420715745126,0.9128017545256357,0.0006234662485255646
curric_glob1_sharp2_split5050,curriculum,87,0.4064272030651341,0.0010212113798977378,0.9122555909087758,0.000668241250475422
curric_glob1_sharp2_split5050,curriculum,88,0.4069159090909091,0.0009750264883030318,0.9117318360561008,0.0006945969011908422
curric_glob1_sharp2_split5050,curriculum,89,0.40733558052434454,0.0009097185535385672,0.9112382857079195,0.0006993926566926429
curric_glob1_sharp2_split5050,curriculum,90,0.40785851851851856,0.0009104098475604215,0.9107243060048016,0.0007351075577621699
curric_glob1_sharp2_split5050,curriculum,91,0.4083263736263736,0.0009061364149573619,0.9102349466479677,0.0007168303996881093
curric_glob1_sharp2_split5050,curriculum,92,0.40878804347826087,0.0008942957489435089,0.9097888100572917,0.0007270624173368542
curric_glob1_sharp2_split5050,curriculum,93,0.40924265232974905,0.0009017847781069356,0.9093230421379093,0.000699659749343047
curric_glob1_sharp2_split5050,curriculum,94,0.40959751773049646,0.0008977288463872327,0.9088689289649728,0.0007159132301752768
curric_glob1_sharp2_split5050,curriculum,95,0.41008666666666665,0.0009488925361939862,0.9084227230963071,0.0006992945624211248
curric_glob1_sharp2_split5050,curriculum,96,0.41044618055555554,0.0009398883543454583,0.9079640228065246,0.0006749294588550011
curric_glob1_sharp2_split5050,curriculum,97,0.4108845360824742,0.0009354447393901817,0.907518306726443,0.0006721867045717344
curric_glob1_sharp2_split5050,curriculum,98,0.4112952380952381,0.0009282474952656663,0.9070661311896595,0.0006398049853167539
curric_glob1_sharp2_split5050,curriculum,99,0.4117488215488215,0.0008991716609654587,0.90657341746033,0.0006207685853504667
curric_glob1_sharp2_split5050,curriculum,100,0.412241,0.0009076513647871588,0.906125095683422,0.0006244864782965076
curric_glob1_sharp2_split5050,curriculum,101,0.4126435643564356,0.0009408170657991415,0.9056986356120019,0.0006188035504413177
curric_glob1_sharp2_split5050,curriculum,102,0.4131578431372549,0.0009010006611899734,0.9052234018872941,0.0005702609618414187
curric_glob1_sharp2_split5050,curriculum,103,0.4136245954692557,0.0008956732083297042,0.9047489338063555,0.0005528066044236676
curric_glob1_sharp2_split5050,curriculum,104,0.41401826923076923,0.000952089631893841,0.9042740478430117,0.0005408540146277739
curric_glob1_sharp2_split5050,curriculum,105,0.41446253968253965,0.0009164094052522184,0.9038059381274633,0.0005276686062530192
curric_glob1_sharp2_split5050,curriculum,106,0.4149204402515723,0.0009750557182705236,0.9033572340963859,0.0005076222755712421
curric_glob1_sharp2_split5050,curriculum,107,0.41539470404984424,0.0009477190039506625,0.9028903003199659,0.0005010419485659664
curric_glob1_sharp2_split5050,curriculum,108,0.4158132716049383,0.000893186626775992,0.9024425994289621,0.0005424925893989842
curric_glob1_sharp2_split5050,curriculum,109,0.4162590214067278,0.0008743751401107605,0.9019787756343414,0.000531251947025586
curric_glob1_sharp2_split5050,curriculum,110,0.4167,0.0008486980792673412,0.9015620504826595,0.0005551439249181542
curric_glob1_sharp2_split5050,curriculum,111,0.4170837837837838,0.0008311932588663999,0.9011352575507937,0.0005199094494667253
curric_glob1_sharp2_split5050,curriculum,112,0.4175505952380952,0.0008267366988967559,0.9007097956010016,0.0005290311575265493
curric_glob1_sharp2_split5050,curriculum,113,0.4179949852507374,0.0008402664575823043,0.9002562285789105,0.000472695334649175
curric_glob1_sharp2_split5050,curriculum,114,0.418519298245614,0.0007880923588135379,0.8998284272618337,0.0005005120880882606
curric_glob1_sharp2_split5050,curriculum,115,0.41889449275362317,0.0007486130002014406,0.8994105179445814,0.0005185417256667645
curric_glob1_sharp2_split5050,curriculum,116,0.4192744252873563,0.0007167595848105417,0.8990010734078785,0.00048229903267125486
curric_glob1_sharp2_split5050,curriculum,117,0.4196324786324786,0.0006895783489672978,0.8986057329104531,0.0004969028235929206
curric_glob1_sharp2_split5050,curriculum,118,0.4200423728813559,0.0006941671251952013,0.8981667523916151,0.0005199196529413069
curric_glob1_sharp2_split5050,curriculum,119,0.42041176470588226,0.0006507170407977025,0.8977474893647592,0.0005261085969893001
curric_glob1_sharp2_split5050,curriculum,120,0.4208238888888889,0.0006318103032233802,0.8973199248010939,0.0005277562307573813
curric_glob1_sharp2_split5050,curriculum,121,0.4211625344352617,0.00063857206861878,0.8969087963423944,0.0005130738888849826
curric_glob1_sharp2_split5050,curriculum,122,0.4215653005464481,0.0006321263079990522,0.896474317369432,0.000522218803090458
curric_glob1_sharp2_split5050,curriculum,123,0.42195257452574525,0.0006059449096088836,0.8960506952657994,0.0005236451372125609
curric_glob1_sharp2_split5050,curriculum,124,0.4223112903225806,0.0006781740228015874,0.895618431654098,0.000521822481291786
curric_glob1_sharp2_split5050,curriculum,125,0.42271706666666664,0.0006521890932339379,0.8952132775445959,0.0004967016953261682
curric_glob1_sharp2_split5050,curriculum,126,0.4230783068783069,0.0006526282374829816,0.8948008607516545,0.000501112951908197
curric_glob1_sharp2_split5050,curriculum,127,0.4234887139107611,0.0006796659257004572,0.894424091408041,0.0004942916821972403
curric_glob1_sharp2_split5050,curriculum,128,0.42383750000000003,0.0006925031024298813,0.8940105491833551,0.00048378174984875245
curric_glob1_sharp2_split5050,curriculum,129,0.4242545219638243,0.0006807650837791978,0.8936023917084542,0.0004585302472152594
curric_glob1_sharp2_split5050,curriculum,130,0.4245941025641025,0.0006952051901491341,0.8932302817850656,0.0004381434675344969
curric_glob1_sharp2_split5050,curriculum,131,0.4248760814249364,0.000675113629170256,0.8928409888336448,0.00044240616222873826
curric_glob1_sharp2_split5050,curriculum,132,0.4252651515151515,0.0006891287368685029,0.8924129299372789,0.00047051543703127783
curric_glob1_sharp2_split5050,curriculum,133,0.425628320802005,0.0006803781514198099,0.8920016519918216,0.000523017507997639
curric_glob1_sharp2_split5050,curriculum,134,0.42598109452736316,0.0006335998157486319,0.891626060005357,0.0005384694613681583
curric_glob1_sharp2_split5050,curriculum,135,0.4263395061728395,0.0006538254354532872,0.8912320766557094,0.0005658954287730048
curric_glob1_sharp2_split5050,curriculum,136,0.4267046568627451,0.0006044839182159995,0.8908291036082461,0.0005787506339844737
curric_glob1_sharp2_split5050,curriculum,137,0.42699245742092456,0.0006355398346428907,0.8904468824510977,0.0006058742368223219
curric_glob1_sharp2_split5050,curriculum,138,0.4273364734299517,0.0006224828890338697,0.890052852852853,0.0006256002806893798
curric_glob1_sharp2_split5050,curriculum,139,0.4276882494004796,0.0006218401134686609,0.8896766143402872,0.0006460115371678449
curric_glob1_sharp2_split5050,curriculum,140,0.4280302380952381,0.0006405137181428999,0.8892829898089332,0.0006782292153743409
curric_glob1_sharp2_split5050,curriculum,141,0.4282881796690307,0.0006582279908893115,0.8888963714579573,0.0006678307103487534
curric_glob1_sharp2_split5050,curriculum,142,0.42860281690140845,0.0006491983826014393,0.8884806568182367,0.0006834234108205684
curric_glob1_sharp2_split5050,curriculum,143,0.4289062937062937,0.0006510376840229427,0.8880807438268469,0.0006775629677142933
curric_glob1_sharp2_split5050,curriculum,144,0.42924629629629624,0.0006920187960930763,0.8876891506859708,0.0006706877600054642
curric_glob1_sharp2_split5050,curriculum,145,0.42952804597701144,0.0006856235029462915,0.8873176386026976,0.0006889802200287881
curric_glob1_sharp2_split5050,curriculum,146,0.4298881278538813,0.0007243293445056486,0.8869431893053696,0.0006856939378481898
curric_glob1_sharp2_split5050,curriculum,147,0.43023265306122443,0.0007203525959311161,0.886584458119492,0.0006649481094044587
curric_glob1_sharp2_split5050,curriculum,148,0.43053963963963965,0.0007450721764290072,0.8862142009646973,0.000654539185329941
curric_glob1_sharp2_split5050,curriculum,149,0.43085704697986577,0.0007718567247082449,0.8858118519947009,0.0006535256200799534
curric_glob1_sharp2_split5050,curriculum,150,0.431178,0.0008087985602800747,0.8854152544119162,0.000654474584876694
curric_glob1_sharp2_split5050,curriculum,151,0.43148785871964673,0.0008241626289781008,0.8850391150611788,0.0006389311945268721
curric_glob1_sharp2_split5050,curriculum,152,0.4318208333333333,0.000854327001144554,0.8846460920837491,0.000619295301384464
curric_glob1_sharp2_split5050,curriculum,153,0.43215141612200436,0.0008716132489988827,0.8842643923764614,0.00062080283358807
curric_glob1_sharp2_split5050,curriculum,154,0.4324653679653679,0.0009119297820351646,0.8838638833414607,0.0006364356885198276
curric_glob1_sharp2_split5050,curriculum,155,0.4327722580645161,0.0009414368985348454,0.8834779301574797,0.0006321840385940986
curric_glob1_sharp2_split5050,curriculum,156,0.43307008547008546,0.0009737389080755644,0.8831109164740156,0.0006562458264147274
curric_glob1_sharp2_split5050,curriculum,157,0.43333121019108284,0.0009561757048677323,0.882734146236217,0.0006833572242210439
curric_glob1_sharp2_split5050,curriculum,158,0.43358059071729954,0.0009873688192768954,0.8823541915135203,0.000654340052147014
curric_glob1_sharp2_split5050,curriculum,159,0.4338945492662474,0.001054758859017419,0.8820205086742062,0.0006548688398118728
curric_glob1_sharp2_split5050,curriculum,160,0.4341622916666667,0.0010752037113186193,0.88167283160438,0.0006452307365833269
curric_glob1_sharp2_split5050,curriculum,161,0.43444285714285713,0.0010899513312786731,0.8813031417034963,0.0006313327450192601
curric_glob1_sharp2_split5050,curriculum,162,0.4346672839506173,0.0010860808955272258,0.8809404945008898,0.000626723133909004
curric_glob1_sharp2_split5050,curriculum,163,0.43493456032719835,0.001141699879753432,0.8805914949120327,0.0006308986121785634
curric_glob1_sharp2_split5050,curriculum,164,0.43520670731707317,0.001140641478880779,0.880236567685878,0.0006351589086293878
curric_glob1_sharp2_split5050,curriculum,165,0.435520404040404,0.0011411875523728715,0.8798945670726455,0.000619870583465976
curric_glob1_sharp2_split5050,curriculum,166,0.4358058232931727,0.001171829107301255,0.8795289891735988,0.0006086895603944071
curric_glob1_sharp2_split5050,curriculum,167,0.4360894211576847,0.0011945755601390127,0.8791575026793571,0.0005989304140996385
curric_glob1_sharp2_split5050,curriculum,168,0.4363589285714285,0.0011966383670597078,0.8787825234018446,0.0005946215275254013
curric_glob1_sharp2_split5050,curriculum,169,0.4366751479289941,0.0012132982790066659,0.8784244370852908,0.0005900033077472501
curric_glob1_sharp2_split5050,curriculum,170,0.4369180392156862,0.0012391257568510896,0.8780716816036068,0.000585047103525586
curric_glob1_sharp2_split5050,curriculum,171,0.4371504873294347,0.0012030455540647015,0.8777113444772021,0.0005699771843813849
curric_glob1_sharp2_split5050,curriculum,172,0.43741647286821705,0.0011949189816946467,0.8773635757846986,0.0005452896244665123
curric_glob1_sharp2_split5050,curriculum,173,0.43764007707129093,0.0012120730303427235,0.8770136523342916,0.0005169377038607157
curric_glob1_sharp2_split5050,curriculum,174,0.43786570881226056,0.0012022063124171934,0.8766728224537368,0.000508266471841234
curric_glob1_sharp2_split5050,curriculum,175,0.43810628571428567,0.0011994138704605323,0.8763318551932414,0.0004993410122408529
curric_glob1_sharp2_split5050,curriculum,176,0.43831988636363634,0.0012075502562561692,0.8759699682205538,0.0004868452953948348
curric_glob1_sharp2_split5050,curriculum,177,0.4385180790960452,0.001221792919186571,0.8756255333490691,0.0004604552274239446
curric_glob1_sharp2_split5050,curriculum,178,0.4387844569288389,0.001227211325356332,0.8752903087065481,0.0004624499528229499
curric_glob1_sharp2_split5050,curriculum,179,0.43902234636871507,0.0012330239217613543,0.8749311141690211,0.0004730443226382796
curric_glob1_sharp2_split5050,curriculum,180,0.4392675925925926,0.0012296673912095405,0.8745945125947774,0.0004963311003106045
curric_glob1_sharp2_split5050,curriculum,181,0.4395127071823204,0.0012531005470609714,0.8742383468589697,0.0004824362800579359
curric_glob1_sharp2_split5050,curriculum,182,0.4397382783882784,0.0012417541492363772,0.8739064330611024,0.0004915583509421202
curric_glob1_sharp2_split5050,curriculum,183,0.4399859744990892,0.0012565790118030066,0.8735582672583465,0.0005230567463098915
curric_glob1_sharp2_split5050,curriculum,184,0.4401871376811594,0.00124124846792928,0.8732216846877354,0.0005167129623671359
curric_glob1_sharp2_split5050,curriculum,185,0.44038738738738736,0.0012328668429901048,0.8728864960473638,0.0005213898372759032
curric_glob1_sharp2_split5050,curriculum,186,0.44065913978494625,0.0012628645448330199,0.8725397722537968,0.0005245559844629939
curric_glob1_sharp2_split5050,curriculum,187,0.44087504456327986,0.001280860336231251,0.8722048764138867,0.0005077331007063939
curric_glob1_sharp2_split5050,curriculum,188,0.44110265957446804,0.0013056949466847372,0.8718840414800613,0.0005286521405145593
curric_glob1_sharp2_split5050,curriculum,189,0.4413541446208113,0.0013498859511907305,0.8715410649738108,0.0005412403823513311
curric_glob1_sharp2_split5050,curriculum,190,0.4416,0.0013808708962582221,0.8711993038188418,0.0005512648510118465
curric_glob1_sharp2_split5050,curriculum,191,0.4418378708551483,0.001390042134563077,0.87086129555653,0.000585015072775352
curric_glob1_sharp2_split5050,curriculum,192,0.4420998263888889,0.0013712302661672375,0.870534316201895,0.0005974579797119225
curric_glob1_sharp2_split5050,curriculum,193,0.4422949913644214,0.001398940542250072,0.8701989488336149,0.0005981836389954381
curric_glob1_sharp2_split5050,curriculum,194,0.44252903780068725,0.0014421433456531293,0.8698707823626135,0.0006073161033155877
curric_glob1_sharp2_split5050,curriculum,195,0.44272905982905986,0.0014393177517908532,0.8695391172625594,0.0005959528549677556
curric_glob1_sharp2_split5050,curriculum,196,0.4429583333333333,0.0014510105712134628,0.8692156324208269,0.0006076160948189058
curric_glob1_sharp2_split5050,curriculum,197,0.4431756345177665,0.0014640956166333894,0.8688732068820281,0.0006176050260513917
curric_glob1_sharp2_split5050,curriculum,198,0.44339747474747476,0.0014699599716083492,0.8685582183527828,0.0006241546142768786
curric_glob1_sharp2_split5050,curriculum,199,0.4436479061976549,0.0014868863856372,0.868217883074745,0.0006310526225680431
curric_glob1_sharp2_split5050,curriculum,200,0.4438581666666666,0.0014954171101513234,0.8678882667702843,0.0006182341155948427
pacmap,external,1,0.044500000000000005,0.0007211102550927966,0.9540025012506254,0.002193623030892578
pacmap,external,2,0.07628333333333333,0.0006251666444503723,0.9538149109637599,0.0015394450886572909
pacmap,external,3,0.10259999999999998,0.0016736520280844418,0.953444562647754,0.0013957463044642566
pacmap,external,4,0.12323333333333335,0.0026034032214263944,0.9533992894703894,0.001468452433372686
pacmap,external,5,0.14143333333333333,0.001965739894628324,0.9528149590848364,0.0013822227372695432
pacmap,external,6,0.15689999999999996,0.0019857828011475647,0.9528407676565176,0.0014342978409075454
pacmap,external,7,0.17073333333333332,0.0017485465295457162,0.9522577952464516,0.0015462531312971156
pacmap,external,8,0.18352500000000002,0.0018395396842688756,0.9520898171368861,0.0014139848117676352
pacmap,external,9,0.19399259259259258,0.0010778541400974099,0.9519305300031592,0.0014106133868407918
pacmap,external,10,0.20341,0.0006835202996254015,0.9517190509055924,0.0013275322795126788
pacmap,external,11,0.212069696969697,0.000712366173213115,0.9514402707719931,0.001163724722879277
pacmap,external,12,0.21926111111111105,0.0007295990781345918,0.9512036694015377,0.0011002729319393746
pacmap,external,13,0.2262307692307692,0.0003769230769230763,0.9510847893312717,0.0010779536156526168
pacmap,external,14,0.23250238095238093,0.00020270282527424193,0.9507710715931466,0.0010817195253714283
pacmap,external,15,0.23841555555555552,0.00040465806324368976,0.9505490668566479,0.0009632305449331333
pacmap,external,16,0.2437625,0.00048585459501790027,0.9502886861715507,0.0008978785196500434
pacmap,external,17,0.24879019607843134,0.0007593097697335667,0.9501635434244156,0.0009176294884768631
pacmap,external,18,0.2538444444444445,0.0007224572267231086,0.9500728562105215,0.0009911514698561147
pacmap,external,19,0.25862456140350876,0.0008446726214862435,0.9498035924929423,0.000976599532110806
pacmap,external,20,0.262625,0.0009269843580125959,0.9495430333375321,0.0008936766898988834
pacmap,external,21,0.2668603174603174,0.0008905822872029815,0.9492686241919484,0.0009120223243398169
pacmap,external,22,0.2710151515151515,0.0008360465472693895,0.9490600464496217,0.0008418794690714396
pacmap,external,23,0.27477536231884053,0.0007007467436526377,0.9487990606210136,0.0008411141654378159
pacmap,external,24,0.2785055555555555,0.0006069237855624588,0.9486124400782137,0.0007593919162879758
pacmap,external,25,0.2818893333333333,0.0008478993650978534,0.9483654913343429,0.0008001755322225218
pacmap,external,26,0.285476923076923,0.0009254776473473331,0.9480994467805477,0.0008037787325126044
pacmap,external,27,0.2887530864197531,0.0007541047557366259,0.947802988346602,0.0008729925226536091
pacmap,external,28,0.29183809523809523,0.000803582010512315,0.9475193176006979,0.0008447075407392972
pacmap,external,29,0.29503563218390805,0.0009459679333651555,0.9472425059272688,0.0007914213826848722
pacmap,external,30,0.2978755555555555,0.0008819318021840732,0.9470774883747067,0.0007684837353213611
pacmap,external,31,0.301063440860215,0.0009473405094946465,0.9468695002298513,0.0007359616969830185
pacmap,external,32,0.30383020833333335,0.0008926366171115518,0.9466562987684002,0.0006870317821466267
pacmap,external,33,0.3065010101010101,0.0007682002468253855,0.9463969153560926,0.0006054217975324228
pacmap,external,34,0.3090441176470588,0.0006793226322994678,0.9461161082515822,0.0005920581024463551
pacmap,external,35,0.3117285714285714,0.0007754340456696599,0.9458335673869244,0.0005581409732924574
pacmap,external,36,0.31431481481481477,0.000761801862815563,0.9455812581844296,0.000552150899184188
pacmap,external,37,0.3168891891891892,0.0007043483848122905,0.9453306773431646,0.0005929997621499215
pacmap,external,38,0.31942631578947367,0.0007297544458559369,0.9450691536228014,0.0005579370709533913
pacmap,external,39,0.3217051282051282,0.000710751470529592,0.9447910401715909,0.0005864488576053104
pacmap,external,40,0.3240625,0.0005339651205837391,0.9445604058256123,0.0005533941455625195
pacmap,external,41,0.3264626016260162,0.0005010538170919404,0.9443490887206992,0.000505271646264398
pacmap,external,42,0.32879206349206347,0.00046008683330419384,0.9440845309163931,0.00043289363397814803
pacmap,external,43,0.3310860465116279,0.00031995132133804424,0.9438522891364518,0.00042443299013759965
pacmap,external,44,0.3333068181818182,0.0003451853017757465,0.9436602782624773,0.0003938828309206449
pacmap,external,45,0.3354844444444444,0.00027179331290205175,0.9434380359632267,0.00044537315853439557
pacmap,external,46,0.33767101449275366,0.0002998529360183296,0.9432318582471898,0.0004240898149347143
pacmap,external,47,0.3398326241134752,0.0003292193692492994,0.9429962124699226,0.00045165869276994126
pacmap,external,48,0.3418375,0.00032758056685002103,0.9427825995473512,0.00047259591153447027
pacmap,external,49,0.34368503401360534,0.0003833766401362626,0.9425216202120176,0.000481435595932718
pacmap,external,50,0.3456173333333334,0.000539011440818609,0.9422824950099802,0.0004890360772127261
pacmap,external,51,0.34760457516339865,0.00048734990723035886,0.9420906031798394,0.0005394372893236085
pacmap,external,52,0.34952884615384616,0.00047134219155349586,0.9418619011890401,0.0005616744144476524
pacmap,external,53,0.35140943396226415,0.0004763506401384795,0.9416521868181236,0.000532843397522343
pacmap,external,54,0.35325,0.0004956325024687704,0.9414093513359388,0.0005571977187890575
pacmap,external,55,0.3550236363636364,0.0005202764681453491,0.9411960579757235,0.0005513892971190336
pacmap,external,56,0.3569101190476191,0.000418955871314476,0.9409892141124104,0.0005839228989036912
pacmap,external,57,0.35877660818713447,0.0003298307825716757,0.9407643643899393,0.0006035937676241324
pacmap,external,58,0.36053965517241376,0.00037008772299426917,0.9405374705299109,0.0005976039063204953
pacmap,external,59,0.362312429378531,0.0004244784329686973,0.9403102165845428,0.0006059369231784266
pacmap,external,60,0.36391055555555557,0.00042916693635375433,0.9400639705986841,0.0006583818579508228
pacmap,external,61,0.36567049180327865,0.0005152159356620904,0.939819355420575,0.0006547269745260238
pacmap,external,62,0.36723279569892475,0.0005308150853860625,0.9395696437148452,0.0006795134383202404
pacmap,external,63,0.36885132275132276,0.0004873851676767547,0.939340402685473,0.000668994516826569
pacmap,external,64,0.37038385416666664,0.0004698277540648186,0.939059632648051,0.0006743319890715294
pacmap,external,65,0.3719841025641026,0.00039125751847013217,0.9387990432256963,0.0006672697649020483
pacmap,external,66,0.3735373737373737,0.00034669611197968135,0.9385865390218037,0.0006457838940776217
pacmap,external,67,0.3750910447761194,0.00031951804316258616,0.9383434150100994,0.0006476634084419433
pacmap,external,68,0.3766044117647058,0.0002634077647280147,0.9381250220100869,0.000656869600291051
pacmap,external,69,0.378036231884058,0.00024215912495287106,0.9379238501150691,0.0006434809393680855
pacmap,external,70,0.37941761904761906,0.0002706655943144703,0.9377125393564795,0.0006251970467361184
pacmap,external,71,0.3808070422535211,0.0002812002782869449,0.9374552157538089,0.000627776191010102
pacmap,external,72,0.3823097222222222,0.00032695577248382265,0.9372399094536527,0.0006434826926708005
pacmap,external,73,0.3836721461187214,0.00034234883849063876,0.9370203674683945,0.0006601778934808551
pacmap,external,74,0.38510945945945946,0.00039177304814954825,0.9367685007883028,0.0006382114396390371
pacmap,external,75,0.3865448888888889,0.00042701929872254214,0.9364986807878113,0.0006586001831192821
pacmap,external,76,0.38794385964912276,0.0004058999041947348,0.9362351079813159,0.000672991793643823
pacmap,external,77,0.3892766233766234,0.000432473382433839,0.9360044410189879,0.0006625115635008833
pacmap,external,78,0.3906410256410256,0.0004174470010493135,0.9357782246657971,0.0006507771463674822
pacmap,external,79,0.3919658227848101,0.0004320666864444032,0.9355441268562519,0.0006620681091833858
pacmap,external,80,0.39322875,0.0005144308141042989,0.9353161283133565,0.0006912121552580046
pacmap,external,81,0.3945526748971193,0.0004857210205670303,0.9350967497352375,0.0007128867833535996
pacmap,external,82,0.3958792682926829,0.000497100456418629,0.934860548342682,0.0007416204900819872
pacmap,external,83,0.3971220883534136,0.000483392853180141,0.9346305485166472,0.0007721373438466093
pacmap,external,84,0.3983126984126984,0.0004313408097779393,0.9343882655036974,0.0008122184187564948
pacmap,external,85,0.3994933333333333,0.0003817539803321268,0.9341170196280992,0.0008146644454371348
pacmap,external,86,0.4006585271317829,0.0003555028533067068,0.9338655142405935,0.0008227717284850808
pacmap,external,87,0.40186283524904215,0.00036634463813103554,0.9336271970739022,0.0008473050633433436
pacmap,external,88,0.403042803030303,0.00035552445933379563,0.9334004385320561,0.00085941791213061
pacmap,external,89,0.40421460674157306,0.0003042828569990372,0.9331904900302455,0.0008710383421413406
pacmap,external,90,0.4054855555555556,0.00030776574384819045,0.9329731870828003,0.0008997105859628718
pacmap,external,91,0.4065098901098901,0.0003209017002442585,0.9327543443052763,0.0008834489709270682
pacmap,external,92,0.4075739130434783,0.00032284804492738065,0.9325143255042813,0.0008685817171101027
pacmap,external,93,0.4086161290322581,0.00032135789763091034,0.9322499883930395,0.0008641407212298713
pacmap,external,94,0.40967234042553186,0.00036831102401636,0.9319941073727803,0.0008764703175974826
pacmap,external,95,0.41077543859649124,0.00046554686912274356,0.9317628078817733,0.0009036977060128346
pacmap,external,96,0.4117979166666667,0.00042470245916339204,0.9315153203756538,0.0008948566050217924
pacmap,external,97,0.4128831615120275,0.00040480209909769306,0.9312518611002627,0.0009153749795185969
pacmap,external,98,0.41390918367346935,0.00039763330456337424,0.9310080937371703,0.0009234262023199558
pacmap,external,99,0.4149794612794613,0.0004106856723712348,0.9307611523789788,0.0009402898447274445
pacmap,external,100,0.41603300000000004,0.0003990125311315322,0.9305192079057886,0.0009764637198971832
pacmap,external,101,0.4170379537953795,0.00036418196066504576,0.9302660723842654,0.0009978024737163254
pacmap,external,102,0.418056862745098,0.0003459645427225677,0.9300317685460596,0.0009927621538458654
pacmap,external,103,0.4190605177993527,0.00034058486749776254,0.9297795518914574,0.001032840598795071
pacmap,external,104,0.420014423076923,0.00033169453536788923,0.9295433301061066,0.0010272426825880562
pacmap,external,105,0.42100603174603174,0.00035363526226192874,0.9293132530593358,0.0010603797450733925
pacmap,external,106,0.42194371069182385,0.0003876708081762588,0.9290609035691272,0.0010648108998283074
pacmap,external,107,0.4228700934579439,0.00034677431247496365,0.9288289627117653,0.0010448504342743187
pacmap,external,108,0.42383209876543204,0.00038429198135259975,0.9285506703663491,0.0010461089147928108
pacmap,external,109,0.4247299694189602,0.0003923102841995785,0.9283107965579589,0.0010595777126292908
pacmap,external,110,0.42565939393939395,0.00036110749450756277,0.9280769135480506,0.0010316304392620657
pacmap,external,111,0.42662372372372365,0.0003193224572380979,0.9278598164431063,0.0010365384838191744
pacmap,external,112,0.4275559523809524,0.00032683246803197016,0.9276254221739589,0.0010193595188512019
pacmap,external,113,0.4284949852507374,0.00028759065054342165,0.9273929057202492,0.0010253307553154023
pacmap,external,114,0.4294312865497076,0.0003143195973442705,0.9271373656104913,0.0010412475258188567
pacmap,external,115,0.4302663768115942,0.0002800490550241727,0.9268813906151184,0.001061660898314114
pacmap,external,116,0.4311316091954023,0.00022945019933624962,0.9266463402725509,0.0010943709782328343
pacmap,external,117,0.43196182336182337,0.00023798827732200465,0.9263871803439664,0.0011042451666107777
pacmap,external,118,0.43279887005649714,0.00025754533343531953,0.9261610326530763,0.001109772175367673
pacmap,external,119,0.4335857142857143,0.0002663971580213772,0.9259111107934407,0.0011202695111625183
pacmap,external,120,0.43445222222222224,0.000321973443234317,0.925655040290323,0.0011315442260934
pacmap,external,121,0.43531680440771353,0.00028882652069301513,0.9254033877154324,0.001148890845471118
pacmap,external,122,0.43616120218579235,0.0002657891422459061,0.9251804191463725,0.001163488001175766
pacmap,external,123,0.43698238482384816,0.00019632477050910847,0.9249431359595378,0.0011586965128432356
pacmap,external,124,0.4377852150537634,0.00018200870276083208,0.9246869819796958,0.0011792973303104296
pacmap,external,125,0.4386349333333333,0.00014965417913755162,0.9244321675410982,0.0012002008521430302
pacmap,external,126,0.43944444444444447,0.00012209847373734236,0.9241954141612322,0.0012004894830670398
pacmap,external,127,0.44029816272965877,0.0001471626650355156,0.9239290404891304,0.0011880842916645582
pacmap,external,128,0.4410984375,0.00014553913777743107,0.9236732311159445,0.0011901470826063362
pacmap,external,129,0.44189999999999996,0.0001229580528939614,0.9234131571461353,0.0012024039054400752
pacmap,external,130,0.4426807692307692,0.00010655720468283644,0.9231486609986149,0.0012138579478861956
pacmap,external,131,0.44347302798982186,0.00015941105210857075,0.9228987320175112,0.0012255356222880304
pacmap,external,132,0.4442792929292929,0.00012442783037136488,0.92264324190212,0.0012378393496547525
pacmap,external,133,0.44505413533834587,0.00014048082956214254,0.92238571807809,0.0012529107370703777
pacmap,external,134,0.4457845771144278,0.00017297073674582805,0.9221235837398503,0.0012333405122508668
pacmap,external,135,0.44650197530864194,0.00014582875752178434,0.9218824525209962,0.0012134267693849933
pacmap,external,136,0.4472725490196079,0.00016897105752591466,0.921632260759,0.0012378858593925398
pacmap,external,137,0.44801800486618,0.00020342102299668096,0.921370780410098,0.0012498513713646456
pacmap,external,138,0.44870483091787444,0.000206644170845751,0.9211220257372962,0.0012389707042258895
pacmap,external,139,0.4494294964028777,0.0002176981270235974,0.9208736681981242,0.0012529757988373402
pacmap,external,140,0.45012214285714286,0.00022206360552319644,0.9206092962069378,0.0012841092138492713
pacmap,external,141,0.45078037825059103,0.0002321612907288992,0.9203515067801518,0.001287830877909283
pacmap,external,142,0.45143427230046945,0.0002536876735160187,0.9200922554119559,0.001275960027858871
pacmap,external,143,0.4521081585081585,0.0002947445296921008,0.9198434197682546,0.0012843494830568818
pacmap,external,144,0.4527935185185185,0.0003182589213171314,0.919577670495426,0.0012670178130837469
pacmap,external,145,0.45344919540229883,0.0002938451737354835,0.919331566342688,0.0012578747633662853
pacmap,external,146,0.45414589041095893,0.00031084045176177556,0.9190822656095717,0.001264785070761032
pacmap,external,147,0.45482789115646255,0.00029608565136403435,0.9188136575261665,0.0012473531091931082
pacmap,external,148,0.45547319819819815,0.0003254718812109132,0.918543400945618,0.001255756374264645
pacmap,external,149,0.4561861297539149,0.00032194647894673393,0.9182788132038447,0.0012500736237239696
pacmap,external,150,0.45681844444444447,0.0003866783523138447,0.9180090900928747,0.0012529522128001144
pacmap,external,151,0.45741169977924945,0.0003909037284231306,0.9177344601382309,0.001244230942720777
pacmap,external,152,0.4580997807017544,0.0004022854621144063,0.9174662886003287,0.0012533597973433822
pacmap,external,153,0.458756862745098,0.00038840415772614363,0.917190851840294,0.0012417422545463821
pacmap,external,154,0.45934415584415583,0.0004180123880371645,0.9169236021485921,0.0012350497650886266
pacmap,external,155,0.45995827956989244,0.0003916157375320374,0.9166777524683799,0.0012281560307388088
pacmap,external,156,0.4605816239316239,0.00043740563617134616,0.9164051901712239,0.0012356104323968334
pacmap,external,157,0.4611477707006369,0.0005037117291722775,0.9161349808556195,0.001231606989690107
pacmap,external,158,0.46165126582278476,0.0005152003699984937,0.9158947668110518,0.0012306868799119668
pacmap,external,159,0.4622341719077568,0.0004799369929068319,0.9156061108240426,0.0012510763901328532
pacmap,external,160,0.46278854166666666,0.0004935479544414424,0.9153107569158133,0.001263866980923038
pacmap,external,161,0.4633656314699793,0.0004751294327128815,0.9150439957214808,0.001293625410616242
pacmap,external,162,0.46390987654320986,0.0004404255019534129,0.9147493273661729,0.0012847657275400816
pacmap,external,163,0.4645108384458078,0.0004651748539515923,0.9144633411756377,0.0012849646862493676
pacmap,external,164,0.4650839430894309,0.00048302164524575595,0.9141777312719511,0.0012873218981691447
pacmap,external,165,0.46563070707070703,0.0004991328875405044,0.9139046369882191,0.001322591288542987
pacmap,external,166,0.46614036144578314,0.0005318192251118421,0.9136225965052048,0.0013309192814479392
pacmap,external,167,0.4667001996007984,0.0005351489110840407,0.9133372003658726,0.001365377225914512
pacmap,external,168,0.4672367063492063,0.000546544407959205,0.9130441836885966,0.0013731542101312088
pacmap,external,169,0.4677800788954635,0.0005429723064526149,0.9127494562247067,0.0013759633751619241
pacmap,external,170,0.4683421568627451,0.0005795596506803104,0.9124645110868489,0.0013958766007386833
pacmap,external,171,0.4688432748538012,0.0005853362994857899,0.9121712695406994,0.0014261376514221058
pacmap,external,172,0.4693895348837209,0.0005901197158795422,0.9118668935115979,0.0014503049680062738
pacmap,external,173,0.4698955684007707,0.0006127931933280514,0.9115610035238477,0.0014744961846676705
pacmap,external,174,0.4703992337164751,0.0006179730710307275,0.9112790885663672,0.0014752973950070717
pacmap,external,175,0.47093085714285715,0.0006461017800657198,0.9109904430597501,0.0014947656456354662
pacmap,external,176,0.47140795454545453,0.0006878513846580889,0.9106947704102327,0.0015065370973065529
pacmap,external,177,0.4718824858757062,0.0007012644585222339,0.9103968523074472,0.001521286701940488
pacmap,external,178,0.4724138576779026,0.0007041175840668253,0.9100991026789186,0.001527157230150073
pacmap,external,179,0.4729292364990689,0.0007115687729953067,0.9098046380993309,0.0015391184362340896
pacmap,external,180,0.47345092592592586,0.0007280038523617161,0.9095067749375598,0.0015678259745999295
pacmap,external,181,0.47395782688766114,0.0007309017110623497,0.9092234243226315,0.0015703209776138161
pacmap,external,182,0.47446282051282046,0.0007430217836711996,0.9089256261092098,0.0015942669973534782
pacmap,external,183,0.4749775956284153,0.0007498438628320963,0.9086222344470117,0.0016078502384806637
pacmap,external,184,0.47545597826086955,0.0007641893801867007,0.9083324123321717,0.001627272142223612
pacmap,external,185,0.4759383783783784,0.0007644640340220752,0.9080290159315684,0.0016576499248382706
pacmap,external,186,0.47645878136200714,0.0007880373172809637,0.9077273633828651,0.0016824612464271605
pacmap,external,187,0.4769219251336898,0.0007843570924649402,0.9074171440533485,0.0017225031885275647
pacmap,external,188,0.47736702127659575,0.0008066269700483784,0.9071127020465787,0.0017082952665684998
pacmap,external,189,0.47784109347442677,0.0007839329804012107,0.9068048782802999,0.0017403104890740227
pacmap,external,190,0.4783073684210526,0.0007714721330531009,0.906506031129783,0.001736268372607341
pacmap,external,191,0.4787614310645724,0.0007607195318357592,0.9061879519578633,0.0017445917785985816
pacmap,external,192,0.4792210069444444,0.0007514528270444623,0.9058805627825303,0.0017455363366922735
pacmap,external,193,0.47966925734024174,0.0007373394399726454,0.9055616240474095,0.001747711588080353
pacmap,external,194,0.48014140893470786,0.0007585482546987318,0.9052557266046656,0.0017398955864925411
pacmap,external,195,0.48058239316239315,0.0007881237689410503,0.904946547418951,0.0017304562780998207
pacmap,external,196,0.4809826530612245,0.0007870172075403035,0.9046307732713919,0.0017309363562546802
pacmap,external,197,0.4814456852791878,0.0008153398347299984,0.9043436124983097,0.001712579003070414
pacmap,external,198,0.4818488215488215,0.000821270565423931,0.9040312329916315,0.001710805222380133
pacmap,external,199,0.48228576214405355,0.0008024035780493281,0.903735341120626,0.0017087301525596761
pacmap,external,200,0.48273716666666666,0.0008193784738039718,0.9034385617425779,0.0017184205840761406
trimap,external,1,0.046066666666666665,0.0015044378795195691,0.9474306945139236,0.0020379836399826963
trimap,external,2,0.07783333333333332,0.0020678088241743533,0.9466981734017265,0.0027741907543945747
trimap,external,3,0.10292222222222219,0.0017933002888323051,0.9464873800584064,0.0024151577093114254
trimap,external,4,0.12504166666666666,0.001455664224102984,0.9457418200408997,0.00246919598137711
trimap,external,5,0.14388,0.0011820321484629834,0.9451605210420841,0.0025035231312366905
trimap,external,6,0.1597611111111111,0.001217275342418167,0.9447095810884183,0.002531631899488002
trimap,external,7,0.17359047619047618,0.000751777937975804,0.9448995809905812,0.002825477387957849
trimap,external,8,0.18535833333333332,0.0008248421566174514,0.9447050731452457,0.0030566999260668425
trimap,external,9,0.19567777777777776,0.00141752697189489,0.9446375044135958,0.002834525329416409
trimap,external,10,0.20448666666666668,0.0011395320677073358,0.944360568034467,0.0030351637363188614
trimap,external,11,0.2128212121212121,0.0011464762158451321,0.9441954176462085,0.0028447991706066654
trimap,external,12,0.22008888888888886,0.0015798279911058057,0.9440369329677537,0.002613277068313159
trimap,external,13,0.22684871794871794,0.0015461793594016904,0.9438863870635227,0.002653353362379296
trimap,external,14,0.23271904761904758,0.0014751743814824785,0.9435549381496974,0.002763104541097412
trimap,external,15,0.23814666666666665,0.0021793882933826584,0.9433203028525131,0.002888144435392329
trimap,external,16,0.24324583333333336,0.002449125588007543,0.9431584837337023,0.0029007323539853
trimap,external,17,0.24853529411764705,0.002761249403783767,0.9427808673041437,0.002919043866787319
trimap,external,18,0.25285925925925923,0.0027583841515590275,0.9425675185884437,0.002946460215774081
trimap,external,19,0.25697543859649125,0.002831766445236851,0.9423210623511687,0.002868589103279051
trimap,external,20,0.2604866666666667,0.0026321394973164375,0.9421128091279338,0.002962062000097009
trimap,external,21,0.2642285714285714,0.0025191691392059063,0.941870871735791,0.0028758455183608626
trimap,external,22,0.2681727272727273,0.002998081342381677,0.9416818191367858,0.002768348464805222
trimap,external,23,0.2713463768115942,0.003098171096984102,0.9414434791746625,0.0027941738272399858
trimap,external,24,0.27447638888888887,0.0031928776350797447,0.9412056499936924,0.0026773308337987994
trimap,external,25,0.277796,0.0032717652727541433,0.9410106924112401,0.0027372957760774153
trimap,external,26,0.28104487179487175,0.003381975223187796,0.940743593789958,0.002690878582051231
trimap,external,27,0.2841604938271605,0.00360675393985015,0.940541437075705,0.0027329737956308447
trimap,external,28,0.28702142857142854,0.0035152673570920225,0.9403498240231025,0.0028098644689581783
trimap,external,29,0.28992528735632184,0.0037524852380458086,0.9401462858686935,0.0027115509661745515
trimap,external,30,0.29275777777777773,0.003892685924102223,0.9399954931793597,0.002778230463193639
trimap,external,31,0.29573333333333335,0.004166395135099768,0.9397179255445027,0.0027827587379690585
trimap,external,32,0.29823958333333334,0.004423406684073754,0.9394935329147159,0.0028433399298588543
trimap,external,33,0.30069595959595957,0.004459573881455788,0.9392410689170184,0.0028730842261607127
trimap,external,34,0.30316372549019605,0.00454484606129583,0.9390442312419459,0.002857589433718584
trimap,external,35,0.3056457142857143,0.004616993455857222,0.9388151368730923,0.0029030277442440087
trimap,external,36,0.3081046296296296,0.004629660092492346,0.9386124493680095,0.002856686806534738
trimap,external,37,0.31046756756756755,0.004729511191862391,0.9384148387104143,0.0029243947258974974
trimap,external,38,0.31294561403508775,0.004968768340152101,0.9381669319939036,0.002914544312654377
trimap,external,39,0.31518547008547004,0.00500409913058287,0.9379747900116463,0.0029021703052201104
trimap,external,40,0.31751083333333335,0.005070074169411479,0.9377958899183483,0.0029740970935952325
trimap,external,41,0.3197422764227642,0.005243910569099378,0.937587246115605,0.002976224029966526
trimap,external,42,0.3218769841269841,0.005238135461606014,0.9374346450295263,0.0029972374900440516
trimap,external,43,0.3241062015503876,0.005252352396476557,0.9372568270244183,0.0030848765374549827
trimap,external,44,0.32626893939393936,0.0052683525804416015,0.9370214359175844,0.003142533987542447
trimap,external,45,0.3284133333333333,0.005183696664650725,0.936794046946234,0.0031543115783158417
trimap,external,46,0.330495652173913,0.005283564057465219,0.936537968119998,0.0031685630133076797
trimap,external,47,0.3326808510638298,0.005428062405295353,0.9363704658395745,0.0031940877389921804
trimap,external,48,0.33463402777777773,0.005529620496530323,0.9361368683251999,0.003233800108971719
trimap,external,49,0.33657823129251696,0.00539781695477658,0.9359167779949473,0.0032181903367361343
trimap,external,50,0.3384646666666667,0.0053194320498840516,0.9356836501465154,0.0032647791456071225
trimap,external,51,0.34034575163398695,0.005348141327661733,0.9354925939532072,0.0032635160017280805
trimap,external,52,0.34219743589743584,0.005401505218843275,0.935261483374036,0.0032894879379833865
trimap,external,53,0.3439987421383648,0.005356750426104059,0.9350079213996919,0.003288429637456291
trimap,external,54,0.3457308641975308,0.005332711297744699,0.9348021954262543,0.003347079307799732
trimap,external,55,0.3474721212121212,0.005362127779628966,0.9345729887591773,0.003419277587847127
trimap,external,56,0.3493535714285714,0.005359315035810211,0.9343776554262364,0.003495381333596478
trimap,external,57,0.35112923976608185,0.005344395364668594,0.9341356059519436,0.003488685927943601
trimap,external,58,0.3528155172413792,0.005341185355219448,0.9339275469134442,0.003501581693046672
trimap,external,59,0.35442485875706214,0.005454251070057996,0.9337195231615305,0.003505723974519956
trimap,external,60,0.35601055555555555,0.00553334496317387,0.9334526633840645,0.003529490848286964
trimap,external,61,0.3576524590163934,0.005572055907931792,0.9332636570073438,0.003470796953515188
trimap,external,62,0.35920752688172036,0.005665788198827966,0.9330549225924809,0.0034291679201443447
trimap,external,63,0.3608222222222222,0.0056561573883791684,0.9328025164454742,0.0034455362493457076
trimap,external,64,0.3624213541666667,0.005764339781665323,0.9325595792771445,0.0034002846202809195
trimap,external,65,0.3639389743589743,0.0058209436867521025,0.9323529656060666,0.003450576808881281
trimap,external,66,0.3654525252525252,0.005741126689041657,0.9321616394686513,0.0034425335274225377
trimap,external,67,0.36704228855721394,0.0057388209796075725,0.9319860982979434,0.003437928270109409
trimap,external,68,0.368528431372549,0.0056903108350139266,0.9317649470500194,0.0034692098922045984
trimap,external,69,0.36990676328502414,0.005722675197158074,0.9315331000332311,0.0034748258832043083
trimap,external,70,0.37135523809523807,0.005780510769984342,0.931303462147473,0.0034774950537383715
trimap,external,71,0.3727586854460094,0.005726260055397916,0.9310738227636217,0.0034821895340784773
trimap,external,72,0.3742060185185185,0.005675453653846102,0.9308755127509625,0.003481511987779241
trimap,external,73,0.37560913242009136,0.005662240626487121,0.930652034839361,0.003514945734527477
trimap,external,74,0.37700585585585583,0.005786841881188429,0.9304030827793204,0.00346019206742426
trimap,external,75,0.37839955555555554,0.0058131425554832665,0.9301990049452593,0.003483113700966247
trimap,external,76,0.37983289473684206,0.005840592057464484,0.9299745754006686,0.0034751612590447956
trimap,external,77,0.3811610389610389,0.005880295329810843,0.9297694805194805,0.0034915632649153705
trimap,external,78,0.3825089743589743,0.005890543770922981,0.9295781655026664,0.0035634651011859507
trimap,external,79,0.38379535864978903,0.005895543812269257,0.9293559739268556,0.003585380976608307
trimap,external,80,0.38510916666666667,0.005976823771522263,0.9291302342441036,0.0035960936352459967
trimap,external,81,0.3864238683127572,0.005973919889291461,0.9289115998340326,0.003626888646957245
trimap,external,82,0.38765325203252027,0.005986056117061125,0.9286727241172837,0.0036358732346177193
trimap,external,83,0.3889477911646586,0.005946815663734908,0.9284409796605777,0.003626833896518023
trimap,external,84,0.390152380952381,0.00598231461492353,0.9281949927877867,0.0036070585254371758
trimap,external,85,0.39134784313725485,0.006040546542945074,0.9279319589612705,0.00361645902103779
trimap,external,86,0.39256899224806197,0.006111844304040015,0.9276929429925626,0.003604529463300109
trimap,external,87,0.3936885057471264,0.00619864020905176,0.9274588268672591,0.003619380000385242
trimap,external,88,0.3948905303030303,0.00616557277311064,0.9272300826624357,0.00363531998883313
trimap,external,89,0.3960711610486891,0.006127495133263901,0.9269854689688847,0.003628553555618891
trimap,external,90,0.39725370370370366,0.0060962042767907666,0.9267548492210672,0.003619292188275215
trimap,external,91,0.3983014652014652,0.006114519190102864,0.9265091442339695,0.003610706149170361
trimap,external,92,0.3993105072463768,0.006120606361094697,0.9262513051547514,0.0036066664614332836
trimap,external,93,0.40037132616487453,0.006184842048763255,0.9260043356640111,0.0036445520866064496
trimap,external,94,0.40143404255319143,0.006203855822879221,0.9257895615004911,0.0036299871648762644
trimap,external,95,0.40256877192982454,0.006193854548208083,0.9255600091426389,0.0035995428659022412
trimap,external,96,0.4035940972222222,0.0062324881694094045,0.9253310859126213,0.003586286215063415
trimap,external,97,0.4047017182130584,0.006249268579442998,0.925105918428125,0.0035594093906009677
trimap,external,98,0.40575340136054416,0.006241035414572848,0.9248654261964356,0.0035911314950574915
trimap,external,99,0.4068154882154882,0.006281585860245267,0.9246430316319955,0.003570076279883803
trimap,external,100,0.4079186666666667,0.006268467303363178,0.9244058271637009,0.003557639923874028
trimap,external,101,0.4089432343234323,0.0062944940356255705,0.9241892129896462,0.0035524572261283614
trimap,external,102,0.41000392156862747,0.0062679190262515784,0.9239646140834253,0.003531507141595267
trimap,external,103,0.4109229773462783,0.006289730825663523,0.9237435300331199,0.0035128000799947356
trimap,external,104,0.41187948717948714,0.006285120946774346,0.9234864769190742,0.0035313029115492107
trimap,external,105,0.4128742857142857,0.006260971431439844,0.9232551698850631,0.003536504863800578
trimap,external,106,0.41386289308176094,0.006302623554077446,0.922995344429897,0.0035506613126057435
trimap,external,107,0.4147919003115265,0.006246818831138722,0.9227667527645034,0.003522567656775913
trimap,external,108,0.41574413580246916,0.006253082938770274,0.9225359283387622,0.0035201896959453057
trimap,external,109,0.4166651376146789,0.006226669982620588,0.922305536555344,0.0035187265277366073
trimap,external,110,0.4175748484848485,0.0063387294613804724,0.9220699142948589,0.0035151111703999294
trimap,external,111,0.418487987987988,0.0064043499804152144,0.9218206869144124,0.0035590642315997782
trimap,external,112,0.41940059523809525,0.006396902671304209,0.9216035895272895,0.0035576196022773553
trimap,external,113,0.42033244837758105,0.006383188989724837,0.9213462934294538,0.0035536675699366993
trimap,external,114,0.4212119883040935,0.006378019465093935,0.9211172658966644,0.003582054416827806
trimap,external,115,0.42209884057971014,0.006396729571613118,0.9208633257972529,0.0035824385213812982
trimap,external,116,0.4229442528735632,0.0063966520076099076,0.9206335194708227,0.00359209696648197
trimap,external,117,0.4237675213675214,0.006329447981772454,0.9204272310359524,0.0036173061755159263
trimap,external,118,0.42460282485875706,0.0063909635922346384,0.9201931444058928,0.0036417245631066597
trimap,external,119,0.4254327731092437,0.00639344983817611,0.9199498532728977,0.00367718234280175
trimap,external,120,0.42622,0.006395887839072906,0.9196986331107911,0.0036731643119201603
trimap,external,121,0.4270575757575758,0.00638527978393159,0.919468103639856,0.0036978289857194013
trimap,external,122,0.42785928961748626,0.006335854254600321,0.9192132622299348,0.0036950121387873316
trimap,external,123,0.4286831978319783,0.006314531581781693,0.9189563634135687,0.003682701417364207
trimap,external,124,0.42946397849462364,0.006342201612105064,0.9187127189272406,0.0037006954189389694
trimap,external,125,0.4302946666666667,0.0063827696224549105,0.9184592374956279,0.0037133212614829225
trimap,external,126,0.4310783068783069,0.0063679632332733225,0.9182223879783583,0.003695974179678578
trimap,external,127,0.43186036745406825,0.0063995240506214595,0.9179801659489991,0.00369748730413686
trimap,external,128,0.43267239583333333,0.006430213200587721,0.9177181515375357,0.0037082173546835154
trimap,external,129,0.4334674418604651,0.00640778677753364,0.9174784594839372,0.0037407542500349834
trimap,external,130,0.4342533333333333,0.006417084460898396,0.9172300320807681,0.0037776612339275677
trimap,external,131,0.435029262086514,0.006437682532216339,0.9169941048616366,0.00379291521758624
trimap,external,132,0.43583156565656567,0.006434507608350638,0.916739383344161,0.0037918286657763786
trimap,external,133,0.4365832080200501,0.006457671214578346,0.9164756549267907,0.0037965349840150325
trimap,external,134,0.43737786069651746,0.0064708905019342094,0.9162155498668302,0.003790377249671233
trimap,external,135,0.43811432098765435,0.0064873856424377705,0.9159686625568594,0.0037644674491233605
trimap,external,136,0.43888431372549014,0.006539207606669626,0.915713041727691,0.003772206970111248
trimap,external,137,0.4395970802919708,0.0065147565459584824,0.9154761880713176,0.0037754606526372507
trimap,external,138,0.4402881642512077,0.006481966336972345,0.915227401048981,0.0037844444412559104
trimap,external,139,0.441031654676259,0.006504191694665233,0.9150000232470314,0.003792445321309656
trimap,external,140,0.4417690476190476,0.006476288238932954,0.9147565659183584,0.0038166317845678673
trimap,external,141,0.4424491725768321,0.006492065720920291,0.9145151963647802,0.0038012449821331453
trimap,external,142,0.4431070422535211,0.006482915877454491,0.9142654934846988,0.0038203056932882306
trimap,external,143,0.44377668997668995,0.006494551383950852,0.9140239121732517,0.0038165456537714833
trimap,external,144,0.44443634259259257,0.006486331721107471,0.9137595310595715,0.0038225261897831472
trimap,external,145,0.4450705747126436,0.0064798921150915675,0.9135211408243524,0.0038048639145637883
trimap,external,146,0.4457707762557077,0.006455363733323231,0.91327030064154,0.003797092723316674
trimap,external,147,0.4464285714285714,0.006469301808480782,0.9130266396405965,0.0038019704172726327
trimap,external,148,0.44704684684684687,0.006454851677439591,0.9127852752487762,0.0037689814360454097
trimap,external,149,0.44769932885906033,0.006456263132309552,0.9124951545496341,0.003770789171562226
trimap,external,150,0.44830911111111105,0.00644044858111032,0.9122403395593235,0.0037940635156695395
trimap,external,151,0.44889602649006616,0.006448888527370753,0.9120081625924645,0.0037930973710452033
trimap,external,152,0.44955745614035086,0.006456826250899326,0.911745288416587,0.0038024786333630965
trimap,external,153,0.45023376906318086,0.006466457298036255,0.9115046140265713,0.0037666685462419123
trimap,external,154,0.4508192640692641,0.006475903814378107,0.911261350928493,0.003764273966420589
trimap,external,155,0.45142967741935486,0.006550969171532435,0.9109732256066406,0.0037655444335485894
trimap,external,156,0.4520717948717949,0.0065268709800035025,0.9107228306759412,0.003775896997852784
trimap,external,157,0.45265329087048833,0.006521085251353745,0.9104558628677989,0.003779836112816943
trimap,external,158,0.4531776371308016,0.006491165478053445,0.9102254811668559,0.0037631348447578596
trimap,external,159,0.4537238993710691,0.006476137734337942,0.909968518342004,0.003759568156512252
trimap,external,160,0.45430166666666666,0.006442299950004908,0.9097237445693134,0.0037632892187671064
trimap,external,161,0.4548933747412008,0.006448928500620522,0.9094620990747688,0.0037642462139078634
trimap,external,162,0.45546563786008226,0.006445170165529537,0.9092169690506277,0.003756809931546711
trimap,external,163,0.45604151329243353,0.006438353907935096,0.9089598200354537,0.0037755698807703146
trimap,external,164,0.45665528455284554,0.006417980247250269,0.9087023446138618,0.003798843180816043
trimap,external,165,0.4571989898989899,0.006436575991855313,0.908443161492322,0.0038217364077161742
trimap,external,166,0.4577387550200804,0.006399036727948081,0.9081842655249716,0.0038248645303805167
trimap,external,167,0.458301996007984,0.006368500634175065,0.9079331618172032,0.003843232870571637
trimap,external,168,0.45887361111111113,0.006362274807161702,0.9076806333852199,0.0038476992781768977
trimap,external,169,0.4594424063116371,0.006363955978257101,0.9074274676683399,0.003855164675620783
trimap,external,170,0.46001019607843135,0.006394311819480812,0.9071618374923744,0.003875263592742301
trimap,external,171,0.46055614035087716,0.006388782340166307,0.9068856609009983,0.0038889083719640125
trimap,external,172,0.4611397286821705,0.006388374456418534,0.9066333356900964,0.00391358697656994
trimap,external,173,0.46166281310211943,0.0064035507106456335,0.9063841916272551,0.003912094536543659
trimap,external,174,0.46216475095785436,0.006375550521237209,0.9061217479452953,0.003909365982837677
trimap,external,175,0.4626992380952381,0.006368084307034333,0.9058567259196963,0.003913035808072959
trimap,external,176,0.46321117424242425,0.006361362832843373,0.9055886231053001,0.003924330800260892
trimap,external,177,0.4636990583804143,0.0063888705921602215,0.9053102086794428,0.00391999174517428
trimap,external,178,0.46421797752808985,0.006347974834300049,0.905052320943429,0.003912641537504774
trimap,external,179,0.46474208566108005,0.006314948242834275,0.904782715853434,0.003929137292260234
trimap,external,180,0.46527203703703696,0.006288298714291845,0.9045216696955704,0.003938168783379585
trimap,external,181,0.46579797421731123,0.006284239671093465,0.9042527390895834,0.003952878507389507
trimap,external,182,0.4663252747252747,0.00625714751309286,0.9039896968499544,0.003947561416558075
trimap,external,183,0.46685027322404365,0.006216016619315261,0.9037230702558648,0.003955537260406866
trimap,external,184,0.4673440217391304,0.00622340475760152,0.9034350637013641,0.003954532977681121
trimap,external,185,0.4678499099099099,0.006221894147959309,0.9031652525039817,0.003972126256107229
trimap,external,186,0.46836612903225805,0.006234157027197024,0.9028912801011927,0.003971346182350241
trimap,external,187,0.46885846702317285,0.006234814199280897,0.9026051526846531,0.003978088664403733
trimap,external,188,0.4693737588652482,0.00622787083608018,0.9023313305145778,0.003986801304421274
trimap,external,189,0.4698830687830687,0.006227541817756519,0.9020474203026904,0.0039750726427183304
trimap,external,190,0.47036508771929825,0.006175535109393373,0.9017615372898526,0.003982425498228609
trimap,external,191,0.4708205933682373,0.006149324749734612,0.9014851547484923,0.00399355217443703
trimap,external,192,0.4713013888888889,0.006102931791984072,0.9012095214573325,0.004000847986193475
trimap,external,193,0.4717279792746114,0.006083860866530675,0.9009390244356613,0.004009285178322736
trimap,external,194,0.4722182130584192,0.006054118825146994,0.9006326819783843,0.0040180664545887744
trimap,external,195,0.47269401709401704,0.006056847361141639,0.9003567872285974,0.004019749978799371
trimap,external,196,0.4731517006802721,0.006046598307011337,0.9000702616628894,0.00401749568879678
trimap,external,197,0.4736263959390863,0.006045917409140476,0.899793888392482,0.004015580479928271
trimap,external,198,0.4741006734006734,0.006005159591853793,0.899508214374217,0.004028054809267641
trimap,external,199,0.4745834170854271,0.005974812688018127,0.8992244103522204,0.004045108051860611
trimap,external,200,0.475041,0.0059886406429172055,0.8989474123755463,0.004056495446983022
umap,external,1,0.09116666666666666,0.00210792156716832,0.967292896448224,0.0006894667716298788
umap,external,2,0.13933333333333334,0.0014494251734164603,0.9666980899954126,0.0006487117630094274
umap,external,3,0.17123333333333332,0.0006333333333333017,0.965778125434571,0.0004931963034634901
umap,external,4,0.19191666666666665,0.0007559486314117781,0.9647819790492885,0.0005714230630460543
umap,external,5,0.20873333333333333,0.0013170168310744318,0.9643443512024049,0.00035660784040310946
umap,external,6,0.22239444444444442,0.002066218589418663,0.9639107359144635,0.0003811185852588446
umap,external,7,0.23518095238095235,0.002328936576687151,0.9634876296720744,0.000518975808732385
umap,external,8,0.24458749999999999,0.001438260668307395,0.9631948484848486,0.0005110170215960232
umap,external,9,0.2530333333333333,0.0011964969445308422,0.9627919756183679,0.0005895172018143445
umap,external,10,0.2609333333333333,0.000960069441932922,0.9624099991634248,0.0006650980275953952
umap,external,11,0.26833939393939393,0.0011149003340303614,0.9620196859379636,0.0006147645568365103
umap,external,12,0.27487222222222224,0.0013418823153123767,0.9615755298812564,0.0007586210695623727
umap,external,13,0.28065384615384614,0.0015442199922988337,0.9611840194562555,0.0008621046789299073
umap,external,14,0.2868404761904762,0.0015791100137020706,0.9608402634397984,0.0009637804894635221
umap,external,15,0.2915911111111111,0.0014548361241556315,0.960290424105272,0.000972314316487317
umap,external,16,0.2960979166666667,0.0015812541172541903,0.9598916436087704,0.0010279137479525095
umap,external,17,0.3001274509803921,0.0019222817804286428,0.9595534577696202,0.0011428702335565424
umap,external,18,0.30399629629629626,0.0018981011737638526,0.9592217478964175,0.0012546011027664383
umap,external,19,0.3078561403508772,0.002309401076758528,0.9588778965482202,0.0011592910879791053
umap,external,20,0.31138333333333335,0.002241731101923985,0.9585082756014612,0.0011260835717467044
umap,external,21,0.3145873015873016,0.002426452545934513,0.9580988333253329,0.0010947075471823067
umap,external,22,0.31832121212121206,0.002492328449849341,0.9578397545351409,0.0012009929965911693
umap,external,23,0.32143623188405795,0.0024420169440205366,0.9575302236964746,0.0012728236405601596
umap,external,24,0.32469583333333335,0.0026545198613769096,0.9572534980656826,0.0012456029755406807
umap,external,25,0.3276213333333333,0.0027288454212969432,0.9569156831566549,0.001224665391363917
umap,external,26,0.33041666666666664,0.0028871945734451044,0.9566139465361471,0.0012206875532928044
umap,external,27,0.3331172839506173,0.0026463120631242247,0.9563963363675202,0.0011358225033692802
umap,external,28,0.33552023809523807,0.002597234924241675,0.9561776283728906,0.0012183682692673945
umap,external,29,0.33819885057471266,0.002835011976213034,0.9558422946956754,0.001228814812858174
umap,external,30,0.34059222222222224,0.002716381034745699,0.9555890483415519,0.00126909859315744
umap,external,31,0.3431408602150538,0.002735419835931395,0.9553241426818886,0.0012919491107306368
umap,external,32,0.3452208333333333,0.0026038758170914052,0.955055778528196,0.0012596060800057908
umap,external,33,0.3474868686868687,0.0027285120640871264,0.9548544028896561,0.0012137715136742798
umap,external,34,0.34971176470588233,0.0026786077440279867,0.9545394583944758,0.0013056076830305465
umap,external,35,0.35192285714285715,0.0025378779501378838,0.954246296765476,0.0012643405258227793
umap,external,36,0.354137962962963,0.0026979563787057864,0.9539842700544924,0.0012779804576015287
umap,external,37,0.3562279279279279,0.0028237570015147745,0.9537681339427664,0.0012900908715347986
umap,external,38,0.35844385964912284,0.0029785409027761685,0.9535026293539811,0.0013194923827357823
umap,external,39,0.3605547008547008,0.0030565138656218254,0.9532105918060624,0.0013010994693863577
umap,external,40,0.3625008333333333,0.0031286282270882493,0.9529273649363287,0.001326802858780744
umap,external,41,0.36455528455284547,0.0030081273346505076,0.952686640385322,0.0012588889599852266
umap,external,42,0.36633333333333334,0.0030706043560040693,0.952451500910284,0.001219965925447772
umap,external,43,0.36808759689922477,0.0030442529647212906,0.9521747441466465,0.0012545197937808069
umap,external,44,0.3699545454545454,0.0030173705097963116,0.9519112354638285,0.0012442458475424806
umap,external,45,0.3716237037037036,0.003109352942360304,0.9516706666101503,0.0012515900945523552
umap,external,46,0.37345797101449274,0.0031305210837540755,0.951411463950635,0.0012477944724828783
umap,external,47,0.37528014184397157,0.0030570879824184014,0.9511625641483855,0.0013012629759554608
umap,external,48,0.3768701388888889,0.0030755323142837745,0.950875173721621,0.0013040732553386996
umap,external,49,0.3784517006802721,0.0030764426719981967,0.9505589216838035,0.0012802174351659156
umap,external,50,0.380164,0.0031359368616093036,0.9502821493183845,0.0013080014613969628
umap,external,51,0.3818915032679739,0.003116318210654224,0.9500305267743939,0.0013346000590725691
umap,external,52,0.3836435897435897,0.0030555533963891927,0.9497587151044374,0.00133324269486925
umap,external,53,0.3852452830188679,0.0029572900192140475,0.9494789464606597,0.0013413110969051041
umap,external,54,0.3868043209876543,0.0029796528400296038,0.9492067050568922,0.0013759270964491946
umap,external,55,0.3884490909090909,0.0030470817905032515,0.9489358963647194,0.0013729379023856023
umap,external,56,0.3899505952380952,0.0029627671095748486,0.948660143446984,0.0013288314882386556
umap,external,57,0.3915239766081871,0.0028711513018102445,0.948338357283944,0.0013044792351545925
umap,external,58,0.3928781609195402,0.002933301523536689,0.9480444170247145,0.0013069508332282376
umap,external,59,0.394312429378531,0.002811795104086378,0.9477081106888149,0.001293522086822126
umap,external,60,0.39567277777777776,0.0027203320535334674,0.947405494806099,0.0012626266044482273
umap,external,61,0.3971202185792349,0.002817462598517181,0.9470984833548668,0.0012587339177770266
umap,external,62,0.3984559139784946,0.002850481609148375,0.946818856152346,0.0012442639794137662
umap,external,63,0.39981269841269834,0.0028728895876832046,0.946524364706759,0.0012310777655690074
umap,external,64,0.40117291666666666,0.002845910208591368,0.9462592781985184,0.0012374123004653568
umap,external,65,0.402494358974359,0.002853954521406516,0.9459655758388203,0.0012652205127677615
umap,external,66,0.4037126262626263,0.0028972998628474128,0.9456510486871018,0.0012795798533251745
umap,external,67,0.4050358208955223,0.002966746344345351,0.9453514579577108,0.0012989173604758368
umap,external,68,0.40633627450980386,0.00291431199234,0.9450696175904615,0.0013324604285139
umap,external,69,0.4075545893719807,0.0029598944719878713,0.9448207854705434,0.0013237869786521413
umap,external,70,0.4088171428571428,0.0029991451162909135,0.9445029635811185,0.0013383760686361192
umap,external,71,0.4100215962441314,0.002968501684053962,0.9442250527309762,0.0013269274196096774
umap,external,72,0.41129490740740743,0.0030215641942611866,0.9438995724894238,0.0013362803091721877
umap,external,73,0.41261004566210047,0.0030537378642233664,0.9436178343369604,0.0013219410180498505
umap,external,74,0.4138085585585585,0.0030927252507301044,0.9433474634142951,0.0013055087415113744
umap,external,75,0.41511288888888886,0.0031228147796736787,0.9430487199496899,0.001320762221638169
umap,external,76,0.4163026315789473,0.0031854850102759026,0.9427464183073822,0.0013294455581246154
umap,external,77,0.4174831168831168,0.003132313267507268,0.9424811210716849,0.0013436987037190446
umap,external,78,0.41870811965811966,0.003062938930783693,0.9421801718207385,0.0013687634418893908
umap,external,79,0.4198637130801688,0.003043884897975797,0.9418928470086335,0.0013731991097566372
umap,external,80,0.42099291666666666,0.0030903788029679013,0.9416092277247926,0.0013922541458269064
umap,external,81,0.42215967078189304,0.0031476887424016498,0.9412893580862395,0.0014138095032700832
umap,external,82,0.4232934959349593,0.00312663528500419,0.9409623316544659,0.0013854518588670526
umap,external,83,0.42430722891566264,0.0031450276648893414,0.9406456610959969,0.0014040025129518194
umap,external,84,0.4253694444444444,0.0032511293026043515,0.9403533339070321,0.0013976042734843276
umap,external,85,0.42631176470588233,0.003277758327573791,0.940017846580781,0.0014093131076231059
umap,external,86,0.427362015503876,0.003214134871310721,0.9396959750207543,0.0014048460368441002
umap,external,87,0.4283383141762452,0.003277205679957447,0.9393815984012818,0.0014141297992797865
umap,external,88,0.42940530303030305,0.0033084622462063885,0.939063237252943,0.0014102738369267996
umap,external,89,0.43040674157303366,0.003256955692635403,0.9387300854370474,0.0013883983319876914
umap,external,90,0.4314911111111111,0.003242139973063843,0.9384274507267003,0.001428464345397543
umap,external,91,0.43246776556776556,0.0032324071375789353,0.9381190663465451,0.0014474083492934328
umap,external,92,0.43337826086956516,0.0032344757919009685,0.937845870935114,0.0014514461687704105
umap,external,93,0.434294623655914,0.0032613957915224663,0.9375641934555313,0.0014789972942357177
umap,external,94,0.4351801418439716,0.0032556115731078882,0.9372586446796564,0.0015059270032628624
umap,external,95,0.43624385964912277,0.0032602058520283007,0.936953912685525,0.0014956811380348982
umap,external,96,0.4372052083333333,0.0032376814822042796,0.9366699772331014,0.0014609626014068532
umap,external,97,0.438033676975945,0.0032956712468480355,0.9363906493811044,0.001436061534790456
umap,external,98,0.4389414965986395,0.0032537490524033475,0.93609840041143,0.0014587629219942047
umap,external,99,0.4399390572390572,0.0033006194416248863,0.9358097660584028,0.0014350480835961005
umap,external,100,0.44086033333333335,0.003332922791384986,0.935515100229467,0.0014383195068099963
umap,external,101,0.44173267326732674,0.0033325104529509913,0.9352367489347687,0.0014397727631765647
umap,external,102,0.4426692810457516,0.0033132216714881844,0.9349563256300396,0.00146540496257603
umap,external,103,0.4435355987055016,0.0033687158003031323,0.9346746848973786,0.001461998751541122
umap,external,104,0.44444487179487174,0.003386080639637261,0.9344036034864055,0.0014410493166846857
umap,external,105,0.44531396825396824,0.0034107601287813806,0.9341467134346363,0.001444340848698058
umap,external,106,0.44622798742138364,0.00343225003100087,0.9338627101178355,0.0014708725906164117
umap,external,107,0.4470507788161993,0.0034296006043155114,0.9336116103054485,0.0014545603705796658
umap,external,108,0.44788302469135804,0.00340612852577015,0.9333433045803675,0.0014544941949714526
umap,external,109,0.44870214067278286,0.0034256228812700206,0.933064666024114,0.0014397969875585882
umap,external,110,0.449470606060606,0.003451402198380552,0.9327809429541207,0.001402754594491568
umap,external,111,0.450278078078078,0.0034189797301781024,0.9325098271373382,0.0013902860720135315
umap,external,112,0.451035119047619,0.0034040337919221614,0.9322330314808945,0.001390926349683631
umap,external,113,0.45192418879056045,0.003375740516891431,0.9319870366305444,0.0013786865267350294
umap,external,114,0.4527304093567251,0.003369543893324564,0.9317071845736845,0.0014029218529227221
umap,external,115,0.45346086956521736,0.003411427033447577,0.9314331852626078,0.0014100241915781645
umap,external,116,0.45425,0.003434336047967468,0.9311505685531304,0.0013928526398641755
umap,external,117,0.4548897435897436,0.0034323023033334846,0.9309041044937358,0.001398911998031587
umap,external,118,0.4556867231638418,0.0034702426812794262,0.93062019339844,0.0014040338109336642
umap,external,119,0.4564044817927171,0.0034482932260500054,0.9303398207752088,0.0014065150646486852
umap,external,120,0.4571241666666667,0.0034463656380470343,0.9300449033468604,0.0014007695938831372
umap,external,121,0.45779889807162527,0.0034850968563153078,0.9297477190472274,0.0013773339290165424
umap,external,122,0.45844262295081967,0.00349900156604008,0.9294649898807236,0.0013577613358675615
umap,external,123,0.4591054200542006,0.003559952736981991,0.929195782231741,0.0013596897280152976
umap,external,124,0.4598258064516129,0.003590702690512597,0.9289251349196616,0.001348116097959387
umap,external,125,0.4605973333333333,0.0036243226640758188,0.9286531785589367,0.00135342003067701
umap,external,126,0.4612907407407407,0.0036727413375516817,0.9283864964463967,0.0013611265759164665
umap,external,127,0.4619994750656167,0.0036865450801388438,0.9281124860376962,0.001370875732093207
umap,external,128,0.46261588541666665,0.0036871198106886074,0.9278314642495623,0.001366715044697982
umap,external,129,0.46330439276485785,0.003745075514530891,0.9275399382995162,0.0013393756528446677
umap,external,130,0.46396,0.0037411282828048345,0.927270641379473,0.0013385053926694794
umap,external,131,0.46454961832061065,0.0037589720186388086,0.9270055080728419,0.0013392231013222389
umap,external,132,0.46523611111111113,0.0037671150856137003,0.9267307826057497,0.0013719607319948885
umap,external,133,0.4658912280701754,0.0037727934547821694,0.9264370284263291,0.0013730841432364695
umap,external,134,0.4665223880597014,0.0037615438270177486,0.9261666565160246,0.0013756568004182983
umap,external,135,0.4671175308641975,0.0037428352283277234,0.92589059345097,0.0013877617239376938
umap,external,136,0.4677605392156862,0.003733889581735544,0.925595659430285,0.0013824447954998785
umap,external,137,0.46832871046228713,0.003683258136768184,0.9253145233798531,0.0013802734758816746
umap,external,138,0.468893961352657,0.003686871091929491,0.9250267361210628,0.001360451676564494
umap,external,139,0.4695035971223021,0.0036741993272891033,0.9247241837761656,0.0013464805385102066
umap,external,140,0.47007523809523805,0.0036399037280758066,0.9244209857752311,0.0013282578741773425
umap,external,141,0.47062151300236404,0.0036406041335867254,0.9241258726387422,0.0013148271204214534
umap,external,142,0.4711464788732394,0.0036322069729772632,0.9237965385738437,0.0013132739459894025
umap,external,143,0.47168251748251744,0.003620719373664014,0.9234869276034402,0.0013040434255970582
umap,external,144,0.47220300925925923,0.0036153360923214745,0.9231829892160893,0.0012950332909945706
umap,external,145,0.47273379310344826,0.003619196605130403,0.9228809490812498,0.0013268220302494844
umap,external,146,0.4733118721461187,0.0036663482336125024,0.9225642267850102,0.0013114674180573307
umap,external,147,0.47389319727891155,0.003692137561402247,0.9222632839675519,0.0013188293397799295
umap,external,148,0.4744213963963964,0.003700601675886559,0.9219358371939114,0.0013376481529544459
umap,external,149,0.474958389261745,0.0036974587011633898,0.9216363822315911,0.0013085325706639393
umap,external,150,0.4755066666666667,0.003705909035281085,0.9213310540027377,0.0012869365374013695
umap,external,151,0.47596048565121407,0.0036943235576412875,0.9210190810563496,0.0012709968076923353
umap,external,152,0.4764774122807018,0.0036383040047118127,0.9207103459173255,0.0012866560032471738
umap,external,153,0.47701982570806106,0.0036495452866634826,0.9203740011153299,0.0012682090666783622
umap,external,154,0.47750844155844147,0.0036794244835673734,0.9200490510882245,0.0012658841333281245
umap,external,155,0.4780090322580645,0.003669657229652754,0.9197285448618592,0.001282629103987293
umap,external,156,0.478492094017094,0.0037392259390806202,0.9194015157576603,0.0012729151194892444
umap,external,157,0.4789484076433121,0.0037293059990041516,0.9190844589258841,0.0012546521741210214
umap,external,158,0.4793812236286919,0.0037279940405409574,0.9187509237842915,0.0012709974179148955
umap,external,159,0.479845073375262,0.0037168865429404864,0.9184326506677546,0.001257662509794824
umap,external,160,0.48028458333333335,0.003745903196187577,0.918103006965687,0.001246070540309742
umap,external,161,0.48075465838509307,0.0037329073180119763,0.9177881857558258,0.0012488378988435725
umap,external,162,0.48117016460905343,0.003737313159610812,0.917452737203388,0.0012590815786990288
umap,external,163,0.4816443762781186,0.0037114873121398026,0.9171161141654345,0.0012431534796270027
umap,external,164,0.4821044715447154,0.003740557531629782,0.9167834709284883,0.0012478721069797449
umap,external,165,0.4825787878787879,0.00372969829920898,0.9164627533329025,0.0012548315308390226
umap,external,166,0.48299076305220884,0.0037526829969140537,0.9161280113120124,0.001279850510894052
umap,external,167,0.48343892215568857,0.0037739998263043696,0.9158134556440599,0.001263615789599274
umap,external,168,0.48387182539682544,0.0037665981089370325,0.9154810325931573,0.0012481813929550844
umap,external,169,0.4842737672583826,0.0037741948182557733,0.9151553214948015,0.0012401393128292815
umap,external,170,0.4847533333333333,0.0037784935635978055,0.914843502365561,0.0012407094160846789
umap,external,171,0.48512865497076024,0.003753518509394806,0.9145268647023502,0.0012126841704831715
umap,external,172,0.48556569767441865,0.003742218670975222,0.9142101701842004,0.0011932914241837903
umap,external,173,0.48597129094412334,0.0037801488932530047,0.9138761621227577,0.0011881548412702037
umap,external,174,0.4863515325670498,0.003802225027312448,0.913539418841023,0.0012059046000022662
umap,external,175,0.48672590476190475,0.0038226311841541762,0.9131991173209985,0.0012055262567705826
umap,external,176,0.48713579545454544,0.0038064827277573465,0.9128433859661399,0.001211380810866442
umap,external,177,0.48753672316384183,0.0037875380916311775,0.9125059392138409,0.001203567788736926
umap,external,178,0.487951872659176,0.0037923528998195623,0.9121570547699501,0.0011553840377312116
umap,external,179,0.48835567970204846,0.0037620147543314794,0.9118117860474447,0.0011523477555280123
umap,external,180,0.48875074074074076,0.0037493318060382074,0.9114640320170015,0.0011414928394793225
umap,external,181,0.4891493554327808,0.003756461638211663,0.9111167483984618,0.0011465095740921527
umap,external,182,0.48954413919413914,0.0037898319817779697,0.9107758646492378,0.0011441011491268064
umap,external,183,0.48991092896174865,0.0037856220935605037,0.9104453903986504,0.0011232226452291434
umap,external,184,0.49026485507246376,0.003795101353798317,0.9101087073288922,0.0011179594998900237
umap,external,185,0.49063495495495496,0.003776074011502675,0.9097723152088144,0.001106245382276282
umap,external,186,0.49105322580645167,0.0037699981660223427,0.9094157961387045,0.0010772014209822235
umap,external,187,0.49145151515151514,0.003729772381396047,0.9090879175156337,0.001076160455164273
umap,external,188,0.49180939716312055,0.003723886645550101,0.908700413155146,0.0010458500901190165
umap,external,189,0.49220299823633157,0.003707080181754942,0.9083516943984069,0.0010376025039831225
umap,external,190,0.4925678947368421,0.00373316687318518,0.9080067654497666,0.0010472620397703157
umap,external,191,0.4929340314136126,0.0037702732150634746,0.9076605407208014,0.0010565221342359373
umap,external,192,0.4933097222222222,0.0037638745907695365,0.9072995917811756,0.00102405633756333
umap,external,193,0.4936621761658031,0.0037864801080822264,0.9069584477372921,0.0009980734027172683
umap,external,194,0.49405103092783503,0.003772788799797535,0.9066120112984613,0.0009987728963054996
umap,external,195,0.4944208547008547,0.003778594833715174,0.9062563461596103,0.0009944715604614696
umap,external,196,0.4948003401360544,0.0037346005596869377,0.9058850120064218,0.000992018644105713
umap,external,197,0.4952047377326565,0.003788835763043072,0.9055383369330453,0.001004343912529689
umap,external,198,0.495539898989899,0.0038050308969202733,0.9051791863037305,0.0010113245324450632
umap,external,199,0.49588040201005024,0.0038060282598623933,0.904801339852464,0.001003982767557855
umap,external,200,0.49624766666666664,0.0038139284974069545,0.9044189947965942,0.001015743370074132
vae,external,1,0.023133333333333336,0.0015947831618540903,0.9283041729197933,0.000962743146745996
vae,external,2,0.0381,0.0012489995996796774,0.9275913611910421,0.001326008399812121
vae,external,3,0.0492,0.0007371114795832001,0.927371777221527,0.0015206511595998843
vae,external,4,0.05943333333333334,0.0013565427871369672,0.9277839666541463,0.0011631175786652353
vae,external,5,0.06850666666666666,0.001482880080563946,0.9278679358717435,0.0008139100960204217
vae,external,6,0.07726111111111111,0.0018283518179963007,0.9275869774046694,0.000532709876691636
vae,external,7,0.08531904761904763,0.0023992487486342723,0.9275045094247275,0.0005638805028804346
vae,external,8,0.09219583333333332,0.0022955913363082127,0.927169657784744,0.0004744226726238756
vae,external,9,0.0994,0.0030530090398704734,0.9267763491665274,0.0008184776186043366
vae,external,10,0.10623666666666666,0.0030211973343913434,0.9268460492742712,0.0006734654924334879
vae,external,11,0.11287575757575757,0.003319244329679605,0.926811555170079,0.0006991844884224167
vae,external,12,0.11852499999999999,0.003243551294491888,0.9264963633890074,0.0006667123055199873
vae,external,13,0.12413589743589744,0.003335503238499911,0.926419514237856,0.0005807880034636591
vae,external,14,0.1296452380952381,0.0034345359824823445,0.9261993797016105,0.00042653615617522047
vae,external,15,0.13472222222222222,0.0034876883992653977,0.9260269563881206,0.0005408775103775504
vae,external,16,0.13968958333333334,0.003293751976596491,0.925881082830252,0.0004930129602200164
vae,external,17,0.14461764705882352,0.0037774645933913572,0.9257028787609659,0.0005017333196933258
vae,external,18,0.14914444444444444,0.0038294303802311152,0.9254842994662379,0.0004175332606908997
vae,external,19,0.15368070175438597,0.003988214401076832,0.925160704581903,0.00042310372836067394
vae,external,20,0.15782166666666667,0.004078517908914136,0.9249927236847629,0.00041558139244323106
vae,external,21,0.1622111111111111,0.0041590660836094894,0.9247627408154121,0.0003314700700803902
vae,external,22,0.1663409090909091,0.004308489121768403,0.9245192893895465,0.0003704380426672195
vae,external,23,0.17031014492753624,0.004808727756267801,0.924237695780105,0.0002832684222961576
vae,external,24,0.1741125,0.0050640909708565725,0.924072211884838,0.00027225071305257584
vae,external,25,0.17760266666666666,0.005216400802596868,0.9238759557462561,0.0003741947466430701
vae,external,26,0.18133461538461537,0.005199392602213505,0.9235889610221449,0.00037355809513310155
vae,external,27,0.18479876543209875,0.0052966748548125935,0.923336892967734,0.00030254294623799816
vae,external,28,0.18822738095238098,0.0053812698757998035,0.9231024576602592,0.00032575597003992317
vae,external,29,0.19153218390804597,0.005618076749692722,0.9227302925572097,0.0003416740868628935
vae,external,30,0.1948466666666667,0.005787965484040506,0.9223928787176353,0.0004095768243381116
vae,external,31,0.1981967741935484,0.0058578611233697534,0.922086368322412,0.000463533853862341
vae,external,32,0.20128958333333333,0.006167753634495566,0.9218235190223122,0.0005579813044241621
vae,external,33,0.20426868686868685,0.006359207934846647,0.9215584707837872,0.0005096261913391578
vae,external,34,0.2072343137254902,0.006307987969714811,0.9212207310048243,0.0005245722482681643
vae,external,35,0.21013904761904764,0.006491836841621272,0.9208974694463548,0.0005217684900588484
vae,external,36,0.21317222222222224,0.006579265620957329,0.9206869587715963,0.000533974736878454
vae,external,37,0.21590630630630628,0.006698192866704526,0.9203950258575005,0.000507977520805292
vae,external,38,0.2186184210526316,0.0067454083079526925,0.9201891994571082,0.0005007775352788703
vae,external,39,0.22123675213675212,0.006956465230501602,0.9198419838992663,0.0005538824288473085
vae,external,40,0.22399083333333333,0.007030843358611626,0.9195491454076237,0.0005746428926256655
vae,external,41,0.22662601626016263,0.0070906413060087825,0.9192564222068071,0.0006275965212566097
vae,external,42,0.22913174603174605,0.007292865434339668,0.9189148188806833,0.000692540910905233
vae,external,43,0.23169457364341084,0.00732685863111857,0.9186232173990131,0.0007312156354455164
vae,external,44,0.23419166666666666,0.007346792721454106,0.9183421677047582,0.0007515353603024659
vae,external,45,0.23666518518518517,0.007481610816630511,0.9180727388757018,0.0007510435142501411
vae,external,46,0.23900507246376812,0.007522421536440021,0.9177968981893737,0.0007725949873239199
vae,external,47,0.2413127659574468,0.007548764960038842,0.91738901133416,0.0008309513496065565
vae,external,48,0.2437138888888889,0.007598294631551903,0.9171383177735342,0.0008697001606950028
vae,external,49,0.24583945578231292,0.007688609232207522,0.9167803046842783,0.0009477969723975377
vae,external,50,0.24798,0.007734129815305677,0.9164166683653968,0.0010147327760998326
vae,external,51,0.25012091503267975,0.007719368614115384,0.916095993712295,0.0009990193494409207
vae,external,52,0.2522153846153846,0.007728444684962201,0.9157911783167744,0.001077277365054744
vae,external,53,0.2542993710691824,0.007858925293946979,0.915483047346297,0.0010703709839555878
vae,external,54,0.2563456790123457,0.007975989846877573,0.9151427960434596,0.0011265256315145047
vae,external,55,0.2584066666666667,0.008053558185611856,0.9148147364634345,0.0011338057647541288
vae,external,56,0.2603642857142857,0.00798209312065041,0.9144366243592317,0.0011801583989397774
vae,external,57,0.2623842105263158,0.007966208256880904,0.9141214548464501,0.0012281921969793876
vae,external,58,0.264333908045977,0.007937275343161949,0.9137793004296574,0.0012642804936269503
vae,external,59,0.2662242937853107,0.007924932263062347,0.9134813368638651,0.001297302836480666
vae,external,60,0.2679944444444444,0.007940810435363018,0.9131411600659362,0.0013249294126302096
vae,external,61,0.2697169398907104,0.0078887419967407,0.9128065185048464,0.0013264962821853425
vae,external,62,0.2715075268817204,0.007913428952548141,0.9124972120493965,0.0013685071363210954
vae,external,63,0.2732830687830688,0.00795527263164646,0.9121838150112799,0.0013919226084567395
vae,external,64,0.27499114583333334,0.007944342574360812,0.9118970395158191,0.0014071765432187324
vae,external,65,0.27676615384615383,0.007996882676667108,0.9116257566796778,0.0014071700116866323
vae,external,66,0.2783979797979798,0.00798081813259162,0.9112996028740165,0.0013986190131676038
vae,external,67,0.2801537313432836,0.008022577158479422,0.9109642825242855,0.0014084047653520684
vae,external,68,0.2817995098039216,0.008073884907706061,0.9106367241444365,0.0014971660145318515
vae,external,69,0.2834632850241546,0.0081110307776418,0.9103015746361932,0.0015189847030272798
vae,external,70,0.28509761904761904,0.008077999516617735,0.9099510197531316,0.0015415992817903134
vae,external,71,0.28664929577464787,0.008076824145425925,0.9096140737739219,0.0015749862217489538
vae,external,72,0.2882236111111111,0.008039231064667259,0.9092752116436108,0.0016384293408733973
vae,external,73,0.2897406392694064,0.008072583252143934,0.9089420428801165,0.0017194769606206583
vae,external,74,0.29133513513513515,0.008073017648425504,0.9086330754697092,0.0017402211956383425
vae,external,75,0.292812,0.008086617861902744,0.9082631649658405,0.0018130888060012458
vae,external,76,0.29431359649122807,0.008098644590665128,0.90797075157976,0.0018446084669536263
vae,external,77,0.2957688311688312,0.008129434762833383,0.907620501301822,0.0018892289029539494
vae,external,78,0.2972034188034188,0.008125256920363528,0.9072964122376872,0.00189967319537642
vae,external,79,0.29863164556962024,0.008144914356026604,0.9069705568185155,0.0019344801811451485
vae,external,80,0.30011916666666666,0.008101412042559843,0.9066156670210939,0.0019549187278046906
vae,external,81,0.3014942386831276,0.008186668611581316,0.9062801892919222,0.0019835729404239616
vae,external,82,0.3028617886178862,0.008179914237107427,0.905929337607577,0.0019762331376872292
vae,external,83,0.30428674698795183,0.008252070388632213,0.9055912631169841,0.001966570917502055
vae,external,84,0.3056420634920635,0.008320677833610271,0.9052611627952244,0.00201080151570522
vae,external,85,0.30702823529411766,0.008352227061437777,0.904917986094231,0.0020341363661938905
vae,external,86,0.30830813953488373,0.008373741116851505,0.9045738754883139,0.0020417917570495062
vae,external,87,0.30955977011494257,0.008441362641783579,0.9042065415340921,0.00205251210008574
vae,external,88,0.31083219696969694,0.008448496609174575,0.9038688843019725,0.002113698923204037
vae,external,89,0.31207977528089886,0.008424206589318228,0.9035359232316305,0.0021327271083716563
vae,external,90,0.3133329629629629,0.008420404548310141,0.9031901743314021,0.0021531783743896625
vae,external,91,0.31452271062271064,0.008429827430045164,0.9028278573182793,0.002149460047600417
vae,external,92,0.31576521739130436,0.008477660722905985,0.9024905707026067,0.0021695322589938993
vae,external,93,0.31695340501792113,0.008467602957271055,0.9021674018515423,0.002262902065600554
vae,external,94,0.31815248226950354,0.008577266605065111,0.901811527832537,0.002278065916964181
vae,external,95,0.31931929824561406,0.008574916090837978,0.901480933049502,0.0023298761699018225
vae,external,96,0.32045624999999994,0.008558503921031961,0.901147414543077,0.002319520350410758
vae,external,97,0.3216134020618557,0.008579478069011924,0.9008015265524995,0.0023328796657148287
vae,external,98,0.3227598639455782,0.008590741261136865,0.9004712356584426,0.0023883920273835087
vae,external,99,0.3239117845117845,0.00853706141142416,0.9001263961785254,0.0023716005967439617
vae,external,100,0.325065,0.008537906769226292,0.8998130646837251,0.0024084553840854448
vae,external,101,0.32610330033003304,0.008563452269180115,0.8994806609494109,0.0023942005481093283
vae,external,102,0.3272013071895425,0.008538179645696213,0.8991418539815076,0.0023958997349511186
vae,external,103,0.3282799352750809,0.008578166112939689,0.8988205815142601,0.0024184479692084346
vae,external,104,0.3293096153846154,0.008579953813012724,0.8984961661046121,0.0024563373564870502
vae,external,105,0.3303968253968254,0.008614119418928888,0.898151947357114,0.002438509481650524
vae,external,106,0.3313874213836478,0.008646601054855445,0.8978193901639183,0.0024369236655843777
vae,external,107,0.3323797507788162,0.008601389129346236,0.897473958244578,0.002466779985819235
vae,external,108,0.33340925925925924,0.0086133068188287,0.8971374546587847,0.0025147886015783635
vae,external,109,0.33443822629969416,0.008650015475383702,0.8968389983194779,0.0025771014303192373
vae,external,110,0.3353712121212122,0.008681680262271157,0.8965049431595916,0.0026069289896423135
vae,external,111,0.3363675675675675,0.00859055035450181,0.8961882218116891,0.0026262381423622907
vae,external,112,0.337321130952381,0.008658063674532637,0.8958591492515054,0.002591555093300904
vae,external,113,0.33829646017699117,0.00866850071760095,0.8955286087555936,0.0026794125808339416
vae,external,114,0.3392578947368421,0.008677378670128192,0.8951896464420814,0.0027178801465524657
vae,external,115,0.3402,0.008665221187197846,0.8948865486645232,0.0027359979285633378
vae,external,116,0.34114281609195407,0.008648296929684317,0.8945356203906935,0.00274261718346254
vae,external,117,0.34203019943019947,0.008645348802022796,0.8941939648300133,0.0027612880255187652
vae,external,118,0.34290593220338983,0.008624399399961393,0.8938858784774952,0.0027703369754283865
vae,external,119,0.343772268907563,0.008590358031666075,0.8935613631215374,0.00278123270004754
vae,external,120,0.3446372222222222,0.008603031294474268,0.8932705511556196,0.0027641402142109
vae,external,121,0.3455685950413223,0.008648306385247087,0.8929186276186312,0.0027850863794269317
vae,external,122,0.3464333333333333,0.008633866989165294,0.8925962945622222,0.0028287431426026423
vae,external,123,0.3473271002710027,0.008657455573318738,0.8922612727182319,0.0028436262777925456
vae,external,124,0.34816747311827956,0.008660565286727826,0.8919322590866349,0.0028511874928174
vae,external,125,0.34901306666666665,0.008673067142212916,0.8915948966421826,0.0028749953599164334
vae,external,126,0.34988386243386244,0.008671287990128331,0.891276523411709,0.002885155193694369
vae,external,127,0.35073884514435694,0.008687470991662121,0.8909657943370757,0.0029034268101978417
vae,external,128,0.3515466145833333,0.00870331976096786,0.8906274253118845,0.002956365372421766
vae,external,129,0.35237932816537465,0.008670768756891543,0.8903283850061307,0.002975398493276729
vae,external,130,0.35318948717948717,0.008664948581789123,0.8900194920994369,0.0029707779639152727
vae,external,131,0.3539926208651399,0.008653116234398553,0.8896958268850291,0.0029635080678607
vae,external,132,0.3547681818181818,0.0085894957685182,0.8893795762106134,0.0029935595327774036
vae,external,133,0.355583709273183,0.008546124942398373,0.8890682673789737,0.003010740073887958
vae,external,134,0.3563514925373134,0.00848799326928121,0.8887480862765283,0.003030484274991657
vae,external,135,0.3571125925925926,0.008514767257773174,0.888451603117471,0.0030460919387579597
vae,external,136,0.35784730392156866,0.008525870852654062,0.8881384526244961,0.0030667770523865358
vae,external,137,0.35866690997566913,0.00852598315096688,0.8878278202424882,0.003077896843338607
vae,external,138,0.35941400966183573,0.008533675779711801,0.8875034763820023,0.0030908847205307504
vae,external,139,0.3601357314148681,0.00854658140971799,0.887191368456277,0.0031522070744126034
vae,external,140,0.3608766666666667,0.008524283030875756,0.8868682770060129,0.0032104331817764007
vae,external,141,0.36164018912529555,0.008531320299442199,0.886560348281621,0.0032315613849786978
vae,external,142,0.36237136150234744,0.008525061637553665,0.8862557995758343,0.003260266000287057
vae,external,143,0.3630738927738928,0.008581116269164928,0.8859201465421412,0.0032976361622522204
vae,external,144,0.36381250000000004,0.00859371088655521,0.8856134378563842,0.003318189417203211
vae,external,145,0.36454045977011496,0.0086128806102178,0.8853047373523708,0.003343141950852636
vae,external,146,0.3652776255707762,0.008609980275036837,0.885007327616663,0.0033657406180277105
vae,external,147,0.3659326530612245,0.00862648404826855,0.884694204726082,0.0033790512138101567
vae,external,148,0.3666218468468469,0.008616215483245144,0.884403923331008,0.0034105172348147987
vae,external,149,0.36728724832214765,0.008598723800000438,0.884088689930279,0.003435857280694583
vae,external,150,0.3679455555555555,0.008636588249568955,0.8837744578384186,0.0034230875839352543
vae,external,151,0.36860706401766,0.008621200735129902,0.8834804380081782,0.0034765482401909018
vae,external,152,0.3692666666666667,0.008658201115732999,0.8831793832320427,0.0034955639108693207
vae,external,153,0.36995511982570806,0.008693458237531272,0.8828750401634275,0.0035206095933393968
vae,external,154,0.370606277056277,0.008661181661541154,0.8825574997400989,0.0035712359024686526
vae,external,155,0.37121763440860217,0.008685593519739984,0.8822469234809366,0.0036058012124272816
vae,external,156,0.37185876068376067,0.008633055755756895,0.8819613756019279,0.0036369192483882156
vae,external,157,0.37251507430997877,0.008591423304497827,0.8816627203239541,0.003690442886027186
vae,external,158,0.37316202531645565,0.0085621043130521,0.8813457500315405,0.003738073231493767
vae,external,159,0.3737949685534591,0.008559857877571424,0.8810517970487131,0.003791197569765964
vae,external,160,0.3744079166666667,0.008526646476206703,0.8807431632918828,0.0038057569779009234
vae,external,161,0.375055900621118,0.008537887814682177,0.8804538064826782,0.003840999173672108
vae,external,162,0.37563950617283953,0.008519847543489497,0.8801532630135201,0.003858030488368365
vae,external,163,0.3762840490797546,0.008520149517250495,0.8798308493923576,0.0039013626423676016
vae,external,164,0.37687642276422767,0.008501133360712383,0.879539943478228,0.003899795339566735
vae,external,165,0.3775129292929293,0.008534257360726365,0.8792459048103637,0.0039308653395762035
vae,external,166,0.3780955823293173,0.008526038910454755,0.8789390868366146,0.003936702539586619
vae,external,167,0.37872235528942116,0.008522904965103606,0.8786344582108123,0.003962561465778619
vae,external,168,0.37928968253968254,0.008502742870053646,0.8783509062920253,0.004002521294967994
vae,external,169,0.37986449704142017,0.008544162579836563,0.8780390367740054,0.004006823263411334
vae,external,170,0.3804090196078431,0.00855590260109899,0.8777219078177406,0.0040381805567008
vae,external,171,0.38096393762183234,0.008537366681021764,0.8774140183182747,0.004085353785794928
vae,external,172,0.3815234496124031,0.00852480058206318,0.8771078963738997,0.004089808984616004
vae,external,173,0.38208342967244696,0.00853567200985798,0.876805878489073,0.004143632643079128
vae,external,174,0.3826011494252874,0.008531701450897435,0.8764992687664904,0.004175880387028606
vae,external,175,0.38314514285714285,0.00849851940046029,0.8762098018527721,0.004220265800238921
vae,external,176,0.3836753787878788,0.008488134271031815,0.8759120835412079,0.004260988498928619
vae,external,177,0.3842035781544256,0.00845687134238019,0.8755993141357928,0.004290163796186583
vae,external,178,0.38471891385767787,0.008442965903788529,0.875295770775479,0.004322144021991584
vae,external,179,0.3852245810055866,0.008460112304388458,0.8750012913348177,0.0043419977563500705
vae,external,180,0.3857492592592593,0.00844084236649206,0.8747067517242407,0.004383270638251614
vae,external,181,0.3862701657458563,0.008416896264697904,0.8744180177483224,0.004422383763085935
vae,external,182,0.38678168498168497,0.008403177039295412,0.8741223099432881,0.00445579825393094
vae,external,183,0.3872943533697632,0.008425869105808661,0.8738278300998766,0.004495835438091248
vae,external,184,0.3877981884057971,0.00842036268684671,0.8735342029326079,0.0045517598111958005
vae,external,185,0.3882967567567568,0.008420943594119348,0.8732319166291492,0.004595370511874785
vae,external,186,0.3888224014336918,0.008427847810845946,0.8729441100335783,0.004625864088988969
vae,external,187,0.3893354723707665,0.008409854659268018,0.8726699496587117,0.004657010974949172
vae,external,188,0.38985709219858156,0.008375651402903925,0.8723857062627882,0.004689492760973255
vae,external,189,0.39036190476190474,0.008362203857044564,0.8721130051799455,0.004734459995595927
vae,external,190,0.3908801754385965,0.008376885231786278,0.871838158189929,0.004764819209463348
vae,external,191,0.3913631762652705,0.008359054422107626,0.8715584194535589,0.004801535814019488
vae,external,192,0.3918361111111111,0.008369092552951436,0.8712545777856362,0.00483143071521528
vae,external,193,0.39231778929188255,0.008382975489447752,0.8709727566116876,0.0048642406297539215
vae,external,194,0.39284879725085914,0.008403374546961807,0.8706860435323884,0.004925668637914939
vae,external,195,0.39333299145299144,0.008366552885642543,0.8703963272303036,0.004953427301637616
vae,external,196,0.3938091836734694,0.008386616112026103,0.8700980097611842,0.004993515749451261
vae,external,197,0.3943336717428088,0.008389186334399609,0.8698034242032211,0.005038966606148854
vae,external,198,0.39477861952861953,0.008382005433277568,0.8695153942076629,0.005097369932912553
vae,external,199,0.39525460636515913,0.008357949457957514,0.8692302339627526,0.0051445206731972025
vae,external,200,0.39570333333333335,0.008345639075788806,0.8689490021174033,0.005161226880074926
