method,seed,k,nh_score
γ=1.0,191664964,1,0.3608429183108051
γ=1.0,191664964,2,0.4147426748383847
γ=1.0,191664964,3,0.4351299918842525
γ=1.0,191664964,4,0.4455545294265804
γ=1.0,191664964,5,0.4496683737721434
γ=1.0,191664964,6,0.4532714857414714
γ=1.0,191664964,7,0.4556112596999172
γ=1.0,191664964,8,0.4582843589958861
γ=1.0,191664964,9,0.4590901034524575
γ=1.0,191664964,10,0.4604105448744857
γ=1.0,191664964,11,0.4627044519580829
γ=1.0,191664964,12,0.4650638065653597
γ=1.0,191664964,13,0.4666371744282919
γ=1.0,191664964,14,0.4676439545678065
γ=1.0,191664964,15,0.4693700500937509
γ=1.0,191664964,16,0.4710194358156326
γ=1.0,191664964,17,0.4723290877932904
γ=1.0,191664964,18,0.4739386561441805
γ=1.0,191664964,19,0.4752351872881767
γ=1.0,191664964,20,0.4770023507681975
γ=1.0,191664964,21,0.4787191511647896
γ=1.0,191664964,22,0.4801119667839506
γ=1.0,191664964,23,0.4819293820472855
γ=1.0,191664964,24,0.4837352727170962
γ=1.0,191664964,25,0.4853513558895139
γ=1.0,191664964,26,0.4870433277577934
γ=1.0,191664964,27,0.4886737127522955
γ=1.0,191664964,28,0.4900047375175408
γ=1.0,191664964,29,0.491678222680281
γ=1.0,191664964,30,0.4930736294181849
γ=1.0,191664964,31,0.4946390027109665
γ=1.0,191664964,32,0.4961130992360003
γ=1.0,191664964,33,0.497478775667005
γ=1.0,191664964,34,0.4989221530271079
γ=1.0,191664964,35,0.5002422730489223
γ=1.0,191664964,36,0.5015228686834765
γ=1.0,191664964,37,0.5029747655471776
γ=1.0,191664964,38,0.5044143184760659
γ=1.0,191664964,39,0.5059382729603534
γ=1.0,191664964,40,0.5073104693140795
γ=1.0,191664964,41,0.5088573587440182
γ=1.0,191664964,42,0.510216646477246
γ=1.0,191664964,43,0.5116200971156231
γ=1.0,191664964,44,0.5132068523366483
γ=1.0,191664964,45,0.5146335320292167
γ=1.0,191664964,46,0.5160757502199282
γ=1.0,191664964,47,0.5174226577613755
γ=1.0,191664964,48,0.5186452298995327
γ=1.0,191664964,49,0.5199532587781146
γ=1.0,191664964,50,0.5213206279909328
γ=1.0,191664964,51,0.5225043253805595
γ=1.0,191664964,52,0.5238919421607693
γ=1.0,191664964,53,0.5253665946968318
γ=1.0,191664964,54,0.5267928494357845
γ=1.0,191664964,55,0.5281443432732158
γ=1.0,191664964,56,0.529578750734615
γ=1.0,191664964,57,0.5308663523471596
γ=1.0,191664964,58,0.5321602170118032
γ=1.0,191664964,59,0.533511965153988
γ=1.0,191664964,60,0.5347591861864384
γ=1.0,191664964,61,0.5359249130504795
γ=1.0,191664964,62,0.5371017844713887
γ=1.0,191664964,63,0.5382246369569013
γ=1.0,191664964,64,0.5394212807488876
γ=1.0,191664964,65,0.5405378350974859
γ=1.0,191664964,66,0.5416587162872109
γ=1.0,191664964,67,0.5427718263689528
γ=1.0,191664964,68,0.5438929412752423
γ=1.0,191664964,69,0.5450941098168908
γ=1.0,191664964,70,0.5463101334900512
γ=1.0,191664964,71,0.5474848081014
γ=1.0,191664964,72,0.5485557234675696
γ=1.0,191664964,73,0.549692180475513
γ=1.0,191664964,74,0.5507706934539275
γ=1.0,191664964,75,0.5517907816304257
γ=1.0,191664964,76,0.5527238200866956
γ=1.0,191664964,77,0.5537721870103702
γ=1.0,191664964,78,0.5547403929571674
γ=1.0,191664964,79,0.555706936147737
γ=1.0,191664964,80,0.5566619091596003
γ=1.0,191664964,81,0.5575819011578674
γ=1.0,191664964,82,0.558537302063475
γ=1.0,191664964,83,0.5594433817884248
γ=1.0,191664964,84,0.5603693664519791
γ=1.0,191664964,85,0.561274057099962
γ=1.0,191664964,86,0.5622397119723218
γ=1.0,191664964,87,0.5630987293692588
γ=1.0,191664964,88,0.5639835408064356
γ=1.0,191664964,89,0.564934783162387
γ=1.0,191664964,90,0.5658564911986119
γ=1.0,191664964,91,0.5666827505464059
γ=1.0,191664964,92,0.5675334820206386
γ=1.0,191664964,93,0.568341995246104
γ=1.0,191664964,94,0.5691449169996623
γ=1.0,191664964,95,0.5700104724071955
γ=1.0,191664964,96,0.5707897811546749
γ=1.0,191664964,97,0.571622263748229
γ=1.0,191664964,98,0.5724677411893311
γ=1.0,191664964,99,0.5732978343590381
γ=1.0,191664964,100,0.5740458399798505
γ=1.0,191664964,101,0.5748297397114407
γ=1.0,191664964,102,0.5755883916827583
γ=1.0,191664964,103,0.5763571733072065
γ=1.0,191664964,104,0.5771854394451154
γ=1.0,191664964,105,0.578010722381472
γ=1.0,191664964,106,0.5788121175447463
γ=1.0,191664964,107,0.5796240340155215
γ=1.0,191664964,108,0.5803968165125919
γ=1.0,191664964,109,0.5811662028546583
γ=1.0,191664964,110,0.5819082437166561
γ=1.0,191664964,111,0.5827344849677147
γ=1.0,191664964,112,0.5835583404296147
γ=1.0,191664964,113,0.5844095923824412
γ=1.0,191664964,114,0.5851689504173498
γ=1.0,191664964,115,0.5859753315349713
γ=1.0,191664964,116,0.5867059281626084
γ=1.0,191664964,117,0.5874613497399158
γ=1.0,191664964,118,0.5882470128025795
γ=1.0,191664964,119,0.5889789044658246
γ=1.0,191664964,120,0.5897769568745977
γ=1.0,191664964,121,0.5905916539402774
γ=1.0,191664964,122,0.5912791041756416
γ=1.0,191664964,123,0.5919905286702938
γ=1.0,191664964,124,0.5926881088503173
γ=1.0,191664964,125,0.5934175132230711
γ=1.0,191664964,126,0.5942079683579138
γ=1.0,191664964,127,0.5949053247279528
γ=1.0,191664964,128,0.5956419617370498
γ=1.0,191664964,129,0.5962868015299518
γ=1.0,191664964,130,0.5969569176520734
γ=1.0,191664964,131,0.5976776871209563
γ=1.0,191664964,132,0.5983522361555272
γ=1.0,191664964,133,0.5990273728145399
γ=1.0,191664964,134,0.5996786489849468
γ=1.0,191664964,135,0.600293846024683
γ=1.0,191664964,136,0.6008749944440878
γ=1.0,191664964,137,0.6014675755159771
γ=1.0,191664964,138,0.6021044972434445
γ=1.0,191664964,139,0.6027177586282918
γ=1.0,191664964,140,0.6032862779903331
γ=1.0,191664964,141,0.603840778921207
γ=1.0,191664964,142,0.6044188056725882
γ=1.0,191664964,143,0.6049887481337402
γ=1.0,191664964,144,0.6055947933282959
γ=1.0,191664964,145,0.6061849521885015
γ=1.0,191664964,146,0.6066891086057207
γ=1.0,191664964,147,0.6072172467341398
γ=1.0,191664964,148,0.6077816440401446
γ=1.0,191664964,149,0.6083336761067403
γ=1.0,191664964,150,0.6088677133182212
γ=1.0,191664964,151,0.6094096891904139
γ=1.0,191664964,152,0.6099196784043055
γ=1.0,191664964,153,0.6104641559979433
γ=1.0,191664964,154,0.6109751217634687
γ=1.0,191664964,155,0.6115225557291851
γ=1.0,191664964,156,0.6120489786428834
γ=1.0,191664964,157,0.6126248444541176
γ=1.0,191664964,158,0.6131440036813115
γ=1.0,191664964,159,0.6136959704812791
γ=1.0,191664964,160,0.6142628137855763
γ=1.0,191664964,161,0.6148257443534371
γ=1.0,191664964,162,0.6153685098637943
γ=1.0,191664964,163,0.6159360347938416
γ=1.0,191664964,164,0.6164743698692129
γ=1.0,191664964,165,0.6170565532751747
γ=1.0,191664964,166,0.6175942962514149
γ=1.0,191664964,167,0.6181205718861998
γ=1.0,191664964,168,0.6186270894051517
γ=1.0,191664964,169,0.6191154414968213
γ=1.0,191664964,170,0.6196736086761125
γ=1.0,191664964,171,0.6202183739930802
γ=1.0,191664964,172,0.6207599775856986
γ=1.0,191664964,173,0.6212387830164277
γ=1.0,191664964,174,0.6217615417796937
γ=1.0,191664964,175,0.6222293917986974
γ=1.0,191664964,176,0.6227393891055631
γ=1.0,191664964,177,0.6231869415680421
γ=1.0,191664964,178,0.6236386627789061
γ=1.0,191664964,179,0.6240625889687434
γ=1.0,191664964,180,0.6244619819214731
γ=1.0,191664964,181,0.6248789943461891
γ=1.0,191664964,182,0.6253370925942499
γ=1.0,191664964,183,0.6257913312440674
γ=1.0,191664964,184,0.6261847378929962
γ=1.0,191664964,185,0.6266006666560775
γ=1.0,191664964,186,0.6270480074892368
γ=1.0,191664964,187,0.6274533000322804
γ=1.0,191664964,188,0.6278942493707765
γ=1.0,191664964,189,0.6283212041334785
γ=1.0,191664964,190,0.6286566155124188
γ=1.0,191664964,191,0.6290164268059663
γ=1.0,191664964,192,0.6293961026921893
γ=1.0,191664964,193,0.6297244285445204
γ=1.0,191664964,194,0.6301062779186181
γ=1.0,191664964,195,0.630497773013095
γ=1.0,191664964,196,0.630860857482108
γ=1.0,191664964,197,0.6312213212459413
γ=1.0,191664964,198,0.631582808184269
γ=1.0,191664964,199,0.6319174581664936
γ=1.0,191664964,200,0.6322907396524221
γ=0.7,191664964,1,0.22823440517169
γ=0.7,191664964,2,0.2936361346654353
γ=0.7,191664964,3,0.3315002938460247
γ=0.7,191664964,4,0.3556586348753253
γ=0.7,191664964,5,0.3728654185206952
γ=0.7,191664964,6,0.3874149945428595
γ=0.7,191664964,7,0.3978135457020521
γ=0.7,191664964,8,0.4075539417345311
γ=0.7,191664964,9,0.4161559342904318
γ=0.7,191664964,10,0.4231424733439677
γ=0.7,191664964,11,0.4298394913792445
γ=0.7,191664964,12,0.4362424089776957
γ=0.7,191664964,13,0.4416150552495108
γ=0.7,191664964,14,0.4467509025270758
γ=0.7,191664964,15,0.4516413399378725
γ=0.7,191664964,16,0.4562667912014104
γ=0.7,191664964,17,0.460291277958585
γ=0.7,191664964,18,0.4640411757572366
γ=0.7,191664964,19,0.4675664688545307
γ=0.7,191664964,20,0.4711359247754176
γ=0.7,191664964,21,0.4747552282603915
γ=0.7,191664964,22,0.4777631066775554
γ=0.7,191664964,23,0.4810113413614744
γ=0.7,191664964,24,0.4840483586600621
γ=0.7,191664964,25,0.4869801024263286
γ=0.7,191664964,26,0.489566851585154
γ=0.7,191664964,27,0.4922667189059599
γ=0.7,191664964,28,0.4948352063518716
γ=0.7,191664964,29,0.4973163028090522
γ=0.7,191664964,30,0.4994318976856127
γ=0.7,191664964,31,0.5017847422144345
γ=0.7,191664964,32,0.5041715641004114
γ=0.7,191664964,33,0.5063539432610039
γ=0.7,191664964,34,0.5083721424091423
γ=0.7,191664964,35,0.5101766674262685
γ=0.7,191664964,36,0.5121841155234657
γ=0.7,191664964,37,0.5142952120116085
γ=0.7,191664964,38,0.5163714213751994
γ=0.7,191664964,39,0.5183271657958922
γ=0.7,191664964,40,0.5203561833599194
γ=0.7,191664964,41,0.5224295639816444
γ=0.7,191664964,42,0.5242992671839956
γ=0.7,191664964,43,0.5260039088354912
γ=0.7,191664964,44,0.5277694033780844
γ=0.7,191664964,45,0.5295319919029096
γ=0.7,191664964,46,0.5312307220581632
γ=0.7,191664964,47,0.5328026837341489
γ=0.7,191664964,48,0.534272416253883
γ=0.7,191664964,49,0.5359091835878
γ=0.7,191664964,50,0.5375190999916044
γ=0.7,191664964,51,0.5390494204566219
γ=0.7,191664964,52,0.5406379364905097
γ=0.7,191664964,53,0.5422219511692854
γ=0.7,191664964,54,0.5437550723420926
γ=0.7,191664964,55,0.5454133306874471
γ=0.7,191664964,56,0.5469726363385586
γ=0.7,191664964,57,0.548377807923385
γ=0.7,191664964,58,0.5498315089789503
γ=0.7,191664964,59,0.5512558537970171
γ=0.7,191664964,60,0.5526096325525425
γ=0.7,191664964,61,0.5539568741389349
γ=0.7,191664964,62,0.5552477920924275
γ=0.7,191664964,63,0.5565323770344339
γ=0.7,191664964,64,0.5578633983292755
γ=0.7,191664964,65,0.5591276325051826
γ=0.7,191664964,66,0.560290589549258
γ=0.7,191664964,67,0.5614927628668845
γ=0.7,191664964,68,0.5626953829134709
γ=0.7,191664964,69,0.5639939454334625
γ=0.7,191664964,70,0.5652949854276359
γ=0.7,191664964,71,0.5665298144335749
γ=0.7,191664964,72,0.567721597216392
γ=0.7,191664964,73,0.5688876289098485
γ=0.7,191664964,74,0.5700822768869113
γ=0.7,191664964,75,0.5712361122771668
γ=0.7,191664964,76,0.5722546385693896
γ=0.7,191664964,77,0.5732657905439369
γ=0.7,191664964,78,0.5743145207295992
γ=0.7,191664964,79,0.5753584868364419
γ=0.7,191664964,80,0.5764015405927294
γ=0.7,191664964,81,0.5774794748292634
γ=0.7,191664964,82,0.5784835087877367
γ=0.7,191664964,83,0.5794679009885567
γ=0.7,191664964,84,0.580541296360707
γ=0.7,191664964,85,0.5815459757910384
γ=0.7,191664964,86,0.5824633473455257
γ=0.7,191664964,87,0.5834059504543757
γ=0.7,191664964,88,0.5843524129719663
γ=0.7,191664964,89,0.5853313762464873
γ=0.7,191664964,90,0.586262465134936
γ=0.7,191664964,91,0.587165248486716
γ=0.7,191664964,92,0.5881004223352181
γ=0.7,191664964,93,0.5890096170251949
γ=0.7,191664964,94,0.5899423382998372
γ=0.7,191664964,95,0.5907679323402958
γ=0.7,191664964,96,0.5915824482970924
γ=0.7,191664964,97,0.5924005099678283
γ=0.7,191664964,98,0.5932507080575492
γ=0.7,191664964,99,0.5940451445866608
γ=0.7,191664964,100,0.594858534128117
γ=0.7,191664964,101,0.5957277198629106
γ=0.7,191664964,102,0.596456398023906
γ=0.7,191664964,103,0.5972903402500586
γ=0.7,191664964,104,0.5980864488546462
γ=0.7,191664964,105,0.5988901815448705
γ=0.7,191664964,106,0.5996870658642796
γ=0.7,191664964,107,0.6005279028181757
γ=0.7,191664964,108,0.6013652179591228
γ=0.7,191664964,109,0.6021721498668642
γ=0.7,191664964,110,0.6029155631539982
γ=0.7,191664964,111,0.6037023086389218
γ=0.7,191664964,112,0.6044888728306368
γ=0.7,191664964,113,0.6052704312143976
γ=0.7,191664964,114,0.6059974047283434
γ=0.7,191664964,115,0.6068190529032352
γ=0.7,191664964,116,0.6075606726902689
γ=0.7,191664964,117,0.6082878212842111
γ=0.7,191664964,118,0.6090631221104548
γ=0.7,191664964,119,0.6098201013257288
γ=0.7,191664964,120,0.6105994458903535
γ=0.7,191664964,121,0.6113912342990125
γ=0.7,191664964,122,0.6121112045484888
γ=0.7,191664964,123,0.6128351670553899
γ=0.7,191664964,124,0.6135047976795643
γ=0.7,191664964,125,0.6142758794391739
γ=0.7,191664964,126,0.6150753671742674
γ=0.7,191664964,127,0.6157951658527783
γ=0.7,191664964,128,0.6164535408445975
γ=0.7,191664964,129,0.6170733977256383
γ=0.7,191664964,130,0.6177169778420724
γ=0.7,191664964,131,0.6183520140789739
γ=0.7,191664964,132,0.6191094048536748
γ=0.7,191664964,133,0.6198159532825852
γ=0.7,191664964,134,0.6204778099261061
γ=0.7,191664964,135,0.6210263155439882
γ=0.7,191664964,136,0.6216787991327839
γ=0.7,191664964,137,0.622205628484251
γ=0.7,191664964,138,0.6227336440922349
γ=0.7,191664964,139,0.6233117443581866
γ=0.7,191664964,140,0.6238003286277991
γ=0.7,191664964,141,0.6243355715647554
γ=0.7,191664964,142,0.6248833780113304
γ=0.7,191664964,143,0.6254123678353383
γ=0.7,191664964,144,0.6259229330497487
γ=0.7,191664964,145,0.6264290615165928
γ=0.7,191664964,146,0.6269012297829909
γ=0.7,191664964,147,0.6273881057754309
γ=0.7,191664964,148,0.6278689696328854
γ=0.7,191664964,149,0.6284008521816448
γ=0.7,191664964,150,0.6288861836397728
γ=0.7,191664964,151,0.6294190188711977
γ=0.7,191664964,152,0.6299423575730528
γ=0.7,191664964,153,0.630411115555841
γ=0.7,191664964,154,0.6309062233207979
γ=0.7,191664964,155,0.6314352956470164
γ=0.7,191664964,156,0.6319659267774456
γ=0.7,191664964,157,0.6325031670665718
γ=0.7,191664964,158,0.633010492375413
γ=0.7,191664964,159,0.6335119642590301
γ=0.7,191664964,160,0.6340546553605911
γ=0.7,191664964,161,0.6345773075777857
γ=0.7,191664964,162,0.635071740926273
γ=0.7,191664964,163,0.6355518665274611
γ=0.7,191664964,164,0.6360714424665865
γ=0.7,191664964,165,0.6365989675955254
γ=0.7,191664964,166,0.6371527584605907
γ=0.7,191664964,167,0.6376664855160806
γ=0.7,191664964,168,0.6381838416669665
γ=0.7,191664964,169,0.638661790925697
γ=0.7,191664964,170,0.6391906640920157
γ=0.7,191664964,171,0.6397079509284505
γ=0.7,191664964,172,0.6401931085785467
γ=0.7,191664964,173,0.640669017758394
γ=0.7,191664964,174,0.6411867422849737
γ=0.7,191664964,175,0.6415990021228877
γ=0.7,191664964,176,0.6420898176628174
γ=0.7,191664964,177,0.6425546911723342
γ=0.7,191664964,178,0.6429794383248796
γ=0.7,191664964,179,0.6433727051047597
γ=0.7,191664964,180,0.6437469099525182
γ=0.7,191664964,181,0.6441417956659219
γ=0.7,191664964,182,0.6445570213515811
γ=0.7,191664964,183,0.6449511931157909
γ=0.7,191664964,184,0.6453248823703336
γ=0.7,191664964,185,0.6456768329071243
γ=0.7,191664964,186,0.6460536614297979
γ=0.7,191664964,187,0.6464118684162441
γ=0.7,191664964,188,0.6468131550131561
γ=0.7,191664964,189,0.6472101951910532
γ=0.7,191664964,190,0.6474978900529806
γ=0.7,191664964,191,0.6478669679705635
γ=0.7,191664964,192,0.6481799474575322
γ=0.7,191664964,193,0.648528834103365
γ=0.7,191664964,194,0.6488306313058967
γ=0.7,191664964,195,0.6491803525721752
γ=0.7,191664964,196,0.6495256485601546
γ=0.7,191664964,197,0.6498638165377991
γ=0.7,191664964,198,0.6501979326469294
γ=0.7,191664964,199,0.6504947287018588
γ=0.7,191664964,200,0.6508166820586013
γ=0.0,191664964,1,0.0565023927462009
γ=0.0,191664964,2,0.0948912769708672
γ=0.0,191664964,3,0.1246746704726723
γ=0.0,191664964,4,0.1502077911174544
γ=0.0,191664964,5,0.1719586936445302
γ=0.0,191664964,6,0.1918044944449108
γ=0.0,191664964,7,0.2089425141225997
γ=0.0,191664964,8,0.2258993787255478
γ=0.0,191664964,9,0.2410610173602366
γ=0.0,191664964,10,0.254844261606918
γ=0.0,191664964,11,0.2678082139504354
γ=0.0,191664964,12,0.2801262138639352
γ=0.0,191664964,13,0.2920538868402188
γ=0.0,191664964,14,0.30330906604939
γ=0.0,191664964,15,0.3137100159516414
γ=0.0,191664964,16,0.3238865334564688
γ=0.0,191664964,17,0.3333670803557759
γ=0.0,191664964,18,0.3421650388529744
γ=0.0,191664964,19,0.3507240100923958
γ=0.0,191664964,20,0.3593170178826295
γ=0.0,191664964,21,0.3673495088573587
γ=0.0,191664964,22,0.3750658291418932
γ=0.0,191664964,23,0.3822608257620832
γ=0.0,191664964,24,0.3890993619343464
γ=0.0,191664964,25,0.396065821509529
γ=0.0,191664964,26,0.4025141595034971
γ=0.0,191664964,27,0.4090880822893248
γ=0.0,191664964,28,0.4157336555644841
γ=0.0,191664964,29,0.4218644602642009
γ=0.0,191664964,30,0.4274885959757087
γ=0.0,191664964,31,0.4334756974442166
γ=0.0,191664964,32,0.4389980900008395
γ=0.0,191664964,33,0.4442506671958439
γ=0.0,191664964,34,0.4491831574372675
γ=0.0,191664964,35,0.4541864063230867
γ=0.0,191664964,36,0.4591845539603914
γ=0.0,191664964,37,0.4637707138756589
γ=0.0,191664964,38,0.4681199156904939
γ=0.0,191664964,39,0.4725851346202283
γ=0.0,191664964,40,0.4769561749643187
γ=0.0,191664964,41,0.4811918067127947
γ=0.0,191664964,42,0.4853066992895722
γ=0.0,191664964,43,0.4891091486665638
γ=0.0,191664964,44,0.4930783996458582
γ=0.0,191664964,45,0.4969953077920503
γ=0.0,191664964,46,0.5008222213299361
γ=0.0,191664964,47,0.5045550599570932
γ=0.0,191664964,48,0.5080947583466263
γ=0.0,191664964,49,0.5115139666814589
γ=0.0,191664964,50,0.5147611451599362
γ=0.0,191664964,51,0.5181172124630223
γ=0.0,191664964,52,0.5214854723817028
γ=0.0,191664964,53,0.5245507957603801
γ=0.0,191664964,54,0.5276533985080707
γ=0.0,191664964,55,0.530717213271155
γ=0.0,191664964,56,0.533551668925483
γ=0.0,191664964,57,0.5363131824187284
γ=0.0,191664964,58,0.539095272697796
γ=0.0,191664964,59,0.5418947590106853
γ=0.0,191664964,60,0.544568745977108
γ=0.0,191664964,61,0.5471468032718069
γ=0.0,191664964,62,0.5496870607543582
γ=0.0,191664964,63,0.5521986479084959
γ=0.0,191664964,64,0.5546297802451515
γ=0.0,191664964,65,0.5570138785737813
γ=0.0,191664964,66,0.5592519519771639
γ=0.0,191664964,67,0.5615153182120628
γ=0.0,191664964,68,0.5636781620548479
γ=0.0,191664964,69,0.5659133744352741
γ=0.0,191664964,70,0.5680817251760079
γ=0.0,191664964,71,0.5701535212450084
γ=0.0,191664964,72,0.572230151400666
γ=0.0,191664964,73,0.574240111880005
γ=0.0,191664964,74,0.5761299457462669
γ=0.0,191664964,75,0.5779497943077827
γ=0.0,191664964,76,0.5797852714651207
γ=0.0,191664964,77,0.5815092891324946
γ=0.0,191664964,78,0.5831385123426094
γ=0.0,191664964,79,0.5848439215319526
γ=0.0,191664964,80,0.5865575938208379
γ=0.0,191664964,81,0.5881978583962745
γ=0.0,191664964,82,0.5899184193336351
γ=0.0,191664964,83,0.5915626235948749
γ=0.0,191664964,84,0.5932166544730562
γ=0.0,191664964,85,0.594715710144355
γ=0.0,191664964,86,0.5961525695419322
γ=0.0,191664964,87,0.5976403536960425
γ=0.0,191664964,88,0.5991363025774494
γ=0.0,191664964,89,0.6006415559595086
γ=0.0,191664964,90,0.602104030821183
γ=0.0,191664964,91,0.6034342619851812
γ=0.0,191664964,92,0.6047875913021576
γ=0.0,191664964,93,0.6060838314271708
γ=0.0,191664964,94,0.6072314702840392
γ=0.0,191664964,95,0.608457021152495
γ=0.0,191664964,96,0.6095940727059022
γ=0.0,191664964,97,0.6106687312343178
γ=0.0,191664964,98,0.6117844249613204
γ=0.0,191664964,99,0.6128801235425364
γ=0.0,191664964,100,0.6138821257660986
γ=0.0,191664964,101,0.6150272108900084
γ=0.0,191664964,102,0.6161329698532086
γ=0.0,191664964,103,0.6171695740170015
γ=0.0,191664964,104,0.6182847303397635
γ=0.0,191664964,105,0.6193330694715968
γ=0.0,191664964,106,0.6204293478519144
γ=0.0,191664964,107,0.6215282817971608
γ=0.0,191664964,108,0.6225878195381176
γ=0.0,191664964,109,0.6235817019037988
γ=0.0,191664964,110,0.6246013997756084
γ=0.0,191664964,111,0.6256023465325791
γ=0.0,191664964,112,0.6265824208114948
γ=0.0,191664964,113,0.6275507209443492
γ=0.0,191664964,114,0.6284479038247116
γ=0.0,191664964,115,0.6293064868791362
γ=0.0,191664964,116,0.630200929885154
γ=0.0,191664964,117,0.6310165780823156
γ=0.0,191664964,118,0.6319571425928746
γ=0.0,191664964,119,0.6328991843568087
γ=0.0,191664964,120,0.6337894943049841
γ=0.0,191664964,121,0.6346428851447131
γ=0.0,191664964,122,0.6354871031186216
γ=0.0,191664964,123,0.6362803939516182
γ=0.0,191664964,124,0.6370791705146502
γ=0.0,191664964,125,0.6379105028964823
γ=0.0,191664964,126,0.6387003210317793
γ=0.0,191664964,127,0.6395186874833493
γ=0.0,191664964,128,0.6403462398203341
γ=0.0,191664964,129,0.641089046084038
γ=0.0,191664964,130,0.641886620641553
γ=0.0,191664964,131,0.6425935100083892
γ=0.0,191664964,132,0.6433780971498207
γ=0.0,191664964,133,0.6441922327437265
γ=0.0,191664964,134,0.6449428409960942
γ=0.0,191664964,135,0.6456540328423461
γ=0.0,191664964,136,0.646340258880817
γ=0.0,191664964,137,0.6469858261424298
γ=0.0,191664964,138,0.6476868294926501
γ=0.0,191664964,139,0.6483578144620564
γ=0.0,191664964,140,0.648968540484786
γ=0.0,191664964,141,0.6496030548077913
γ=0.0,191664964,142,0.6502357271831813
γ=0.0,191664964,143,0.6508483959999365
γ=0.0,191664964,144,0.6514429355684288
γ=0.0,191664964,145,0.6521030979766602
γ=0.0,191664964,146,0.6526432341234015
γ=0.0,191664964,147,0.6531803049487783
γ=0.0,191664964,148,0.6537316743323796
γ=0.0,191664964,149,0.6542722620058499
γ=0.0,191664964,150,0.6548481795539138
γ=0.0,191664964,151,0.6554423230571551
γ=0.0,191664964,152,0.6559800427733762
γ=0.0,191664964,153,0.656566155412995
γ=0.0,191664964,154,0.6571263930427729
γ=0.0,191664964,155,0.6577281504491647
γ=0.0,191664964,156,0.6583106221570667
γ=0.0,191664964,157,0.6589156199348993
γ=0.0,191664964,158,0.659540059236808
γ=0.0,191664964,159,0.6600674076972345
γ=0.0,191664964,160,0.6606364390059608
γ=0.0,191664964,161,0.6612098738521884
γ=0.0,191664964,162,0.6617793387376126
γ=0.0,191664964,163,0.6623374382498417
γ=0.0,191664964,164,0.6628951307563618
γ=0.0,191664964,165,0.6634580207244132
γ=0.0,191664964,166,0.6640136231265419
γ=0.0,191664964,167,0.6644627795873285
γ=0.0,191664964,168,0.6650182804210594
γ=0.0,191664964,169,0.6655326809935026
γ=0.0,191664964,170,0.666066710455486
γ=0.0,191664964,171,0.6666224792945339
γ=0.0,191664964,172,0.667160314971699
γ=0.0,191664964,173,0.6676601460834523
γ=0.0,191664964,174,0.6681853536333169
γ=0.0,191664964,175,0.6687477361862384
γ=0.0,191664964,176,0.6691737393242305
γ=0.0,191664964,177,0.669630029118979
γ=0.0,191664964,178,0.6700771829269327
γ=0.0,191664964,179,0.6705369291519176
γ=0.0,191664964,180,0.6709621824830456
γ=0.0,191664964,181,0.6713600084605391
γ=0.0,191664964,182,0.6717809098801458
γ=0.0,191664964,183,0.672194458628269
γ=0.0,191664964,184,0.6725654126802773
γ=0.0,191664964,185,0.6729573163121984
γ=0.0,191664964,186,0.6733255967421459
γ=0.0,191664964,187,0.6737175495441458
γ=0.0,191664964,188,0.6740742957073471
γ=0.0,191664964,189,0.6744119414759998
γ=0.0,191664964,190,0.6747387421622648
γ=0.0,191664964,191,0.6751210219248256
γ=0.0,191664964,192,0.6754752697086727
γ=0.0,191664964,193,0.6757899586005535
γ=0.0,191664964,194,0.6761477089098096
γ=0.0,191664964,195,0.6764875820454698
γ=0.0,191664964,196,0.6768631808360991
γ=0.0,191664964,197,0.6772134447234929
γ=0.0,191664964,198,0.677605964777487
γ=0.0,191664964,199,0.6779361082129647
γ=0.0,191664964,200,0.6782581227436824
γ=1.5,191664964,1,0.5009235160775753
γ=1.5,191664964,2,0.5086684577281505
γ=1.5,191664964,3,0.5044636610416141
γ=1.5,191664964,4,0.4934514314499202
γ=1.5,191664964,5,0.4844849298967342
γ=1.5,191664964,6,0.4773808524333249
γ=1.5,191664964,7,0.4719347062139438
γ=1.5,191664964,8,0.4685584753589119
γ=1.5,191664964,9,0.4647757908189442
γ=1.5,191664964,10,0.4619763244060112
γ=1.5,191664964,11,0.4609146625350133
γ=1.5,191664964,12,0.4597850726219461
γ=1.5,191664964,13,0.4589261380882572
γ=1.5,191664964,14,0.4583098456408842
γ=1.5,191664964,15,0.4579772199367531
γ=1.5,191664964,16,0.4578593317101838
γ=1.5,191664964,17,0.4577701284526907
γ=1.5,191664964,18,0.4580779671452158
γ=1.5,191664964,19,0.4583423549218104
γ=1.5,191664964,20,0.4591218201662329
γ=1.5,191664964,21,0.4597870715744949
γ=1.5,191664964,22,0.4604815258622663
γ=1.5,191664964,23,0.4612908053571232
γ=1.5,191664964,24,0.4620641283967202
γ=1.5,191664964,25,0.4629031987238687
γ=1.5,191664964,26,0.4639634985113954
γ=1.5,191664964,27,0.4652577604890593
γ=1.5,191664964,28,0.4663831152476102
γ=1.5,191664964,29,0.4674887600276766
γ=1.5,191664964,30,0.4684745193518596
γ=1.5,191664964,31,0.4697108392621621
γ=1.5,191664964,32,0.4707859331710184
γ=1.5,191664964,33,0.4721253335979219
γ=1.5,191664964,34,0.4731180273301497
γ=1.5,191664964,35,0.4741727334876525
γ=1.5,191664964,36,0.4754790156624595
γ=1.5,191664964,37,0.4769018871948937
γ=1.5,191664964,38,0.4780510275773388
γ=1.5,191664964,39,0.4794501527353513
γ=1.5,191664964,40,0.4807667282344052
γ=1.5,191664964,41,0.4821583246476407
γ=1.5,191664964,42,0.4835876000975488
γ=1.5,191664964,43,0.4850011617168417
γ=1.5,191664964,44,0.486231214843422
γ=1.5,191664964,45,0.4878599613802367
γ=1.5,191664964,46,0.4894188054155275
γ=1.5,191664964,47,0.4908925595328474
γ=1.5,191664964,48,0.4920862717935802
γ=1.5,191664964,49,0.4935122567203356
γ=1.5,191664964,50,0.4948467802871295
γ=1.5,191664964,51,0.4961199155172102
γ=1.5,191664964,52,0.4974417635928004
γ=1.5,191664964,53,0.4987850140111488
γ=1.5,191664964,54,0.5001072771201224
γ=1.5,191664964,55,0.5014081712091956
γ=1.5,191664964,56,0.50271957494273
γ=1.5,191664964,57,0.5039540333496826
γ=1.5,191664964,58,0.5052870571682507
γ=1.5,191664964,59,0.50645536315242
γ=1.5,191664964,60,0.50783309545798
γ=1.5,191664964,61,0.509073442237579
γ=1.5,191664964,62,0.5103665356772407
γ=1.5,191664964,63,0.5115646068126968
γ=1.5,191664964,64,0.5129220101166988
γ=1.5,191664964,65,0.5141252752788308
γ=1.5,191664964,66,0.5152399233710627
γ=1.5,191664964,67,0.516447858933859
γ=1.5,191664964,68,0.5176486638648408
γ=1.5,191664964,69,0.518770251344817
γ=1.5,191664964,70,0.5199485469613923
γ=1.5,191664964,71,0.5211084321393055
γ=1.5,191664964,72,0.5221801276131306
γ=1.5,191664964,73,0.5232477633774696
γ=1.5,191664964,74,0.5244334671334923
γ=1.5,191664964,75,0.5255198276103321
γ=1.5,191664964,76,0.526472102302604
γ=1.5,191664964,77,0.5275086763626768
γ=1.5,191664964,78,0.5285235152164881
γ=1.5,191664964,79,0.5295939611188041
γ=1.5,191664964,80,0.5305731046931408
γ=1.5,191664964,81,0.531564867416881
γ=1.5,191664964,82,0.5324899508754973
γ=1.5,191664964,83,0.5333831337439422
γ=1.5,191664964,84,0.5342950294045921
γ=1.5,191664964,85,0.5351602818946402
γ=1.5,191664964,86,0.5360610574942452
γ=1.5,191664964,87,0.5368919100184606
γ=1.5,191664964,88,0.5377010173941582
γ=1.5,191664964,89,0.5385914634664021
γ=1.5,191664964,90,0.5394574576255375
γ=1.5,191664964,91,0.5403514712136994
γ=1.5,191664964,92,0.5412073421353297
γ=1.5,191664964,93,0.5420154677658584
γ=1.5,191664964,94,0.5428363197259104
γ=1.5,191664964,95,0.543612052547623
γ=1.5,191664964,96,0.544357631601041
γ=1.5,191664964,97,0.5451436643075318
γ=1.5,191664964,98,0.5459809060052533
γ=1.5,191664964,99,0.5467851209602532
γ=1.5,191664964,100,0.5475547812946017
γ=1.5,191664964,101,0.5483279039011281
γ=1.5,191664964,102,0.5490689937296386
γ=1.5,191664964,103,0.5497924330369333
γ=1.5,191664964,104,0.5505027673191555
γ=1.5,191664964,105,0.5512279565507674
γ=1.5,191664964,106,0.5519945095939539
γ=1.5,191664964,107,0.5527467345428752
γ=1.5,191664964,108,0.5534535458975054
γ=1.5,191664964,109,0.5541485435943491
γ=1.5,191664964,110,0.5548492226436983
γ=1.5,191664964,111,0.5556076183647336
γ=1.5,191664964,112,0.5564019453806206
γ=1.5,191664964,113,0.5570993719644889
γ=1.5,191664964,114,0.557742584990728
γ=1.5,191664964,115,0.5585082112625158
γ=1.5,191664964,116,0.5592367530448528
γ=1.5,191664964,117,0.5599711392256099
γ=1.5,191664964,118,0.5606543018915715
γ=1.5,191664964,119,0.5613492647499768
γ=1.5,191664964,120,0.562036143061036
γ=1.5,191664964,121,0.562797705572528
γ=1.5,191664964,122,0.5635013646291968
γ=1.5,191664964,123,0.5642365839324585
γ=1.5,191664964,124,0.5649359090675196
γ=1.5,191664964,125,0.5656102762152632
γ=1.5,191664964,126,0.5663195818724321
γ=1.5,191664964,127,0.5670620091135237
γ=1.5,191664964,128,0.5677652878641591
γ=1.5,191664964,129,0.5684254473911484
γ=1.5,191664964,130,0.5691548859167028
γ=1.5,191664964,131,0.5698616520363177
γ=1.5,191664964,132,0.5705729743069177
γ=1.5,191664964,133,0.5712006908380008
γ=1.5,191664964,134,0.5718779329780449
γ=1.5,191664964,135,0.5724820194218229
γ=1.5,191664964,136,0.5731599436013176
γ=1.5,191664964,137,0.5737476919758281
γ=1.5,191664964,138,0.5743588620432458
γ=1.5,191664964,139,0.5749561042963128
γ=1.5,191664964,140,0.5755085335284312
γ=1.5,191664964,141,0.5760296072942884
γ=1.5,191664964,142,0.5766196118867516
γ=1.5,191664964,143,0.5771185828695693
γ=1.5,191664964,144,0.577697494846034
γ=1.5,191664964,145,0.5782302073713373
γ=1.5,191664964,146,0.5787317582573033
γ=1.5,191664964,147,0.5792430480713819
γ=1.5,191664964,148,0.5797704030115246
γ=1.5,191664964,149,0.5802861716567902
γ=1.5,191664964,150,0.5807737945316654
γ=1.5,191664964,151,0.5813672708348507
γ=1.5,191664964,152,0.5818924567737033
γ=1.5,191664964,153,0.5823709944616472
γ=1.5,191664964,154,0.5828746645848485
γ=1.5,191664964,155,0.5834029807090763
γ=1.5,191664964,156,0.5838970763935083
γ=1.5,191664964,157,0.5843872842477675
γ=1.5,191664964,158,0.5848909475232447
γ=1.5,191664964,159,0.5853602900759247
γ=1.5,191664964,160,0.5858261271093946
γ=1.5,191664964,161,0.5862830485521239
γ=1.5,191664964,162,0.5867516902624507
γ=1.5,191664964,163,0.5871973270055569
γ=1.5,191664964,164,0.5876393208982883
γ=1.5,191664964,165,0.5881029249764033
γ=1.5,191664964,166,0.5885589204269012
γ=1.5,191664964,167,0.588983815594401
γ=1.5,191664964,168,0.5894328871671244
γ=1.5,191664964,169,0.5898600021162874
γ=1.5,191664964,170,0.5903250579049518
γ=1.5,191664964,171,0.5908406451159943
γ=1.5,191664964,172,0.5913097234723422
γ=1.5,191664964,173,0.5917675554194572
γ=1.5,191664964,174,0.5921899683186701
γ=1.5,191664964,175,0.5925720522446238
γ=1.5,191664964,176,0.5930156234496761
γ=1.5,191664964,177,0.593429043181373
γ=1.5,191664964,178,0.5938724849751764
γ=1.5,191664964,179,0.594278609181973
γ=1.5,191664964,180,0.5946676274965252
γ=1.5,191664964,181,0.5950017881237966
γ=1.5,191664964,182,0.595394321068068
γ=1.5,191664964,183,0.5957772881108659
γ=1.5,191664964,184,0.596174343774297
γ=1.5,191664964,185,0.5965183216967282
γ=1.5,191664964,186,0.5969057697637407
γ=1.5,191664964,187,0.5972780744173476
γ=1.5,191664964,188,0.5976553498732622
γ=1.5,191664964,189,0.5980206371861144
γ=1.5,191664964,190,0.5983582181884062
γ=1.5,191664964,191,0.5986905060701072
γ=1.5,191664964,192,0.5990092753896957
γ=1.5,191664964,193,0.5993310489759325
γ=1.5,191664964,194,0.5996832608166928
γ=1.5,191664964,195,0.6000215271812955
γ=1.5,191664964,196,0.6003368520609487
γ=1.5,191664964,197,0.6006636786283378
γ=1.5,191664964,198,0.6010050127672493
γ=1.5,191664964,199,0.6013414397991131
γ=1.5,191664964,200,0.6016679959701117
FixedSigmaNN,191664964,1,0.0640584333809084
FixedSigmaNN,191664964,2,0.1073167660146083
FixedSigmaNN,191664964,3,0.1395348837209302
FixedSigmaNN,191664964,4,0.1663903114767861
FixedSigmaNN,191664964,5,0.1888926202669801
FixedSigmaNN,191664964,6,0.208665659194582
FixedSigmaNN,191664964,7,0.2270950022188373
FixedSigmaNN,191664964,8,0.2434671732012425
FixedSigmaNN,191664964,9,0.2591955148835344
FixedSigmaNN,191664964,10,0.2733607589623038
FixedSigmaNN,191664964,11,0.2865609329802092
FixedSigmaNN,191664964,12,0.2986595024207315
FixedSigmaNN,191664964,13,0.3099720361914972
FixedSigmaNN,191664964,14,0.3207119469398035
FixedSigmaNN,191664964,15,0.3312288360898889
FixedSigmaNN,191664964,16,0.3410293006464612
FixedSigmaNN,191664964,17,0.3502792771881651
FixedSigmaNN,191664964,18,0.3588233099189358
FixedSigmaNN,191664964,19,0.3672567153758798
FixedSigmaNN,191664964,20,0.3758059776677021
FixedSigmaNN,191664964,21,0.3834890517368899
FixedSigmaNN,191664964,22,0.3909945733889987
FixedSigmaNN,191664964,23,0.3978036378502881
FixedSigmaNN,191664964,24,0.4047956370861668
FixedSigmaNN,191664964,25,0.411547309209974
FixedSigmaNN,191664964,26,0.4176230116957176
FixedSigmaNN,191664964,27,0.4240571273985765
FixedSigmaNN,191664964,28,0.4299582019022032
FixedSigmaNN,191664964,29,0.4356882510805717
FixedSigmaNN,191664964,30,0.4411706265916659
FixedSigmaNN,191664964,31,0.4464861702790318
FixedSigmaNN,191664964,32,0.4515049114264126
FixedSigmaNN,191664964,33,0.4566023767182359
FixedSigmaNN,191664964,34,0.4613975218162154
FixedSigmaNN,191664964,35,0.4659438454249973
FixedSigmaNN,191664964,36,0.4704789690202334
FixedSigmaNN,191664964,37,0.4749833789796849
FixedSigmaNN,191664964,38,0.4791833289882417
FixedSigmaNN,191664964,39,0.4834068486574573
FixedSigmaNN,191664964,40,0.4874601208966501
FixedSigmaNN,191664964,41,0.4913044101476192
FixedSigmaNN,191664964,42,0.4952105096929209
FixedSigmaNN,191664964,43,0.4988373069255896
FixedSigmaNN,191664964,44,0.5024967371642713
FixedSigmaNN,191664964,45,0.5060709521544043
FixedSigmaNN,191664964,46,0.5095290068004366
FixedSigmaNN,191664964,47,0.5127791760521743
FixedSigmaNN,191664964,48,0.5160574608904934
FixedSigmaNN,191664964,49,0.5191128420136419
FixedSigmaNN,191664964,50,0.5222827638317521
FixedSigmaNN,191664964,51,0.5254477242160402
FixedSigmaNN,191664964,52,0.52833676691875
FixedSigmaNN,191664964,53,0.5313124224793001
FixedSigmaNN,191664964,54,0.534142109534604
FixedSigmaNN,191664964,55,0.5369971225986674
FixedSigmaNN,191664964,56,0.5396954495844177
FixedSigmaNN,191664964,57,0.5423145640105638
FixedSigmaNN,191664964,58,0.5449323864639756
FixedSigmaNN,191664964,59,0.5474906403281968
FixedSigmaNN,191664964,60,0.5499517252959449
FixedSigmaNN,191664964,61,0.5524009353524981
FixedSigmaNN,191664964,62,0.5546986927237225
FixedSigmaNN,191664964,63,0.556994801390738
FixedSigmaNN,191664964,64,0.5592421133825876
FixedSigmaNN,191664964,65,0.5614777548872084
FixedSigmaNN,191664964,66,0.5635884069474868
FixedSigmaNN,191664964,67,0.5657713865397219
FixedSigmaNN,191664964,68,0.5678450962283998
FixedSigmaNN,191664964,69,0.5698909423635927
FixedSigmaNN,191664964,70,0.5719724864171175
FixedSigmaNN,191664964,71,0.5739327240413348
FixedSigmaNN,191664964,72,0.5757650491142641
FixedSigmaNN,191664964,73,0.5776857584160145
FixedSigmaNN,191664964,74,0.5794229499417981
FixedSigmaNN,191664964,75,0.5810449724344444
FixedSigmaNN,191664964,76,0.5827944315073638
FixedSigmaNN,191664964,77,0.5843496189814719
FixedSigmaNN,191664964,78,0.5860425290993673
FixedSigmaNN,191664964,79,0.5876856729605332
FixedSigmaNN,191664964,80,0.5892431365964235
FixedSigmaNN,191664964,81,0.5908165602705664
FixedSigmaNN,191664964,82,0.5923244756333048
FixedSigmaNN,191664964,83,0.5938471373530391
FixedSigmaNN,191664964,84,0.5953975117038671
FixedSigmaNN,191664964,85,0.5968343646752631
FixedSigmaNN,191664964,86,0.5982519578345598
FixedSigmaNN,191664964,87,0.5997093385135155
FixedSigmaNN,191664964,88,0.6009861968692042
FixedSigmaNN,191664964,89,0.6023291660338521
FixedSigmaNN,191664964,90,0.6035933171018386
FixedSigmaNN,191664964,91,0.6047715612403716
FixedSigmaNN,191664964,92,0.606000390577946
FixedSigmaNN,191664964,93,0.6071301218806507
FixedSigmaNN,191664964,94,0.6082304574530605
FixedSigmaNN,191664964,95,0.6093451873323641
FixedSigmaNN,191664964,96,0.6103934038563793
FixedSigmaNN,191664964,97,0.6114870859216163
FixedSigmaNN,191664964,98,0.6125742967827715
FixedSigmaNN,191664964,99,0.613676857569058
FixedSigmaNN,191664964,100,0.6146297540088993
FixedSigmaNN,191664964,101,0.6156892995990894
FixedSigmaNN,191664964,102,0.616718604157304
FixedSigmaNN,191664964,103,0.6176415208915964
FixedSigmaNN,191664964,104,0.618590281769276
FixedSigmaNN,191664964,105,0.619554553414011
FixedSigmaNN,191664964,106,0.6205889434690939
FixedSigmaNN,191664964,107,0.6215749676141664
FixedSigmaNN,191664964,108,0.6226352391346934
FixedSigmaNN,191664964,109,0.623576310233621
FixedSigmaNN,191664964,110,0.6245765945917067
FixedSigmaNN,191664964,111,0.6255149869036193
FixedSigmaNN,191664964,112,0.6264639828729746
FixedSigmaNN,191664964,113,0.6273163128007649
FixedSigmaNN,191664964,114,0.6281772561703983
FixedSigmaNN,191664964,115,0.6290130058805707
FixedSigmaNN,191664964,116,0.6298292798022113
FixedSigmaNN,191664964,117,0.630583164165567
FixedSigmaNN,191664964,118,0.6314818662139684
FixedSigmaNN,191664964,119,0.6324010924158094
FixedSigmaNN,191664964,120,0.63322908795791
FixedSigmaNN,191664964,121,0.6340340306307594
FixedSigmaNN,191664964,122,0.6348650028696439
FixedSigmaNN,191664964,123,0.635703964293442
FixedSigmaNN,191664964,124,0.6364745518509591
FixedSigmaNN,191664964,125,0.6372878851481822
FixedSigmaNN,191664964,126,0.6380709841376452
FixedSigmaNN,191664964,127,0.6388860426113095
FixedSigmaNN,191664964,128,0.6397319835656117
FixedSigmaNN,191664964,129,0.6404470104177039
FixedSigmaNN,191664964,130,0.6412081915230264
FixedSigmaNN,191664964,131,0.6418545689692189
FixedSigmaNN,191664964,132,0.6425989599631611
FixedSigmaNN,191664964,133,0.643303435315684
FixedSigmaNN,191664964,134,0.6440249637548133
FixedSigmaNN,191664964,135,0.6446823197977594
FixedSigmaNN,191664964,136,0.6454195207593574
FixedSigmaNN,191664964,137,0.6460074628923641
FixedSigmaNN,191664964,138,0.6466279495631246
FixedSigmaNN,191664964,139,0.6472247103668757
FixedSigmaNN,191664964,140,0.6477682694268203
FixedSigmaNN,191664964,141,0.6483845018401847
FixedSigmaNN,191664964,142,0.6489941242619853
FixedSigmaNN,191664964,143,0.6495746718230138
FixedSigmaNN,191664964,144,0.6501468647095588
FixedSigmaNN,191664964,145,0.65074937973881
FixedSigmaNN,191664964,146,0.651283261817383
FixedSigmaNN,191664964,147,0.6518595684432785
FixedSigmaNN,191664964,148,0.6523679564880975
FixedSigmaNN,191664964,149,0.6529253033826382
FixedSigmaNN,191664964,150,0.6534268043545183
FixedSigmaNN,191664964,151,0.6539906069352109
FixedSigmaNN,191664964,152,0.6545323539938757
FixedSigmaNN,191664964,153,0.6551605782099591
FixedSigmaNN,191664964,154,0.6557103168848615
FixedSigmaNN,191664964,155,0.6563095647558098
FixedSigmaNN,191664964,156,0.6568295520839388
FixedSigmaNN,191664964,157,0.6573520061475048
FixedSigmaNN,191664964,158,0.6579180610625854
FixedSigmaNN,191664964,159,0.65843871396294
FixedSigmaNN,191664964,160,0.6590118902694987
FixedSigmaNN,191664964,161,0.6595729924476096
FixedSigmaNN,191664964,162,0.6601017733374378
FixedSigmaNN,191664964,163,0.6606578030412676
FixedSigmaNN,191664964,164,0.661173008758045
FixedSigmaNN,191664964,165,0.6617572755512474
FixedSigmaNN,191664964,166,0.6622821569208578
FixedSigmaNN,191664964,167,0.662780391697505
FixedSigmaNN,191664964,168,0.6632874373828115
FixedSigmaNN,191664964,169,0.6637646370343361
FixedSigmaNN,191664964,170,0.6643070913194428
FixedSigmaNN,191664964,171,0.6648937711025387
FixedSigmaNN,191664964,172,0.6654060249173619
FixedSigmaNN,191664964,173,0.6659397758811377
FixedSigmaNN,191664964,174,0.6664565353961421
FixedSigmaNN,191664964,175,0.6669086198831812
FixedSigmaNN,191664964,176,0.6674020767663199
FixedSigmaNN,191664964,177,0.6678346986856853
FixedSigmaNN,191664964,178,0.6682733079327107
FixedSigmaNN,191664964,179,0.6686866138009605
FixedSigmaNN,191664964,180,0.669068974524016
FixedSigmaNN,191664964,181,0.6694399206638926
FixedSigmaNN,191664964,182,0.6698792140610628
FixedSigmaNN,191664964,183,0.6702710402699805
FixedSigmaNN,191664964,184,0.6706645391727778
FixedSigmaNN,191664964,185,0.6710549185740184
FixedSigmaNN,191664964,186,0.671451482004075
FixedSigmaNN,191664964,187,0.6718193356520755
FixedSigmaNN,191664964,188,0.6721754609095473
FixedSigmaNN,191664964,189,0.6725193776239029
FixedSigmaNN,191664964,190,0.6728146030427425
FixedSigmaNN,191664964,191,0.6731093744574178
FixedSigmaNN,191664964,192,0.6733999821593485
FixedSigmaNN,191664964,193,0.6736925809425084
FixedSigmaNN,191664964,194,0.6740405862379659
FixedSigmaNN,191664964,195,0.6744041814396948
FixedSigmaNN,191664964,196,0.674728942034374
FixedSigmaNN,191664964,197,0.6750629776596049
FixedSigmaNN,191664964,198,0.6754072078352155
FixedSigmaNN,191664964,199,0.6757176023683188
FixedSigmaNN,191664964,200,0.6760511292082948
MultiscaleMix,191664964,1,0.3813281840315675
MultiscaleMix,191664964,2,0.4295189320795903
MultiscaleMix,191664964,3,0.4455125514230543
MultiscaleMix,191664964,4,0.4536772731088909
MultiscaleMix,191664964,5,0.4552430526404163
MultiscaleMix,191664964,6,0.4577071614474016
MultiscaleMix,191664964,7,0.4588615565443708
MultiscaleMix,191664964,8,0.4606456216942322
MultiscaleMix,191664964,9,0.4610630696181867
MultiscaleMix,191664964,10,0.4618839727982537
MultiscaleMix,191664964,11,0.4632501660039229
MultiscaleMix,191664964,12,0.4649448688887023
MultiscaleMix,191664964,13,0.4662658305509452
MultiscaleMix,191664964,14,0.4670442688031472
MultiscaleMix,191664964,15,0.4685556768253435
MultiscaleMix,191664964,16,0.4703241751322307
MultiscaleMix,191664964,17,0.47158336090712
MultiscaleMix,191664964,18,0.4729521730613159
MultiscaleMix,191664964,19,0.4744331864839665
MultiscaleMix,191664964,20,0.4760641423893879
MultiscaleMix,191664964,21,0.4775717524017415
MultiscaleMix,191664964,22,0.4789117775013166
MultiscaleMix,191664964,23,0.4804272995732845
MultiscaleMix,191664964,24,0.4820526544090895
MultiscaleMix,191664964,25,0.4836604819074805
MultiscaleMix,191664964,26,0.4850493725903012
MultiscaleMix,191664964,27,0.4866929728822097
MultiscaleMix,191664964,28,0.4880677524976912
MultiscaleMix,191664964,29,0.4895330019483583
MultiscaleMix,191664964,30,0.4910908683849663
MultiscaleMix,191664964,31,0.4928623852714081
MultiscaleMix,191664964,32,0.4943697002770548
MultiscaleMix,191664964,33,0.4959230454151115
MultiscaleMix,191664964,34,0.4971850044694227
MultiscaleMix,191664964,35,0.4984120320951821
MultiscaleMix,191664964,36,0.4997434677562291
MultiscaleMix,191664964,37,0.501234380211796
MultiscaleMix,191664964,38,0.5027164187018635
MultiscaleMix,191664964,39,0.5041902658391619
MultiscaleMix,191664964,40,0.5056586348753253
MultiscaleMix,191664964,41,0.5072959817835943
MultiscaleMix,191664964,42,0.5086314771059964
MultiscaleMix,191664964,43,0.5100708159157159
MultiscaleMix,191664964,44,0.511400844139489
MultiscaleMix,191664964,45,0.5129730687786266
MultiscaleMix,191664964,46,0.5145006625224035
MultiscaleMix,191664964,47,0.5156676199543779
MultiscaleMix,191664964,48,0.5168261830800661
MultiscaleMix,191664964,49,0.5181404943809444
MultiscaleMix,191664964,50,0.5194358156326085
MultiscaleMix,191664964,51,0.5206737551875759
MultiscaleMix,191664964,52,0.5219964738477038
MultiscaleMix,191664964,53,0.5233603629434026
MultiscaleMix,191664964,54,0.5247483651899738
MultiscaleMix,191664964,55,0.5262347257309897
MultiscaleMix,191664964,56,0.5275360710987442
MultiscaleMix,191664964,57,0.5287836542073007
MultiscaleMix,191664964,58,0.530163366809585
MultiscaleMix,191664964,59,0.5315411334630146
MultiscaleMix,191664964,60,0.5328722749279378
MultiscaleMix,191664964,61,0.5341033429630414
MultiscaleMix,191664964,62,0.535302823900921
MultiscaleMix,191664964,63,0.5363995932797881
MultiscaleMix,191664964,64,0.5376372155990261
MultiscaleMix,191664964,65,0.5386953236504073
MultiscaleMix,191664964,66,0.5397817907053069
MultiscaleMix,191664964,67,0.5409999786977296
MultiscaleMix,191664964,68,0.5420773926227362
MultiscaleMix,191664964,69,0.543265328967621
MultiscaleMix,191664964,70,0.5445326648836011
MultiscaleMix,191664964,71,0.5456732503154262
MultiscaleMix,191664964,72,0.5467652450116139
MultiscaleMix,191664964,73,0.5478894264884653
MultiscaleMix,191664964,74,0.549058104364124
MultiscaleMix,191664964,75,0.5500853552738365
MultiscaleMix,191664964,76,0.5510231586017348
MultiscaleMix,191664964,77,0.552036914474997
MultiscaleMix,191664964,78,0.5530241384283867
MultiscaleMix,191664964,79,0.5540591666675522
MultiscaleMix,191664964,80,0.5551286625808077
MultiscaleMix,191664964,81,0.5561505030623213
MultiscaleMix,191664964,82,0.5570639765250813
MultiscaleMix,191664964,83,0.5579584731335719
MultiscaleMix,191664964,84,0.5590265700772795
MultiscaleMix,191664964,85,0.5599594048012959
MultiscaleMix,191664964,86,0.5608188053645936
MultiscaleMix,191664964,87,0.5617245528860119
MultiscaleMix,191664964,88,0.5625782317338441
MultiscaleMix,191664964,89,0.5635396041238435
MultiscaleMix,191664964,90,0.5643989216317318
MultiscaleMix,191664964,91,0.565187226508694
MultiscaleMix,191664964,92,0.5660309432639906
MultiscaleMix,191664964,93,0.5668592238312286
MultiscaleMix,191664964,94,0.567703374495594
MultiscaleMix,191664964,95,0.5686185701850125
MultiscaleMix,191664964,96,0.5693813316821986
MultiscaleMix,191664964,97,0.5701153832505169
MultiscaleMix,191664964,98,0.5709689551246575
MultiscaleMix,191664964,99,0.5717315036012038
MultiscaleMix,191664964,100,0.5725308538325917
MultiscaleMix,191664964,101,0.5733002441374186
MultiscaleMix,191664964,102,0.574078006653925
MultiscaleMix,191664964,103,0.5749176945843484
MultiscaleMix,191664964,104,0.5757376019581125
MultiscaleMix,191664964,105,0.576581471309034
MultiscaleMix,191664964,106,0.5774034783132128
MultiscaleMix,191664964,107,0.5782458216193779
MultiscaleMix,191664964,108,0.579020482156239
MultiscaleMix,191664964,109,0.5797512745523181
MultiscaleMix,191664964,110,0.5804752673235588
MultiscaleMix,191664964,111,0.5812905929184999
MultiscaleMix,191664964,112,0.5820883606989937
MultiscaleMix,191664964,113,0.5828712657222482
MultiscaleMix,191664964,114,0.5836264429018142
MultiscaleMix,191664964,115,0.5844075443597989
MultiscaleMix,191664964,116,0.5851165540980664
MultiscaleMix,191664964,117,0.5858496814335954
MultiscaleMix,191664964,118,0.5866166298351189
MultiscaleMix,191664964,119,0.5873939702654632
MultiscaleMix,191664964,120,0.5881737469565947
MultiscaleMix,191664964,121,0.5890055098731571
MultiscaleMix,191664964,122,0.5897424339809875
MultiscaleMix,191664964,123,0.590509694871107
MultiscaleMix,191664964,124,0.5912347897443675
MultiscaleMix,191664964,125,0.5919529846360507
MultiscaleMix,191664964,126,0.5927340740118845
MultiscaleMix,191664964,127,0.5934251869343299
MultiscaleMix,191664964,128,0.5941215709218369
MultiscaleMix,191664964,129,0.5947713630615697
MultiscaleMix,191664964,130,0.595428595416002
MultiscaleMix,191664964,131,0.596102710881788
MultiscaleMix,191664964,132,0.5968547026812496
MultiscaleMix,191664964,133,0.5975477270962647
MultiscaleMix,191664964,134,0.5982326007440758
MultiscaleMix,191664964,135,0.5987845035867871
MultiscaleMix,191664964,136,0.5994029863645567
MultiscaleMix,191664964,137,0.5999677045140754
MultiscaleMix,191664964,138,0.6005637828386621
MultiscaleMix,191664964,139,0.6012077585014517
MultiscaleMix,191664964,140,0.6017297935881598
MultiscaleMix,191664964,141,0.6023075397853227
MultiscaleMix,191664964,142,0.6028978420941229
MultiscaleMix,191664964,143,0.6034546429139662
MultiscaleMix,191664964,144,0.6040453968787023
MultiscaleMix,191664964,145,0.6046578213705672
MultiscaleMix,191664964,146,0.6051169461174948
MultiscaleMix,191664964,147,0.6056463555953823
MultiscaleMix,191664964,148,0.6061972580421913
MultiscaleMix,191664964,149,0.6067320321466989
MultiscaleMix,191664964,150,0.6072829037584305
MultiscaleMix,191664964,151,0.6078211970569806
MultiscaleMix,191664964,152,0.6084012898293926
MultiscaleMix,191664964,153,0.6089477349163155
MultiscaleMix,191664964,154,0.6094827219627825
MultiscaleMix,191664964,155,0.6100232639387284
MultiscaleMix,191664964,156,0.6105412686829025
MultiscaleMix,191664964,157,0.6110529420163452
MultiscaleMix,191664964,158,0.6115578727885829
MultiscaleMix,191664964,159,0.6121108388261155
MultiscaleMix,191664964,160,0.6126957224414408
MultiscaleMix,191664964,161,0.6132996744488496
MultiscaleMix,191664964,162,0.6138116960046269
MultiscaleMix,191664964,163,0.6143364925858604
MultiscaleMix,191664964,164,0.6148856048211226
MultiscaleMix,191664964,165,0.6154326405690691
MultiscaleMix,191664964,166,0.6159619588251419
MultiscaleMix,191664964,167,0.6164711128494418
MultiscaleMix,191664964,168,0.6169712070874861
MultiscaleMix,191664964,169,0.6174556958189412
MultiscaleMix,191664964,170,0.6180384419740527
MultiscaleMix,191664964,171,0.6185611020526999
MultiscaleMix,191664964,172,0.6190986736903351
MultiscaleMix,191664964,173,0.6196028541160039
MultiscaleMix,191664964,174,0.6201572100357343
MultiscaleMix,191664964,175,0.620610719982729
MultiscaleMix,191664964,176,0.621099623342823
MultiscaleMix,191664964,177,0.6215749387998655
MultiscaleMix,191664964,178,0.6220515169152488
MultiscaleMix,191664964,179,0.6225007258207872
MultiscaleMix,191664964,180,0.622874047332531
MultiscaleMix,191664964,181,0.623272466001296
MultiscaleMix,191664964,182,0.6237084844464578
MultiscaleMix,191664964,183,0.62415395971855
MultiscaleMix,191664964,184,0.6245783948341505
MultiscaleMix,191664964,185,0.6249775928224421
MultiscaleMix,191664964,186,0.625394390113774
MultiscaleMix,191664964,187,0.6258168313386673
MultiscaleMix,191664964,188,0.6262218278473144
MultiscaleMix,191664964,189,0.6266136544450708
MultiscaleMix,191664964,190,0.6269690997706675
MultiscaleMix,191664964,191,0.6273177462339578
MultiscaleMix,191664964,192,0.627682000881538
MultiscaleMix,191664964,193,0.6280446558956475
MultiscaleMix,191664964,194,0.6284249939629573
MultiscaleMix,191664964,195,0.6288044449323938
MultiscaleMix,191664964,196,0.6291832365554735
MultiscaleMix,191664964,197,0.6295196139557897
MultiscaleMix,191664964,198,0.6298971157295395
MultiscaleMix,191664964,199,0.6302410803070849
MultiscaleMix,191664964,200,0.630601964570565
Multiscale,191664964,1,0.2551423054319536
Multiscale,191664964,2,0.3150868944672991
Multiscale,191664964,3,0.3478437298855399
Multiscale,191664964,4,0.3684304424481571
Multiscale,191664964,5,0.3818990848795232
Multiscale,191664964,6,0.3933968600453362
Multiscale,191664964,7,0.4018854120440888
Multiscale,191664964,8,0.4098364956762656
Multiscale,191664964,9,0.4160393287250815
Multiscale,191664964,10,0.4224540340861389
Multiscale,191664964,11,0.4279275841277352
Multiscale,191664964,12,0.4333809084039963
Multiscale,191664964,13,0.4386055553044051
Multiscale,191664964,14,0.4429788790673687
Multiscale,191664964,15,0.4474967117230571
Multiscale,191664964,16,0.4513448702879691
Multiscale,191664964,17,0.4552366324751712
Multiscale,191664964,18,0.4585234004048545
Multiscale,191664964,19,0.4619502538564528
Multiscale,191664964,20,0.4654374107967425
Multiscale,191664964,21,0.4686464292710619
Multiscale,191664964,22,0.4715560864288929
Multiscale,191664964,23,0.4745649801243279
Multiscale,191664964,24,0.4774105868524892
Multiscale,191664964,25,0.480219964738477
Multiscale,191664964,26,0.4826453246191303
Multiscale,191664964,27,0.485405647440741
Multiscale,191664964,28,0.4878173836909459
Multiscale,191664964,29,0.4900816110289243
Multiscale,191664964,30,0.4923474099571824
Multiscale,191664964,31,0.4946268155486525
Multiscale,191664964,32,0.4968450906724876
Multiscale,191664964,33,0.4991171898652378
Multiscale,191664964,34,0.501144517919669
Multiscale,191664964,35,0.5031171666046992
Multiscale,191664964,36,0.5052180990494315
Multiscale,191664964,37,0.5072837508821053
Multiscale,191664964,38,0.5095952878586358
Multiscale,191664964,39,0.5117452301148044
Multiscale,191664964,40,0.513886323566451
Multiscale,191664964,41,0.5158175164994032
Multiscale,191664964,42,0.5176767373896077
Multiscale,191664964,43,0.5194729124729339
Multiscale,191664964,44,0.5213839766144359
Multiscale,191664964,45,0.5232819336001269
Multiscale,191664964,46,0.5251092340656974
Multiscale,191664964,47,0.5267855388457299
Multiscale,191664964,48,0.5282730599166037
Multiscale,191664964,49,0.5299354566778437
Multiscale,191664964,50,0.5316169926958274
Multiscale,191664964,51,0.533335473388415
Multiscale,191664964,52,0.5349943168241381
Multiscale,191664964,53,0.5367909479583642
Multiscale,191664964,54,0.5383935484472803
Multiscale,191664964,55,0.5400141961975561
Multiscale,191664964,56,0.541454777696487
Multiscale,191664964,57,0.5429309778518161
Multiscale,191664964,58,0.5443794348313208
Multiscale,191664964,59,0.5460512928513594
Multiscale,191664964,60,0.5475673746956594
Multiscale,191664964,61,0.5491466078332331
Multiscale,191664964,62,0.5506830227412448
Multiscale,191664964,63,0.5521606678100675
Multiscale,191664964,64,0.5536052545965914
Multiscale,191664964,65,0.5548678338704366
Multiscale,191664964,66,0.5561888297804677
Multiscale,191664964,67,0.557654594962389
Multiscale,191664964,68,0.55888464444631
Multiscale,191664964,69,0.560169080097681
Multiscale,191664964,70,0.561689674610504
Multiscale,191664964,71,0.5630024796584056
Multiscale,191664964,72,0.5643866780473699
Multiscale,191664964,73,0.5655385892860634
Multiscale,191664964,74,0.5668658541842994
Multiscale,191664964,75,0.5679467159208574
Multiscale,191664964,76,0.5691333530703595
Multiscale,191664964,77,0.5702482808099465
Multiscale,191664964,78,0.5714158857681652
Multiscale,191664964,79,0.5725842190337832
Multiscale,191664964,80,0.5736771681638821
Multiscale,191664964,81,0.574898604982841
Multiscale,191664964,82,0.5760303552158181
Multiscale,191664964,83,0.5769876584669633
Multiscale,191664964,84,0.5781370561825604
Multiscale,191664964,85,0.5791848365574086
Multiscale,191664964,86,0.5801423542435857
Multiscale,191664964,87,0.5811338307002993
Multiscale,191664964,88,0.582149521832378
Multiscale,191664964,89,0.5832763407255497
Multiscale,191664964,90,0.5842652450116139
Multiscale,191664964,91,0.5852296473570926
Multiscale,191664964,92,0.5861630462159567
Multiscale,191664964,93,0.5871368564162702
Multiscale,191664964,94,0.5881399635952463
Multiscale,191664964,95,0.589070253502954
Multiscale,191664964,96,0.5900056495396413
Multiscale,191664964,97,0.5909459937837934
Multiscale,191664964,98,0.5918701457579086
Multiscale,191664964,99,0.5927548510035288
Multiscale,191664964,100,0.593714213751994
Multiscale,191664964,101,0.5946142637099744
Multiscale,191664964,102,0.5954946078842921
Multiscale,191664964,103,0.5963692694930769
Multiscale,191664964,104,0.5972448706108768
Multiscale,191664964,105,0.5981849510856312
Multiscale,191664964,106,0.5991005618716171
Multiscale,191664964,107,0.6000555521990588
Multiscale,191664964,108,0.6009617627030103
Multiscale,191664964,109,0.6018012799825002
Multiscale,191664964,110,0.60266751131498
Multiscale,191664964,111,0.6035608692396536
Multiscale,191664964,112,0.6045188571188697
Multiscale,191664964,113,0.6053562446552343
Multiscale,191664964,114,0.6061999301839521
Multiscale,191664964,115,0.6071004880399191
Multiscale,191664964,116,0.6079887759503676
Multiscale,191664964,117,0.6088044736353022
Multiscale,191664964,118,0.609598163782517
Multiscale,191664964,119,0.6104603540685857
Multiscale,191664964,120,0.6113064254330731
Multiscale,191664964,121,0.6121305328569813
Multiscale,191664964,122,0.6128365293963013
Multiscale,191664964,123,0.6136324078378053
Multiscale,191664964,124,0.6143971687867815
Multiscale,191664964,125,0.6151755520107464
Multiscale,191664964,126,0.6159862232190333
Multiscale,191664964,127,0.6167454553026813
Multiscale,191664964,128,0.6175026629795987
Multiscale,191664964,129,0.6182757909274146
Multiscale,191664964,130,0.6190011818422531
Multiscale,191664964,131,0.6197648462739875
Multiscale,191664964,132,0.620519802169118
Multiscale,191664964,133,0.621215430482848
Multiscale,191664964,134,0.6219439073626912
Multiscale,191664964,135,0.6226252110560732
Multiscale,191664964,136,0.623272728619615
Multiscale,191664964,137,0.6238743307266117
Multiscale,191664964,138,0.6244501794103369
Multiscale,191664964,139,0.6250742165062342
Multiscale,191664964,140,0.6256083812082468
Multiscale,191664964,141,0.6262531624917904
Multiscale,191664964,142,0.6268495449229673
Multiscale,191664964,143,0.6274029471494
Multiscale,191664964,144,0.627990641237325
Multiscale,191664964,145,0.6285667551582282
Multiscale,191664964,146,0.6291200260378631
Multiscale,191664964,147,0.6296215069018121
Multiscale,191664964,148,0.6301448581483844
Multiscale,191664964,149,0.6306727355402681
Multiscale,191664964,150,0.6312120448884785
Multiscale,191664964,151,0.6317956410708339
Multiscale,191664964,152,0.6323359322872709
Multiscale,191664964,153,0.6328724532658612
Multiscale,191664964,154,0.633399825764027
Multiscale,191664964,155,0.6339797043123597
Multiscale,191664964,156,0.6345233559153465
Multiscale,191664964,157,0.6350758571935058
Multiscale,191664964,158,0.6356046267199027
Multiscale,191664964,159,0.6361692510860159
Multiscale,191664964,160,0.6367383615985223
Multiscale,191664964,161,0.6373040526763974
Multiscale,191664964,162,0.6378580956911911
Multiscale,191664964,163,0.6383687708377007
Multiscale,191664964,164,0.6389123806442497
Multiscale,191664964,165,0.6394694998002864
Multiscale,191664964,166,0.6400151019660878
Multiscale,191664964,167,0.6405385853261992
Multiscale,191664964,168,0.6411282987714437
Multiscale,191664964,169,0.641660610077006
Multiscale,191664964,170,0.6422451811721246
Multiscale,191664964,171,0.6428430449812719
Multiscale,191664964,172,0.643401985266697
Multiscale,191664964,173,0.6439622285321336
Multiscale,191664964,174,0.6444706766757669
Multiscale,191664964,175,0.6449742734806961
Multiscale,191664964,176,0.6454938521305745
Multiscale,191664964,177,0.6459961759698934
Multiscale,191664964,178,0.6464563018416551
Multiscale,191664964,179,0.6469009680268322
Multiscale,191664964,180,0.6473180719969404
Multiscale,191664964,181,0.6477405397582717
Multiscale,191664964,182,0.6482044946909358
Multiscale,191664964,183,0.6486482394700587
Multiscale,191664964,184,0.6490556774337204
Multiscale,191664964,185,0.6494739135071601
Multiscale,191664964,186,0.6498941973760588
Multiscale,191664964,187,0.6502992111278075
Multiscale,191664964,188,0.6507336325977953
Multiscale,191664964,189,0.6511401359021206
Multiscale,191664964,190,0.6515143012429907
Multiscale,191664964,191,0.6519216914629928
Multiscale,191664964,192,0.6522763009682927
Multiscale,191664964,193,0.652677478866359
Multiscale,191664964,194,0.6530816614980348
Multiscale,191664964,195,0.6534481162640008
Multiscale,191664964,196,0.6538598774242298
Multiscale,191664964,197,0.6542955856613368
Multiscale,191664964,198,0.6546810986194749
Multiscale,191664964,199,0.6550327829222512
Multiscale,191664964,200,0.6554076064142389
Uniform,191664964,1,0.0561665687179917
Uniform,191664964,2,0.0948492989673411
Uniform,191664964,3,0.1247866118154087
Uniform,191664964,4,0.1507430106624128
Uniform,191664964,5,0.1723281000755604
Uniform,191664964,6,0.1914546777488595
Uniform,191664964,7,0.2091464072825839
Uniform,191664964,8,0.2256107799513055
Uniform,191664964,9,0.2403380628550639
Uniform,191664964,10,0.25446226177483
Uniform,191664964,11,0.2675372650185847
Uniform,191664964,12,0.2801576973665799
Uniform,191664964,13,0.2922347151631007
Uniform,191664964,14,0.3029372608753013
Uniform,191664964,15,0.3136988218173677
Uniform,191664964,16,0.3241488959785072
Uniform,191664964,17,0.3331571903381451
Uniform,191664964,18,0.3418385432699932
Uniform,191664964,19,0.3505229575491915
Uniform,191664964,20,0.35919738057258
Uniform,191664964,21,0.3671955895110961
Uniform,191664964,22,0.3748902847635111
Uniform,191664964,23,0.3821841702773833
Uniform,191664964,24,0.3892900120336944
Uniform,191664964,25,0.3963865334564688
Uniform,191664964,26,0.403090549782683
Uniform,191664964,27,0.4096633364117202
Uniform,191664964,28,0.4161069599529846
Uniform,191664964,29,0.4220642176602908
Uniform,191664964,30,0.4279419584137912
Uniform,191664964,31,0.4337302737236655
Uniform,191664964,32,0.4392171627067416
Uniform,191664964,33,0.4444134909670968
Uniform,191664964,34,0.4495893563537412
Uniform,191664964,35,0.4544754548616525
Uniform,191664964,36,0.4595320385451357
Uniform,191664964,37,0.4642891989462386
Uniform,191664964,38,0.4687584232178128
Uniform,191664964,39,0.4733708767375127
Uniform,191664964,40,0.4776330702711778
Uniform,191664964,41,0.4817631171022483
Uniform,191664964,42,0.4857384730401269
Uniform,191664964,43,0.4896734111325665
Uniform,191664964,44,0.493576411414964
Uniform,191664964,45,0.4975568801947779
Uniform,191664964,46,0.5013825364204808
Uniform,191664964,47,0.5049918098235673
Uniform,191664964,48,0.5084585677105197
Uniform,191664964,49,0.5119157561437806
Uniform,191664964,50,0.5152271009990765
Uniform,191664964,51,0.5186118944261443
Uniform,191664964,52,0.5218447072195708
Uniform,191664964,53,0.525027602517413
Uniform,191664964,54,0.5281446966234138
Uniform,191664964,55,0.531153784507827
Uniform,191664964,56,0.5340823908272065
Uniform,191664964,57,0.5368588964645683
Uniform,191664964,58,0.5396055225682431
Uniform,191664964,59,0.5424938349254144
Uniform,191664964,60,0.5451263537906137
Uniform,191664964,61,0.5478053762123729
Uniform,191664964,62,0.5503126684198125
Uniform,191664964,63,0.552806995800867
Uniform,191664964,64,0.5551800856351272
Uniform,191664964,65,0.5574853238441518
Uniform,191664964,66,0.5597512358069826
Uniform,191664964,67,0.5620315850016979
Uniform,191664964,68,0.5642331359544069
Uniform,191664964,69,0.5664408371752332
Uniform,191664964,70,0.5685530781870299
Uniform,191664964,71,0.5706324252288983
Uniform,191664964,72,0.5727257250534054
Uniform,191664964,73,0.5746524163803921
Uniform,191664964,74,0.576594540136644
Uniform,191664964,75,0.5783527831416339
Uniform,191664964,76,0.5802276975286003
Uniform,191664964,77,0.5819661406513896
Uniform,191664964,78,0.5836201830240954
Uniform,191664964,79,0.585329059724603
Uniform,191664964,80,0.5869836705566284
Uniform,191664964,81,0.588649769742877
Uniform,191664964,82,0.590321817708984
Uniform,191664964,83,0.5920233701155052
Uniform,191664964,84,0.5936934046559603
Uniform,191664964,85,0.5952016672675282
Uniform,191664964,86,0.5966489838394449
Uniform,191664964,87,0.59817014505089
Uniform,191664964,88,0.5995551285671762
Uniform,191664964,89,0.6010471861059411
Uniform,191664964,90,0.6024515154059273
Uniform,191664964,91,0.6038175995778213
Uniform,191664964,92,0.6051366475271306
Uniform,191664964,93,0.6063131306292278
Uniform,191664964,94,0.6074900369227801
Uniform,191664964,95,0.6086580736956992
Uniform,191664964,96,0.6097886582430807
Uniform,191664964,97,0.6108643400754912
Uniform,191664964,98,0.6120255843081084
Uniform,191664964,99,0.6130908616006425
Uniform,191664964,100,0.6140962135840818
Uniform,191664964,101,0.6152117478560046
Uniform,191664964,102,0.6163214593200222
Uniform,191664964,103,0.6173431917791582
Uniform,191664964,104,0.6183892717139295
Uniform,191664964,105,0.6194757946835858
Uniform,191664964,106,0.6206043882062403
Uniform,191664964,107,0.6217020785781148
Uniform,191664964,108,0.6228027624635801
Uniform,191664964,109,0.62383010385127
Uniform,191664964,110,0.6247864846093373
Uniform,191664964,111,0.6257891675572811
Uniform,191664964,112,0.6267439611643499
Uniform,191664964,113,0.6276692252197901
Uniform,191664964,114,0.6286095559610975
Uniform,191664964,115,0.629516376896767
Uniform,191664964,116,0.630351471690903
Uniform,191664964,117,0.6311938185416482
Uniform,191664964,118,0.6321257660985643
Uniform,191664964,119,0.6330194742660729
Uniform,191664964,120,0.6339727982537151
Uniform,191664964,121,0.634852428236695
Uniform,191664964,122,0.6356577677886951
Uniform,191664964,123,0.6364657114793799
Uniform,191664964,124,0.6372051045252288
Uniform,191664964,125,0.6380824447989254
Uniform,191664964,126,0.6388992168103913
Uniform,191664964,127,0.6397543592669253
Uniform,191664964,128,0.6406033550919318
Uniform,191664964,129,0.641356208416557
Uniform,191664964,130,0.6421607692953507
Uniform,191664964,131,0.6428706930087719
Uniform,191664964,132,0.6436458659298891
Uniform,191664964,133,0.6444567257283499
Uniform,191664964,134,0.6452874365474283
Uniform,191664964,135,0.6459596948976514
Uniform,191664964,136,0.6466341049055001
Uniform,191664964,137,0.64727507603534
Uniform,191664964,138,0.6480080524761547
Uniform,191664964,139,0.6486601164874498
Uniform,191664964,140,0.6492563896518224
Uniform,191664964,141,0.6498662360497568
Uniform,191664964,142,0.6505097666850739
Uniform,191664964,143,0.6511076028328988
Uniform,191664964,144,0.6517085047435144
Uniform,191664964,145,0.6523920224423093
Uniform,191664964,146,0.6530057975648157
Uniform,191664964,147,0.6535775253767026
Uniform,191664964,148,0.6541829378702857
Uniform,191664964,149,0.6547337383130701
Uniform,191664964,150,0.6552741163630257
Uniform,191664964,151,0.6558771150936776
Uniform,191664964,152,0.6564299254559032
Uniform,191664964,153,0.6570043179726764
Uniform,191664964,154,0.657594147939207
Uniform,191664964,155,0.6581890960104647
Uniform,191664964,156,0.6587379367057816
Uniform,191664964,157,0.6593003737379193
Uniform,191664964,158,0.6599253004084087
Uniform,191664964,159,0.6604407215147565
Uniform,191664964,160,0.6610625157417513
Uniform,191664964,161,0.6616304360862734
Uniform,191664964,162,0.6621636188563119
Uniform,191664964,163,0.6626995307219753
Uniform,191664964,164,0.6632173887224558
Uniform,191664964,165,0.663774000605501
Uniform,191664964,166,0.664355010504616
Uniform,191664964,167,0.6648559149017891
Uniform,191664964,168,0.6654078262990193
Uniform,191664964,169,0.6659733258352505
Uniform,191664964,170,0.6665452596956841
Uniform,191664964,171,0.6670947932055532
Uniform,191664964,172,0.6676123106840852
Uniform,191664964,173,0.6681403453261011
Uniform,191664964,174,0.6686567617878577
Uniform,191664964,175,0.6692010986243209
Uniform,191664964,176,0.6696455148411323
Uniform,191664964,177,0.6701038825147149
Uniform,191664964,178,0.6705861072618173
Uniform,191664964,179,0.6710488731837478
Uniform,191664964,180,0.6714309368557543
Uniform,191664964,181,0.6718546995186677
Uniform,191664964,182,0.6722867217577989
Uniform,191664964,183,0.6727429253300778
Uniform,191664964,184,0.6731343971411154
Uniform,191664964,185,0.6735481850753449
Uniform,191664964,186,0.673942853944533
Uniform,191664964,187,0.6743319548684832
Uniform,191664964,188,0.674695704131886
Uniform,191664964,189,0.675027840966889
Uniform,191664964,190,0.6753220154744177
Uniform,191664964,191,0.6756944282661854
Uniform,191664964,192,0.6760308223490891
Uniform,191664964,193,0.6763693855507796
Uniform,191664964,194,0.6767247982675636
Uniform,191664964,195,0.6770864682291095
Uniform,191664964,196,0.6774433768134069
Uniform,191664964,197,0.6778109387432254
Uniform,191664964,198,0.6782394510125179
Uniform,191664964,199,0.6785183156990562
Uniform,191664964,200,0.6788451851229956
tt-SNE,191664964,1,0.2597598858198304
tt-SNE,191664964,2,0.3089581059524809
tt-SNE,191664964,3,0.3354882041810091
tt-SNE,191664964,4,0.3533603391822685
tt-SNE,191664964,5,0.3667953992108135
tt-SNE,191664964,6,0.3779559510816332
tt-SNE,191664964,7,0.3875049474075583
tt-SNE,191664964,8,0.3962251280329107
tt-SNE,191664964,9,0.4039589921547776
tt-SNE,191664964,10,0.4106666106959953
tt-SNE,191664964,11,0.4166812953648651
tt-SNE,191664964,12,0.4221832759633951
tt-SNE,191664964,13,0.427646067306885
tt-SNE,191664964,14,0.4328261990716864
tt-SNE,191664964,15,0.4379984887918731
tt-SNE,191664964,16,0.4427105196876836
tt-SNE,191664964,17,0.4466829969331364
tt-SNE,191664964,18,0.4506805100793851
tt-SNE,191664964,19,0.454599684502163
tt-SNE,191664964,20,0.4587314247334397
tt-SNE,191664964,21,0.4626315810515289
tt-SNE,191664964,22,0.465932942047458
tt-SNE,191664964,23,0.46906768679299
tt-SNE,191664964,24,0.4723574846780287
tt-SNE,191664964,25,0.4754479052976241
tt-SNE,191664964,26,0.4784927313472356
tt-SNE,191664964,27,0.4817644443200652
tt-SNE,191664964,28,0.4846315530661933
tt-SNE,191664964,29,0.487620831511874
tt-SNE,191664964,30,0.490325469454006
tt-SNE,191664964,31,0.4929625908282125
tt-SNE,191664964,32,0.4955122890605323
tt-SNE,191664964,33,0.4978273203023434
tt-SNE,191664964,34,0.5001975435460054
tt-SNE,191664964,35,0.5024838984372189
tt-SNE,191664964,36,0.5050676778701294
tt-SNE,191664964,37,0.507322325263724
tt-SNE,191664964,38,0.5096737204441715
tt-SNE,191664964,39,0.5120853595792727
tt-SNE,191664964,40,0.5143722189572664
tt-SNE,191664964,41,0.5167871059954827
tt-SNE,191664964,42,0.5190340261702867
tt-SNE,191664964,43,0.5209919304609966
tt-SNE,191664964,44,0.5229886812037765
tt-SNE,191664964,45,0.5249629194302187
tt-SNE,191664964,46,0.5270237960526076
tt-SNE,191664964,47,0.5288835458730263
tt-SNE,191664964,48,0.5306876696610976
tt-SNE,191664964,49,0.5326760206223368
tt-SNE,191664964,50,0.5346175803878768
tt-SNE,191664964,51,0.5365126320866689
tt-SNE,191664964,52,0.5383654734150073
tt-SNE,191664964,53,0.540081865027254
tt-SNE,191664964,54,0.541889383296486
tt-SNE,191664964,55,0.5436731516321811
tt-SNE,191664964,56,0.5455453842186695
tt-SNE,191664964,57,0.5473747545759706
tt-SNE,191664964,58,0.54902741308382
tt-SNE,191664964,59,0.5506859490372807
tt-SNE,191664964,60,0.552245123555257
tt-SNE,191664964,61,0.5538261229804107
tt-SNE,191664964,62,0.5553588306823999
tt-SNE,191664964,63,0.5567755829278791
tt-SNE,191664964,64,0.5583008878347746
tt-SNE,191664964,65,0.5597624690815859
tt-SNE,191664964,66,0.5611912085340008
tt-SNE,191664964,67,0.5625428394924045
tt-SNE,191664964,68,0.5639337340174925
tt-SNE,191664964,69,0.5653816530572762
tt-SNE,191664964,70,0.5668487712438682
tt-SNE,191664964,71,0.5682568249730099
tt-SNE,191664964,72,0.5696012789298407
tt-SNE,191664964,73,0.5709526016586487
tt-SNE,191664964,74,0.5722605949077278
tt-SNE,191664964,75,0.5734016175524026
tt-SNE,191664964,76,0.5746275004529207
tt-SNE,191664964,77,0.5757893772753987
tt-SNE,191664964,78,0.5769709749014593
tt-SNE,191664964,79,0.5782400908000157
tt-SNE,191664964,80,0.5794501930988163
tt-SNE,191664964,81,0.5805485333092867
tt-SNE,191664964,82,0.5815919287561611
tt-SNE,191664964,83,0.5826592407747014
tt-SNE,191664964,84,0.5838080845636886
tt-SNE,191664964,85,0.5848632257873345
tt-SNE,191664964,86,0.5858230519765782
tt-SNE,191664964,87,0.5868196789020484
tt-SNE,191664964,88,0.5877903160562048
tt-SNE,191664964,89,0.5888499819353086
tt-SNE,191664964,90,0.5898749055494921
tt-SNE,191664964,91,0.5907675147453504
tt-SNE,191664964,92,0.5916160801305332
tt-SNE,191664964,93,0.5925574353877278
tt-SNE,191664964,94,0.5934412495511927
tt-SNE,191664964,95,0.5944129486675298
tt-SNE,191664964,96,0.5952660181065123
tt-SNE,191664964,97,0.5961439092513461
tt-SNE,191664964,98,0.5969666180635632
tt-SNE,191664964,99,0.5977951795683304
tt-SNE,191664964,100,0.5986357148854001
tt-SNE,191664964,101,0.5995460556886014
tt-SNE,191664964,102,0.6004015072572559
tt-SNE,191664964,103,0.6012623560011835
tt-SNE,191664964,104,0.6020779919014744
tt-SNE,191664964,105,0.6029656460014952
tt-SNE,191664964,106,0.6038385320054555
tt-SNE,191664964,107,0.6046951023831736
tt-SNE,191664964,108,0.6054728433412003
tt-SNE,191664964,109,0.6062713596790879
tt-SNE,191664964,110,0.607062989902382
tt-SNE,191664964,111,0.6078566182671632
tt-SNE,191664964,112,0.6086885472012665
tt-SNE,191664964,113,0.6095087236235115
tt-SNE,191664964,114,0.6102754788069998
tt-SNE,191664964,115,0.6110960639233738
tt-SNE,191664964,116,0.6119296419710554
tt-SNE,191664964,117,0.6127518411121803
tt-SNE,191664964,118,0.6135006951272787
tt-SNE,191664964,119,0.6142909350794301
tt-SNE,191664964,120,0.6151103321859346
tt-SNE,191664964,121,0.6159123693564738
tt-SNE,191664964,122,0.6166544632252043
tt-SNE,191664964,123,0.6174165712776262
tt-SNE,191664964,124,0.6181975322350443
tt-SNE,191664964,125,0.6189730501217362
tt-SNE,191664964,126,0.6197619114250799
tt-SNE,191664964,127,0.6205125679498273
tt-SNE,191664964,128,0.621219356057426
tt-SNE,191664964,129,0.6218872008741837
tt-SNE,191664964,130,0.6226048319911135
tt-SNE,191664964,131,0.6233047776095098
tt-SNE,191664964,132,0.6240376860706808
tt-SNE,191664964,133,0.6247343234250515
tt-SNE,191664964,134,0.6254221295503843
tt-SNE,191664964,135,0.6259918469388708
tt-SNE,191664964,136,0.6266155358121756
tt-SNE,191664964,137,0.6271844648294804
tt-SNE,191664964,138,0.6278230207371337
tt-SNE,191664964,139,0.6284523887900008
tt-SNE,191664964,140,0.6290616716840376
tt-SNE,191664964,141,0.6296218228456799
tt-SNE,191664964,142,0.6301912304994436
tt-SNE,191664964,143,0.6307356483664098
tt-SNE,191664964,144,0.6312281947592794
tt-SNE,191664964,145,0.6317350811622985
tt-SNE,191664964,146,0.6322036841736026
tt-SNE,191664964,147,0.6327233101283498
tt-SNE,191664964,148,0.6331962051884812
tt-SNE,191664964,149,0.6337416375027538
tt-SNE,191664964,150,0.6342355805557888
tt-SNE,191664964,151,0.6347315993174543
tt-SNE,191664964,152,0.6352401473206987
tt-SNE,191664964,153,0.635762899456371
tt-SNE,191664964,154,0.6362712302389911
tt-SNE,191664964,155,0.6367778767796642
tt-SNE,191664964,156,0.6373073586363822
tt-SNE,191664964,157,0.6378664586126296
tt-SNE,191664964,158,0.6384131677026554
tt-SNE,191664964,159,0.638920526398884
tt-SNE,191664964,160,0.6394955293426244
tt-SNE,191664964,161,0.6400605213303011
tt-SNE,191664964,162,0.6405801878334271
tt-SNE,191664964,163,0.6410836917774104
tt-SNE,191664964,164,0.6416427426175026
tt-SNE,191664964,165,0.6422148612308969
tt-SNE,191664964,166,0.6427209130367496
tt-SNE,191664964,167,0.6432314616841374
tt-SNE,191664964,168,0.6437594200638865
tt-SNE,191664964,169,0.6442759142138513
tt-SNE,191664964,170,0.6448075678932474
tt-SNE,191664964,171,0.6453612342220395
tt-SNE,191664964,172,0.6458977240112228
tt-SNE,191664964,173,0.6463967100892312
tt-SNE,191664964,174,0.6469345924804367
tt-SNE,191664964,175,0.6474397015963634
tt-SNE,191664964,176,0.6479285763350913
tt-SNE,191664964,177,0.6484221251115263
tt-SNE,191664964,178,0.6488723953592138
tt-SNE,191664964,179,0.6493115372907725
tt-SNE,191664964,180,0.6496919280963442
tt-SNE,191664964,181,0.6500639410805091
tt-SNE,191664964,182,0.6504724601232031
tt-SNE,191664964,183,0.6508751381489214
tt-SNE,191664964,184,0.6512588381948728
tt-SNE,191664964,185,0.6516381632240922
tt-SNE,191664964,186,0.6520289819747356
tt-SNE,191664964,187,0.6524228042473658
tt-SNE,191664964,188,0.6528050684420087
tt-SNE,191664964,189,0.6531941706989982
tt-SNE,191664964,190,0.6535003026834991
tt-SNE,191664964,191,0.653818613706104
tt-SNE,191664964,192,0.654148476198472
tt-SNE,191664964,193,0.6544466450875078
tt-SNE,191664964,194,0.6547395762558564
tt-SNE,191664964,195,0.6550910707404705
tt-SNE,191664964,196,0.6554379076792332
tt-SNE,191664964,197,0.655755226900698
tt-SNE,191664964,198,0.6561367600952859
tt-SNE,191664964,199,0.656472902671362
tt-SNE,191664964,200,0.6568073629418185
γ=1.0,1662057958,1,0.36101083032490977
γ=1.0,1662057958,2,0.41520443287717235
γ=1.0,1662057958,3,0.4343464024850978
γ=1.0,1662057958,4,0.44340315674586517
γ=1.0,1662057958,5,0.44848459407270586
γ=1.0,1662057958,6,0.45187921529118746
γ=1.0,1662057958,7,0.4543459227364861
γ=1.0,1662057958,8,0.45720342540508774
γ=1.0,1662057958,9,0.45830184983068867
γ=1.0,1662057958,10,0.4597179078163042
γ=1.0,1662057958,11,0.4619984582624159
γ=1.0,1662057958,12,0.46410530881817935
γ=1.0,1662057958,13,0.4658460505156836
γ=1.0,1662057958,14,0.4671102342372596
γ=1.0,1662057958,15,0.46884112724932137
γ=1.0,1662057958,16,0.47056817227772646
γ=1.0,1662057958,17,0.4721043820097092
γ=1.0,1662057958,18,0.47384070746928614
γ=1.0,1662057958,19,0.47549368341515363
γ=1.0,1662057958,20,0.4774389220048695
γ=1.0,1662057958,21,0.4791589207255398
γ=1.0,1662057958,22,0.48058708146022383
γ=1.0,1662057958,23,0.482290757903728
γ=1.0,1662057958,24,0.48393117006688496
γ=1.0,1662057958,25,0.4854756107799514
γ=1.0,1662057958,26,0.4870788476069309
γ=1.0,1662057958,27,0.48865816534358214
γ=1.0,1662057958,28,0.49011418016959113
γ=1.0,1662057958,29,0.4918388971075708
γ=1.0,1662057958,30,0.49331430330506815
γ=1.0,1662057958,31,0.4949761808683217
γ=1.0,1662057958,32,0.4965997817143817
γ=1.0,1662057958,33,0.49797615140575424
γ=1.0,1662057958,34,0.4994197158336091
γ=1.0,1662057958,35,0.5007328160044137
γ=1.0,1662057958,36,0.5022260002425396
γ=1.0,1662057958,37,0.5037428495576425
γ=1.0,1662057958,38,0.5052163192802761
γ=1.0,1662057958,39,0.5068047420074958
γ=1.0,1662057958,40,0.5082675677944757
γ=1.0,1662057958,41,0.5097481115017682
γ=1.0,1662057958,42,0.5110761960732576
γ=1.0,1662057958,43,0.512492849095911
γ=1.0,1662057958,44,0.5138641897100465
γ=1.0,1662057958,45,0.5153807404919822
γ=1.0,1662057958,46,0.51688793333163
γ=1.0,1662057958,47,0.5181880864639695
γ=1.0,1662057958,48,0.5194839154283156
γ=1.0,1662057958,49,0.5208647811403967
γ=1.0,1662057958,50,0.5221937704642767
γ=1.0,1662057958,51,0.5235200284462705
γ=1.0,1662057958,52,0.5248566289725722
γ=1.0,1662057958,53,0.5262180353343905
γ=1.0,1662057958,54,0.52766428169417
γ=1.0,1662057958,55,0.5290304607658315
γ=1.0,1662057958,56,0.5303950729817577
γ=1.0,1662057958,57,0.531690446837436
γ=1.0,1662057958,58,0.5330366887750818
γ=1.0,1662057958,59,0.5342668577258737
γ=1.0,1662057958,60,0.5355707609212773
γ=1.0,1662057958,61,0.5367259359374378
γ=1.0,1662057958,62,0.5378837940532065
γ=1.0,1662057958,63,0.5390075600385398
γ=1.0,1662057958,64,0.5402057446897826
γ=1.0,1662057958,65,0.5413412295034327
γ=1.0,1662057958,66,0.5424887359023871
γ=1.0,1662057958,67,0.5436514848309038
γ=1.0,1662057958,68,0.5447646021719913
γ=1.0,1662057958,69,0.5459111599434939
γ=1.0,1662057958,70,0.5471778787915133
γ=1.0,1662057958,71,0.5483426965959978
γ=1.0,1662057958,72,0.5494856528512392
γ=1.0,1662057958,73,0.5505616426855342
γ=1.0,1662057958,74,0.5516902386392772
γ=1.0,1662057958,75,0.5527534771779588
γ=1.0,1662057958,76,0.5538152481783756
γ=1.0,1662057958,77,0.5548456245291105
γ=1.0,1662057958,78,0.5558145993038109
γ=1.0,1662057958,79,0.5568929475891341
γ=1.0,1662057958,80,0.5578986860884896
γ=1.0,1662057958,81,0.5589086133680765
γ=1.0,1662057958,82,0.5598560256864428
γ=1.0,1662057958,83,0.5607133428348605
γ=1.0,1662057958,84,0.5617211581131487
γ=1.0,1662057958,85,0.5626499478978898
γ=1.0,1662057958,86,0.5635639715486759
γ=1.0,1662057958,87,0.5644719408409304
γ=1.0,1662057958,88,0.565290106166187
γ=1.0,1662057958,89,0.5662422328901903
γ=1.0,1662057958,90,0.5672371010923609
γ=1.0,1662057958,91,0.5680689472562531
γ=1.0,1662057958,92,0.568927881789942
γ=1.0,1662057958,93,0.5698324400594734
γ=1.0,1662057958,94,0.5706512128070423
γ=1.0,1662057958,95,0.5715689610223191
γ=1.0,1662057958,96,0.5723652680995159
γ=1.0,1662057958,97,0.5731594376505473
γ=1.0,1662057958,98,0.5739917997255153
γ=1.0,1662057958,99,0.5747814811705333
γ=1.0,1662057958,100,0.5755868524892955
γ=1.0,1662057958,101,0.5763567415426791
γ=1.0,1662057958,102,0.5771312890868714
γ=1.0,1662057958,103,0.5778810155905489
γ=1.0,1662057958,104,0.578726112901455
γ=1.0,1662057958,105,0.5795926934286434
γ=1.0,1662057958,106,0.580417974189072
γ=1.0,1662057958,107,0.5812395986745936
γ=1.0,1662057958,108,0.581993535387457
γ=1.0,1662057958,109,0.5828145134518319
γ=1.0,1662057958,110,0.5835587424916617
γ=1.0,1662057958,111,0.5843701143843869
γ=1.0,1662057958,112,0.5852404589994843
γ=1.0,1662057958,113,0.5861136021361975
γ=1.0,1662057958,114,0.5868539622080136
γ=1.0,1662057958,115,0.5876500713626059
γ=1.0,1662057958,116,0.5884082085814619
γ=1.0,1662057958,117,0.5891971581250399
γ=1.0,1662057958,118,0.5899599287939221
γ=1.0,1662057958,119,0.5907038829300505
γ=1.0,1662057958,120,0.5914459323314583
γ=1.0,1662057958,121,0.5922305307060423
γ=1.0,1662057958,122,0.5928808058675614
γ=1.0,1662057958,123,0.5935495166386472
γ=1.0,1662057958,124,0.5942538206753856
γ=1.0,1662057958,125,0.5950126773570649
γ=1.0,1662057958,126,0.5957731482036746
γ=1.0,1662057958,127,0.5964479337236738
γ=1.0,1662057958,128,0.5970679020443288
γ=1.0,1662057958,129,0.5977072200213599
γ=1.0,1662057958,130,0.5983686702014298
γ=1.0,1662057958,131,0.5990328396164685
γ=1.0,1662057958,132,0.599730195922791
γ=1.0,1662057958,133,0.6003956032302231
γ=1.0,1662057958,134,0.600984039587137
γ=1.0,1662057958,135,0.6015454124261109
γ=1.0,1662057958,136,0.6021608794638668
γ=1.0,1662057958,137,0.6027275284393313
γ=1.0,1662057958,138,0.6033416315937405
γ=1.0,1662057958,139,0.6039242487296369
γ=1.0,1662057958,140,0.6044802523477697
γ=1.0,1662057958,141,0.6050429574902751
γ=1.0,1662057958,142,0.6056039452228441
γ=1.0,1662057958,143,0.6061174573893908
γ=1.0,1662057958,144,0.6066771844886614
γ=1.0,1662057958,145,0.6072723272315651
γ=1.0,1662057958,146,0.607733958364721
γ=1.0,1662057958,147,0.6082744070678394
γ=1.0,1662057958,148,0.6088015960717665
γ=1.0,1662057958,149,0.6093397395335314
γ=1.0,1662057958,150,0.6098609128816501
γ=1.0,1662057958,151,0.6104307832761858
γ=1.0,1662057958,152,0.6109564246229713
γ=1.0,1662057958,153,0.6115042776408691
γ=1.0,1662057958,154,0.612032749384777
γ=1.0,1662057958,155,0.6126026091360385
γ=1.0,1662057958,156,0.6131358322085381
γ=1.0,1662057958,157,0.6136513002218684
γ=1.0,1662057958,158,0.6141639628935704
γ=1.0,1662057958,159,0.6147285237629821
γ=1.0,1662057958,160,0.6152952103097976
γ=1.0,1662057958,161,0.6158240907851243
γ=1.0,1662057958,162,0.6163687264910225
γ=1.0,1662057958,163,0.6168724275596151
γ=1.0,1662057958,164,0.6173981419102245
γ=1.0,1662057958,165,0.6179004383521216
γ=1.0,1662057958,166,0.6184528222873864
γ=1.0,1662057958,167,0.6189508314409716
γ=1.0,1662057958,168,0.619442911914157
γ=1.0,1662057958,169,0.6199296657308966
γ=1.0,1662057958,170,0.6204788455555171
γ=1.0,1662057958,171,0.6210665260526291
γ=1.0,1662057958,172,0.621568054153577
γ=1.0,1662057958,173,0.6220654827737317
γ=1.0,1662057958,174,0.622579630342666
γ=1.0,1662057958,175,0.6230432853184932
γ=1.0,1662057958,176,0.6235703627662741
γ=1.0,1662057958,177,0.6240450004197801
γ=1.0,1662057958,178,0.624539539034355
γ=1.0,1662057958,179,0.6249971272036693
γ=1.0,1662057958,180,0.6254307409584045
γ=1.0,1662057958,181,0.6258969029510304
γ=1.0,1662057958,182,0.6263556358006866
γ=1.0,1662057958,183,0.6268222009044311
γ=1.0,1662057958,184,0.6272695498862944
γ=1.0,1662057958,185,0.6276755304544743
γ=1.0,1662057958,186,0.6281164153854348
γ=1.0,1662057958,187,0.6285312592458236
γ=1.0,1662057958,188,0.6289477186294807
γ=1.0,1662057958,189,0.6293553289187576
γ=1.0,1662057958,190,0.6296941350100969
γ=1.0,1662057958,191,0.6300792834816336
γ=1.0,1662057958,192,0.6304440223322979
γ=1.0,1662057958,193,0.6307921488518256
γ=1.0,1662057958,194,0.6311537805736187
γ=1.0,1662057958,195,0.6315482994603135
γ=1.0,1662057958,196,0.6318961721200947
γ=1.0,1662057958,197,0.6322577730690438
γ=1.0,1662057958,198,0.6326104212301845
γ=1.0,1662057958,199,0.6329839947786957
γ=1.0,1662057958,200,0.6333630677524976
γ=0.7,1662057958,1,0.2258836369742255
γ=0.7,1662057958,2,0.29279657459491226
γ=0.7,1662057958,3,0.33235384658438977
γ=0.7,1662057958,4,0.3564142389387961
γ=0.7,1662057958,5,0.3735790445806398
γ=0.7,1662057958,6,0.38802367559398876
γ=0.7,1662057958,7,0.3985331686196432
γ=0.7,1662057958,8,0.40875031483502644
γ=0.7,1662057958,9,0.41707012192277915
γ=0.7,1662057958,10,0.4246033078666778
γ=0.7,1662057958,11,0.43075155891040356
γ=0.7,1662057958,12,0.43683709736098286
γ=0.7,1662057958,13,0.44280335565702034
γ=0.7,1662057958,14,0.4477763651846432
γ=0.7,1662057958,15,0.452469705874122
γ=0.7,1662057958,16,0.4570250188901016
γ=0.7,1662057958,17,0.46097033389797865
γ=0.7,1662057958,18,0.4647431412606461
γ=0.7,1662057958,19,0.4683287010238214
γ=0.7,1662057958,20,0.4715620015112082
γ=0.7,1662057958,21,0.4751530198176156
γ=0.7,1662057958,22,0.4782286808984819
γ=0.7,1662057958,23,0.48145484809438116
γ=0.7,1662057958,24,0.48415680183583804
γ=0.7,1662057958,25,0.48715976828142055
γ=0.7,1662057958,26,0.4897121600588984
γ=0.7,1662057958,27,0.49220452927110636
γ=0.7,1662057958,28,0.494718267627763
γ=0.7,1662057958,29,0.4971932638331996
γ=0.7,1662057958,30,0.4994235020849075
γ=0.7,1662057958,31,0.5016913073033601
γ=0.7,1662057958,32,0.5039800394593233
γ=0.7,1662057958,33,0.5060944428755696
γ=0.7,1662057958,34,0.5081980571592251
γ=0.7,1662057958,35,0.5100603283879246
γ=0.7,1662057958,36,0.5120710081250759
γ=0.7,1662057958,37,0.5140161150151915
γ=0.7,1662057958,38,0.5160985643522794
γ=0.7,1662057958,39,0.5180935958788364
γ=0.7,1662057958,40,0.5199615901267737
γ=0.7,1662057958,41,0.5219534719904331
γ=0.7,1662057958,42,0.5237585505195278
γ=0.7,1662057958,43,0.5254708858139729
γ=0.7,1662057958,44,0.5270968012761313
γ=0.7,1662057958,45,0.5289582925213855
γ=0.7,1662057958,46,0.530737936799378
γ=0.7,1662057958,47,0.5324213091063686
γ=0.7,1662057958,48,0.5339322195169731
γ=0.7,1662057958,49,0.5356024871538742
γ=0.7,1662057958,50,0.5372218957266393
γ=0.7,1662057958,51,0.5387242967038214
γ=0.7,1662057958,52,0.5403594285824997
γ=0.7,1662057958,53,0.5419225608799857
γ=0.7,1662057958,54,0.5435552881401257
γ=0.7,1662057958,55,0.5451881759412613
γ=0.7,1662057958,56,0.546629316238291
γ=0.7,1662057958,57,0.5480272547711316
γ=0.7,1662057958,58,0.5494732484316149
γ=0.7,1662057958,59,0.550897973529667
γ=0.7,1662057958,60,0.552387848767246
γ=0.7,1662057958,61,0.553764876385102
γ=0.7,1662057958,62,0.5550629534639977
γ=0.7,1662057958,63,0.5564044440713066
γ=0.7,1662057958,64,0.5577840336663589
γ=0.7,1662057958,65,0.5589965319710933
γ=0.7,1662057958,66,0.5602333468171768
γ=0.7,1662057958,67,0.5614802321195634
γ=0.7,1662057958,68,0.5626521702627822
γ=0.7,1662057958,69,0.5639294574860165
γ=0.7,1662057958,70,0.5652254218789354
γ=0.7,1662057958,71,0.5664813327956996
γ=0.7,1662057958,72,0.5676411393763001
γ=0.7,1662057958,73,0.5687611198581259
γ=0.7,1662057958,74,0.5699132303321708
γ=0.7,1662057958,75,0.5710004757507067
γ=0.7,1662057958,76,0.5721325709538728
γ=0.7,1662057958,77,0.573143672715497
γ=0.7,1662057958,78,0.5741821285646321
γ=0.7,1662057958,79,0.5753382948853788
γ=0.7,1662057958,80,0.5763291285366468
γ=0.7,1662057958,81,0.5773861903769831
γ=0.7,1662057958,82,0.5784046720494072
γ=0.7,1662057958,83,0.5794249114668732
γ=0.7,1662057958,84,0.5804513434960081
γ=0.7,1662057958,85,0.5814343636875453
γ=0.7,1662057958,86,0.582369140895752
γ=0.7,1662057958,87,0.5832920790884887
γ=0.7,1662057958,88,0.5842221857564818
γ=0.7,1662057958,89,0.5851908206841188
γ=0.7,1662057958,90,0.586146325991847
γ=0.7,1662057958,91,0.5869770394159615
γ=0.7,1662057958,92,0.5878932700134695
γ=0.7,1662057958,93,0.5887965673728902
γ=0.7,1662057958,94,0.5897114592804434
γ=0.7,1662057958,95,0.5905920665992073
γ=0.7,1662057958,96,0.5913375766098564
γ=0.7,1662057958,97,0.5922036028378861
γ=0.7,1662057958,98,0.5930378196110953
γ=0.7,1662057958,99,0.5938759605118433
γ=0.7,1662057958,100,0.5946624968516497
γ=0.7,1662057958,101,0.5955186610928744
γ=0.7,1662057958,102,0.5963070057172395
γ=0.7,1662057958,103,0.5971134620604435
γ=0.7,1662057958,104,0.5978947223962336
γ=0.7,1662057958,105,0.5987178718351583
γ=0.7,1662057958,106,0.5995468751732582
γ=0.7,1662057958,107,0.6003568522617513
γ=0.7,1662057958,108,0.6011778716841265
γ=0.7,1662057958,109,0.6019299098281674
γ=0.7,1662057958,110,0.6026812495706795
γ=0.7,1662057958,111,0.6035003604057421
γ=0.7,1662057958,112,0.6043494458903536
γ=0.7,1662057958,113,0.6050780010743396
γ=0.7,1662057958,114,0.6058456947506875
γ=0.7,1662057958,115,0.6066474906279544
γ=0.7,1662057958,116,0.6073949319522087
γ=0.7,1662057958,117,0.6081461006740161
γ=0.7,1662057958,118,0.6088610585002611
γ=0.7,1662057958,119,0.6095830490705223
γ=0.7,1662057958,120,0.610303500965494
γ=0.7,1662057958,121,0.6110998167538723
γ=0.7,1662057958,122,0.6118108209658795
γ=0.7,1662057958,123,0.612573401781369
γ=0.7,1662057958,124,0.613253945255267
γ=0.7,1662057958,125,0.6139874065989421
γ=0.7,1662057958,126,0.614695233031225
γ=0.7,1662057958,127,0.6154170332855821
γ=0.7,1662057958,128,0.6160754108597095
γ=0.7,1662057958,129,0.6167606778699123
γ=0.7,1662057958,130,0.6174347564952888
γ=0.7,1662057958,131,0.6180895714462415
γ=0.7,1662057958,132,0.6188238272236257
γ=0.7,1662057958,133,0.6194469887252764
γ=0.7,1662057958,134,0.6201137917164241
γ=0.7,1662057958,135,0.6206914243603018
γ=0.7,1662057958,136,0.6213405058102495
γ=0.7,1662057958,137,0.6219007517433127
γ=0.7,1662057958,138,0.6224276305302978
γ=0.7,1662057958,139,0.6230251463341123
γ=0.7,1662057958,140,0.6235262722333497
γ=0.7,1662057958,141,0.6240854898416208
γ=0.7,1662057958,142,0.6245688386046275
γ=0.7,1662057958,143,0.6250201817324645
γ=0.7,1662057958,144,0.6255343450032183
γ=0.7,1662057958,145,0.626049522464022
γ=0.7,1662057958,146,0.6265165272575253
γ=0.7,1662057958,147,0.6270317210924333
γ=0.7,1662057958,148,0.6274996766559188
γ=0.7,1662057958,149,0.6279802269516813
γ=0.7,1662057958,150,0.6284448548960345
γ=0.7,1662057958,151,0.6289352988305651
γ=0.7,1662057958,152,0.6294096235677767
γ=0.7,1662057958,153,0.629863480947748
γ=0.7,1662057958,154,0.6302765532679059
γ=0.7,1662057958,155,0.6307576894223555
γ=0.7,1662057958,156,0.6312321189850365
γ=0.7,1662057958,157,0.6316743020287943
γ=0.7,1662057958,158,0.6321353307069627
γ=0.7,1662057958,159,0.6325910883074628
γ=0.7,1662057958,160,0.6330435102006549
γ=0.7,1662057958,161,0.6335283789555143
γ=0.7,1662057958,162,0.6339847179337287
γ=0.7,1662057958,163,0.6344591507669612
γ=0.7,1662057958,164,0.6349403400423056
γ=0.7,1662057958,165,0.635443173231772
γ=0.7,1662057958,166,0.6359331204424785
γ=0.7,1662057958,167,0.6363923148581521
γ=0.7,1662057958,168,0.6369100091552027
γ=0.7,1662057958,169,0.6373535178808908
γ=0.7,1662057958,170,0.6378473679791788
γ=0.7,1662057958,171,0.6383364239945286
γ=0.7,1662057958,172,0.6387875776349007
γ=0.7,1662057958,173,0.6391752802456369
γ=0.7,1662057958,174,0.6396376574537012
γ=0.7,1662057958,175,0.6400654856855008
γ=0.7,1662057958,176,0.6405394936689538
γ=0.7,1662057958,177,0.6409927299789826
γ=0.7,1662057958,178,0.6414092723278171
γ=0.7,1662057958,179,0.6418202225162507
γ=0.7,1662057958,180,0.6422044515340628
γ=0.7,1662057958,181,0.6425726068711266
γ=0.7,1662057958,182,0.6429701605589441
γ=0.7,1662057958,183,0.6433427244779473
γ=0.7,1662057958,184,0.6436970940270776
γ=0.7,1662057958,185,0.6440748615293154
γ=0.7,1662057958,186,0.644432317465648
γ=0.7,1662057958,187,0.6448083984740658
γ=0.7,1662057958,188,0.6451818183442088
γ=0.7,1662057958,189,0.645549954046302
γ=0.7,1662057958,190,0.6458441776509108
γ=0.7,1662057958,191,0.6461799357450833
γ=0.7,1662057958,192,0.6465095727338875
γ=0.7,1662057958,193,0.6468192635970669
γ=0.7,1662057958,194,0.6471231651933974
γ=0.7,1662057958,195,0.647416630608638
γ=0.7,1662057958,196,0.6477484369618891
γ=0.7,1662057958,197,0.6480749569459107
γ=0.7,1662057958,198,0.6483733735643735
γ=0.7,1662057958,199,0.6486734318051512
γ=0.7,1662057958,200,0.6489998740659895
γ=0.0,1662057958,1,0.054613382587524135
γ=0.0,1662057958,2,0.09424061791621191
γ=0.0,1662057958,3,0.12481459715109283
γ=0.0,1662057958,4,0.15037570313155907
γ=0.0,1662057958,5,0.17088405675426077
γ=0.0,1662057958,6,0.1901113816360227
γ=0.0,1662057958,7,0.20838480636146658
γ=0.0,1662057958,8,0.224849928637394
γ=0.0,1662057958,9,0.24031940596460788
γ=0.0,1662057958,10,0.2543405255646042
γ=0.0,1662057958,11,0.26703734515840966
γ=0.0,1662057958,12,0.2798778440097389
γ=0.0,1662057958,13,0.2915662961838766
γ=0.0,1662057958,14,0.3024095374024011
γ=0.0,1662057958,15,0.31306635323090704
γ=0.0,1662057958,16,0.32317028377130386
γ=0.0,1662057958,17,0.33260653770365506
γ=0.0,1662057958,18,0.3414770660174069
γ=0.0,1662057958,19,0.35017608667794914
γ=0.0,1662057958,20,0.35846906221140123
γ=0.0,1662057958,21,0.36692972882209723
γ=0.0,1662057958,22,0.3747624426618633
γ=0.0,1662057958,23,0.3817771661562384
γ=0.0,1662057958,24,0.38874779615481486
γ=0.0,1662057958,25,0.39576022164385866
γ=0.0,1662057958,26,0.4024544215754022
γ=0.0,1662057958,27,0.40896214827874633
γ=0.0,1662057958,28,0.4153288676733392
γ=0.0,1662057958,29,0.4215373213401695
γ=0.0,1662057958,30,0.42712898441216796
γ=0.0,1662057958,31,0.4329326916566686
γ=0.0,1662057958,32,0.43828052850306437
γ=0.0,1662057958,33,0.44346326161455024
γ=0.0,1662057958,34,0.44854114091275
γ=0.0,1662057958,35,0.45345478969020236
γ=0.0,1662057958,36,0.45825054338193455
γ=0.0,1662057958,37,0.46305481873444265
γ=0.0,1662057958,38,0.46763385459703327
γ=0.0,1662057958,39,0.47220840894755767
γ=0.0,1662057958,40,0.47653744437914536
γ=0.0,1662057958,41,0.4808948891268781
γ=0.0,1662057958,42,0.4848979134933295
γ=0.0,1662057958,43,0.4886932735618628
γ=0.0,1662057958,44,0.49268914906770667
γ=0.0,1662057958,45,0.4964794447709401
γ=0.0,1662057958,46,0.50027285702292
γ=0.0,1662057958,47,0.5040289951894995
γ=0.0,1662057958,48,0.507615509473036
γ=0.0,1662057958,49,0.511075339379308
γ=0.0,1662057958,50,0.5144832507765931
γ=0.0,1662057958,51,0.5178768678153824
γ=0.0,1662057958,52,0.5213199821754939
γ=0.0,1662057958,53,0.5243995165401254
γ=0.0,1662057958,54,0.5275950957253954
γ=0.0,1662057958,55,0.5305660924584609
γ=0.0,1662057958,56,0.5336543651126809
γ=0.0,1662057958,57,0.5364427987103179
γ=0.0,1662057958,58,0.53923857691673
γ=0.0,1662057958,59,0.5419424289468928
γ=0.0,1662057958,60,0.544664595751826
γ=0.0,1662057958,61,0.5472603503305252
γ=0.0,1662057958,62,0.5498509103810248
γ=0.0,1662057958,63,0.5523798862729263
γ=0.0,1662057958,64,0.554858035639325
γ=0.0,1662057958,65,0.5571533747085757
γ=0.0,1662057958,66,0.559368981562752
γ=0.0,1662057958,67,0.5616575421941589
γ=0.0,1662057958,68,0.5638034787418452
γ=0.0,1662057958,69,0.5659900299199742
γ=0.0,1662057958,70,0.5681602840111781
γ=0.0,1662057958,71,0.570219148827986
γ=0.0,1662057958,72,0.5722948674894356
γ=0.0,1662057958,73,0.574281514842387
γ=0.0,1662057958,74,0.5761021495006887
γ=0.0,1662057958,75,0.5779010998236924
γ=0.0,1662057958,76,0.5797709105691776
γ=0.0,1662057958,77,0.5815354572385888
γ=0.0,1662057958,78,0.5832617554555258
γ=0.0,1662057958,79,0.5849645418711987
γ=0.0,1662057958,80,0.5865969481991435
γ=0.0,1662057958,81,0.5882714494641844
γ=0.0,1662057958,82,0.5899813863389243
γ=0.0,1662057958,83,0.5915641408721107
γ=0.0,1662057958,84,0.593195665471293
γ=0.0,1662057958,85,0.5947379337932805
γ=0.0,1662057958,86,0.5962057742208199
γ=0.0,1662057958,87,0.5977291347609714
γ=0.0,1662057958,88,0.599213580265759
γ=0.0,1662057958,89,0.60066655409644
γ=0.0,1662057958,90,0.6021329490013898
γ=0.0,1662057958,91,0.6034296490177609
γ=0.0,1662057958,92,0.6047437881680434
γ=0.0,1662057958,93,0.6059235928115603
γ=0.0,1662057958,94,0.607170736151278
γ=0.0,1662057958,95,0.6083173890565554
γ=0.0,1662057958,96,0.6094462751518205
γ=0.0,1662057958,97,0.6105125038191328
γ=0.0,1662057958,98,0.6116542074809942
γ=0.0,1662057958,99,0.6127321404796009
γ=0.0,1662057958,100,0.6137629082360844
γ=0.0,1662057958,101,0.6149016925032272
γ=0.0,1662057958,102,0.6159934547238424
γ=0.0,1662057958,103,0.6170562741628242
γ=0.0,1662057958,104,0.6180942147852987
γ=0.0,1662057958,105,0.6192111333661161
γ=0.0,1662057958,106,0.620266188064624
γ=0.0,1662057958,107,0.6213623313720058
γ=0.0,1662057958,108,0.6224708252875494
γ=0.0,1662057958,109,0.6235054482827146
γ=0.0,1662057958,110,0.6244777554743133
γ=0.0,1662057958,111,0.6254609071333107
γ=0.0,1662057958,112,0.6264152584045959
γ=0.0,1662057958,113,0.6273374875459065
γ=0.0,1662057958,114,0.6282523747030241
γ=0.0,1662057958,115,0.6291911386259688
γ=0.0,1662057958,116,0.6300717389605089
γ=0.0,1662057958,117,0.6309387214432971
γ=0.0,1662057958,118,0.6318055948852292
γ=0.0,1662057958,119,0.6327312723427042
γ=0.0,1662057958,120,0.6336390731256822
γ=0.0,1662057958,121,0.6344846870487798
γ=0.0,1662057958,122,0.6353277931544199
γ=0.0,1662057958,123,0.636087568163063
γ=0.0,1662057958,124,0.636849307092116
γ=0.0,1662057958,125,0.6377325161615313
γ=0.0,1662057958,126,0.6385147516034931
γ=0.0,1662057958,127,0.6393983725756051
γ=0.0,1662057958,128,0.6402517893124003
γ=0.0,1662057958,129,0.6409575800884987
γ=0.0,1662057958,130,0.6417713425857159
γ=0.0,1662057958,131,0.6424858412359862
γ=0.0,1662057958,132,0.6432381704714003
γ=0.0,1662057958,133,0.6440180082478886
γ=0.0,1662057958,134,0.6447912189535071
γ=0.0,1662057958,135,0.6454376129130558
γ=0.0,1662057958,136,0.6460883908596601
γ=0.0,1662057958,137,0.6467618413206954
γ=0.0,1662057958,138,0.6473948085985552
γ=0.0,1662057958,139,0.6480986984402907
γ=0.0,1662057958,140,0.648695683461866
γ=0.0,1662057958,141,0.6492728873899865
γ=0.0,1662057958,142,0.6499155710013587
γ=0.0,1662057958,143,0.6505425143238929
γ=0.0,1662057958,144,0.6511712446011623
γ=0.0,1662057958,145,0.6518066464207238
γ=0.0,1662057958,146,0.6523792902382165
γ=0.0,1662057958,147,0.6529824086464407
γ=0.0,1662057958,148,0.6535396533297633
γ=0.0,1662057958,149,0.6540877278292752
γ=0.0,1662057958,150,0.6546508829373409
γ=0.0,1662057958,151,0.6552346570397112
γ=0.0,1662057958,152,0.6558237299444565
γ=0.0,1662057958,153,0.6564064743799739
γ=0.0,1662057958,154,0.6569767441860465
γ=0.0,1662057958,155,0.6575624050416936
γ=0.0,1662057958,156,0.6581074593835907
γ=0.0,1662057958,157,0.6586961043877977
γ=0.0,1662057958,158,0.6592858000635516
γ=0.0,1662057958,159,0.6598028670712396
γ=0.0,1662057958,160,0.6603667303333054
γ=0.0,1662057958,161,0.6609666100180898
γ=0.0,1662057958,162,0.6615168466538348
γ=0.0,1662057958,163,0.6620510607043136
γ=0.0,1662057958,164,0.6625933498651585
γ=0.0,1662057958,165,0.6631473834983196
γ=0.0,1662057958,166,0.6637253404517237
γ=0.0,1662057958,167,0.664237304921682
γ=0.0,1662057958,168,0.6648128880466636
γ=0.0,1662057958,169,0.6653511074989604
γ=0.0,1662057958,170,0.6659052186066267
γ=0.0,1662057958,171,0.666425845488543
γ=0.0,1662057958,172,0.6669567704662291
γ=0.0,1662057958,173,0.6674890796528978
γ=0.0,1662057958,174,0.6680232316886641
γ=0.0,1662057958,175,0.6685131391151037
γ=0.0,1662057958,176,0.6689769674327016
γ=0.0,1662057958,177,0.6694704178400349
γ=0.0,1662057958,178,0.6698807353036896
γ=0.0,1662057958,179,0.6703176585748398
γ=0.0,1662057958,180,0.6707378333753113
γ=0.0,1662057958,181,0.6711642657258646
γ=0.0,1662057958,182,0.6715931621061333
γ=0.0,1662057958,183,0.6719781457467108
γ=0.0,1662057958,184,0.672362823184999
γ=0.0,1662057958,185,0.6727553680790185
γ=0.0,1662057958,186,0.6731678406966362
γ=0.0,1662057958,187,0.6735990234165425
γ=0.0,1662057958,188,0.6739715835710598
γ=0.0,1662057958,189,0.6743133264835893
γ=0.0,1662057958,190,0.674670914546041
γ=0.0,1662057958,191,0.67501398900484
γ=0.0,1662057958,192,0.6753674824392019
γ=0.0,1662057958,193,0.6757129626769873
γ=0.0,1662057958,194,0.6760555304072212
γ=0.0,1662057958,195,0.676386404293381
γ=0.0,1662057958,196,0.6767526673166118
γ=0.0,1662057958,197,0.677129914889065
γ=0.0,1662057958,198,0.6775374855091083
γ=0.0,1662057958,199,0.6778783093538383
γ=0.0,1662057958,200,0.6781865502476703
γ=1.5,1662057958,1,0.4985727478801108
γ=1.5,1662057958,2,0.5088993367475443
γ=1.5,1662057958,3,0.5032882769428819
γ=1.5,1662057958,4,0.4928847284023172
γ=1.5,1662057958,5,0.48358660062127445
γ=1.5,1662057958,6,0.4774857974421403
γ=1.5,1662057958,7,0.47242045168331787
γ=1.5,1662057958,8,0.46836957434304427
γ=1.5,1662057958,9,0.46456590080131344
γ=1.5,1662057958,10,0.46204348921165306
γ=1.5,1662057958,11,0.46047198540691947
γ=1.5,1662057958,12,0.4594352559258948
γ=1.5,1662057958,13,0.4586258339091855
γ=1.5,1662057958,14,0.4579770200414982
γ=1.5,1662057958,15,0.4575882237707441
γ=1.5,1662057958,16,0.4574972714297708
γ=1.5,1662057958,17,0.4575627077293851
γ=1.5,1662057958,18,0.4581455983731192
γ=1.5,1662057958,19,0.45826060828336485
γ=1.5,1662057958,20,0.4590840399630594
γ=1.5,1662057958,21,0.45946124230903007
γ=1.5,1662057958,22,0.4599281794521489
γ=1.5,1662057958,23,0.4604530704171884
γ=1.5,1662057958,24,0.46127004449668374
γ=1.5,1662057958,25,0.46193434640248515
γ=1.5,1662057958,26,0.46279295802845466
γ=1.5,1662057958,27,0.4639642160841052
γ=1.5,1662057958,28,0.4650533120644782
γ=1.5,1662057958,29,0.466225077369803
γ=1.5,1662057958,30,0.46701508409593373
γ=1.5,1662057958,31,0.4682700458508129
γ=1.5,1662057958,32,0.46942295986902866
γ=1.5,1662057958,33,0.4706968094173198
γ=1.5,1662057958,34,0.4719895598235936
γ=1.5,1662057958,35,0.47287021600681245
γ=1.5,1662057958,36,0.47405992593214485
γ=1.5,1662057958,37,0.47528630132945476
γ=1.5,1662057958,38,0.476469119654985
γ=1.5,1662057958,39,0.4778442250107098
γ=1.5,1662057958,40,0.4792796574594912
γ=1.5,1662057958,41,0.480790456044935
γ=1.5,1662057958,42,0.4822383071270654
γ=1.5,1662057958,43,0.483549503780949
γ=1.5,1662057958,44,0.48481350317887967
γ=1.5,1662057958,45,0.48634595471972686
γ=1.5,1662057958,46,0.48785010567506104
γ=1.5,1662057958,47,0.48913662857683854
γ=1.5,1662057958,48,0.49030745389415953
γ=1.5,1662057958,49,0.49177830816652074
γ=1.5,1662057958,50,0.4931559063050961
γ=1.5,1662057958,51,0.49450664322483256
γ=1.5,1662057958,52,0.4958683957298683
γ=1.5,1662057958,53,0.49704886714833124
γ=1.5,1662057958,54,0.4984188285338483
γ=1.5,1662057958,55,0.4996992848474672
γ=1.5,1662057958,56,0.5009692421171307
γ=1.5,1662057958,57,0.5022263070992905
γ=1.5,1662057958,58,0.5034696991190408
γ=1.5,1662057958,59,0.5045983701150766
γ=1.5,1662057958,60,0.5058461366244088
γ=1.5,1662057958,61,0.5070984115798731
γ=1.5,1662057958,62,0.5083407584748173
γ=1.5,1662057958,63,0.5094916930195245
γ=1.5,1662057958,64,0.510684713710016
γ=1.5,1662057958,65,0.5117783819739994
γ=1.5,1662057958,66,0.5128942434164497
γ=1.5,1662057958,67,0.5140306777755919
γ=1.5,1662057958,68,0.5151404781541531
γ=1.5,1662057958,69,0.5162509627563852
γ=1.5,1662057958,70,0.5174856375259363
γ=1.5,1662057958,71,0.5185631461508535
γ=1.5,1662057958,72,0.5196836024589782
γ=1.5,1662057958,73,0.5208446664358835
γ=1.5,1662057958,74,0.5220339136886865
γ=1.5,1662057958,75,0.5230319312680155
γ=1.5,1662057958,76,0.5240660998899734
γ=1.5,1662057958,77,0.5250701359760213
γ=1.5,1662057958,78,0.5261049363979429
γ=1.5,1662057958,79,0.5271571114457544
γ=1.5,1662057958,80,0.5281793090420619
γ=1.5,1662057958,81,0.529207362008974
γ=1.5,1662057958,82,0.530143278093011
γ=1.5,1662057958,83,0.530985835711244
γ=1.5,1662057958,84,0.5318852921069359
γ=1.5,1662057958,85,0.5329102609056384
γ=1.5,1662057958,86,0.5338601410070425
γ=1.5,1662057958,87,0.5347249765260935
γ=1.5,1662057958,88,0.5355758809656468
γ=1.5,1662057958,89,0.5364449253310367
γ=1.5,1662057958,90,0.5372829970428828
γ=1.5,1662057958,91,0.53823411916771
γ=1.5,1662057958,92,0.5390792398696126
γ=1.5,1662057958,93,0.5399206299769888
γ=1.5,1662057958,94,0.5407217894419069
γ=1.5,1662057958,95,0.541515361739922
γ=1.5,1662057958,96,0.5423125157417513
γ=1.5,1662057958,97,0.5431347788191977
γ=1.5,1662057958,98,0.5439706736527202
γ=1.5,1662057958,99,0.5447561841231559
γ=1.5,1662057958,100,0.5455159096633364
γ=1.5,1662057958,101,0.5462826191946708
γ=1.5,1662057958,102,0.5470548726584916
γ=1.5,1662057958,103,0.5478382143290896
γ=1.5,1662057958,104,0.5486153716990759
γ=1.5,1662057958,105,0.5494017135021249
γ=1.5,1662057958,106,0.5501791589508985
γ=1.5,1662057958,107,0.551002881966485
γ=1.5,1662057958,108,0.5516889150085356
γ=1.5,1662057958,109,0.5524262900918818
γ=1.5,1662057958,110,0.5531468237916058
γ=1.5,1662057958,111,0.5539129928349977
γ=1.5,1662057958,112,0.5547029606486201
γ=1.5,1662057958,113,0.5554744888899456
γ=1.5,1662057958,114,0.5562059691248101
γ=1.5,1662057958,115,0.5569356787478145
γ=1.5,1662057958,116,0.5576846525524074
γ=1.5,1662057958,117,0.5583878150413286
γ=1.5,1662057958,118,0.5591502086804819
γ=1.5,1662057958,119,0.5598652188606111
γ=1.5,1662057958,120,0.5605816052388548
γ=1.5,1662057958,121,0.561277130453064
γ=1.5,1662057958,122,0.5619516193186902
γ=1.5,1662057958,123,0.5626393720909756
γ=1.5,1662057958,124,0.5633031678497241
γ=1.5,1662057958,125,0.5639076483922424
γ=1.5,1662057958,126,0.5646108106019112
γ=1.5,1662057958,127,0.5651991112562529
γ=1.5,1662057958,128,0.565819869763244
γ=1.5,1662057958,129,0.5664052966478124
γ=1.5,1662057958,130,0.5670718082186472
γ=1.5,1662057958,131,0.5676422653766068
γ=1.5,1662057958,132,0.5682985297522279
γ=1.5,1662057958,133,0.5689162036987355
γ=1.5,1662057958,134,0.5695187065261386
γ=1.5,1662057958,135,0.570074969604816
γ=1.5,1662057958,136,0.5707125642633848
γ=1.5,1662057958,137,0.5712388168453746
γ=1.5,1662057958,138,0.5718115881191299
γ=1.5,1662057958,139,0.5723694740790358
γ=1.5,1662057958,140,0.5729190903966321
γ=1.5,1662057958,141,0.5734421546088573
γ=1.5,1662057958,142,0.5739466181692624
γ=1.5,1662057958,143,0.5744305228815346
γ=1.5,1662057958,144,0.5749744633811882
γ=1.5,1662057958,145,0.5755025056525553
γ=1.5,1662057958,146,0.5760155514127036
γ=1.5,1662057958,147,0.576499057351091
γ=1.5,1662057958,148,0.5770242474024693
γ=1.5,1662057958,149,0.5775705610796855
γ=1.5,1662057958,150,0.5780513810763159
γ=1.5,1662057958,151,0.5785725366000931
γ=1.5,1662057958,152,0.5790849016168159
γ=1.5,1662057958,153,0.5795812406063928
γ=1.5,1662057958,154,0.5801103857942075
γ=1.5,1662057958,155,0.5806397447737385
γ=1.5,1662057958,156,0.5811340626742356
γ=1.5,1662057958,157,0.5816624572800286
γ=1.5,1662057958,158,0.5821777869409088
γ=1.5,1662057958,159,0.5826678895730335
γ=1.5,1662057958,160,0.5831668205860129
γ=1.5,1662057958,161,0.5836360877335058
γ=1.5,1662057958,162,0.5841099263985672
γ=1.5,1662057958,163,0.5845666196066636
γ=1.5,1662057958,164,0.5850144158607231
γ=1.5,1662057958,165,0.5855272564448957
γ=1.5,1662057958,166,0.5860207684908048
γ=1.5,1662057958,167,0.5864349715479628
γ=1.5,1662057958,168,0.5868949670372725
γ=1.5,1662057958,169,0.5873609447584378
γ=1.5,1662057958,170,0.5877881049153773
γ=1.5,1662057958,171,0.5883187735942156
γ=1.5,1662057958,172,0.5887661493284495
γ=1.5,1662057958,173,0.5892243678185463
γ=1.5,1662057958,174,0.5896049435612981
γ=1.5,1662057958,175,0.5900077959149406
γ=1.5,1662057958,176,0.590452580120744
γ=1.5,1662057958,177,0.5908200035384847
γ=1.5,1662057958,178,0.5912024009531365
γ=1.5,1662057958,179,0.5915934240402163
γ=1.5,1662057958,180,0.591954915624213
γ=1.5,1662057958,181,0.5923131085940802
γ=1.5,1662057958,182,0.5926777445541613
γ=1.5,1662057958,183,0.5930491766576609
γ=1.5,1662057958,184,0.5934277503805397
γ=1.5,1662057958,185,0.5937414200364415
γ=1.5,1662057958,186,0.5941187462930715
γ=1.5,1662057958,187,0.5944853025356959
γ=1.5,1662057958,188,0.5948432702115155
γ=1.5,1662057958,189,0.5951699087455952
γ=1.5,1662057958,190,0.5955156445391037
γ=1.5,1662057958,191,0.5958527051196901
γ=1.5,1662057958,192,0.5961630792964486
γ=1.5,1662057958,193,0.5964872023639923
γ=1.5,1662057958,194,0.5968348152578359
γ=1.5,1662057958,195,0.5971788628912296
γ=1.5,1662057958,196,0.5975316077232673
γ=1.5,1662057958,197,0.5978760834906265
γ=1.5,1662057958,198,0.5982276802107211
γ=1.5,1662057958,199,0.5985647741688883
γ=1.5,1662057958,200,0.5988892620266979
FixedSigmaNN,1662057958,1,0.06577953152548065
FixedSigmaNN,1662057958,2,0.10752665603223911
FixedSigmaNN,1662057958,3,0.13893319900372203
FixedSigmaNN,1662057958,4,0.16563470741331543
FixedSigmaNN,1662057958,5,0.18804466459575184
FixedSigmaNN,1662057958,6,0.2089035345478969
FixedSigmaNN,1662057958,7,0.22678916247886102
FixedSigmaNN,1662057958,8,0.24309461841994795
FixedSigmaNN,1662057958,9,0.25886435507793915
FixedSigmaNN,1662057958,10,0.27288640752245824
FixedSigmaNN,1662057958,11,0.2864846093374344
FixedSigmaNN,1662057958,12,0.29862452075112633
FixedSigmaNN,1662057958,13,0.3100753666617154
FixedSigmaNN,1662057958,14,0.3208018998045024
FixedSigmaNN,1662057958,15,0.331038535807237
FixedSigmaNN,1662057958,16,0.3409925698933759
FixedSigmaNN,1662057958,17,0.35009901870243526
FixedSigmaNN,1662057958,18,0.3589119301486021
FixedSigmaNN,1662057958,19,0.3673959055980982
FixedSigmaNN,1662057958,20,0.37580597766770213
FixedSigmaNN,1662057958,21,0.3836309773678592
FixedSigmaNN,1662057958,22,0.3910155623907618
FixedSigmaNN,1662057958,23,0.3979532985585118
FixedSigmaNN,1662057958,24,0.4047256737469566
FixedSigmaNN,1662057958,25,0.41149693560574263
FixedSigmaNN,1662057958,26,0.4178522761765142
FixedSigmaNN,1662057958,27,0.42420482778135365
FixedSigmaNN,1662057958,28,0.4302280604962999
FixedSigmaNN,1662057958,29,0.43601828503932905
FixedSigmaNN,1662057958,30,0.44144208434780174
FixedSigmaNN,1662057958,31,0.4469005337977093
FixedSigmaNN,1662057958,32,0.45174497313407774
FixedSigmaNN,1662057958,33,0.45680717849301505
FixedSigmaNN,1662057958,34,0.4616975410767111
FixedSigmaNN,1662057958,35,0.4661309473835711
FixedSigmaNN,1662057958,36,0.47085677105196877
FixedSigmaNN,1662057958,37,0.47532033754853
FixedSigmaNN,1662057958,38,0.4796561338700626
FixedSigmaNN,1662057958,39,0.4838599958237268
FixedSigmaNN,1662057958,40,0.4876521702627823
FixedSigmaNN,1662057958,41,0.4914692506004902
FixedSigmaNN,1662057958,42,0.4953514358476158
FixedSigmaNN,1662057958,43,0.4988939284187178
FixedSigmaNN,1662057958,44,0.5025444394410057
FixedSigmaNN,1662057958,45,0.5062416627020774
FixedSigmaNN,1662057958,46,0.5096649790292496
FixedSigmaNN,1662057958,47,0.5130292577753086
FixedSigmaNN,1662057958,48,0.5162717236168248
FixedSigmaNN,1662057958,49,0.5194563762873969
FixedSigmaNN,1662057958,50,0.52260011753841
FixedSigmaNN,1662057958,51,0.5257094694144974
FixedSigmaNN,1662057958,52,0.5287323288750541
FixedSigmaNN,1662057958,53,0.5314280599984477
FixedSigmaNN,1662057958,54,0.5342633793225683
FixedSigmaNN,1662057958,55,0.5370474962028988
FixedSigmaNN,1662057958,56,0.5398206339877903
FixedSigmaNN,1662057958,57,0.5423145640105638
FixedSigmaNN,1662057958,58,0.5449620605699165
FixedSigmaNN,1662057958,59,0.5475838457258565
FixedSigmaNN,1662057958,60,0.5499993003666079
FixedSigmaNN,1662057958,61,0.5524924611634651
FixedSigmaNN,1662057958,62,0.5548950414498931
FixedSigmaNN,1662057958,63,0.5572779863351603
FixedSigmaNN,1662057958,64,0.5594959491226598
FixedSigmaNN,1662057958,65,0.5617199356767824
FixedSigmaNN,1662057958,66,0.5638122896329596
FixedSigmaNN,1662057958,67,0.5660126034256557
FixedSigmaNN,1662057958,68,0.5680179468311546
FixedSigmaNN,1662057958,69,0.5700923151051458
FixedSigmaNN,1662057958,70,0.5721499934034566
FixedSigmaNN,1662057958,71,0.57404801574116
FixedSigmaNN,1662057958,72,0.5759580313249191
FixedSigmaNN,1662057958,73,0.5777806402048067
FixedSigmaNN,1662057958,74,0.5795193858958446
FixedSigmaNN,1662057958,75,0.5811742646853049
FixedSigmaNN,1662057958,76,0.5828192869041886
FixedSigmaNN,1662057958,77,0.5843507093192258
FixedSigmaNN,1662057958,78,0.5860398382017054
FixedSigmaNN,1662057958,79,0.5876761083521349
FixedSigmaNN,1662057958,80,0.5892814415246412
FixedSigmaNN,1662057958,81,0.5908818593871625
FixedSigmaNN,1662057958,82,0.5924381233989486
FixedSigmaNN,1662057958,83,0.5938739425842063
FixedSigmaNN,1662057958,84,0.5953910151080833
FixedSigmaNN,1662057958,85,0.5968244874979629
FixedSigmaNN,1662057958,86,0.5981650731295871
FixedSigmaNN,1662057958,87,0.5995684468235197
FixedSigmaNN,1662057958,88,0.6009375405469353
FixedSigmaNN,1662057958,89,0.6022136086084151
FixedSigmaNN,1662057958,90,0.6034823086036251
FixedSigmaNN,1662057958,91,0.6046493176037294
FixedSigmaNN,1662057958,92,0.6058635057838389
FixedSigmaNN,1662057958,93,0.6070132153977122
FixedSigmaNN,1662057958,94,0.6081411425519411
FixedSigmaNN,1662057958,95,0.6092448819976227
FixedSigmaNN,1662057958,96,0.6102665953040606
FixedSigmaNN,1662057958,97,0.6113663450661132
FixedSigmaNN,1662057958,98,0.6124393674857233
FixedSigmaNN,1662057958,99,0.6134432224181195
FixedSigmaNN,1662057958,100,0.6144547057341954
FixedSigmaNN,1662057958,101,0.6155022688903095
FixedSigmaNN,1662057958,102,0.6165214721603527
FixedSigmaNN,1662057958,103,0.6174992847437263
FixedSigmaNN,1662057958,104,0.61841752613938
FixedSigmaNN,1662057958,105,0.6194777936361346
FixedSigmaNN,1662057958,106,0.6204839984602786
FixedSigmaNN,1662057958,107,0.6214835575691048
FixedSigmaNN,1662057958,108,0.6225003653641047
FixedSigmaNN,1662057958,109,0.6234161006054846
FixedSigmaNN,1662057958,110,0.6243193839155555
FixedSigmaNN,1662057958,111,0.6252328644655065
FixedSigmaNN,1662057958,112,0.6261817557599818
FixedSigmaNN,1662057958,113,0.6270154085277013
FixedSigmaNN,1662057958,114,0.627917287131017
FixedSigmaNN,1662057958,115,0.6286947031060073
FixedSigmaNN,1662057958,116,0.6295122734997207
FixedSigmaNN,1662057958,117,0.6303406245896381
FixedSigmaNN,1662057958,118,0.6311602720174628
FixedSigmaNN,1662057958,119,0.6320201155770846
FixedSigmaNN,1662057958,120,0.632867377494193
FixedSigmaNN,1662057958,121,0.6337731425427292
FixedSigmaNN,1662057958,122,0.6345663396970151
FixedSigmaNN,1662057958,123,0.6354319604819757
FixedSigmaNN,1662057958,124,0.6362795572539345
FixedSigmaNN,1662057958,125,0.6370968012761313
FixedSigmaNN,1662057958,126,0.6379120674100104
FixedSigmaNN,1662057958,127,0.6386883824057297
FixedSigmaNN,1662057958,128,0.6394692930904207
FixedSigmaNN,1662057958,129,0.640140473368699
FixedSigmaNN,1662057958,130,0.6408194106288305
FixedSigmaNN,1662057958,131,0.64153220353756
FixedSigmaNN,1662057958,132,0.642270132268873
FixedSigmaNN,1662057958,133,0.6429830768677213
FixedSigmaNN,1662057958,134,0.6437007306678764
FixedSigmaNN,1662057958,135,0.6443374782724963
FixedSigmaNN,1662057958,136,0.6450284462706247
FixedSigmaNN,1662057958,137,0.6457056502392746
FixedSigmaNN,1662057958,138,0.6463429250029508
FixedSigmaNN,1662057958,139,0.6469163683409749
FixedSigmaNN,1662057958,140,0.6474831188457247
FixedSigmaNN,1662057958,141,0.6480742814169631
FixedSigmaNN,1662057958,142,0.6486925921239806
FixedSigmaNN,1662057958,143,0.6492426639769432
FixedSigmaNN,1662057958,144,0.6498381514752937
FixedSigmaNN,1662057958,145,0.6504320839328468
FixedSigmaNN,1662057958,146,0.6509442750628808
FixedSigmaNN,1662057958,147,0.6515026126309813
FixedSigmaNN,1662057958,148,0.6520261761215502
FixedSigmaNN,1662057958,149,0.6526010303486879
FixedSigmaNN,1662057958,150,0.6531046931407942
FixedSigmaNN,1662057958,151,0.6536511689066983
FixedSigmaNN,1662057958,152,0.6541573136728986
FixedSigmaNN,1662057958,153,0.6547375057822641
FixedSigmaNN,1662057958,154,0.655317795293448
FixedSigmaNN,1662057958,155,0.6558789516873804
FixedSigmaNN,1662057958,156,0.6564173065621307
FixedSigmaNN,1662057958,157,0.6569734019883136
FixedSigmaNN,1662057958,158,0.6575580598298137
FixedSigmaNN,1662057958,159,0.658061703969007
FixedSigmaNN,1662057958,160,0.6586695071782386
FixedSigmaNN,1662057958,161,0.6592525516629286
FixedSigmaNN,1662057958,162,0.6597776098657636
FixedSigmaNN,1662057958,163,0.6603016338457054
FixedSigmaNN,1662057958,164,0.6608471673038449
FixedSigmaNN,1662057958,165,0.6614077132673388
FixedSigmaNN,1662057958,166,0.6619200334205599
FixedSigmaNN,1662057958,167,0.662337737420801
FixedSigmaNN,1662057958,168,0.6628976416357828
FixedSigmaNN,1662057958,169,0.6633875801742608
FixedSigmaNN,1662057958,170,0.663900398544104
FixedSigmaNN,1662057958,171,0.6644197387937142
FixedSigmaNN,1662057958,172,0.6649654999384973
FixedSigmaNN,1662057958,173,0.665488694328796
FixedSigmaNN,1662057958,174,0.6659955011160359
FixedSigmaNN,1662057958,175,0.6664662916631685
FixedSigmaNN,1662057958,176,0.6669357870112425
FixedSigmaNN,1662057958,177,0.6674014003103053
FixedSigmaNN,1662057958,178,0.6678098990735596
FixedSigmaNN,1662057958,179,0.6682286079859517
FixedSigmaNN,1662057958,180,0.6686174777749793
FixedSigmaNN,1662057958,181,0.6689990356655322
FixedSigmaNN,1662057958,182,0.6693819361731376
FixedSigmaNN,1662057958,183,0.6697716625996175
FixedSigmaNN,1662057958,184,0.6701644533916402
FixedSigmaNN,1662057958,185,0.6705593512242828
FixedSigmaNN,1662057958,186,0.6709506799082442
FixedSigmaNN,1662057958,187,0.671339170146501
FixedSigmaNN,1662057958,188,0.6717045480933949
FixedSigmaNN,1662057958,189,0.6720405174355305
FixedSigmaNN,1662057958,190,0.6723504146984874
FixedSigmaNN,1662057958,191,0.6726544296024485
FixedSigmaNN,1662057958,192,0.672945876360787
FixedSigmaNN,1662057958,193,0.6732830235298672
FixedSigmaNN,1662057958,194,0.6735926766127126
FixedSigmaNN,1662057958,195,0.673942423400907
FixedSigmaNN,1662057958,196,0.6742712532918465
FixedSigmaNN,1662057958,197,0.6746195450436763
FixedSigmaNN,1662057958,198,0.6749689829196167
FixedSigmaNN,1662057958,199,0.675283267145905
FixedSigmaNN,1662057958,200,0.6755994458903535
MultiscaleMix,1662057958,1,0.3828813701620351
MultiscaleMix,1662057958,2,0.43147090924355636
MultiscaleMix,1662057958,3,0.44751350292446757
MultiscaleMix,1662057958,4,0.45328897657627404
MultiscaleMix,1662057958,5,0.45641004113844347
MultiscaleMix,1662057958,6,0.45834382783421485
MultiscaleMix,1662057958,7,0.4597370977607733
MultiscaleMix,1662057958,8,0.4614169675090253
MultiscaleMix,1662057958,9,0.4612449743001334
MultiscaleMix,1662057958,10,0.46202250020989
MultiscaleMix,1662057958,11,0.4634524236572763
MultiscaleMix,1662057958,12,0.4650882937340833
MultiscaleMix,1662057958,13,0.4667275885897329
MultiscaleMix,1662057958,14,0.46749703155546496
MultiscaleMix,1662057958,15,0.4689194861892368
MultiscaleMix,1662057958,16,0.4701667576190076
MultiscaleMix,1662057958,17,0.4713191464143377
MultiscaleMix,1662057958,18,0.47283556749596545
MultiscaleMix,1662057958,19,0.4740509657150179
MultiscaleMix,1662057958,20,0.4756191755520108
MultiscaleMix,1662057958,21,0.47711799017314926
MultiscaleMix,1662057958,22,0.47859694247487045
MultiscaleMix,1662057958,23,0.47999839388508253
MultiscaleMix,1662057958,24,0.48164511795818993
MultiscaleMix,1662057958,25,0.4832004029888338
MultiscaleMix,1662057958,26,0.48469740317612037
MultiscaleMix,1662057958,27,0.486207893730352
MultiscaleMix,1662057958,28,0.4875475250968492
MultiscaleMix,1662057958,29,0.4893708800037056
MultiscaleMix,1662057958,30,0.4907900260263622
MultiscaleMix,1662057958,31,0.49254822730953496
MultiscaleMix,1662057958,32,0.49413357400722024
MultiscaleMix,1662057958,33,0.4956202949654381
MultiscaleMix,1662057958,34,0.49699486880639254
MultiscaleMix,1662057958,35,0.49829809179989687
MultiscaleMix,1662057958,36,0.49962802824653213
MultiscaleMix,1662057958,37,0.5010301628973445
MultiscaleMix,1662057958,38,0.5023264651427916
MultiscaleMix,1662057958,39,0.5040094375162798
MultiscaleMix,1662057958,40,0.5055033162622785
MultiscaleMix,1662057958,41,0.5070410422012037
MultiscaleMix,1662057958,42,0.5084405771375798
MultiscaleMix,1662057958,43,0.5097896609153548
MultiscaleMix,1662057958,44,0.51114038970852
MultiscaleMix,1662057958,45,0.5125504902097967
MultiscaleMix,1662057958,46,0.5140206531777349
MultiscaleMix,1662057958,47,0.5153067877538552
MultiscaleMix,1662057958,48,0.5164973553857779
MultiscaleMix,1662057958,49,0.5178380814167661
MultiscaleMix,1662057958,50,0.5191755520107464
MultiscaleMix,1662057958,51,0.5203815553591095
MultiscaleMix,1662057958,52,0.521761558481817
MultiscaleMix,1662057958,53,0.5232241324413932
MultiscaleMix,1662057958,54,0.5245571320627991
MultiscaleMix,1662057958,55,0.5259401164698789
MultiscaleMix,1662057958,56,0.5273479196900823
MultiscaleMix,1662057958,57,0.5285818652078942
MultiscaleMix,1662057958,58,0.5298659019914943
MultiscaleMix,1662057958,59,0.5311185074614123
MultiscaleMix,1662057958,60,0.5324210113900317
MultiscaleMix,1662057958,61,0.5336794339438266
MultiscaleMix,1662057958,62,0.5348444511849985
MultiscaleMix,1662057958,63,0.5359418331460981
MultiscaleMix,1662057958,64,0.5371688984971875
MultiscaleMix,1662057958,65,0.5383724159309753
MultiscaleMix,1662057958,66,0.5395102057430997
MultiscaleMix,1662057958,67,0.5406447320111724
MultiscaleMix,1662057958,68,0.5417279874757391
MultiscaleMix,1662057958,69,0.5428942190813754
MultiscaleMix,1662057958,70,0.5440918958465764
MultiscaleMix,1662057958,71,0.5452097185581798
MultiscaleMix,1662057958,72,0.5462679222753943
MultiscaleMix,1662057958,73,0.5472781577521871
MultiscaleMix,1662057958,74,0.5483144129773296
MultiscaleMix,1662057958,75,0.549348781238631
MultiscaleMix,1662057958,76,0.5503581386511363
MultiscaleMix,1662057958,77,0.5513903441869188
MultiscaleMix,1662057958,78,0.5523045923935858
MultiscaleMix,1662057958,79,0.5532435181180251
MultiscaleMix,1662057958,80,0.5542014734279238
MultiscaleMix,1662057958,81,0.5552026293777615
MultiscaleMix,1662057958,82,0.5560989943708521
MultiscaleMix,1662057958,83,0.5569504952898656
MultiscaleMix,1662057958,84,0.5578646789082521
MultiscaleMix,1662057958,85,0.5587380918281174
MultiscaleMix,1662057958,86,0.5595155347900026
MultiscaleMix,1662057958,87,0.5604024870278318
MultiscaleMix,1662057958,88,0.56126498805535
MultiscaleMix,1662057958,89,0.5621665932444657
MultiscaleMix,1662057958,90,0.5630295058722563
MultiscaleMix,1662057958,91,0.5638457755828253
MultiscaleMix,1662057958,92,0.5646839968899775
MultiscaleMix,1662057958,93,0.5655195387294476
MultiscaleMix,1662057958,94,0.5662890730363673
MultiscaleMix,1662057958,95,0.5671435957032199
MultiscaleMix,1662057958,96,0.5678609408669857
MultiscaleMix,1662057958,97,0.5686703878507868
MultiscaleMix,1662057958,98,0.5695237124318286
MultiscaleMix,1662057958,99,0.570330964756286
MultiscaleMix,1662057958,100,0.5710838720510453
MultiscaleMix,1662057958,101,0.5718929419597992
MultiscaleMix,1662057958,102,0.5726260615907852
MultiscaleMix,1662057958,103,0.5733828483583341
MultiscaleMix,1662057958,104,0.5741343651311328
MultiscaleMix,1662057958,105,0.5749367331518285
MultiscaleMix,1662057958,106,0.5757338626257954
MultiscaleMix,1662057958,107,0.5764627372639913
MultiscaleMix,1662057958,108,0.5772675118238043
MultiscaleMix,1662057958,109,0.5779816513761469
MultiscaleMix,1662057958,110,0.5787133360301021
MultiscaleMix,1662057958,111,0.579473437000093
MultiscaleMix,1662057958,112,0.5802019741655372
MultiscaleMix,1662057958,113,0.5810468942592666
MultiscaleMix,1662057958,114,0.5818033455732354
MultiscaleMix,1662057958,115,0.5826357075848777
MultiscaleMix,1662057958,116,0.5833118618257825
MultiscaleMix,1662057958,117,0.5840740477630747
MultiscaleMix,1662057958,118,0.5848265170067832
MultiscaleMix,1662057958,119,0.5855511711862984
MultiscaleMix,1662057958,120,0.5863581983040886
MultiscaleMix,1662057958,121,0.5871605592719001
MultiscaleMix,1662057958,122,0.5878757891520582
MultiscaleMix,1662057958,123,0.5885677856022956
MultiscaleMix,1662057958,124,0.5893173428736246
MultiscaleMix,1662057958,125,0.5900434892116531
MultiscaleMix,1662057958,126,0.5908640539024218
MultiscaleMix,1662057958,127,0.5915817906692483
MultiscaleMix,1662057958,128,0.5922843773612627
MultiscaleMix,1662057958,129,0.5929500383659427
MultiscaleMix,1662057958,130,0.5936248328952551
MultiscaleMix,1662057958,131,0.594320087724414
MultiscaleMix,1662057958,132,0.5950162569359111
MultiscaleMix,1662057958,133,0.595670710652881
MultiscaleMix,1662057958,134,0.5963273006138814
MultiscaleMix,1662057958,135,0.5968867868792309
MultiscaleMix,1662057958,136,0.5975201494416925
MultiscaleMix,1662057958,137,0.5981246556731281
MultiscaleMix,1662057958,138,0.5987444318307642
MultiscaleMix,1662057958,139,0.599409952350436
MultiscaleMix,1662057958,140,0.5999412307950633
MultiscaleMix,1662057958,141,0.6005194554649108
MultiscaleMix,1662057958,142,0.6011054995914534
MultiscaleMix,1662057958,143,0.6016795311145071
MultiscaleMix,1662057958,144,0.6023342102071847
MultiscaleMix,1662057958,145,0.6029193530176394
MultiscaleMix,1662057958,146,0.6034320755650067
MultiscaleMix,1662057958,147,0.6039635231138882
MultiscaleMix,1662057958,148,0.6044875053039774
MultiscaleMix,1662057958,149,0.6050402340851248
MultiscaleMix,1662057958,150,0.6055503316262277
MultiscaleMix,1662057958,151,0.60612511891451
MultiscaleMix,1662057958,152,0.606653126919389
MultiscaleMix,1662057958,153,0.60716819680605
MultiscaleMix,1662057958,154,0.6076782129800348
MultiscaleMix,1662057958,155,0.6082176681354453
MultiscaleMix,1662057958,156,0.6086861638347659
MultiscaleMix,1662057958,157,0.609201097096459
MultiscaleMix,1662057958,158,0.6097241248117631
MultiscaleMix,1662057958,159,0.6102756872380005
MultiscaleMix,1662057958,160,0.6108101229955504
MultiscaleMix,1662057958,161,0.6113483491172366
MultiscaleMix,1662057958,162,0.6118708611502388
MultiscaleMix,1662057958,163,0.6124003537483782
MultiscaleMix,1662057958,164,0.6129239010465832
MultiscaleMix,1662057958,165,0.613490712684735
MultiscaleMix,1662057958,166,0.6140001193591424
MultiscaleMix,1662057958,167,0.6144906057249953
MultiscaleMix,1662057958,168,0.614975252967445
MultiscaleMix,1662057958,169,0.6154251030448211
MultiscaleMix,1662057958,170,0.6159699141179432
MultiscaleMix,1662057958,171,0.6164820861938519
MultiscaleMix,1662057958,172,0.6169904993039461
MultiscaleMix,1662057958,173,0.617453240629078
MultiscaleMix,1662057958,174,0.6179164531578556
MultiscaleMix,1662057958,175,0.6183314343284119
MultiscaleMix,1662057958,176,0.618816592378321
MultiscaleMix,1662057958,177,0.619261879656416
MultiscaleMix,1662057958,178,0.6196946170992917
MultiscaleMix,1662057958,179,0.620134714214221
MultiscaleMix,1662057958,180,0.6205479995149208
MultiscaleMix,1662057958,181,0.6209583415859151
MultiscaleMix,1662057958,182,0.6213531032815727
MultiscaleMix,1662057958,183,0.6217554788176242
MultiscaleMix,1662057958,184,0.6221662566206613
MultiscaleMix,1662057958,185,0.6225748626638561
MultiscaleMix,1662057958,186,0.6230122512577603
MultiscaleMix,1662057958,187,0.6234101672969353
MultiscaleMix,1662057958,188,0.623809878942583
MultiscaleMix,1662057958,189,0.624189147109137
MultiscaleMix,1662057958,190,0.6245511667675613
MultiscaleMix,1662057958,191,0.6249252198130901
MultiscaleMix,1662057958,192,0.6252800719922761
MultiscaleMix,1662057958,193,0.6256549547311819
MultiscaleMix,1662057958,194,0.6260268382254297
MultiscaleMix,1662057958,195,0.6264340869999505
MultiscaleMix,1662057958,196,0.6268014132023392
MultiscaleMix,1662057958,197,0.6272008087051726
MultiscaleMix,1662057958,198,0.6276152508206911
MultiscaleMix,1662057958,199,0.627991987474945
MultiscaleMix,1662057958,200,0.628365166652674
Multiscale,1662057958,1,0.2563596675342121
Multiscale,1662057958,2,0.31649315758542523
Multiscale,1662057958,3,0.3485433632776425
Multiscale,1662057958,4,0.36836747544286796
Multiscale,1662057958,5,0.3816556124590715
Multiscale,1662057958,6,0.39304704334928503
Multiscale,1662057958,7,0.4022032454993583
Multiscale,1662057958,8,0.41017756695491564
Multiscale,1662057958,9,0.41661302810660544
Multiscale,1662057958,10,0.4228024515154059
Multiscale,1662057958,11,0.42825577579166685
Multiscale,1662057958,12,0.4337727031035737
Multiscale,1662057958,13,0.4390156481080837
Multiscale,1662057958,14,0.4435755664032047
Multiscale,1662057958,15,0.4478745137547925
Multiscale,1662057958,16,0.45163609268743177
Multiscale,1662057958,17,0.455629250272857
Multiscale,1662057958,18,0.4591320814559838
Multiscale,1662057958,19,0.4624230587382737
Multiscale,1662057958,20,0.46599152044328773
Multiscale,1662057958,21,0.4694839903890361
Multiscale,1662057958,22,0.4720483739247907
Multiscale,1662057958,23,0.4751216449536964
Multiscale,1662057958,24,0.47789508297652034
Multiscale,1662057958,25,0.4806649315758543
Multiscale,1662057958,26,0.4833605652176721
Multiscale,1662057958,27,0.4858907265925988
Multiscale,1662057958,28,0.48839907888266554
Multiscale,1662057958,29,0.49067943569983125
Multiscale,1662057958,30,0.49298407634399566
Multiscale,1662057958,31,0.49546772974832154
Multiscale,1662057958,32,0.49763480186382336
Multiscale,1662057958,33,0.4998308159251824
Multiscale,1662057958,34,0.5019383960451782
Multiscale,1662057958,35,0.5039039543279321
Multiscale,1662057958,36,0.5061334527374323
Multiscale,1662057958,37,0.5081913833907789
Multiscale,1662057958,38,0.5103376357104666
Multiscale,1662057958,39,0.5127021133233879
Multiscale,1662057958,40,0.5146408781798337
Multiscale,1662057958,41,0.5165782398315966
Multiscale,1662057958,42,0.5184823152668002
Multiscale,1662057958,43,0.5203085676128965
Multiscale,1662057958,44,0.5221214538127475
Multiscale,1662057958,45,0.5240048881052994
Multiscale,1662057958,46,0.5257671936427051
Multiscale,1662057958,47,0.5274866608195178
Multiscale,1662057958,48,0.5291659670332746
Multiscale,1662057958,49,0.5308469790401258
Multiscale,1662057958,50,0.5326177482998908
Multiscale,1662057958,51,0.5343371837862841
Multiscale,1662057958,52,0.5360251997184244
Multiscale,1662057958,53,0.5376352602557015
Multiscale,1662057958,54,0.5392533201491307
Multiscale,1662057958,55,0.5408560459773625
Multiscale,1662057958,56,0.5424127757055303
Multiscale,1662057958,57,0.5439421322174549
Multiscale,1662057958,58,0.5455316586522455
Multiscale,1662057958,59,0.5471156842628023
Multiscale,1662057958,60,0.5485832423809923
Multiscale,1662057958,61,0.5501396284740239
Multiscale,1662057958,62,0.5516539333389304
Multiscale,1662057958,63,0.5531408208765274
Multiscale,1662057958,64,0.5545825549911846
Multiscale,1662057958,65,0.5559218046666623
Multiscale,1662057958,66,0.5572815299328607
Multiscale,1662057958,67,0.5587228411715246
Multiscale,1662057958,68,0.5600260757480728
Multiscale,1662057958,69,0.5613955678528799
Multiscale,1662057958,70,0.5627829017594781
Multiscale,1662057958,71,0.5640454261122102
Multiscale,1662057958,72,0.565390651965037
Multiscale,1662057958,73,0.5666058656496872
Multiscale,1662057958,74,0.567815464696499
Multiscale,1662057958,75,0.5689849718747376
Multiscale,1662057958,76,0.5701187314689208
Multiscale,1662057958,77,0.5712361268150036
Multiscale,1662057958,78,0.5724072124668212
Multiscale,1662057958,79,0.5735178310868901
Multiscale,1662057958,80,0.5745503106372261
Multiscale,1662057958,81,0.5756884133454809
Multiscale,1662057958,82,0.5767967097436065
Multiscale,1662057958,83,0.5778469431415528
Multiscale,1662057958,84,0.5789281416537735
Multiscale,1662057958,85,0.579924143278334
Multiscale,1662057958,86,0.5809121136803386
Multiscale,1662057958,87,0.5819130775473651
Multiscale,1662057958,88,0.5829404255806321
Multiscale,1662057958,89,0.5840111916187378
Multiscale,1662057958,90,0.58500265860689
Multiscale,1662057958,91,0.5859972451358565
Multiscale,1662057958,92,0.5869624534135417
Multiscale,1662057958,93,0.587932632977739
Multiscale,1662057958,94,0.5889259347250976
Multiscale,1662057958,95,0.5898634168327376
Multiscale,1662057958,96,0.5908382132762433
Multiscale,1662057958,97,0.5917349205923312
Multiscale,1662057958,98,0.5927238412785986
Multiscale,1662057958,99,0.5935961071550022
Multiscale,1662057958,100,0.5944861892368399
Multiscale,1662057958,101,0.5953997926868498
Multiscale,1662057958,102,0.5962440387119502
Multiscale,1662057958,103,0.5971680742203707
Multiscale,1662057958,104,0.598098557894125
Multiscale,1662057958,105,0.5990305080138008
Multiscale,1662057958,106,0.5999773477188519
Multiscale,1662057958,107,0.6009249284216192
Multiscale,1662057958,108,0.6018172588674645
Multiscale,1662057958,109,0.6026997633056792
Multiscale,1662057958,110,0.6035746178093588
Multiscale,1662057958,111,0.6045240942394834
Multiscale,1662057958,112,0.6054446220180626
Multiscale,1662057958,113,0.6063128230541709
Multiscale,1662057958,114,0.6071834674420078
Multiscale,1662057958,115,0.6080908038970188
Multiscale,1662057958,116,0.6089264053222319
Multiscale,1662057958,117,0.6097251194220382
Multiscale,1662057958,118,0.6105166994189959
Multiscale,1662057958,119,0.6113210795190379
Multiscale,1662057958,120,0.6121456356869001
Multiscale,1662057958,121,0.6129655828940677
Multiscale,1662057958,122,0.6137053364364942
Multiscale,1662057958,123,0.6144733330466544
Multiscale,1662057958,124,0.6152719362151007
Multiscale,1662057958,125,0.6160658215095289
Multiscale,1662057958,126,0.6168487712438683
Multiscale,1662057958,127,0.6175853459086651
Multiscale,1662057958,128,0.6184058459617161
Multiscale,1662057958,129,0.6191534240709031
Multiscale,1662057958,130,0.6198946675019213
Multiscale,1662057958,131,0.620617544498286
Multiscale,1662057958,132,0.621422011229752
Multiscale,1662057958,133,0.6221237966042635
Multiscale,1662057958,134,0.6228740020826102
Multiscale,1662057958,135,0.6235437519628603
Multiscale,1662057958,136,0.6242058132127001
Multiscale,1662057958,137,0.6247727212838283
Multiscale,1662057958,138,0.6253879923441855
Multiscale,1662057958,139,0.6260173625854584
Multiscale,1662057958,140,0.6265702771747604
Multiscale,1662057958,141,0.6271823351797702
Multiscale,1662057958,142,0.6277718785215701
Multiscale,1662057958,143,0.6283211792824756
Multiscale,1662057958,144,0.6289135742870736
Multiscale,1662057958,145,0.6295087994580496
Multiscale,1662057958,146,0.6300409544302894
Multiscale,1662057958,147,0.6305889999354624
Multiscale,1662057958,148,0.6311707665183444
Multiscale,1662057958,149,0.6317320462332771
Multiscale,1662057958,150,0.6323068312204405
Multiscale,1662057958,151,0.6329240431656196
Multiscale,1662057958,152,0.6334825945941169
Multiscale,1662057958,153,0.6340335703307153
Multiscale,1662057958,154,0.6346035586443614
Multiscale,1662057958,155,0.6352000454987393
Multiscale,1662057958,156,0.6357415252869034
Multiscale,1662057958,157,0.6363437533254868
Multiscale,1662057958,158,0.6369723657208686
Multiscale,1662057958,159,0.6375392124715329
Multiscale,1662057958,160,0.6381761082192932
Multiscale,1662057958,161,0.6387928377703996
Multiscale,1662057958,162,0.6393568658911619
Multiscale,1662057958,163,0.639887704977561
Multiscale,1662057958,164,0.6404095107822038
Multiscale,1662057958,165,0.6409832520486537
Multiscale,1662057958,166,0.6415404713472309
Multiscale,1662057958,167,0.6420465257043633
Multiscale,1662057958,168,0.6426422554581399
Multiscale,1662057958,169,0.6432140445980271
Multiscale,1662057958,170,0.6437798475951543
Multiscale,1662057958,171,0.644334859761555
Multiscale,1662057958,172,0.6449085562885978
Multiscale,1662057958,173,0.6454392233729641
Multiscale,1662057958,174,0.6459814022969206
Multiscale,1662057958,175,0.6464754068867913
Multiscale,1662057958,176,0.6469983819387732
Multiscale,1662057958,177,0.6475149733404103
Multiscale,1662057958,178,0.6480099596350837
Multiscale,1662057958,179,0.6484719772202494
Multiscale,1662057958,180,0.6489332922881742
Multiscale,1662057958,181,0.6493598238500926
Multiscale,1662057958,182,0.649803810495608
Multiscale,1662057958,183,0.6502438623800473
Multiscale,1662057958,184,0.6507074206159451
Multiscale,1662057958,185,0.6511307966517437
Multiscale,1662057958,186,0.6515275028143317
Multiscale,1662057958,187,0.651957678989044
Multiscale,1662057958,188,0.6523926568860896
Multiscale,1662057958,189,0.6528232539482645
Multiscale,1662057958,190,0.6531810489198397
Multiscale,1662057958,191,0.6535654270042079
Multiscale,1662057958,192,0.6539057908655865
Multiscale,1662057958,193,0.6542715554873081
Multiscale,1662057958,194,0.654661029785341
Multiscale,1662057958,195,0.6550611479584697
Multiscale,1662057958,196,0.6554312683011245
Multiscale,1662057958,197,0.6558067937882783
Multiscale,1662057958,198,0.6561560530160984
Multiscale,1662057958,199,0.6564834499084289
Multiscale,1662057958,200,0.6568304508437578
Uniform,1662057958,1,0.05557887666862564
Uniform,1662057958,2,0.09487028796910418
Uniform,1662057958,3,0.1259899812498251
Uniform,1662057958,4,0.1516560322391067
Uniform,1662057958,5,0.17320963814960963
Uniform,1662057958,6,0.19223826714801445
Uniform,1662057958,7,0.21005792964486605
Uniform,1662057958,8,0.22638212576609856
Uniform,1662057958,9,0.24174665808449708
Uniform,1662057958,10,0.2555956678700361
Uniform,1662057958,11,0.2684798620068538
Uniform,1662057958,12,0.2805669829009599
Uniform,1662057958,13,0.29228638039820987
Uniform,1662057958,14,0.30336003933938616
Uniform,1662057958,15,0.3140122575770296
Uniform,1662057958,16,0.3239232642095542
Uniform,1662057958,17,0.33320657622464656
Uniform,1662057958,18,0.3422816444183248
Uniform,1662057958,19,0.3508057567308415
Uniform,1662057958,20,0.3593086222819243
Uniform,1662057958,21,0.36753741039695204
Uniform,1662057958,22,0.37512307187397437
Uniform,1662057958,23,0.3822644760232595
Uniform,1662057958,24,0.3892148014440433
Uniform,1662057958,25,0.3963378389723785
Uniform,1662057958,26,0.402837067222929
Uniform,1662057958,27,0.409501643361101
Uniform,1662057958,28,0.4158865754344723
Uniform,1662057958,29,0.4218514326079341
Uniform,1662057958,30,0.4275823468502505
Uniform,1662057958,31,0.43339174143716436
Uniform,1662057958,32,0.43871342666442786
Uniform,1662057958,33,0.443806718007037
Uniform,1662057958,34,0.4490090721873503
Uniform,1662057958,35,0.4540124974513355
Uniform,1662057958,36,0.45888954188005493
Uniform,1662057958,37,0.4634065263315536
Uniform,1662057958,38,0.4679663645723325
Uniform,1662057958,39,0.47264971616411466
Uniform,1662057958,40,0.4770474771219881
Uniform,1662057958,41,0.4811273039268887
Uniform,1662057958,42,0.48513778779919325
Uniform,1662057958,43,0.488966618701103
Uniform,1662057958,44,0.49295723586295326
Uniform,1662057958,45,0.4969607925447066
Uniform,1662057958,46,0.5007793307611159
Uniform,1662057958,47,0.5045104025065333
Uniform,1662057958,48,0.5080352895082977
Uniform,1662057958,49,0.5115276737846511
Uniform,1662057958,50,0.5148761648895979
Uniform,1662057958,51,0.5182810089865851
Uniform,1662057958,52,0.5214410725702809
Uniform,1662057958,53,0.5246371278808394
Uniform,1662057958,54,0.5277871062230058
Uniform,1662057958,55,0.5308828355759764
Uniform,1662057958,56,0.5338365196636963
Uniform,1662057958,57,0.5366924573628682
Uniform,1662057958,58,0.5393854999290716
Uniform,1662057958,59,0.542138800624405
Uniform,1662057958,60,0.5447079730221364
Uniform,1662057958,61,0.5474096819168395
Uniform,1662057958,62,0.5499897086184903
Uniform,1662057958,63,0.5524891623455975
Uniform,1662057958,64,0.5547917891025103
Uniform,1662057958,65,0.5571863112959579
Uniform,1662057958,66,0.5593206432556613
Uniform,1662057958,67,0.5615930088454545
Uniform,1662057958,68,0.5638102693012391
Uniform,1662057958,69,0.5659492686701734
Uniform,1662057958,70,0.5680445446585989
Uniform,1662057958,71,0.5701458351316867
Uniform,1662057958,72,0.5722412289293743
Uniform,1662057958,73,0.5741498304203666
Uniform,1662057958,74,0.5760267025484052
Uniform,1662057958,75,0.577826099124059
Uniform,1662057958,76,0.5796864022199736
Uniform,1662057958,77,0.5814329654897197
Uniform,1662057958,78,0.5831008397753423
Uniform,1662057958,79,0.5848311687207549
Uniform,1662057958,80,0.5865082696666947
Uniform,1662057958,81,0.5882144422989021
Uniform,1662057958,82,0.5898974303318719
Uniform,1662057958,83,0.5915302550138426
Uniform,1662057958,84,0.5931646817067856
Uniform,1662057958,85,0.5946608918103384
Uniform,1662057958,86,0.5960954599324838
Uniform,1662057958,87,0.5975829355073115
Uniform,1662057958,88,0.599063318094046
Uniform,1662057958,89,0.6005321301525641
Uniform,1662057958,90,0.6020149441692553
Uniform,1662057958,91,0.6032815727635642
Uniform,1662057958,92,0.6045631002398222
Uniform,1662057958,93,0.605854983601496
Uniform,1662057958,94,0.6070827609736753
Uniform,1662057958,95,0.6081340114622044
Uniform,1662057958,96,0.6092757395124955
Uniform,1662057958,97,0.6103939267782444
Uniform,1662057958,98,0.6114507426679847
Uniform,1662057958,99,0.6125544760000305
Uniform,1662057958,100,0.6136063302829318
Uniform,1662057958,101,0.6146444213727056
Uniform,1662057958,102,0.6157605179591776
Uniform,1662057958,103,0.6167823982563233
Uniform,1662057958,104,0.6178722157281892
Uniform,1662057958,105,0.6189412747720194
Uniform,1662057958,106,0.6200190722702814
Uniform,1662057958,107,0.6210873166012412
Uniform,1662057958,108,0.6221921379863617
Uniform,1662057958,109,0.6232828493282363
Uniform,1662057958,110,0.6242243609803009
Uniform,1662057958,111,0.6252052573100343
Uniform,1662057958,112,0.6262109904410089
Uniform,1662057958,113,0.6271937221709984
Uniform,1662057958,114,0.6281161303056146
Uniform,1662057958,115,0.629006070384336
Uniform,1662057958,116,0.6298756003578263
Uniform,1662057958,117,0.6307460531707025
Uniform,1662057958,118,0.6316551144149618
Uniform,1662057958,119,0.6325199712997447
Uniform,1662057958,120,0.6334025970391515
Uniform,1662057958,121,0.6343223258450589
Uniform,1662057958,122,0.635147150106459
Uniform,1662057958,123,0.6359418396467568
Uniform,1662057958,124,0.6366912125143199
Uniform,1662057958,125,0.637527999328352
Uniform,1662057958,126,0.6382635498998525
Uniform,1662057958,127,0.6391005601253918
Uniform,1662057958,128,0.6399300672697507
Uniform,1662057958,129,0.6406432331783727
Uniform,1662057958,130,0.6414145295557435
Uniform,1662057958,131,0.6421436083522768
Uniform,1662057958,132,0.6429557729931334
Uniform,1662057958,133,0.6437052247780058
Uniform,1662057958,134,0.6444886014056993
Uniform,1662057958,135,0.6451621128306545
Uniform,1662057958,136,0.6458325102352249
Uniform,1662057958,137,0.6464915887724468
Uniform,1662057958,138,0.6471815725081795
Uniform,1662057958,139,0.6478664604207827
Uniform,1662057958,140,0.6484543099415906
Uniform,1662057958,141,0.6490615087906703
Uniform,1662057958,142,0.6496911956163138
Uniform,1662057958,143,0.6503053239263465
Uniform,1662057958,144,0.6509718490844131
Uniform,1662057958,145,0.6516054415072708
Uniform,1662057958,146,0.6521806135228976
Uniform,1662057958,147,0.6527570981377186
Uniform,1662057958,148,0.6532747380912942
Uniform,1662057958,149,0.6537981077781014
Uniform,1662057958,150,0.6543623541264378
Uniform,1662057958,151,0.6549477610156119
Uniform,1662057958,152,0.6555138659973753
Uniform,1662057958,153,0.6560594013442839
Uniform,1662057958,154,0.6566621817440389
Uniform,1662057958,155,0.6572991623357103
Uniform,1662057958,156,0.6578572059010309
Uniform,1662057958,157,0.6584576051575727
Uniform,1662057958,158,0.6590801609829867
Uniform,1662057958,159,0.6595636716549208
Uniform,1662057958,160,0.6601450340021828
Uniform,1662057958,161,0.6607415974898718
Uniform,1662057958,162,0.6612745662013845
Uniform,1662057958,163,0.6618476090307821
Uniform,1662057958,164,0.6624021451783656
Uniform,1662057958,165,0.6629451258449663
Uniform,1662057958,166,0.6635698195350456
Uniform,1662057958,167,0.6640296771916666
Uniform,1662057958,168,0.6646072458031991
Uniform,1662057958,169,0.6650736552508025
Uniform,1662057958,170,0.6656182866060537
Uniform,1662057958,171,0.6661327359200621
Uniform,1662057958,172,0.6666946520023509
Uniform,1662057958,173,0.6672342998627101
Uniform,1662057958,174,0.6678328831554335
Uniform,1662057958,175,0.6683298751454237
Uniform,1662057958,176,0.6687940292014257
Uniform,1662057958,177,0.6692828212254067
Uniform,1662057958,178,0.6697423022246455
Uniform,1662057958,179,0.6701525607285694
Uniform,1662057958,180,0.6705468334592674
Uniform,1662057958,181,0.6709362857398635
Uniform,1662057958,182,0.6713652815155627
Uniform,1662057958,183,0.6718136745525672
Uniform,1662057958,184,0.6721686749186905
Uniform,1662057958,185,0.6725475202345322
Uniform,1662057958,186,0.6729830020682066
Uniform,1662057958,187,0.6734028267583508
Uniform,1662057958,188,0.6737572278083731
Uniform,1662057958,189,0.6740925532798592
Uniform,1662057958,190,0.674428325873032
Uniform,1662057958,191,0.6747931099810505
Uniform,1662057958,192,0.6751304816276272
Uniform,1662057958,193,0.6754593546349588
Uniform,1662057958,194,0.6757785621365333
Uniform,1662057958,195,0.6761388417084832
Uniform,1662057958,196,0.676498657560581
Uniform,1662057958,197,0.6768953068592058
Uniform,1662057958,198,0.6773375599670621
Uniform,1662057958,199,0.6776633566624155
Uniform,1662057958,200,0.6780102426328605
tt-SNE,1662057958,1,0.2628662580807657
tt-SNE,1662057958,2,0.309251951977164
tt-SNE,1662057958,3,0.33639772759074243
tt-SNE,1662057958,4,0.3531399546637562
tt-SNE,1662057958,5,0.36638401477625726
tt-SNE,1662057958,6,0.37774606106400244
tt-SNE,1662057958,7,0.38653945332645695
tt-SNE,1662057958,8,0.394834606666107
tt-SNE,1662057958,9,0.40249442625397625
tt-SNE,1662057958,10,0.4088237763411972
tt-SNE,1662057958,11,0.4150861312308713
tt-SNE,1662057958,12,0.4208469761844793
tt-SNE,1662057958,13,0.42657078460117664
tt-SNE,1662057958,14,0.43141094066709046
tt-SNE,1662057958,15,0.4368370973609828
tt-SNE,1662057958,16,0.44157711359247753
tt-SNE,1662057958,17,0.44615456794757197
tt-SNE,1662057958,18,0.45016278136922916
tt-SNE,1662057958,19,0.45395013013181096
tt-SNE,1662057958,20,0.45815422718495513
tt-SNE,1662057958,21,0.46202389947667427
tt-SNE,1662057958,22,0.4653738713641325
tt-SNE,1662057958,23,0.46878844181301166
tt-SNE,1662057958,24,0.47219132174740436
tt-SNE,1662057958,25,0.4754109646545211
tt-SNE,1662057958,26,0.47859767635605105
tt-SNE,1662057958,27,0.4817333495026384
tt-SNE,1662057958,28,0.4845925734914905
tt-SNE,1662057958,29,0.48760925137297023
tt-SNE,1662057958,30,0.49026390171550105
tt-SNE,1662057958,31,0.49300186057344664
tt-SNE,1662057958,32,0.4956395348837209
tt-SNE,1662057958,33,0.49807664420207454
tt-SNE,1662057958,34,0.5004358304483746
tt-SNE,1662057958,35,0.5026793959964978
tt-SNE,1662057958,36,0.5051388072649932
tt-SNE,1662057958,37,0.5074164921364989
tt-SNE,1662057958,38,0.5098140153506932
tt-SNE,1662057958,39,0.5121876136904262
tt-SNE,1662057958,40,0.5144414826630844
tt-SNE,1662057958,41,0.5168413702439434
tt-SNE,1662057958,42,0.5188851042053965
tt-SNE,1662057958,43,0.5209763107387544
tt-SNE,1662057958,44,0.5229753245662909
tt-SNE,1662057958,45,0.5250935176634111
tt-SNE,1662057958,46,0.5272044839808289
tt-SNE,1662057958,47,0.528987151158325
tt-SNE,1662057958,48,0.5307908655864327
tt-SNE,1662057958,49,0.5327325624230046
tt-SNE,1662057958,50,0.5346520023507682
tt-SNE,1662057958,51,0.5365052242036938
tt-SNE,1662057958,52,0.5382387321351305
tt-SNE,1662057958,53,0.5400200860786682
tt-SNE,1662057958,54,0.541799985696384
tt-SNE,1662057958,55,0.5436235412643775
tt-SNE,1662057958,56,0.5453602312388308
tt-SNE,1662057958,57,0.5470809085512875
tt-SNE,1662057958,58,0.548753108543537
tt-SNE,1662057958,59,0.5504091788106422
tt-SNE,1662057958,60,0.5519505778971818
tt-SNE,1662057958,61,0.5535522337115023
tt-SNE,1662057958,62,0.5550555057536947
tt-SNE,1662057958,63,0.5565437044322109
tt-SNE,1662057958,64,0.558146749853077
tt-SNE,1662057958,65,0.5596190980541581
tt-SNE,1662057958,66,0.5610996201626711
tt-SNE,1662057958,67,0.5626330608731174
tt-SNE,1662057958,68,0.5639769466681812
tt-SNE,1662057958,69,0.5654181556690381
tt-SNE,1662057958,70,0.5668901495616298
tt-SNE,1662057958,71,0.568375664109753
tt-SNE,1662057958,72,0.5697761872778664
tt-SNE,1662057958,73,0.5710641596406223
tt-SNE,1662057958,74,0.5724313432734219
tt-SNE,1662057958,75,0.5736635602944057
tt-SNE,1662057958,76,0.5748567224458594
tt-SNE,1662057958,77,0.5760499679985869
tt-SNE,1662057958,78,0.5772362974109259
tt-SNE,1662057958,79,0.578464327730244
tt-SNE,1662057958,80,0.5796427671899924
tt-SNE,1662057958,81,0.5807967736017438
tt-SNE,1662057958,82,0.5819016445138844
tt-SNE,1662057958,83,0.5829551098356991
tt-SNE,1662057958,84,0.5841608996885631
tt-SNE,1662057958,85,0.5852173225935492
tt-SNE,1662057958,86,0.5861725432617495
tt-SNE,1662057958,87,0.5871506778723811
tt-SNE,1662057958,88,0.5881213698567406
tt-SNE,1662057958,89,0.5891499595784842
tt-SNE,1662057958,90,0.5901039188798404
tt-SNE,1662057958,91,0.5910055438642458
tt-SNE,1662057958,92,0.5918848306096302
tt-SNE,1662057958,93,0.5927993731284806
tt-SNE,1662057958,94,0.5936712354215753
tt-SNE,1662057958,95,0.5945729069546506
tt-SNE,1662057958,96,0.5954133783897237
tt-SNE,1662057958,97,0.5962040632976361
tt-SNE,1662057958,98,0.5971165395047282
tt-SNE,1662057958,99,0.5979418905705531
tt-SNE,1662057958,100,0.598762488456049
tt-SNE,1662057958,101,0.599573071235425
tt-SNE,1662057958,102,0.6004093266892854
tt-SNE,1662057958,103,0.6012154873564698
tt-SNE,1662057958,104,0.6020553883611142
tt-SNE,1662057958,105,0.6029968296612574
tt-SNE,1662057958,106,0.6038381359865543
tt-SNE,1662057958,107,0.6047233492640509
tt-SNE,1662057958,108,0.605558354089124
tt-SNE,1662057958,109,0.6063587817598257
tt-SNE,1662057958,110,0.6070984803962723
tt-SNE,1662057958,111,0.607965912348416
tt-SNE,1662057958,112,0.6088182292478741
tt-SNE,1662057958,113,0.6096123684286778
tt-SNE,1662057958,114,0.6104220335912404
tt-SNE,1662057958,115,0.6112406142659508
tt-SNE,1662057958,116,0.6120758412247156
tt-SNE,1662057958,117,0.6128795690545333
tt-SNE,1662057958,118,0.6136721645993093
tt-SNE,1662057958,119,0.6145248125276472
tt-SNE,1662057958,120,0.6153485573559455
tt-SNE,1662057958,121,0.6161781144035897
tt-SNE,1662057958,122,0.6169083957383381
tt-SNE,1662057958,123,0.6176479622238923
tt-SNE,1662057958,124,0.6184402598844657
tt-SNE,1662057958,125,0.6192202166064982
tt-SNE,1662057958,126,0.6200717490701538
tt-SNE,1662057958,127,0.6207452649142559
tt-SNE,1662057958,128,0.6214666327344471
tt-SNE,1662057958,129,0.6221446008803014
tt-SNE,1662057958,130,0.622889959507372
tt-SNE,1662057958,131,0.6235620931578417
tt-SNE,1662057958,132,0.6242812856972038
tt-SNE,1662057958,133,0.6250164913585281
tt-SNE,1662057958,134,0.6256652260484163
tt-SNE,1662057958,135,0.6262943995124333
tt-SNE,1662057958,136,0.6269103078222306
tt-SNE,1662057958,137,0.6274957761549007
tt-SNE,1662057958,138,0.6280949651947596
tt-SNE,1662057958,139,0.6286870428097115
tt-SNE,1662057958,140,0.6292292838552599
tt-SNE,1662057958,141,0.6297778262063018
tt-SNE,1662057958,142,0.630329284919491
tt-SNE,1662057958,143,0.630841620808878
tt-SNE,1662057958,144,0.6313567523950784
tt-SNE,1662057958,145,0.6318925710513899
tt-SNE,1662057958,146,0.6323773465991491
tt-SNE,1662057958,147,0.6328606667249219
tt-SNE,1662057958,148,0.6333377391328026
tt-SNE,1662057958,149,0.6338703888290054
tt-SNE,1662057958,150,0.6343707497271429
tt-SNE,1662057958,151,0.6348783833297843
tt-SNE,1662057958,152,0.6353630434494429
tt-SNE,1662057958,153,0.6358778588255048
tt-SNE,1662057958,154,0.6363756300789295
tt-SNE,1662057958,155,0.636896227667025
tt-SNE,1662057958,156,0.6373953509899274
tt-SNE,1662057958,157,0.6378958699526799
tt-SNE,1662057958,158,0.6384280459823862
tt-SNE,1662057958,159,0.6389083818192475
tt-SNE,1662057958,160,0.6394477793636134
tt-SNE,1662057958,161,0.6399940344303063
tt-SNE,1662057958,162,0.6404710968489548
tt-SNE,1662057958,163,0.6409263386476284
tt-SNE,1662057958,164,0.641457937016613
tt-SNE,1662057958,165,0.6419828373568613
tt-SNE,1662057958,166,0.6424973675239957
tt-SNE,1662057958,167,0.6430135279772082
tt-SNE,1662057958,168,0.6435532780822848
tt-SNE,1662057958,169,0.6440163460855387
tt-SNE,1662057958,170,0.6445803928153413
tt-SNE,1662057958,171,0.6450953735330407
tt-SNE,1662057958,172,0.645653909909347
tt-SNE,1662057958,173,0.6461307685177592
tt-SNE,1662057958,174,0.6466472602838871
tt-SNE,1662057958,175,0.6471115535459419
tt-SNE,1662057958,176,0.6476168419566328
tt-SNE,1662057958,177,0.6480841666085614
tt-SNE,1662057958,178,0.648550957051314
tt-SNE,1662057958,179,0.6489651601331852
tt-SNE,1662057958,180,0.6493439770893384
tt-SNE,1662057958,181,0.6497151293827007
tt-SNE,1662057958,182,0.6501585476902411
tt-SNE,1662057958,183,0.6505872562121711
tt-SNE,1662057958,184,0.6509665891594544
tt-SNE,1662057958,185,0.6513785803266116
tt-SNE,1662057958,186,0.6517568020163885
tt-SNE,1662057958,187,0.6521817113287183
tt-SNE,1662057958,188,0.6525214936309544
tt-SNE,1662057958,189,0.6528696740685658
tt-SNE,1662057958,190,0.6531845839096103
tt-SNE,1662057958,191,0.6535285039435148
tt-SNE,1662057958,192,0.6538565978927042
tt-SNE,1662057958,193,0.6541808568993787
tt-SNE,1662057958,194,0.6545102119066928
tt-SNE,1662057958,195,0.6548503968535871
tt-SNE,1662057958,196,0.6552014601491676
tt-SNE,1662057958,197,0.6555617445291155
tt-SNE,1662057958,198,0.6559629117978543
tt-SNE,1662057958,199,0.6563305149709592
tt-SNE,1662057958,200,0.6567009487028796
γ=1.0,1405681632,1,0.36168247838132817
γ=1.0,1405681632,2,0.4155192679036185
γ=1.0,1405681632,3,0.4356617132622505
γ=1.0,1405681632,4,0.4452291998992528
γ=1.0,1405681632,5,0.44918142893124
γ=1.0,1405681632,6,0.45216606498194944
γ=1.0,1405681632,7,0.45483766506350665
γ=1.0,1405681632,8,0.45803773822517
γ=1.0,1405681632,9,0.45856304629707373
γ=1.0,1405681632,10,0.46016707245403404
γ=1.0,1405681632,11,0.4622961204692377
γ=1.0,1405681632,12,0.4642627263314024
γ=1.0,1405681632,13,0.4658686540560439
γ=1.0,1405681632,14,0.4673441116854768
γ=1.0,1405681632,15,0.4689978451291523
γ=1.0,1405681632,16,0.47074395516749223
γ=1.0,1405681632,17,0.4721167284813346
γ=1.0,1405681632,18,0.473819718467523
γ=1.0,1405681632,19,0.47531251518940915
γ=1.0,1405681632,20,0.47699605406766854
γ=1.0,1405681632,21,0.47872714697498514
γ=1.0,1405681632,22,0.48003373505010644
γ=1.0,1405681632,23,0.48180892342847126
γ=1.0,1405681632,24,0.48353412811686675
γ=1.0,1405681632,25,0.48510788346906225
γ=1.0,1405681632,26,0.4868059905840109
γ=1.0,1405681632,27,0.4884420563624661
γ=1.0,1405681632,28,0.4899417705122516
γ=1.0,1405681632,29,0.4917650737220593
γ=1.0,1405681632,30,0.4930932191531637
γ=1.0,1405681632,31,0.4948014982084871
γ=1.0,1405681632,32,0.4963400428175636
γ=1.0,1405681632,33,0.497789158480956
γ=1.0,1405681632,34,0.49912216586743846
γ=1.0,1405681632,35,0.5005852933063075
γ=1.0,1405681632,36,0.5019671358874617
γ=1.0,1405681632,37,0.5034138327732484
γ=1.0,1405681632,38,0.5050207901585884
γ=1.0,1405681632,39,0.5065970047079946
γ=1.0,1405681632,40,0.5080944085299303
γ=1.0,1405681632,41,0.5095822471951527
γ=1.0,1405681632,42,0.510936269394837
γ=1.0,1405681632,43,0.5121609299982623
γ=1.0,1405681632,44,0.5135111928622129
γ=1.0,1405681632,45,0.514945102099833
γ=1.0,1405681632,46,0.5164289129887244
γ=1.0,1405681632,47,0.5176620216963759
γ=1.0,1405681632,48,0.5189215850894132
γ=1.0,1405681632,49,0.5203499080767393
γ=1.0,1405681632,50,0.5216488959785073
γ=1.0,1405681632,51,0.5228376801144436
γ=1.0,1405681632,52,0.5243302893898981
γ=1.0,1405681632,53,0.5257586534090098
γ=1.0,1405681632,54,0.5272336184728091
γ=1.0,1405681632,55,0.5286427366605353
γ=1.0,1405681632,56,0.529941560622234
γ=1.0,1405681632,57,0.531182292057909
γ=1.0,1405681632,58,0.5324743282795678
γ=1.0,1405681632,59,0.5337396424612486
γ=1.0,1405681632,60,0.5351278929840763
γ=1.0,1405681632,61,0.5362311460270228
γ=1.0,1405681632,62,0.5374335461121598
γ=1.0,1405681632,63,0.5385737873354361
γ=1.0,1405681632,64,0.5397321803375031
γ=1.0,1405681632,65,0.5407974529039091
γ=1.0,1405681632,66,0.5418717864566239
γ=1.0,1405681632,67,0.542945377219352
γ=1.0,1405681632,68,0.5439349192787685
γ=1.0,1405681632,69,0.544892128698475
γ=1.0,1405681632,70,0.5461248305887715
γ=1.0,1405681632,71,0.5471838672028815
γ=1.0,1405681632,72,0.5482537150533121
γ=1.0,1405681632,73,0.549262049699656
γ=1.0,1405681632,74,0.550364527906296
γ=1.0,1405681632,75,0.5513665239414547
γ=1.0,1405681632,76,0.5523079064464956
γ=1.0,1405681632,77,0.5532346504976846
γ=1.0,1405681632,78,0.5541995225271189
γ=1.0,1405681632,79,0.5551203068326375
γ=1.0,1405681632,80,0.5561140962135841
γ=1.0,1405681632,81,0.557075573880768
γ=1.0,1405681632,82,0.5580059219700585
γ=1.0,1405681632,83,0.5589052541287642
γ=1.0,1405681632,84,0.559929596891229
γ=1.0,1405681632,85,0.5608399551576151
γ=1.0,1405681632,86,0.5616886286469611
γ=1.0,1405681632,87,0.5625810006591029
γ=1.0,1405681632,88,0.5634612008761954
γ=1.0,1405681632,89,0.5643673726203425
γ=1.0,1405681632,90,0.5652963180626686
γ=1.0,1405681632,91,0.5660701484729694
γ=1.0,1405681632,92,0.5669238884042154
γ=1.0,1405681632,93,0.5677732610047819
γ=1.0,1405681632,94,0.5686688685766955
γ=1.0,1405681632,95,0.5695186669553576
γ=1.0,1405681632,96,0.5702488770884057
γ=1.0,1405681632,97,0.5710536132674726
γ=1.0,1405681632,98,0.5719031798766018
γ=1.0,1405681632,99,0.572682156973988
γ=1.0,1405681632,100,0.5734497523297792
γ=1.0,1405681632,101,0.5742399695430882
γ=1.0,1405681632,102,0.5750093421635298
γ=1.0,1405681632,103,0.5757963797843716
γ=1.0,1405681632,104,0.5765751438553891
γ=1.0,1405681632,105,0.5773922464628535
γ=1.0,1405681632,106,0.5782089807582336
γ=1.0,1405681632,107,0.5789810251577706
γ=1.0,1405681632,108,0.5797162286961632
γ=1.0,1405681632,109,0.5805188173140393
γ=1.0,1405681632,110,0.581283916318758
γ=1.0,1405681632,111,0.5820938476886761
γ=1.0,1405681632,112,0.5828645789606246
γ=1.0,1405681632,113,0.5836785064449238
γ=1.0,1405681632,114,0.5844280754779233
γ=1.0,1405681632,115,0.5852412640124401
γ=1.0,1405681632,116,0.5860132911044268
γ=1.0,1405681632,117,0.5867315782939995
γ=1.0,1405681632,118,0.5874416043281456
γ=1.0,1405681632,119,0.5882247114276824
γ=1.0,1405681632,120,0.589001413259452
γ=1.0,1405681632,121,0.5897788071447256
γ=1.0,1405681632,122,0.5904825543546329
γ=1.0,1405681632,123,0.59118236678127
γ=1.0,1405681632,124,0.59190508367164
γ=1.0,1405681632,125,0.5925954160020149
γ=1.0,1405681632,126,0.5933867320190886
γ=1.0,1405681632,127,0.5941021235581218
γ=1.0,1405681632,128,0.5947807567584585
γ=1.0,1405681632,129,0.5954270659848657
γ=1.0,1405681632,130,0.5961593355850765
γ=1.0,1405681632,131,0.5968477403336835
γ=1.0,1405681632,132,0.5975594243162038
γ=1.0,1405681632,133,0.5982275813789364
γ=1.0,1405681632,134,0.5988184131813439
γ=1.0,1405681632,135,0.5993868102003439
γ=1.0,1405681632,136,0.5999919130610855
γ=1.0,1405681632,137,0.600567959323621
γ=1.0,1405681632,138,0.6012010576023381
γ=1.0,1405681632,139,0.6017836725498285
γ=1.0,1405681632,140,0.6023201842234669
γ=1.0,1405681632,141,0.6029437595976305
γ=1.0,1405681632,142,0.6035053406662796
γ=1.0,1405681632,143,0.6040232540526386
γ=1.0,1405681632,144,0.6045800333958339
γ=1.0,1405681632,145,0.6051436081975803
γ=1.0,1405681632,146,0.6056548971078881
γ=1.0,1405681632,147,0.6061352422759045
γ=1.0,1405681632,148,0.6066641215138402
γ=1.0,1405681632,149,0.607201115206236
γ=1.0,1405681632,150,0.6077217138219573
γ=1.0,1405681632,151,0.6082896270963287
γ=1.0,1405681632,152,0.6087691497023981
γ=1.0,1405681632,153,0.6093057825934505
γ=1.0,1405681632,154,0.6098171830687992
γ=1.0,1405681632,155,0.610334171990651
γ=1.0,1405681632,156,0.6108251583862364
γ=1.0,1405681632,157,0.6113227242173508
γ=1.0,1405681632,158,0.6118774901192282
γ=1.0,1405681632,159,0.612423165732854
γ=1.0,1405681632,160,0.6130165918058937
γ=1.0,1405681632,161,0.6135750084347106
γ=1.0,1405681632,162,0.614076261076233
γ=1.0,1405681632,163,0.6145919660797129
γ=1.0,1405681632,164,0.6151251865973449
γ=1.0,1405681632,165,0.6156725512195247
γ=1.0,1405681632,166,0.6161991598330185
γ=1.0,1405681632,167,0.6167038771085149
γ=1.0,1405681632,168,0.6172353186930049
γ=1.0,1405681632,169,0.6177296705993515
γ=1.0,1405681632,170,0.618250554356576
γ=1.0,1405681632,171,0.6187994683768161
γ=1.0,1405681632,172,0.619343708083011
γ=1.0,1405681632,173,0.6198078911852501
γ=1.0,1405681632,174,0.620313783163829
γ=1.0,1405681632,175,0.6208054979190903
γ=1.0,1405681632,176,0.6213359881240412
γ=1.0,1405681632,177,0.6218111540061483
γ=1.0,1405681632,178,0.6222821601031621
γ=1.0,1405681632,179,0.6227059255586944
γ=1.0,1405681632,180,0.623135243798916
γ=1.0,1405681632,181,0.6235530924337085
γ=1.0,1405681632,182,0.6240164000217732
γ=1.0,1405681632,183,0.6244455118632591
γ=1.0,1405681632,184,0.6248505674330999
γ=1.0,1405681632,185,0.6252809689884663
γ=1.0,1405681632,186,0.6257622618651052
γ=1.0,1405681632,187,0.6262112449867713
γ=1.0,1405681632,188,0.6266116873907009
γ=1.0,1405681632,189,0.627022551294233
γ=1.0,1405681632,190,0.6273535299082228
γ=1.0,1405681632,191,0.6277175262780105
γ=1.0,1405681632,192,0.628097626843534
γ=1.0,1405681632,193,0.6284618258996016
γ=1.0,1405681632,194,0.6288146969750738
γ=1.0,1405681632,195,0.6292160446387631
γ=1.0,1405681632,196,0.6295948779982147
γ=1.0,1405681632,197,0.6299656036074661
γ=1.0,1405681632,198,0.6303476372320298
γ=1.0,1405681632,199,0.6307108542460435
γ=1.0,1405681632,200,0.6310622533792293
γ=0.7,1405681632,1,0.22663924103769625
γ=0.7,1405681632,2,0.2922088825455461
γ=0.7,1405681632,3,0.33029692441160824
γ=0.7,1405681632,4,0.35464066828981616
γ=0.7,1405681632,5,0.3724456384854337
γ=0.7,1405681632,6,0.3867853244899673
γ=0.7,1405681632,7,0.3967521018986051
γ=0.7,1405681632,8,0.40701347493913187
γ=0.7,1405681632,9,0.4160113433893973
γ=0.7,1405681632,10,0.4230123415330367
γ=0.7,1405681632,11,0.4296906602758335
γ=0.7,1405681632,12,0.4360849914644726
γ=0.7,1405681632,13,0.44194442112333143
γ=0.7,1405681632,14,0.44667294337767
γ=0.7,1405681632,15,0.4514846220580416
γ=0.7,1405681632,16,0.4560359121820166
γ=0.7,1405681632,17,0.4599900240509267
γ=0.7,1405681632,18,0.4640015298650174
γ=0.7,1405681632,19,0.467601818752237
γ=0.7,1405681632,20,0.47103727646713117
γ=0.7,1405681632,21,0.4747112513043165
γ=0.7,1405681632,22,0.4776905992169194
γ=0.7,1405681632,23,0.48096388796618395
γ=0.7,1405681632,24,0.48409908208098956
γ=0.7,1405681632,25,0.486921333221392
γ=0.7,1405681632,26,0.4896604948237893
γ=0.7,1405681632,27,0.49213767541363884
γ=0.7,1405681632,28,0.49464480612159234
γ=0.7,1405681632,29,0.49703403692327286
γ=0.7,1405681632,30,0.4993717292138919
γ=0.7,1405681632,31,0.5019215092581809
γ=0.7,1405681632,32,0.5039931575854253
γ=0.7,1405681632,33,0.5063119652574778
γ=0.7,1405681632,34,0.5082437391042388
γ=0.7,1405681632,35,0.5101682718255635
γ=0.7,1405681632,36,0.5121934439686937
γ=0.7,1405681632,37,0.5140240567996425
γ=0.7,1405681632,38,0.5161438564087155
γ=0.7,1405681632,39,0.5182894932286252
γ=0.7,1405681632,40,0.5203037108555116
γ=0.7,1405681632,41,0.5223179639234895
γ=0.7,1405681632,42,0.5241833279361615
γ=0.7,1405681632,43,0.5258428304498676
γ=0.7,1405681632,44,0.5276215263202082
γ=0.7,1405681632,45,0.5293957966025803
γ=0.7,1405681632,46,0.5312790880187477
γ=0.7,1405681632,47,0.5329491601719848
γ=0.7,1405681632,48,0.534484055354994
γ=0.7,1405681632,49,0.5361250704630773
γ=0.7,1405681632,50,0.5378053899756527
γ=0.7,1405681632,51,0.539417345311057
γ=0.7,1405681632,52,0.5410665964880557
γ=0.7,1405681632,53,0.5426274745241041
γ=0.7,1405681632,54,0.5442354872713364
γ=0.7,1405681632,55,0.545907907892628
γ=0.7,1405681632,56,0.5474096573395539
γ=0.7,1405681632,57,0.5487504547617049
γ=0.7,1405681632,58,0.5502331950471746
γ=0.7,1405681632,59,0.5515902548420559
γ=0.7,1405681632,60,0.5530601964570565
γ=0.7,1405681632,61,0.5544592338532642
γ=0.7,1405681632,62,0.5558050162360084
γ=0.7,1405681632,63,0.5571180701312513
γ=0.7,1405681632,64,0.5583527044328772
γ=0.7,1405681632,65,0.5595022054597237
γ=0.7,1405681632,66,0.5607396269809165
γ=0.7,1405681632,67,0.562052887272144
γ=0.7,1405681632,68,0.563289865522231
γ=0.7,1405681632,69,0.5645865044977302
γ=0.7,1405681632,70,0.5659798265708769
γ=0.7,1405681632,71,0.5671742654736242
γ=0.7,1405681632,72,0.5684066549128256
γ=0.7,1405681632,73,0.5695310999502015
γ=0.7,1405681632,74,0.5706983324521734
γ=0.7,1405681632,75,0.5717935801639941
γ=0.7,1405681632,76,0.5729003265446799
γ=0.7,1405681632,77,0.5738741990106275
γ=0.7,1405681632,78,0.574968408861449
γ=0.7,1405681632,79,0.5760561718823892
γ=0.7,1405681632,80,0.5770983754512634
γ=0.7,1405681632,81,0.5781464586630679
γ=0.7,1405681632,82,0.5791843366758745
γ=0.7,1405681632,83,0.5801137553319651
γ=0.7,1405681632,84,0.5811994514874207
γ=0.7,1405681632,85,0.5822754053346634
γ=0.7,1405681632,86,0.5831984505235535
γ=0.7,1405681632,87,0.5841441843094908
γ=0.7,1405681632,88,0.5851042008532983
γ=0.7,1405681632,89,0.5860690571174412
γ=0.7,1405681632,90,0.5869784233061875
γ=0.7,1405681632,91,0.587873800282498
γ=0.7,1405681632,92,0.5887834774578121
γ=0.7,1405681632,93,0.5897097017936795
γ=0.7,1405681632,94,0.5906001425465821
γ=0.7,1405681632,95,0.5914232310690251
γ=0.7,1405681632,96,0.5923196869840204
γ=0.7,1405681632,97,0.5931643365268352
γ=0.7,1405681632,98,0.5939750427918628
γ=0.7,1405681632,99,0.594754530444229
γ=0.7,1405681632,100,0.5955679623877089
γ=0.7,1405681632,101,0.5963943804337617
γ=0.7,1405681632,102,0.5972062404006183
γ=0.7,1405681632,103,0.598006819184029
γ=0.7,1405681632,104,0.5987641514308041
γ=0.7,1405681632,105,0.5995662272968965
γ=0.7,1405681632,106,0.6003614860530063
γ=0.7,1405681632,107,0.6011642422734973
γ=0.7,1405681632,108,0.601950577897182
γ=0.7,1405681632,109,0.6027036144986633
γ=0.7,1405681632,110,0.6034956228390868
γ=0.7,1405681632,111,0.6042775207412937
γ=0.7,1405681632,112,0.6051215413123523
γ=0.7,1405681632,113,0.6059138462772939
γ=0.7,1405681632,114,0.6066738397500763
γ=0.7,1405681632,115,0.6074713545754199
γ=0.7,1405681632,116,0.6082500528343838
γ=0.7,1405681632,117,0.6089616220587591
γ=0.7,1405681632,118,0.6097301454715696
γ=0.7,1405681632,119,0.6104455383026354
γ=0.7,1405681632,120,0.6112182716256682
γ=0.7,1405681632,121,0.6119844771587621
γ=0.7,1405681632,122,0.6127419068473693
γ=0.7,1405681632,123,0.6134399233338317
γ=0.7,1405681632,124,0.614123296167002
γ=0.7,1405681632,125,0.6148451011669885
γ=0.7,1405681632,126,0.6155674426600461
γ=0.7,1405681632,127,0.6162817140511285
γ=0.7,1405681632,128,0.6168887346780287
γ=0.7,1405681632,129,0.6175950313663547
γ=0.7,1405681632,130,0.6182523588408905
γ=0.7,1405681632,131,0.618911507164139
γ=0.7,1405681632,132,0.6196112328049194
γ=0.7,1405681632,133,0.6202660332301663
γ=0.7,1405681632,134,0.6208913245877071
γ=0.7,1405681632,135,0.621446406527424
γ=0.7,1405681632,136,0.6220831460785137
γ=0.7,1405681632,137,0.6226456314993134
γ=0.7,1405681632,138,0.6232124366831779
γ=0.7,1405681632,139,0.623810346400069
γ=0.7,1405681632,140,0.624325053671876
γ=0.7,1405681632,141,0.6248747358511799
γ=0.7,1405681632,142,0.6254125373515544
γ=0.7,1405681632,143,0.6259193329548464
γ=0.7,1405681632,144,0.626438038134684
γ=0.7,1405681632,145,0.6269481412429542
γ=0.7,1405681632,146,0.6274112912778909
γ=0.7,1405681632,147,0.6278926985116943
γ=0.7,1405681632,148,0.6284268799905606
γ=0.7,1405681632,149,0.6289350152332258
γ=0.7,1405681632,150,0.6294411328463885
γ=0.7,1405681632,151,0.6299983709198632
γ=0.7,1405681632,152,0.6305024325148361
γ=0.7,1405681632,153,0.6309782301524981
γ=0.7,1405681632,154,0.6314827394081864
γ=0.7,1405681632,155,0.6320135087923605
γ=0.7,1405681632,156,0.6325468915826569
γ=0.7,1405681632,157,0.6331130513088848
γ=0.7,1405681632,158,0.6336704503549001
γ=0.7,1405681632,159,0.6342094855503263
γ=0.7,1405681632,160,0.6347630341700949
γ=0.7,1405681632,161,0.6352836331153779
γ=0.7,1405681632,162,0.6357858852331748
γ=0.7,1405681632,163,0.6362678103912813
γ=0.7,1405681632,164,0.636777133660011
γ=0.7,1405681632,165,0.6373304025054508
γ=0.7,1405681632,166,0.6378446368801544
γ=0.7,1405681632,167,0.6384150513514152
γ=0.7,1405681632,168,0.6389369470397511
γ=0.7,1405681632,169,0.6394233563624495
γ=0.7,1405681632,170,0.6399386133430788
γ=0.7,1405681632,171,0.6404699376123403
γ=0.7,1405681632,172,0.6409982564485046
γ=0.7,1405681632,173,0.6414534968647526
γ=0.7,1405681632,174,0.6419693666725532
γ=0.7,1405681632,175,0.6424392818163283
γ=0.7,1405681632,176,0.6429138744934019
γ=0.7,1405681632,177,0.6433828673774943
γ=0.7,1405681632,178,0.6438227716990904
γ=0.7,1405681632,179,0.6442561192906984
γ=0.7,1405681632,180,0.6446471049170235
γ=0.7,1405681632,181,0.645027740270728
γ=0.7,1405681632,182,0.6454826132644955
γ=0.7,1405681632,183,0.6459265508807811
γ=0.7,1405681632,184,0.6462926578646702
γ=0.7,1405681632,185,0.646685666440515
γ=0.7,1405681632,186,0.6471076252817717
γ=0.7,1405681632,187,0.6474873583354622
γ=0.7,1405681632,188,0.6478474215681196
γ=0.7,1405681632,189,0.6482238862391662
γ=0.7,1405681632,190,0.6485195020966907
γ=0.7,1405681632,191,0.6488247697473539
γ=0.7,1405681632,192,0.6491537496851649
γ=0.7,1405681632,193,0.6494951981949023
γ=0.7,1405681632,194,0.6498696950838998
γ=0.7,1405681632,195,0.6502244208650053
γ=0.7,1405681632,196,0.6505712435255355
γ=0.7,1405681632,197,0.6509102834175805
γ=0.7,1405681632,198,0.6512505628868654
γ=0.7,1405681632,199,0.6515863677382799
γ=0.7,1405681632,200,0.6519374947527495
γ=0.0,1405681632,1,0.05688019477793636
γ=0.0,1405681632,2,0.09388380488623961
γ=0.0,1405681632,3,0.1246186998013041
γ=0.0,1405681632,4,0.15020779111745444
γ=0.0,1405681632,5,0.17211821005792963
γ=0.0,1405681632,6,0.19169954943609546
γ=0.0,1405681632,7,0.21014788250956493
γ=0.0,1405681632,8,0.22645558727226933
γ=0.0,1405681632,9,0.24199852610565395
γ=0.0,1405681632,10,0.2555620854672152
γ=0.0,1405681632,11,0.26914006151685604
γ=0.0,1405681632,12,0.281270114460023
γ=0.0,1405681632,13,0.2929935483037658
γ=0.0,1405681632,14,0.3042055962675558
γ=0.0,1405681632,15,0.31461394229423784
γ=0.0,1405681632,16,0.32462114851817647
γ=0.0,1405681632,17,0.33370537367831016
γ=0.0,1405681632,18,0.3429159786938311
γ=0.0,1405681632,19,0.35133158645922175
γ=0.0,1405681632,20,0.3599131055327009
γ=0.0,1405681632,21,0.36791321347613853
γ=0.0,1405681632,22,0.3755065981789179
γ=0.0,1405681632,23,0.38283026650556845
γ=0.0,1405681632,24,0.39001063442756
γ=0.0,1405681632,25,0.3969759046259761
γ=0.0,1405681632,26,0.40354100605129073
γ=0.0,1405681632,27,0.4099867225129588
γ=0.0,1405681632,28,0.4163828154047279
γ=0.0,1405681632,29,0.4224174118968557
γ=0.0,1405681632,30,0.4284233061875577
γ=0.0,1405681632,31,0.43427869602779756
γ=0.0,1405681632,32,0.43972876962471663
γ=0.0,1405681632,33,0.44509149932707986
γ=0.0,1405681632,34,0.4500400025680661
γ=0.0,1405681632,35,0.4549408110150281
γ=0.0,1405681632,36,0.4598643644063844
γ=0.0,1405681632,37,0.4644729945292451
γ=0.0,1405681632,38,0.4690169193447897
γ=0.0,1405681632,39,0.47361413388615137
γ=0.0,1405681632,40,0.4779594492485938
γ=0.0,1405681632,41,0.4821183943516037
γ=0.0,1405681632,42,0.48612726931088107
γ=0.0,1405681632,43,0.4899721383204503
γ=0.0,1405681632,44,0.49384354416467585
γ=0.0,1405681632,45,0.4977080010074721
γ=0.0,1405681632,46,0.5015540986957617
γ=0.0,1405681632,47,0.5052409983976907
γ=0.0,1405681632,48,0.5087113102734168
γ=0.0,1405681632,49,0.5122798510723239
γ=0.0,1405681632,50,0.5155721601880615
γ=0.0,1405681632,51,0.5189287871978614
γ=0.0,1405681632,52,0.5222152438276189
γ=0.0,1405681632,53,0.5254442144014649
γ=0.0,1405681632,54,0.5285302723595058
γ=0.0,1405681632,55,0.5316346234573084
γ=0.0,1405681632,56,0.534540400829965
γ=0.0,1405681632,57,0.5373375929960069
γ=0.0,1405681632,58,0.5401700543398017
γ=0.0,1405681632,59,0.5428993851289721
γ=0.0,1405681632,60,0.5455426356589148
γ=0.0,1405681632,61,0.548179737424147
γ=0.0,1405681632,62,0.5507290631322089
γ=0.0,1405681632,63,0.5532227779310309
γ=0.0,1405681632,64,0.5556182310469314
γ=0.0,1405681632,65,0.5579051038794134
γ=0.0,1405681632,66,0.5601004164726774
γ=0.0,1405681632,67,0.5622978633822743
γ=0.0,1405681632,68,0.5644350007654813
γ=0.0,1405681632,69,0.5666215251034544
γ=0.0,1405681632,70,0.5687911534355997
γ=0.0,1405681632,71,0.5708369940911526
γ=0.0,1405681632,72,0.5729385302101699
γ=0.0,1405681632,73,0.5748600062334459
γ=0.0,1405681632,74,0.5767102632815
γ=0.0,1405681632,75,0.5784983068871912
γ=0.0,1405681632,76,0.5803365089324775
γ=0.0,1405681632,77,0.5820522773339497
γ=0.0,1405681632,78,0.5837348152644938
γ=0.0,1405681632,79,0.5853906983120591
γ=0.0,1405681632,80,0.5870487364620939
γ=0.0,1405681632,81,0.5887757037534553
γ=0.0,1405681632,82,0.5904482636464345
γ=0.0,1405681632,83,0.592048152310358
γ=0.0,1405681632,84,0.5936749143448833
γ=0.0,1405681632,85,0.5951507998044319
γ=0.0,1405681632,86,0.5966323878845625
γ=0.0,1405681632,87,0.5980697838470571
γ=0.0,1405681632,88,0.5995541745216416
γ=0.0,1405681632,89,0.6009736066840301
γ=0.0,1405681632,90,0.6023493689306804
γ=0.0,1405681632,91,0.6036169354950315
γ=0.0,1405681632,92,0.6049737546221432
γ=0.0,1405681632,93,0.6061858424895032
γ=0.0,1405681632,94,0.6074105466607838
γ=0.0,1405681632,95,0.6085604196032858
γ=0.0,1405681632,96,0.6096544160859709
γ=0.0,1405681632,97,0.610709410949075
γ=0.0,1405681632,98,0.6117720028990523
γ=0.0,1405681632,99,0.6129140451615476
γ=0.0,1405681632,100,0.6139190664092016
γ=0.0,1405681632,101,0.6150205609092518
γ=0.0,1405681632,102,0.6160811146723822
γ=0.0,1405681632,103,0.6170913237580014
γ=0.0,1405681632,104,0.6180586949361612
γ=0.0,1405681632,105,0.6191511647896503
γ=0.0,1405681632,106,0.6201798559441645
γ=0.0,1405681632,107,0.6212713136447343
γ=0.0,1405681632,108,0.6223895900770219
γ=0.0,1405681632,109,0.6233714267668695
γ=0.0,1405681632,110,0.624357545736943
γ=0.0,1405681632,111,0.6252895914972987
γ=0.0,1405681632,112,0.6262597149093875
γ=0.0,1405681632,113,0.6272160113764105
γ=0.0,1405681632,114,0.6281396969040854
γ=0.0,1405681632,115,0.6290330823170397
γ=0.0,1405681632,116,0.6299382054837749
γ=0.0,1405681632,117,0.6307381598708943
γ=0.0,1405681632,118,0.631570802662117
γ=0.0,1405681632,119,0.6325160909800912
γ=0.0,1405681632,120,0.6333539725184003
γ=0.0,1405681632,121,0.6342421860201454
γ=0.0,1405681632,122,0.6350951937250455
γ=0.0,1405681632,123,0.6358401368414658
γ=0.0,1405681632,124,0.6365984546678185
γ=0.0,1405681632,125,0.6374729241877256
γ=0.0,1405681632,126,0.6382822067903086
γ=0.0,1405681632,127,0.6391180785048163
γ=0.0,1405681632,128,0.6398585734824952
γ=0.0,1405681632,129,0.6405693649086018
γ=0.0,1405681632,130,0.6413344484413245
γ=0.0,1405681632,131,0.6420452324203492
γ=0.0,1405681632,132,0.6427776844933255
γ=0.0,1405681632,133,0.6435837095046406
γ=0.0,1405681632,134,0.6443376059004783
γ=0.0,1405681632,135,0.6450498605397438
γ=0.0,1405681632,136,0.6457068848864371
γ=0.0,1405681632,137,0.6463074370927444
γ=0.0,1405681632,138,0.6469786788244698
γ=0.0,1405681632,139,0.6476390544016806
γ=0.0,1405681632,140,0.6482558139534884
γ=0.0,1405681632,141,0.6488301831967709
γ=0.0,1405681632,142,0.6494833749368852
γ=0.0,1405681632,143,0.650065198004078
γ=0.0,1405681632,144,0.6506745048927696
γ=0.0,1405681632,145,0.6513278076770531
γ=0.0,1405681632,146,0.6518640533730189
γ=0.0,1405681632,147,0.652397572243573
γ=0.0,1405681632,148,0.6528980706001947
γ=0.0,1405681632,149,0.6534549587291427
γ=0.0,1405681632,150,0.6540072202166065
γ=0.0,1405681632,151,0.6546216669882201
γ=0.0,1405681632,152,0.6551493201772797
γ=0.0,1405681632,153,0.6557233029500386
γ=0.0,1405681632,154,0.6562868329722498
γ=0.0,1405681632,155,0.6568940068952257
γ=0.0,1405681632,156,0.6574487276359495
γ=0.0,1405681632,157,0.658015632929364
γ=0.0,1405681632,158,0.65865134770646
γ=0.0,1405681632,159,0.6591230346241965
γ=0.0,1405681632,160,0.6596622869616321
γ=0.0,1405681632,161,0.6602073556934427
γ=0.0,1405681632,162,0.6607754943816847
γ=0.0,1405681632,163,0.6613096209978608
γ=0.0,1405681632,164,0.6618408173629213
γ=0.0,1405681632,165,0.6623887264891379
γ=0.0,1405681632,166,0.662947988747872
γ=0.0,1405681632,167,0.6634573184250255
γ=0.0,1405681632,168,0.6639560870104065
γ=0.0,1405681632,169,0.6644360367002011
γ=0.0,1405681632,170,0.6649745415755085
γ=0.0,1405681632,171,0.6655160765934088
γ=0.0,1405681632,172,0.6660315459815336
γ=0.0,1405681632,173,0.6665585268001647
γ=0.0,1405681632,174,0.6670690764935726
γ=0.0,1405681632,175,0.6675949002722573
γ=0.0,1405681632,176,0.6680205367841796
γ=0.0,1405681632,177,0.6684714836544295
γ=0.0,1405681632,178,0.6689173637059124
γ=0.0,1405681632,179,0.6693113590601429
γ=0.0,1405681632,180,0.6697690743383801
γ=0.0,1405681632,181,0.6701329056060812
γ=0.0,1405681632,182,0.670560088052322
γ=0.0,1405681632,183,0.670919290750663
γ=0.0,1405681632,184,0.671283942866112
γ=0.0,1405681632,185,0.6716616709060669
γ=0.0,1405681632,186,0.6720479758928902
γ=0.0,1405681632,187,0.6724341899390175
γ=0.0,1405681632,188,0.6727798995028733
γ=0.0,1405681632,189,0.6730735316916158
γ=0.0,1405681632,190,0.6733815270272061
γ=0.0,1405681632,191,0.673703440130356
γ=0.0,1405681632,192,0.674052171662049
γ=0.0,1405681632,193,0.6743657515171895
γ=0.0,1405681632,194,0.6747178602123828
γ=0.0,1405681632,195,0.675062697915523
γ=0.0,1405681632,196,0.6754053019075147
γ=0.0,1405681632,197,0.6757301509034647
γ=0.0,1405681632,198,0.6761079012779122
γ=0.0,1405681632,199,0.6764211030806792
γ=0.0,1405681632,200,0.6767588783477458
γ=1.5,1405681632,1,0.5003778020317353
γ=1.5,1405681632,2,0.5084165897069935
γ=1.5,1405681632,3,0.5039599249993003
γ=1.5,1405681632,4,0.49253840987322645
γ=1.5,1405681632,5,0.48447653429602894
γ=1.5,1405681632,6,0.4775767497831136
γ=1.5,1405681632,7,0.4726363385585952
γ=1.5,1405681632,8,0.46866866761816806
γ=1.5,1405681632,9,0.46488306793906664
γ=1.5,1405681632,10,0.46249265384938293
γ=1.5,1405681632,11,0.46091847871715214
γ=1.5,1405681632,12,0.4597920689558671
γ=1.5,1405681632,13,0.4588647856215651
γ=1.5,1405681632,14,0.45793504203797214
γ=1.5,1405681632,15,0.4574538941594605
γ=1.5,1405681632,16,0.4572086726555285
γ=1.5,1405681632,17,0.4570589716870713
γ=1.5,1405681632,18,0.45749960354107777
γ=1.5,1405681632,19,0.45777675655851074
γ=1.5,1405681632,20,0.4585215347158089
γ=1.5,1405681632,21,0.4589135293106412
γ=1.5,1405681632,22,0.4597182894345181
γ=1.5,1405681632,23,0.4604786222454217
γ=1.5,1405681632,24,0.4612158229087958
γ=1.5,1405681632,25,0.4621375199395517
γ=1.5,1405681632,26,0.46304644058820876
γ=1.5,1405681632,27,0.4643078138166712
γ=1.5,1405681632,28,0.46540412823680394
γ=1.5,1405681632,29,0.46681711197125814
γ=1.5,1405681632,30,0.46777768449332546
γ=1.5,1405681632,31,0.46880492686348474
γ=1.5,1405681632,32,0.4699817920409705
γ=1.5,1405681632,33,0.4713124868023701
γ=1.5,1405681632,34,0.47256490540133445
γ=1.5,1405681632,35,0.47367019681686795
γ=1.5,1405681632,36,0.47505340534893054
γ=1.5,1405681632,37,0.4762835625483598
γ=1.5,1405681632,38,0.4773981591540769
γ=1.5,1405681632,39,0.47886999519943857
γ=1.5,1405681632,40,0.48020317353706654
γ=1.5,1405681632,41,0.4815081775198577
γ=1.5,1405681632,42,0.48281100703231505
γ=1.5,1405681632,43,0.4842279854658485
γ=1.5,1405681632,44,0.4854670243701391
γ=1.5,1405681632,45,0.4868450265394267
γ=1.5,1405681632,46,0.488295437538556
γ=1.5,1405681632,47,0.4895823099334246
γ=1.5,1405681632,48,0.4908391752721574
γ=1.5,1405681632,49,0.49226148355404625
γ=1.5,1405681632,50,0.4936042313827555
γ=1.5,1405681632,51,0.4948811528641344
γ=1.5,1405681632,52,0.4962720303791583
γ=1.5,1405681632,53,0.49750983314931657
γ=1.5,1405681632,54,0.4988300574943174
γ=1.5,1405681632,55,0.5001488311034108
γ=1.5,1405681632,56,0.5014295009415066
γ=1.5,1405681632,57,0.5027558191086818
γ=1.5,1405681632,58,0.5039343521925546
γ=1.5,1405681632,59,0.5052351550838208
γ=1.5,1405681632,60,0.506557663784177
γ=1.5,1405681632,61,0.5077618016683848
γ=1.5,1405681632,62,0.5089704285277096
γ=1.5,1405681632,63,0.5101580105358126
γ=1.5,1405681632,64,0.5113937484258249
γ=1.5,1405681632,65,0.5125462565308087
γ=1.5,1405681632,66,0.5137051821209323
γ=1.5,1405681632,67,0.5149353977321854
γ=1.5,1405681632,68,0.515965839782307
γ=1.5,1405681632,69,0.5171428432371004
γ=1.5,1405681632,70,0.5184841143240942
γ=1.5,1405681632,71,0.519603727646713
γ=1.5,1405681632,72,0.520640934150505
γ=1.5,1405681632,73,0.5216802012183972
γ=1.5,1405681632,74,0.5228190158086892
γ=1.5,1405681632,75,0.5239235440629111
γ=1.5,1405681632,76,0.5249205731985913
γ=1.5,1405681632,77,0.5258786214205575
γ=1.5,1405681632,78,0.5268417041777801
γ=1.5,1405681632,79,0.5278255712993734
γ=1.5,1405681632,80,0.5287717236168247
γ=1.5,1405681632,81,0.5297370103991434
γ=1.5,1405681632,82,0.5306976948956795
γ=1.5,1405681632,83,0.5315264921662977
γ=1.5,1405681632,84,0.5324584917503229
γ=1.5,1405681632,85,0.5333512768720956
γ=1.5,1405681632,86,0.5342530746447001
γ=1.5,1405681632,87,0.5350304026896803
γ=1.5,1405681632,88,0.5358239328046649
γ=1.5,1405681632,89,0.5367434879853294
γ=1.5,1405681632,90,0.5375600518661555
γ=1.5,1405681632,91,0.5383891148730373
γ=1.5,1405681632,92,0.5391746029428406
γ=1.5,1405681632,93,0.5399901419398171
γ=1.5,1405681632,94,0.5407981536823642
γ=1.5,1405681632,95,0.5416412957505005
γ=1.5,1405681632,96,0.5423973462905438
γ=1.5,1405681632,97,0.5431815172148763
γ=1.5,1405681632,98,0.5440057981046503
γ=1.5,1405681632,99,0.5447451595969772
γ=1.5,1405681632,100,0.5454852657207624
γ=1.5,1405681632,101,0.5462414724387391
γ=1.5,1405681632,102,0.5469783245344145
γ=1.5,1405681632,103,0.5477509978945789
γ=1.5,1405681632,104,0.5484995285547296
γ=1.5,1405681632,105,0.5493549380124815
γ=1.5,1405681632,106,0.5501102516620914
γ=1.5,1405681632,107,0.5508855789472857
γ=1.5,1405681632,108,0.5516442162084845
γ=1.5,1405681632,109,0.5524097299620503
γ=1.5,1405681632,110,0.553070881767045
γ=1.5,1405681632,111,0.5538139096194675
γ=1.5,1405681632,112,0.5546088849442893
γ=1.5,1405681632,113,0.555368615164238
γ=1.5,1405681632,114,0.55603953002311
γ=1.5,1405681632,115,0.5568122999200593
γ=1.5,1405681632,116,0.5575525665930363
γ=1.5,1405681632,117,0.5582622398171051
γ=1.5,1405681632,118,0.5590513113501406
γ=1.5,1405681632,119,0.5597752659959122
γ=1.5,1405681632,120,0.5605018470321552
γ=1.5,1405681632,121,0.5611768689405098
γ=1.5,1405681632,122,0.5617957501744495
γ=1.5,1405681632,123,0.5625410821314997
γ=1.5,1405681632,124,0.5631738485162806
γ=1.5,1405681632,125,0.5638072370078078
γ=1.5,1405681632,126,0.5644958708303516
γ=1.5,1405681632,127,0.5650807795612737
γ=1.5,1405681632,128,0.5657273869742255
γ=1.5,1405681632,129,0.5663184119428396
γ=1.5,1405681632,130,0.5669658944866737
γ=1.5,1405681632,131,0.5675698453094549
γ=1.5,1405681632,132,0.5681923126826997
γ=1.5,1405681632,133,0.5687883759436371
γ=1.5,1405681632,134,0.5694598120137286
γ=1.5,1405681632,135,0.5700301930677214
γ=1.5,1405681632,136,0.5706486712727236
γ=1.5,1405681632,137,0.5712360591663107
γ=1.5,1405681632,138,0.5718350106283439
γ=1.5,1405681632,139,0.5723806480799745
γ=1.5,1405681632,140,0.5729385801839836
γ=1.5,1405681632,141,0.5734507883826322
γ=1.5,1405681632,142,0.5739622860156489
γ=1.5,1405681632,143,0.574467216940561
γ=1.5,1405681632,144,0.5750106111064469
γ=1.5,1405681632,145,0.5755282714616161
γ=1.5,1405681632,146,0.5760066382749686
γ=1.5,1405681632,147,0.5765056253380372
γ=1.5,1405681632,148,0.5769947493459373
γ=1.5,1405681632,149,0.5774578684527698
γ=1.5,1405681632,150,0.57796686536255
γ=1.5,1405681632,151,0.5785333385968005
γ=1.5,1405681632,152,0.5789932128196404
γ=1.5,1405681632,153,0.5794789020749207
γ=1.5,1405681632,154,0.5799201218561473
γ=1.5,1405681632,155,0.5803618774729783
γ=1.5,1405681632,156,0.5808396784700202
γ=1.5,1405681632,157,0.5812822488659254
γ=1.5,1405681632,158,0.5817439256766164
γ=1.5,1405681632,159,0.5822206522272896
γ=1.5,1405681632,160,0.5826822370078079
γ=1.5,1405681632,161,0.583175633359424
γ=1.5,1405681632,162,0.5836372851736802
γ=1.5,1405681632,163,0.5840628835643497
γ=1.5,1405681632,164,0.5845288532223749
γ=1.5,1405681632,165,0.5850044394918881
γ=1.5,1405681632,166,0.58547682460174
γ=1.5,1405681632,167,0.5859375196379133
γ=1.5,1405681632,168,0.5863759889817736
γ=1.5,1405681632,169,0.5868276502402682
γ=1.5,1405681632,170,0.587265602236193
γ=1.5,1405681632,171,0.5877404099900775
γ=1.5,1405681632,172,0.5881633256731612
γ=1.5,1405681632,173,0.5885905727595271
γ=1.5,1405681632,174,0.5890102551780109
γ=1.5,1405681632,175,0.5894035525384699
γ=1.5,1405681632,176,0.5898491463200555
γ=1.5,1405681632,177,0.5902602968248027
γ=1.5,1405681632,178,0.5907031457089518
γ=1.5,1405681632,179,0.5911098562007139
γ=1.5,1405681632,180,0.5915363016446049
γ=1.5,1405681632,181,0.591899126625604
γ=1.5,1405681632,182,0.5922837971364543
γ=1.5,1405681632,183,0.5926784856538453
γ=1.5,1405681632,184,0.5930376287173348
γ=1.5,1405681632,185,0.593354087863365
γ=1.5,1405681632,186,0.5937246947115841
γ=1.5,1405681632,187,0.5940700121264799
γ=1.5,1405681632,188,0.5944377805604332
γ=1.5,1405681632,189,0.5947929951372147
γ=1.5,1405681632,190,0.5951221559902611
γ=1.5,1405681632,191,0.5954645734221654
γ=1.5,1405681632,192,0.5957957717655948
γ=1.5,1405681632,193,0.5961276705514083
γ=1.5,1405681632,194,0.596495961889166
γ=1.5,1405681632,195,0.5968477748429053
γ=1.5,1405681632,196,0.5972103474921998
γ=1.5,1405681632,197,0.5975611419210243
γ=1.5,1405681632,198,0.5979649996735044
γ=1.5,1405681632,199,0.5983076325291979
γ=1.5,1405681632,200,0.5986711862983797
FixedSigmaNN,1405681632,1,0.06464612543027454
FixedSigmaNN,1405681632,2,0.10729577701284528
FixedSigmaNN,1405681632,3,0.13830352895082976
FixedSigmaNN,1405681632,4,0.16537234489127697
FixedSigmaNN,1405681632,5,0.18766686256401646
FixedSigmaNN,1405681632,6,0.20771415778132257
FixedSigmaNN,1405681632,7,0.22604555213068345
FixedSigmaNN,1405681632,8,0.24216060784149107
FixedSigmaNN,1405681632,9,0.2577449416505751
FixedSigmaNN,1405681632,10,0.2721643858618084
FixedSigmaNN,1405681632,11,0.28574808618465736
FixedSigmaNN,1405681632,12,0.29770800100747213
FixedSigmaNN,1405681632,13,0.3093681987561595
FixedSigmaNN,1405681632,14,0.3202741763316022
FixedSigmaNN,1405681632,15,0.33027173760949263
FixedSigmaNN,1405681632,16,0.3403235454621778
FixedSigmaNN,1405681632,17,0.34918291050783506
FixedSigmaNN,1405681632,18,0.3579394397335796
FixedSigmaNN,1405681632,19,0.3663066868750248
FixedSigmaNN,1405681632,20,0.3746159012677357
FixedSigmaNN,1405681632,21,0.38248957546245765
FixedSigmaNN,1405681632,22,0.39019317513986307
FixedSigmaNN,1405681632,23,0.39713929031622214
FixedSigmaNN,1405681632,24,0.404019044020933
FixedSigmaNN,1405681632,25,0.4107598018638234
FixedSigmaNN,1405681632,26,0.4169432909463134
FixedSigmaNN,1405681632,27,0.4232953043716204
FixedSigmaNN,1405681632,28,0.4292910514890197
FixedSigmaNN,1405681632,29,0.4349109342566564
FixedSigmaNN,1405681632,30,0.4403478577225534
FixedSigmaNN,1405681632,31,0.4457630653150652
FixedSigmaNN,1405681632,32,0.45089360675006296
FixedSigmaNN,1405681632,33,0.4559014712654205
FixedSigmaNN,1405681632,34,0.4607073540523589
FixedSigmaNN,1405681632,35,0.46539693200762805
FixedSigmaNN,1405681632,36,0.4699997201466431
FixedSigmaNN,1405681632,37,0.47440362871476965
FixedSigmaNN,1405681632,38,0.478728199055274
FixedSigmaNN,1405681632,39,0.4827954767086662
FixedSigmaNN,1405681632,40,0.4867685332885568
FixedSigmaNN,1405681632,41,0.4906245712612445
FixedSigmaNN,1405681632,42,0.4944359155802359
FixedSigmaNN,1405681632,43,0.4980592495113955
FixedSigmaNN,1405681632,44,0.5017869272864656
FixedSigmaNN,1405681632,45,0.5053358706704353
FixedSigmaNN,1405681632,46,0.5087825283899063
FixedSigmaNN,1405681632,47,0.5121021691016886
FixedSigmaNN,1405681632,48,0.5153604511236112
FixedSigmaNN,1405681632,49,0.518618529604773
FixedSigmaNN,1405681632,50,0.5218428343547981
FixedSigmaNN,1405681632,51,0.5250855610483637
FixedSigmaNN,1405681632,52,0.5281301059783136
FixedSigmaNN,1405681632,53,0.5309813506779052
FixedSigmaNN,1405681632,54,0.5336889025706086
FixedSigmaNN,1405681632,55,0.5364140099678677
FixedSigmaNN,1405681632,56,0.539080771675642
FixedSigmaNN,1405681632,57,0.541724662592591
FixedSigmaNN,1405681632,58,0.5443671309337356
FixedSigmaNN,1405681632,59,0.5469954421849053
FixedSigmaNN,1405681632,60,0.5494507877871995
FixedSigmaNN,1405681632,61,0.5518758662264253
FixedSigmaNN,1405681632,62,0.5543175053691222
FixedSigmaNN,1405681632,63,0.5566589773625287
FixedSigmaNN,1405681632,64,0.5588957948534967
FixedSigmaNN,1405681632,65,0.5610883281775734
FixedSigmaNN,1405681632,66,0.5632417704032178
FixedSigmaNN,1405681632,67,0.565460624006155
FixedSigmaNN,1405681632,68,0.5674654422259207
FixedSigmaNN,1405681632,69,0.5695411256675416
FixedSigmaNN,1405681632,70,0.5715742950693837
FixedSigmaNN,1405681632,71,0.573506440371724
FixedSigmaNN,1405681632,72,0.5754257269190944
FixedSigmaNN,1405681632,73,0.5772044489783245
FixedSigmaNN,1405681632,74,0.5789697009577792
FixedSigmaNN,1405681632,75,0.5806403044804522
FixedSigmaNN,1405681632,76,0.5823779655250123
FixedSigmaNN,1405681632,77,0.583964729754336
FixedSigmaNN,1405681632,78,0.5855872292149684
FixedSigmaNN,1405681632,79,0.5872318854287442
FixedSigmaNN,1405681632,80,0.5888485433632776
FixedSigmaNN,1405681632,81,0.5904900646875852
FixedSigmaNN,1405681632,82,0.5920403562191948
FixedSigmaNN,1405681632,83,0.5935077730112794
FixedSigmaNN,1405681632,84,0.5950666850570302
FixedSigmaNN,1405681632,85,0.5965612607229106
FixedSigmaNN,1405681632,86,0.5979351703428334
FixedSigmaNN,1405681632,87,0.599380752072121
FixedSigmaNN,1405681632,88,0.6007286045748391
FixedSigmaNN,1405681632,89,0.6020758830238124
FixedSigmaNN,1405681632,90,0.6034034832414481
FixedSigmaNN,1405681632,91,0.6046096460839134
FixedSigmaNN,1405681632,92,0.6058434293473698
FixedSigmaNN,1405681632,93,0.6069297107670419
FixedSigmaNN,1405681632,94,0.6080393235646648
FixedSigmaNN,1405681632,95,0.6091476697789305
FixedSigmaNN,1405681632,96,0.6101926965270198
FixedSigmaNN,1405681632,97,0.6112668095938346
FixedSigmaNN,1405681632,98,0.6123241421495137
FixedSigmaNN,1405681632,99,0.6133893718479395
FixedSigmaNN,1405681632,100,0.6144677189152885
FixedSigmaNN,1405681632,101,0.6155230500801738
FixedSigmaNN,1405681632,102,0.6165157104735941
FixedSigmaNN,1405681632,103,0.6174727937706272
FixedSigmaNN,1405681632,104,0.6184687877398397
FixedSigmaNN,1405681632,105,0.6194841902842909
FixedSigmaNN,1405681632,106,0.6205045914431403
FixedSigmaNN,1405681632,107,0.6214906192893241
FixedSigmaNN,1405681632,108,0.6224692705466779
FixedSigmaNN,1405681632,109,0.6234465250300586
FixedSigmaNN,1405681632,110,0.6244033399226078
FixedSigmaNN,1405681632,111,0.6252907260379346
FixedSigmaNN,1405681632,112,0.6262612141237991
FixedSigmaNN,1405681632,113,0.6271431999720642
FixedSigmaNN,1405681632,114,0.6280859356013239
FixedSigmaNN,1405681632,115,0.6289531415972813
FixedSigmaNN,1405681632,116,0.6297626940035145
FixedSigmaNN,1405681632,117,0.6305763472248235
FixedSigmaNN,1405681632,118,0.6314459358889163
FixedSigmaNN,1405681632,119,0.6323467679406579
FixedSigmaNN,1405681632,120,0.6332304872246943
FixedSigmaNN,1405681632,121,0.6341356798459095
FixedSigmaNN,1405681632,122,0.6349623780745447
FixedSigmaNN,1405681632,123,0.6357613001031363
FixedSigmaNN,1405681632,124,0.6365855904409315
FixedSigmaNN,1405681632,125,0.6374296028880866
FixedSigmaNN,1405681632,126,0.6382605514710292
FixedSigmaNN,1405681632,127,0.6390856860296544
FixedSigmaNN,1405681632,128,0.6399428574427001
FixedSigmaNN,1405681632,129,0.6406084142142076
FixedSigmaNN,1405681632,130,0.6413215321325472
FixedSigmaNN,1405681632,131,0.6419971660040978
FixedSigmaNN,1405681632,132,0.6427802286147514
FixedSigmaNN,1405681632,133,0.6434738723224819
FixedSigmaNN,1405681632,134,0.6441991411425786
FixedSigmaNN,1405681632,135,0.644862980687009
FixedSigmaNN,1405681632,136,0.6455704563749772
FixedSigmaNN,1405681632,137,0.646210305507943
FixedSigmaNN,1405681632,138,0.6468369270154612
FixedSigmaNN,1405681632,139,0.6474524183860032
FixedSigmaNN,1405681632,140,0.6480810055530902
FixedSigmaNN,1405681632,141,0.648748608920415
FixedSigmaNN,1405681632,142,0.6493201928386708
FixedSigmaNN,1405681632,143,0.6498934698078346
FixedSigmaNN,1405681632,144,0.6504835632795083
FixedSigmaNN,1405681632,145,0.6510663860413005
FixedSigmaNN,1405681632,146,0.6516484129439462
FixedSigmaNN,1405681632,147,0.6521988192472858
FixedSigmaNN,1405681632,148,0.6527256204235468
FixedSigmaNN,1405681632,149,0.6532715514788372
FixedSigmaNN,1405681632,150,0.6538376290823609
FixedSigmaNN,1405681632,151,0.6544159469709395
FixedSigmaNN,1405681632,152,0.654954067226668
FixedSigmaNN,1405681632,153,0.6555252106719608
FixedSigmaNN,1405681632,154,0.6560913899298586
FixedSigmaNN,1405681632,155,0.6566554093396996
FixedSigmaNN,1405681632,156,0.6572151577188938
FixedSigmaNN,1405681632,157,0.6577822138396932
FixedSigmaNN,1405681632,158,0.6583691917587083
FixedSigmaNN,1405681632,159,0.6589255531988031
FixedSigmaNN,1405681632,160,0.6595074930736294
FixedSigmaNN,1405681632,161,0.6601001944546275
FixedSigmaNN,1405681632,162,0.6606122465901941
FixedSigmaNN,1405681632,163,0.6611957910741888
FixedSigmaNN,1405681632,164,0.6617115558276732
FixedSigmaNN,1405681632,165,0.6622798380921124
FixedSigmaNN,1405681632,166,0.662790950553958
FixedSigmaNN,1405681632,167,0.6632285760106016
FixedSigmaNN,1405681632,168,0.6637886747344391
FixedSigmaNN,1405681632,169,0.6643110962518362
FixedSigmaNN,1405681632,170,0.6648478667766325
FixedSigmaNN,1405681632,171,0.6653960342324481
FixedSigmaNN,1405681632,172,0.6659571082427227
FixedSigmaNN,1405681632,173,0.6665010193618082
FixedSigmaNN,1405681632,174,0.6670367486057995
FixedSigmaNN,1405681632,175,0.6675519627715077
FixedSigmaNN,1405681632,176,0.6680100422832981
FixedSigmaNN,1405681632,177,0.6684382807137873
FixedSigmaNN,1405681632,178,0.6688765648597887
FixedSigmaNN,1405681632,179,0.6693509919238074
FixedSigmaNN,1405681632,180,0.6697086726555286
FixedSigmaNN,1405681632,181,0.6701213094725105
FixedSigmaNN,1405681632,182,0.6705527073044495
FixedSigmaNN,1405681632,183,0.6709472760863472
FixedSigmaNN,1405681632,184,0.6713339058159611
FixedSigmaNN,1405681632,185,0.6717444923724832
FixedSigmaNN,1405681632,186,0.6721423135567285
FixedSigmaNN,1405681632,187,0.6725327372307178
FixedSigmaNN,1405681632,188,0.6728986883213621
FixedSigmaNN,1405681632,189,0.6732387784356554
FixedSigmaNN,1405681632,190,0.6735640208741146
FixedSigmaNN,1405681632,191,0.6738702532438448
FixedSigmaNN,1405681632,192,0.6741455289928078
FixedSigmaNN,1405681632,193,0.6744316548076994
FixedSigmaNN,1405681632,194,0.6747829910322867
FixedSigmaNN,1405681632,195,0.6751234045667762
FixedSigmaNN,1405681632,196,0.6755018941503224
FixedSigmaNN,1405681632,197,0.6758475614615505
FixedSigmaNN,1405681632,198,0.6762272629748073
FixedSigmaNN,1405681632,199,0.6765293177329853
FixedSigmaNN,1405681632,200,0.6768613046763496
MultiscaleMix,1405681632,1,0.38233565611619513
MultiscaleMix,1405681632,2,0.4300436571236672
MultiscaleMix,1405681632,3,0.44633811882573526
MultiscaleMix,1405681632,4,0.453267987574511
MultiscaleMix,1405681632,5,0.45629250272857025
MultiscaleMix,1405681632,6,0.4582458791593205
MultiscaleMix,1405681632,7,0.4592513522913993
MultiscaleMix,1405681632,8,0.4603412811686676
MultiscaleMix,1405681632,9,0.4603494435582421
MultiscaleMix,1405681632,10,0.4618126101922592
MultiscaleMix,1405681632,11,0.46291434197571374
MultiscaleMix,1405681632,12,0.4645845576917695
MultiscaleMix,1405681632,13,0.4663917645615237
MultiscaleMix,1405681632,14,0.46719119181548874
MultiscaleMix,1405681632,15,0.4686368342988274
MultiscaleMix,1405681632,16,0.4700591889849719
MultiscaleMix,1405681632,17,0.4712722298221614
MultiscaleMix,1405681632,18,0.4726559949253258
MultiscaleMix,1405681632,19,0.47406422192665776
MultiscaleMix,1405681632,20,0.47545336243808245
MultiscaleMix,1405681632,21,0.47706401845432994
MultiscaleMix,1405681632,22,0.4784767327375
MultiscaleMix,1405681632,23,0.4801298032874252
MultiscaleMix,1405681632,24,0.48160139087118353
MultiscaleMix,1405681632,25,0.4829300646461255
MultiscaleMix,1405681632,26,0.4846247489392482
MultiscaleMix,1405681632,27,0.48601199638056325
MultiscaleMix,1405681632,28,0.48744557851685716
MultiscaleMix,1405681632,29,0.4891986254375122
MultiscaleMix,1405681632,30,0.49063330814653117
MultiscaleMix,1405681632,31,0.49225708954314384
MultiscaleMix,1405681632,32,0.49382792166904543
MultiscaleMix,1405681632,33,0.4952768385729514
MultiscaleMix,1405681632,34,0.4967380621965855
MultiscaleMix,1405681632,35,0.49818175276155297
MultiscaleMix,1405681632,36,0.4997061539753169
MultiscaleMix,1405681632,37,0.5010176829503502
MultiscaleMix,1405681632,38,0.5023783853050475
MultiscaleMix,1405681632,39,0.5040266592613163
MultiscaleMix,1405681632,40,0.5054361514566367
MultiscaleMix,1405681632,41,0.5069959926364439
MultiscaleMix,1405681632,42,0.5083786096085652
MultiscaleMix,1405681632,43,0.5096930138839807
MultiscaleMix,1405681632,44,0.5110230421077537
MultiscaleMix,1405681632,45,0.5126092594147333
MultiscaleMix,1405681632,46,0.5141283358824323
MultiscaleMix,1405681632,47,0.5153201849890231
MultiscaleMix,1405681632,48,0.5166329093554978
MultiscaleMix,1405681632,49,0.5180505415162455
MultiscaleMix,1405681632,50,0.519378725547813
MultiscaleMix,1405681632,51,0.5206655242064923
MultiscaleMix,1405681632,52,0.5220085828871824
MultiscaleMix,1405681632,53,0.523413429476162
MultiscaleMix,1405681632,54,0.5248548649396605
MultiscaleMix,1405681632,55,0.5263118126101923
MultiscaleMix,1405681632,56,0.5277302193650527
MultiscaleMix,1405681632,57,0.5290075368927735
MultiscaleMix,1405681632,58,0.5303457539973192
MultiscaleMix,1405681632,59,0.5315539403115479
MultiscaleMix,1405681632,60,0.5328030112221197
MultiscaleMix,1405681632,61,0.5339877314123465
MultiscaleMix,1405681632,62,0.5350753302043922
MultiscaleMix,1405681632,63,0.536138396813403
MultiscaleMix,1405681632,64,0.5372863057257997
MultiscaleMix,1405681632,65,0.5383885613169469
MultiscaleMix,1405681632,66,0.5395000292573964
MultiscaleMix,1405681632,67,0.5406265624275565
MultiscaleMix,1405681632,68,0.5417526804189898
MultiscaleMix,1405681632,69,0.5429142955178443
MultiscaleMix,1405681632,70,0.544097892704223
MultiscaleMix,1405681632,71,0.5451606456808181
MultiscaleMix,1405681632,72,0.5462702543867014
MultiscaleMix,1405681632,73,0.5473874155695839
MultiscaleMix,1405681632,74,0.5484596341787175
MultiscaleMix,1405681632,75,0.5494959841043293
MultiscaleMix,1405681632,76,0.5504404376317337
MultiscaleMix,1405681632,77,0.5514944714424186
MultiscaleMix,1405681632,78,0.5524138428386601
MultiscaleMix,1405681632,79,0.5533992086880652
MultiscaleMix,1405681632,80,0.5543420997397364
MultiscaleMix,1405681632,81,0.5553451472909676
MultiscaleMix,1405681632,82,0.556305300900377
MultiscaleMix,1405681632,83,0.5571679716936758
MultiscaleMix,1405681632,84,0.5581725176007771
MultiscaleMix,1405681632,85,0.5590862623279519
MultiscaleMix,1405681632,86,0.5599421484537451
MultiscaleMix,1405681632,87,0.560828539638333
MultiscaleMix,1405681632,88,0.5616652101571503
MultiscaleMix,1405681632,89,0.5625882599315711
MultiscaleMix,1405681632,90,0.563491263911044
MultiscaleMix,1405681632,91,0.5643139917760016
MultiscaleMix,1405681632,92,0.5651494051899413
MultiscaleMix,1405681632,93,0.5660160527496495
MultiscaleMix,1405681632,94,0.566822729570556
MultiscaleMix,1405681632,95,0.5676592623360095
MultiscaleMix,1405681632,96,0.5684468838328716
MultiscaleMix,1405681632,97,0.5693052510587545
MultiscaleMix,1405681632,98,0.5701079777053967
MultiscaleMix,1405681632,99,0.5709245930889789
MultiscaleMix,1405681632,100,0.571738309126018
MultiscaleMix,1405681632,101,0.5725496275595152
MultiscaleMix,1405681632,102,0.5733536803185718
MultiscaleMix,1405681632,103,0.5741168520898933
MultiscaleMix,1405681632,104,0.574969888855163
MultiscaleMix,1405681632,105,0.5758370613798369
MultiscaleMix,1405681632,106,0.5766193608888565
MultiscaleMix,1405681632,107,0.5774647168995595
MultiscaleMix,1405681632,108,0.5782034658283504
MultiscaleMix,1405681632,109,0.5789590841554989
MultiscaleMix,1405681632,110,0.5797601147907588
MultiscaleMix,1405681632,111,0.5805682687136805
MultiscaleMix,1405681632,112,0.5813529960300803
MultiscaleMix,1405681632,113,0.5822051899671828
MultiscaleMix,1405681632,114,0.5829293871064194
MultiscaleMix,1405681632,115,0.5836851576730314
MultiscaleMix,1405681632,116,0.5844655331640703
MultiscaleMix,1405681632,117,0.5852662948204884
MultiscaleMix,1405681632,118,0.5860666468397677
MultiscaleMix,1405681632,119,0.5868327349410086
MultiscaleMix,1405681632,120,0.587656717879831
MultiscaleMix,1405681632,121,0.5884521634630396
MultiscaleMix,1405681632,122,0.5891530215216407
MultiscaleMix,1405681632,123,0.5898909459248233
MultiscaleMix,1405681632,124,0.5906261086932383
MultiscaleMix,1405681632,125,0.5913666358827974
MultiscaleMix,1405681632,126,0.5921287245483366
MultiscaleMix,1405681632,127,0.5928312147112079
MultiscaleMix,1405681632,128,0.5935194489337587
MultiscaleMix,1405681632,129,0.5942168629219683
MultiscaleMix,1405681632,130,0.5949154950498247
MultiscaleMix,1405681632,131,0.5956182014059747
MultiscaleMix,1405681632,132,0.5963318857282419
MultiscaleMix,1405681632,133,0.5970023286745114
MultiscaleMix,1405681632,134,0.5976825009366733
MultiscaleMix,1405681632,135,0.5982804565962991
MultiscaleMix,1405681632,136,0.5989128314410307
MultiscaleMix,1405681632,137,0.5994725479177377
MultiscaleMix,1405681632,138,0.6000347991565463
MultiscaleMix,1405681632,139,0.6006288244528213
MultiscaleMix,1405681632,140,0.601182280485026
MultiscaleMix,1405681632,141,0.601850247491591
MultiscaleMix,1405681632,142,0.602491660567046
MultiscaleMix,1405681632,143,0.6030225336748719
MultiscaleMix,1405681632,144,0.6035947163686228
MultiscaleMix,1405681632,145,0.6041720345435544
MultiscaleMix,1405681632,146,0.6046807774096236
MultiscaleMix,1405681632,147,0.6052063004699823
MultiscaleMix,1405681632,148,0.6057590417215972
MultiscaleMix,1405681632,149,0.6063201405953214
MultiscaleMix,1405681632,150,0.6067959589175271
MultiscaleMix,1405681632,151,0.6073713930191971
MultiscaleMix,1405681632,152,0.6079190951309935
MultiscaleMix,1405681632,153,0.6084964027869004
MultiscaleMix,1405681632,154,0.6089917973890772
MultiscaleMix,1405681632,155,0.6095235902838525
MultiscaleMix,1405681632,156,0.6100620198093122
MultiscaleMix,1405681632,157,0.6106304882228972
MultiscaleMix,1405681632,158,0.611179008022581
MultiscaleMix,1405681632,159,0.6117430692732103
MultiscaleMix,1405681632,160,0.612308737721434
MultiscaleMix,1405681632,161,0.6128645111700599
MultiscaleMix,1405681632,162,0.6133989123032864
MultiscaleMix,1405681632,163,0.6139404056568837
MultiscaleMix,1405681632,164,0.6145267440836613
MultiscaleMix,1405681632,165,0.6151019047837115
MultiscaleMix,1405681632,166,0.6156253761583148
MultiscaleMix,1405681632,167,0.616135037455942
MultiscaleMix,1405681632,168,0.6166653673475099
MultiscaleMix,1405681632,169,0.6171797339141035
MultiscaleMix,1405681632,170,0.6177685481043228
MultiscaleMix,1405681632,171,0.6183288728636019
MultiscaleMix,1405681632,172,0.6188743842412623
MultiscaleMix,1405681632,173,0.619342493435174
MultiscaleMix,1405681632,174,0.6198621577465822
MultiscaleMix,1405681632,175,0.620352135481008
MultiscaleMix,1405681632,176,0.6208563417314781
MultiscaleMix,1405681632,177,0.6213282883836666
MultiscaleMix,1405681632,178,0.6217876214885871
MultiscaleMix,1405681632,179,0.6222945880269353
MultiscaleMix,1405681632,180,0.6227544100224816
MultiscaleMix,1405681632,181,0.6231715796392304
MultiscaleMix,1405681632,182,0.6236272962198578
MultiscaleMix,1405681632,183,0.6240807849473761
MultiscaleMix,1405681632,184,0.6245323102868009
MultiscaleMix,1405681632,185,0.6249344802782801
MultiscaleMix,1405681632,186,0.625377237811258
MultiscaleMix,1405681632,187,0.6258177292638765
MultiscaleMix,1405681632,188,0.626236564805999
MultiscaleMix,1405681632,189,0.6266371976639796
MultiscaleMix,1405681632,190,0.6270082055950051
MultiscaleMix,1405681632,191,0.6273665374213023
MultiscaleMix,1405681632,192,0.627716108009403
MultiscaleMix,1405681632,193,0.6280866338991735
MultiscaleMix,1405681632,194,0.6284490123051809
MultiscaleMix,1405681632,195,0.628846207664107
MultiscaleMix,1405681632,196,0.6291881625456832
MultiscaleMix,1405681632,197,0.6295409225870213
MultiscaleMix,1405681632,198,0.6299058081444111
MultiscaleMix,1405681632,199,0.6302324315726902
MultiscaleMix,1405681632,200,0.630604273360759
Multiscale,1405681632,1,0.2564016455377382
Multiscale,1405681632,2,0.31529678448492987
Multiscale,1405681632,3,0.34799764923180254
Multiscale,1405681632,4,0.36860884896314333
Multiscale,1405681632,5,0.38178994207035516
Multiscale,1405681632,6,0.39330590770436297
Multiscale,1405681632,7,0.40162155030763874
Multiscale,1405681632,8,0.4092540508773403
Multiscale,1405681632,9,0.41581078181699455
Multiscale,1405681632,10,0.4220090672487616
Multiscale,1405681632,11,0.42794284885629014
Multiscale,1405681632,12,0.43338440657095684
Multiscale,1405681632,13,0.4387637800869268
Multiscale,1405681632,14,0.44302985235736475
Multiscale,1405681632,15,0.44740156158173117
Multiscale,1405681632,16,0.45133962303752834
Multiscale,1405681632,17,0.4554860312020031
Multiscale,1405681632,18,0.4586166848571349
Multiscale,1405681632,19,0.46219107503457657
Multiscale,1405681632,20,0.4658634875325329
Multiscale,1405681632,21,0.46919814017454853
Multiscale,1405681632,22,0.47190526709458785
Multiscale,1405681632,23,0.47487890258548
Multiscale,1405681632,24,0.4777166764615342
Multiscale,1405681632,25,0.4805289228444295
Multiscale,1405681632,26,0.48320556951234483
Multiscale,1405681632,27,0.48590938348305485
Multiscale,1405681632,28,0.48840957338354696
Multiscale,1405681632,29,0.49072286122072034
Multiscale,1405681632,30,0.4930778272185375
Multiscale,1405681632,31,0.4956302252458421
Multiscale,1405681632,32,0.49789322894803123
Multiscale,1405681632,33,0.5000368897606744
Multiscale,1405681632,34,0.5019643236355914
Multiscale,1405681632,35,0.5039999040502776
Multiscale,1405681632,36,0.5061357848487392
Multiscale,1405681632,37,0.5081346563589869
Multiscale,1405681632,38,0.5103221701302203
Multiscale,1405681632,39,0.5125481939771253
Multiscale,1405681632,40,0.514554823272605
Multiscale,1405681632,41,0.5166314802263127
Multiscale,1405681632,42,0.5185532780822849
Multiscale,1405681632,43,0.5203085676128965
Multiscale,1405681632,44,0.5220689813083399
Multiscale,1405681632,45,0.5239442532113173
Multiscale,1405681632,46,0.5258465868232872
Multiscale,1405681632,47,0.5274580800511597
Multiscale,1405681632,48,0.5290767637757815
Multiscale,1405681632,49,0.5307715899725687
Multiscale,1405681632,50,0.532460750566703
Multiscale,1405681632,51,0.5342120728738141
Multiscale,1405681632,52,0.5358726258209928
Multiscale,1405681632,53,0.5375497201730444
Multiscale,1405681632,54,0.5391662546603357
Multiscale,1405681632,55,0.5408514665587959
Multiscale,1405681632,56,0.5424180229559711
Multiscale,1405681632,57,0.5439973664326209
Multiscale,1405681632,58,0.5455360012043344
Multiscale,1405681632,59,0.5470068260502683
Multiscale,1405681632,60,0.5485342680435452
Multiscale,1405681632,61,0.5501554562458452
Multiscale,1405681632,62,0.5516566415972224
Multiscale,1405681632,63,0.5530561985519589
Multiscale,1405681632,64,0.5544238256653513
Multiscale,1405681632,65,0.5558152451192497
Multiscale,1405681632,66,0.5572357357471958
Multiscale,1405681632,67,0.5585962806235801
Multiscale,1405681632,68,0.5599402677702767
Multiscale,1405681632,69,0.5613444641964133
Multiscale,1405681632,70,0.5628290775633569
Multiscale,1405681632,71,0.5640259152091627
Multiscale,1405681632,72,0.5652868730118752
Multiscale,1405681632,73,0.5665242098072117
Multiscale,1405681632,74,0.56777972666647
Multiscale,1405681632,75,0.5689961660090113
Multiscale,1405681632,76,0.5702131819768547
Multiscale,1405681632,77,0.571374599709752
Multiscale,1405681632,78,0.5725708190446668
Multiscale,1405681632,79,0.5736878685695278
Multiscale,1405681632,80,0.5748194945848376
Multiscale,1405681632,81,0.5759889965806065
Multiscale,1405681632,82,0.5770470419841466
Multiscale,1405681632,83,0.5781104436215182
Multiscale,1405681632,84,0.5792654648963943
Multiscale,1405681632,85,0.5803202180880748
Multiscale,1405681632,86,0.5813523946010429
Multiscale,1405681632,87,0.5823627729414614
Multiscale,1405681632,88,0.5833959823234443
Multiscale,1405681632,89,0.5844097468207559
Multiscale,1405681632,90,0.5853902555061148
Multiscale,1405681632,91,0.5863136947008998
Multiscale,1405681632,92,0.58724169839352
Multiscale,1405681632,93,0.5881899175154799
Multiscale,1405681632,94,0.5891778027462545
Multiscale,1405681632,95,0.5901594722260273
Multiscale,1405681632,96,0.5910157452494893
Multiscale,1405681632,97,0.5919824609842587
Multiscale,1405681632,98,0.5929392998069012
Multiscale,1405681632,99,0.5938606957832884
Multiscale,1405681632,100,0.5947733187809588
Multiscale,1405681632,101,0.5957144199013974
Multiscale,1405681632,102,0.59657204330813
Multiscale,1405681632,103,0.5974835205769652
Multiscale,1405681632,104,0.5983669749359029
Multiscale,1405681632,105,0.5993119605326809
Multiscale,1405681632,106,0.600173377074941
Multiscale,1405681632,107,0.6011261874478707
Multiscale,1405681632,108,0.6020337565337985
Multiscale,1405681632,109,0.6028907824776881
Multiscale,1405681632,110,0.6037562680791628
Multiscale,1405681632,111,0.6046466246281542
Multiscale,1405681632,112,0.6055450693836429
Multiscale,1405681632,113,0.6064168393460941
Multiscale,1405681632,114,0.6072571130622291
Multiscale,1405681632,115,0.6081265764565453
Multiscale,1405681632,116,0.6089948005176322
Multiscale,1405681632,117,0.6097778610162121
Multiscale,1405681632,118,0.6105344867086258
Multiscale,1405681632,119,0.6113457724622885
Multiscale,1405681632,120,0.6121683737721434
Multiscale,1405681632,121,0.6129839699534634
Multiscale,1405681632,122,0.613758669145892
Multiscale,1405681632,123,0.6145767422748529
Multiscale,1405681632,124,0.6153149298154863
Multiscale,1405681632,125,0.6160513810763161
Multiscale,1405681632,126,0.6168890834536036
Multiscale,1405681632,127,0.61766236067104
Multiscale,1405681632,128,0.6184642216228696
Multiscale,1405681632,129,0.6192399833649957
Multiscale,1405681632,130,0.6200047790342476
Multiscale,1405681632,131,0.6207002187342383
Multiscale,1405681632,132,0.6214846602198629
Multiscale,1405681632,133,0.6222383681477222
Multiscale,1405681632,134,0.6229216189224308
Multiscale,1405681632,135,0.623564274542362
Multiscale,1405681632,136,0.6242175423607442
Multiscale,1405681632,137,0.6247577072533701
Multiscale,1405681632,138,0.6253600070085014
Multiscale,1405681632,139,0.6259472985795731
Multiscale,1405681632,140,0.6265169051417058
Multiscale,1405681632,141,0.6271251736430536
Multiscale,1405681632,142,0.627690287472463
Multiscale,1405681632,143,0.6282935853500877
Multiscale,1405681632,144,0.6288882125766099
Multiscale,1405681632,145,0.6294766645725917
Multiscale,1405681632,146,0.6300222655931033
Multiscale,1405681632,147,0.6305644413755763
Multiscale,1405681632,148,0.6311432539079251
Multiscale,1405681632,149,0.6317035913449809
Multiscale,1405681632,150,0.6322600957098481
Multiscale,1405681632,151,0.6328448131589643
Multiscale,1405681632,152,0.6333931151655481
Multiscale,1405681632,153,0.633952083617988
Multiscale,1405681632,154,0.6345018846488077
Multiscale,1405681632,155,0.6351017357227393
Multiscale,1405681632,156,0.6355921804666662
Multiscale,1405681632,157,0.6361672852851857
Multiscale,1405681632,158,0.636776291248702
Multiscale,1405681632,159,0.6373652281676099
Multiscale,1405681632,160,0.6379525753505163
Multiscale,1405681632,161,0.6385683467080641
Multiscale,1405681632,162,0.639176256826608
Multiscale,1405681632,163,0.6397264888413196
Multiscale,1405681632,164,0.6402510694152362
Multiscale,1405681632,165,0.6408336577088152
Multiscale,1405681632,166,0.6413975944075184
Multiscale,1405681632,167,0.6419344167847664
Multiscale,1405681632,168,0.6425333125442269
Multiscale,1405681632,169,0.643095065522944
Multiscale,1405681632,170,0.6437025586827796
Multiscale,1405681632,171,0.6442545860355139
Multiscale,1405681632,172,0.6448167904204244
Multiscale,1405681632,173,0.6453705541533231
Multiscale,1405681632,174,0.645949798167829
Multiscale,1405681632,175,0.6464658119145568
Multiscale,1405681632,176,0.6469685680158143
Multiscale,1405681632,177,0.6475118902102078
Multiscale,1405681632,178,0.648006657994357
Multiscale,1405681632,179,0.6484743223601113
Multiscale,1405681632,180,0.6489563801901137
Multiscale,1405681632,181,0.6494307921875457
Multiscale,1405681632,182,0.6499364333089461
Multiscale,1405681632,183,0.6503727784345921
Multiscale,1405681632,184,0.650832213919906
Multiscale,1405681632,185,0.6512982548495939
Multiscale,1405681632,186,0.6517369414555805
Multiscale,1405681632,187,0.652173405520534
Multiscale,1405681632,188,0.6526224194692194
Multiscale,1405681632,189,0.6530438050461559
Multiscale,1405681632,190,0.6533927064323557
Multiscale,1405681632,191,0.6537625697746945
Multiscale,1405681632,192,0.6540695488064255
Multiscale,1405681632,193,0.6544392499988037
Multiscale,1405681632,194,0.6548137950971423
Multiscale,1405681632,195,0.6552198032846174
Multiscale,1405681632,196,0.6556490827377883
Multiscale,1405681632,197,0.656036927005579
Multiscale,1405681632,198,0.6564195815937903
Multiscale,1405681632,199,0.6567926948992295
Multiscale,1405681632,200,0.6571631265217027
Uniform,1405681632,1,0.05650239274620099
Uniform,1405681632,2,0.09447149693560575
Uniform,1405681632,3,0.12499650183303948
Uniform,1405681632,4,0.15097388968180672
Uniform,1405681632,5,0.17161447401561583
Uniform,1405681632,6,0.19097892704222988
Uniform,1405681632,7,0.2084987466567518
Uniform,1405681632,8,0.22514902191251784
Uniform,1405681632,9,0.24022145728971353
Uniform,1405681632,10,0.25404667953992105
Uniform,1405681632,11,0.26702589661199344
Uniform,1405681632,12,0.2794230823048723
Uniform,1405681632,13,0.2913144281627197
Uniform,1405681632,14,0.30235256725475845
Uniform,1405681632,15,0.31283127641116054
Uniform,1405681632,16,0.32266392410376965
Uniform,1405681632,17,0.33204106930321453
Uniform,1405681632,18,0.34085905652104964
Uniform,1405681632,19,0.3494359481947249
Uniform,1405681632,20,0.3581626227856603
Uniform,1405681632,21,0.3663440357252799
Uniform,1405681632,22,0.37410033506079177
Uniform,1405681632,23,0.3811310699280534
Uniform,1405681632,24,0.38818983852461314
Uniform,1405681632,25,0.3952799932835195
Uniform,1405681632,26,0.4018699586032303
Uniform,1405681632,27,0.4086589738088353
Uniform,1405681632,28,0.41482813005984864
Uniform,1405681632,29,0.4209727895686109
Uniform,1405681632,30,0.4268659222567374
Uniform,1405681632,31,0.43253864007518117
Uniform,1405681632,32,0.4380221014188565
Uniform,1405681632,33,0.44313761407204444
Uniform,1405681632,34,0.4481929704129154
Uniform,1405681632,35,0.4531201650335224
Uniform,1405681632,36,0.4580196643625407
Uniform,1405681632,37,0.46278139444120475
Uniform,1405681632,38,0.4672737275141511
Uniform,1405681632,39,0.47188442486906096
Uniform,1405681632,40,0.4762834774578121
Uniform,1405681632,41,0.4804423457717913
Uniform,1405681632,42,0.48449812298355666
Uniform,1405681632,43,0.48837892665173677
Uniform,1405681632,44,0.4923657276314484
Uniform,1405681632,45,0.4962341066614427
Uniform,1405681632,46,0.5000684423970535
Uniform,1405681632,47,0.5037726614232866
Uniform,1405681632,48,0.5073522724092575
Uniform,1405681632,49,0.510744655514796
Uniform,1405681632,50,0.5141650575098647
Uniform,1405681632,51,0.5175797293982659
Uniform,1405681632,52,0.5208703331761849
Uniform,1405681632,53,0.5241056705154423
Uniform,1405681632,54,0.5273129102572475
Uniform,1405681632,55,0.5304126819364834
Uniform,1405681632,56,0.5332758134737398
Uniform,1405681632,57,0.5362203889372495
Uniform,1405681632,58,0.5390764549720775
Uniform,1405681632,59,0.5417617100842548
Uniform,1405681632,60,0.544467299135253
Uniform,1405681632,61,0.5469685687978189
Uniform,1405681632,62,0.5495699285832288
Uniform,1405681632,63,0.5521033645036668
Uniform,1405681632,64,0.5544638359499622
Uniform,1405681632,65,0.5567523233210413
Uniform,1405681632,66,0.558911039706103
Uniform,1405681632,67,0.5612001699169337
Uniform,1405681632,68,0.5633201143777131
Uniform,1405681632,69,0.5655398310415777
Uniform,1405681632,70,0.5677339074325054
Uniform,1405681632,71,0.5698785948838865
Uniform,1405681632,72,0.5719759512682022
Uniform,1405681632,73,0.5739238392506983
Uniform,1405681632,74,0.5758514160201677
Uniform,1405681632,75,0.5776190076399966
Uniform,1405681632,76,0.5794743028337361
Uniform,1405681632,77,0.581223075472089
Uniform,1405681632,78,0.5828726516536105
Uniform,1405681632,79,0.5845745183953988
Uniform,1405681632,80,0.5863267148014442
Uniform,1405681632,81,0.5879180050394334
Uniform,1405681632,82,0.5895595585961736
Uniform,1405681632,83,0.5912182016623289
Uniform,1405681632,84,0.5928533448473
Uniform,1405681632,85,0.594426308849457
Uniform,1405681632,86,0.5959329171979
Uniform,1405681632,87,0.5974164710105698
Uniform,1405681632,88,0.5988562902130192
Uniform,1405681632,89,0.6003236551238162
Uniform,1405681632,90,0.6017238966781406
Uniform,1405681632,91,0.6030407758642163
Uniform,1405681632,92,0.6043322212204283
Uniform,1405681632,93,0.6056062752150132
Uniform,1405681632,94,0.6068268737819681
Uniform,1405681632,95,0.6079700763115916
Uniform,1405681632,96,0.6091275046875436
Uniform,1405681632,97,0.610189662678612
Uniform,1405681632,98,0.6112781188371579
Uniform,1405681632,99,0.6123645149335688
Uniform,1405681632,100,0.6133817479640669
Uniform,1405681632,101,0.6145060186482085
Uniform,1405681632,102,0.6156135949468361
Uniform,1405681632,103,0.6166792872379533
Uniform,1405681632,104,0.6177127800417197
Uniform,1405681632,105,0.6187813585681102
Uniform,1405681632,106,0.6198598726720029
Uniform,1405681632,107,0.6208837036682497
Uniform,1405681632,108,0.621970587412196
Uniform,1405681632,109,0.6229905437807469
Uniform,1405681632,110,0.6239778356141382
Uniform,1405681632,111,0.6249972581934634
Uniform,1405681632,112,0.6259853586720558
Uniform,1405681632,113,0.6269173360238881
Uniform,1405681632,114,0.6278620529158511
Uniform,1405681632,115,0.6286983533671833
Uniform,1405681632,116,0.6296563014773362
Uniform,1405681632,117,0.630517147476261
Uniform,1405681632,118,0.6313968429695382
Uniform,1405681632,119,0.6322860938515277
Uniform,1405681632,120,0.6331479304844262
Uniform,1405681632,121,0.6340014196197556
Uniform,1405681632,122,0.6348323150800128
Uniform,1405681632,123,0.6356490174758183
Uniform,1405681632,124,0.6364305426537139
Uniform,1405681632,125,0.6372982956930568
Uniform,1405681632,126,0.6381009684258782
Uniform,1405681632,127,0.6389475222070249
Uniform,1405681632,128,0.639744773738561
Uniform,1405681632,129,0.640461653907306
Uniform,1405681632,130,0.6412378990332143
Uniform,1405681632,131,0.6419718510248721
Uniform,1405681632,132,0.6427264840496307
Uniform,1405681632,133,0.6435373127639011
Uniform,1405681632,134,0.6443369793631122
Uniform,1405681632,135,0.6449553322947664
Uniform,1405681632,136,0.6456439178811479
Uniform,1405681632,137,0.6462718936737004
Uniform,1405681632,138,0.646930008675454
Uniform,1405681632,139,0.6475997943983827
Uniform,1405681632,140,0.6482111373640213
Uniform,1405681632,141,0.6488209539903218
Uniform,1405681632,142,0.6494742107248478
Uniform,1405681632,143,0.6501086437699652
Uniform,1405681632,144,0.650721438632823
Uniform,1405681632,145,0.6514030785799276
Uniform,1405681632,146,0.6519488719417874
Uniform,1405681632,147,0.6524883818022214
Uniform,1405681632,148,0.6530257064217269
Uniform,1405681632,149,0.6536028678019697
Uniform,1405681632,150,0.6541499454285954
Uniform,1405681632,151,0.654706178995319
Uniform,1405681632,152,0.655275530358934
Uniform,1405681632,153,0.6558223490890773
Uniform,1405681632,154,0.6564601966751241
Uniform,1405681632,155,0.6570654396451099
Uniform,1405681632,156,0.6576257887021046
Uniform,1405681632,157,0.6581875555807482
Uniform,1405681632,158,0.6588328095824624
Uniform,1405681632,159,0.659321836112594
Uniform,1405681632,160,0.6598963143312905
Uniform,1405681632,161,0.6604837326110683
Uniform,1405681632,162,0.6610413550706837
Uniform,1405681632,163,0.6615939382732773
Uniform,1405681632,164,0.6621623074387071
Uniform,1405681632,165,0.6626726504402602
Uniform,1405681632,166,0.6632395588567013
Uniform,1405681632,167,0.6637519185455802
Uniform,1405681632,168,0.6643011561941542
Uniform,1405681632,169,0.6648091193114216
Uniform,1405681632,170,0.6653528374661088
Uniform,1405681632,171,0.6658882324609273
Uniform,1405681632,172,0.6663971451052673
Uniform,1405681632,173,0.6669013876035316
Uniform,1405681632,174,0.6674000754639052
Uniform,1405681632,175,0.6678815500677645
Uniform,1405681632,176,0.6683511135619481
Uniform,1405681632,177,0.6688101536489794
Uniform,1405681632,178,0.6692810158488188
Uniform,1405681632,179,0.6697491966723402
Uniform,1405681632,180,0.6701445442588083
Uniform,1405681632,181,0.6705399298944149
Uniform,1405681632,182,0.6709355836003472
Uniform,1405681632,183,0.6713693500015828
Uniform,1405681632,184,0.6717363471106358
Uniform,1405681632,185,0.6721270594748893
Uniform,1405681632,186,0.672549455053294
Uniform,1405681632,187,0.6730212085444767
Uniform,1405681632,188,0.673387910692244
Uniform,1405681632,189,0.6737065333320895
Uniform,1405681632,190,0.6740045689742784
Uniform,1405681632,191,0.6743768464277597
Uniform,1405681632,192,0.674713762488456
Uniform,1405681632,193,0.6750432721440494
Uniform,1405681632,194,0.6753808530103421
Uniform,1405681632,195,0.6757192769450346
Uniform,1405681632,196,0.6760998665270826
Uniform,1405681632,197,0.6764601846094576
Uniform,1405681632,198,0.6768333999045106
Uniform,1405681632,199,0.6771558236147575
Uniform,1405681632,200,0.6774991604399295
tt-SNE,1405681632,1,0.2616069179749811
tt-SNE,1405681632,2,0.30927294097892705
tt-SNE,1405681632,3,0.3374051996753701
tt-SNE,1405681632,4,0.3534442951893208
tt-SNE,1405681632,5,0.3663420367727311
tt-SNE,1405681632,6,0.37753617104637166
tt-SNE,1405681632,7,0.38619163558295444
tt-SNE,1405681632,8,0.3954432877172362
tt-SNE,1405681632,9,0.40292819895707976
tt-SNE,1405681632,10,0.40930652338174794
tt-SNE,1405681632,11,0.4155059112661329
tt-SNE,1405681632,12,0.42122128004925424
tt-SNE,1405681632,13,0.4268581724714712
tt-SNE,1405681632,14,0.431578852681195
tt-SNE,1405681632,15,0.43705538297931884
tt-SNE,1405681632,16,0.4416531987238687
tt-SNE,1405681632,17,0.44606814264619454
tt-SNE,1405681632,18,0.4500625005830279
tt-SNE,1405681632,19,0.45409815782845575
tt-SNE,1405681632,20,0.45827176559482835
tt-SNE,1405681632,21,0.4620518848123583
tt-SNE,1405681632,22,0.4654883568282947
tt-SNE,1405681632,23,0.46881216851065693
tt-SNE,1405681632,24,0.4721056166568718
tt-SNE,1405681632,25,0.4754646964990345
tt-SNE,1405681632,26,0.4785508547367333
tt-SNE,1405681632,27,0.4818173055096907
tt-SNE,1405681632,28,0.48467503028413117
tt-SNE,1405681632,29,0.4875745109562589
tt-SNE,1405681632,30,0.49022612151232753
tt-SNE,1405681632,31,0.49291113392066427
tt-SNE,1405681632,32,0.4955542670640584
tt-SNE,1405681632,33,0.4981020854163327
tt-SNE,1405681632,34,0.500492624217851
tt-SNE,1405681632,35,0.5026710003957925
tt-SNE,1405681632,36,0.5051189843188836
tt-SNE,1405681632,37,0.5072826163414695
tt-SNE,1405681632,38,0.5097002328674511
tt-SNE,1405681632,39,0.51219299548575
tt-SNE,1405681632,40,0.5145254386701368
tt-SNE,1405681632,41,0.516844441805177
tt-SNE,1405681632,42,0.5188301330103027
tt-SNE,1405681632,43,0.5209245704088267
tt-SNE,1405681632,44,0.5229896352493111
tt-SNE,1405681632,45,0.5251364285114599
tt-SNE,1405681632,46,0.5272811394655288
tt-SNE,1405681632,47,0.5290335949069072
tt-SNE,1405681632,48,0.5308582053004226
tt-SNE,1405681632,49,0.532753123077793
tt-SNE,1405681632,50,0.5347166484761985
tt-SNE,1405681632,51,0.5366245734294053
tt-SNE,1405681632,52,0.5383372189895571
tt-SNE,1405681632,53,0.5400177099652613
tt-SNE,1405681632,54,0.5418077594007407
tt-SNE,1405681632,55,0.543600644171545
tt-SNE,1405681632,56,0.5452905177686893
tt-SNE,1405681632,57,0.5469380360480581
tt-SNE,1405681632,58,0.5486734950885735
tt-SNE,1405681632,59,0.550265457510434
tt-SNE,1405681632,60,0.5518218453530351
tt-SNE,1405681632,61,0.5534538262606132
tt-SNE,1405681632,62,0.5549282176139702
tt-SNE,1405681632,63,0.5564297641369256
tt-SNE,1405681632,64,0.5579407952732768
tt-SNE,1405681632,65,0.5594783102884857
tt-SNE,1405681632,66,0.5609266199057148
tt-SNE,1405681632,67,0.5623404679231665
tt-SNE,1405681632,68,0.5637473022959499
tt-SNE,1405681632,69,0.5651346520510209
tt-SNE,1405681632,70,0.5666304856255322
tt-SNE,1405681632,71,0.5680433875184615
tt-SNE,1405681632,72,0.5694421123331375
tt-SNE,1405681632,73,0.5707634131222089
tt-SNE,1405681632,74,0.5720955192452128
tt-SNE,1405681632,75,0.5733473260011754
tt-SNE,1405681632,76,0.5745811037121811
tt-SNE,1405681632,77,0.575813364705985
tt-SNE,1405681632,78,0.5770554690880441
tt-SNE,1405681632,79,0.5783293604784006
tt-SNE,1405681632,80,0.5795157837293258
tt-SNE,1405681632,81,0.5806164236606683
tt-SNE,1405681632,82,0.58169994532621
tt-SNE,1405681632,83,0.5828003475576389
tt-SNE,1405681632,84,0.5839470117658346
tt-SNE,1405681632,85,0.5850020001284033
tt-SNE,1405681632,86,0.5859328781485943
tt-SNE,1405681632,87,0.5869161800595798
tt-SNE,1405681632,88,0.5879372390685463
tt-SNE,1405681632,89,0.5889400695608535
tt-SNE,1405681632,90,0.590008302316253
tt-SNE,1405681632,91,0.5909372719464231
tt-SNE,1405681632,92,0.591881636631101
tt-SNE,1405681632,93,0.5927325694239444
tt-SNE,1405681632,94,0.5936024629477133
tt-SNE,1405681632,95,0.5945097190125007
tt-SNE,1405681632,96,0.5953512859261747
tt-SNE,1405681632,97,0.5962083909268657
tt-SNE,1405681632,98,0.5970934087680912
tt-SNE,1405681632,99,0.5979554592181575
tt-SNE,1405681632,100,0.5987964906389053
tt-SNE,1405681632,101,0.5996200367245188
tt-SNE,1405681632,102,0.6004788784794415
tt-SNE,1405681632,103,0.6013051491115742
tt-SNE,1405681632,104,0.6021994859309107
tt-SNE,1405681632,105,0.603110370166033
tt-SNE,1405681632,106,0.6039807027909828
tt-SNE,1405681632,107,0.6048630143972783
tt-SNE,1405681632,108,0.6056660198944642
tt-SNE,1405681632,109,0.6064847157704042
tt-SNE,1405681632,110,0.60732974103388
tt-SNE,1405681632,111,0.6081890386734649
tt-SNE,1405681632,112,0.6090138767285942
tt-SNE,1405681632,113,0.6098686942909172
tt-SNE,1405681632,114,0.6106790568058128
tt-SNE,1405681632,115,0.6115738831113365
tt-SNE,1405681632,116,0.6124018945107246
tt-SNE,1405681632,117,0.6132620353088828
tt-SNE,1405681632,118,0.6140677539206745
tt-SNE,1405681632,119,0.614836296368938
tt-SNE,1405681632,120,0.6156221140122576
tt-SNE,1405681632,121,0.6164417778968119
tt-SNE,1405681632,122,0.6171888225651726
tt-SNE,1405681632,123,0.6179233788811735
tt-SNE,1405681632,124,0.6187151481011046
tt-SNE,1405681632,125,0.6195096969188145
tt-SNE,1405681632,126,0.6203206186624874
tt-SNE,1405681632,127,0.6210424162935473
tt-SNE,1405681632,128,0.6217319468348586
tt-SNE,1405681632,129,0.6224081836931401
tt-SNE,1405681632,130,0.6230872561239448
tt-SNE,1405681632,131,0.6237671765338474
tt-SNE,1405681632,132,0.6245452382951333
tt-SNE,1405681632,133,0.6252535250476119
tt-SNE,1405681632,134,0.6259637711033449
tt-SNE,1405681632,135,0.6265882455371163
tt-SNE,1405681632,136,0.6272294641137456
tt-SNE,1405681632,137,0.6278548872507593
tt-SNE,1405681632,138,0.6284560368627709
tt-SNE,1405681632,139,0.6290642408413962
tt-SNE,1405681632,140,0.629650563104933
tt-SNE,1405681632,141,0.6302434545574714
tt-SNE,1405681632,142,0.6307987290716002
tt-SNE,1405681632,143,0.6312860592518053
tt-SNE,1405681632,144,0.6318345436991016
tt-SNE,1405681632,145,0.6323780683749302
tt-SNE,1405681632,146,0.632892870984919
tt-SNE,1405681632,147,0.6334009550424149
tt-SNE,1405681632,148,0.6339081294374721
tt-SNE,1405681632,149,0.6344158211432779
tt-SNE,1405681632,150,0.6349122659726304
tt-SNE,1405681632,151,0.6354360513766283
tt-SNE,1405681632,152,0.6359432788797618
tt-SNE,1405681632,153,0.6364532044032456
tt-SNE,1405681632,154,0.6370167486782381
tt-SNE,1405681632,155,0.637538897359719
tt-SNE,1405681632,156,0.6380516609296728
tt-SNE,1405681632,157,0.6386193889179141
tt-SNE,1405681632,158,0.639138749523098
tt-SNE,1405681632,159,0.6396473530888682
tt-SNE,1405681632,160,0.6401923642011587
tt-SNE,1405681632,161,0.6407470311643655
tt-SNE,1405681632,162,0.6412583139768094
tt-SNE,1405681632,163,0.6417483864222019
tt-SNE,1405681632,164,0.6422752282681923
tt-SNE,1405681632,165,0.642821379778814
tt-SNE,1405681632,166,0.643382193032056
tt-SNE,1405681632,167,0.6439161807356657
tt-SNE,1405681632,168,0.6444513075148622
tt-SNE,1405681632,169,0.6449346459614925
tt-SNE,1405681632,170,0.6454873646209386
tt-SNE,1405681632,171,0.6460228173770277
tt-SNE,1405681632,172,0.6465742532308419
tt-SNE,1405681632,173,0.647065689024038
tt-SNE,1405681632,174,0.6476209569633787
tt-SNE,1405681632,175,0.6481197452534871
tt-SNE,1405681632,176,0.6486142965631464
tt-SNE,1405681632,177,0.6490904528738806
tt-SNE,1405681632,178,0.6496129062079337
tt-SNE,1405681632,179,0.6500289155744959
tt-SNE,1405681632,180,0.650416981501693
tt-SNE,1405681632,181,0.6508074851650663
tt-SNE,1405681632,182,0.6512338303959495
tt-SNE,1405681632,183,0.6516575806080892
tt-SNE,1405681632,184,0.6520577891098108
tt-SNE,1405681632,185,0.6524704622345459
tt-SNE,1405681632,186,0.6528820833367187
tt-SNE,1405681632,187,0.6532940161815102
tt-SNE,1405681632,188,0.6536872763778163
tt-SNE,1405681632,189,0.654064825586948
tt-SNE,1405681632,190,0.6543785267046384
tt-SNE,1405681632,191,0.6547216902322242
tt-SNE,1405681632,192,0.6550391969607926
tt-SNE,1405681632,193,0.6553608085528986
tt-SNE,1405681632,194,0.6556765079840431
tt-SNE,1405681632,195,0.6560180311670532
tt-SNE,1405681632,196,0.6563890521366804
tt-SNE,1405681632,197,0.6567490614613374
tt-SNE,1405681632,198,0.6571092505103083
tt-SNE,1405681632,199,0.6574278495153967
tt-SNE,1405681632,200,0.6577659306523381
γ=1.0,942484272,1,0.36206028041306354
γ=1.0,942484272,2,0.41568717991772314
γ=1.0,942484272,3,0.434682226513307
γ=1.0,942484272,4,0.44491436487280667
γ=1.0,942484272,5,0.4488456049030309
γ=1.0,942484272,6,0.45201214563568687
γ=1.0,942484272,7,0.45423198244120083
γ=1.0,942484272,8,0.4573608429183108
γ=1.0,942484272,9,0.4585863674101438
γ=1.0,942484272,10,0.4601628746536815
γ=1.0,942484272,11,0.4621167599087169
γ=1.0,942484272,12,0.46430820250188903
γ=1.0,942484272,13,0.46576855266302003
γ=1.0,942484272,14,0.46726915096489435
γ=1.0,942484272,15,0.469350460358772
γ=1.0,942484272,16,0.47121620770716144
γ=1.0,942484272,17,0.47264268817257404
γ=1.0,942484272,18,0.47440274629427515
γ=1.0,942484272,19,0.47592451029344834
γ=1.0,942484272,20,0.47763411972126607
γ=1.0,942484272,21,0.4793108411192535
γ=1.0,942484272,22,0.4809572511276818
γ=1.0,942484272,23,0.48279996933780617
γ=1.0,942484272,24,0.48445239694400144
γ=1.0,942484272,25,0.4860952061119973
γ=1.0,942484272,26,0.4876826850422686
γ=1.0,942484272,27,0.4894448642244797
γ=1.0,942484272,28,0.49096123631217237
γ=1.0,942484272,29,0.4927435954594276
γ=1.0,942484272,30,0.4943245739232642
γ=1.0,942484272,31,0.4960513594102497
γ=1.0,942484272,32,0.49769120980606163
γ=1.0,942484272,33,0.4990574030117309
γ=1.0,942484272,34,0.5005790495192284
γ=1.0,942484272,35,0.5019981529678448
γ=1.0,942484272,36,0.5033407494472897
γ=1.0,942484272,37,0.504795703267704
γ=1.0,942484272,38,0.5062978052132261
γ=1.0,942484272,39,0.5077960687061518
γ=1.0,942484272,40,0.5094419024431198
γ=1.0,942484272,41,0.5109542112128368
γ=1.0,942484272,42,0.5121906121192495
γ=1.0,942484272,43,0.5136164928647157
γ=1.0,942484272,44,0.5148916967509024
γ=1.0,942484272,45,0.5164208621349079
γ=1.0,942484272,46,0.517962022682723
γ=1.0,942484272,47,0.5193393555393995
γ=1.0,942484272,48,0.520578841686956
γ=1.0,942484272,49,0.522110414142989
γ=1.0,942484272,50,0.5235001259340105
γ=1.0,942484272,51,0.5247373905485291
γ=1.0,942484272,52,0.5260747983441293
γ=1.0,942484272,53,0.5274575744951155
γ=1.0,942484272,54,0.5289858114348082
γ=1.0,942484272,55,0.530259271414506
γ=1.0,942484272,56,0.5316948918766566
γ=1.0,942484272,57,0.5329593608738495
γ=1.0,942484272,58,0.5342772111551478
γ=1.0,942484272,59,0.5355432736297028
γ=1.0,942484272,60,0.5368189068927882
γ=1.0,942484272,61,0.5380011038150435
γ=1.0,942484272,62,0.5391912057436742
γ=1.0,942484272,63,0.5403535214214418
γ=1.0,942484272,64,0.5415792124926538
γ=1.0,942484272,65,0.5427155247573349
γ=1.0,942484272,66,0.5437162744903489
γ=1.0,942484272,67,0.5447936624492349
γ=1.0,942484272,68,0.5459344303584921
γ=1.0,942484272,69,0.5470859356653636
γ=1.0,942484272,70,0.5482723053120164
γ=1.0,942484272,71,0.5493572635544609
γ=1.0,942484272,72,0.5504744680454109
γ=1.0,942484272,73,0.5514845837219653
γ=1.0,942484272,74,0.5524639953529216
γ=1.0,942484272,75,0.5534743794251812
γ=1.0,942484272,76,0.5543797418573719
γ=1.0,942484272,77,0.5553324603362383
γ=1.0,942484272,78,0.5563151062689305
γ=1.0,942484272,79,0.5573605506663876
γ=1.0,942484272,80,0.5583315842498531
γ=1.0,942484272,81,0.5592408096675859
γ=1.0,942484272,82,0.5601355377587023
γ=1.0,942484272,83,0.5610142694866445
γ=1.0,942484272,84,0.5619405431553866
γ=1.0,942484272,85,0.5628316879602148
γ=1.0,942484272,86,0.5636684284411713
γ=1.0,942484272,87,0.5645356316049011
γ=1.0,942484272,88,0.5653697689683334
γ=1.0,942484272,89,0.5662516661494096
γ=1.0,942484272,90,0.5671288911277158
γ=1.0,942484272,91,0.5679194871118304
γ=1.0,942484272,92,0.5687216420334875
γ=1.0,942484272,93,0.5695074490644321
γ=1.0,942484272,94,0.5703904132957734
γ=1.0,942484272,95,0.5712097176868794
γ=1.0,942484272,96,0.5719354308342429
γ=1.0,942484272,97,0.5727703837828153
γ=1.0,942484272,98,0.5735865834873954
γ=1.0,942484272,99,0.5743727256614504
γ=1.0,942484272,100,0.5751548988330115
γ=1.0,942484272,101,0.5759934863438488
γ=1.0,942484272,102,0.5767287941118853
γ=1.0,942484272,103,0.5774918020627094
γ=1.0,942484272,104,0.5782829220565346
γ=1.0,942484272,105,0.5791129448169159
γ=1.0,942484272,106,0.5798738442188368
γ=1.0,942484272,107,0.5806377831847886
γ=1.0,942484272,108,0.5814252775989825
γ=1.0,942484272,109,0.5821605808831402
γ=1.0,942484272,110,0.5829000694545149
γ=1.0,942484272,111,0.5836844736601264
γ=1.0,942484272,112,0.5845204612782902
γ=1.0,942484272,113,0.5853312510262322
γ=1.0,942484272,114,0.5860604306501288
γ=1.0,942484272,115,0.5868561395567853
γ=1.0,942484272,116,0.5876489857245838
γ=1.0,942484272,117,0.5883683616451645
γ=1.0,942484272,118,0.5890673626003025
γ=1.0,942484272,119,0.5898241086376621
γ=1.0,942484272,120,0.5905916799597012
γ=1.0,942484272,121,0.5913829913455927
γ=1.0,942484272,122,0.5920532886669024
γ=1.0,942484272,123,0.592770363939052
γ=1.0,942484272,124,0.5934677487061296
γ=1.0,942484272,125,0.5941848711275292
γ=1.0,942484272,126,0.5949225938941329
γ=1.0,942484272,127,0.5955987881247864
γ=1.0,942484272,128,0.5962877014944169
γ=1.0,942484272,129,0.5969177732263643
γ=1.0,942484272,130,0.5975714110421523
γ=1.0,942484272,131,0.5982208376245961
γ=1.0,942484272,132,0.5989609172066563
γ=1.0,942484272,133,0.5996409460390124
γ=1.0,942484272,134,0.6002920290663215
γ=1.0,942484272,135,0.6008541746347136
γ=1.0,942484272,136,0.6014639211406164
γ=1.0,942484272,137,0.6020019524367771
γ=1.0,942484272,138,0.6025848107765444
γ=1.0,942484272,139,0.603216964670225
γ=1.0,942484272,140,0.6037624284874725
γ=1.0,942484272,141,0.6043296291466675
γ=1.0,942484272,142,0.6049252022925903
γ=1.0,942484272,143,0.6055329944172191
γ=1.0,942484272,144,0.6061037766210506
γ=1.0,942484272,145,0.6066947678037398
γ=1.0,942484272,146,0.6072204466229558
γ=1.0,942484272,147,0.607759248439532
γ=1.0,942484272,148,0.6082893509746838
γ=1.0,942484272,149,0.6088261428863625
γ=1.0,942484272,150,0.6093538185990541
γ=1.0,942484272,151,0.6099184292331481
γ=1.0,942484272,152,0.6104493745277475
γ=1.0,942484272,153,0.6109602097912458
γ=1.0,942484272,154,0.6114507816086189
γ=1.0,942484272,155,0.6119556062300774
γ=1.0,942484272,156,0.6124690277679111
γ=1.0,942484272,157,0.6130130741427797
γ=1.0,942484272,158,0.6135170234088476
γ=1.0,942484272,159,0.6140758846138209
γ=1.0,942484272,160,0.6146558328435899
γ=1.0,942484272,161,0.615177994556939
γ=1.0,942484272,162,0.6156652062467416
γ=1.0,942484272,163,0.6161675576476454
γ=1.0,942484272,164,0.6167103681573295
γ=1.0,942484272,165,0.6172763653663662
γ=1.0,942484272,166,0.6178170831255507
γ=1.0,942484272,167,0.6183287023467967
γ=1.0,942484272,168,0.6188529710431734
γ=1.0,942484272,169,0.6193216056561509
γ=1.0,942484272,170,0.6198676952100629
γ=1.0,942484272,171,0.620413289401266
γ=1.0,942484272,172,0.6209720641267695
γ=1.0,942484272,173,0.6214379965476124
γ=1.0,942484272,174,0.6219827706833343
γ=1.0,942484272,175,0.6224193722489415
γ=1.0,942484272,176,0.6229335373718717
γ=1.0,942484272,177,0.6233965944218111
γ=1.0,942484272,178,0.6238509111113417
γ=1.0,942484272,179,0.6243010896926882
γ=1.0,942484272,180,0.6247112846201923
γ=1.0,942484272,181,0.6250942185852625
γ=1.0,942484272,182,0.6255409857542341
γ=1.0,942484272,183,0.6259645191821126
γ=1.0,942484272,184,0.6263645132559235
γ=1.0,942484272,185,0.626768351762055
γ=1.0,942484272,186,0.6271759726935344
γ=1.0,942484272,187,0.6275868664071365
γ=1.0,942484272,188,0.6280175039343214
γ=1.0,942484272,189,0.6284253717718582
γ=1.0,942484272,190,0.6287657583215868
γ=1.0,942484272,191,0.6291364267532191
γ=1.0,942484272,192,0.6294546969887779
γ=1.0,942484272,193,0.6298131696089695
γ=1.0,942484272,194,0.6301659992019851
γ=1.0,942484272,195,0.6305533131408373
γ=1.0,942484272,196,0.6308803472694594
γ=1.0,942484272,197,0.6312558412285363
γ=1.0,942484272,198,0.6316254222181517
γ=1.0,942484272,199,0.6319685067938973
γ=1.0,942484272,200,0.6323255813953489
γ=0.7,942484272,1,0.2269330870623793
γ=0.7,942484272,2,0.29298547561078
γ=0.7,942484272,3,0.33232586124870567
γ=0.7,942484272,4,0.35686550247670223
γ=0.7,942484272,5,0.37351187977499795
γ=0.7,942484272,6,0.38756891388912207
γ=0.7,942484272,7,0.3978855079938112
γ=0.7,942484272,8,0.40813638653345646
γ=0.7,942484272,9,0.41674362633979795
γ=0.7,942484272,10,0.42376794559650743
γ=0.7,942484272,11,0.4302363743216736
γ=0.7,942484272,12,0.43651176783365514
γ=0.7,942484272,13,0.4423383685410384
γ=0.7,942484272,14,0.4472096621370402
γ=0.7,942484272,15,0.45209470237595495
γ=0.7,942484272,16,0.4568544832507766
γ=0.7,942484272,17,0.46090860153985197
γ=0.7,942484272,18,0.4649087211634437
γ=0.7,942484272,19,0.46844358819136667
γ=0.7,942484272,20,0.47167114432037616
γ=0.7,942484272,21,0.47523297791957014
γ=0.7,942484272,22,0.47834125827157475
γ=0.7,942484272,23,0.48157348158260727
γ=0.7,942484272,24,0.48439817535611335
γ=0.7,942484272,25,0.4874972714297709
γ=0.7,942484272,26,0.48996887169584674
γ=0.7,942484272,27,0.49261653560201113
γ=0.7,942484272,28,0.4951260539477314
γ=0.7,942484272,29,0.4974914524099716
γ=0.7,942484272,30,0.499679567906417
γ=0.7,942484272,31,0.5020460891396135
γ=0.7,942484272,32,0.5043434115523465
γ=0.7,942484272,33,0.5066681422570937
γ=0.7,942484272,34,0.5087227822033019
γ=0.7,942484272,35,0.5105784568885904
γ=0.7,942484272,36,0.5125432606647451
γ=0.7,942484272,37,0.5144767385133433
γ=0.7,942484272,38,0.5167138735092285
γ=0.7,942484272,39,0.5187103496229515
γ=0.7,942484272,40,0.5206941062883048
γ=0.7,942484272,41,0.5226834797102904
γ=0.7,942484272,42,0.5244232022420251
γ=0.7,942484272,43,0.5261415576377513
γ=0.7,942484272,44,0.5279001076163363
γ=0.7,942484272,45,0.5296700528922844
γ=0.7,942484272,46,0.5314524754246166
γ=0.7,942484272,47,0.533046513414205
γ=0.7,942484272,48,0.5346117384490527
γ=0.7,942484272,49,0.5361559114452599
γ=0.7,942484272,50,0.5378608009403073
γ=0.7,942484272,51,0.5394082912318652
γ=0.7,942484272,52,0.5410149312529465
γ=0.7,942484272,53,0.5425546070462851
γ=0.7,942484272,54,0.5441437575599275
γ=0.7,942484272,55,0.5457903694827546
γ=0.7,942484272,56,0.5473541864063232
γ=0.7,942484272,57,0.5487254152508296
γ=0.7,942484272,58,0.5501738468352928
γ=0.7,942484272,59,0.5515781594851078
γ=0.7,942484272,60,0.5529517532812807
γ=0.7,942484272,61,0.5544048688978779
γ=0.7,942484272,62,0.5557962143965595
γ=0.7,942484272,63,0.5571160711787023
γ=0.7,942484272,64,0.5584458431282008
γ=0.7,942484272,65,0.559681096336289
γ=0.7,942484272,66,0.5608604727486434
γ=0.7,942484272,67,0.5620647914820992
γ=0.7,942484272,68,0.5632336890763358
γ=0.7,942484272,69,0.5645420929867533
γ=0.7,942484272,70,0.565910862707941
γ=0.7,942484272,71,0.5671447034993101
γ=0.7,942484272,72,0.5683769204936613
γ=0.7,942484272,73,0.5694845216175217
γ=0.7,942484272,74,0.5707068415069423
γ=0.7,942484272,75,0.571791901043853
γ=0.7,942484272,76,0.5728959078074668
γ=0.7,942484272,77,0.5739058188054914
γ=0.7,942484272,78,0.57498670696555
γ=0.7,942484272,79,0.5760774265677191
γ=0.7,942484272,80,0.577101523801528
γ=0.7,942484272,81,0.5780982616960565
γ=0.7,942484272,82,0.5790993568150777
γ=0.7,942484272,83,0.5800646967013381
γ=0.7,942484272,84,0.5811289884100731
γ=0.7,942484272,85,0.5821702133964155
γ=0.7,942484272,86,0.5830388364868901
γ=0.7,942484272,87,0.583966622179633
γ=0.7,942484272,88,0.5849205470878713
γ=0.7,942484272,89,0.5859214266106583
γ=0.7,942484272,90,0.5868669483857125
γ=0.7,942484272,91,0.58779076686893
γ=0.7,942484272,92,0.5886721444919385
γ=0.7,942484272,93,0.5895982118273251
γ=0.7,942484272,94,0.5905251180296418
γ=0.7,942484272,95,0.5914227891953038
γ=0.7,942484272,96,0.5922042474743234
γ=0.7,942484272,97,0.5930003193790371
γ=0.7,942484272,98,0.5938619591905271
γ=0.7,942484272,99,0.594686687206207
γ=0.7,942484272,100,0.595473511879775
γ=0.7,942484272,101,0.5963711055011135
γ=0.7,942484272,102,0.5971622046518213
γ=0.7,942484272,103,0.5979566901118571
γ=0.7,942484272,104,0.598724998869823
γ=0.7,942484272,105,0.5995926134705414
γ=0.7,942484272,106,0.6003737626389433
γ=0.7,942484272,107,0.6012348594756908
γ=0.7,942484272,108,0.6020360886451055
γ=0.7,942484272,109,0.6028923229548817
γ=0.7,942484272,110,0.6036024759389716
γ=0.7,942484272,111,0.6043769821370358
γ=0.7,942484272,112,0.605224987106756
γ=0.7,942484272,113,0.606013033241378
γ=0.7,942484272,114,0.6067574275290275
γ=0.7,942484272,115,0.6075826875412936
γ=0.7,942484272,116,0.6083416083075917
γ=0.7,942484272,117,0.6090545477246846
γ=0.7,942484272,118,0.6098137457328293
γ=0.7,942484272,119,0.6105802912215176
γ=0.7,942484272,120,0.61132531553466
γ=0.7,942484272,121,0.6121065949872019
γ=0.7,942484272,122,0.612838593888278
γ=0.7,942484272,123,0.6135822390043227
γ=0.7,942484272,124,0.6142505843067264
γ=0.7,942484272,125,0.6149834606666106
γ=0.7,942484272,126,0.615724360435132
γ=0.7,942484272,127,0.6164562367744498
γ=0.7,942484272,128,0.6170910817731509
γ=0.7,942484272,129,0.6177593638607788
γ=0.7,942484272,130,0.6184357704255278
γ=0.7,942484272,131,0.6190486566718428
γ=0.7,942484272,132,0.619800133820787
γ=0.7,942484272,133,0.6204740295032771
γ=0.7,942484272,134,0.6211262760999803
γ=0.7,942484272,135,0.6216855256734359
γ=0.7,942484272,136,0.6223353227614613
γ=0.7,942484272,137,0.6228883072569243
γ=0.7,942484272,138,0.6234132010478683
γ=0.7,942484272,139,0.624021142417776
γ=0.7,942484272,140,0.6245631289204456
γ=0.7,942484272,141,0.6251078477431017
γ=0.7,942484272,142,0.6256375039760854
γ=0.7,942484272,143,0.6261301036298937
γ=0.7,942484272,144,0.626607699232269
γ=0.7,942484272,145,0.6271458721147359
γ=0.7,942484272,146,0.6276229064189542
γ=0.7,942484272,147,0.6281105843395204
γ=0.7,942484272,148,0.6286421590762116
γ=0.7,942484272,149,0.6291739236022874
γ=0.7,942484272,150,0.629605686620211
γ=0.7,942484272,151,0.6301067909289705
γ=0.7,942484272,152,0.6305977115359973
γ=0.7,942484272,153,0.6310671247482006
γ=0.7,942484272,154,0.6314914621102179
γ=0.7,942484272,155,0.6319436357284267
γ=0.7,942484272,156,0.6324419465738416
γ=0.7,942484272,157,0.6329226797260146
γ=0.7,942484272,158,0.6333986560662466
γ=0.7,942484272,159,0.6338887102403624
γ=0.7,942484272,160,0.6343991373520276
γ=0.7,942484272,161,0.6349225179918766
γ=0.7,942484272,162,0.6353539263944212
γ=0.7,942484272,163,0.635839531741809
γ=0.7,942484272,164,0.6363007857053635
γ=0.7,942484272,165,0.636808348788871
γ=0.7,942484272,166,0.637308279377269
γ=0.7,942484272,167,0.6377785944356773
γ=0.7,942484272,168,0.6382782921749003
γ=0.7,942484272,169,0.6387137045513595
γ=0.7,942484272,170,0.6392202956239166
γ=0.7,942484272,171,0.6396836478737773
γ=0.7,942484272,172,0.6401745601583839
γ=0.7,942484272,173,0.6406401427155061
γ=0.7,942484272,174,0.6411293240962427
γ=0.7,942484272,175,0.6415618216054787
γ=0.7,942484272,176,0.6420223189412384
γ=0.7,942484272,177,0.642447730270694
γ=0.7,942484272,178,0.6428556267976254
γ=0.7,942484272,179,0.6432664702690204
γ=0.7,942484272,180,0.6436659856901651
γ=0.7,942484272,181,0.6440464754479702
γ=0.7,942484272,182,0.6444214001094195
γ=0.7,942484272,183,0.6447858043696578
γ=0.7,942484272,184,0.6451806970538742
γ=0.7,942484272,185,0.6455831198506037
γ=0.7,942484272,186,0.6459753476275206
γ=0.7,942484272,187,0.6463238717457507
γ=0.7,942484272,188,0.6466954826309312
γ=0.7,942484272,189,0.6470702685126328
γ=0.7,942484272,190,0.6473887472438127
γ=0.7,942484272,191,0.6477214735290227
γ=0.7,942484272,192,0.6480443934878124
γ=0.7,942484272,193,0.6483635321205677
γ=0.7,942484272,194,0.6486780823755568
γ=0.7,942484272,195,0.6489696014672927
γ=0.7,942484272,196,0.6492720671510985
γ=0.7,942484272,197,0.6496066213588344
γ=0.7,942484272,198,0.6499193513508013
γ=0.7,942484272,199,0.6502236647092401
γ=0.7,942484272,200,0.6505207371337418
γ=0.0,942484272,1,0.058265468894299385
γ=0.0,942484272,2,0.09484929896734111
γ=0.0,942484272,3,0.12498250916519743
γ=0.0,942484272,4,0.15136218621442366
γ=0.0,942484272,5,0.172168583662161
γ=0.0,942484272,6,0.19200738812862062
γ=0.0,942484272,7,0.20980606162370913
γ=0.0,942484272,8,0.22684388380488624
γ=0.0,942484272,9,0.24218043078760065
γ=0.0,942484272,10,0.25575098648308286
γ=0.0,942484272,11,0.26899123041344514
γ=0.0,942484272,12,0.28146950997677217
γ=0.0,942484272,13,0.29318729293542495
γ=0.0,942484272,14,0.30436451299519046
γ=0.0,942484272,15,0.31475946603979515
γ=0.0,942484272,16,0.32472609352699183
γ=0.0,942484272,17,0.334243679841175
γ=0.0,942484272,18,0.3431305329340759
γ=0.0,942484272,19,0.351716016596777
γ=0.0,942484272,20,0.36049240198136173
γ=0.0,942484272,21,0.3685188960984444
γ=0.0,942484272,22,0.3762164080567237
γ=0.0,942484272,23,0.3834599365584608
γ=0.0,942484272,24,0.39056159572384064
γ=0.0,942484272,25,0.3975300142725213
γ=0.0,942484272,26,0.4040721892497562
γ=0.0,942484272,27,0.41064593264240656
γ=0.0,942484272,28,0.4168580663732205
γ=0.0,942484272,29,0.4228125841369468
γ=0.0,942484272,30,0.42856743066633085
γ=0.0,942484272,31,0.43423807215341736
γ=0.0,942484272,32,0.43949526698010244
γ=0.0,942484272,33,0.4447569473595836
γ=0.0,942484272,34,0.4497906038412342
γ=0.0,942484272,35,0.4547465128272785
γ=0.0,942484272,36,0.45979556712282765
γ=0.0,942484272,37,0.46442874744444723
γ=0.0,942484272,38,0.46896720855114027
γ=0.0,942484272,39,0.4735850721914025
γ=0.0,942484272,40,0.477988833851062
γ=0.0,942484272,41,0.4821767540150425
γ=0.0,942484272,42,0.4861462593600953
γ=0.0,942484272,43,0.48995944729612845
γ=0.0,942484272,44,0.4940849176849513
γ=0.0,942484272,45,0.49782274088377687
γ=0.0,942484272,46,0.5015750876975247
γ=0.0,942484272,47,0.5052776175071496
γ=0.0,942484272,48,0.5089072076232055
γ=0.0,942484272,49,0.5123098353605569
γ=0.0,942484272,50,0.5156015447905298
γ=0.0,942484272,51,0.5189238486092111
γ=0.0,942484272,52,0.5222426909837707
γ=0.0,942484272,53,0.5253729309992508
γ=0.0,942484272,54,0.5284641958724738
γ=0.0,942484272,55,0.5314171010754001
γ=0.0,942484272,56,0.5343739880302721
γ=0.0,942484272,57,0.5372241787408661
γ=0.0,942484272,58,0.5399290426988671
γ=0.0,942484272,59,0.5426354217508669
γ=0.0,942484272,60,0.5453299471077155
γ=0.0,942484272,61,0.547876945267565
γ=0.0,942484272,62,0.5504264152680769
γ=0.0,942484272,63,0.552943590891706
γ=0.0,942484272,64,0.5552614180169592
γ=0.0,942484272,65,0.5575595926196212
γ=0.0,942484272,66,0.5596730040731385
γ=0.0,942484272,67,0.562022813478573
γ=0.0,942484272,68,0.5641399200936356
γ=0.0,942484272,69,0.5663392382391627
γ=0.0,942484272,70,0.5684859133813882
γ=0.0,942484272,71,0.5705833523515368
γ=0.0,942484272,72,0.5725082556740267
γ=0.0,942484272,73,0.5744672531319616
γ=0.0,942484272,74,0.5762711960554292
γ=0.0,942484272,75,0.5780477429826771
γ=0.0,942484272,76,0.5797791957014524
γ=0.0,942484272,77,0.5815632608513139
γ=0.0,942484272,78,0.5832692899689793
γ=0.0,942484272,79,0.5849687928082647
γ=0.0,942484272,80,0.5866441734531105
γ=0.0,942484272,81,0.5883963469808486
γ=0.0,942484272,82,0.5899936725838588
γ=0.0,942484272,83,0.5916359586612759
γ=0.0,942484272,84,0.5932386429510936
γ=0.0,942484272,85,0.5948095433287075
γ=0.0,942484272,86,0.5961735585436951
γ=0.0,942484272,87,0.5976500038117957
γ=0.0,942484272,88,0.5991458430327963
γ=0.0,942484272,89,0.6005500533450809
γ=0.0,942484272,90,0.6019505778971818
γ=0.0,942484272,91,0.6032824953570483
γ=0.0,942484272,92,0.6046224169839353
γ=0.0,942484272,93,0.6058121028452059
γ=0.0,942484272,94,0.6070581993758675
γ=0.0,942484272,95,0.6081640588752547
γ=0.0,942484272,96,0.6092757395124955
γ=0.0,942484272,97,0.6104030147996264
γ=0.0,942484272,98,0.6115394104917594
γ=0.0,942484272,99,0.612596029983319
γ=0.0,942484272,100,0.6136537654269163
γ=0.0,942484272,101,0.6148056834060537
γ=0.0,942484272,102,0.615921022090307
γ=0.0,942484272,103,0.6169401214346206
γ=0.0,942484272,104,0.6179993606427155
γ=0.0,942484272,105,0.61908120145044
γ=0.0,942484272,106,0.6201232252412943
γ=0.0,942484272,107,0.6211893192266318
γ=0.0,942484272,108,0.6222768713638499
γ=0.0,942484272,109,0.6232897814756077
γ=0.0,942484272,110,0.6242213080345899
γ=0.0,942484272,111,0.6251886173807086
γ=0.0,942484272,112,0.6262121148518176
γ=0.0,942484272,113,0.6271484007866603
γ=0.0,942484272,114,0.6280778345830995
γ=0.0,942484272,115,0.6289593470412808
γ=0.0,942484272,116,0.6298166140252852
γ=0.0,942484272,117,0.6306316003234819
γ=0.0,942484272,118,0.6315284689127981
γ=0.0,942484272,119,0.6324053254917953
γ=0.0,942484272,120,0.6333599194022332
γ=0.0,942484272,121,0.6341967387601294
γ=0.0,942484272,122,0.634996098110164
γ=0.0,942484272,123,0.635755839549832
γ=0.0,942484272,124,0.6365513986799949
γ=0.0,942484272,125,0.6374215431114095
γ=0.0,942484272,126,0.6381719312413628
γ=0.0,942484272,127,0.6390301560722339
γ=0.0,942484272,128,0.6398375844807321
γ=0.0,942484272,129,0.6406045092836471
γ=0.0,942484272,130,0.6413534999967709
γ=0.0,942484272,131,0.6420859286527753
γ=0.0,942484272,132,0.6428734070619723
γ=0.0,942484272,133,0.6436471499460598
γ=0.0,942484272,134,0.6444550816566149
γ=0.0,942484272,135,0.6451173362935599
γ=0.0,942484272,136,0.645738059727291
γ=0.0,942484272,137,0.6463920059173665
γ=0.0,942484272,138,0.6470471212215234
γ=0.0,942484272,139,0.6477701224126903
γ=0.0,942484272,140,0.6484006380656535
γ=0.0,942484272,141,0.6490031563886056
γ=0.0,942484272,142,0.6496687285158351
γ=0.0,942484272,143,0.650235164885488
γ=0.0,942484272,144,0.6508552435190627
γ=0.0,942484272,145,0.6514792179932198
γ=0.0,942484272,146,0.6520569796768959
γ=0.0,942484272,147,0.6526168858946483
γ=0.0,942484272,148,0.65316128402771
γ=0.0,942484272,149,0.6537152786973183
γ=0.0,942484272,150,0.6542823160663813
γ=0.0,942484272,151,0.6548899370107547
γ=0.0,942484272,152,0.6554448232284178
γ=0.0,942484272,153,0.6559776402655205
γ=0.0,942484272,154,0.6565607803329236
γ=0.0,942484272,155,0.657142354180603
γ=0.0,942484272,156,0.6577318100699848
γ=0.0,942484272,157,0.6583233824966164
γ=0.0,942484272,158,0.6589534299217084
γ=0.0,942484272,159,0.6594628188414177
γ=0.0,942484272,160,0.6600204118042146
γ=0.0,942484272,161,0.6605838540604724
γ=0.0,942484272,162,0.6611470774499347
γ=0.0,942484272,163,0.6616930887724035
γ=0.0,942484272,164,0.6622012138809996
γ=0.0,942484272,165,0.6628148668279639
γ=0.0,942484272,166,0.6634180918114571
γ=0.0,942484272,167,0.6639122896009677
γ=0.0,942484272,168,0.6644550755404168
γ=0.0,942484272,169,0.6649084755327853
γ=0.0,942484272,170,0.665428891731321
γ=0.0,942484272,171,0.6659739068657848
γ=0.0,942484272,172,0.6665340617330473
γ=0.0,942484272,173,0.6670484319395827
γ=0.0,942484272,174,0.6675940427905432
γ=0.0,942484272,175,0.6680940787027597
γ=0.0,942484272,176,0.668552178658383
γ=0.0,942484272,177,0.669063207489445
γ=0.0,942484272,178,0.6695354780162611
γ=0.0,942484272,179,0.6699164051444865
γ=0.0,942484272,180,0.6703521021651322
γ=0.0,942484272,181,0.6707212934234617
γ=0.0,942484272,182,0.6711394767603315
γ=0.0,942484272,183,0.6715384089556744
γ=0.0,942484272,184,0.6719124722123868
γ=0.0,942484272,185,0.6722811300932365
γ=0.0,942484272,186,0.6727029230231746
γ=0.0,942484272,187,0.6731172865418521
γ=0.0,942484272,188,0.6734660612307236
γ=0.0,942484272,189,0.6738073693828878
γ=0.0,942484272,190,0.674102885877274
γ=0.0,942484272,191,0.6744748683626952
γ=0.0,942484272,192,0.6748232988414071
γ=0.0,942484272,193,0.6751509359354766
γ=0.0,942484272,194,0.6754832014416199
γ=0.0,942484272,195,0.6758353084522172
γ=0.0,942484272,196,0.6762298698339213
γ=0.0,942484272,197,0.6766236218110034
γ=0.0,942484272,198,0.676974810653763
γ=0.0,942484272,199,0.677284288962232
γ=0.0,942484272,200,0.6776087230291327
γ=1.5,942484272,1,0.49899252791537235
γ=1.5,942484272,2,0.5073671396188397
γ=1.5,942484272,3,0.5035541376318808
γ=1.5,942484272,4,0.49197170682562336
γ=1.5,942484272,5,0.48300730417261356
γ=1.5,942484272,6,0.47638737301653933
γ=1.5,942484272,7,0.47139498902575044
γ=1.5,942484272,8,0.4680862228192427
γ=1.5,942484272,9,0.4642394052183322
γ=1.5,942484272,10,0.4615523465703971
γ=1.5,942484272,11,0.4597659917112523
γ=1.5,942484272,12,0.4587356225337923
γ=1.5,942484272,13,0.4580123092422648
γ=1.5,942484272,14,0.4574972714297708
γ=1.5,942484272,15,0.4574399014916184
γ=1.5,942484272,16,0.45761795818990847
γ=1.5,942484272,17,0.4573231861798535
γ=1.5,942484272,18,0.4578587486823572
γ=1.5,942484272,19,0.45818769911934565
γ=1.5,942484272,20,0.45882377634119725
γ=1.5,942484272,21,0.45968712394705175
γ=1.5,942484272,22,0.46043954785874014
γ=1.5,942484272,23,0.4612835048347709
γ=1.5,942484272,24,0.46212359723504887
γ=1.5,942484272,25,0.4630492821761398
γ=1.5,942484272,26,0.46405229813423926
γ=1.5,942484272,27,0.4651116148471534
γ=1.5,942484272,28,0.46603829593293117
γ=1.5,942484272,29,0.4673758536733648
γ=1.5,942484272,30,0.46850670248789633
γ=1.5,942484272,31,0.46991802102150076
γ=1.5,942484272,32,0.47096565149861475
γ=1.5,942484272,33,0.4722042013621226
γ=1.5,942484272,34,0.4731328430961
γ=1.5,942484272,35,0.4741931228036509
γ=1.5,942484272,36,0.47545336243808245
γ=1.5,942484272,37,0.4766488846331009
γ=1.5,942484272,38,0.4777936361346654
γ=1.5,942484272,39,0.4793231423657081
γ=1.5,942484272,40,0.4806533876248846
γ=1.5,942484272,41,0.4820446768819968
γ=1.5,942484272,42,0.4833767106036437
γ=1.5,942484272,43,0.48469950583103755
γ=1.5,942484272,44,0.48605948664717874
γ=1.5,942484272,45,0.4874774951258874
γ=1.5,942484272,46,0.4890154515555588
γ=1.5,942484272,47,0.4903691742122872
γ=1.5,942484272,48,0.49154930316514145
γ=1.5,942484272,49,0.49304707190575
γ=1.5,942484272,50,0.4944068508101754
γ=1.5,942484272,51,0.49567297324437287
γ=1.5,942484272,52,0.49700583817156735
γ=1.5,942484272,53,0.4983010789138944
γ=1.5,942484272,54,0.4996284169317499
γ=1.5,942484272,55,0.5008731424733439
γ=1.5,942484272,56,0.502097400961896
γ=1.5,942484272,57,0.5033604496506988
γ=1.5,942484272,58,0.5046914037733882
γ=1.5,942484272,59,0.5059281478877949
γ=1.5,942484272,60,0.5072230151400665
γ=1.5,942484272,61,0.5085022661240264
γ=1.5,942484272,62,0.5097219702037422
γ=1.5,942484272,63,0.5108936250737947
γ=1.5,942484272,64,0.5121749328351943
γ=1.5,942484272,65,0.5132508411746092
γ=1.5,942484272,66,0.5143761941469943
γ=1.5,942484272,67,0.5155093059594982
γ=1.5,942484272,68,0.516455994705833
γ=1.5,942484272,69,0.5174841426570739
γ=1.5,942484272,70,0.5186922052844309
γ=1.5,942484272,71,0.519797062958728
γ=1.5,942484272,72,0.5209161232847322
γ=1.5,942484272,73,0.5220516777975465
γ=1.5,942484272,74,0.5232331231407715
γ=1.5,942484272,75,0.5242067556600342
γ=1.5,942484272,76,0.5251508998758334
γ=1.5,942484272,77,0.5261713771074865
γ=1.5,942484272,78,0.5270645105041881
γ=1.5,942484272,79,0.5280551219009341
γ=1.5,942484272,80,0.5290592729409789
γ=1.5,942484272,81,0.5300344841525263
γ=1.5,942484272,82,0.5309818143097895
γ=1.5,942484272,83,0.531851189494777
γ=1.5,942484272,84,0.5328337950913722
γ=1.5,942484272,85,0.5336737667109493
γ=1.5,942484272,86,0.534511288178018
γ=1.5,942484272,87,0.5353228011970004
γ=1.5,942484272,88,0.5361616649239436
γ=1.5,942484272,89,0.5370929902394067
γ=1.5,942484272,90,0.537925260496833
γ=1.5,942484272,91,0.5387392391002499
γ=1.5,942484272,92,0.5396308855898639
γ=1.5,942484272,93,0.540503808262535
γ=1.5,942484272,94,0.5413009965756667
γ=1.5,942484272,95,0.5421171937483705
γ=1.5,942484272,96,0.5428949605406767
γ=1.5,942484272,97,0.5436822239167295
γ=1.5,942484272,98,0.5445459436398185
γ=1.5,942484272,99,0.5453320036058681
γ=1.5,942484272,100,0.5461674082780623
γ=1.5,942484272,101,0.5469613328556432
γ=1.5,942484272,102,0.547696066084901
γ=1.5,942484272,103,0.5484955980153778
γ=1.5,942484272,104,0.5493189068927882
γ=1.5,942484272,105,0.5501089429139131
γ=1.5,942484272,106,0.5508793203682025
γ=1.5,942484272,107,0.5516855149210226
γ=1.5,942484272,108,0.5524052618650049
γ=1.5,942484272,109,0.5530709797974119
γ=1.5,942484272,110,0.5538077865380359
γ=1.5,942484272,111,0.5545430410681019
γ=1.5,942484272,112,0.5553067692529116
γ=1.5,942484272,113,0.5561179039528419
γ=1.5,942484272,114,0.5568400579149158
γ=1.5,942484272,115,0.5576087869087033
γ=1.5,942484272,116,0.558405154319826
γ=1.5,942484272,117,0.5591488009001233
γ=1.5,942484272,118,0.5599047455065749
γ=1.5,942484272,119,0.5606345804210358
γ=1.5,942484272,120,0.5614008759410068
γ=1.5,942484272,121,0.5621184251518321
γ=1.5,942484272,122,0.5627361262698347
γ=1.5,942484272,123,0.5634458275570918
γ=1.5,942484272,124,0.5640977031261426
γ=1.5,942484272,125,0.5647660146083452
γ=1.5,942484272,126,0.5654900165646535
γ=1.5,942484272,127,0.5661788183621703
γ=1.5,942484272,128,0.5668027453614306
γ=1.5,942484272,129,0.5673961727775576
γ=1.5,942484272,130,0.568033750314835
γ=1.5,942484272,131,0.5686289086808589
γ=1.5,942484272,132,0.5692770624556369
γ=1.5,942484272,133,0.5698583415974239
γ=1.5,942484272,134,0.5705020569221728
γ=1.5,942484272,135,0.5710986109945055
γ=1.5,942484272,136,0.5716879355217865
γ=1.5,942484272,137,0.5722447568860779
γ=1.5,942484272,138,0.5728482622931671
γ=1.5,942484272,139,0.5734575801704367
γ=1.5,942484272,140,0.5739556472408458
γ=1.5,942484272,141,0.5744505198424961
γ=1.5,942484272,142,0.5749780354530845
γ=1.5,942484272,143,0.575443278910662
γ=1.5,942484272,144,0.5759749391318949
γ=1.5,942484272,145,0.5764966605774436
γ=1.5,942484272,146,0.577010660112731
γ=1.5,942484272,147,0.577484540957681
γ=1.5,942484272,148,0.5779826506045967
γ=1.5,942484272,149,0.5784802723104637
γ=1.5,942484272,150,0.578980774074385
γ=1.5,942484272,151,0.5794665846751932
γ=1.5,942484272,152,0.5799733439677608
γ=1.5,942484272,153,0.5804666198049477
γ=1.5,942484272,154,0.5809139647188509
γ=1.5,942484272,155,0.5814424725314903
γ=1.5,942484272,156,0.5819012375976527
γ=1.5,942484272,157,0.5823175280356915
γ=1.5,942484272,158,0.5828034717403017
γ=1.5,942484272,159,0.5832967675881234
γ=1.5,942484272,160,0.5837594975232977
γ=1.5,942484272,161,0.5842073536075791
γ=1.5,942484272,162,0.5846937315957549
γ=1.5,942484272,163,0.5851185144628386
γ=1.5,942484272,164,0.5855365812704387
γ=1.5,942484272,165,0.5859910497808241
γ=1.5,942484272,166,0.5864602731301328
γ=1.5,942484272,167,0.58685726523613
γ=1.5,942484272,168,0.587245283471461
γ=1.5,942484272,169,0.5876644780147037
γ=1.5,942484272,170,0.5880671351741099
γ=1.5,942484272,171,0.5885559124913283
γ=1.5,942484272,172,0.5889833610908815
γ=1.5,942484272,173,0.5893925224800702
γ=1.5,942484272,174,0.5897800931622176
γ=1.5,942484272,175,0.5901781066721038
γ=1.5,942484272,176,0.590641242625228
γ=1.5,942484272,177,0.5910393801105848
γ=1.5,942484272,178,0.5914122909707673
γ=1.5,942484272,179,0.591783614883008
γ=1.5,942484272,180,0.5921480144404333
γ=1.5,942484272,181,0.5924963275044982
γ=1.5,942484272,182,0.592876794098354
γ=1.5,942484272,183,0.5932792528190638
γ=1.5,942484272,184,0.5936818998149317
γ=1.5,942484272,185,0.5940398042236679
γ=1.5,942484272,186,0.5944164290170015
γ=1.5,942484272,187,0.5947681489765673
γ=1.5,942484272,188,0.5951563189399394
γ=1.5,942484272,189,0.5955310528394233
γ=1.5,942484272,190,0.5958969815606097
γ=1.5,942484272,191,0.5962900675648054
γ=1.5,942484272,192,0.5966182782721854
γ=1.5,942484272,193,0.5969232950949247
γ=1.5,942484272,194,0.5972656307476326
γ=1.5,942484272,195,0.5976361002219451
γ=1.5,942484272,196,0.5979507452380667
γ=1.5,942484272,197,0.5982933064901402
γ=1.5,942484272,198,0.5986885902090334
γ=1.5,942484272,199,0.5990330714946573
γ=1.5,942484272,200,0.5993600453362438
FixedSigmaNN,942484272,1,0.06519183947611451
FixedSigmaNN,942484272,2,0.10737973301989757
FixedSigmaNN,942484272,3,0.13943693504603585
FixedSigmaNN,942484272,4,0.1665372344891277
FixedSigmaNN,942484272,5,0.18853160943665517
FixedSigmaNN,942484272,6,0.2087146335320292
FixedSigmaNN,942484272,7,0.22681914676709403
FixedSigmaNN,942484272,8,0.24338846444463103
FixedSigmaNN,942484272,9,0.2588363697422551
FixedSigmaNN,942484272,10,0.27292838552598436
FixedSigmaNN,942484272,11,0.28633196205188477
FixedSigmaNN,942484272,12,0.2986455097528895
FixedSigmaNN,942484272,13,0.31042087792150763
FixedSigmaNN,942484272,14,0.32093383067272746
FixedSigmaNN,942484272,15,0.3314471217082249
FixedSigmaNN,942484272,16,0.3412628032910755
FixedSigmaNN,942484272,17,0.35015581247191174
FixedSigmaNN,942484272,18,0.35888627692422503
FixedSigmaNN,942484272,19,0.3673959055980981
FixedSigmaNN,942484272,20,0.375824867769289
FixedSigmaNN,942484272,21,0.3833311344855296
FixedSigmaNN,942484272,22,0.3907675105517436
FixedSigmaNN,942484272,23,0.3975590703514837
FixedSigmaNN,942484272,24,0.4046714521590686
FixedSigmaNN,942484272,25,0.41154395096969193
FixedSigmaNN,942484272,26,0.4177747783238506
FixedSigmaNN,942484272,27,0.4241799519274122
FixedSigmaNN,942484272,28,0.4301501013468942
FixedSigmaNN,942484272,29,0.4357273340493719
FixedSigmaNN,942484272,30,0.4411650295245292
FixedSigmaNN,942484272,31,0.4466134584187563
FixedSigmaNN,942484272,32,0.45172529594492483
FixedSigmaNN,942484272,33,0.45662145762892964
FixedSigmaNN,942484272,34,0.46139258322756527
FixedSigmaNN,942484272,35,0.46612255178286577
FixedSigmaNN,942484272,36,0.4707005195943992
FixedSigmaNN,942484272,37,0.47516717456269136
FixedSigmaNN,942484272,38,0.47938769558435584
FixedSigmaNN,942484272,39,0.483470353842279
FixedSigmaNN,942484272,40,0.4874748131978843
FixedSigmaNN,942484272,41,0.49138529459343794
FixedSigmaNN,942484272,42,0.4952414934574283
FixedSigmaNN,942484272,43,0.498730897567814
FixedSigmaNN,942484272,44,0.502304019966265
FixedSigmaNN,942484272,45,0.505902107295777
FixedSigmaNN,942484272,46,0.5094915916233806
FixedSigmaNN,942484272,47,0.5128425896319689
FixedSigmaNN,942484272,48,0.5160662063078947
FixedSigmaNN,942484272,49,0.5192756138640494
FixedSigmaNN,942484272,50,0.5223079506338678
FixedSigmaNN,942484272,51,0.525495463906325
FixedSigmaNN,942484272,52,0.5285175952416318
FixedSigmaNN,942484272,53,0.5312078734893859
FixedSigmaNN,942484272,54,0.5340293908214317
FixedSigmaNN,942484272,55,0.536713198647545
FixedSigmaNN,942484272,56,0.5393611247706201
FixedSigmaNN,942484272,57,0.5420818438506644
FixedSigmaNN,942484272,58,0.5446479493021519
FixedSigmaNN,942484272,59,0.5473426500784776
FixedSigmaNN,942484272,60,0.5498076008171718
FixedSigmaNN,942484272,61,0.5522089375986654
FixedSigmaNN,942484272,62,0.554581560552593
FixedSigmaNN,942484272,63,0.556918841193881
FixedSigmaNN,942484272,64,0.5592348984132315
FixedSigmaNN,942484272,65,0.5614092984506888
FixedSigmaNN,942484272,66,0.5635279840636234
FixedSigmaNN,942484272,67,0.5656999612799908
FixedSigmaNN,942484272,68,0.5677629921920914
FixedSigmaNN,942484272,69,0.5698842502181031
FixedSigmaNN,942484272,70,0.5718771363805366
FixedSigmaNN,942484272,71,0.5738730088532201
FixedSigmaNN,942484272,72,0.5757300674446589
FixedSigmaNN,942484272,73,0.5775115209493239
FixedSigmaNN,942484272,74,0.5792000127068551
FixedSigmaNN,942484272,75,0.58095765818711
FixedSigmaNN,942484272,76,0.5826276241775624
FixedSigmaNN,942484272,77,0.5842198687887546
FixedSigmaNN,942484272,78,0.5857955046940019
FixedSigmaNN,942484272,79,0.5873865132645177
FixedSigmaNN,942484272,80,0.5889146587188313
FixedSigmaNN,942484272,81,0.5906258453903487
FixedSigmaNN,942484272,82,0.5921893269390255
FixedSigmaNN,942484272,83,0.5935811080776806
FixedSigmaNN,942484272,84,0.5951516405403569
FixedSigmaNN,942484272,85,0.5966002755732466
FixedSigmaNN,942484272,86,0.5979620167404374
FixedSigmaNN,942484272,87,0.5993455291496221
FixedSigmaNN,942484272,88,0.6007033223681699
FixedSigmaNN,942484272,89,0.6020721097201246
FixedSigmaNN,942484272,90,0.6033936883739587
FixedSigmaNN,942484272,91,0.6045612099259988
FixedSigmaNN,942484272,92,0.6058160523885483
FixedSigmaNN,942484272,93,0.6070430062389243
FixedSigmaNN,942484272,94,0.6081348905088627
FixedSigmaNN,942484272,95,0.6092360445231961
FixedSigmaNN,942484272,96,0.6103632321663449
FixedSigmaNN,942484272,97,0.6114425113405524
FixedSigmaNN,942484272,98,0.6125297486973968
FixedSigmaNN,942484272,99,0.613562372104896
FixedSigmaNN,942484272,100,0.6145579716228696
FixedSigmaNN,942484272,101,0.6156032654730506
FixedSigmaNN,942484272,102,0.6166465830728228
FixedSigmaNN,942484272,103,0.6176044335292579
FixedSigmaNN,942484272,104,0.6185809981723422
FixedSigmaNN,942484272,105,0.6196437066976904
FixedSigmaNN,942484272,106,0.6205865673556867
FixedSigmaNN,942484272,107,0.6216369538249807
FixedSigmaNN,942484272,108,0.6226251333190297
FixedSigmaNN,942484272,109,0.6236140519248647
FixedSigmaNN,942484272,110,0.6246036894848918
FixedSigmaNN,942484272,111,0.6255153650838313
FixedSigmaNN,942484272,112,0.6264516143540785
FixedSigmaNN,942484272,113,0.627307768605357
FixedSigmaNN,942484272,114,0.6281787290828027
FixedSigmaNN,942484272,115,0.6290199413768054
FixedSigmaNN,942484272,116,0.6298611251841966
FixedSigmaNN,942484272,117,0.6306570741546814
FixedSigmaNN,942484272,118,0.6314875581466498
FixedSigmaNN,942484272,119,0.6324180247197526
FixedSigmaNN,942484272,120,0.6333081465312176
FixedSigmaNN,942484272,121,0.6341516384257624
FixedSigmaNN,942484272,122,0.6349940336181873
FixedSigmaNN,942484272,123,0.6358513992326558
FixedSigmaNN,942484272,124,0.6366712391094164
FixedSigmaNN,942484272,125,0.637459155402569
FixedSigmaNN,942484272,126,0.6382448930093964
FixedSigmaNN,942484272,127,0.6390916356679494
FixedSigmaNN,942484272,128,0.6398943203761229
FixedSigmaNN,942484272,129,0.6405934453137253
FixedSigmaNN,942484272,130,0.6413551145353681
FixedSigmaNN,942484272,131,0.6420493981764243
FixedSigmaNN,942484272,132,0.6428139382236435
FixedSigmaNN,942484272,133,0.6435108003406215
FixedSigmaNN,942484272,134,0.6442279618614175
FixedSigmaNN,942484272,135,0.6448576945680463
FixedSigmaNN,942484272,136,0.6455599618740956
FixedSigmaNN,942484272,137,0.6462240939032619
FixedSigmaNN,942484272,138,0.6468737338156545
FixedSigmaNN,942484272,139,0.6475569103947805
FixedSigmaNN,942484272,140,0.648157165645202
FixedSigmaNN,942484272,141,0.6487736170927285
FixedSigmaNN,942484272,142,0.6493426599391496
FixedSigmaNN,942484272,143,0.6499043312493065
FixedSigmaNN,942484272,144,0.6504861869047286
FixedSigmaNN,942484272,145,0.6510918623468889
FixedSigmaNN,942484272,146,0.6516754398777233
FixedSigmaNN,942484272,147,0.6522602156470009
FixedSigmaNN,942484272,148,0.6527795111037492
FixedSigmaNN,942484272,149,0.6533386035918521
FixedSigmaNN,942484272,150,0.6538703719251112
FixedSigmaNN,942484272,151,0.654439298972901
FixedSigmaNN,942484272,152,0.6549921788351325
FixedSigmaNN,942484272,153,0.6556058742865797
FixedSigmaNN,942484272,154,0.6561251904002303
FixedSigmaNN,942484272,155,0.6567423444308731
FixedSigmaNN,942484272,156,0.6572950773794531
FixedSigmaNN,942484272,157,0.6578819450200452
FixedSigmaNN,942484272,158,0.6584619153234591
FixedSigmaNN,942484272,159,0.6589915563490014
FixedSigmaNN,942484272,160,0.6596016812190412
FixedSigmaNN,942484272,161,0.6602190886757947
FixedSigmaNN,942484272,162,0.660721078451188
FixedSigmaNN,942484272,163,0.6612557964411924
FixedSigmaNN,942484272,164,0.661817524690233
FixedSigmaNN,942484272,165,0.662387454428425
FixedSigmaNN,942484272,166,0.6628953898036947
FixedSigmaNN,942484272,167,0.6633439526789758
FixedSigmaNN,942484272,168,0.6638998664699697
FixedSigmaNN,942484272,169,0.6643957974305488
FixedSigmaNN,942484272,170,0.6648824368971834
FixedSigmaNN,942484272,171,0.6654394851483788
FixedSigmaNN,942484272,172,0.6660042114676097
FixedSigmaNN,942484272,173,0.6664988355350352
FixedSigmaNN,942484272,174,0.6670565313430935
FixedSigmaNN,942484272,175,0.6675495640284491
FixedSigmaNN,942484272,176,0.6680067031239266
FixedSigmaNN,942484272,177,0.6684781242425579
FixedSigmaNN,942484272,178,0.6689367018873121
FixedSigmaNN,942484272,179,0.6693678769308123
FixedSigmaNN,942484272,180,0.6697667422270731
FixedSigmaNN,942484272,181,0.6701493721157518
FixedSigmaNN,942484272,182,0.6705753108448097
FixedSigmaNN,942484272,183,0.6710046230856999
FixedSigmaNN,942484272,184,0.6714342879983064
FixedSigmaNN,942484272,185,0.6718468279378362
FixedSigmaNN,942484272,186,0.6722219814881518
FixedSigmaNN,942484272,187,0.6725920002945194
FixedSigmaNN,942484272,188,0.6729821977539089
FixedSigmaNN,942484272,189,0.6733593819061034
FixedSigmaNN,942484272,190,0.6736694077566514
FixedSigmaNN,942484272,191,0.6739645389166862
FixedSigmaNN,942484272,192,0.6742454453866175
FixedSigmaNN,942484272,193,0.674564766404373
FixedSigmaNN,942484272,194,0.6748909653815628
FixedSigmaNN,942484272,195,0.6752293182987499
FixedSigmaNN,942484272,196,0.6756010564749785
FixedSigmaNN,942484272,197,0.6759246987066088
FixedSigmaNN,942484272,198,0.6762764493223733
FixedSigmaNN,942484272,199,0.6765647564495301
FixedSigmaNN,942484272,200,0.676943581563261
MultiscaleMix,942484272,1,0.384518512299555
MultiscaleMix,942484272,2,0.4311980522206364
MultiscaleMix,942484272,3,0.4468698402037332
MultiscaleMix,942484272,4,0.4538661741247586
MultiscaleMix,942484272,5,0.456065821509529
MultiscaleMix,942484272,6,0.4581059524809
MultiscaleMix,942484272,7,0.459329311440805
MultiscaleMix,942484272,8,0.4607663084543699
MultiscaleMix,942484272,9,0.4613662440880978
MultiscaleMix,942484272,10,0.462404500041978
MultiscaleMix,942484272,11,0.4635134825714961
MultiscaleMix,942484272,12,0.4652282204125039
MultiscaleMix,942484272,13,0.4664337425650498
MultiscaleMix,942484272,14,0.46716120752725576
MultiscaleMix,942484272,15,0.46854448269106985
MultiscaleMix,942484272,16,0.470101166988498
MultiscaleMix,942484272,17,0.4713191464143377
MultiscaleMix,942484272,18,0.4728169106055094
MultiscaleMix,942484272,19,0.4738234007485341
MultiscaleMix,942484272,20,0.4749559230962976
MultiscaleMix,942484272,21,0.47677816823984226
MultiscaleMix,942484272,22,0.4778985811434808
MultiscaleMix,942484272,23,0.47957313845805666
MultiscaleMix,942484272,24,0.4810136988218173
MultiscaleMix,942484272,25,0.48256401645537744
MultiscaleMix,942484272,26,0.4838836757231518
MultiscaleMix,942484272,27,0.48532013669281737
MultiscaleMix,942484272,28,0.4867619367451456
MultiscaleMix,942484272,29,0.48830695474192215
MultiscaleMix,942484272,30,0.48972938180393477
MultiscaleMix,942484272,31,0.4913430523695906
MultiscaleMix,942484272,32,0.49281651414658717
MultiscaleMix,942484272,33,0.49424901351691714
MultiscaleMix,942484272,34,0.4956244104559799
MultiscaleMix,942484272,35,0.49690202333977
MultiscaleMix,942484272,36,0.4982252632953666
MultiscaleMix,942484272,37,0.4996029107774553
MultiscaleMix,942484272,38,0.5009246207618786
MultiscaleMix,942484272,39,0.5026327742724351
MultiscaleMix,942484272,40,0.5041442783981194
MultiscaleMix,942484272,41,0.5055851221764674
MultiscaleMix,942484272,42,0.5069673491090668
MultiscaleMix,942484272,43,0.5083692424239465
MultiscaleMix,942484272,44,0.5097226780439776
MultiscaleMix,942484272,45,0.5111512234255917
MultiscaleMix,942484272,46,0.5126244282778433
MultiscaleMix,942484272,47,0.5138071905640593
MultiscaleMix,942484272,48,0.5150289998041028
MultiscaleMix,942484272,49,0.5164725112612419
MultiscaleMix,942484272,50,0.517799513055159
MultiscaleMix,942484272,51,0.5190662445819566
MultiscaleMix,942484272,52,0.5203875861356342
MultiscaleMix,942484272,53,0.5218618274212993
MultiscaleMix,942484272,54,0.5233506531466401
MultiscaleMix,942484272,55,0.5247387823326032
MultiscaleMix,942484272,56,0.5261418016959113
MultiscaleMix,942484272,57,0.5273991165471398
MultiscaleMix,942484272,58,0.5287614462435477
MultiscaleMix,942484272,59,0.530101074494592
MultiscaleMix,942484272,60,0.531481403744438
MultiscaleMix,942484272,61,0.5327008647468727
MultiscaleMix,942484272,62,0.533924997494861
MultiscaleMix,942484272,63,0.5351062709806728
MultiscaleMix,942484272,64,0.5363162203005625
MultiscaleMix,942484272,65,0.5374385668063781
MultiscaleMix,942484272,66,0.5385408954798595
MultiscaleMix,942484272,67,0.5396660806453836
MultiscaleMix,942484272,68,0.5407964461916074
MultiscaleMix,942484272,69,0.5419250747390977
MultiscaleMix,942484272,70,0.5431731772551184
MultiscaleMix,942484272,71,0.5441679545833475
MultiscaleMix,942484272,72,0.5452686125803412
MultiscaleMix,942484272,73,0.5463483162220256
MultiscaleMix,942484272,74,0.5474050786577023
MultiscaleMix,942484272,75,0.548465004337727
MultiscaleMix,942484272,76,0.5494130812296463
MultiscaleMix,942484272,77,0.5503572491650739
MultiscaleMix,942484272,78,0.5513385601329518
MultiscaleMix,942484272,79,0.5522216991208
MultiscaleMix,942484272,80,0.5532580177986735
MultiscaleMix,942484272,81,0.5541707996861497
MultiscaleMix,942484272,82,0.5550976654086917
MultiscaleMix,942484272,83,0.5560841299881754
MultiscaleMix,942484272,84,0.5570566023403737
MultiscaleMix,942484272,85,0.5578940870278092
MultiscaleMix,942484272,86,0.5587057498150039
MultiscaleMix,942484272,87,0.5595581018994323
MultiscaleMix,942484272,88,0.5604554804191694
MultiscaleMix,942484272,89,0.5613723128181956
MultiscaleMix,942484272,90,0.5622748346533083
MultiscaleMix,942484272,91,0.5630777165073194
MultiscaleMix,942484272,92,0.5638718137782758
MultiscaleMix,942484272,93,0.564743622728787
MultiscaleMix,942484272,94,0.5655758935509282
MultiscaleMix,942484272,95,0.5664485283395713
MultiscaleMix,942484272,96,0.5672199017714717
MultiscaleMix,942484272,97,0.5680844268531124
MultiscaleMix,942484272,98,0.5689497274856546
MultiscaleMix,942484272,99,0.5697547212533359
MultiscaleMix,942484272,100,0.5705591470069683
MultiscaleMix,942484272,101,0.5713692559752155
MultiscaleMix,942484272,102,0.572135083569151
MultiscaleMix,942484272,103,0.5728831878503431
MultiscaleMix,942484272,104,0.5737101451147291
MultiscaleMix,942484272,105,0.5744797725991581
MultiscaleMix,942484272,106,0.5752764607949208
MultiscaleMix,942484272,107,0.5760715964273971
MultiscaleMix,942484272,108,0.5768605584007314
MultiscaleMix,942484272,109,0.5776369696040743
MultiscaleMix,942484272,110,0.5783721693468985
MultiscaleMix,942484272,111,0.5792264853216914
MultiscaleMix,942484272,112,0.5799887109154802
MultiscaleMix,942484272,113,0.5808254881521728
MultiscaleMix,942484272,114,0.5815824087125715
MultiscaleMix,942484272,115,0.5824378634291284
MultiscaleMix,942484272,116,0.5832032980235597
MultiscaleMix,942484272,117,0.5839581597704342
MultiscaleMix,942484272,118,0.5847340231007088
MultiscaleMix,942484272,119,0.5855462325976483
MultiscaleMix,942484272,120,0.5863400078358939
MultiscaleMix,942484272,121,0.5871196220453211
MultiscaleMix,942484272,122,0.5878183274587068
MultiscaleMix,942484272,123,0.5885708571635292
MultiscaleMix,942484272,124,0.5893166658090516
MultiscaleMix,942484272,125,0.5900824447989254
MultiscaleMix,942484272,126,0.5908620549498729
MultiscaleMix,942484272,127,0.5915960036940643
MultiscaleMix,942484272,128,0.592252237952313
MultiscaleMix,942484272,129,0.5929009013230556
MultiscaleMix,942484272,130,0.5935770425527792
MultiscaleMix,942484272,131,0.5942556787266373
MultiscaleMix,942484272,132,0.5949561520672259
MultiscaleMix,942484272,133,0.5956344138829148
MultiscaleMix,942484272,134,0.5962505497865388
MultiscaleMix,942484272,135,0.5968130921619293
MultiscaleMix,942484272,136,0.5974405146997092
MultiscaleMix,942484272,137,0.5980538752438247
MultiscaleMix,942484272,138,0.598648308286458
MultiscaleMix,942484272,139,0.5992347923357225
MultiscaleMix,942484272,140,0.599773618623841
MultiscaleMix,942484272,141,0.6004122775835674
MultiscaleMix,942484272,142,0.6009801568203613
MultiscaleMix,942484272,143,0.6015039867361252
MultiscaleMix,942484272,144,0.6020913791173426
MultiscaleMix,942484272,145,0.602670669534681
MultiscaleMix,942484272,146,0.6031554807746493
MultiscaleMix,942484272,147,0.6036639657962085
MultiscaleMix,942484272,148,0.6041738048181671
MultiscaleMix,942484272,149,0.6047261033875968
MultiscaleMix,942484272,150,0.605238574986707
MultiscaleMix,942484272,151,0.6058031948874683
MultiscaleMix,942484272,152,0.6063145411804215
MultiscaleMix,942484272,153,0.6068716071210059
MultiscaleMix,942484272,154,0.6073851847086672
MultiscaleMix,942484272,155,0.6078756151131646
MultiscaleMix,942484272,156,0.6083963541565758
MultiscaleMix,942484272,157,0.6089262347548993
MultiscaleMix,942484272,158,0.609434529724146
MultiscaleMix,942484272,159,0.6099852733771277
MultiscaleMix,942484272,160,0.6105370036101083
MultiscaleMix,942484272,161,0.6110959596301974
MultiscaleMix,942484272,162,0.611587898311655
MultiscaleMix,942484272,163,0.6120609242474735
MultiscaleMix,942484272,164,0.6125670880166111
MultiscaleMix,942484272,165,0.6130861973780285
MultiscaleMix,942484272,166,0.613606891675509
MultiscaleMix,942484272,167,0.6140881698947835
MultiscaleMix,942484272,168,0.6146114436035518
MultiscaleMix,942484272,169,0.615040842858697
MultiscaleMix,942484272,170,0.6155375406816239
MultiscaleMix,942484272,171,0.6160858727570613
MultiscaleMix,942484272,172,0.6165846305838066
MultiscaleMix,942484272,173,0.6170387988370395
MultiscaleMix,942484272,174,0.6175526437939624
MultiscaleMix,942484272,175,0.6179994482890966
MultiscaleMix,942484272,176,0.6184967486128178
MultiscaleMix,942484272,177,0.6189519064891352
MultiscaleMix,942484272,178,0.6193842628709747
MultiscaleMix,942484272,179,0.6198197619307818
MultiscaleMix,942484272,180,0.6202126419089731
MultiscaleMix,942484272,181,0.6206046595120068
MultiscaleMix,942484272,182,0.620991215987438
MultiscaleMix,942484272,183,0.6213980923176583
MultiscaleMix,942484272,184,0.6218028274923071
MultiscaleMix,942484272,185,0.6222102213034963
MultiscaleMix,942484272,186,0.6226315152795419
MultiscaleMix,942484272,187,0.6230236104944111
MultiscaleMix,942484272,188,0.6234305139000782
MultiscaleMix,942484272,189,0.6238333335554392
MultiscaleMix,942484272,190,0.6241503873023168
MultiscaleMix,942484272,191,0.6244865386872358
MultiscaleMix,942484272,192,0.6248266221000196
MultiscaleMix,942484272,193,0.6251718814367179
MultiscaleMix,942484272,194,0.6255081718622739
MultiscaleMix,942484272,195,0.6258560821821673
MultiscaleMix,942484272,196,0.6262079384688137
MultiscaleMix,942484272,197,0.626558779646166
MultiscaleMix,942484272,198,0.6269111652160935
MultiscaleMix,942484272,199,0.627246086869576
MultiscaleMix,942484272,200,0.6275917219377045
Multiscale,942484272,1,0.2541768113508521
Multiscale,942484272,2,0.3147090924355638
Multiscale,942484272,3,0.34761984720006717
Multiscale,942484272,4,0.3678322558979095
Multiscale,942484272,5,0.3811434808160525
Multiscale,942484272,6,0.3930330506814429
Multiscale,942484272,7,0.4013277042829557
Multiscale,942484272,8,0.4091963311224918
Multiscale,942484272,9,0.415918058937117
Multiscale,942484272,10,0.4216480564184367
Multiscale,942484272,11,0.4274123995390051
Multiscale,942484272,12,0.43310805138107633
Multiscale,942484272,13,0.43837951990080276
Multiscale,942484272,14,0.4423462105856531
Multiscale,942484272,15,0.44690342260655413
Multiscale,942484272,16,0.450982810007556
Multiscale,942484272,17,0.45507859763836683
Multiscale,942484272,18,0.4584511049543373
Multiscale,942484272,19,0.4619392070134197
Multiscale,942484272,20,0.46560112501049444
Multiscale,942484272,21,0.4686844093694904
Multiscale,942484272,22,0.4715465459735461
Multiscale,942484272,23,0.4744280953302209
Multiscale,942484272,24,0.47726891109058855
Multiscale,942484272,25,0.4801326504911427
Multiscale,942484272,26,0.48284068378938666
Multiscale,942484272,27,0.4855238077469628
Multiscale,942484272,28,0.4880542595679863
Multiscale,942484272,29,0.4905071811336377
Multiscale,942484272,30,0.49295189320795907
Multiscale,942484272,31,0.49534992051261917
Multiscale,942484272,32,0.49754035135588953
Multiscale,942484272,33,0.4997341393110011
Multiscale,942484272,34,0.5017173942030847
Multiscale,942484272,35,0.503745637286062
Multiscale,942484272,36,0.5059573783337531
Multiscale,942484272,37,0.5081176382494492
Multiscale,942484272,38,0.510317751393007
Multiscale,942484272,39,0.5125320485911538
Multiscale,942484272,40,0.5146440265300983
Multiscale,942484272,41,0.5166703866686052
Multiscale,942484272,42,0.5185282911754242
Multiscale,942484272,43,0.5203036864496958
Multiscale,942484272,44,0.5220632570351317
Multiscale,942484272,45,0.5239675743243873
Multiscale,942484272,46,0.5259049910021063
Multiscale,942484272,47,0.5275456086542566
Multiscale,942484272,48,0.5291790851593765
Multiscale,942484272,49,0.5307930073213064
Multiscale,942484272,50,0.5325144824112165
Multiscale,942484272,51,0.5342491122886901
Multiscale,942484272,52,0.5359299419411921
Multiscale,942484272,53,0.5375267510767755
Multiscale,942484272,54,0.5390869628758975
Multiscale,942484272,55,0.5406972928003907
Multiscale,942484272,56,0.5422965865886274
Multiscale,942484272,57,0.5438279815061118
Multiscale,942484272,58,0.5453890781919929
Multiscale,942484272,59,0.5469022367872456
Multiscale,942484272,60,0.5483971398986931
Multiscale,942484272,61,0.5499689638039503
Multiscale,942484272,62,0.5515212286826219
Multiscale,942484272,63,0.5530148868659489
Multiscale,942484272,64,0.5544684272940978
Multiscale,942484272,65,0.5557726213002849
Multiscale,942484272,66,0.557194393774026
Multiscale,942484272,67,0.5585430249474649
Multiscale,942484272,68,0.5598390267029488
Multiscale,942484272,69,0.561230089346226
Multiscale,942484272,70,0.5626731592645454
Multiscale,942484272,71,0.5639863021635819
Multiscale,942484272,72,0.5653031977910241
Multiscale,942484272,73,0.5665339855066629
Multiscale,942484272,74,0.5678035520198227
Multiscale,942484272,75,0.5689665015531862
Multiscale,942484272,76,0.5701281212854991
Multiscale,942484272,77,0.571228494450726
Multiscale,942484272,78,0.5724545722656712
Multiscale,942484272,79,0.5736129458037406
Multiscale,942484272,80,0.5747339644026531
Multiscale,942484272,81,0.5758869019300553
Multiscale,942484272,82,0.5769436327559482
Multiscale,942484272,83,0.577894484494944
Multiscale,942484272,84,0.5789296408681851
Multiscale,942484272,85,0.5800145194506313
Multiscale,942484272,86,0.5810302378297959
Multiscale,942484272,87,0.5820785770325315
Multiscale,942484272,88,0.5831259874371284
Multiscale,942484272,89,0.5841640104180914
Multiscale,942484272,90,0.5851705706209946
Multiscale,942484272,91,0.5861757669750282
Multiscale,942484272,92,0.5871645866261731
Multiscale,942484272,93,0.5881723138365819
Multiscale,942484272,94,0.5891344850192116
Multiscale,942484272,95,0.5900653531233844
Multiscale,942484272,96,0.5910096234573083
Multiscale,942484272,97,0.5919504365279604
Multiscale,942484272,98,0.5929290194795072
Multiscale,942484272,99,0.5938327104476042
Multiscale,942484272,100,0.5947493913189489
Multiscale,942484272,101,0.5956869887307763
Multiscale,942484272,102,0.5965259498140622
Multiscale,942484272,103,0.5974517314092463
Multiscale,942484272,104,0.5983419495876469
Multiscale,942484272,105,0.599228804106648
Multiscale,942484272,106,0.6001416955628458
Multiscale,942484272,107,0.6011230489055509
Multiscale,942484272,108,0.6020609644990469
Multiscale,942484272,109,0.6029504759689409
Multiscale,942484272,110,0.6038627395608338
Multiscale,942484272,111,0.6047544059885593
Multiscale,942484272,112,0.6056695041798097
Multiscale,942484272,113,0.6065149118499075
Multiscale,942484272,114,0.6074272344449403
Multiscale,942484272,115,0.6083050742280609
Multiscale,942484272,116,0.6091992623451518
Multiscale,942484272,117,0.610020400592141
Multiscale,942484272,118,0.6108254867669679
Multiscale,942484272,119,0.6117006453324341
Multiscale,942484272,120,0.6125381300198697
Multiscale,942484272,121,0.6133451195540479
Multiscale,942484272,122,0.6140359992347616
Multiscale,942484272,123,0.6148388488334552
Multiscale,942484272,124,0.6155877868384064
Multiscale,942484272,125,0.616369070607002
Multiscale,942484272,126,0.617190592129724
Multiscale,942484272,127,0.617980335784364
Multiscale,942484272,128,0.618770857820502
Multiscale,942484272,129,0.6194905497426325
Multiscale,942484272,130,0.6202453452852243
Multiscale,942484272,131,0.6209402303727198
Multiscale,942484272,132,0.6217247616794254
Multiscale,942484272,133,0.6224451019244863
Multiscale,942484272,134,0.6231637756144139
Multiscale,942484272,135,0.6237869134351378
Multiscale,942484272,136,0.6244817568535264
Multiscale,942484272,137,0.6250684057612206
Multiscale,942484272,138,0.6256736252812222
Multiscale,942484272,139,0.6263145306104206
Multiscale,942484272,140,0.62687911534356
Multiscale,942484272,141,0.627466058848993
Multiscale,942484272,142,0.6280787318149516
Multiscale,942484272,143,0.6286678647521566
Multiscale,942484272,144,0.6292768006231402
Multiscale,942484272,145,0.629874442343936
Multiscale,942484272,146,0.630416168776876
Multiscale,942484272,147,0.63094538461846
Multiscale,942484272,148,0.631575513890181
Multiscale,942484272,149,0.6321546435842116
Multiscale,942484272,150,0.6327198947751378
Multiscale,942484272,151,0.6333032351974718
Multiscale,942484272,152,0.6338601204547765
Multiscale,942484272,153,0.6343973796946086
Multiscale,942484272,154,0.6349701847141188
Multiscale,942484272,155,0.635541827695191
Multiscale,942484272,156,0.6361061419200954
Multiscale,942484272,157,0.6367255659945017
Multiscale,942484272,158,0.6372988908242461
Multiscale,942484272,159,0.6378821648399634
Multiscale,942484272,160,0.6384822852825119
Multiscale,942484272,161,0.6391093675609633
Multiscale,942484272,162,0.6396916534254569
Multiscale,942484272,163,0.6402281646135216
Multiscale,942484272,164,0.6407783540936745
Multiscale,942484272,165,0.6413546937768245
Multiscale,942484272,166,0.6419531707553916
Multiscale,942484272,167,0.6424698248536929
Multiscale,942484272,168,0.6430590370645782
Multiscale,942484272,169,0.6435975596124909
Multiscale,942484272,170,0.6441885158059529
Multiscale,942484272,171,0.6447936719755339
Multiscale,942484272,172,0.6453737311416259
Multiscale,942484272,173,0.6459453858894701
Multiscale,942484272,174,0.646519396250158
Multiscale,942484272,175,0.6470230399270783
Multiscale,942484272,176,0.6475228684714665
Multiscale,942484272,177,0.6480070883534994
Multiscale,942484272,178,0.648513931508878
Multiscale,942484272,179,0.6489778238884388
Multiscale,942484272,180,0.6494724764223547
Multiscale,942484272,181,0.6499468201314446
Multiscale,942484272,182,0.6504433984284542
Multiscale,942484272,183,0.6509079406325512
Multiscale,942484272,184,0.6513802093789811
Multiscale,942484272,185,0.6518258162452606
Multiscale,942484272,186,0.6522600866823203
Multiscale,942484272,187,0.6526643461286179
Multiscale,942484272,188,0.653091992561855
Multiscale,942484272,189,0.6535288841980135
Multiscale,942484272,190,0.6539269317614412
Multiscale,942484272,191,0.6542942178926514
Multiscale,942484272,192,0.6546410618335992
Multiscale,942484272,193,0.6549784389663754
Multiscale,942484272,194,0.655392615506588
Multiscale,942484272,195,0.6557868292399399
Multiscale,942484272,196,0.6561663117098069
Multiscale,942484272,197,0.6565489734140731
Multiscale,942484272,198,0.6569205615045595
Multiscale,942484272,199,0.6572831414228392
Multiscale,942484272,200,0.6576187977499791
Uniform,942484272,1,0.0557887666862564
Uniform,942484272,2,0.09340105784568886
Uniform,942484272,3,0.12401701508409592
Uniform,942484272,4,0.15070103265888674
Uniform,942484272,5,0.17127025438670138
Uniform,942484272,6,0.19153163742199086
Uniform,942484272,7,0.20926034757786915
Uniform,942484272,8,0.22585215347158089
Uniform,942484272,9,0.24124758626479728
Uniform,942484272,10,0.25514650323230625
Uniform,942484272,11,0.2686439578388197
Uniform,942484272,12,0.28072440041418295
Uniform,942484272,13,0.29242845979475984
Uniform,942484272,14,0.303914748671696
Uniform,942484272,15,0.3143872610751966
Uniform,942484272,16,0.3244112585005457
Uniform,942484272,17,0.33343868989120284
Uniform,942484272,18,0.3425288482168677
Uniform,942484272,19,0.3510730903322448
Uniform,942484272,20,0.35965913861136767
Uniform,942484272,21,0.3679092155710407
Uniform,942484272,22,0.37573938528938106
Uniform,942484272,23,0.3827864633714542
Uniform,942484272,24,0.3897395264881202
Uniform,942484272,25,0.39686844093694906
Uniform,942484272,26,0.4032649199511763
Uniform,942484272,27,0.4099665108816314
Uniform,942484272,28,0.4163258452570853
Uniform,942484272,29,0.4224000416885001
Uniform,942484272,30,0.4281308594296589
Uniform,942484272,31,0.43372485720708154
Uniform,942484272,32,0.43919092645453783
Uniform,942484272,33,0.4443053658064992
Uniform,942484272,34,0.4494498412243749
Uniform,942484272,35,0.45440948942754
Uniform,942484272,36,0.4594294256476273
Uniform,942484272,37,0.4641712067201111
Uniform,942484272,38,0.4686170236269879
Uniform,942484272,39,0.4731749793877239
Uniform,942484272,40,0.47743997145495765
Uniform,942484272,41,0.48170987670753207
Uniform,942484272,42,0.4858754012897242
Uniform,942484272,43,0.48962167080263896
Uniform,942484272,44,0.4935458819578541
Uniform,942484272,45,0.4975494174385955
Uniform,942484272,46,0.501247476756962
Uniform,942484272,47,0.5049801988864219
Uniform,942484272,48,0.5085748817619568
Uniform,942484272,49,0.5120725311365416
Uniform,942484272,50,0.5153614306103601
Uniform,942484272,51,0.5187427670253728
Uniform,942484272,52,0.5221127206266993
Uniform,942484272,53,0.5252992714836294
Uniform,942484272,54,0.5284237726098192
Uniform,942484272,55,0.5314438143503714
Uniform,942484272,56,0.5343417549204217
Uniform,942484272,57,0.5371836736497444
Uniform,942484272,58,0.5400014185670156
Uniform,942484272,59,0.5427087053841415
Uniform,942484272,60,0.5454208994486889
Uniform,942484272,61,0.5480710075133745
Uniform,942484272,62,0.5504629767550191
Uniform,942484272,63,0.5529935647054276
Uniform,942484272,64,0.555444415876081
Uniform,942484272,65,0.5577849822077847
Uniform,942484272,66,0.5598638131800754
Uniform,942484272,67,0.5622502465424536
Uniform,942484272,68,0.5643856148789799
Uniform,942484272,69,0.5665509533873816
Uniform,942484272,70,0.5687839572064238
Uniform,942484272,71,0.5708009284824893
Uniform,942484272,72,0.5727624558064908
Uniform,942484272,73,0.5747007198365043
Uniform,942484272,74,0.5765400821861236
Uniform,942484272,75,0.5783001707105476
Uniform,942484272,76,0.5801139150453583
Uniform,942484272,77,0.581913804439201
Uniform,942484272,78,0.5835588305574033
Uniform,942484272,79,0.5852807053154779
Uniform,942484272,80,0.5870597556880195
Uniform,942484272,81,0.5887399447134145
Uniform,942484272,82,0.5904221553759489
Uniform,942484272,83,0.5920820381686261
Uniform,942484272,84,0.5936894067508625
Uniform,942484272,85,0.5951754927476826
Uniform,942484272,86,0.5966323878845625
Uniform,942484272,87,0.5980721963759955
Uniform,942484272,88,0.5995398638386213
Uniform,942484272,89,0.6010575626910825
Uniform,942484272,90,0.6024855642310096
Uniform,942484272,91,0.6038697261096723
Uniform,942484272,92,0.6051147459600734
Uniform,942484272,93,0.6063483379870238
Uniform,942484272,94,0.6076186503803922
Uniform,942484272,95,0.6087707514946379
Uniform,942484272,96,0.6099159040662693
Uniform,942484272,97,0.6110248951199055
Uniform,942484272,98,0.612087694619448
Uniform,942484272,99,0.6131637930815163
Uniform,942484272,100,0.61419738057258
Uniform,942484272,101,0.6153713473941635
Uniform,942484272,102,0.6164683823323638
Uniform,942484272,103,0.6174915412285127
Uniform,942484272,104,0.6185547619201384
Uniform,942484272,105,0.6195457580227962
Uniform,942484272,106,0.6205968638471177
Uniform,942484272,107,0.62164480018078
Uniform,942484272,108,0.6227024816773788
Uniform,942484272,109,0.6237357496231608
Uniform,942484272,110,0.6247460330786668
Uniform,942484272,111,0.6257589131403253
Uniform,942484272,112,0.6267510824328052
Uniform,942484272,113,0.6276692252197902
Uniform,942484272,114,0.6286066101362886
Uniform,942484272,115,0.6294444667515962
Uniform,942484272,116,0.6303301208097991
Uniform,942484272,117,0.6311870016009047
Uniform,942484272,118,0.6320809421286975
Uniform,942484272,119,0.6329704411359035
Uniform,942484272,120,0.6338800968292615
Uniform,942484272,121,0.6347403712520755
Uniform,942484272,122,0.6355373390900546
Uniform,942484272,123,0.6363735646423713
Uniform,942484272,124,0.6371204714536035
Uniform,942484272,125,0.6379544958441776
Uniform,942484272,126,0.6387552922268732
Uniform,942484272,127,0.6395672761960922
Uniform,942484272,128,0.6404088788724708
Uniform,942484272,129,0.6411407864139655
Uniform,942484272,130,0.6419089012741938
Uniform,942484272,131,0.6426505488223407
Uniform,942484272,132,0.643445198352427
Uniform,942484272,133,0.6442544106887991
Uniform,942484272,134,0.6449986028216736
Uniform,942484272,135,0.6456534109459976
Uniform,942484272,136,0.6463396415572359
Uniform,942484272,137,0.6469913415005575
Uniform,942484272,138,0.6476609734759856
Uniform,942484272,139,0.6483315404598494
Uniform,942484272,140,0.6489436535255525
Uniform,942484272,141,0.6494908157487179
Uniform,942484272,142,0.6501189573846403
Uniform,942484272,143,0.6507242233041913
Uniform,942484272,144,0.651343820837881
Uniform,942484272,145,0.6520165364383544
Uniform,942484272,146,0.6525903303381357
Uniform,942484272,147,0.6531985810863679
Uniform,942484272,148,0.6536811872740845
Uniform,942484272,149,0.6541992935299219
Uniform,942484272,150,0.654766742227073
Uniform,942484272,151,0.6553739350514105
Uniform,942484272,152,0.6559394456252293
Uniform,942484272,153,0.6564827481380149
Uniform,942484272,154,0.6570530678288212
Uniform,942484272,155,0.6576190076399966
Uniform,942484272,156,0.6581752700046714
Uniform,942484272,157,0.658754124940442
Uniform,942484272,158,0.6593833059325015
Uniform,942484272,159,0.6599066240233514
Uniform,942484272,160,0.6604609184787171
Uniform,942484272,161,0.6609908581816172
Uniform,942484272,162,0.6615492370886544
Uniform,942484272,163,0.6621025674571065
Uniform,942484272,164,0.6626327682343233
Uniform,942484272,165,0.6631835100225663
Uniform,942484272,166,0.6637604907076885
Uniform,942484272,167,0.6642933593814806
Uniform,942484272,168,0.6648308786196032
Uniform,942484272,169,0.6653282555680469
Uniform,942484272,170,0.6658983045825163
Uniform,942484272,171,0.666409888937495
Uniform,942484272,172,0.6669291918941451
Uniform,942484272,173,0.667430358977445
Uniform,942484272,174,0.6679807711793503
Uniform,942484272,175,0.6684778775921417
Uniform,942484272,176,0.6689695735798079
Uniform,942484272,177,0.6694229850676888
Uniform,942484272,178,0.6698774336629629
Uniform,942484272,179,0.6702942071762218
Uniform,942484272,180,0.6707198761182472
Uniform,942484272,181,0.6711185769595958
Uniform,942484272,182,0.671530195100844
Uniform,942484272,183,0.6719288273272673
Uniform,942484272,184,0.6723108069632382
Uniform,942484272,185,0.6727124824429837
Uniform,942484272,186,0.6731184149828071
Uniform,942484272,187,0.6735139450029789
Uniform,942484272,188,0.673864852264222
Uniform,942484272,189,0.6742233736188903
Uniform,942484272,190,0.6746066219195879
Uniform,942484272,191,0.6749583846336771
Uniform,942484272,192,0.6752715014832228
Uniform,942484272,193,0.6756083439220854
Uniform,942484272,194,0.6759694105855542
Uniform,942484272,195,0.676325051826689
Uniform,942484272,196,0.6767001948122041
Uniform,942484272,197,0.6770634319596228
Uniform,942484272,198,0.6774533174919373
Uniform,942484272,199,0.677760602188172
Uniform,942484272,200,0.6781137184115522
tt-SNE,942484272,1,0.2609772479220888
tt-SNE,942484272,2,0.3076987658466963
tt-SNE,942484272,3,0.33557216018806146
tt-SNE,942484272,4,0.35304550415582237
tt-SNE,942484272,5,0.3653597514902192
tt-SNE,942484272,6,0.377053424005821
tt-SNE,942484272,7,0.3860537078570828
tt-SNE,942484272,8,0.3942626563680631
tt-SNE,942484272,9,0.4014543046110504
tt-SNE,942484272,10,0.4084081941062883
tt-SNE,942484272,11,0.41432671098526186
tt-SNE,942484272,12,0.42034324014216545
tt-SNE,942484272,13,0.4257021628359048
tt-SNE,942484272,14,0.43051141202010146
tt-SNE,942484272,15,0.43590518568270226
tt-SNE,942484272,16,0.44079527327680296
tt-SNE,942484272,17,0.4450828942104925
tt-SNE,942484272,18,0.4491856267315926
tt-SNE,942484272,19,0.4531812698567004
tt-SNE,942484272,20,0.457375535219545
tt-SNE,942484272,21,0.4612822880810455
tt-SNE,942484272,22,0.46464498057563286
tt-SNE,942484272,23,0.46808941679777183
tt-SNE,942484272,24,0.47149343743878214
tt-SNE,942484272,25,0.4748921165309378
tt-SNE,942484272,26,0.4779373300698126
tt-SNE,942484272,27,0.4812280587194532
tt-SNE,942484272,28,0.48416679659858236
tt-SNE,942484272,29,0.4870302444277819
tt-SNE,942484272,30,0.48983292754596586
tt-SNE,942484272,31,0.4926172878959812
tt-SNE,942484272,32,0.49532994710771555
tt-SNE,942484272,33,0.4976695847739421
tt-SNE,942484272,34,0.5001284033049036
tt-SNE,942484272,35,0.5024047399162839
tt-SNE,942484272,36,0.5048799429099152
tt-SNE,942484272,37,0.5070114611295035
tt-SNE,942484272,38,0.5095256927475266
tt-SNE,942484272,39,0.5119874109043784
tt-SNE,942484272,40,0.514212702543867
tt-SNE,942484272,41,0.516577215977852
tt-SNE,942484272,42,0.518602252419732
tt-SNE,942484272,43,0.5206414629431851
tt-SNE,942484272,44,0.5227911937780967
tt-SNE,942484272,45,0.524846313864868
tt-SNE,942484272,46,0.5270539107073111
tt-SNE,942484272,47,0.5288906910651159
tt-SNE,942484272,48,0.530629075364509
tt-SNE,942484272,49,0.5325920646152844
tt-SNE,942484272,50,0.5346091847871715
tt-SNE,942484272,51,0.5364245605890748
tt-SNE,942484272,52,0.5382451902895191
tt-SNE,942484272,53,0.5399789001129446
tt-SNE,942484272,54,0.5417960988442057
tt-SNE,942484272,55,0.5435212675830593
tt-SNE,942484272,56,0.5453962123847105
tt-SNE,942484272,57,0.5470801720950853
tt-SNE,942484272,58,0.5487357383351813
tt-SNE,942484272,59,0.5503188193793231
tt-SNE,942484272,60,0.5519624716648477
tt-SNE,942484272,61,0.5536093513228576
tt-SNE,942484272,62,0.5550737864971659
tt-SNE,942484272,63,0.5565876813882858
tt-SNE,942484272,64,0.5581310081017546
tt-SNE,942484272,65,0.5596940126450662
tt-SNE,942484272,66,0.5611479584697617
tt-SNE,942484272,67,0.5626374466346798
tt-SNE,942484272,68,0.5640917688542968
tt-SNE,942484272,69,0.5654394488592325
tt-SNE,942484272,70,0.5669351259939791
tt-SNE,942484272,71,0.5683845327020473
tt-SNE,942484272,72,0.5697505340534893
tt-SNE,942484272,73,0.5711101629321578
tt-SNE,942484272,74,0.5724381505172371
tt-SNE,942484272,75,0.5737005009375087
tt-SNE,942484272,76,0.5749257652148169
tt-SNE,942484272,77,0.5761104817439299
tt-SNE,942484272,78,0.5772938826208913
tt-SNE,942484272,79,0.5785280917862332
tt-SNE,942484272,80,0.5797639786751742
tt-SNE,942484272,81,0.5809677950975911
tt-SNE,942484272,82,0.5820654611130109
tt-SNE,942484272,83,0.5831508385991282
tt-SNE,942484272,84,0.5842863339610045
tt-SNE,942484272,85,0.585356590793483
tt-SNE,942484272,86,0.5863902431405014
tt-SNE,942484272,87,0.5873822806504565
tt-SNE,942484272,88,0.5883746689461995
tt-SNE,942484272,89,0.5893631512368417
tt-SNE,942484272,90,0.590415955372718
tt-SNE,942484272,91,0.5913455195631335
tt-SNE,942484272,92,0.5922840779257756
tt-SNE,942484272,93,0.5932394651009322
tt-SNE,942484272,94,0.5941749714638891
tt-SNE,942484272,95,0.5950943179458174
tt-SNE,942484272,96,0.5959931995634288
tt-SNE,942484272,97,0.5969003788406628
tt-SNE,942484272,98,0.5978370191162687
tt-SNE,942484272,99,0.5986215950114867
tt-SNE,942484272,100,0.5994769540760642
tt-SNE,942484272,101,0.6003531971029359
tt-SNE,942484272,102,0.6012106126977699
tt-SNE,942484272,103,0.6020725722245814
tt-SNE,942484272,104,0.6029022138553245
tt-SNE,942484272,105,0.6037964106808033
tt-SNE,942484272,106,0.6047050213612596
tt-SNE,942484272,107,0.6056064566092602
tt-SNE,942484272,108,0.6064251221248954
tt-SNE,942484272,109,0.6072784466444171
tt-SNE,942484272,110,0.6081055708626861
tt-SNE,942484272,111,0.6089000174719258
tt-SNE,942484272,112,0.609739121700229
tt-SNE,942484272,113,0.6105637460130184
tt-SNE,942484272,114,0.6113860547599375
tt-SNE,942484272,115,0.6122491814289313
tt-SNE,942484272,116,0.6130767994812099
tt-SNE,942484272,117,0.6138403989130209
tt-SNE,942484272,118,0.6146465523252256
tt-SNE,942484272,119,0.6154275159816256
tt-SNE,942484272,120,0.6162605294825512
tt-SNE,942484272,121,0.6171002427785691
tt-SNE,942484272,122,0.6178422342757969
tt-SNE,942484272,123,0.6186233535578576
tt-SNE,942484272,124,0.6193966135938317
tt-SNE,942484272,125,0.6201907480480229
tt-SNE,942484272,126,0.6209746093047243
tt-SNE,942484272,127,0.6217289384457033
tt-SNE,942484272,128,0.6224055626101923
tt-SNE,942484272,129,0.6230697440122771
tt-SNE,942484272,130,0.6238018509070478
tt-SNE,942484272,131,0.6245118855429679
tt-SNE,942484272,132,0.6252556842032956
tt-SNE,942484272,133,0.6259529480236566
tt-SNE,942484272,134,0.6266457570263033
tt-SNE,942484272,135,0.6272897446182644
tt-SNE,942484272,136,0.6279344476435524
tt-SNE,942484272,137,0.6285562569593095
tt-SNE,942484272,138,0.6291778760103619
tt-SNE,942484272,139,0.6297902489023809
tt-SNE,942484272,140,0.6303497967065258
tt-SNE,942484272,141,0.6309210569406313
tt-SNE,942484272,142,0.6314668296911009
tt-SNE,942484272,143,0.6320096660958049
tt-SNE,942484272,144,0.6325749890390767
tt-SNE,942484272,145,0.6331550956953729
tt-SNE,942484272,146,0.6335872331665331
tt-SNE,942484272,147,0.6341228624772047
tt-SNE,942484272,148,0.634640759053067
tt-SNE,942484272,149,0.6351455059025581
tt-SNE,942484272,150,0.6356978143452829
tt-SNE,942484272,151,0.636212227441827
tt-SNE,942484272,152,0.6366883884423509
tt-SNE,942484272,153,0.6371915234064408
tt-SNE,942484272,154,0.6376979371900034
tt-SNE,942484272,155,0.6382262533142311
tt-SNE,942484272,156,0.6387120072159111
tt-SNE,942484272,157,0.6392594866277332
tt-SNE,942484272,158,0.6397654970567574
tt-SNE,942484272,159,0.6402529979950884
tt-SNE,942484272,160,0.6407669381244229
tt-SNE,942484272,161,0.6412804907619712
tt-SNE,942484272,162,0.6417794112921865
tt-SNE,942484272,163,0.6422513498632237
tt-SNE,942484272,164,0.6428378359008172
tt-SNE,942484272,165,0.6433302040639796
tt-SNE,942484272,166,0.6438603882408992
tt-SNE,942484272,167,0.644345009921388
tt-SNE,942484272,168,0.6448605930492421
tt-SNE,942484272,169,0.6453385290013358
tt-SNE,942484272,170,0.6458881310898971
tt-SNE,942484272,171,0.6464519258575172
tt-SNE,942484272,172,0.6469945213824236
tt-SNE,942484272,173,0.6474818293480112
tt-SNE,942484272,174,0.6479999652595833
tt-SNE,942484272,175,0.6485052232630103
tt-SNE,942484272,176,0.6490250131658284
tt-SNE,942484272,177,0.6495152133502383
tt-SNE,942484272,178,0.6500142913877174
tt-SNE,942484272,179,0.6504104698300103
tt-SNE,942484272,180,0.6507726284760119
tt-SNE,942484272,181,0.6511801848980306
tt-SNE,942484272,182,0.6516183212304444
tt-SNE,942484272,183,0.6520273540599152
tt-SNE,942484272,184,0.6523808372239034
tt-SNE,942484272,185,0.652769754054281
tt-SNE,942484272,186,0.6531770578023568
tt-SNE,942484272,187,0.6535768626223816
tt-SNE,942484272,188,0.6539554443684276
tt-SNE,942484272,189,0.6543102525387808
tt-SNE,942484272,190,0.6546118360294993
tt-SNE,942484272,191,0.6549212505840657
tt-SNE,942484272,192,0.6552324706853607
tt-SNE,942484272,193,0.6555596059374732
tt-SNE,942484272,194,0.6558952696415944
tt-SNE,942484272,195,0.6562524621713607
tt-SNE,942484272,196,0.6566552697814916
tt-SNE,942484272,197,0.6570056173813651
tt-SNE,942484272,198,0.657388467836793
tt-SNE,942484272,199,0.6577309771086985
tt-SNE,942484272,200,0.6581099403912349
γ=1.0,929893138,1,0.36021324825791284
γ=1.0,929893138,2,0.41572915792124926
γ=1.0,929893138,3,0.43457028517057056
γ=1.0,929893138,4,0.44348711275291747
γ=1.0,929893138,5,0.4479136932247503
γ=1.0,929893138,6,0.45198416030000277
γ=1.0,929893138,7,0.45411804214591556
γ=1.0,929893138,8,0.4573608429183108
γ=1.0,929893138,9,0.4585350609613896
γ=1.0,929893138,10,0.46000755604063476
γ=1.0,929893138,11,0.4619145022553636
γ=1.0,929893138,12,0.4643256933366916
γ=1.0,929893138,13,0.46604302422453714
γ=1.0,929893138,14,0.4674820394113484
γ=1.0,929893138,15,0.46886351551786865
γ=1.0,929893138,16,0.47062589203257493
γ=1.0,929893138,17,0.4722920483784144
γ=1.0,929893138,18,0.4740389369303818
γ=1.0,929893138,19,0.4755179864698266
γ=1.0,929893138,20,0.47723532868776763
γ=1.0,929893138,21,0.47898701080633743
γ=1.0,929893138,22,0.48034284580334446
γ=1.0,929893138,23,0.48196588465904733
γ=1.0,929893138,24,0.4836495676265637
γ=1.0,929893138,25,0.48518680211569143
γ=1.0,929893138,26,0.4868205214313853
γ=1.0,929893138,27,0.48852134814690434
γ=1.0,929893138,28,0.4900272257337156
γ=1.0,929893138,29,0.49170138295808863
γ=1.0,929893138,30,0.49325833263369995
γ=1.0,929893138,31,0.49491659918589753
γ=1.0,929893138,32,0.49646072957770127
γ=1.0,929893138,33,0.4978680262451566
γ=1.0,929893138,34,0.49922711087625377
γ=1.0,929893138,35,0.5006608537126546
γ=1.0,929893138,36,0.5019881248892246
γ=1.0,929893138,37,0.5033843347167165
γ=1.0,929893138,38,0.5050020105254319
γ=1.0,929893138,39,0.5066174555302252
γ=1.0,929893138,40,0.5081993535387457
γ=1.0,929893138,41,0.5097563023317245
γ=1.0,929893138,42,0.5110272217358105
γ=1.0,929893138,43,0.5123552002936507
γ=1.0,929893138,44,0.5137315773807252
γ=1.0,929893138,45,0.5152361495909477
γ=1.0,929893138,46,0.5167382726234062
γ=1.0,929893138,47,0.5180666181984471
γ=1.0,929893138,48,0.5193264979150924
γ=1.0,929893138,49,0.5207397038237678
γ=1.0,929893138,50,0.5221954495844179
γ=1.0,929893138,51,0.5233463547454075
γ=1.0,929893138,52,0.5247670220804298
γ=1.0,929893138,53,0.526134079327338
γ=1.0,929893138,54,0.5275694425010183
γ=1.0,929893138,55,0.5289991680722936
γ=1.0,929893138,56,0.530469284095134
γ=1.0,929893138,57,0.5318576223953386
γ=1.0,929893138,58,0.5331850593047863
γ=1.0,929893138,59,0.5345863174476235
γ=1.0,929893138,60,0.5358079366412
γ=1.0,929893138,61,0.5370184056341362
γ=1.0,929893138,62,0.5382426382768978
γ=1.0,929893138,63,0.5393760336250472
γ=1.0,929893138,64,0.5405999443791454
γ=1.0,929893138,65,0.541699657072002
γ=1.0,929893138,66,0.5427876701699219
γ=1.0,929893138,67,0.5439202693609444
γ=1.0,929893138,68,0.5450430151071427
γ=1.0,929893138,69,0.5462421169568016
γ=1.0,929893138,70,0.547549683965602
γ=1.0,929893138,71,0.5486259003099277
γ=1.0,929893138,72,0.5497771667646153
γ=1.0,929893138,73,0.5508232864061423
γ=1.0,929893138,74,0.5519296267134399
γ=1.0,929893138,75,0.5529656060224442
γ=1.0,929893138,76,0.5539632758750205
γ=1.0,929893138,77,0.5549175868208694
γ=1.0,929893138,78,0.5558888680792803
γ=1.0,929893138,79,0.5568982612604666
γ=1.0,929893138,80,0.5579348921165309
γ=1.0,929893138,81,0.5588966936880629
γ=1.0,929893138,82,0.5598667761507604
γ=1.0,929893138,83,0.560768470574431
γ=1.0,929893138,84,0.5617701324505959
γ=1.0,929893138,85,0.5626361198496693
γ=1.0,929893138,86,0.5635283390573107
γ=1.0,929893138,87,0.5643783347181248
γ=1.0,929893138,88,0.5652123514551103
γ=1.0,929893138,89,0.5661875199867179
γ=1.0,929893138,90,0.5671134991930895
γ=1.0,929893138,91,0.5679425519489326
γ=1.0,929893138,92,0.5686947213573131
γ=1.0,929893138,93,0.5695914050714844
γ=1.0,929893138,94,0.5704591857696354
γ=1.0,929893138,95,0.571353326646311
γ=1.0,929893138,96,0.57218904793888
γ=1.0,929893138,97,0.5730391295579674
γ=1.0,929893138,98,0.5738264577932592
γ=1.0,929893138,99,0.5746720839492226
γ=1.0,929893138,100,0.5754697338594577
γ=1.0,929893138,101,0.5763022948252343
γ=1.0,929893138,102,0.5770563871590111
γ=1.0,929893138,103,0.5778386300335906
γ=1.0,929893138,104,0.5786534586645828
γ=1.0,929893138,105,0.5794667594180649
γ=1.0,929893138,106,0.5802932282351972
γ=1.0,929893138,107,0.5810960103634667
γ=1.0,929893138,108,0.5818637145247001
γ=1.0,929893138,109,0.5826731746693172
γ=1.0,929893138,110,0.5834026606421872
γ=1.0,929893138,111,0.5842744347907642
γ=1.0,929893138,112,0.5850661753241302
γ=1.0,929893138,113,0.5858851377807233
γ=1.0,929893138,114,0.5866709528417636
γ=1.0,929893138,115,0.5875380083444971
γ=1.0,929893138,116,0.5883047110900095
γ=1.0,929893138,117,0.5890622544555884
γ=1.0,929893138,118,0.589799487441462
γ=1.0,929893138,119,0.5905405567482639
γ=1.0,929893138,120,0.5913224470377523
γ=1.0,929893138,121,0.5921111882827944
γ=1.0,929893138,122,0.5928264409121751
γ=1.0,929893138,123,0.5935703349981196
γ=1.0,929893138,124,0.594280564726019
γ=1.0,929893138,125,0.5950217446058266
γ=1.0,929893138,126,0.5958101288258286
γ=1.0,929893138,127,0.5964846231598264
γ=1.0,929893138,128,0.597212857337755
γ=1.0,929893138,129,0.5978731795701843
γ=1.0,929893138,130,0.5985097808748215
γ=1.0,929893138,131,0.5991613371692469
γ=1.0,929893138,132,0.5999178248779458
γ=1.0,929893138,133,0.6005865558026542
γ=1.0,929893138,134,0.6012437393253697
γ=1.0,929893138,135,0.6018230891457321
γ=1.0,929893138,136,0.6024812704025444
γ=1.0,929893138,137,0.6030737703662259
γ=1.0,929893138,138,0.6036662006499899
γ=1.0,929893138,139,0.6042905747604083
γ=1.0,929893138,140,0.6048064814037444
γ=1.0,929893138,141,0.6053871175759221
γ=1.0,929893138,142,0.6059776085781754
γ=1.0,929893138,143,0.6065304857177916
γ=1.0,929893138,144,0.607097839065663
γ=1.0,929893138,145,0.6076926862737718
γ=1.0,929893138,146,0.6082445949007652
γ=1.0,929893138,147,0.6088027016700392
γ=1.0,929893138,148,0.6093731209170719
γ=1.0,929893138,149,0.609930812361705
γ=1.0,929893138,150,0.6104606386253603
γ=1.0,929893138,151,0.6110398813273501
γ=1.0,929893138,152,0.6116126070991432
γ=1.0,929893138,153,0.6121292834711474
γ=1.0,929893138,154,0.612636251331575
γ=1.0,929893138,155,0.6132228002849087
γ=1.0,929893138,156,0.6137542004912502
γ=1.0,929893138,157,0.6143582418863471
γ=1.0,929893138,158,0.6149110650829093
γ=1.0,929893138,159,0.6154711912090141
γ=1.0,929893138,160,0.6160324489967257
γ=1.0,929893138,161,0.616573176525066
γ=1.0,929893138,162,0.6171080057753441
γ=1.0,929893138,163,0.6176280316230859
γ=1.0,929893138,164,0.6181778065366919
γ=1.0,929893138,165,0.6187771425954619
γ=1.0,929893138,166,0.6192855546103481
γ=1.0,929893138,167,0.6197785773428376
γ=1.0,929893138,168,0.6202959649143849
γ=1.0,929893138,169,0.6207488577760402
γ=1.0,929893138,170,0.6213077876604424
γ=1.0,929893138,171,0.6218420144335596
γ=1.0,929893138,172,0.6223558738941725
γ=1.0,929893138,173,0.6228198736001064
γ=1.0,929893138,174,0.6233060428059835
γ=1.0,929893138,175,0.6238029672451636
γ=1.0,929893138,176,0.6243450477404385
γ=1.0,929893138,177,0.6248141228233693
γ=1.0,929893138,178,0.625276748242348
γ=1.0,929893138,179,0.6256851912391203
γ=1.0,929893138,180,0.6261070532374369
γ=1.0,929893138,181,0.6265372414468078
γ=1.0,929893138,182,0.6269943011400487
γ=1.0,929893138,183,0.6274408603334476
γ=1.0,929893138,184,0.6278800560680116
γ=1.0,929893138,185,0.6282877285815747
γ=1.0,929893138,186,0.628711103768722
γ=1.0,929893138,187,0.6290967276462641
γ=1.0,929893138,188,0.629480928589164
γ=1.0,929893138,189,0.6298868281909169
γ=1.0,929893138,190,0.6302531052675767
γ=1.0,929893138,191,0.6306254370877201
γ=1.0,929893138,192,0.6310052594940251
γ=1.0,929893138,193,0.631362440692476
γ=1.0,929893138,194,0.6317274078279889
γ=1.0,929893138,195,0.6321288875398522
γ=1.0,929893138,196,0.6325050673447113
γ=1.0,929893138,197,0.632867839181203
γ=1.0,929893138,198,0.6332422113842651
γ=1.0,929893138,199,0.6335849763467661
γ=1.0,929893138,200,0.6339572663924103
γ=0.7,929893138,1,0.22626143900596088
γ=0.7,929893138,2,0.29395096969188145
γ=0.7,929893138,3,0.33180813253854974
γ=0.7,929893138,4,0.35635127193350685
γ=0.7,929893138,5,0.3734195281672404
γ=0.7,929893138,6,0.38775081857106874
γ=0.7,929893138,7,0.39807141058085554
γ=0.7,929893138,8,0.4080052052724372
γ=0.7,929893138,9,0.41639847386636064
γ=0.7,929893138,10,0.4231592645453782
γ=0.7,929893138,11,0.4298929179291869
γ=0.7,929893138,12,0.4362913833151429
γ=0.7,929893138,13,0.44240295008492475
γ=0.7,929893138,14,0.447440541156434
γ=0.7,929893138,15,0.4522458231886492
γ=0.7,929893138,16,0.45642158508941316
γ=0.7,929893138,17,0.4607456281143974
γ=0.7,929893138,18,0.46481077248854935
γ=0.7,929893138,19,0.46840823829366046
γ=0.7,929893138,20,0.4717446058265469
γ=0.7,929893138,21,0.4753469182148554
γ=0.7,929893138,22,0.4784748246464307
γ=0.7,929893138,23,0.4814256460049717
γ=0.7,929893138,24,0.48440692077351466
γ=0.7,929893138,25,0.4871446562001512
γ=0.7,929893138,26,0.4896734111325665
γ=0.7,929893138,27,0.4920195151074171
γ=0.7,929893138,28,0.49453086582630706
γ=0.7,929893138,29,0.4970485120969026
γ=0.7,929893138,30,0.4991268575266561
γ=0.7,929893138,31,0.5015694356802197
γ=0.7,929893138,32,0.5038777180757283
γ=0.7,929893138,33,0.5061580459112152
γ=0.7,929893138,34,0.5081178050936604
γ=0.7,929893138,35,0.5098264509397076
γ=0.7,929893138,36,0.5119007639996642
γ=0.7,929893138,37,0.5138402612166361
γ=0.7,929893138,38,0.5159726303417009
γ=0.7,929893138,39,0.5180064107945899
γ=0.7,929893138,40,0.519943749475275
γ=0.7,929893138,41,0.5219841876027693
γ=0.7,929893138,42,0.5238015279993283
γ=0.7,929893138,43,0.5254494086958899
γ=0.7,929893138,44,0.5272990589294846
γ=0.7,929893138,45,0.5290478455955746
γ=0.7,929893138,46,0.5307598383664351
γ=0.7,929893138,47,0.5324159502123015
γ=0.7,929893138,48,0.5339278468082724
γ=0.7,929893138,49,0.5354140144849813
γ=0.7,929893138,50,0.5370749727142977
γ=0.7,929893138,51,0.538600831987568
γ=0.7,929893138,52,0.5402746653061489
γ=0.7,929893138,53,0.5418449411753525
γ=0.7,929893138,54,0.5434005914234276
γ=0.7,929893138,55,0.5450355286557117
γ=0.7,929893138,56,0.5465760941266776
γ=0.7,929893138,57,0.5480257818587271
γ=0.7,929893138,58,0.5495253590566819
γ=0.7,929893138,59,0.5508794747484521
γ=0.7,929893138,60,0.5523766546329724
γ=0.7,929893138,61,0.55377657517297
γ=0.7,929893138,62,0.5551543571813531
γ=0.7,929893138,63,0.5564570831550933
γ=0.7,929893138,64,0.5577833777600537
γ=0.7,929893138,65,0.5590152606188205
γ=0.7,929893138,66,0.5602257144528994
γ=0.7,929893138,67,0.5614952690163488
γ=0.7,929893138,68,0.562729953034022
γ=0.7,929893138,69,0.564031056422087
γ=0.7,929893138,70,0.5654077263513919
γ=0.7,929893138,71,0.5666362375411059
γ=0.7,929893138,72,0.5678282913086875
γ=0.7,929893138,73,0.5689319070779514
γ=0.7,929893138,74,0.570149782054744
γ=0.7,929893138,75,0.5712758514538382
γ=0.7,929893138,76,0.5723722874476932
γ=0.7,929893138,77,0.5734446059355807
γ=0.7,929893138,78,0.57452441074723
γ=0.7,929893138,79,0.5755678454869395
γ=0.7,929893138,80,0.5765746998572748
γ=0.7,929893138,81,0.5776131825441987
γ=0.7,929893138,82,0.5786365749225454
γ=0.7,929893138,83,0.5796676758246149
γ=0.7,929893138,84,0.5807441900444167
γ=0.7,929893138,85,0.5818027824008455
γ=0.7,929893138,86,0.5826776304100372
γ=0.7,929893138,87,0.5835680723990284
γ=0.7,929893138,88,0.5845489463521115
γ=0.7,929893138,89,0.5855502278603765
γ=0.7,929893138,90,0.5864522989953264
γ=0.7,929893138,91,0.5873119408506865
γ=0.7,929893138,92,0.5882436950863835
γ=0.7,929893138,93,0.5891951327181976
γ=0.7,929893138,94,0.590087921588662
γ=0.7,929893138,95,0.5909619149039588
γ=0.7,929893138,96,0.5918089546077856
γ=0.7,929893138,97,0.5926861334969754
γ=0.7,929893138,98,0.5935325603669391
γ=0.7,929893138,99,0.5943563754410871
γ=0.7,929893138,100,0.5951767273948451
γ=0.7,929893138,101,0.5960041096881077
γ=0.7,929893138,102,0.5967494209504807
γ=0.7,929893138,103,0.5975984506448718
γ=0.7,929893138,104,0.5984024947850404
γ=0.7,929893138,105,0.5993055638845245
γ=0.7,929893138,106,0.6001246667500947
γ=0.7,929893138,107,0.6009767143698945
γ=0.7,929893138,108,0.601811428589197
γ=0.7,929893138,109,0.6026227394459982
γ=0.7,929893138,110,0.603343738789965
γ=0.7,929893138,111,0.6041489394692316
γ=0.7,929893138,112,0.6049896104441272
γ=0.7,929893138,113,0.6057760246904959
γ=0.7,929893138,114,0.6065103464731849
γ=0.7,929893138,115,0.6073132982664909
γ=0.7,929893138,116,0.6080958922352274
γ=0.7,929893138,117,0.608838917125375
γ=0.7,929893138,118,0.6096056344441614
γ=0.7,929893138,119,0.6103457082606362
γ=0.7,929893138,120,0.6111308174516553
γ=0.7,929893138,121,0.6119185612854566
γ=0.7,929893138,122,0.612607026704892
γ=0.7,929893138,123,0.613361086595502
γ=0.7,929893138,124,0.6140461108056797
γ=0.7,929893138,125,0.61477357064898
γ=0.7,929893138,126,0.6154771566365891
γ=0.7,929893138,127,0.6161637128916101
γ=0.7,929893138,128,0.6167969077953153
γ=0.7,929893138,129,0.6174775580386574
γ=0.7,929893138,130,0.6181364349696143
γ=0.7,929893138,131,0.6188342804553622
γ=0.7,929893138,132,0.6195953320460079
γ=0.7,929893138,133,0.6202508832740065
γ=0.7,929893138,134,0.6209298566357199
γ=0.7,929893138,135,0.6214656853142286
γ=0.7,929893138,136,0.6221350012593401
γ=0.7,929893138,137,0.6226869966852697
γ=0.7,929893138,138,0.623242855526313
γ=0.7,929893138,139,0.62386440440461
γ=0.7,929893138,140,0.6243904194202238
γ=0.7,929893138,141,0.6249176070037172
γ=0.7,929893138,142,0.6254766868358163
γ=0.7,929893138,143,0.6259513301743174
γ=0.7,929893138,144,0.6265047948208472
γ=0.7,929893138,145,0.6270019888888567
γ=0.7,929893138,146,0.627476558447757
γ=0.7,929893138,147,0.627958092816507
γ=0.7,929893138,148,0.6284688579940868
γ=0.7,929893138,149,0.6289843182575015
γ=0.7,929893138,150,0.6294556852209442
γ=0.7,929893138,151,0.6299736289177847
γ=0.7,929893138,152,0.6304400178516983
γ=0.7,929893138,153,0.6308841226021095
γ=0.7,929893138,154,0.6313554424754155
γ=0.7,929893138,155,0.6318125560270934
γ=0.7,929893138,156,0.632268652764413
γ=0.7,929893138,157,0.6327646606171996
γ=0.7,929893138,158,0.63322224217801
γ=0.7,929893138,159,0.6337004692559967
γ=0.7,929893138,160,0.6341955440349257
γ=0.7,929893138,161,0.6347217536271862
γ=0.7,929893138,162,0.6352018209125085
γ=0.7,929893138,163,0.635659773174562
γ=0.7,929893138,164,0.6361515590220969
γ=0.7,929893138,165,0.6366371294169128
γ=0.7,929893138,166,0.6371588275695342
γ=0.7,929893138,167,0.637633053932434
γ=0.7,929893138,168,0.6380973869692281
γ=0.7,929893138,169,0.638536105305672
γ=0.7,929893138,170,0.6390291722431563
γ=0.7,929893138,171,0.6395319378961214
γ=0.7,929893138,172,0.6400283693205225
γ=0.7,929893138,173,0.6404884880784896
γ=0.7,929893138,174,0.6409659958871207
γ=0.7,929893138,175,0.6413922304712331
γ=0.7,929893138,176,0.6419054483632395
γ=0.7,929893138,177,0.6423651972468122
γ=0.7,929893138,178,0.6428127054681774
γ=0.7,929893138,179,0.6432078417724756
γ=0.7,929893138,180,0.6435757329825839
γ=0.7,929893138,181,0.6439671578943463
γ=0.7,929893138,182,0.6444172484387412
γ=0.7,929893138,183,0.6448032378574611
γ=0.7,929893138,184,0.6452151463937246
γ=0.7,929893138,185,0.6456439312286849
γ=0.7,929893138,186,0.6460534357416069
γ=0.7,929893138,187,0.6464363368781924
γ=0.7,929893138,188,0.6468314645678857
γ=0.7,929893138,189,0.6471942035706624
γ=0.7,929893138,190,0.6475036344113578
γ=0.7,929893138,191,0.6478265284278997
γ=0.7,929893138,192,0.6481331594744354
γ=0.7,929893138,193,0.6484644533311177
γ=0.7,929893138,194,0.6488124552631329
γ=0.7,929893138,195,0.6491299789679439
γ=0.7,929893138,196,0.6494703918004108
γ=0.7,929893138,197,0.6498088402692217
γ=0.7,929893138,198,0.6501277572976003
γ=0.7,929893138,199,0.650437351732215
γ=0.7,929893138,200,0.6507511963731005
γ=0.0,929893138,1,0.056250524725044077
γ=0.0,929893138,2,0.09463940894971035
γ=0.0,929893138,3,0.12510844317577588
γ=0.0,929893138,4,0.15114180169591135
γ=0.0,929893138,5,0.17294097892704224
γ=0.0,929893138,6,0.19235720482467183
γ=0.0,929893138,7,0.2100279453566331
γ=0.0,929893138,8,0.22665498278901855
γ=0.0,929893138,9,0.24176065075233913
γ=0.0,929893138,10,0.2553186130467635
γ=0.0,929893138,11,0.26836156036055286
γ=0.0,929893138,12,0.28063694624017016
γ=0.0,929893138,13,0.29269001504749975
γ=0.0,929893138,14,0.3036778727946556
γ=0.0,929893138,15,0.314096213584082
γ=0.0,929893138,16,0.32414627235328686
γ=0.0,929893138,17,0.3335226458982552
γ=0.0,929893138,18,0.34259881155607796
γ=0.0,929893138,19,0.3511062308613444
γ=0.0,929893138,20,0.3599718747376375
γ=0.0,929893138,21,0.3679691841475067
γ=0.0,929893138,22,0.37543790690042056
γ=0.0,929893138,23,0.3827682120655733
γ=0.0,929893138,24,0.3897325301541992
γ=0.0,929893138,25,0.39687347829737224
γ=0.0,929893138,26,0.40349095535477875
γ=0.0,929893138,27,0.40993386132333326
γ=0.0,929893138,28,0.4163018578264989
γ=0.0,929893138,29,0.42244201969202627
γ=0.0,929893138,30,0.42811126969468
γ=0.0,929893138,31,0.4339645380659244
γ=0.0,929893138,32,0.4393496557803711
γ=0.0,929893138,33,0.44466790310967963
γ=0.0,929893138,34,0.4496696084193059
γ=0.0,929893138,35,0.4547273228828094
γ=0.0,929893138,36,0.4597151092827358
γ=0.0,929893138,37,0.4644548418790716
γ=0.0,929893138,38,0.4688611588580216
γ=0.0,929893138,39,0.4735140324931275
γ=0.0,929893138,40,0.47781357568634036
γ=0.0,929893138,41,0.48187676486789216
γ=0.0,929893138,42,0.48594436515266004
γ=0.0,929893138,43,0.4899555423655679
γ=0.0,929893138,44,0.4938111066164965
γ=0.0,929893138,45,0.49778822563643316
γ=0.0,929893138,46,0.501620715962227
γ=0.0,929893138,47,0.5052481435897803
γ=0.0,929893138,48,0.5086754540620714
γ=0.0,929893138,49,0.512096518567128
γ=0.0,929893138,50,0.5153631097305011
γ=0.0,929893138,51,0.5187723985572736
γ=0.0,929893138,52,0.522069128084576
γ=0.0,929893138,53,0.5252660058959294
γ=0.0,929893138,54,0.528322714453182
γ=0.0,929893138,55,0.5313331450683478
γ=0.0,929893138,56,0.5342577989133694
γ=0.0,929893138,57,0.5370518479895482
γ=0.0,929893138,58,0.5397951473427923
γ=0.0,929893138,59,0.5425571576764961
γ=0.0,929893138,60,0.5451494416925532
γ=0.0,929893138,61,0.5477365598131497
γ=0.0,929893138,62,0.5502794922557354
γ=0.0,929893138,63,0.5528103273884484
γ=0.0,929893138,64,0.5551741824783814
γ=0.0,929893138,65,0.557504052491879
γ=0.0,929893138,66,0.5597098938338129
γ=0.0,929893138,67,0.5619777027882166
γ=0.0,929893138,68,0.5641127578560597
γ=0.0,929893138,69,0.5663660068211214
γ=0.0,929893138,70,0.5684913105532701
γ=0.0,929893138,71,0.5706418850606788
γ=0.0,929893138,72,0.5726761676881313
γ=0.0,929893138,73,0.574598937553982
γ=0.0,929893138,74,0.5765440530783491
γ=0.0,929893138,75,0.5783483054879244
γ=0.0,929893138,76,0.5800691753310738
γ=0.0,929893138,77,0.5817175436434944
γ=0.0,929893138,78,0.5834215947766447
γ=0.0,929893138,79,0.585157959507699
γ=0.0,929893138,80,0.5868771513726807
γ=0.0,929893138,81,0.5885782516627953
γ=0.0,929893138,82,0.5902542433618442
γ=0.0,929893138,83,0.5918119628206385
γ=0.0,929893138,84,0.5934795167332317
γ=0.0,929893138,85,0.5950228903583934
γ=0.0,929893138,86,0.5964747263131793
γ=0.0,929893138,87,0.5979110394429181
γ=0.0,929893138,88,0.5994325337159692
γ=0.0,929893138,89,0.6009264403879334
γ=0.0,929893138,90,0.6023377083741454
γ=0.0,929893138,91,0.6036293905070667
γ=0.0,929893138,92,0.6049637164039087
γ=0.0,929893138,93,0.6061921617588513
γ=0.0,929893138,94,0.6073895576590208
γ=0.0,929893138,95,0.6085780945521388
γ=0.0,929893138,96,0.6096631615033722
γ=0.0,929893138,97,0.6107141713412274
γ=0.0,929893138,98,0.6117899934719921
γ=0.0,929893138,99,0.6128792755020611
γ=0.0,929893138,100,0.6138934598270507
γ=0.0,929893138,101,0.6149706860535772
γ=0.0,929893138,102,0.6160938726930617
γ=0.0,929893138,103,0.6171398226164441
γ=0.0,929893138,104,0.6181450727511092
γ=0.0,929893138,105,0.619262306551367
γ=0.0,929893138,106,0.6203453918448619
γ=0.0,929893138,107,0.6213909705706733
γ=0.0,929893138,108,0.622483651899738
γ=0.0,929893138,109,0.6234919691072704
γ=0.0,929893138,110,0.6244598194182611
γ=0.0,929893138,111,0.6254321654372028
γ=0.0,929893138,112,0.6264369970135648
γ=0.0,929893138,113,0.627321513615361
γ=0.0,929893138,114,0.6282674720551693
γ=0.0,929893138,115,0.6291699671111468
γ=0.0,929893138,116,0.6300250565255531
γ=0.0,929893138,117,0.6308852622764133
γ=0.0,929893138,118,0.6317643283732882
γ=0.0,929893138,119,0.6326910581208387
γ=0.0,929893138,120,0.633563162902639
γ=0.0,929893138,121,0.6344281381679967
γ=0.0,929893138,122,0.6352682669690919
γ=0.0,929893138,123,0.6360510507128412
γ=0.0,929893138,124,0.636822901573769
γ=0.0,929893138,125,0.6377096801276131
γ=0.0,929893138,126,0.6385064226345394
γ=0.0,929893138,127,0.6393263158451428
γ=0.0,929893138,128,0.6401078178784317
γ=0.0,929893138,129,0.6408121214251175
γ=0.0,929893138,130,0.6416137636186331
γ=0.0,929893138,131,0.6423176087791066
γ=0.0,929893138,132,0.6431093743242177
γ=0.0,929893138,133,0.64390343670443
γ=0.0,929893138,134,0.6446740564660536
γ=0.0,929893138,135,0.6453493036315636
γ=0.0,929893138,136,0.6460155466770706
γ=0.0,929893138,137,0.6466886096211134
γ=0.0,929893138,138,0.6473659106975772
γ=0.0,929893138,139,0.6480216884338218
γ=0.0,929893138,140,0.6486222219556952
γ=0.0,929893138,141,0.6492085806611804
γ=0.0,929893138,142,0.6498922170416505
γ=0.0,929893138,143,0.6505061138173387
γ=0.0,929893138,144,0.6511149824158807
γ=0.0,929893138,145,0.6517571413269102
γ=0.0,929893138,146,0.6523229362060855
γ=0.0,929893138,147,0.6528330583345755
γ=0.0,929893138,148,0.6533958503041704
γ=0.0,929893138,149,0.6539409456827173
γ=0.0,929893138,150,0.6544989225645762
γ=0.0,929893138,151,0.6550534010244856
γ=0.0,929893138,152,0.6556248867698589
γ=0.0,929893138,153,0.6562078333698241
γ=0.0,929893138,154,0.6567750317015703
γ=0.0,929893138,155,0.657359556495622
γ=0.0,929893138,156,0.6579094093156724
γ=0.0,929893138,157,0.6584757867132399
γ=0.0,929893138,158,0.6590573121962573
γ=0.0,929893138,159,0.659539118483047
γ=0.0,929893138,160,0.6600862647972463
γ=0.0,929893138,161,0.6606688529992892
γ=0.0,929893138,162,0.6612675698674635
γ=0.0,929893138,163,0.6618236583907333
γ=0.0,929893138,164,0.6623312433065561
γ=0.0,929893138,165,0.6629095081450047
γ=0.0,929893138,166,0.6634661389239267
γ=0.0,929893138,167,0.6639148032538734
γ=0.0,929893138,168,0.6644828110070323
γ=0.0,929893138,169,0.6649887056815365
γ=0.0,929893138,170,0.6655632213426047
γ=0.0,929893138,171,0.6661027867011721
γ=0.0,929893138,172,0.6666087435300181
γ=0.0,929893138,173,0.6671306894147003
γ=0.0,929893138,174,0.6677047778688106
γ=0.0,929893138,175,0.6681917075452463
γ=0.0,929893138,176,0.6686361346654354
γ=0.0,929893138,177,0.6690800461236278
γ=0.0,929893138,178,0.6695477412532462
γ=0.0,929893138,179,0.6699705778752939
γ=0.0,929893138,180,0.670346038675734
γ=0.0,929893138,181,0.6707602564322593
γ=0.0,929893138,182,0.671184914489423
γ=0.0,929893138,183,0.6716033257589417
γ=0.0,929893138,184,0.6719660854234121
γ=0.0,929893138,185,0.6723301422487049
γ=0.0,929893138,186,0.6727324881761956
γ=0.0,929893138,187,0.6731289595695705
γ=0.0,929893138,188,0.6735140679900754
γ=0.0,929893138,189,0.6738717800761291
γ=0.0,929893138,190,0.6741740275464078
γ=0.0,929893138,191,0.6745273958121337
γ=0.0,929893138,192,0.6748515028125263
γ=0.0,929893138,193,0.6751820388085554
γ=0.0,929893138,194,0.675542922724987
γ=0.0,929893138,195,0.675869321398664
γ=0.0,929893138,196,0.6762183044656029
γ=0.0,929893138,197,0.676573333441297
γ=0.0,929893138,198,0.6769824430180404
γ=0.0,929893138,199,0.6772583427590475
γ=0.0,929893138,200,0.6775598186550248
γ=1.5,929893138,1,0.4984468138695324
γ=1.5,929893138,2,0.5083116446981781
γ=1.5,929893138,3,0.5034002182856182
γ=1.5,929893138,4,0.4928637394005541
γ=1.5,929893138,5,0.4842750398791034
γ=1.5,929893138,6,0.47716396608177314
γ=1.5,929893138,7,0.47222255538098035
γ=1.5,929893138,8,0.4685952061119973
γ=1.5,929893138,9,0.46458922191438357
γ=1.5,929893138,10,0.46234153303668873
γ=1.5,929893138,11,0.4604758015890582
γ=1.5,929893138,12,0.4591169227324881
γ=1.5,929893138,13,0.4582738644950046
γ=1.5,929893138,14,0.45776113316622086
γ=1.5,929893138,15,0.45743710295804996
γ=1.5,929893138,16,0.457368713793972
γ=1.5,929893138,17,0.45730096253092795
γ=1.5,929893138,18,0.45789606246326925
γ=1.5,929893138,19,0.4582451427031183
γ=1.5,929893138,20,0.4591512047687012
γ=1.5,929893138,21,0.4598390443407654
γ=1.5,929893138,22,0.46030216530174545
γ=1.5,929893138,23,0.461110117428902
γ=1.5,929893138,24,0.4619504379705035
γ=1.5,929893138,25,0.4627940559147008
γ=1.5,929893138,26,0.46401516374650453
γ=1.5,929893138,27,0.4651458191463229
γ=1.5,929893138,28,0.46618821737409594
γ=1.5,929893138,29,0.46742651678106883
γ=1.5,929893138,30,0.4682058601292922
γ=1.5,929893138,31,0.4693641822007848
γ=1.5,929893138,32,0.47061802115691376
γ=1.5,929893138,33,0.4719663260088077
γ=1.5,929893138,34,0.47304147920607253
γ=1.5,929893138,35,0.47409357496671745
γ=1.5,929893138,36,0.47530993759270135
γ=1.5,929893138,37,0.47677935680622285
γ=1.5,929893138,38,0.4778963717748742
γ=1.5,929893138,39,0.4792994624662831
γ=1.5,929893138,40,0.4807257996809672
γ=1.5,929893138,41,0.4821081558141582
γ=1.5,929893138,42,0.4833957006528579
γ=1.5,929893138,43,0.48469657713311715
γ=1.5,929893138,44,0.4858715396768457
γ=1.5,929893138,45,0.4873543596488773
γ=1.5,929893138,46,0.4888603154555708
γ=1.5,929893138,47,0.4901530321515781
γ=1.5,929893138,48,0.49135165673187253
γ=1.5,929893138,49,0.49258788394881087
γ=1.5,929893138,50,0.4938544202837713
γ=1.5,929893138,51,0.4950424800933723
γ=1.5,929893138,52,0.4963971571204381
γ=1.5,929893138,53,0.49768487350364254
γ=1.5,929893138,54,0.4989007982039633
γ=1.5,929893138,55,0.5002167591454805
γ=1.5,929893138,56,0.5015719263106132
γ=1.5,929893138,57,0.5028743885572381
γ=1.5,929893138,58,0.5041427946928223
γ=1.5,929893138,59,0.5053155536329472
γ=1.5,929893138,60,0.5065338762488455
γ=1.5,929893138,61,0.5077432212405946
γ=1.5,929893138,62,0.5089020450058364
γ=1.5,929893138,63,0.5100900461491511
γ=1.5,929893138,64,0.5112356750062967
γ=1.5,929893138,65,0.5123428246675665
γ=1.5,929893138,66,0.5133362845141873
γ=1.5,929893138,67,0.5144385536008982
γ=1.5,929893138,68,0.5155207494802135
γ=1.5,929893138,69,0.5166707427916468
γ=1.5,929893138,70,0.5178922244743754
γ=1.5,929893138,71,0.5189113862082747
γ=1.5,929893138,72,0.5199780315114879
γ=1.5,929893138,73,0.5210350050546116
γ=1.5,929893138,74,0.5220668153671261
γ=1.5,929893138,75,0.5231679399994402
γ=1.5,929893138,76,0.5240854318652816
γ=1.5,929893138,77,0.5250663197938825
γ=1.5,929893138,78,0.5259849223622206
γ=1.5,929893138,79,0.5269514723651895
γ=1.5,929893138,80,0.5279704684745193
γ=1.5,929893138,81,0.5289529027530315
γ=1.5,929893138,82,0.5299420908322088
γ=1.5,929893138,83,0.5308396713375203
γ=1.5,929893138,84,0.5318133298151768
γ=1.5,929893138,85,0.532713211218498
γ=1.5,929893138,86,0.5336248689407681
γ=1.5,929893138,87,0.5344528432618549
γ=1.5,929893138,88,0.535218590912907
γ=1.5,929893138,89,0.5361402310582514
γ=1.5,929893138,90,0.5369317810800475
γ=1.5,929893138,91,0.537758983523403
γ=1.5,929893138,92,0.5385015860384811
γ=1.5,929893138,93,0.5392688424813784
γ=1.5,929893138,94,0.5399943195722888
γ=1.5,929893138,95,0.5407632926662219
γ=1.5,929893138,96,0.5415127473204041
γ=1.5,929893138,97,0.5423038740071336
γ=1.5,929893138,98,0.5431876553828652
γ=1.5,929893138,99,0.5439755628656645
γ=1.5,929893138,100,0.5447472924187725
γ=1.5,929893138,101,0.5455382369737267
γ=1.5,929893138,102,0.5462922722611
γ=1.5,929893138,103,0.5469847974418686
γ=1.5,929893138,104,0.547687012005709
γ=1.5,929893138,105,0.5484314219349061
γ=1.5,929893138,106,0.5491788152064921
γ=1.5,929893138,107,0.5499844249837385
γ=1.5,929893138,108,0.5507028206108887
γ=1.5,929893138,109,0.5514550192213042
γ=1.5,929893138,110,0.5521630120362385
γ=1.5,929893138,111,0.5528896371814682
γ=1.5,929893138,112,0.553633645969512
γ=1.5,929893138,113,0.5544060929771913
γ=1.5,929893138,114,0.5550732994858063
γ=1.5,929893138,115,0.555804462809314
γ=1.5,929893138,116,0.5565617409580829
γ=1.5,929893138,117,0.5572579968096717
γ=1.5,929893138,118,0.5579605947500459
γ=1.5,929893138,119,0.5586958316195256
γ=1.5,929893138,120,0.5593624940531161
γ=1.5,929893138,121,0.5600878693283727
γ=1.5,929893138,122,0.5607741707279812
γ=1.5,929893138,123,0.5614701311147106
γ=1.5,929893138,124,0.5621572360599175
γ=1.5,929893138,125,0.5628756611535555
γ=1.5,929893138,126,0.5636496475846656
γ=1.5,929893138,127,0.5642878249907285
γ=1.5,929893138,128,0.564925869469398
γ=1.5,929893138,129,0.5655328700784045
γ=1.5,929893138,130,0.5661402194480861
γ=1.5,929893138,131,0.566705290702481
γ=1.5,929893138,132,0.5673632471130582
γ=1.5,929893138,133,0.5679541814825873
γ=1.5,929893138,134,0.5685864189254384
γ=1.5,929893138,135,0.5691209806061623
γ=1.5,929893138,136,0.5697520087709336
γ=1.5,929893138,137,0.570304576460329
γ=1.5,929893138,138,0.5708777296348888
γ=1.5,929893138,139,0.5714030739978582
γ=1.5,929893138,140,0.5719224126557684
γ=1.5,929893138,141,0.5724197967073764
γ=1.5,929893138,142,0.5729261388159366
γ=1.5,929893138,143,0.5734339122383787
γ=1.5,929893138,144,0.5739646591852536
γ=1.5,929893138,145,0.5744617406685792
γ=1.5,929893138,146,0.5749261359650283
γ=1.5,929893138,147,0.5753833562641747
γ=1.5,929893138,148,0.5758891394963094
γ=1.5,929893138,149,0.5763585518772055
γ=1.5,929893138,150,0.5768200263062154
γ=1.5,929893138,151,0.5773454444970173
γ=1.5,929893138,152,0.5778192095762873
γ=1.5,929893138,153,0.5782489191350006
γ=1.5,929893138,154,0.5787019420005736
γ=1.5,929893138,155,0.5791610357463013
γ=1.5,929893138,156,0.5795854510697933
γ=1.5,929893138,157,0.5800785229304175
γ=1.5,929893138,158,0.5805499437282206
γ=1.5,929893138,159,0.5810051382132366
γ=1.5,929893138,160,0.5814779930316514
γ=1.5,929893138,161,0.5819087319983459
γ=1.5,929893138,162,0.5823504779791686
γ=1.5,929893138,163,0.5827579599823435
γ=1.5,929893138,164,0.5832052662941204
γ=1.5,929893138,165,0.5836870934175946
γ=1.5,929893138,166,0.5841459195863296
γ=1.5,929893138,167,0.584594474890367
γ=1.5,929893138,168,0.58502669601129
γ=1.5,929893138,169,0.5854326888923223
γ=1.5,929893138,170,0.5858655123538795
γ=1.5,929893138,171,0.5863219953446148
γ=1.5,929893138,172,0.5867404666001527
γ=1.5,929893138,173,0.5871715706518917
γ=1.5,929893138,174,0.5875448851008968
γ=1.5,929893138,175,0.5879148925962796
γ=1.5,929893138,176,0.5883472401370773
γ=1.5,929893138,177,0.5887452940760737
γ=1.5,929893138,178,0.5891428846340697
γ=1.5,929893138,179,0.5895343912415592
γ=1.5,929893138,180,0.5899049897853524
γ=1.5,929893138,181,0.5902213980205864
γ=1.5,929893138,182,0.5906081367209737
γ=1.5,929893138,183,0.5909959246928379
γ=1.5,929893138,184,0.5913808664259927
γ=1.5,929893138,185,0.5917260220509319
γ=1.5,929893138,186,0.5920995140481872
γ=1.5,929893138,187,0.5924292782881235
γ=1.5,929893138,188,0.592804211018958
γ=1.5,929893138,189,0.5931771751602161
γ=1.5,929893138,190,0.5935148403289309
γ=1.5,929893138,191,0.5938491895168397
γ=1.5,929893138,192,0.5941313001986959
γ=1.5,929893138,193,0.5944080949250986
γ=1.5,929893138,194,0.5947354823186052
γ=1.5,929893138,195,0.595089219402879
γ=1.5,929893138,196,0.5954016523912897
γ=1.5,929893138,197,0.5957586448051475
γ=1.5,929893138,198,0.5961217837004924
γ=1.5,929893138,199,0.5964757883954235
γ=1.5,929893138,200,0.5968002266812191
FixedSigmaNN,929893138,1,0.06447821341616992
FixedSigmaNN,929893138,2,0.10758962303752834
FixedSigmaNN,929893138,3,0.1384574482970923
FixedSigmaNN,929893138,4,0.1658760809335908
FixedSigmaNN,929893138,5,0.1881118294013937
FixedSigmaNN,929893138,6,0.2078540844597431
FixedSigmaNN,929893138,7,0.22625544214831425
FixedSigmaNN,929893138,8,0.2423914868608849
FixedSigmaNN,929893138,9,0.25846323193313375
FixedSigmaNN,929893138,10,0.27212240785828223
FixedSigmaNN,929893138,11,0.285797696552461
FixedSigmaNN,929893138,12,0.29788990568941875
FixedSigmaNN,929893138,13,0.30940048952810273
FixedSigmaNN,929893138,14,0.32031315590630505
FixedSigmaNN,929893138,15,0.33057677776844935
FixedSigmaNN,929893138,16,0.3405675426076736
FixedSigmaNN,929893138,17,0.34951873453604426
FixedSigmaNN,929893138,18,0.35833589865577103
FixedSigmaNN,929893138,19,0.3669164726104574
FixedSigmaNN,929893138,20,0.3753757031315591
FixedSigmaNN,929893138,21,0.3828873670196817
FixedSigmaNN,929893138,22,0.3904583997985056
FixedSigmaNN,929893138,23,0.39735100546444097
FixedSigmaNN,929893138,24,0.4043618643830633
FixedSigmaNN,929893138,25,0.4109209973973638
FixedSigmaNN,929893138,26,0.41722422066221915
FixedSigmaNN,929893138,27,0.4235098586118651
FixedSigmaNN,929893138,28,0.42959089437134945
FixedSigmaNN,929893138,29,0.4352641284932213
FixedSigmaNN,929893138,30,0.44073405535499394
FixedSigmaNN,929893138,31,0.44630336284432115
FixedSigmaNN,929893138,32,0.45133437578708757
FixedSigmaNN,929893138,33,0.4562461997186201
FixedSigmaNN,929893138,34,0.46109750255571963
FixedSigmaNN,929893138,35,0.46551566978903053
FixedSigmaNN,929893138,36,0.47010583121111205
FixedSigmaNN,929893138,37,0.47459650062286285
FixedSigmaNN,929893138,38,0.4788408768542126
FixedSigmaNN,929893138,39,0.4829644650818356
FixedSigmaNN,929893138,40,0.48696373100495344
FixedSigmaNN,929893138,41,0.49081500805772904
FixedSigmaNN,929893138,42,0.4946268155486525
FixedSigmaNN,929893138,43,0.4981978745462959
FixedSigmaNN,929893138,44,0.501794559650743
FixedSigmaNN,929893138,45,0.5054300879672385
FixedSigmaNN,929893138,46,0.5089823801893025
FixedSigmaNN,929893138,47,0.5122674016687596
FixedSigmaNN,929893138,48,0.5154820124254891
FixedSigmaNN,929893138,49,0.5185422838432661
FixedSigmaNN,929893138,50,0.5215943245739233
FixedSigmaNN,929893138,51,0.5247958305142223
FixedSigmaNN,929893138,52,0.5279105287290997
FixedSigmaNN,929893138,53,0.5307286906189458
FixedSigmaNN,929893138,54,0.5334898957390772
FixedSigmaNN,929893138,55,0.5361117683424795
FixedSigmaNN,929893138,56,0.5388768785156578
FixedSigmaNN,929893138,57,0.5415125632063537
FixedSigmaNN,929893138,58,0.5441442132598381
FixedSigmaNN,929893138,59,0.5467599384702077
FixedSigmaNN,929893138,60,0.549174432597319
FixedSigmaNN,929893138,61,0.5515544936420528
FixedSigmaNN,929893138,62,0.5539491822414088
FixedSigmaNN,929893138,63,0.5562025498638713
FixedSigmaNN,929893138,64,0.5584274777516581
FixedSigmaNN,929893138,65,0.5606226952461526
FixedSigmaNN,929893138,66,0.562775560151935
FixedSigmaNN,929893138,67,0.5649619002627697
FixedSigmaNN,929893138,68,0.5669580022421193
FixedSigmaNN,929893138,69,0.5690434733938546
FixedSigmaNN,929893138,70,0.5711263298031832
FixedSigmaNN,929893138,71,0.5730216239929713
FixedSigmaNN,929893138,72,0.5749645519081336
FixedSigmaNN,929893138,73,0.5767783434904767
FixedSigmaNN,929893138,74,0.5785805535196854
FixedSigmaNN,929893138,75,0.5802317185794644
FixedSigmaNN,929893138,76,0.5819753080964521
FixedSigmaNN,929893138,77,0.5835983762690168
FixedSigmaNN,929893138,78,0.5851970490539881
FixedSigmaNN,929893138,79,0.586797227113752
FixedSigmaNN,929893138,80,0.5883831122491815
FixedSigmaNN,929893138,81,0.5899847739044001
FixedSigmaNN,929893138,82,0.591512047687012
FixedSigmaNN,929893138,83,0.5929640820017539
FixedSigmaNN,929893138,84,0.5944829909127617
FixedSigmaNN,929893138,85,0.5959385046941285
FixedSigmaNN,929893138,86,0.5973518713403478
FixedSigmaNN,929893138,87,0.598728404247209
FixedSigmaNN,929893138,88,0.6000765144518818
FixedSigmaNN,929893138,89,0.6014594195338272
FixedSigmaNN,929893138,90,0.6027351001408594
FixedSigmaNN,929893138,91,0.6039232365317496
FixedSigmaNN,929893138,92,0.6051548988330115
FixedSigmaNN,929893138,93,0.6063108737473177
FixedSigmaNN,929893138,94,0.6074382342801309
FixedSigmaNN,929893138,95,0.6085339071800062
FixedSigmaNN,929893138,96,0.6095993199563429
FixedSigmaNN,929893138,97,0.6106968608243095
FixedSigmaNN,929893138,98,0.6117805698385474
FixedSigmaNN,929893138,99,0.6128283930735445
FixedSigmaNN,929893138,100,0.6137629082360844
FixedSigmaNN,929893138,101,0.61480318966327
FixedSigmaNN,929893138,102,0.6158411815737964
FixedSigmaNN,929893138,103,0.6168451614848964
FixedSigmaNN,929893138,104,0.6178443649373884
FixedSigmaNN,929893138,105,0.6189196860844917
FixedSigmaNN,929893138,106,0.6199042267889362
FixedSigmaNN,929893138,107,0.620892726977419
FixedSigmaNN,929893138,108,0.6218815784973118
FixedSigmaNN,929893138,109,0.6228515157140228
FixedSigmaNN,929893138,110,0.6237919875439815
FixedSigmaNN,929893138,111,0.6247329102253123
FixedSigmaNN,929893138,112,0.6257140008635476
FixedSigmaNN,929893138,113,0.6266045441746048
FixedSigmaNN,929893138,114,0.6275015576048677
FixedSigmaNN,929893138,115,0.6283563238949746
FixedSigmaNN,929893138,116,0.6291286813985333
FixedSigmaNN,929893138,117,0.6299574407625789
FixedSigmaNN,929893138,118,0.6308550421274168
FixedSigmaNN,929893138,119,0.6317749499262386
FixedSigmaNN,929893138,120,0.6326064142389387
FixedSigmaNN,929893138,121,0.6334477262839892
FixedSigmaNN,929893138,122,0.6342546014085341
FixedSigmaNN,929893138,123,0.6350350465136756
FixedSigmaNN,929893138,124,0.6358191533442928
FixedSigmaNN,929893138,125,0.6366884392578289
FixedSigmaNN,929893138,126,0.6375062800425909
FixedSigmaNN,929893138,127,0.6383644576541105
FixedSigmaNN,929893138,128,0.63920922624045
FixedSigmaNN,929893138,129,0.6398655011750586
FixedSigmaNN,929893138,130,0.6406414884754235
FixedSigmaNN,929893138,131,0.6413351312309297
FixedSigmaNN,929893138,132,0.6421257533779573
FixedSigmaNN,929893138,133,0.6428044336346702
FixedSigmaNN,929893138,134,0.6435274930861602
FixedSigmaNN,929893138,135,0.6442152756400091
FixedSigmaNN,929893138,136,0.6448793626257487
FixedSigmaNN,929893138,137,0.6455778777759871
FixedSigmaNN,929893138,138,0.6462680946488388
FixedSigmaNN,929893138,139,0.6468644243366116
FixedSigmaNN,929893138,140,0.6474207515262002
FixedSigmaNN,929893138,141,0.6480701133882442
FixedSigmaNN,929893138,142,0.6486798804750254
FixedSigmaNN,929893138,143,0.6491807244053067
FixedSigmaNN,929893138,144,0.6497970480135076
FixedSigmaNN,929893138,145,0.6504225303182513
FixedSigmaNN,929893138,146,0.6509480128303179
FixedSigmaNN,929893138,147,0.6515186042513722
FixedSigmaNN,929893138,148,0.6520644668680098
FixedSigmaNN,929893138,149,0.6526159621217543
FixedSigmaNN,929893138,150,0.6531178462485657
FixedSigmaNN,929893138,151,0.6537076029114386
FixedSigmaNN,929893138,152,0.6542299466658418
FixedSigmaNN,929893138,153,0.6547953970158852
FixedSigmaNN,929893138,154,0.6553595007125357
FixedSigmaNN,929893138,155,0.6559423249314135
FixedSigmaNN,929893138,156,0.6565042225566112
FixedSigmaNN,929893138,157,0.6570897104694211
FixedSigmaNN,929893138,158,0.6576409531025995
FixedSigmaNN,929893138,159,0.6581783975385578
FixedSigmaNN,929893138,160,0.6587552997229451
FixedSigmaNN,929893138,161,0.659338332800569
FixedSigmaNN,929893138,162,0.659831766672782
FixedSigmaNN,929893138,163,0.6604000117435396
FixedSigmaNN,929893138,164,0.6609004076985611
FixedSigmaNN,929893138,165,0.6614909060379635
FixedSigmaNN,929893138,166,0.6620092998979378
FixedSigmaNN,929893138,167,0.6625016275902564
FixedSigmaNN,929893138,168,0.6630695515549853
FixedSigmaNN,929893138,169,0.663558224484453
FixedSigmaNN,929893138,170,0.6640510254979332
FixedSigmaNN,929893138,171,0.6646171090559073
FixedSigmaNN,929893138,172,0.665147811384044
FixedSigmaNN,929893138,173,0.6656815990270809
FixedSigmaNN,929893138,174,0.6662012898344716
FixedSigmaNN,929893138,175,0.6666773810523287
FixedSigmaNN,929893138,176,0.6671680970989383
FixedSigmaNN,929893138,177,0.6676326350754916
FixedSigmaNN,929893138,178,0.6681089333908133
FixedSigmaNN,929893138,179,0.6685252681784689
FixedSigmaNN,929893138,180,0.6689003628765193
FixedSigmaNN,929893138,181,0.6692708490364309
FixedSigmaNN,929893138,182,0.6696870839680007
FixedSigmaNN,929893138,183,0.6701012931518967
FixedSigmaNN,929893138,184,0.6704886422123504
FixedSigmaNN,929893138,185,0.6709174122489545
FixedSigmaNN,929893138,186,0.6713077186264075
FixedSigmaNN,929893138,187,0.6716916057910789
FixedSigmaNN,929893138,188,0.672085922721175
FixedSigmaNN,929893138,189,0.6724523016605964
FixedSigmaNN,929893138,190,0.6727284376670835
FixedSigmaNN,929893138,191,0.6730366272366474
FixedSigmaNN,929893138,192,0.6733442301234154
FixedSigmaNN,929893138,193,0.6736651756137815
FixedSigmaNN,929893138,194,0.6739947133681331
FixedSigmaNN,929893138,195,0.6743348639159235
FixedSigmaNN,929893138,196,0.6746916758475702
FixedSigmaNN,929893138,197,0.6749834964651111
FixedSigmaNN,929893138,198,0.6753620496799072
FixedSigmaNN,929893138,199,0.6756979845073744
FixedSigmaNN,929893138,200,0.6760355973469901
MultiscaleMix,929893138,1,0.3827974141549828
MultiscaleMix,929893138,2,0.42962387708840566
MultiscaleMix,929893138,3,0.4452886687375815
MultiscaleMix,929893138,4,0.45282721853748636
MultiscaleMix,929893138,5,0.4561413819158761
MultiscaleMix,929893138,6,0.45800800380600565
MultiscaleMix,929893138,7,0.4588735502596639
MultiscaleMix,929893138,8,0.46119658299051297
MultiscaleMix,929893138,9,0.4612263174096773
MultiscaleMix,929893138,10,0.4622911594324574
MultiscaleMix,929893138,11,0.46319292327184186
MultiscaleMix,929893138,12,0.4649518652226234
MultiscaleMix,929893138,13,0.4664046808703009
MultiscaleMix,929893138,14,0.46756599541840077
MultiscaleMix,929893138,15,0.46922452634819356
MultiscaleMix,929893138,16,0.4707675677944757
MultiscaleMix,929893138,17,0.4718154745736764
MultiscaleMix,929893138,18,0.47323669064077095
MultiscaleMix,929893138,19,0.47448179259331263
MultiscaleMix,929893138,20,0.47575770296364706
MultiscaleMix,929893138,21,0.4772379273260811
MultiscaleMix,929893138,22,0.47884690240495803
MultiscaleMix,929893138,23,0.48026303782035606
MultiscaleMix,929893138,24,0.4817885428035709
MultiscaleMix,929893138,25,0.48335152380152807
MultiscaleMix,929893138,26,0.48459084362870786
MultiscaleMix,929893138,27,0.48621566743470856
MultiscaleMix,929893138,28,0.4874275879439174
MultiscaleMix,929893138,29,0.4891986254375121
MultiscaleMix,929893138,30,0.4906612934822153
MultiscaleMix,929893138,31,0.4921961537315737
MultiscaleMix,929893138,32,0.49389482411216523
MultiscaleMix,929893138,33,0.49542566967636237
MultiscaleMix,929893138,34,0.49678004020011163
MultiscaleMix,929893138,35,0.49805941686556243
MultiscaleMix,929893138,36,0.4995219171820633
MultiscaleMix,929893138,37,0.5010176829503502
MultiscaleMix,929893138,38,0.5023728618835309
MultiscaleMix,929893138,39,0.5038899616600901
MultiscaleMix,929893138,40,0.5052965745949123
MultiscaleMix,929893138,41,0.5068096512549376
MultiscaleMix,929893138,42,0.5081227436823104
MultiscaleMix,929893138,43,0.5094714090746681
MultiscaleMix,929893138,44,0.5109429022828401
MultiscaleMix,929893138,45,0.5124572057575164
MultiscaleMix,929893138,46,0.5139476479542111
MultiscaleMix,929893138,47,0.5151156538654597
MultiscaleMix,929893138,48,0.516381915876081
MultiscaleMix,929893138,49,0.5177472718581178
MultiscaleMix,929893138,50,0.5190462597598857
MultiscaleMix,929893138,51,0.520350277630992
MultiscaleMix,929893138,52,0.5216453117028215
MultiscaleMix,929893138,53,0.5230783974857551
MultiscaleMix,929893138,54,0.5244871687235888
MultiscaleMix,929893138,55,0.5258676090092428
MultiscaleMix,929893138,56,0.5271912517840651
MultiscaleMix,929893138,57,0.5285155841496951
MultiscaleMix,929893138,58,0.5298108963317015
MultiscaleMix,929893138,59,0.5310722605083749
MultiscaleMix,929893138,60,0.5324063190887974
MultiscaleMix,929893138,61,0.5336340151203391
MultiscaleMix,929893138,62,0.5347726823402602
MultiscaleMix,929893138,63,0.5359371689234841
MultiscaleMix,929893138,64,0.5370842865838301
MultiscaleMix,929893138,65,0.538146380527373
MultiscaleMix,929893138,66,0.5391635691988308
MultiscaleMix,929893138,67,0.5402637972926067
MultiscaleMix,929893138,68,0.5413650012099541
MultiscaleMix,929893138,69,0.542484173075917
MultiscaleMix,929893138,70,0.5436691173824916
MultiscaleMix,929893138,71,0.5446882453312775
MultiscaleMix,929893138,72,0.5458638839914551
MultiscaleMix,929893138,73,0.5468969054735865
MultiscaleMix,929893138,74,0.5479893670851609
MultiscaleMix,929893138,75,0.5490387037192511
MultiscaleMix,929893138,76,0.5500112677798938
MultiscaleMix,929893138,77,0.550973289996042
MultiscaleMix,929893138,78,0.5518982668466339
MultiscaleMix,929893138,79,0.5528699670233558
MultiscaleMix,929893138,80,0.5539417345311057
MultiscaleMix,929893138,81,0.5549321044661486
MultiscaleMix,929893138,82,0.5558251134941876
MultiscaleMix,929893138,83,0.5567163288364608
MultiscaleMix,929893138,84,0.5576827742263053
MultiscaleMix,929893138,85,0.5585528947537374
MultiscaleMix,929893138,86,0.5594530559010334
MultiscaleMix,929893138,87,0.5603252861018068
MultiscaleMix,929893138,88,0.561170537547416
MultiscaleMix,929893138,89,0.5621562166593245
MultiscaleMix,929893138,90,0.5630323044058246
MultiscaleMix,929893138,91,0.5638748372775743
MultiscaleMix,929893138,92,0.5646881034338007
MultiscaleMix,929893138,93,0.5655628708621199
MultiscaleMix,929893138,94,0.5663806208100148
MultiscaleMix,929893138,95,0.5672483197751746
MultiscaleMix,929893138,96,0.5680052402541069
MultiscaleMix,929893138,97,0.5688101702748997
MultiscaleMix,929893138,98,0.5696320842164421
MultiscaleMix,929893138,99,0.5704310335323683
MultiscaleMix,929893138,100,0.5711531357568633
MultiscaleMix,929893138,101,0.5719432324392711
MultiscaleMix,929893138,102,0.5727429415221718
MultiscaleMix,929893138,103,0.5734855518232719
MultiscaleMix,929893138,104,0.5742344665241568
MultiscaleMix,929893138,105,0.5751002474703255
MultiscaleMix,929893138,106,0.5759718699854106
MultiscaleMix,929893138,107,0.5767781607671225
MultiscaleMix,929893138,108,0.5776010037407066
MultiscaleMix,929893138,109,0.5784033570079004
MultiscaleMix,929893138,110,0.5792193617816991
MultiscaleMix,929893138,111,0.580069449014122
MultiscaleMix,929893138,112,0.580855631649016
MultiscaleMix,929893138,113,0.5816531606464761
MultiscaleMix,929893138,114,0.5824598962775084
MultiscaleMix,929893138,115,0.5832745032907105
MultiscaleMix,929893138,116,0.5840218690923197
MultiscaleMix,929893138,117,0.5847385200923947
MultiscaleMix,929893138,118,0.585504924233261
MultiscaleMix,929893138,119,0.5862870208951686
MultiscaleMix,929893138,120,0.5870767217977779
MultiscaleMix,929893138,121,0.5878953477964324
MultiscaleMix,929893138,122,0.5885735874401813
MultiscaleMix,929893138,123,0.5893039364446202
MultiscaleMix,929893138,124,0.5900482340801808
MultiscaleMix,929893138,125,0.5907846528419108
MultiscaleMix,929893138,126,0.5915996684404039
MultiscaleMix,929893138,127,0.5923178931405298
MultiscaleMix,929893138,128,0.5930242396734111
MultiscaleMix,929893138,129,0.5936408856642841
MultiscaleMix,929893138,130,0.5943248968309837
MultiscaleMix,929893138,131,0.5950561447786092
MultiscaleMix,929893138,132,0.595758504361896
MultiscaleMix,929893138,133,0.596405483526632
MultiscaleMix,929893138,134,0.5970600360634908
MultiscaleMix,929893138,135,0.5976243559485941
MultiscaleMix,929893138,136,0.5982982858158795
MultiscaleMix,929893138,137,0.5988569726689491
MultiscaleMix,929893138,138,0.5995073364165872
MultiscaleMix,929893138,139,0.6000909624076408
MultiscaleMix,929893138,140,0.6006638521414779
MultiscaleMix,929893138,141,0.6012810138551229
MultiscaleMix,929893138,142,0.601893917446413
MultiscaleMix,929893138,143,0.6024727098944209
MultiscaleMix,929893138,144,0.6030871906454351
MultiscaleMix,929893138,145,0.6035941856122564
MultiscaleMix,929893138,146,0.604091360236825
MultiscaleMix,929893138,147,0.6046069002699728
MultiscaleMix,929893138,148,0.6051639751580983
MultiscaleMix,929893138,149,0.6057231514042347
MultiscaleMix,929893138,150,0.6062429686844094
MultiscaleMix,929893138,151,0.6068259569733804
MultiscaleMix,929893138,152,0.607367581492561
MultiscaleMix,929893138,153,0.6078938949715839
MultiscaleMix,929893138,154,0.6083874776889636
MultiscaleMix,929893138,155,0.6089017741800071
MultiscaleMix,929893138,156,0.6094336952052509
MultiscaleMix,929893138,157,0.6099826366143377
MultiscaleMix,929893138,158,0.610512673637495
MultiscaleMix,929893138,159,0.6110656129395743
MultiscaleMix,929893138,160,0.6116163630257745
MultiscaleMix,929893138,161,0.6121691364159962
MultiscaleMix,929893138,162,0.6126738848102854
MultiscaleMix,929893138,163,0.6132079796321697
MultiscaleMix,929893138,164,0.6137573179946392
MultiscaleMix,929893138,165,0.6142610726524755
MultiscaleMix,929893138,166,0.6147749422676012
MultiscaleMix,929893138,167,0.6152640567240969
MultiscaleMix,929893138,168,0.6157723352963048
MultiscaleMix,929893138,169,0.6162537339309941
MultiscaleMix,929893138,170,0.616832191696257
MultiscaleMix,929893138,171,0.6173749165963351
MultiscaleMix,929893138,172,0.6179191406028822
MultiscaleMix,929893138,173,0.6183723890531072
MultiscaleMix,929893138,174,0.6188713321116287
MultiscaleMix,929893138,175,0.6193444235220744
MultiscaleMix,929893138,176,0.6198333664069119
MultiscaleMix,929893138,177,0.6203068236311969
MultiscaleMix,929893138,178,0.6208145808001102
MultiscaleMix,929893138,179,0.6212620229457864
MultiscaleMix,929893138,180,0.6216436254069534
MultiscaleMix,929893138,181,0.6220629892698657
MultiscaleMix,929893138,182,0.6224929675311675
MultiscaleMix,929893138,183,0.6229221461724548
MultiscaleMix,929893138,184,0.623332515066453
MultiscaleMix,929893138,185,0.6237443471512819
MultiscaleMix,929893138,186,0.6241639380964374
MultiscaleMix,929893138,187,0.6245579401954874
MultiscaleMix,929893138,188,0.6249615945925187
MultiscaleMix,929893138,189,0.6253680849012895
MultiscaleMix,929893138,190,0.6257022478116204
MultiscaleMix,929893138,191,0.6260806039206136
MultiscaleMix,929893138,192,0.6264069190244312
MultiscaleMix,929893138,193,0.6267313751428448
MultiscaleMix,929893138,194,0.6270998738928842
MultiscaleMix,929893138,195,0.627460933547744
MultiscaleMix,929893138,196,0.6277853262033553
MultiscaleMix,929893138,197,0.6281256033006218
MultiscaleMix,929893138,198,0.6284953048239087
MultiscaleMix,929893138,199,0.6287937884367686
MultiscaleMix,929893138,200,0.6291654772899
Multiscale,929893138,1,0.2542607673579045
Multiscale,929893138,2,0.31431030140206534
Multiscale,929893138,3,0.3483754512635379
Multiscale,929893138,4,0.368388464444631
Multiscale,929893138,5,0.3809167995970112
Multiscale,929893138,6,0.39231242828757734
Multiscale,929893138,7,0.40117778284179084
Multiscale,929893138,8,0.40922256737469564
Multiscale,929893138,9,0.416225897629642
Multiscale,929893138,10,0.42217278146251364
Multiscale,929893138,11,0.42783217957426667
Multiscale,929893138,12,0.43325497439341787
Multiscale,929893138,13,0.4382212951182811
Multiscale,929893138,14,0.4426910299003322
Multiscale,929893138,15,0.4470713346206588
Multiscale,929893138,16,0.45109824951725297
Multiscale,929893138,17,0.4549946416313146
Multiscale,929893138,18,0.45861202063452083
Multiscale,929893138,19,0.4620916534472779
Multiscale,929893138,20,0.46559902611031817
Multiscale,929893138,21,0.46895226901103815
Multiscale,929893138,22,0.4719033590035185
Multiscale,929893138,23,0.4748332743207776
Multiscale,929893138,24,0.47748055019169955
Multiscale,929893138,25,0.48055075140626313
Multiscale,929893138,26,0.48298922134032535
Multiscale,929893138,27,0.4855968805679157
Multiscale,929893138,28,0.4880737493553378
Multiscale,929893138,29,0.49048112582110426
Multiscale,929893138,30,0.4927657907256598
Multiscale,929893138,31,0.49503982493818405
Multiscale,929893138,32,0.4972373226429351
Multiscale,929893138,33,0.4995051683826765
Multiscale,929893138,34,0.5014531797103023
Multiscale,929893138,35,0.5034218069731461
Multiscale,929893138,36,0.5056168900829299
Multiscale,929893138,37,0.5076275166947655
Multiscale,929893138,38,0.509900180726352
Multiscale,929893138,39,0.5121628574319365
Multiscale,929893138,40,0.5142462849466879
Multiscale,929893138,41,0.5162178433135184
Multiscale,929893138,42,0.5179945708448772
Multiscale,929893138,43,0.5197853069177798
Multiscale,929893138,44,0.5215070484884103
Multiscale,929893138,45,0.5233901435647721
Multiscale,929893138,46,0.525294484820389
Multiscale,929893138,47,0.5268980756211405
Multiscale,929893138,48,0.528404241177623
Multiscale,929893138,49,0.5301025119979987
Multiscale,929893138,50,0.5317412475862647
Multiscale,929893138,51,0.5334120215124921
Multiscale,929893138,52,0.5352938137339112
Multiscale,929893138,53,0.5369905414845639
Multiscale,929893138,54,0.5385979968718614
Multiscale,929893138,55,0.5402385877073141
Multiscale,929893138,56,0.5417193890401429
Multiscale,929893138,57,0.5432498633873745
Multiscale,929893138,58,0.5448021099013083
Multiscale,929893138,59,0.5463401584349462
Multiscale,929893138,60,0.5478969020233397
Multiscale,929893138,61,0.5494473354978385
Multiscale,929893138,62,0.5509538485704459
Multiscale,929893138,63,0.5523892147181544
Multiscale,929893138,64,0.5538669612123247
Multiscale,929893138,65,0.5551700754958249
Multiscale,929893138,66,0.5564890361087154
Multiscale,929893138,67,0.5578669911294839
Multiscale,929893138,68,0.5592155298858692
Multiscale,929893138,69,0.5605639166815719
Multiscale,929893138,70,0.5619991124650683
Multiscale,929893138,71,0.5632986906410337
Multiscale,929893138,72,0.5646274685398185
Multiscale,929893138,73,0.5658560119976583
Multiscale,929893138,74,0.5671222603679996
Multiscale,929893138,75,0.5683155626451739
Multiscale,929893138,76,0.5695166785236115
Multiscale,929893138,77,0.5706326248682054
Multiscale,929893138,78,0.5717759278753318
Multiscale,929893138,79,0.5729099470864609
Multiscale,929893138,80,0.5740670388716314
Multiscale,929893138,81,0.5752815894841473
Multiscale,929893138,82,0.5763692508052609
Multiscale,929893138,83,0.5773017348547915
Multiscale,929893138,84,0.578413911110578
Multiscale,929893138,85,0.5794949799246372
Multiscale,929893138,86,0.5805025840877984
Multiscale,929893138,87,0.5814614521301184
Multiscale,929893138,88,0.5825306630234849
Multiscale,929893138,89,0.583566885109506
Multiscale,929893138,90,0.5845157137659865
Multiscale,929893138,91,0.5853929464037767
Multiscale,929893138,92,0.5864012257577029
Multiscale,929893138,93,0.5873128932052507
Multiscale,929893138,94,0.588243568880545
Multiscale,929893138,95,0.5892584917082396
Multiscale,929893138,96,0.5901503861976325
Multiscale,929893138,97,0.5911463630171191
Multiscale,929893138,98,0.5920710404890694
Multiscale,929893138,99,0.5929588047378326
Multiscale,929893138,100,0.5938510620434893
Multiscale,929893138,101,0.5947855007144572
Multiscale,929893138,102,0.595686389743539
Multiscale,929893138,103,0.5965987220754577
Multiscale,929893138,104,0.5974922986508916
Multiscale,929893138,105,0.5984512115651399
Multiscale,929893138,106,0.5993706467622287
Multiscale,929893138,107,0.6003093818091656
Multiscale,929893138,108,0.6011906982963149
Multiscale,929893138,109,0.6020496819299715
Multiscale,929893138,110,0.6029174712450676
Multiscale,929893138,111,0.60381651906293
Multiscale,929893138,112,0.6047197518500306
Multiscale,929893138,113,0.6055609338582689
Multiscale,929893138,114,0.6064680002415577
Multiscale,929893138,115,0.6073136632926086
Multiscale,929893138,116,0.6081552404471091
Multiscale,929893138,117,0.6089777674447309
Multiscale,929893138,118,0.6098002273927107
Multiscale,929893138,119,0.6106187416617223
Multiscale,929893138,120,0.6113980774074385
Multiscale,929893138,121,0.6122099788305969
Multiscale,929893138,122,0.6129813879166661
Multiscale,929893138,123,0.6138197730730561
Multiscale,929893138,124,0.6145762523663406
Multiscale,929893138,125,0.615383762908236
Multiscale,929893138,126,0.6161841195213708
Multiscale,929893138,127,0.6169282414125234
Multiscale,929893138,128,0.6176712309000084
Multiscale,929893138,129,0.6184235274669561
Multiscale,929893138,130,0.6191907286735597
Multiscale,929893138,131,0.6199426920141173
Multiscale,929893138,132,0.6206838980010838
Multiscale,929893138,133,0.6214218486355255
Multiscale,929893138,134,0.6221462789319292
Multiscale,929893138,135,0.6227589187710084
Multiscale,929893138,136,0.6234671855477142
Multiscale,929893138,137,0.6240266158926883
Multiscale,929893138,138,0.6246211333087549
Multiscale,929893138,139,0.625243034520415
Multiscale,929893138,140,0.6258455569281697
Multiscale,929893138,141,0.6264514415722756
Multiscale,929893138,142,0.6270269167688526
Multiscale,929893138,143,0.6275517782528108
Multiscale,929893138,144,0.6281250291513913
Multiscale,929893138,145,0.6287392992278943
Multiscale,929893138,146,0.6292318715404087
Multiscale,929893138,147,0.6297822797996707
Multiscale,929893138,148,0.6303780062490497
Multiscale,929893138,149,0.6309251670245597
Multiscale,929893138,150,0.631457196429071
Multiscale,929893138,151,0.6320741970942326
Multiscale,929893138,152,0.6326242548904374
Multiscale,929893138,153,0.6331819381546031
Multiscale,929893138,154,0.6337438273253907
Multiscale,929893138,155,0.6343325903678086
Multiscale,929893138,156,0.6348702126239697
Multiscale,929893138,157,0.6354274563950145
Multiscale,929893138,158,0.6359896022079367
Multiscale,929893138,159,0.6365327964373083
Multiscale,929893138,160,0.6371263957686173
Multiscale,929893138,161,0.6377131426610717
Multiscale,929893138,162,0.6382737297507958
Multiscale,929893138,163,0.6387955042845892
Multiscale,929893138,164,0.6393644120724643
Multiscale,929893138,165,0.6399391446154942
Multiscale,929893138,166,0.6404846992705944
Multiscale,929893138,167,0.641013414360097
Multiscale,929893138,168,0.6415843098216535
Multiscale,929893138,169,0.6421166551330654
Multiscale,929893138,170,0.6426664427839811
Multiscale,929893138,171,0.6432579153085186
Multiscale,929893138,172,0.6437961391951548
Multiscale,929893138,173,0.6443138246425925
Multiscale,929893138,174,0.644889491699453
Multiscale,929893138,175,0.6454154023291795
Multiscale,929893138,176,0.6459210260187298
Multiscale,929893138,177,0.6463962714046314
Multiscale,929893138,178,0.6468767893713582
Multiscale,929893138,179,0.6473383366110571
Multiscale,929893138,180,0.6477303892760193
Multiscale,929893138,181,0.6481498832733195
Multiscale,929893138,182,0.6486067454499996
Multiscale,929893138,183,0.6490306292617423
Multiscale,929893138,184,0.6494457990969253
Multiscale,929893138,185,0.6498746332597394
Multiscale,929893138,186,0.6502941168505122
Multiscale,929893138,187,0.6507122567240008
Multiscale,929893138,188,0.6511373359508553
Multiscale,929893138,189,0.6515599159373822
Multiscale,929893138,190,0.6519530818482694
Multiscale,929893138,191,0.652330922052342
Multiscale,929893138,192,0.6527032959729102
Multiscale,929893138,193,0.6531029139694531
Multiscale,929893138,194,0.6535168046170611
Multiscale,929893138,195,0.6539240822424434
Multiscale,929893138,196,0.6543486213224271
Multiscale,929893138,197,0.6547503118518181
Multiscale,929893138,198,0.6551557892755105
Multiscale,929893138,199,0.655549597538528
Multiscale,929893138,200,0.6559367391486861
Uniform,929893138,1,0.05608261271093947
Uniform,929893138,2,0.09470237595499958
Uniform,929893138,3,0.12482858981893487
Uniform,929893138,4,0.15123625220384518
Uniform,929893138,5,0.17285702291998994
Uniform,929893138,6,0.1919234321215683
Uniform,929893138,7,0.20967413075548405
Uniform,929893138,8,0.22606204348921166
Uniform,929893138,9,0.2415087827311822
Uniform,929893138,10,0.2549911846192595
Uniform,929893138,11,0.2681898321643095
Uniform,929893138,12,0.28023815520667167
Uniform,929893138,13,0.2923057548613757
Uniform,929893138,14,0.30349796706525783
Uniform,929893138,15,0.3139898693084824
Uniform,929893138,16,0.3242853244899673
Uniform,929893138,17,0.33346585212877866
Uniform,929893138,18,0.342339947201
Uniform,929893138,19,0.350814594205268
Uniform,929893138,20,0.3594135672907397
Uniform,929893138,21,0.3674974313459747
Uniform,929893138,22,0.3750810938704482
Uniform,929893138,23,0.38240683620913074
Uniform,929893138,24,0.3892515321971287
Uniform,929893138,25,0.3964117202585845
Uniform,929893138,26,0.4030049792370337
Uniform,929893138,27,0.40956694247769726
Uniform,929893138,28,0.4160050133729925
Uniform,929893138,29,0.4220656651776538
Uniform,929893138,30,0.4279755408166121
Uniform,929893138,31,0.43368423333270134
Uniform,929893138,32,0.43915026026362186
Uniform,929893138,33,0.44454324115981403
Uniform,929893138,34,0.44957083664630326
Uniform,929893138,35,0.45455941086870477
Uniform,929893138,36,0.4594084366458642
Uniform,929893138,37,0.46417914850456204
Uniform,929893138,38,0.46862586110141435
Uniform,929893138,39,0.47318789569650116
Uniform,929893138,40,0.47759843841826877
Uniform,929893138,41,0.4818071428132634
Uniform,929893138,42,0.4858024395216906
Uniform,929893138,43,0.4896333855943206
Uniform,929893138,44,0.4936136191908167
Uniform,929893138,45,0.4974449388520416
Uniform,929893138,46,0.5012812416728417
Uniform,929893138,47,0.5049525112670747
Uniform,929893138,48,0.5085232837992892
Uniform,929893138,49,0.511874634834204
Uniform,929893138,50,0.5151649735538578
Uniform,929893138,51,0.5185625085396429
Uniform,929893138,52,0.521846321758168
Uniform,929893138,53,0.5250537397648914
Uniform,929893138,54,0.5281944483312967
Uniform,929893138,55,0.531284297936972
Uniform,929893138,56,0.5341551027261714
Uniform,929893138,57,0.536950953489845
Uniform,929893138,58,0.5398016611709258
Uniform,929893138,59,0.5425749449661259
Uniform,929893138,60,0.5452110094310582
Uniform,929893138,61,0.5477978064084583
Uniform,929893138,62,0.5503979785560109
Uniform,929893138,63,0.5528689633298819
Uniform,929893138,64,0.5552725684241457
Uniform,929893138,65,0.5576080287775359
Uniform,929893138,66,0.5598860742425514
Uniform,929893138,67,0.5620610322579028
Uniform,929893138,68,0.5642275800421755
Uniform,929893138,69,0.5664663890034666
Uniform,929893138,70,0.568641231994435
Uniform,929893138,71,0.570752446844614
Uniform,929893138,72,0.5728341682291812
Uniform,929893138,73,0.5747513234571934
Uniform,929893138,74,0.5766336817885807
Uniform,929893138,75,0.5784831948059217
Uniform,929893138,76,0.5803122058778042
Uniform,929893138,77,0.5821155169236775
Uniform,929893138,78,0.5837563424457892
Uniform,929893138,79,0.5855416065779
Uniform,929893138,80,0.5872449836285787
Uniform,929893138,81,0.5889047472457765
Uniform,929893138,82,0.5905885316094367
Uniform,929893138,83,0.5922216276743275
Uniform,929893138,84,0.5938493229547717
Uniform,929893138,85,0.5954273607688396
Uniform,929893138,86,0.5968808390914789
Uniform,929893138,87,0.5983539797559873
Uniform,929893138,88,0.5998356179543737
Uniform,929893138,89,0.6012745276531278
Uniform,929893138,90,0.602713644716835
Uniform,929893138,91,0.6040233379247736
Uniform,929893138,92,0.6053903406788756
Uniform,929893138,93,0.6065862133403387
Uniform,929893138,94,0.6077646802437225
Uniform,929893138,95,0.608896243631495
Uniform,929893138,96,0.6100392144516273
Uniform,929893138,97,0.611134816902335
Uniform,929893138,98,0.6122239089574206
Uniform,929893138,99,0.6133266168527692
Uniform,929893138,100,0.614308202501889
Uniform,929893138,101,0.6153858942270686
Uniform,929893138,102,0.6164943099227769
Uniform,929893138,103,0.617539224980091
Uniform,929893138,104,0.6186330670421006
Uniform,929893138,105,0.6196788882625505
Uniform,929893138,106,0.6207441828783604
Uniform,929893138,107,0.621840959075762
Uniform,929893138,108,0.6229298625298122
Uniform,929893138,109,0.623943328925001
Uniform,929893138,110,0.624970042970211
Uniform,929893138,111,0.6259359014795167
Uniform,929893138,112,0.626854153423606
Uniform,929893138,113,0.6278029604522629
Uniform,929893138,114,0.6287520602362257
Uniform,929893138,115,0.6296587370826382
Uniform,929893138,116,0.6305139555148964
Uniform,929893138,117,0.6313710590009809
Uniform,929893138,118,0.6322509886175576
Uniform,929893138,119,0.6331178932827433
Uniform,929893138,120,0.6339703495368427
Uniform,929893138,121,0.634880876139911
Uniform,929893138,122,0.6356749718885009
Uniform,929893138,123,0.6364667353331245
Uniform,929893138,124,0.6372606238202151
Uniform,929893138,125,0.6381156913777181
Uniform,929893138,126,0.638916874224573
Uniform,929893138,127,0.6398141861853365
Uniform,929893138,128,0.6406233602342373
Uniform,929893138,129,0.6414043692268042
Uniform,929893138,130,0.6421100727833999
Uniform,929893138,131,0.6428005160410449
Uniform,929893138,132,0.6436824376753855
Uniform,929893138,133,0.6444314758014169
Uniform,929893138,134,0.6452263491542373
Uniform,929893138,135,0.6459006147445405
Uniform,929893138,136,0.6465587914285856
Uniform,929893138,137,0.6472232929506982
Uniform,929893138,138,0.6479259215996904
Uniform,929893138,139,0.648592166481742
Uniform,929893138,140,0.649187725631769
Uniform,929893138,141,0.6497796005956709
Uniform,929893138,142,0.6504098472118919
Uniform,929893138,143,0.6510433148414847
Uniform,929893138,144,0.6516309620425563
Uniform,929893138,145,0.6523138565047089
Uniform,929893138,146,0.65289395206227
Uniform,929893138,147,0.6534627283874678
Uniform,929893138,148,0.6540068004365712
Uniform,929893138,149,0.6545455416261208
Uniform,929893138,150,0.6550773794531666
Uniform,929893138,151,0.6556752870767242
Uniform,929893138,152,0.6562357771895948
Uniform,929893138,153,0.6568284493435244
Uniform,929893138,154,0.6573807143238761
Uniform,929893138,155,0.6579848933352472
Uniform,929893138,156,0.6585616829089249
Uniform,929893138,157,0.6590944943575681
Uniform,929893138,158,0.6596771519571846
Uniform,929893138,159,0.660203638199244
Uniform,929893138,160,0.6608077617328519
Uniform,929893138,161,0.6614145492109961
Uniform,929893138,162,0.6619879331378506
Uniform,929893138,163,0.6625341940455103
Uniform,929893138,164,0.6630525482695848
Uniform,929893138,165,0.663660532789909
Uniform,929893138,166,0.6641822937792644
Uniform,929893138,167,0.664679959198386
Uniform,929893138,168,0.6652119289492306
Uniform,929893138,169,0.6657050640375686
Uniform,929893138,170,0.6662847491443895
Uniform,929893138,171,0.6668011926662709
Uniform,929893138,172,0.6673450669988462
Uniform,929893138,173,0.6678574184352833
Uniform,929893138,174,0.6684261240213576
Uniform,929893138,175,0.6689101310913081
Uniform,929893138,176,0.6693581086238084
Uniform,929893138,177,0.6698558091153456
Uniform,929893138,178,0.6702870729445636
Uniform,929893138,179,0.6707325138163915
Uniform,929893138,180,0.6711382568867247
Uniform,929893138,181,0.6715114539649731
Uniform,929893138,182,0.671974885160176
Uniform,929893138,183,0.6723759045342208
Uniform,929893138,184,0.6727454161845281
Uniform,929893138,185,0.6731560878315979
Uniform,929893138,186,0.6735736280640557
Uniform,929893138,187,0.6739781723360916
Uniform,929893138,188,0.6743375513783969
Uniform,929893138,189,0.6746775800591601
Uniform,929893138,190,0.6749355969051164
Uniform,929893138,191,0.6752803625141264
Uniform,929893138,192,0.6755924583018499
Uniform,929893138,193,0.6759604806459654
Uniform,929893138,194,0.6763022052733026
Uniform,929893138,195,0.6766498969924375
Uniform,929893138,196,0.6770593637505377
Uniform,929893138,197,0.6773966989520841
Uniform,929893138,198,0.6777439833648381
Uniform,929893138,199,0.6780846133108664
Uniform,929893138,200,0.6783874149945429
tt-SNE,929893138,1,0.2623205440349257
tt-SNE,929893138,2,0.30902107295777015
tt-SNE,929893138,3,0.3357540648700081
tt-SNE,929893138,4,0.3533078666778608
tt-SNE,929893138,5,0.3659054655360592
tt-SNE,929893138,6,0.37736825903226706
tt-SNE,929893138,7,0.38651546589587055
tt-SNE,929893138,8,0.3957056502392746
tt-SNE,929893138,9,0.40278360805604524
tt-SNE,929893138,10,0.4096087650071363
tt-SNE,929893138,11,0.4158531838407583
tt-SNE,929893138,12,0.42171801975764694
tt-SNE,929893138,13,0.4268743178574427
tt-SNE,929893138,14,0.4320346138623361
tt-SNE,929893138,15,0.43709736098284496
tt-SNE,929893138,16,0.44173977835614137
tt-SNE,929893138,17,0.4457273800293352
tt-SNE,929893138,18,0.44958908198770514
tt-SNE,929893138,19,0.4537777993804931
tt-SNE,929893138,20,0.4578498866593905
tt-SNE,929893138,21,0.46165009535003654
tt-SNE,929893138,22,0.46480335213439067
tt-SNE,929893138,23,0.46813321993188606
tt-SNE,929893138,24,0.47147769568745984
tt-SNE,929893138,25,0.47471916715641005
tt-SNE,929893138,26,0.4780374314628365
tt-SNE,929893138,27,0.48118608071592706
tt-SNE,929893138,28,0.48405135708888536
tt-SNE,929893138,29,0.48704616711877463
tt-SNE,929893138,30,0.4897769568745977
tt-SNE,929893138,31,0.49267416132011344
tt-SNE,929893138,32,0.4952407438502225
tt-SNE,929893138,33,0.497759901084559
tt-SNE,929893138,34,0.500053089827989
tt-SNE,929893138,35,0.5022919989925279
tt-SNE,929893138,36,0.5047703336784858
tt-SNE,929893138,37,0.5069910393980581
tt-SNE,929893138,38,0.5093356870473557
tt-SNE,929893138,39,0.5117420010376101
tt-SNE,929893138,40,0.5137803291075477
tt-SNE,929893138,41,0.5161666506262914
tt-SNE,929893138,42,0.5182404420083876
tt-SNE,929893138,43,0.5203202824045781
tt-SNE,929893138,44,0.522314171010754
tt-SNE,929893138,45,0.5243519062677824
tt-SNE,929893138,46,0.5266067537132283
tt-SNE,929893138,47,0.5284271467283059
tt-SNE,929893138,48,0.5302486497075534
tt-SNE,929893138,49,0.5321551507010327
tt-SNE,929893138,50,0.5341222399462682
tt-SNE,929893138,51,0.5360574588327481
tt-SNE,929893138,52,0.537889991798144
tt-SNE,929893138,53,0.5396771337102377
tt-SNE,929893138,54,0.5415722161587327
tt-SNE,929893138,55,0.54335488204181
tt-SNE,929893138,56,0.5450626371781186
tt-SNE,929893138,57,0.5467178356435964
tt-SNE,929893138,58,0.5483919529614758
tt-SNE,929893138,59,0.5499758804352621
tt-SNE,929893138,60,0.551548988330115
tt-SNE,929893138,61,0.5531345181682176
tt-SNE,929893138,62,0.5546932762071384
tt-SNE,929893138,63,0.5561985519587735
tt-SNE,929893138,64,0.5577164753169339
tt-SNE,929893138,65,0.5592186924820625
tt-SNE,929893138,66,0.5607071894327373
tt-SNE,929893138,67,0.5620766956920544
tt-SNE,929893138,68,0.5634867917446552
tt-SNE,929893138,69,0.5648882594216282
tt-SNE,929893138,70,0.5663090540556748
tt-SNE,929893138,71,0.5676626292892947
tt-SNE,929893138,72,0.5691301924458251
tt-SNE,929893138,73,0.5704459904106137
tt-SNE,929893138,74,0.5718118840862523
tt-SNE,929893138,75,0.5729756807432905
tt-SNE,929893138,76,0.5742723444494033
tt-SNE,929893138,77,0.5754252044655873
tt-SNE,929893138,78,0.5766254636416671
tt-SNE,929893138,79,0.5778357204116182
tt-SNE,929893138,80,0.5790498278901856
tt-SNE,929893138,81,0.580238103381976
tt-SNE,929893138,82,0.5813108809032848
tt-SNE,929893138,83,0.5824432816481271
tt-SNE,929893138,84,0.5836146859045859
tt-SNE,929893138,85,0.5846483971810537
tt-SNE,929893138,86,0.5856180431221482
tt-SNE,929893138,87,0.586641634266403
tt-SNE,929893138,88,0.5876357606795858
tt-SNE,929893138,89,0.5885853790142056
tt-SNE,929893138,90,0.5895992499930037
tt-SNE,929893138,91,0.5904898141066389
tt-SNE,929893138,92,0.5913646683920235
tt-SNE,929893138,93,0.5922757765253589
tt-SNE,929893138,94,0.5932143897023492
tt-SNE,929893138,95,0.5941363357179785
tt-SNE,929893138,96,0.5949739211653093
tt-SNE,929893138,97,0.5958552563817384
tt-SNE,929893138,98,0.5966877641829966
tt-SNE,929893138,99,0.5975081178674496
tt-SNE,929893138,100,0.5983821677441021
tt-SNE,929893138,101,0.5992472221783508
tt-SNE,929893138,102,0.6000656832290469
tt-SNE,929893138,103,0.6009163431371669
tt-SNE,929893138,104,0.6017550841820425
tt-SNE,929893138,105,0.6026270234397175
tt-SNE,929893138,106,0.6034761747108666
tt-SNE,929893138,107,0.6043910560959515
tt-SNE,929893138,108,0.6051840502243491
tt-SNE,929893138,109,0.605974047580719
tt-SNE,929893138,110,0.6067557872402134
tt-SNE,929893138,111,0.6075865975958329
tt-SNE,929893138,112,0.6084010728378331
tt-SNE,929893138,113,0.6091702991880042
tt-SNE,929893138,114,0.6099529109904305
tt-SNE,929893138,115,0.6108639073125682
tt-SNE,929893138,116,0.6116991248310023
tt-SNE,929893138,117,0.6124709113962745
tt-SNE,929893138,118,0.6132765752779442
tt-SNE,929893138,119,0.6140627017325274
tt-SNE,929893138,120,0.6149438194386142
tt-SNE,929893138,121,0.6157430696397732
tt-SNE,929893138,122,0.6165096047048396
tt-SNE,929893138,123,0.6172974629586779
tt-SNE,929893138,124,0.6180804000639148
tt-SNE,929893138,125,0.6188565191839476
tt-SNE,929893138,126,0.6197046081186791
tt-SNE,929893138,127,0.6204639792370845
tt-SNE,929893138,128,0.6211609803962723
tt-SNE,929893138,129,0.621848151568578
tt-SNE,929893138,130,0.6225906240514586
tt-SNE,929893138,131,0.6233111864650099
tt-SNE,929893138,132,0.6241051052884651
tt-SNE,929893138,133,0.6247718826913644
tt-SNE,929893138,134,0.6254741321517674
tt-SNE,929893138,135,0.6261323955136398
tt-SNE,929893138,136,0.6267800525465833
tt-SNE,929893138,137,0.6273698421443222
tt-SNE,929893138,138,0.6279985374620222
tt-SNE,929893138,139,0.62860369080271
tt-SNE,929893138,140,0.6291492258056779
tt-SNE,929893138,141,0.6297370390681242
tt-SNE,929893138,142,0.6302796208026431
tt-SNE,929893138,143,0.6307967072806296
tt-SNE,929893138,144,0.6313176895306859
tt-SNE,929893138,145,0.6318569621242607
tt-SNE,929893138,146,0.6323687209819863
tt-SNE,929893138,147,0.632830396872039
tt-SNE,929893138,148,0.6333323500647824
tt-SNE,929893138,149,0.6338779955813221
tt-SNE,929893138,150,0.6343978955027566
tt-SNE,929893138,151,0.6349353733345713
tt-SNE,929893138,152,0.6354721310243958
tt-SNE,929893138,153,0.636016962405817
tt-SNE,929893138,154,0.6365408162486493
tt-SNE,929893138,155,0.6370849932699781
tt-SNE,929893138,156,0.6375829065569641
tt-SNE,929893138,157,0.6381493422287485
tt-SNE,929893138,158,0.6387043568916724
tt-SNE,929893138,159,0.6392109402597567
tt-SNE,929893138,160,0.639812725631769
tt-SNE,929893138,161,0.6403577568832193
tt-SNE,929893138,162,0.6408859535381237
tt-SNE,929893138,163,0.6414164254004522
tt-SNE,929893138,164,0.6419470831430671
tt-SNE,929893138,165,0.6424766513256144
tt-SNE,929893138,166,0.6430023679640062
tt-SNE,929893138,167,0.6435436573750325
tt-SNE,929893138,168,0.6440952440920957
tt-SNE,929893138,169,0.6445878927489334
tt-SNE,929893138,170,0.6451606769817322
tt-SNE,929893138,171,0.6457189064509145
tt-SNE,929893138,172,0.6462799190898387
tt-SNE,929893138,173,0.6467570415067821
tt-SNE,929893138,174,0.6472959893153919
tt-SNE,929893138,175,0.6477743262530434
tt-SNE,929893138,176,0.6482677395226719
tt-SNE,929893138,177,0.648726880673849
tt-SNE,929893138,178,0.6492197751299666
tt-SNE,929893138,179,0.6496307108259629
tt-SNE,929893138,180,0.650006296700529
tt-SNE,929893138,181,0.6504262042932597
tt-SNE,929893138,182,0.6508564896609561
tt-SNE,929893138,183,0.6512751908164057
tt-SNE,929893138,184,0.6516491879994013
tt-SNE,929893138,185,0.6520357062628912
tt-SNE,929893138,186,0.6524519216446711
tt-SNE,929893138,187,0.6528659303380643
tt-SNE,929893138,188,0.6532127909656191
tt-SNE,929893138,189,0.6535999580664176
tt-SNE,929893138,190,0.6539013030856042
tt-SNE,929893138,191,0.6542577343922047
tt-SNE,929893138,192,0.6546012701844234
tt-SNE,929893138,193,0.6549308058950167
tt-SNE,929893138,194,0.6552703599808546
tt-SNE,929893138,195,0.6556171950513315
tt-SNE,929893138,196,0.6560080375026344
tt-SNE,929893138,197,0.6564136636057529
tt-SNE,929893138,198,0.6567905993017235
tt-SNE,929893138,199,0.6571563636332952
tt-SNE,929893138,200,0.6575470153639493
